{"type": "FeatureCollection", "features": [{"type": "Feature", "geometry": {"type": "Point", "coordinates": [-78.826, 40.305]}, "properties": {"name": "Hillclay Junction Tap Point", "v": 115000}}, {"type": "Feature", "geometry": {"type": "Point", "coordinates": [-79.142, 41.824]}, "properties": {"name": "Elm Street Tap Point", "v": 115000}}, {"type": "Feature", "geometry": {"type": "Point", "coordinates": [-72.719, 45.294]}, "properties": {"name": "", "v": 120000}}, {"type": "Feature", "geometry": {"type": "Point", "coordinates": [-122.381, 40.575]}, "properties": {"name": "", "v": 150000}}, {"type": "Feature", "geometry": {"type": "Point", "coordinates": [-122.38, 40.575]}, "properties": {"name": "", "v": 500000}}, {"type": "Feature", "geometry": {"type": "Point", "coordinates": [-122.38, 40.576]}, "properties": {"name": "", "v": 225000}}, {"type": "Feature", "geometry": {"type": "Point", "coordinates": [-122.378, 40.574]}, "properties": {"name": "", "v": 112000}}, {"type": "Feature", "geometry": {"type": "Point", "coordinates": [-122.374, 40.577]}, "properties": {"name": "", "v": 500000}}, {"type": "Feature", "geometry": {"type": "Point", "coordinates": [-122.373, 40.574]}, "properties": {"name": "", "v": 225000}}, {"type": "Feature", "geometry": {"type": "Point", "coordinates": [-122.373, 40.574]}, "properties": {"name": "", "v": 150000}}, {"type": "Feature", "geometry": {"type": "Point", "coordinates": [-122.373, 40.574]}, "properties": {"name": "", "v": 300000}}, {"type": "Feature", "geometry": {"type": "Point", "coordinates": [-122.373, 40.575]}, "properties": {"name": "", "v": 225000}}, {"type": "Feature", "geometry": {"type": "Point", "coordinates": [-122.372, 40.577]}, "properties": {"name": "", "v": 225000}}, {"type": "Feature", "geometry": {"type": "Point", "coordinates": [-122.371, 40.576]}, "properties": {"name": "", "v": 150000}}, {"type": "Feature", "geometry": {"type": "Point", "coordinates": [-122.35, 40.571]}, "properties": {"name": "", "v": 300000}}, {"type": "Feature", "geometry": {"type": "Point", "coordinates": [-122.351, 40.571]}, "properties": {"name": "", "v": 150000}}, {"type": "Feature", "geometry": {"type": "Point", "coordinates": [-122.358, 40.572]}, "properties": {"name": "", "v": 150000}}, {"type": "Feature", "geometry": {"type": "Point", "coordinates": [-122.351, 40.573]}, "properties": {"name": "", "v": 500000}}, {"type": "Feature", "geometry": {"type": "Point", "coordinates": [-122.351, 40.573]}, "properties": {"name": "", "v": 500000}}, {"type": "Feature", "geometry": {"type": "Point", "coordinates": [-122.355, 40.578]}, "properties": {"name": "", "v": 150000}}, {"type": "Feature", "geometry": {"type": "Point", "coordinates": [-122.358, 40.578]}, "properties": {"name": "", "v": 150000}}, {"type": "Feature", "geometry": {"type": "Point", "coordinates": [-122.357, 40.578]}, "properties": {"name": "", "v": 150000}}, {"type": "Feature", "geometry": {"type": "Point", "coordinates": [-122.358, 40.58]}, "properties": {"name": "", "v": 150000}}, {"type": "Feature", "geometry": {"type": "Point", "coordinates": [-122.357, 40.581]}, "properties": {"name": "", "v": 300000}}, {"type": "Feature", "geometry": {"type": "Point", "coordinates": [-122.358, 40.581]}, "properties": {"name": "", "v": 150000}}, {"type": "Feature", "geometry": {"type": "Point", "coordinates": [-122.352, 40.593]}, "properties": {"name": "", "v": 112500}}, {"type": "Feature", "geometry": {"type": "Point", "coordinates": [-122.355, 40.593]}, "properties": {"name": "", "v": 112500}}, {"type": "Feature", "geometry": {"type": "Point", "coordinates": [-122.401, 40.586]}, "properties": {"name": "", "v": 225000}}, {"type": "Feature", "geometry": {"type": "Point", "coordinates": [-122.387, 40.579]}, "properties": {"name": "", "v": 500000}}, {"type": "Feature", "geometry": {"type": "Point", "coordinates": [-122.386, 40.578]}, "properties": {"name": "", "v": 150000}}, {"type": "Feature", "geometry": {"type": "Point", "coordinates": [-122.385, 40.584]}, "properties": {"name": "", "v": 225000}}, {"type": "Feature", "geometry": {"type": "Point", "coordinates": [-122.359, 40.591]}, "properties": {"name": "", "v": 112500}}, {"type": "Feature", "geometry": {"type": "Point", "coordinates": [-122.354, 40.586]}, "properties": {"name": "", "v": 225000}}, {"type": "Feature", "geometry": {"type": "Point", "coordinates": [-122.349, 40.586]}, "properties": {"name": "", "v": 300000}}, {"type": "Feature", "geometry": {"type": "Point", "coordinates": [-122.385, 40.6]}, "properties": {"name": "", "v": 250000}}, {"type": "Feature", "geometry": {"type": "Point", "coordinates": [-122.379, 40.609]}, "properties": {"name": "", "v": 300000}}, {"type": "Feature", "geometry": {"type": "Point", "coordinates": [-94.189, 42.675]}, "properties": {"name": "Hope Substation", "v": 161000}}, {"type": "Feature", "geometry": {"type": "Point", "coordinates": [-123.114, 49.283]}, "properties": {"name": "Cathedral Square Substation", "v": 230000}}, {"type": "Feature", "geometry": {"type": "Point", "coordinates": [-103.124, 48.504]}, "properties": {"name": "", "v": 115000}}, {"type": "Feature", "geometry": {"type": "Point", "coordinates": [-92.856, 45.393]}, "properties": {"name": "", "v": 115000}}, {"type": "Feature", "geometry": {"type": "Point", "coordinates": [-93.271, 44.979]}, "properties": {"name": "5th Street Substation", "v": 115000}}, {"type": "Feature", "geometry": {"type": "Point", "coordinates": [-90.539, 33.752]}, "properties": {"name": "", "v": 115000}}, {"type": "Feature", "geometry": {"type": "Point", "coordinates": [-104.492, 38.277]}, "properties": {"name": "Pueblo Industrial Park Substation", "v": 115000}}, {"type": "Feature", "geometry": {"type": "Point", "coordinates": [-82.483, 42.656]}, "properties": {"name": "", "v": 0}}, {"type": "Feature", "geometry": {"type": "Point", "coordinates": [-82.981, 42.261]}, "properties": {"name": "", "v": 0}}, {"type": "Feature", "geometry": {"type": "Point", "coordinates": [-83.353, 39.325]}, "properties": {"name": "Ross County Solar Substation", "v": 0}}, {"type": "Feature", "geometry": {"type": "Point", "coordinates": [-83.034, 42.19]}, "properties": {"name": "", "v": 0}}, {"type": "Feature", "geometry": {"type": "Point", "coordinates": [-82.744, 28.141]}, "properties": {"name": "Duke Energy", "v": 0}}, {"type": "Feature", "geometry": {"type": "Point", "coordinates": [-82.378, 42.959]}, "properties": {"name": "", "v": 0}}, {"type": "Feature", "geometry": {"type": "Point", "coordinates": [-82.363, 42.953]}, "properties": {"name": "", "v": 0}}, {"type": "Feature", "geometry": {"type": "Point", "coordinates": [-82.32, 42.471]}, "properties": {"name": "", "v": 0}}, {"type": "Feature", "geometry": {"type": "Point", "coordinates": [-82.713, 42.285]}, "properties": {"name": "", "v": 0}}, {"type": "Feature", "geometry": {"type": "Point", "coordinates": [-82.94, 42.328]}, "properties": {"name": "", "v": 0}}, {"type": "Feature", "geometry": {"type": "Point", "coordinates": [-83.084, 42.216]}, "properties": {"name": "", "v": 0}}, {"type": "Feature", "geometry": {"type": "Point", "coordinates": [-83.062, 42.194]}, "properties": {"name": "", "v": 0}}, {"type": "Feature", "geometry": {"type": "Point", "coordinates": [-82.565, 42.066]}, "properties": {"name": "", "v": 0}}, {"type": "Feature", "geometry": {"type": "Point", "coordinates": [-82.594, 42.033]}, "properties": {"name": "", "v": 0}}, {"type": "Feature", "geometry": {"type": "Point", "coordinates": [-82.594, 41.398]}, "properties": {"name": "BGSU Substation", "v": 0}}, {"type": "Feature", "geometry": {"type": "Point", "coordinates": [-83.07, 42.141]}, "properties": {"name": "", "v": 0}}, {"type": "Feature", "geometry": {"type": "Point", "coordinates": [-82.947, 42.243]}, "properties": {"name": "", "v": 0}}, {"type": "Feature", "geometry": {"type": "Point", "coordinates": [-82.589, 42.033]}, "properties": {"name": "", "v": 0}}, {"type": "Feature", "geometry": {"type": "Point", "coordinates": [-82.696, 28.144]}, "properties": {"name": "Booker Creek Substation", "v": 0}}, {"type": "Feature", "geometry": {"type": "Point", "coordinates": [-80.712, 38.053]}, "properties": {"name": "", "v": 0}}, {"type": "Feature", "geometry": {"type": "Point", "coordinates": [-78.754, 39.349]}, "properties": {"name": "Potomac Power Substation", "v": 0}}, {"type": "Feature", "geometry": {"type": "Point", "coordinates": [-79.874, 40.302]}, "properties": {"name": "Control Room 1 EDC", "v": 0}}, {"type": "Feature", "geometry": {"type": "Point", "coordinates": [-79.876, 40.305]}, "properties": {"name": "1 EDC", "v": 0}}, {"type": "Feature", "geometry": {"type": "Point", "coordinates": [-79.879, 40.307]}, "properties": {"name": "Control Room 2 EDC", "v": 0}}, {"type": "Feature", "geometry": {"type": "Point", "coordinates": [-79.876, 40.307]}, "properties": {"name": "", "v": 0}}, {"type": "Feature", "geometry": {"type": "Point", "coordinates": [-78.769, 41.116]}, "properties": {"name": "", "v": 0}}, {"type": "Feature", "geometry": {"type": "Point", "coordinates": [-80.422, 42.665]}, "properties": {"name": "", "v": 0}}, {"type": "Feature", "geometry": {"type": "Point", "coordinates": [-80.658, 42.712]}, "properties": {"name": "", "v": 0}}, {"type": "Feature", "geometry": {"type": "Point", "coordinates": [-80.677, 42.736]}, "properties": {"name": "", "v": 0}}, {"type": "Feature", "geometry": {"type": "Point", "coordinates": [-80.321, 42.766]}, "properties": {"name": "", "v": 0}}, {"type": "Feature", "geometry": {"type": "Point", "coordinates": [-80.193, 42.789]}, "properties": {"name": "", "v": 0}}, {"type": "Feature", "geometry": {"type": "Point", "coordinates": [-80.217, 42.796]}, "properties": {"name": "", "v": 0}}, {"type": "Feature", "geometry": {"type": "Point", "coordinates": [-80.425, 42.812]}, "properties": {"name": "", "v": 0}}, {"type": "Feature", "geometry": {"type": "Point", "coordinates": [-80.715, 42.823]}, "properties": {"name": "", "v": 0}}, {"type": "Feature", "geometry": {"type": "Point", "coordinates": [-80.445, 42.835]}, "properties": {"name": "", "v": 0}}, {"type": "Feature", "geometry": {"type": "Point", "coordinates": [-80.498, 42.841]}, "properties": {"name": "", "v": 0}}, {"type": "Feature", "geometry": {"type": "Point", "coordinates": [-80.498, 42.847]}, "properties": {"name": "", "v": 0}}, {"type": "Feature", "geometry": {"type": "Point", "coordinates": [-80.722, 42.859]}, "properties": {"name": "", "v": 0}}, {"type": "Feature", "geometry": {"type": "Point", "coordinates": [-79.049, 42.882]}, "properties": {"name": "", "v": 0}}, {"type": "Feature", "geometry": {"type": "Point", "coordinates": [-80.095, 42.891]}, "properties": {"name": "", "v": 0}}, {"type": "Feature", "geometry": {"type": "Point", "coordinates": [-79.294, 42.892]}, "properties": {"name": "", "v": 0}}, {"type": "Feature", "geometry": {"type": "Point", "coordinates": [-79.244, 42.892]}, "properties": {"name": "", "v": 0}}, {"type": "Feature", "geometry": {"type": "Point", "coordinates": [-79.132, 42.893]}, "properties": {"name": "", "v": 0}}, {"type": "Feature", "geometry": {"type": "Point", "coordinates": [-77.578, 39.769]}, "properties": {"name": "West Penn Power", "v": 0}}, {"type": "Feature", "geometry": {"type": "Point", "coordinates": [-77.649, 39.943]}, "properties": {"name": "", "v": 0}}, {"type": "Feature", "geometry": {"type": "Point", "coordinates": [-76.782, 39.438]}, "properties": {"name": "", "v": 0}}, {"type": "Feature", "geometry": {"type": "Point", "coordinates": [-76.652, 39.376]}, "properties": {"name": "", "v": 0}}, {"type": "Feature", "geometry": {"type": "Point", "coordinates": [-76.782, 39.231]}, "properties": {"name": "", "v": 0}}, {"type": "Feature", "geometry": {"type": "Point", "coordinates": [-76.782, 39.231]}, "properties": {"name": "", "v": 0}}, {"type": "Feature", "geometry": {"type": "Point", "coordinates": [-76.661, 39.484]}, "properties": {"name": "Gilroy", "v": 0}}, {"type": "Feature", "geometry": {"type": "Point", "coordinates": [-76.651, 39.376]}, "properties": {"name": "", "v": 0}}, {"type": "Feature", "geometry": {"type": "Point", "coordinates": [-80.569, 41.145]}, "properties": {"name": "", "v": 0}}, {"type": "Feature", "geometry": {"type": "Point", "coordinates": [-79.607, 40.339]}, "properties": {"name": "", "v": 0}}, {"type": "Feature", "geometry": {"type": "Point", "coordinates": [-81.98, 42.283]}, "properties": {"name": "", "v": 0}}, {"type": "Feature", "geometry": {"type": "Point", "coordinates": [-82.997, 42.311]}, "properties": {"name": "", "v": 0}}, {"type": "Feature", "geometry": {"type": "Point", "coordinates": [-82.002, 42.338]}, "properties": {"name": "", "v": 0}}, {"type": "Feature", "geometry": {"type": "Point", "coordinates": [-81.833, 42.358]}, "properties": {"name": "", "v": 0}}, {"type": "Feature", "geometry": {"type": "Point", "coordinates": [-82.197, 42.393]}, "properties": {"name": "", "v": 0}}, {"type": "Feature", "geometry": {"type": "Point", "coordinates": [-82.139, 42.415]}, "properties": {"name": "", "v": 0}}, {"type": "Feature", "geometry": {"type": "Point", "coordinates": [-82.214, 42.427]}, "properties": {"name": "", "v": 0}}, {"type": "Feature", "geometry": {"type": "Point", "coordinates": [-81.946, 42.431]}, "properties": {"name": "", "v": 0}}, {"type": "Feature", "geometry": {"type": "Point", "coordinates": [-81.881, 42.432]}, "properties": {"name": "", "v": 0}}, {"type": "Feature", "geometry": {"type": "Point", "coordinates": [-81.895, 42.449]}, "properties": {"name": "", "v": 0}}, {"type": "Feature", "geometry": {"type": "Point", "coordinates": [-81.807, 42.494]}, "properties": {"name": "", "v": 0}}, {"type": "Feature", "geometry": {"type": "Point", "coordinates": [-82.0, 42.505]}, "properties": {"name": "", "v": 0}}, {"type": "Feature", "geometry": {"type": "Point", "coordinates": [-81.714, 42.546]}, "properties": {"name": "", "v": 0}}, {"type": "Feature", "geometry": {"type": "Point", "coordinates": [-81.971, 42.554]}, "properties": {"name": "", "v": 0}}, {"type": "Feature", "geometry": {"type": "Point", "coordinates": [-82.011, 42.575]}, "properties": {"name": "", "v": 0}}, {"type": "Feature", "geometry": {"type": "Point", "coordinates": [-82.182, 42.596]}, "properties": {"name": "", "v": 0}}, {"type": "Feature", "geometry": {"type": "Point", "coordinates": [-81.615, 42.598]}, "properties": {"name": "", "v": 0}}, {"type": "Feature", "geometry": {"type": "Point", "coordinates": [-81.872, 42.628]}, "properties": {"name": "", "v": 0}}, {"type": "Feature", "geometry": {"type": "Point", "coordinates": [-81.724, 42.662]}, "properties": {"name": "", "v": 0}}, {"type": "Feature", "geometry": {"type": "Point", "coordinates": [-81.717, 42.74]}, "properties": {"name": "", "v": 0}}, {"type": "Feature", "geometry": {"type": "Point", "coordinates": [-81.712, 42.747]}, "properties": {"name": "", "v": 0}}, {"type": "Feature", "geometry": {"type": "Point", "coordinates": [-81.642, 42.79]}, "properties": {"name": "", "v": 0}}, {"type": "Feature", "geometry": {"type": "Point", "coordinates": [-81.867, 42.822]}, "properties": {"name": "", "v": 0}}, {"type": "Feature", "geometry": {"type": "Point", "coordinates": [-82.452, 42.885]}, "properties": {"name": "", "v": 0}}, {"type": "Feature", "geometry": {"type": "Point", "coordinates": [-82.149, 42.886]}, "properties": {"name": "", "v": 0}}, {"type": "Feature", "geometry": {"type": "Point", "coordinates": [-82.153, 42.907]}, "properties": {"name": "", "v": 0}}, {"type": "Feature", "geometry": {"type": "Point", "coordinates": [-82.117, 42.931]}, "properties": {"name": "", "v": 0}}, {"type": "Feature", "geometry": {"type": "Point", "coordinates": [-81.614, 42.955]}, "properties": {"name": "", "v": 0}}, {"type": "Feature", "geometry": {"type": "Point", "coordinates": [-81.633, 42.96]}, "properties": {"name": "", "v": 0}}, {"type": "Feature", "geometry": {"type": "Point", "coordinates": [-81.631, 42.987]}, "properties": {"name": "", "v": 0}}, {"type": "Feature", "geometry": {"type": "Point", "coordinates": [-81.613, 43.255]}, "properties": {"name": "", "v": 0}}, {"type": "Feature", "geometry": {"type": "Point", "coordinates": [-81.691, 43.776]}, "properties": {"name": "", "v": 0}}, {"type": "Feature", "geometry": {"type": "Point", "coordinates": [-81.66, 43.851]}, "properties": {"name": "", "v": 0}}, {"type": "Feature", "geometry": {"type": "Point", "coordinates": [-81.518, 44.036]}, "properties": {"name": "", "v": 0}}, {"type": "Feature", "geometry": {"type": "Point", "coordinates": [-81.693, 44.073]}, "properties": {"name": "", "v": 0}}, {"type": "Feature", "geometry": {"type": "Point", "coordinates": [-81.501, 42.904]}, "properties": {"name": "", "v": 0}}, {"type": "Feature", "geometry": {"type": "Point", "coordinates": [-81.422, 42.909]}, "properties": {"name": "", "v": 0}}, {"type": "Feature", "geometry": {"type": "Point", "coordinates": [-81.379, 42.915]}, "properties": {"name": "", "v": 0}}, {"type": "Feature", "geometry": {"type": "Point", "coordinates": [-81.327, 42.953]}, "properties": {"name": "", "v": 0}}, {"type": "Feature", "geometry": {"type": "Point", "coordinates": [-81.232, 43.049]}, "properties": {"name": "", "v": 0}}, {"type": "Feature", "geometry": {"type": "Point", "coordinates": [-81.231, 42.977]}, "properties": {"name": "", "v": 0}}, {"type": "Feature", "geometry": {"type": "Point", "coordinates": [-81.191, 43.031]}, "properties": {"name": "", "v": 0}}, {"type": "Feature", "geometry": {"type": "Point", "coordinates": [-81.184, 43.023]}, "properties": {"name": "", "v": 0}}, {"type": "Feature", "geometry": {"type": "Point", "coordinates": [-81.178, 43.022]}, "properties": {"name": "", "v": 0}}, {"type": "Feature", "geometry": {"type": "Point", "coordinates": [-81.108, 43.114]}, "properties": {"name": "", "v": 0}}, {"type": "Feature", "geometry": {"type": "Point", "coordinates": [-81.012, 43.114]}, "properties": {"name": "", "v": 0}}, {"type": "Feature", "geometry": {"type": "Point", "coordinates": [-80.995, 43.058]}, "properties": {"name": "", "v": 0}}, {"type": "Feature", "geometry": {"type": "Point", "coordinates": [-80.96, 43.733]}, "properties": {"name": "", "v": 0}}, {"type": "Feature", "geometry": {"type": "Point", "coordinates": [-80.956, 43.732]}, "properties": {"name": "", "v": 0}}, {"type": "Feature", "geometry": {"type": "Point", "coordinates": [-80.952, 43.723]}, "properties": {"name": "", "v": 0}}, {"type": "Feature", "geometry": {"type": "Point", "coordinates": [-80.939, 42.935]}, "properties": {"name": "", "v": 0}}, {"type": "Feature", "geometry": {"type": "Point", "coordinates": [-80.927, 43.2]}, "properties": {"name": "", "v": 0}}, {"type": "Feature", "geometry": {"type": "Point", "coordinates": [-80.876, 43.051]}, "properties": {"name": "", "v": 0}}, {"type": "Feature", "geometry": {"type": "Point", "coordinates": [-80.788, 43.183]}, "properties": {"name": "", "v": 0}}, {"type": "Feature", "geometry": {"type": "Point", "coordinates": [-80.761, 42.911]}, "properties": {"name": "", "v": 0}}, {"type": "Feature", "geometry": {"type": "Point", "coordinates": [-80.942, 43.741]}, "properties": {"name": "", "v": 0}}, {"type": "Feature", "geometry": {"type": "Point", "coordinates": [-81.285, 44.002]}, "properties": {"name": "", "v": 0}}, {"type": "Feature", "geometry": {"type": "Point", "coordinates": [-81.032, 44.157]}, "properties": {"name": "", "v": 0}}, {"type": "Feature", "geometry": {"type": "Point", "coordinates": [-80.793, 44.068]}, "properties": {"name": "", "v": 0}}, {"type": "Feature", "geometry": {"type": "Point", "coordinates": [-80.858, 44.195]}, "properties": {"name": "", "v": 0}}, {"type": "Feature", "geometry": {"type": "Point", "coordinates": [-81.245, 44.532]}, "properties": {"name": "", "v": 0}}, {"type": "Feature", "geometry": {"type": "Point", "coordinates": [-81.264, 44.628]}, "properties": {"name": "", "v": 0}}, {"type": "Feature", "geometry": {"type": "Point", "coordinates": [-81.191, 43.027]}, "properties": {"name": "London Hydro Substation 83", "v": 0}}, {"type": "Feature", "geometry": {"type": "Point", "coordinates": [-80.601, 43.002]}, "properties": {"name": "", "v": 0}}, {"type": "Feature", "geometry": {"type": "Point", "coordinates": [-80.593, 42.928]}, "properties": {"name": "", "v": 0}}, {"type": "Feature", "geometry": {"type": "Point", "coordinates": [-80.554, 43.249]}, "properties": {"name": "", "v": 0}}, {"type": "Feature", "geometry": {"type": "Point", "coordinates": [-80.425, 43.222]}, "properties": {"name": "", "v": 0}}, {"type": "Feature", "geometry": {"type": "Point", "coordinates": [-80.39, 43.184]}, "properties": {"name": "", "v": 0}}, {"type": "Feature", "geometry": {"type": "Point", "coordinates": [-80.35, 43.174]}, "properties": {"name": "", "v": 0}}, {"type": "Feature", "geometry": {"type": "Point", "coordinates": [-80.337, 43.127]}, "properties": {"name": "", "v": 0}}, {"type": "Feature", "geometry": {"type": "Point", "coordinates": [-80.324, 43.007]}, "properties": {"name": "", "v": 0}}, {"type": "Feature", "geometry": {"type": "Point", "coordinates": [-80.298, 43.131]}, "properties": {"name": "", "v": 0}}, {"type": "Feature", "geometry": {"type": "Point", "coordinates": [-80.29, 42.924]}, "properties": {"name": "", "v": 0}}, {"type": "Feature", "geometry": {"type": "Point", "coordinates": [-80.281, 43.141]}, "properties": {"name": "", "v": 0}}, {"type": "Feature", "geometry": {"type": "Point", "coordinates": [-80.268, 43.189]}, "properties": {"name": "", "v": 0}}, {"type": "Feature", "geometry": {"type": "Point", "coordinates": [-80.26, 43.15]}, "properties": {"name": "", "v": 0}}, {"type": "Feature", "geometry": {"type": "Point", "coordinates": [-80.259, 43.136]}, "properties": {"name": "", "v": 0}}, {"type": "Feature", "geometry": {"type": "Point", "coordinates": [-80.247, 43.16]}, "properties": {"name": "", "v": 0}}, {"type": "Feature", "geometry": {"type": "Point", "coordinates": [-80.245, 43.162]}, "properties": {"name": "", "v": 0}}, {"type": "Feature", "geometry": {"type": "Point", "coordinates": [-80.24, 43.131]}, "properties": {"name": "", "v": 0}}, {"type": "Feature", "geometry": {"type": "Point", "coordinates": [-80.227, 43.157]}, "properties": {"name": "", "v": 0}}, {"type": "Feature", "geometry": {"type": "Point", "coordinates": [-80.129, 42.928]}, "properties": {"name": "", "v": 0}}, {"type": "Feature", "geometry": {"type": "Point", "coordinates": [-80.101, 42.911]}, "properties": {"name": "", "v": 0}}, {"type": "Feature", "geometry": {"type": "Point", "coordinates": [-80.042, 42.958]}, "properties": {"name": "", "v": 0}}, {"type": "Feature", "geometry": {"type": "Point", "coordinates": [-80.014, 43.202]}, "properties": {"name": "", "v": 0}}, {"type": "Feature", "geometry": {"type": "Point", "coordinates": [-79.981, 43.196]}, "properties": {"name": "", "v": 0}}, {"type": "Feature", "geometry": {"type": "Point", "coordinates": [-79.947, 43.29]}, "properties": {"name": "", "v": 0}}, {"type": "Feature", "geometry": {"type": "Point", "coordinates": [-79.944, 43.264]}, "properties": {"name": "", "v": 0}}, {"type": "Feature", "geometry": {"type": "Point", "coordinates": [-79.929, 43.253]}, "properties": {"name": "", "v": 0}}, {"type": "Feature", "geometry": {"type": "Point", "coordinates": [-79.927, 43.289]}, "properties": {"name": "", "v": 0}}, {"type": "Feature", "geometry": {"type": "Point", "coordinates": [-79.912, 42.939]}, "properties": {"name": "", "v": 0}}, {"type": "Feature", "geometry": {"type": "Point", "coordinates": [-79.893, 43.298]}, "properties": {"name": "", "v": 0}}, {"type": "Feature", "geometry": {"type": "Point", "coordinates": [-79.87, 42.948]}, "properties": {"name": "", "v": 0}}, {"type": "Feature", "geometry": {"type": "Point", "coordinates": [-79.84, 43.312]}, "properties": {"name": "", "v": 0}}, {"type": "Feature", "geometry": {"type": "Point", "coordinates": [-79.803, 43.321]}, "properties": {"name": "", "v": 0}}, {"type": "Feature", "geometry": {"type": "Point", "coordinates": [-79.772, 42.978]}, "properties": {"name": "", "v": 0}}, {"type": "Feature", "geometry": {"type": "Point", "coordinates": [-79.752, 43.235]}, "properties": {"name": "", "v": 0}}, {"type": "Feature", "geometry": {"type": "Point", "coordinates": [-79.731, 43.106]}, "properties": {"name": "", "v": 0}}, {"type": "Feature", "geometry": {"type": "Point", "coordinates": [-79.688, 43.224]}, "properties": {"name": "", "v": 0}}, {"type": "Feature", "geometry": {"type": "Point", "coordinates": [-79.663, 43.179]}, "properties": {"name": "", "v": 0}}, {"type": "Feature", "geometry": {"type": "Point", "coordinates": [-79.605, 43.206]}, "properties": {"name": "", "v": 0}}, {"type": "Feature", "geometry": {"type": "Point", "coordinates": [-79.554, 43.043]}, "properties": {"name": "", "v": 0}}, {"type": "Feature", "geometry": {"type": "Point", "coordinates": [-79.508, 43.186]}, "properties": {"name": "", "v": 0}}, {"type": "Feature", "geometry": {"type": "Point", "coordinates": [-79.379, 42.922]}, "properties": {"name": "", "v": 0}}, {"type": "Feature", "geometry": {"type": "Point", "coordinates": [-79.286, 43.05]}, "properties": {"name": "", "v": 0}}, {"type": "Feature", "geometry": {"type": "Point", "coordinates": [-79.26, 43.014]}, "properties": {"name": "", "v": 0}}, {"type": "Feature", "geometry": {"type": "Point", "coordinates": [-79.26, 43.052]}, "properties": {"name": "", "v": 0}}, {"type": "Feature", "geometry": {"type": "Point", "coordinates": [-79.247, 42.968]}, "properties": {"name": "", "v": 0}}, {"type": "Feature", "geometry": {"type": "Point", "coordinates": [-79.237, 42.975]}, "properties": {"name": "", "v": 0}}, {"type": "Feature", "geometry": {"type": "Point", "coordinates": [-79.215, 42.969]}, "properties": {"name": "", "v": 0}}, {"type": "Feature", "geometry": {"type": "Point", "coordinates": [-79.214, 43.039]}, "properties": {"name": "", "v": 0}}, {"type": "Feature", "geometry": {"type": "Point", "coordinates": [-79.195, 42.998]}, "properties": {"name": "", "v": 0}}, {"type": "Feature", "geometry": {"type": "Point", "coordinates": [-79.055, 42.948]}, "properties": {"name": "", "v": 0}}, {"type": "Feature", "geometry": {"type": "Point", "coordinates": [-79.049, 42.948]}, "properties": {"name": "", "v": 0}}, {"type": "Feature", "geometry": {"type": "Point", "coordinates": [-79.048, 42.947]}, "properties": {"name": "", "v": 0}}, {"type": "Feature", "geometry": {"type": "Point", "coordinates": [-79.019, 42.975]}, "properties": {"name": "", "v": 0}}, {"type": "Feature", "geometry": {"type": "Point", "coordinates": [-75.26, 40.668]}, "properties": {"name": "", "v": 0}}, {"type": "Feature", "geometry": {"type": "Point", "coordinates": [-75.386, 40.711]}, "properties": {"name": "", "v": 0}}, {"type": "Feature", "geometry": {"type": "Point", "coordinates": [-75.16, 39.967]}, "properties": {"name": "", "v": 0}}, {"type": "Feature", "geometry": {"type": "Point", "coordinates": [-77.693, 43.12]}, "properties": {"name": "", "v": 0}}, {"type": "Feature", "geometry": {"type": "Point", "coordinates": [-80.551, 43.477]}, "properties": {"name": "", "v": 0}}, {"type": "Feature", "geometry": {"type": "Point", "coordinates": [-80.549, 43.477]}, "properties": {"name": "", "v": 0}}, {"type": "Feature", "geometry": {"type": "Point", "coordinates": [-80.549, 43.477]}, "properties": {"name": "", "v": 0}}, {"type": "Feature", "geometry": {"type": "Point", "coordinates": [-80.549, 43.478]}, "properties": {"name": "", "v": 0}}, {"type": "Feature", "geometry": {"type": "Point", "coordinates": [-80.548, 43.36]}, "properties": {"name": "", "v": 0}}, {"type": "Feature", "geometry": {"type": "Point", "coordinates": [-80.545, 43.473]}, "properties": {"name": "", "v": 0}}, {"type": "Feature", "geometry": {"type": "Point", "coordinates": [-80.544, 43.476]}, "properties": {"name": "", "v": 0}}, {"type": "Feature", "geometry": {"type": "Point", "coordinates": [-80.544, 43.476]}, "properties": {"name": "", "v": 0}}, {"type": "Feature", "geometry": {"type": "Point", "coordinates": [-80.543, 43.476]}, "properties": {"name": "", "v": 0}}, {"type": "Feature", "geometry": {"type": "Point", "coordinates": [-80.533, 43.5]}, "properties": {"name": "", "v": 0}}, {"type": "Feature", "geometry": {"type": "Point", "coordinates": [-80.53, 43.499]}, "properties": {"name": "", "v": 0}}, {"type": "Feature", "geometry": {"type": "Point", "coordinates": [-80.523, 43.465]}, "properties": {"name": "", "v": 0}}, {"type": "Feature", "geometry": {"type": "Point", "coordinates": [-80.52, 43.459]}, "properties": {"name": "", "v": 0}}, {"type": "Feature", "geometry": {"type": "Point", "coordinates": [-80.514, 43.516]}, "properties": {"name": "SV 23", "v": 0}}, {"type": "Feature", "geometry": {"type": "Point", "coordinates": [-80.514, 43.516]}, "properties": {"name": "SV 25", "v": 0}}, {"type": "Feature", "geometry": {"type": "Point", "coordinates": [-80.513, 43.516]}, "properties": {"name": "SV 24", "v": 0}}, {"type": "Feature", "geometry": {"type": "Point", "coordinates": [-80.471, 43.305]}, "properties": {"name": "", "v": 0}}, {"type": "Feature", "geometry": {"type": "Point", "coordinates": [-80.554, 43.594]}, "properties": {"name": "", "v": 0}}, {"type": "Feature", "geometry": {"type": "Point", "coordinates": [-80.56, 43.604]}, "properties": {"name": "", "v": 0}}, {"type": "Feature", "geometry": {"type": "Point", "coordinates": [-80.555, 43.604]}, "properties": {"name": "", "v": 0}}, {"type": "Feature", "geometry": {"type": "Point", "coordinates": [-80.559, 43.605]}, "properties": {"name": "", "v": 0}}, {"type": "Feature", "geometry": {"type": "Point", "coordinates": [-80.55, 43.631]}, "properties": {"name": "", "v": 0}}, {"type": "Feature", "geometry": {"type": "Point", "coordinates": [-80.548, 43.836]}, "properties": {"name": "", "v": 0}}, {"type": "Feature", "geometry": {"type": "Point", "coordinates": [-80.447, 43.742]}, "properties": {"name": "", "v": 0}}, {"type": "Feature", "geometry": {"type": "Point", "coordinates": [-80.582, 44.232]}, "properties": {"name": "", "v": 0}}, {"type": "Feature", "geometry": {"type": "Point", "coordinates": [-80.539, 44.384]}, "properties": {"name": "", "v": 0}}, {"type": "Feature", "geometry": {"type": "Point", "coordinates": [-80.619, 44.595]}, "properties": {"name": "", "v": 0}}, {"type": "Feature", "geometry": {"type": "Point", "coordinates": [-80.934, 46.437]}, "properties": {"name": "", "v": 0}}, {"type": "Feature", "geometry": {"type": "Point", "coordinates": [-80.976, 46.608]}, "properties": {"name": "", "v": 0}}, {"type": "Feature", "geometry": {"type": "Point", "coordinates": [-81.016, 46.653]}, "properties": {"name": "", "v": 0}}, {"type": "Feature", "geometry": {"type": "Point", "coordinates": [-80.945, 46.645]}, "properties": {"name": "", "v": 0}}, {"type": "Feature", "geometry": {"type": "Point", "coordinates": [-80.71, 46.521]}, "properties": {"name": "", "v": 0}}, {"type": "Feature", "geometry": {"type": "Point", "coordinates": [-80.636, 47.941]}, "properties": {"name": "", "v": 0}}, {"type": "Feature", "geometry": {"type": "Point", "coordinates": [-81.029, 49.07]}, "properties": {"name": "", "v": 0}}, {"type": "Feature", "geometry": {"type": "Point", "coordinates": [-80.31, 43.38]}, "properties": {"name": "", "v": 0}}, {"type": "Feature", "geometry": {"type": "Point", "coordinates": [-80.31, 43.383]}, "properties": {"name": "", "v": 0}}, {"type": "Feature", "geometry": {"type": "Point", "coordinates": [-80.309, 43.381]}, "properties": {"name": "", "v": 0}}, {"type": "Feature", "geometry": {"type": "Point", "coordinates": [-80.309, 43.383]}, "properties": {"name": "", "v": 0}}, {"type": "Feature", "geometry": {"type": "Point", "coordinates": [-80.309, 43.382]}, "properties": {"name": "", "v": 0}}, {"type": "Feature", "geometry": {"type": "Point", "coordinates": [-80.309, 43.383]}, "properties": {"name": "", "v": 0}}, {"type": "Feature", "geometry": {"type": "Point", "coordinates": [-80.309, 43.383]}, "properties": {"name": "", "v": 0}}, {"type": "Feature", "geometry": {"type": "Point", "coordinates": [-80.308, 43.381]}, "properties": {"name": "", "v": 0}}, {"type": "Feature", "geometry": {"type": "Point", "coordinates": [-80.308, 43.381]}, "properties": {"name": "", "v": 0}}, {"type": "Feature", "geometry": {"type": "Point", "coordinates": [-80.307, 43.383]}, "properties": {"name": "", "v": 0}}, {"type": "Feature", "geometry": {"type": "Point", "coordinates": [-80.307, 43.381]}, "properties": {"name": "", "v": 0}}, {"type": "Feature", "geometry": {"type": "Point", "coordinates": [-80.307, 43.382]}, "properties": {"name": "", "v": 0}}, {"type": "Feature", "geometry": {"type": "Point", "coordinates": [-80.306, 43.382]}, "properties": {"name": "", "v": 0}}, {"type": "Feature", "geometry": {"type": "Point", "coordinates": [-80.295, 43.347]}, "properties": {"name": "", "v": 0}}, {"type": "Feature", "geometry": {"type": "Point", "coordinates": [-80.289, 43.364]}, "properties": {"name": "", "v": 0}}, {"type": "Feature", "geometry": {"type": "Point", "coordinates": [-80.281, 43.374]}, "properties": {"name": "", "v": 0}}, {"type": "Feature", "geometry": {"type": "Point", "coordinates": [-80.279, 43.374]}, "properties": {"name": "", "v": 0}}, {"type": "Feature", "geometry": {"type": "Point", "coordinates": [-80.307, 43.382]}, "properties": {"name": "", "v": 0}}, {"type": "Feature", "geometry": {"type": "Point", "coordinates": [-80.306, 43.383]}, "properties": {"name": "", "v": 0}}, {"type": "Feature", "geometry": {"type": "Point", "coordinates": [-80.306, 43.383]}, "properties": {"name": "", "v": 0}}, {"type": "Feature", "geometry": {"type": "Point", "coordinates": [-79.89, 43.339]}, "properties": {"name": "", "v": 0}}, {"type": "Feature", "geometry": {"type": "Point", "coordinates": [-79.828, 43.376]}, "properties": {"name": "", "v": 0}}, {"type": "Feature", "geometry": {"type": "Point", "coordinates": [-79.832, 43.378]}, "properties": {"name": "", "v": 0}}, {"type": "Feature", "geometry": {"type": "Point", "coordinates": [-79.832, 43.381]}, "properties": {"name": "", "v": 0}}, {"type": "Feature", "geometry": {"type": "Point", "coordinates": [-79.824, 43.375]}, "properties": {"name": "", "v": 0}}, {"type": "Feature", "geometry": {"type": "Point", "coordinates": [-79.824, 43.375]}, "properties": {"name": "", "v": 0}}, {"type": "Feature", "geometry": {"type": "Point", "coordinates": [-79.813, 43.387]}, "properties": {"name": "", "v": 0}}, {"type": "Feature", "geometry": {"type": "Point", "coordinates": [-79.813, 43.388]}, "properties": {"name": "", "v": 0}}, {"type": "Feature", "geometry": {"type": "Point", "coordinates": [-79.811, 43.389]}, "properties": {"name": "", "v": 0}}, {"type": "Feature", "geometry": {"type": "Point", "coordinates": [-79.811, 43.389]}, "properties": {"name": "", "v": 0}}, {"type": "Feature", "geometry": {"type": "Point", "coordinates": [-79.807, 43.39]}, "properties": {"name": "", "v": 0}}, {"type": "Feature", "geometry": {"type": "Point", "coordinates": [-79.808, 43.391]}, "properties": {"name": "", "v": 0}}, {"type": "Feature", "geometry": {"type": "Point", "coordinates": [-79.755, 43.367]}, "properties": {"name": "", "v": 0}}, {"type": "Feature", "geometry": {"type": "Point", "coordinates": [-79.793, 43.396]}, "properties": {"name": "", "v": 0}}, {"type": "Feature", "geometry": {"type": "Point", "coordinates": [-79.709, 43.426]}, "properties": {"name": "", "v": 0}}, {"type": "Feature", "geometry": {"type": "Point", "coordinates": [-79.682, 43.433]}, "properties": {"name": "", "v": 0}}, {"type": "Feature", "geometry": {"type": "Point", "coordinates": [-79.68, 43.462]}, "properties": {"name": "", "v": 0}}, {"type": "Feature", "geometry": {"type": "Point", "coordinates": [-79.673, 43.439]}, "properties": {"name": "", "v": 0}}, {"type": "Feature", "geometry": {"type": "Point", "coordinates": [-79.664, 43.48]}, "properties": {"name": "", "v": 0}}, {"type": "Feature", "geometry": {"type": "Point", "coordinates": [-80.308, 43.384]}, "properties": {"name": "", "v": 0}}, {"type": "Feature", "geometry": {"type": "Point", "coordinates": [-80.307, 43.384]}, "properties": {"name": "", "v": 0}}, {"type": "Feature", "geometry": {"type": "Point", "coordinates": [-80.316, 43.379]}, "properties": {"name": "", "v": 0}}, {"type": "Feature", "geometry": {"type": "Point", "coordinates": [-80.316, 43.379]}, "properties": {"name": "", "v": 0}}, {"type": "Feature", "geometry": {"type": "Point", "coordinates": [-80.315, 43.379]}, "properties": {"name": "", "v": 0}}, {"type": "Feature", "geometry": {"type": "Point", "coordinates": [-80.314, 43.38]}, "properties": {"name": "", "v": 0}}, {"type": "Feature", "geometry": {"type": "Point", "coordinates": [-80.317, 43.38]}, "properties": {"name": "", "v": 0}}, {"type": "Feature", "geometry": {"type": "Point", "coordinates": [-80.316, 43.381]}, "properties": {"name": "", "v": 0}}, {"type": "Feature", "geometry": {"type": "Point", "coordinates": [-80.316, 43.381]}, "properties": {"name": "", "v": 0}}, {"type": "Feature", "geometry": {"type": "Point", "coordinates": [-80.31, 43.381]}, "properties": {"name": "", "v": 0}}, {"type": "Feature", "geometry": {"type": "Point", "coordinates": [-80.318, 43.381]}, "properties": {"name": "", "v": 0}}, {"type": "Feature", "geometry": {"type": "Point", "coordinates": [-80.31, 43.381]}, "properties": {"name": "", "v": 0}}, {"type": "Feature", "geometry": {"type": "Point", "coordinates": [-80.317, 43.381]}, "properties": {"name": "", "v": 0}}, {"type": "Feature", "geometry": {"type": "Point", "coordinates": [-80.31, 43.382]}, "properties": {"name": "", "v": 0}}, {"type": "Feature", "geometry": {"type": "Point", "coordinates": [-80.318, 43.382]}, "properties": {"name": "", "v": 0}}, {"type": "Feature", "geometry": {"type": "Point", "coordinates": [-80.317, 43.382]}, "properties": {"name": "", "v": 0}}, {"type": "Feature", "geometry": {"type": "Point", "coordinates": [-80.316, 43.383]}, "properties": {"name": "", "v": 0}}, {"type": "Feature", "geometry": {"type": "Point", "coordinates": [-80.315, 43.383]}, "properties": {"name": "", "v": 0}}, {"type": "Feature", "geometry": {"type": "Point", "coordinates": [-80.315, 43.383]}, "properties": {"name": "", "v": 0}}, {"type": "Feature", "geometry": {"type": "Point", "coordinates": [-80.315, 43.383]}, "properties": {"name": "", "v": 0}}, {"type": "Feature", "geometry": {"type": "Point", "coordinates": [-80.314, 43.383]}, "properties": {"name": "", "v": 0}}, {"type": "Feature", "geometry": {"type": "Point", "coordinates": [-80.317, 43.383]}, "properties": {"name": "", "v": 0}}, {"type": "Feature", "geometry": {"type": "Point", "coordinates": [-80.314, 43.383]}, "properties": {"name": "", "v": 0}}, {"type": "Feature", "geometry": {"type": "Point", "coordinates": [-80.312, 43.383]}, "properties": {"name": "", "v": 0}}, {"type": "Feature", "geometry": {"type": "Point", "coordinates": [-80.317, 43.383]}, "properties": {"name": "", "v": 0}}, {"type": "Feature", "geometry": {"type": "Point", "coordinates": [-80.316, 43.384]}, "properties": {"name": "", "v": 0}}, {"type": "Feature", "geometry": {"type": "Point", "coordinates": [-80.314, 43.384]}, "properties": {"name": "", "v": 0}}, {"type": "Feature", "geometry": {"type": "Point", "coordinates": [-80.315, 43.384]}, "properties": {"name": "", "v": 0}}, {"type": "Feature", "geometry": {"type": "Point", "coordinates": [-80.312, 43.384]}, "properties": {"name": "", "v": 0}}, {"type": "Feature", "geometry": {"type": "Point", "coordinates": [-80.315, 43.384]}, "properties": {"name": "", "v": 0}}, {"type": "Feature", "geometry": {"type": "Point", "coordinates": [-80.317, 43.384]}, "properties": {"name": "", "v": 0}}, {"type": "Feature", "geometry": {"type": "Point", "coordinates": [-80.316, 43.384]}, "properties": {"name": "", "v": 0}}, {"type": "Feature", "geometry": {"type": "Point", "coordinates": [-80.316, 43.384]}, "properties": {"name": "", "v": 0}}, {"type": "Feature", "geometry": {"type": "Point", "coordinates": [-80.316, 43.384]}, "properties": {"name": "", "v": 0}}, {"type": "Feature", "geometry": {"type": "Point", "coordinates": [-80.315, 43.384]}, "properties": {"name": "", "v": 0}}, {"type": "Feature", "geometry": {"type": "Point", "coordinates": [-80.315, 43.385]}, "properties": {"name": "", "v": 0}}, {"type": "Feature", "geometry": {"type": "Point", "coordinates": [-80.317, 43.385]}, "properties": {"name": "", "v": 0}}, {"type": "Feature", "geometry": {"type": "Point", "coordinates": [-80.311, 46.45]}, "properties": {"name": "", "v": 0}}, {"type": "Feature", "geometry": {"type": "Point", "coordinates": [-80.165, 48.077]}, "properties": {"name": "", "v": 0}}, {"type": "Feature", "geometry": {"type": "Point", "coordinates": [-80.106, 48.103]}, "properties": {"name": "", "v": 0}}, {"type": "Feature", "geometry": {"type": "Point", "coordinates": [-80.039, 48.139]}, "properties": {"name": "", "v": 0}}, {"type": "Feature", "geometry": {"type": "Point", "coordinates": [-80.309, 43.384]}, "properties": {"name": "", "v": 0}}, {"type": "Feature", "geometry": {"type": "Point", "coordinates": [-80.307, 43.384]}, "properties": {"name": "", "v": 0}}, {"type": "Feature", "geometry": {"type": "Point", "coordinates": [-80.286, 43.595]}, "properties": {"name": "", "v": 0}}, {"type": "Feature", "geometry": {"type": "Point", "coordinates": [-80.107, 43.913]}, "properties": {"name": "", "v": 0}}, {"type": "Feature", "geometry": {"type": "Point", "coordinates": [-80.105, 43.914]}, "properties": {"name": "", "v": 0}}, {"type": "Feature", "geometry": {"type": "Point", "coordinates": [-80.091, 43.666]}, "properties": {"name": "", "v": 0}}, {"type": "Feature", "geometry": {"type": "Point", "coordinates": [-80.075, 43.78]}, "properties": {"name": "", "v": 0}}, {"type": "Feature", "geometry": {"type": "Point", "coordinates": [-80.055, 43.592]}, "properties": {"name": "", "v": 0}}, {"type": "Feature", "geometry": {"type": "Point", "coordinates": [-80.042, 43.632]}, "properties": {"name": "", "v": 0}}, {"type": "Feature", "geometry": {"type": "Point", "coordinates": [-80.012, 43.855]}, "properties": {"name": "", "v": 0}}, {"type": "Feature", "geometry": {"type": "Point", "coordinates": [-80.006, 43.488]}, "properties": {"name": "", "v": 0}}, {"type": "Feature", "geometry": {"type": "Point", "coordinates": [-80.001, 43.475]}, "properties": {"name": "", "v": 0}}, {"type": "Feature", "geometry": {"type": "Point", "coordinates": [-79.999, 43.703]}, "properties": {"name": "", "v": 0}}, {"type": "Feature", "geometry": {"type": "Point", "coordinates": [-79.964, 43.502]}, "properties": {"name": "", "v": 0}}, {"type": "Feature", "geometry": {"type": "Point", "coordinates": [-79.926, 43.913]}, "properties": {"name": "", "v": 0}}, {"type": "Feature", "geometry": {"type": "Point", "coordinates": [-79.919, 43.769]}, "properties": {"name": "", "v": 0}}, {"type": "Feature", "geometry": {"type": "Point", "coordinates": [-79.896, 43.606]}, "properties": {"name": "", "v": 0}}, {"type": "Feature", "geometry": {"type": "Point", "coordinates": [-79.891, 43.51]}, "properties": {"name": "", "v": 0}}, {"type": "Feature", "geometry": {"type": "Point", "coordinates": [-79.875, 43.495]}, "properties": {"name": "", "v": 0}}, {"type": "Feature", "geometry": {"type": "Point", "coordinates": [-80.042, 44.168]}, "properties": {"name": "", "v": 0}}, {"type": "Feature", "geometry": {"type": "Point", "coordinates": [-80.168, 43.666]}, "properties": {"name": "", "v": 0}}, {"type": "Feature", "geometry": {"type": "Point", "coordinates": [-79.634, 43.519]}, "properties": {"name": "Trans-Northern Pipelines Inc. Clarkson Junction", "v": 0}}, {"type": "Feature", "geometry": {"type": "Point", "coordinates": [-79.642, 43.519]}, "properties": {"name": "", "v": 0}}, {"type": "Feature", "geometry": {"type": "Point", "coordinates": [-79.613, 43.542]}, "properties": {"name": "", "v": 0}}, {"type": "Feature", "geometry": {"type": "Point", "coordinates": [-79.634, 43.551]}, "properties": {"name": "", "v": 0}}, {"type": "Feature", "geometry": {"type": "Point", "coordinates": [-79.582, 43.553]}, "properties": {"name": "", "v": 0}}, {"type": "Feature", "geometry": {"type": "Point", "coordinates": [-79.608, 43.558]}, "properties": {"name": "", "v": 0}}, {"type": "Feature", "geometry": {"type": "Point", "coordinates": [-79.581, 43.561]}, "properties": {"name": "", "v": 0}}, {"type": "Feature", "geometry": {"type": "Point", "coordinates": [-79.576, 43.566]}, "properties": {"name": "", "v": 0}}, {"type": "Feature", "geometry": {"type": "Point", "coordinates": [-79.56, 43.569]}, "properties": {"name": "", "v": 0}}, {"type": "Feature", "geometry": {"type": "Point", "coordinates": [-79.561, 43.57]}, "properties": {"name": "", "v": 0}}, {"type": "Feature", "geometry": {"type": "Point", "coordinates": [-79.572, 43.576]}, "properties": {"name": "", "v": 0}}, {"type": "Feature", "geometry": {"type": "Point", "coordinates": [-79.618, 43.58]}, "properties": {"name": "", "v": 0}}, {"type": "Feature", "geometry": {"type": "Point", "coordinates": [-79.629, 43.581]}, "properties": {"name": "", "v": 0}}, {"type": "Feature", "geometry": {"type": "Point", "coordinates": [-79.622, 43.585]}, "properties": {"name": "", "v": 0}}, {"type": "Feature", "geometry": {"type": "Point", "coordinates": [-79.6, 43.587]}, "properties": {"name": "", "v": 0}}, {"type": "Feature", "geometry": {"type": "Point", "coordinates": [-79.543, 43.589]}, "properties": {"name": "", "v": 0}}, {"type": "Feature", "geometry": {"type": "Point", "coordinates": [-79.638, 43.591]}, "properties": {"name": "", "v": 0}}, {"type": "Feature", "geometry": {"type": "Point", "coordinates": [-79.628, 43.601]}, "properties": {"name": "", "v": 0}}, {"type": "Feature", "geometry": {"type": "Point", "coordinates": [-79.629, 43.601]}, "properties": {"name": "", "v": 0}}, {"type": "Feature", "geometry": {"type": "Point", "coordinates": [-79.57, 43.617]}, "properties": {"name": "", "v": 0}}, {"type": "Feature", "geometry": {"type": "Point", "coordinates": [-79.56, 43.618]}, "properties": {"name": "", "v": 0}}, {"type": "Feature", "geometry": {"type": "Point", "coordinates": [-79.599, 43.626]}, "properties": {"name": "", "v": 0}}, {"type": "Feature", "geometry": {"type": "Point", "coordinates": [-79.565, 43.639]}, "properties": {"name": "", "v": 0}}, {"type": "Feature", "geometry": {"type": "Point", "coordinates": [-79.548, 43.64]}, "properties": {"name": "", "v": 0}}, {"type": "Feature", "geometry": {"type": "Point", "coordinates": [-79.543, 43.644]}, "properties": {"name": "", "v": 0}}, {"type": "Feature", "geometry": {"type": "Point", "coordinates": [-79.569, 43.65]}, "properties": {"name": "", "v": 0}}, {"type": "Feature", "geometry": {"type": "Point", "coordinates": [-79.643, 43.652]}, "properties": {"name": "", "v": 0}}, {"type": "Feature", "geometry": {"type": "Point", "coordinates": [-79.58, 43.653]}, "properties": {"name": "", "v": 0}}, {"type": "Feature", "geometry": {"type": "Point", "coordinates": [-79.564, 43.655]}, "properties": {"name": "", "v": 0}}, {"type": "Feature", "geometry": {"type": "Point", "coordinates": [-79.792, 43.692]}, "properties": {"name": "", "v": 0}}, {"type": "Feature", "geometry": {"type": "Point", "coordinates": [-79.778, 43.585]}, "properties": {"name": "", "v": 0}}, {"type": "Feature", "geometry": {"type": "Point", "coordinates": [-79.759, 43.673]}, "properties": {"name": "", "v": 0}}, {"type": "Feature", "geometry": {"type": "Point", "coordinates": [-79.757, 43.736]}, "properties": {"name": "", "v": 0}}, {"type": "Feature", "geometry": {"type": "Point", "coordinates": [-79.746, 43.695]}, "properties": {"name": "", "v": 0}}, {"type": "Feature", "geometry": {"type": "Point", "coordinates": [-79.746, 43.71]}, "properties": {"name": "", "v": 0}}, {"type": "Feature", "geometry": {"type": "Point", "coordinates": [-79.74, 43.655]}, "properties": {"name": "", "v": 0}}, {"type": "Feature", "geometry": {"type": "Point", "coordinates": [-79.74, 43.586]}, "properties": {"name": "", "v": 0}}, {"type": "Feature", "geometry": {"type": "Point", "coordinates": [-79.73, 43.623]}, "properties": {"name": "", "v": 0}}, {"type": "Feature", "geometry": {"type": "Point", "coordinates": [-79.725, 43.731]}, "properties": {"name": "", "v": 0}}, {"type": "Feature", "geometry": {"type": "Point", "coordinates": [-79.722, 43.702]}, "properties": {"name": "", "v": 0}}, {"type": "Feature", "geometry": {"type": "Point", "coordinates": [-79.717, 43.586]}, "properties": {"name": "", "v": 0}}, {"type": "Feature", "geometry": {"type": "Point", "coordinates": [-79.702, 43.607]}, "properties": {"name": "", "v": 0}}, {"type": "Feature", "geometry": {"type": "Point", "coordinates": [-79.693, 43.739]}, "properties": {"name": "", "v": 0}}, {"type": "Feature", "geometry": {"type": "Point", "coordinates": [-79.683, 43.738]}, "properties": {"name": "", "v": 0}}, {"type": "Feature", "geometry": {"type": "Point", "coordinates": [-79.658, 43.647]}, "properties": {"name": "", "v": 0}}, {"type": "Feature", "geometry": {"type": "Point", "coordinates": [-79.655, 43.541]}, "properties": {"name": "", "v": 0}}, {"type": "Feature", "geometry": {"type": "Point", "coordinates": [-79.788, 43.81]}, "properties": {"name": "", "v": 0}}, {"type": "Feature", "geometry": {"type": "Point", "coordinates": [-79.726, 43.902]}, "properties": {"name": "", "v": 0}}, {"type": "Feature", "geometry": {"type": "Point", "coordinates": [-79.705, 43.864]}, "properties": {"name": "", "v": 0}}, {"type": "Feature", "geometry": {"type": "Point", "coordinates": [-79.647, 43.912]}, "properties": {"name": "", "v": 0}}, {"type": "Feature", "geometry": {"type": "Point", "coordinates": [-79.716, 44.185]}, "properties": {"name": "", "v": 0}}, {"type": "Feature", "geometry": {"type": "Point", "coordinates": [-79.781, 43.535]}, "properties": {"name": "", "v": 0}}, {"type": "Feature", "geometry": {"type": "Point", "coordinates": [-79.531, 43.596]}, "properties": {"name": "", "v": 0}}, {"type": "Feature", "geometry": {"type": "Point", "coordinates": [-79.546, 43.601]}, "properties": {"name": "", "v": 0}}, {"type": "Feature", "geometry": {"type": "Point", "coordinates": [-79.499, 43.606]}, "properties": {"name": "", "v": 0}}, {"type": "Feature", "geometry": {"type": "Point", "coordinates": [-79.531, 43.608]}, "properties": {"name": "", "v": 0}}, {"type": "Feature", "geometry": {"type": "Point", "coordinates": [-79.548, 43.608]}, "properties": {"name": "", "v": 0}}, {"type": "Feature", "geometry": {"type": "Point", "coordinates": [-79.536, 43.617]}, "properties": {"name": "", "v": 0}}, {"type": "Feature", "geometry": {"type": "Point", "coordinates": [-79.544, 43.622]}, "properties": {"name": "", "v": 0}}, {"type": "Feature", "geometry": {"type": "Point", "coordinates": [-79.504, 43.624]}, "properties": {"name": "", "v": 0}}, {"type": "Feature", "geometry": {"type": "Point", "coordinates": [-79.515, 43.625]}, "properties": {"name": "", "v": 0}}, {"type": "Feature", "geometry": {"type": "Point", "coordinates": [-79.506, 43.633]}, "properties": {"name": "", "v": 0}}, {"type": "Feature", "geometry": {"type": "Point", "coordinates": [-79.421, 43.634]}, "properties": {"name": "", "v": 0}}, {"type": "Feature", "geometry": {"type": "Point", "coordinates": [-79.491, 43.634]}, "properties": {"name": "", "v": 0}}, {"type": "Feature", "geometry": {"type": "Point", "coordinates": [-79.425, 43.637]}, "properties": {"name": "", "v": 0}}, {"type": "Feature", "geometry": {"type": "Point", "coordinates": [-79.485, 43.638]}, "properties": {"name": "", "v": 0}}, {"type": "Feature", "geometry": {"type": "Point", "coordinates": [-79.506, 43.639]}, "properties": {"name": "", "v": 0}}, {"type": "Feature", "geometry": {"type": "Point", "coordinates": [-79.531, 43.639]}, "properties": {"name": "", "v": 0}}, {"type": "Feature", "geometry": {"type": "Point", "coordinates": [-79.404, 43.641]}, "properties": {"name": "", "v": 0}}, {"type": "Feature", "geometry": {"type": "Point", "coordinates": [-79.399, 43.642]}, "properties": {"name": "", "v": 0}}, {"type": "Feature", "geometry": {"type": "Point", "coordinates": [-79.483, 43.645]}, "properties": {"name": "", "v": 0}}, {"type": "Feature", "geometry": {"type": "Point", "coordinates": [-79.505, 43.648]}, "properties": {"name": "", "v": 0}}, {"type": "Feature", "geometry": {"type": "Point", "coordinates": [-79.371, 43.651]}, "properties": {"name": "", "v": 0}}, {"type": "Feature", "geometry": {"type": "Point", "coordinates": [-79.518, 43.656]}, "properties": {"name": "", "v": 0}}, {"type": "Feature", "geometry": {"type": "Point", "coordinates": [-79.481, 43.661]}, "properties": {"name": "", "v": 0}}, {"type": "Feature", "geometry": {"type": "Point", "coordinates": [-79.518, 43.664]}, "properties": {"name": "", "v": 0}}, {"type": "Feature", "geometry": {"type": "Point", "coordinates": [-79.381, 43.669]}, "properties": {"name": "", "v": 0}}, {"type": "Feature", "geometry": {"type": "Point", "coordinates": [-79.37, 43.673]}, "properties": {"name": "", "v": 0}}, {"type": "Feature", "geometry": {"type": "Point", "coordinates": [-79.464, 43.674]}, "properties": {"name": "", "v": 0}}, {"type": "Feature", "geometry": {"type": "Point", "coordinates": [-79.521, 43.674]}, "properties": {"name": "", "v": 0}}, {"type": "Feature", "geometry": {"type": "Point", "coordinates": [-79.539, 43.678]}, "properties": {"name": "", "v": 0}}, {"type": "Feature", "geometry": {"type": "Point", "coordinates": [-79.492, 43.68]}, "properties": {"name": "", "v": 0}}, {"type": "Feature", "geometry": {"type": "Point", "coordinates": [-79.525, 43.68]}, "properties": {"name": "", "v": 0}}, {"type": "Feature", "geometry": {"type": "Point", "coordinates": [-79.475, 43.682]}, "properties": {"name": "", "v": 0}}, {"type": "Feature", "geometry": {"type": "Point", "coordinates": [-79.543, 43.688]}, "properties": {"name": "", "v": 0}}, {"type": "Feature", "geometry": {"type": "Point", "coordinates": [-79.455, 43.689]}, "properties": {"name": "", "v": 0}}, {"type": "Feature", "geometry": {"type": "Point", "coordinates": [-79.532, 43.69]}, "properties": {"name": "", "v": 0}}, {"type": "Feature", "geometry": {"type": "Point", "coordinates": [-79.434, 43.689]}, "properties": {"name": "", "v": 0}}, {"type": "Feature", "geometry": {"type": "Point", "coordinates": [-79.452, 43.759]}, "properties": {"name": "", "v": 0}}, {"type": "Feature", "geometry": {"type": "Point", "coordinates": [-79.444, 43.739]}, "properties": {"name": "", "v": 0}}, {"type": "Feature", "geometry": {"type": "Point", "coordinates": [-79.439, 43.688]}, "properties": {"name": "", "v": 0}}, {"type": "Feature", "geometry": {"type": "Point", "coordinates": [-79.437, 43.749]}, "properties": {"name": "", "v": 0}}, {"type": "Feature", "geometry": {"type": "Point", "coordinates": [-79.434, 43.735]}, "properties": {"name": "", "v": 0}}, {"type": "Feature", "geometry": {"type": "Point", "coordinates": [-79.432, 43.716]}, "properties": {"name": "", "v": 0}}, {"type": "Feature", "geometry": {"type": "Point", "coordinates": [-79.43, 43.693]}, "properties": {"name": "", "v": 0}}, {"type": "Feature", "geometry": {"type": "Point", "coordinates": [-79.428, 43.739]}, "properties": {"name": "", "v": 0}}, {"type": "Feature", "geometry": {"type": "Point", "coordinates": [-79.423, 43.76]}, "properties": {"name": "", "v": 0}}, {"type": "Feature", "geometry": {"type": "Point", "coordinates": [-79.419, 43.703]}, "properties": {"name": "", "v": 0}}, {"type": "Feature", "geometry": {"type": "Point", "coordinates": [-79.407, 43.744]}, "properties": {"name": "", "v": 0}}, {"type": "Feature", "geometry": {"type": "Point", "coordinates": [-79.4, 43.719]}, "properties": {"name": "", "v": 0}}, {"type": "Feature", "geometry": {"type": "Point", "coordinates": [-79.399, 43.751]}, "properties": {"name": "", "v": 0}}, {"type": "Feature", "geometry": {"type": "Point", "coordinates": [-79.382, 43.734]}, "properties": {"name": "", "v": 0}}, {"type": "Feature", "geometry": {"type": "Point", "coordinates": [-79.382, 43.749]}, "properties": {"name": "", "v": 0}}, {"type": "Feature", "geometry": {"type": "Point", "coordinates": [-79.376, 43.704]}, "properties": {"name": "", "v": 0}}, {"type": "Feature", "geometry": {"type": "Point", "coordinates": [-79.361, 43.704]}, "properties": {"name": "", "v": 0}}, {"type": "Feature", "geometry": {"type": "Point", "coordinates": [-79.359, 43.713]}, "properties": {"name": "", "v": 0}}, {"type": "Feature", "geometry": {"type": "Point", "coordinates": [-79.354, 43.69]}, "properties": {"name": "", "v": 0}}, {"type": "Feature", "geometry": {"type": "Point", "coordinates": [-79.35, 43.746]}, "properties": {"name": "", "v": 0}}, {"type": "Feature", "geometry": {"type": "Point", "coordinates": [-79.342, 43.691]}, "properties": {"name": "", "v": 0}}, {"type": "Feature", "geometry": {"type": "Point", "coordinates": [-79.34, 43.728]}, "properties": {"name": "", "v": 0}}, {"type": "Feature", "geometry": {"type": "Point", "coordinates": [-79.339, 43.758]}, "properties": {"name": "", "v": 0}}, {"type": "Feature", "geometry": {"type": "Point", "coordinates": [-79.331, 43.719]}, "properties": {"name": "", "v": 0}}, {"type": "Feature", "geometry": {"type": "Point", "coordinates": [-79.328, 43.76]}, "properties": {"name": "", "v": 0}}, {"type": "Feature", "geometry": {"type": "Point", "coordinates": [-79.327, 43.694]}, "properties": {"name": "", "v": 0}}, {"type": "Feature", "geometry": {"type": "Point", "coordinates": [-79.326, 43.692]}, "properties": {"name": "", "v": 0}}, {"type": "Feature", "geometry": {"type": "Point", "coordinates": [-79.349, 43.78]}, "properties": {"name": "", "v": 0}}, {"type": "Feature", "geometry": {"type": "Point", "coordinates": [-79.317, 43.755]}, "properties": {"name": "", "v": 0}}, {"type": "Feature", "geometry": {"type": "Point", "coordinates": [-79.609, 43.754]}, "properties": {"name": "", "v": 0}}, {"type": "Feature", "geometry": {"type": "Point", "coordinates": [-79.599, 43.695]}, "properties": {"name": "", "v": 0}}, {"type": "Feature", "geometry": {"type": "Point", "coordinates": [-79.597, 43.746]}, "properties": {"name": "", "v": 0}}, {"type": "Feature", "geometry": {"type": "Point", "coordinates": [-79.592, 43.679]}, "properties": {"name": "", "v": 0}}, {"type": "Feature", "geometry": {"type": "Point", "coordinates": [-79.587, 43.693]}, "properties": {"name": "", "v": 0}}, {"type": "Feature", "geometry": {"type": "Point", "coordinates": [-79.586, 43.751]}, "properties": {"name": "", "v": 0}}, {"type": "Feature", "geometry": {"type": "Point", "coordinates": [-79.585, 43.723]}, "properties": {"name": "", "v": 0}}, {"type": "Feature", "geometry": {"type": "Point", "coordinates": [-79.583, 43.714]}, "properties": {"name": "", "v": 0}}, {"type": "Feature", "geometry": {"type": "Point", "coordinates": [-79.582, 43.742]}, "properties": {"name": "", "v": 0}}, {"type": "Feature", "geometry": {"type": "Point", "coordinates": [-79.574, 43.702]}, "properties": {"name": "", "v": 0}}, {"type": "Feature", "geometry": {"type": "Point", "coordinates": [-79.574, 43.725]}, "properties": {"name": "", "v": 0}}, {"type": "Feature", "geometry": {"type": "Point", "coordinates": [-79.567, 43.684]}, "properties": {"name": "", "v": 0}}, {"type": "Feature", "geometry": {"type": "Point", "coordinates": [-79.563, 43.671]}, "properties": {"name": "", "v": 0}}, {"type": "Feature", "geometry": {"type": "Point", "coordinates": [-79.56, 43.697]}, "properties": {"name": "", "v": 0}}, {"type": "Feature", "geometry": {"type": "Point", "coordinates": [-79.56, 43.764]}, "properties": {"name": "", "v": 0}}, {"type": "Feature", "geometry": {"type": "Point", "coordinates": [-79.559, 43.737]}, "properties": {"name": "", "v": 0}}, {"type": "Feature", "geometry": {"type": "Point", "coordinates": [-79.556, 43.716]}, "properties": {"name": "", "v": 0}}, {"type": "Feature", "geometry": {"type": "Point", "coordinates": [-79.556, 43.689]}, "properties": {"name": "", "v": 0}}, {"type": "Feature", "geometry": {"type": "Point", "coordinates": [-79.553, 43.751]}, "properties": {"name": "", "v": 0}}, {"type": "Feature", "geometry": {"type": "Point", "coordinates": [-79.552, 43.681]}, "properties": {"name": "", "v": 0}}, {"type": "Feature", "geometry": {"type": "Point", "coordinates": [-79.55, 43.673]}, "properties": {"name": "", "v": 0}}, {"type": "Feature", "geometry": {"type": "Point", "coordinates": [-79.547, 43.759]}, "properties": {"name": "", "v": 0}}, {"type": "Feature", "geometry": {"type": "Point", "coordinates": [-79.541, 43.764]}, "properties": {"name": "", "v": 0}}, {"type": "Feature", "geometry": {"type": "Point", "coordinates": [-79.49, 46.079]}, "properties": {"name": "", "v": 0}}, {"type": "Feature", "geometry": {"type": "Point", "coordinates": [-79.512, 46.333]}, "properties": {"name": "", "v": 0}}, {"type": "Feature", "geometry": {"type": "Point", "coordinates": [-79.466, 46.347]}, "properties": {"name": "", "v": 0}}, {"type": "Feature", "geometry": {"type": "Point", "coordinates": [-79.396, 46.076]}, "properties": {"name": "", "v": 0}}, {"type": "Feature", "geometry": {"type": "Point", "coordinates": [-79.368, 46.195]}, "properties": {"name": "", "v": 0}}, {"type": "Feature", "geometry": {"type": "Point", "coordinates": [-79.43, 46.284]}, "properties": {"name": "", "v": 0}}, {"type": "Feature", "geometry": {"type": "Point", "coordinates": [-79.424, 46.311]}, "properties": {"name": "", "v": 0}}, {"type": "Feature", "geometry": {"type": "Point", "coordinates": [-79.423, 46.33]}, "properties": {"name": "", "v": 0}}, {"type": "Feature", "geometry": {"type": "Point", "coordinates": [-79.412, 46.337]}, "properties": {"name": "", "v": 0}}, {"type": "Feature", "geometry": {"type": "Point", "coordinates": [-79.361, 47.389]}, "properties": {"name": "", "v": 0}}, {"type": "Feature", "geometry": {"type": "Point", "coordinates": [-79.461, 43.694]}, "properties": {"name": "", "v": 0}}, {"type": "Feature", "geometry": {"type": "Point", "coordinates": [-79.523, 43.697]}, "properties": {"name": "", "v": 0}}, {"type": "Feature", "geometry": {"type": "Point", "coordinates": [-79.476, 43.702]}, "properties": {"name": "", "v": 0}}, {"type": "Feature", "geometry": {"type": "Point", "coordinates": [-79.503, 43.704]}, "properties": {"name": "", "v": 0}}, {"type": "Feature", "geometry": {"type": "Point", "coordinates": [-79.465, 43.707]}, "properties": {"name": "", "v": 0}}, {"type": "Feature", "geometry": {"type": "Point", "coordinates": [-79.492, 43.71]}, "properties": {"name": "", "v": 0}}, {"type": "Feature", "geometry": {"type": "Point", "coordinates": [-79.512, 43.712]}, "properties": {"name": "", "v": 0}}, {"type": "Feature", "geometry": {"type": "Point", "coordinates": [-79.478, 43.719]}, "properties": {"name": "", "v": 0}}, {"type": "Feature", "geometry": {"type": "Point", "coordinates": [-79.495, 43.724]}, "properties": {"name": "", "v": 0}}, {"type": "Feature", "geometry": {"type": "Point", "coordinates": [-79.508, 43.725]}, "properties": {"name": "", "v": 0}}, {"type": "Feature", "geometry": {"type": "Point", "coordinates": [-79.468, 43.731]}, "properties": {"name": "", "v": 0}}, {"type": "Feature", "geometry": {"type": "Point", "coordinates": [-79.535, 43.735]}, "properties": {"name": "", "v": 0}}, {"type": "Feature", "geometry": {"type": "Point", "coordinates": [-79.383, 43.763]}, "properties": {"name": "", "v": 0}}, {"type": "Feature", "geometry": {"type": "Point", "coordinates": [-79.4, 43.766]}, "properties": {"name": "", "v": 0}}, {"type": "Feature", "geometry": {"type": "Point", "coordinates": [-79.503, 43.813]}, "properties": {"name": "", "v": 0}}, {"type": "Feature", "geometry": {"type": "Point", "coordinates": [-79.525, 43.909]}, "properties": {"name": "", "v": 0}}, {"type": "Feature", "geometry": {"type": "Point", "coordinates": [-79.454, 43.947]}, "properties": {"name": "", "v": 0}}, {"type": "Feature", "geometry": {"type": "Point", "coordinates": [-79.433, 43.789]}, "properties": {"name": "", "v": 0}}, {"type": "Feature", "geometry": {"type": "Point", "coordinates": [-79.417, 43.788]}, "properties": {"name": "", "v": 0}}, {"type": "Feature", "geometry": {"type": "Point", "coordinates": [-79.389, 43.791]}, "properties": {"name": "", "v": 0}}, {"type": "Feature", "geometry": {"type": "Point", "coordinates": [-79.386, 43.779]}, "properties": {"name": "", "v": 0}}, {"type": "Feature", "geometry": {"type": "Point", "coordinates": [-79.398, 43.795]}, "properties": {"name": "", "v": 0}}, {"type": "Feature", "geometry": {"type": "Point", "coordinates": [-79.385, 43.803]}, "properties": {"name": "", "v": 0}}, {"type": "Feature", "geometry": {"type": "Point", "coordinates": [-79.38, 43.807]}, "properties": {"name": "", "v": 0}}, {"type": "Feature", "geometry": {"type": "Point", "coordinates": [-79.428, 43.878]}, "properties": {"name": "", "v": 0}}, {"type": "Feature", "geometry": {"type": "Point", "coordinates": [-79.428, 43.881]}, "properties": {"name": "", "v": 0}}, {"type": "Feature", "geometry": {"type": "Point", "coordinates": [-79.45, 43.987]}, "properties": {"name": "", "v": 0}}, {"type": "Feature", "geometry": {"type": "Point", "coordinates": [-79.424, 43.826]}, "properties": {"name": "", "v": 0}}, {"type": "Feature", "geometry": {"type": "Point", "coordinates": [-79.295, 43.672]}, "properties": {"name": "", "v": 0}}, {"type": "Feature", "geometry": {"type": "Point", "coordinates": [-79.28, 43.683]}, "properties": {"name": "", "v": 0}}, {"type": "Feature", "geometry": {"type": "Point", "coordinates": [-79.274, 43.693]}, "properties": {"name": "", "v": 0}}, {"type": "Feature", "geometry": {"type": "Point", "coordinates": [-79.314, 43.694]}, "properties": {"name": "", "v": 0}}, {"type": "Feature", "geometry": {"type": "Point", "coordinates": [-79.297, 43.695]}, "properties": {"name": "", "v": 0}}, {"type": "Feature", "geometry": {"type": "Point", "coordinates": [-79.265, 43.695]}, "properties": {"name": "", "v": 0}}, {"type": "Feature", "geometry": {"type": "Point", "coordinates": [-79.283, 43.697]}, "properties": {"name": "", "v": 0}}, {"type": "Feature", "geometry": {"type": "Point", "coordinates": [-79.253, 43.699]}, "properties": {"name": "", "v": 0}}, {"type": "Feature", "geometry": {"type": "Point", "coordinates": [-79.235, 43.708]}, "properties": {"name": "", "v": 0}}, {"type": "Feature", "geometry": {"type": "Point", "coordinates": [-79.264, 43.71]}, "properties": {"name": "", "v": 0}}, {"type": "Feature", "geometry": {"type": "Point", "coordinates": [-79.25, 43.715]}, "properties": {"name": "", "v": 0}}, {"type": "Feature", "geometry": {"type": "Point", "coordinates": [-79.244, 43.725]}, "properties": {"name": "", "v": 0}}, {"type": "Feature", "geometry": {"type": "Point", "coordinates": [-79.23, 43.727]}, "properties": {"name": "", "v": 0}}, {"type": "Feature", "geometry": {"type": "Point", "coordinates": [-79.279, 43.734]}, "properties": {"name": "", "v": 0}}, {"type": "Feature", "geometry": {"type": "Point", "coordinates": [-79.221, 43.735]}, "properties": {"name": "", "v": 0}}, {"type": "Feature", "geometry": {"type": "Point", "coordinates": [-79.313, 43.736]}, "properties": {"name": "", "v": 0}}, {"type": "Feature", "geometry": {"type": "Point", "coordinates": [-79.248, 43.738]}, "properties": {"name": "", "v": 0}}, {"type": "Feature", "geometry": {"type": "Point", "coordinates": [-79.3, 43.738]}, "properties": {"name": "", "v": 0}}, {"type": "Feature", "geometry": {"type": "Point", "coordinates": [-79.199, 43.746]}, "properties": {"name": "", "v": 0}}, {"type": "Feature", "geometry": {"type": "Point", "coordinates": [-79.302, 43.747]}, "properties": {"name": "", "v": 0}}, {"type": "Feature", "geometry": {"type": "Point", "coordinates": [-79.193, 43.748]}, "properties": {"name": "", "v": 0}}, {"type": "Feature", "geometry": {"type": "Point", "coordinates": [-79.209, 43.748]}, "properties": {"name": "", "v": 0}}, {"type": "Feature", "geometry": {"type": "Point", "coordinates": [-79.264, 43.749]}, "properties": {"name": "", "v": 0}}, {"type": "Feature", "geometry": {"type": "Point", "coordinates": [-79.271, 43.75]}, "properties": {"name": "", "v": 0}}, {"type": "Feature", "geometry": {"type": "Point", "coordinates": [-79.307, 43.751]}, "properties": {"name": "", "v": 0}}, {"type": "Feature", "geometry": {"type": "Point", "coordinates": [-79.255, 43.753]}, "properties": {"name": "", "v": 0}}, {"type": "Feature", "geometry": {"type": "Point", "coordinates": [-79.245, 43.756]}, "properties": {"name": "", "v": 0}}, {"type": "Feature", "geometry": {"type": "Point", "coordinates": [-79.236, 43.758]}, "properties": {"name": "", "v": 0}}, {"type": "Feature", "geometry": {"type": "Point", "coordinates": [-79.307, 43.759]}, "properties": {"name": "", "v": 0}}, {"type": "Feature", "geometry": {"type": "Point", "coordinates": [-79.308, 43.765]}, "properties": {"name": "", "v": 0}}, {"type": "Feature", "geometry": {"type": "Point", "coordinates": [-79.26, 43.768]}, "properties": {"name": "", "v": 0}}, {"type": "Feature", "geometry": {"type": "Point", "coordinates": [-79.242, 43.774]}, "properties": {"name": "", "v": 0}}, {"type": "Feature", "geometry": {"type": "Point", "coordinates": [-79.311, 43.777]}, "properties": {"name": "", "v": 0}}, {"type": "Feature", "geometry": {"type": "Point", "coordinates": [-79.222, 43.778]}, "properties": {"name": "", "v": 0}}, {"type": "Feature", "geometry": {"type": "Point", "coordinates": [-79.25, 45.313]}, "properties": {"name": "", "v": 0}}, {"type": "Feature", "geometry": {"type": "Point", "coordinates": [-79.195, 45.346]}, "properties": {"name": "", "v": 0}}, {"type": "Feature", "geometry": {"type": "Point", "coordinates": [-79.187, 46.26]}, "properties": {"name": "", "v": 0}}, {"type": "Feature", "geometry": {"type": "Point", "coordinates": [-78.918, 46.185]}, "properties": {"name": "", "v": 0}}, {"type": "Feature", "geometry": {"type": "Point", "coordinates": [-78.748, 46.311]}, "properties": {"name": "", "v": 0}}, {"type": "Feature", "geometry": {"type": "Point", "coordinates": [-78.707, 46.312]}, "properties": {"name": "", "v": 0}}, {"type": "Feature", "geometry": {"type": "Point", "coordinates": [-79.214, 45.331]}, "properties": {"name": "Huntsville MS #2", "v": 0}}, {"type": "Feature", "geometry": {"type": "Point", "coordinates": [-79.311, 43.866]}, "properties": {"name": "", "v": 0}}, {"type": "Feature", "geometry": {"type": "Point", "coordinates": [-79.294, 43.784]}, "properties": {"name": "", "v": 0}}, {"type": "Feature", "geometry": {"type": "Point", "coordinates": [-79.283, 43.796]}, "properties": {"name": "", "v": 0}}, {"type": "Feature", "geometry": {"type": "Point", "coordinates": [-79.251, 43.971]}, "properties": {"name": "", "v": 0}}, {"type": "Feature", "geometry": {"type": "Point", "coordinates": [-79.222, 43.779]}, "properties": {"name": "", "v": 0}}, {"type": "Feature", "geometry": {"type": "Point", "coordinates": [-79.2, 43.791]}, "properties": {"name": "", "v": 0}}, {"type": "Feature", "geometry": {"type": "Point", "coordinates": [-79.111, 43.822]}, "properties": {"name": "", "v": 0}}, {"type": "Feature", "geometry": {"type": "Point", "coordinates": [-79.08, 43.836]}, "properties": {"name": "", "v": 0}}, {"type": "Feature", "geometry": {"type": "Point", "coordinates": [-79.058, 43.837]}, "properties": {"name": "", "v": 0}}, {"type": "Feature", "geometry": {"type": "Point", "coordinates": [-79.023, 43.84]}, "properties": {"name": "", "v": 0}}, {"type": "Feature", "geometry": {"type": "Point", "coordinates": [-78.99, 44.104]}, "properties": {"name": "", "v": 0}}, {"type": "Feature", "geometry": {"type": "Point", "coordinates": [-78.987, 44.105]}, "properties": {"name": "", "v": 0}}, {"type": "Feature", "geometry": {"type": "Point", "coordinates": [-78.947, 44.1]}, "properties": {"name": "", "v": 0}}, {"type": "Feature", "geometry": {"type": "Point", "coordinates": [-78.925, 43.852]}, "properties": {"name": "", "v": 0}}, {"type": "Feature", "geometry": {"type": "Point", "coordinates": [-78.913, 44.474]}, "properties": {"name": "", "v": 0}}, {"type": "Feature", "geometry": {"type": "Point", "coordinates": [-78.882, 43.889]}, "properties": {"name": "", "v": 0}}, {"type": "Feature", "geometry": {"type": "Point", "coordinates": [-78.873, 43.9]}, "properties": {"name": "", "v": 0}}, {"type": "Feature", "geometry": {"type": "Point", "coordinates": [-78.849, 43.88]}, "properties": {"name": "", "v": 0}}, {"type": "Feature", "geometry": {"type": "Point", "coordinates": [-78.846, 44.262]}, "properties": {"name": "", "v": 0}}, {"type": "Feature", "geometry": {"type": "Point", "coordinates": [-78.837, 43.86]}, "properties": {"name": "", "v": 0}}, {"type": "Feature", "geometry": {"type": "Point", "coordinates": [-78.823, 43.88]}, "properties": {"name": "", "v": 0}}, {"type": "Feature", "geometry": {"type": "Point", "coordinates": [-78.817, 44.23]}, "properties": {"name": "", "v": 0}}, {"type": "Feature", "geometry": {"type": "Point", "coordinates": [-78.803, 44.164]}, "properties": {"name": "", "v": 0}}, {"type": "Feature", "geometry": {"type": "Point", "coordinates": [-78.792, 44.398]}, "properties": {"name": "", "v": 0}}, {"type": "Feature", "geometry": {"type": "Point", "coordinates": [-78.699, 44.393]}, "properties": {"name": "", "v": 0}}, {"type": "Feature", "geometry": {"type": "Point", "coordinates": [-78.584, 44.472]}, "properties": {"name": "", "v": 0}}, {"type": "Feature", "geometry": {"type": "Point", "coordinates": [-78.634, 43.928]}, "properties": {"name": "", "v": 0}}, {"type": "Feature", "geometry": {"type": "Point", "coordinates": [-78.718, 43.871]}, "properties": {"name": "", "v": 0}}, {"type": "Feature", "geometry": {"type": "Point", "coordinates": [-78.613, 44.032]}, "properties": {"name": "", "v": 0}}, {"type": "Feature", "geometry": {"type": "Point", "coordinates": [-79.127, 44.108]}, "properties": {"name": "", "v": 0}}, {"type": "Feature", "geometry": {"type": "Point", "coordinates": [-78.705, 44.328]}, "properties": {"name": "", "v": 0}}, {"type": "Feature", "geometry": {"type": "Point", "coordinates": [-78.674, 43.897]}, "properties": {"name": "", "v": 0}}, {"type": "Feature", "geometry": {"type": "Point", "coordinates": [-78.599, 44.322]}, "properties": {"name": "", "v": 0}}, {"type": "Feature", "geometry": {"type": "Point", "coordinates": [-78.575, 44.222]}, "properties": {"name": "", "v": 0}}, {"type": "Feature", "geometry": {"type": "Point", "coordinates": [-78.571, 44.189]}, "properties": {"name": "", "v": 0}}, {"type": "Feature", "geometry": {"type": "Point", "coordinates": [-78.564, 44.311]}, "properties": {"name": "", "v": 0}}, {"type": "Feature", "geometry": {"type": "Point", "coordinates": [-78.5, 43.932]}, "properties": {"name": "", "v": 0}}, {"type": "Feature", "geometry": {"type": "Point", "coordinates": [-78.488, 44.196]}, "properties": {"name": "", "v": 0}}, {"type": "Feature", "geometry": {"type": "Point", "coordinates": [-78.469, 44.348]}, "properties": {"name": "", "v": 0}}, {"type": "Feature", "geometry": {"type": "Point", "coordinates": [-78.45, 43.912]}, "properties": {"name": "", "v": 0}}, {"type": "Feature", "geometry": {"type": "Point", "coordinates": [-78.433, 44.154]}, "properties": {"name": "", "v": 0}}, {"type": "Feature", "geometry": {"type": "Point", "coordinates": [-78.426, 44.399]}, "properties": {"name": "", "v": 0}}, {"type": "Feature", "geometry": {"type": "Point", "coordinates": [-78.355, 44.069]}, "properties": {"name": "", "v": 0}}, {"type": "Feature", "geometry": {"type": "Point", "coordinates": [-78.338, 44.721]}, "properties": {"name": "", "v": 0}}, {"type": "Feature", "geometry": {"type": "Point", "coordinates": [-78.338, 44.272]}, "properties": {"name": "", "v": 0}}, {"type": "Feature", "geometry": {"type": "Point", "coordinates": [-78.334, 44.566]}, "properties": {"name": "", "v": 0}}, {"type": "Feature", "geometry": {"type": "Point", "coordinates": [-78.333, 43.978]}, "properties": {"name": "", "v": 0}}, {"type": "Feature", "geometry": {"type": "Point", "coordinates": [-78.323, 43.959]}, "properties": {"name": "", "v": 0}}, {"type": "Feature", "geometry": {"type": "Point", "coordinates": [-78.298, 44.728]}, "properties": {"name": "", "v": 0}}, {"type": "Feature", "geometry": {"type": "Point", "coordinates": [-78.295, 43.953]}, "properties": {"name": "", "v": 0}}, {"type": "Feature", "geometry": {"type": "Point", "coordinates": [-78.292, 44.282]}, "properties": {"name": "", "v": 0}}, {"type": "Feature", "geometry": {"type": "Point", "coordinates": [-78.289, 44.437]}, "properties": {"name": "", "v": 0}}, {"type": "Feature", "geometry": {"type": "Point", "coordinates": [-78.27, 44.089]}, "properties": {"name": "", "v": 0}}, {"type": "Feature", "geometry": {"type": "Point", "coordinates": [-78.268, 44.427]}, "properties": {"name": "", "v": 0}}, {"type": "Feature", "geometry": {"type": "Point", "coordinates": [-78.198, 45.494]}, "properties": {"name": "", "v": 0}}, {"type": "Feature", "geometry": {"type": "Point", "coordinates": [-78.171, 43.957]}, "properties": {"name": "", "v": 0}}, {"type": "Feature", "geometry": {"type": "Point", "coordinates": [-78.163, 43.971]}, "properties": {"name": "", "v": 0}}, {"type": "Feature", "geometry": {"type": "Point", "coordinates": [-78.147, 44.012]}, "properties": {"name": "", "v": 0}}, {"type": "Feature", "geometry": {"type": "Point", "coordinates": [-78.135, 44.12]}, "properties": {"name": "", "v": 0}}, {"type": "Feature", "geometry": {"type": "Point", "coordinates": [-78.083, 44.75]}, "properties": {"name": "", "v": 0}}, {"type": "Feature", "geometry": {"type": "Point", "coordinates": [-78.059, 44.326]}, "properties": {"name": "", "v": 0}}, {"type": "Feature", "geometry": {"type": "Point", "coordinates": [-78.015, 44.612]}, "properties": {"name": "", "v": 0}}, {"type": "Feature", "geometry": {"type": "Point", "coordinates": [-77.998, 44.628]}, "properties": {"name": "", "v": 0}}, {"type": "Feature", "geometry": {"type": "Point", "coordinates": [-77.956, 44.297]}, "properties": {"name": "", "v": 0}}, {"type": "Feature", "geometry": {"type": "Point", "coordinates": [-77.938, 44.069]}, "properties": {"name": "", "v": 0}}, {"type": "Feature", "geometry": {"type": "Point", "coordinates": [-80.383, 43.643]}, "properties": {"name": "", "v": 0}}, {"type": "Feature", "geometry": {"type": "Point", "coordinates": [-80.406, 43.693]}, "properties": {"name": "", "v": 0}}, {"type": "Feature", "geometry": {"type": "Point", "coordinates": [-80.381, 43.701]}, "properties": {"name": "", "v": 0}}, {"type": "Feature", "geometry": {"type": "Point", "coordinates": [-80.374, 43.707]}, "properties": {"name": "Wilson Mill Generating Station", "v": 0}}, {"type": "Feature", "geometry": {"type": "Point", "coordinates": [-80.346, 43.717]}, "properties": {"name": "", "v": 0}}, {"type": "Feature", "geometry": {"type": "Point", "coordinates": [-80.379, 43.719]}, "properties": {"name": "", "v": 0}}, {"type": "Feature", "geometry": {"type": "Point", "coordinates": [-80.159, 43.799]}, "properties": {"name": "", "v": 0}}, {"type": "Feature", "geometry": {"type": "Point", "coordinates": [-80.317, 43.897]}, "properties": {"name": "", "v": 0}}, {"type": "Feature", "geometry": {"type": "Point", "coordinates": [-80.303, 43.906]}, "properties": {"name": "", "v": 0}}, {"type": "Feature", "geometry": {"type": "Point", "coordinates": [-80.208, 44.077]}, "properties": {"name": "", "v": 0}}, {"type": "Feature", "geometry": {"type": "Point", "coordinates": [-80.2, 44.136]}, "properties": {"name": "", "v": 0}}, {"type": "Feature", "geometry": {"type": "Point", "coordinates": [-80.281, 44.47]}, "properties": {"name": "", "v": 0}}, {"type": "Feature", "geometry": {"type": "Point", "coordinates": [-80.13, 44.471]}, "properties": {"name": "", "v": 0}}, {"type": "Feature", "geometry": {"type": "Point", "coordinates": [-80.238, 44.502]}, "properties": {"name": "", "v": 0}}, {"type": "Feature", "geometry": {"type": "Point", "coordinates": [-80.04, 44.502]}, "properties": {"name": "", "v": 0}}, {"type": "Feature", "geometry": {"type": "Point", "coordinates": [-80.027, 45.35]}, "properties": {"name": "", "v": 0}}, {"type": "Feature", "geometry": {"type": "Point", "coordinates": [-80.204, 45.489]}, "properties": {"name": "", "v": 0}}, {"type": "Feature", "geometry": {"type": "Point", "coordinates": [-77.886, 44.597]}, "properties": {"name": "", "v": 0}}, {"type": "Feature", "geometry": {"type": "Point", "coordinates": [-77.847, 44.093]}, "properties": {"name": "", "v": 0}}, {"type": "Feature", "geometry": {"type": "Point", "coordinates": [-77.805, 44.305]}, "properties": {"name": "", "v": 0}}, {"type": "Feature", "geometry": {"type": "Point", "coordinates": [-77.802, 44.292]}, "properties": {"name": "", "v": 0}}, {"type": "Feature", "geometry": {"type": "Point", "coordinates": [-77.734, 44.049]}, "properties": {"name": "", "v": 0}}, {"type": "Feature", "geometry": {"type": "Point", "coordinates": [-77.709, 44.117]}, "properties": {"name": "", "v": 0}}, {"type": "Feature", "geometry": {"type": "Point", "coordinates": [-77.661, 44.498]}, "properties": {"name": "", "v": 0}}, {"type": "Feature", "geometry": {"type": "Point", "coordinates": [-77.658, 44.072]}, "properties": {"name": "", "v": 0}}, {"type": "Feature", "geometry": {"type": "Point", "coordinates": [-77.624, 44.509]}, "properties": {"name": "", "v": 0}}, {"type": "Feature", "geometry": {"type": "Point", "coordinates": [-77.585, 44.044]}, "properties": {"name": "", "v": 0}}, {"type": "Feature", "geometry": {"type": "Point", "coordinates": [-77.542, 44.297]}, "properties": {"name": "", "v": 0}}, {"type": "Feature", "geometry": {"type": "Point", "coordinates": [-77.442, 44.106]}, "properties": {"name": "", "v": 0}}, {"type": "Feature", "geometry": {"type": "Point", "coordinates": [-76.805, 44.167]}, "properties": {"name": "", "v": 0}}, {"type": "Feature", "geometry": {"type": "Point", "coordinates": [-75.719, 45.426]}, "properties": {"name": "", "v": 0}}, {"type": "Feature", "geometry": {"type": "Point", "coordinates": [-75.591, 45.461]}, "properties": {"name": "", "v": 0}}, {"type": "Feature", "geometry": {"type": "Point", "coordinates": [-74.213, 49.898]}, "properties": {"name": "", "v": 0}}, {"type": "Feature", "geometry": {"type": "Point", "coordinates": [-74.197, 49.904]}, "properties": {"name": "", "v": 0}}, {"type": "Feature", "geometry": {"type": "Point", "coordinates": [-75.854, 45.397]}, "properties": {"name": "", "v": 0}}, {"type": "Feature", "geometry": {"type": "Point", "coordinates": [-76.864, 44.368]}, "properties": {"name": "", "v": 0}}, {"type": "Feature", "geometry": {"type": "Point", "coordinates": [-76.868, 44.177]}, "properties": {"name": "", "v": 0}}, {"type": "Feature", "geometry": {"type": "Point", "coordinates": [-76.85, 44.143]}, "properties": {"name": "", "v": 0}}, {"type": "Feature", "geometry": {"type": "Point", "coordinates": [-75.719, 45.425]}, "properties": {"name": "", "v": 0}}, {"type": "Feature", "geometry": {"type": "Point", "coordinates": [-82.56, 45.773]}, "properties": {"name": "", "v": 0}}, {"type": "Feature", "geometry": {"type": "Point", "coordinates": [-82.161, 45.827]}, "properties": {"name": "", "v": 0}}, {"type": "Feature", "geometry": {"type": "Point", "coordinates": [-81.771, 46.068]}, "properties": {"name": "", "v": 0}}, {"type": "Feature", "geometry": {"type": "Point", "coordinates": [-81.513, 46.374]}, "properties": {"name": "", "v": 0}}, {"type": "Feature", "geometry": {"type": "Point", "coordinates": [-82.651, 46.379]}, "properties": {"name": "", "v": 0}}, {"type": "Feature", "geometry": {"type": "Point", "coordinates": [-81.359, 46.423]}, "properties": {"name": "", "v": 0}}, {"type": "Feature", "geometry": {"type": "Point", "coordinates": [-81.32, 46.432]}, "properties": {"name": "", "v": 0}}, {"type": "Feature", "geometry": {"type": "Point", "coordinates": [-81.344, 46.638]}, "properties": {"name": "", "v": 0}}, {"type": "Feature", "geometry": {"type": "Point", "coordinates": [-81.383, 46.646]}, "properties": {"name": "", "v": 0}}, {"type": "Feature", "geometry": {"type": "Point", "coordinates": [-81.403, 47.487]}, "properties": {"name": "", "v": 0}}, {"type": "Feature", "geometry": {"type": "Point", "coordinates": [-82.742, 47.598]}, "properties": {"name": "", "v": 0}}, {"type": "Feature", "geometry": {"type": "Point", "coordinates": [-83.413, 47.842]}, "properties": {"name": "", "v": 0}}, {"type": "Feature", "geometry": {"type": "Point", "coordinates": [-84.063, 48.315]}, "properties": {"name": "", "v": 0}}, {"type": "Feature", "geometry": {"type": "Point", "coordinates": [-81.451, 48.469]}, "properties": {"name": "", "v": 0}}, {"type": "Feature", "geometry": {"type": "Point", "coordinates": [-81.328, 48.482]}, "properties": {"name": "", "v": 0}}, {"type": "Feature", "geometry": {"type": "Point", "coordinates": [-81.372, 48.682]}, "properties": {"name": "", "v": 0}}, {"type": "Feature", "geometry": {"type": "Point", "coordinates": [-81.988, 49.303]}, "properties": {"name": "", "v": 0}}, {"type": "Feature", "geometry": {"type": "Point", "coordinates": [-76.973, 44.209]}, "properties": {"name": "", "v": 0}}, {"type": "Feature", "geometry": {"type": "Point", "coordinates": [-76.991, 44.411]}, "properties": {"name": "", "v": 0}}, {"type": "Feature", "geometry": {"type": "Point", "coordinates": [-77.268, 38.936]}, "properties": {"name": "", "v": 0}}, {"type": "Feature", "geometry": {"type": "Point", "coordinates": [-77.347, 40.454]}, "properties": {"name": "", "v": 0}}, {"type": "Feature", "geometry": {"type": "Point", "coordinates": [-77.117, 43.926]}, "properties": {"name": "", "v": 0}}, {"type": "Feature", "geometry": {"type": "Point", "coordinates": [-77.069, 44.002]}, "properties": {"name": "", "v": 0}}, {"type": "Feature", "geometry": {"type": "Point", "coordinates": [-77.37, 44.074]}, "properties": {"name": "", "v": 0}}, {"type": "Feature", "geometry": {"type": "Point", "coordinates": [-77.203, 44.087]}, "properties": {"name": "", "v": 0}}, {"type": "Feature", "geometry": {"type": "Point", "coordinates": [-77.37, 44.162]}, "properties": {"name": "", "v": 0}}, {"type": "Feature", "geometry": {"type": "Point", "coordinates": [-77.278, 44.165]}, "properties": {"name": "", "v": 0}}, {"type": "Feature", "geometry": {"type": "Point", "coordinates": [-77.339, 44.167]}, "properties": {"name": "", "v": 0}}, {"type": "Feature", "geometry": {"type": "Point", "coordinates": [-77.366, 44.194]}, "properties": {"name": "", "v": 0}}, {"type": "Feature", "geometry": {"type": "Point", "coordinates": [-77.4, 44.202]}, "properties": {"name": "", "v": 0}}, {"type": "Feature", "geometry": {"type": "Point", "coordinates": [-77.235, 44.203]}, "properties": {"name": "", "v": 0}}, {"type": "Feature", "geometry": {"type": "Point", "coordinates": [-77.082, 44.228]}, "properties": {"name": "", "v": 0}}, {"type": "Feature", "geometry": {"type": "Point", "coordinates": [-77.343, 44.303]}, "properties": {"name": "", "v": 0}}, {"type": "Feature", "geometry": {"type": "Point", "coordinates": [-77.386, 44.186]}, "properties": {"name": "Riverside Substation", "v": 0}}, {"type": "Feature", "geometry": {"type": "Point", "coordinates": [-71.495, 41.642]}, "properties": {"name": "", "v": 0}}, {"type": "Feature", "geometry": {"type": "Point", "coordinates": [-71.144, 42.156]}, "properties": {"name": "", "v": 0}}, {"type": "Feature", "geometry": {"type": "Point", "coordinates": [-71.524, 42.581]}, "properties": {"name": "", "v": 0}}, {"type": "Feature", "geometry": {"type": "Point", "coordinates": [-70.997, 42.833]}, "properties": {"name": "Merrimac Municipal Light Department", "v": 0}}, {"type": "Feature", "geometry": {"type": "Point", "coordinates": [-70.972, 44.014]}, "properties": {"name": "", "v": 0}}, {"type": "Feature", "geometry": {"type": "Point", "coordinates": [-70.11, 43.856]}, "properties": {"name": "", "v": 0}}, {"type": "Feature", "geometry": {"type": "Point", "coordinates": [-69.908, 44.852]}, "properties": {"name": "", "v": 0}}, {"type": "Feature", "geometry": {"type": "Point", "coordinates": [-66.971, 44.948]}, "properties": {"name": "", "v": 0}}, {"type": "Feature", "geometry": {"type": "Point", "coordinates": [-65.993, 43.86]}, "properties": {"name": "", "v": 0}}, {"type": "Feature", "geometry": {"type": "Point", "coordinates": [-65.029, 44.91]}, "properties": {"name": "", "v": 0}}, {"type": "Feature", "geometry": {"type": "Point", "coordinates": [-64.139, 44.996]}, "properties": {"name": "", "v": 0}}, {"type": "Feature", "geometry": {"type": "Point", "coordinates": [-63.983, 44.972]}, "properties": {"name": "", "v": 0}}, {"type": "Feature", "geometry": {"type": "Point", "coordinates": [-76.599, 39.292]}, "properties": {"name": "", "v": 0}}, {"type": "Feature", "geometry": {"type": "Point", "coordinates": [-76.782, 39.438]}, "properties": {"name": "", "v": 0}}, {"type": "Feature", "geometry": {"type": "Point", "coordinates": [-75.023, 39.528]}, "properties": {"name": "Shieldolly Tap?", "v": 0}}, {"type": "Feature", "geometry": {"type": "Point", "coordinates": [-75.29, 40.726]}, "properties": {"name": "", "v": 0}}, {"type": "Feature", "geometry": {"type": "Point", "coordinates": [-73.903, 40.805]}, "properties": {"name": "Port Morris Power Station", "v": 0}}, {"type": "Feature", "geometry": {"type": "Point", "coordinates": [-73.218, 41.73]}, "properties": {"name": "", "v": 0}}, {"type": "Feature", "geometry": {"type": "Point", "coordinates": [-72.755, 41.808]}, "properties": {"name": "", "v": 0}}, {"type": "Feature", "geometry": {"type": "Point", "coordinates": [-76.849, 44.143]}, "properties": {"name": "", "v": 0}}, {"type": "Feature", "geometry": {"type": "Point", "coordinates": [-74.787, 45.244]}, "properties": {"name": "", "v": 0}}, {"type": "Feature", "geometry": {"type": "Point", "coordinates": [-73.791, 45.261]}, "properties": {"name": "", "v": 0}}, {"type": "Feature", "geometry": {"type": "Point", "coordinates": [-74.206, 45.297]}, "properties": {"name": "", "v": 0}}, {"type": "Feature", "geometry": {"type": "Point", "coordinates": [-73.29, 45.326]}, "properties": {"name": "", "v": 0}}, {"type": "Feature", "geometry": {"type": "Point", "coordinates": [-75.799, 45.336]}, "properties": {"name": "", "v": 0}}, {"type": "Feature", "geometry": {"type": "Point", "coordinates": [-75.688, 45.336]}, "properties": {"name": "", "v": 0}}, {"type": "Feature", "geometry": {"type": "Point", "coordinates": [-76.276, 45.336]}, "properties": {"name": "", "v": 0}}, {"type": "Feature", "geometry": {"type": "Point", "coordinates": [-71.923, 45.382]}, "properties": {"name": "", "v": 0}}, {"type": "Feature", "geometry": {"type": "Point", "coordinates": [-75.7, 45.402]}, "properties": {"name": "", "v": 0}}, {"type": "Feature", "geometry": {"type": "Point", "coordinates": [-73.503, 45.407]}, "properties": {"name": "", "v": 0}}, {"type": "Feature", "geometry": {"type": "Point", "coordinates": [-75.724, 45.427]}, "properties": {"name": "", "v": 0}}, {"type": "Feature", "geometry": {"type": "Point", "coordinates": [-75.619, 45.452]}, "properties": {"name": "", "v": 0}}, {"type": "Feature", "geometry": {"type": "Point", "coordinates": [-73.577, 45.469]}, "properties": {"name": "Hydro-Qu\u00e9bec - Poste Roll-Royce", "v": 0}}, {"type": "Feature", "geometry": {"type": "Point", "coordinates": [-73.596, 45.477]}, "properties": {"name": "Hydro Westmount", "v": 0}}, {"type": "Feature", "geometry": {"type": "Point", "coordinates": [-73.429, 45.517]}, "properties": {"name": "", "v": 0}}, {"type": "Feature", "geometry": {"type": "Point", "coordinates": [-73.751, 45.557]}, "properties": {"name": "Poste Plouffe", "v": 0}}, {"type": "Feature", "geometry": {"type": "Point", "coordinates": [-73.579, 45.56]}, "properties": {"name": "", "v": 0}}, {"type": "Feature", "geometry": {"type": "Point", "coordinates": [-72.137, 45.587]}, "properties": {"name": "", "v": 0}}, {"type": "Feature", "geometry": {"type": "Point", "coordinates": [-72.56, 45.651]}, "properties": {"name": "", "v": 0}}, {"type": "Feature", "geometry": {"type": "Point", "coordinates": [-73.847, 45.744]}, "properties": {"name": "", "v": 0}}, {"type": "Feature", "geometry": {"type": "Point", "coordinates": [-71.925, 45.771]}, "properties": {"name": "", "v": 0}}, {"type": "Feature", "geometry": {"type": "Point", "coordinates": [-73.999, 45.774]}, "properties": {"name": "", "v": 0}}, {"type": "Feature", "geometry": {"type": "Point", "coordinates": [-71.925, 45.779]}, "properties": {"name": "", "v": 0}}, {"type": "Feature", "geometry": {"type": "Point", "coordinates": [-73.253, 45.836]}, "properties": {"name": "", "v": 0}}, {"type": "Feature", "geometry": {"type": "Point", "coordinates": [-73.731, 46.046]}, "properties": {"name": "", "v": 0}}, {"type": "Feature", "geometry": {"type": "Point", "coordinates": [-73.032, 44.634]}, "properties": {"name": "", "v": 0}}, {"type": "Feature", "geometry": {"type": "Point", "coordinates": [-72.836, 46.288]}, "properties": {"name": "", "v": 0}}, {"type": "Feature", "geometry": {"type": "Point", "coordinates": [-72.696, 46.607]}, "properties": {"name": "", "v": 0}}, {"type": "Feature", "geometry": {"type": "Point", "coordinates": [-72.546, 46.354]}, "properties": {"name": "", "v": 0}}, {"type": "Feature", "geometry": {"type": "Point", "coordinates": [-72.53, 48.989]}, "properties": {"name": "", "v": 0}}, {"type": "Feature", "geometry": {"type": "Point", "coordinates": [-72.495, 46.37]}, "properties": {"name": "", "v": 0}}, {"type": "Feature", "geometry": {"type": "Point", "coordinates": [-72.083, 46.706]}, "properties": {"name": "", "v": 0}}, {"type": "Feature", "geometry": {"type": "Point", "coordinates": [-71.786, 48.406]}, "properties": {"name": "", "v": 0}}, {"type": "Feature", "geometry": {"type": "Point", "coordinates": [-71.779, 48.485]}, "properties": {"name": "", "v": 0}}, {"type": "Feature", "geometry": {"type": "Point", "coordinates": [-71.666, 48.449]}, "properties": {"name": "", "v": 0}}, {"type": "Feature", "geometry": {"type": "Point", "coordinates": [-71.658, 48.565]}, "properties": {"name": "", "v": 0}}, {"type": "Feature", "geometry": {"type": "Point", "coordinates": [-71.614, 46.907]}, "properties": {"name": "", "v": 0}}, {"type": "Feature", "geometry": {"type": "Point", "coordinates": [-71.495, 46.889]}, "properties": {"name": "", "v": 0}}, {"type": "Feature", "geometry": {"type": "Point", "coordinates": [-71.475, 46.881]}, "properties": {"name": "", "v": 0}}, {"type": "Feature", "geometry": {"type": "Point", "coordinates": [-71.366, 46.017]}, "properties": {"name": "", "v": 0}}, {"type": "Feature", "geometry": {"type": "Point", "coordinates": [-71.352, 46.045]}, "properties": {"name": "", "v": 0}}, {"type": "Feature", "geometry": {"type": "Point", "coordinates": [-71.309, 46.085]}, "properties": {"name": "", "v": 0}}, {"type": "Feature", "geometry": {"type": "Point", "coordinates": [-71.306, 46.086]}, "properties": {"name": "", "v": 0}}, {"type": "Feature", "geometry": {"type": "Point", "coordinates": [-71.183, 48.414]}, "properties": {"name": "", "v": 0}}, {"type": "Feature", "geometry": {"type": "Point", "coordinates": [-71.144, 48.435]}, "properties": {"name": "", "v": 0}}, {"type": "Feature", "geometry": {"type": "Point", "coordinates": [-68.009, 46.699]}, "properties": {"name": "", "v": 0}}, {"type": "Feature", "geometry": {"type": "Point", "coordinates": [-67.845, 46.124]}, "properties": {"name": "", "v": 0}}, {"type": "Feature", "geometry": {"type": "Point", "coordinates": [-67.613, 46.447]}, "properties": {"name": "", "v": 0}}, {"type": "Feature", "geometry": {"type": "Point", "coordinates": [-67.61, 46.999]}, "properties": {"name": "", "v": 0}}, {"type": "Feature", "geometry": {"type": "Point", "coordinates": [-67.535, 46.312]}, "properties": {"name": "", "v": 0}}, {"type": "Feature", "geometry": {"type": "Point", "coordinates": [-67.458, 45.892]}, "properties": {"name": "", "v": 0}}, {"type": "Feature", "geometry": {"type": "Point", "coordinates": [-67.221, 46.092]}, "properties": {"name": "", "v": 0}}, {"type": "Feature", "geometry": {"type": "Point", "coordinates": [-67.221, 46.546]}, "properties": {"name": "", "v": 0}}, {"type": "Feature", "geometry": {"type": "Point", "coordinates": [-67.133, 45.656]}, "properties": {"name": "", "v": 0}}, {"type": "Feature", "geometry": {"type": "Point", "coordinates": [-66.7, 45.945]}, "properties": {"name": "", "v": 0}}, {"type": "Feature", "geometry": {"type": "Point", "coordinates": [-66.64, 45.963]}, "properties": {"name": "", "v": 0}}, {"type": "Feature", "geometry": {"type": "Point", "coordinates": [-66.633, 45.805]}, "properties": {"name": "", "v": 0}}, {"type": "Feature", "geometry": {"type": "Point", "coordinates": [-66.621, 46.183]}, "properties": {"name": "", "v": 0}}, {"type": "Feature", "geometry": {"type": "Point", "coordinates": [-66.613, 45.907]}, "properties": {"name": "", "v": 0}}, {"type": "Feature", "geometry": {"type": "Point", "coordinates": [-66.513, 45.843]}, "properties": {"name": "", "v": 0}}, {"type": "Feature", "geometry": {"type": "Point", "coordinates": [-65.89, 47.472]}, "properties": {"name": "", "v": 0}}, {"type": "Feature", "geometry": {"type": "Point", "coordinates": [-65.89, 47.481]}, "properties": {"name": "", "v": 0}}, {"type": "Feature", "geometry": {"type": "Point", "coordinates": [-65.889, 47.477]}, "properties": {"name": "", "v": 0}}, {"type": "Feature", "geometry": {"type": "Point", "coordinates": [-65.887, 47.484]}, "properties": {"name": "", "v": 0}}, {"type": "Feature", "geometry": {"type": "Point", "coordinates": [-65.819, 47.398]}, "properties": {"name": "", "v": 0}}, {"type": "Feature", "geometry": {"type": "Point", "coordinates": [-65.806, 47.734]}, "properties": {"name": "", "v": 0}}, {"type": "Feature", "geometry": {"type": "Point", "coordinates": [-65.806, 47.809]}, "properties": {"name": "", "v": 0}}, {"type": "Feature", "geometry": {"type": "Point", "coordinates": [-65.794, 45.932]}, "properties": {"name": "", "v": 0}}, {"type": "Feature", "geometry": {"type": "Point", "coordinates": [-65.794, 46.798]}, "properties": {"name": "", "v": 0}}, {"type": "Feature", "geometry": {"type": "Point", "coordinates": [-65.762, 47.474]}, "properties": {"name": "", "v": 0}}, {"type": "Feature", "geometry": {"type": "Point", "coordinates": [-65.71, 47.72]}, "properties": {"name": "", "v": 0}}, {"type": "Feature", "geometry": {"type": "Point", "coordinates": [-65.651, 47.578]}, "properties": {"name": "", "v": 0}}, {"type": "Feature", "geometry": {"type": "Point", "coordinates": [-64.79, 46.085]}, "properties": {"name": "", "v": 0}}, {"type": "Feature", "geometry": {"type": "Point", "coordinates": [-64.711, 45.944]}, "properties": {"name": "", "v": 0}}, {"type": "Feature", "geometry": {"type": "Point", "coordinates": [-64.54, 45.977]}, "properties": {"name": "", "v": 0}}, {"type": "Feature", "geometry": {"type": "Point", "coordinates": [-66.287, 47.979]}, "properties": {"name": "", "v": 0}}, {"type": "Feature", "geometry": {"type": "Point", "coordinates": [-65.979, 47.917]}, "properties": {"name": "", "v": 0}}, {"type": "Feature", "geometry": {"type": "Point", "coordinates": [-64.989, 48.168]}, "properties": {"name": "", "v": 0}}, {"type": "Feature", "geometry": {"type": "Point", "coordinates": [-65.054, 50.295]}, "properties": {"name": "", "v": 0}}, {"type": "Feature", "geometry": {"type": "Point", "coordinates": [-61.105, 45.606]}, "properties": {"name": "", "v": 0}}, {"type": "Feature", "geometry": {"type": "Point", "coordinates": [-60.193, 46.154]}, "properties": {"name": "", "v": 0}}, {"type": "Feature", "geometry": {"type": "Point", "coordinates": [-56.792, 48.814]}, "properties": {"name": "Buchan's Terminal Station", "v": 0}}, {"type": "Feature", "geometry": {"type": "Point", "coordinates": [-103.705, 19.288]}, "properties": {"name": "", "v": 0}}, {"type": "Feature", "geometry": {"type": "Point", "coordinates": [-103.703, 19.286]}, "properties": {"name": "", "v": 0}}, {"type": "Feature", "geometry": {"type": "Point", "coordinates": [-103.702, 19.286]}, "properties": {"name": "", "v": 0}}, {"type": "Feature", "geometry": {"type": "Point", "coordinates": [-103.7, 19.285]}, "properties": {"name": "", "v": 0}}, {"type": "Feature", "geometry": {"type": "Point", "coordinates": [-103.378, 20.744]}, "properties": {"name": "", "v": 0}}, {"type": "Feature", "geometry": {"type": "Point", "coordinates": [-102.028, 19.396]}, "properties": {"name": "CFE", "v": 0}}, {"type": "Feature", "geometry": {"type": "Point", "coordinates": [-101.776, 19.797]}, "properties": {"name": "", "v": 0}}, {"type": "Feature", "geometry": {"type": "Point", "coordinates": [-100.463, 19.56]}, "properties": {"name": "", "v": 0}}, {"type": "Feature", "geometry": {"type": "Point", "coordinates": [-100.384, 20.588]}, "properties": {"name": "Comisi\u00f3n Federal de Electricidad", "v": 0}}, {"type": "Feature", "geometry": {"type": "Point", "coordinates": [-100.343, 19.429]}, "properties": {"name": "", "v": 0}}, {"type": "Feature", "geometry": {"type": "Point", "coordinates": [-100.298, 18.923]}, "properties": {"name": "", "v": 0}}, {"type": "Feature", "geometry": {"type": "Point", "coordinates": [-99.878, 16.863]}, "properties": {"name": "CFE", "v": 0}}, {"type": "Feature", "geometry": {"type": "Point", "coordinates": [-99.527, 19.954]}, "properties": {"name": "", "v": 0}}, {"type": "Feature", "geometry": {"type": "Point", "coordinates": [-99.466, 19.165]}, "properties": {"name": "", "v": 0}}, {"type": "Feature", "geometry": {"type": "Point", "coordinates": [-99.233, 18.838]}, "properties": {"name": "", "v": 0}}, {"type": "Feature", "geometry": {"type": "Point", "coordinates": [-99.221, 19.388]}, "properties": {"name": "Compa\u00f1\u00eda de luz", "v": 0}}, {"type": "Feature", "geometry": {"type": "Point", "coordinates": [-99.2, 18.851]}, "properties": {"name": "", "v": 0}}, {"type": "Feature", "geometry": {"type": "Point", "coordinates": [-99.2, 18.852]}, "properties": {"name": "", "v": 0}}, {"type": "Feature", "geometry": {"type": "Point", "coordinates": [-99.134, 19.509]}, "properties": {"name": "", "v": 0}}, {"type": "Feature", "geometry": {"type": "Point", "coordinates": [-99.132, 19.498]}, "properties": {"name": "", "v": 0}}, {"type": "Feature", "geometry": {"type": "Point", "coordinates": [-99.084, 19.415]}, "properties": {"name": "", "v": 0}}, {"type": "Feature", "geometry": {"type": "Point", "coordinates": [-99.084, 19.414]}, "properties": {"name": "", "v": 0}}, {"type": "Feature", "geometry": {"type": "Point", "coordinates": [-99.084, 19.415]}, "properties": {"name": "", "v": 0}}, {"type": "Feature", "geometry": {"type": "Point", "coordinates": [-99.083, 19.415]}, "properties": {"name": "", "v": 0}}, {"type": "Feature", "geometry": {"type": "Point", "coordinates": [-98.441, 19.285]}, "properties": {"name": "", "v": 0}}, {"type": "Feature", "geometry": {"type": "Point", "coordinates": [-96.957, 19.455]}, "properties": {"name": "CFE", "v": 0}}, {"type": "Feature", "geometry": {"type": "Point", "coordinates": [-87.436, 20.219]}, "properties": {"name": "", "v": 0}}, {"type": "Feature", "geometry": {"type": "Point", "coordinates": [-88.203, 20.706]}, "properties": {"name": "", "v": 0}}, {"type": "Feature", "geometry": {"type": "Point", "coordinates": [-87.925, 20.662]}, "properties": {"name": "", "v": 0}}, {"type": "Feature", "geometry": {"type": "Point", "coordinates": [-95.192, 16.174]}, "properties": {"name": "Alumbrado Publico e Industrial", "v": 0}}, {"type": "Feature", "geometry": {"type": "Point", "coordinates": [-98.06, 20.195]}, "properties": {"name": "", "v": 0}}, {"type": "Feature", "geometry": {"type": "Point", "coordinates": [-100.126, 19.203]}, "properties": {"name": "", "v": 0}}, {"type": "Feature", "geometry": {"type": "Point", "coordinates": [-99.132, 19.509]}, "properties": {"name": "", "v": 0}}, {"type": "Feature", "geometry": {"type": "Point", "coordinates": [-103.434, 20.747]}, "properties": {"name": "", "v": 0}}, {"type": "Feature", "geometry": {"type": "Point", "coordinates": [-157.953, 21.425]}, "properties": {"name": "", "v": 0}}, {"type": "Feature", "geometry": {"type": "Point", "coordinates": [-118.44, 34.675]}, "properties": {"name": "", "v": 0}}, {"type": "Feature", "geometry": {"type": "Point", "coordinates": [-118.088, 33.744]}, "properties": {"name": "", "v": 0}}, {"type": "Feature", "geometry": {"type": "Point", "coordinates": [-117.224, 32.871]}, "properties": {"name": "", "v": 0}}, {"type": "Feature", "geometry": {"type": "Point", "coordinates": [-117.224, 32.871]}, "properties": {"name": "", "v": 0}}, {"type": "Feature", "geometry": {"type": "Point", "coordinates": [-116.945, 32.567]}, "properties": {"name": "", "v": 0}}, {"type": "Feature", "geometry": {"type": "Point", "coordinates": [-116.944, 32.567]}, "properties": {"name": "", "v": 0}}, {"type": "Feature", "geometry": {"type": "Point", "coordinates": [-116.857, 34.03]}, "properties": {"name": "Big Oaks Powerhouse", "v": 0}}, {"type": "Feature", "geometry": {"type": "Point", "coordinates": [-116.667, 31.869]}, "properties": {"name": "", "v": 0}}, {"type": "Feature", "geometry": {"type": "Point", "coordinates": [-116.643, 32.575]}, "properties": {"name": "", "v": 0}}, {"type": "Feature", "geometry": {"type": "Point", "coordinates": [-116.316, 34.136]}, "properties": {"name": "", "v": 0}}, {"type": "Feature", "geometry": {"type": "Point", "coordinates": [-115.408, 32.656]}, "properties": {"name": "", "v": 0}}, {"type": "Feature", "geometry": {"type": "Point", "coordinates": [-112.311, 34.582]}, "properties": {"name": "", "v": 0}}, {"type": "Feature", "geometry": {"type": "Point", "coordinates": [-110.964, 29.122]}, "properties": {"name": "", "v": 0}}, {"type": "Feature", "geometry": {"type": "Point", "coordinates": [-110.963, 29.122]}, "properties": {"name": "", "v": 0}}, {"type": "Feature", "geometry": {"type": "Point", "coordinates": [-110.963, 29.121]}, "properties": {"name": "", "v": 0}}, {"type": "Feature", "geometry": {"type": "Point", "coordinates": [-110.963, 29.121]}, "properties": {"name": "", "v": 0}}, {"type": "Feature", "geometry": {"type": "Point", "coordinates": [-110.961, 29.12]}, "properties": {"name": "", "v": 0}}, {"type": "Feature", "geometry": {"type": "Point", "coordinates": [-110.961, 29.122]}, "properties": {"name": "", "v": 0}}, {"type": "Feature", "geometry": {"type": "Point", "coordinates": [-110.961, 29.122]}, "properties": {"name": "", "v": 0}}, {"type": "Feature", "geometry": {"type": "Point", "coordinates": [-122.26, 37.529]}, "properties": {"name": "", "v": 0}}, {"type": "Feature", "geometry": {"type": "Point", "coordinates": [-122.259, 37.522]}, "properties": {"name": "", "v": 0}}, {"type": "Feature", "geometry": {"type": "Point", "coordinates": [-122.258, 37.531]}, "properties": {"name": "", "v": 0}}, {"type": "Feature", "geometry": {"type": "Point", "coordinates": [-122.256, 37.52]}, "properties": {"name": "", "v": 0}}, {"type": "Feature", "geometry": {"type": "Point", "coordinates": [-122.254, 37.529]}, "properties": {"name": "", "v": 0}}, {"type": "Feature", "geometry": {"type": "Point", "coordinates": [-122.253, 37.536]}, "properties": {"name": "", "v": 0}}, {"type": "Feature", "geometry": {"type": "Point", "coordinates": [-122.253, 37.521]}, "properties": {"name": "", "v": 0}}, {"type": "Feature", "geometry": {"type": "Point", "coordinates": [-122.253, 37.525]}, "properties": {"name": "", "v": 0}}, {"type": "Feature", "geometry": {"type": "Point", "coordinates": [-122.253, 37.528]}, "properties": {"name": "", "v": 0}}, {"type": "Feature", "geometry": {"type": "Point", "coordinates": [-122.252, 37.525]}, "properties": {"name": "", "v": 0}}, {"type": "Feature", "geometry": {"type": "Point", "coordinates": [-122.251, 37.526]}, "properties": {"name": "", "v": 0}}, {"type": "Feature", "geometry": {"type": "Point", "coordinates": [-122.245, 37.543]}, "properties": {"name": "", "v": 0}}, {"type": "Feature", "geometry": {"type": "Point", "coordinates": [-122.245, 37.545]}, "properties": {"name": "", "v": 0}}, {"type": "Feature", "geometry": {"type": "Point", "coordinates": [-122.245, 37.544]}, "properties": {"name": "", "v": 0}}, {"type": "Feature", "geometry": {"type": "Point", "coordinates": [-122.244, 37.545]}, "properties": {"name": "", "v": 0}}, {"type": "Feature", "geometry": {"type": "Point", "coordinates": [-122.244, 37.544]}, "properties": {"name": "", "v": 0}}, {"type": "Feature", "geometry": {"type": "Point", "coordinates": [-122.244, 37.544]}, "properties": {"name": "", "v": 0}}, {"type": "Feature", "geometry": {"type": "Point", "coordinates": [-122.243, 37.533]}, "properties": {"name": "", "v": 0}}, {"type": "Feature", "geometry": {"type": "Point", "coordinates": [-122.241, 37.544]}, "properties": {"name": "", "v": 0}}, {"type": "Feature", "geometry": {"type": "Point", "coordinates": [-122.24, 37.547]}, "properties": {"name": "", "v": 0}}, {"type": "Feature", "geometry": {"type": "Point", "coordinates": [-122.24, 37.547]}, "properties": {"name": "", "v": 0}}, {"type": "Feature", "geometry": {"type": "Point", "coordinates": [-122.238, 37.541]}, "properties": {"name": "", "v": 0}}, {"type": "Feature", "geometry": {"type": "Point", "coordinates": [-122.236, 37.536]}, "properties": {"name": "", "v": 0}}, {"type": "Feature", "geometry": {"type": "Point", "coordinates": [-122.231, 37.806]}, "properties": {"name": "", "v": 0}}, {"type": "Feature", "geometry": {"type": "Point", "coordinates": [-122.055, 36.998]}, "properties": {"name": "", "v": 0}}, {"type": "Feature", "geometry": {"type": "Point", "coordinates": [-121.62, 37.139]}, "properties": {"name": "Geocache in Electrical Box", "v": 0}}, {"type": "Feature", "geometry": {"type": "Point", "coordinates": [-120.3, 37.809]}, "properties": {"name": "Moccasin Creek Power House", "v": 0}}, {"type": "Feature", "geometry": {"type": "Point", "coordinates": [-99.244, 36.143]}, "properties": {"name": "", "v": 0}}, {"type": "Feature", "geometry": {"type": "Point", "coordinates": [-99.244, 36.143]}, "properties": {"name": "", "v": 0}}, {"type": "Feature", "geometry": {"type": "Point", "coordinates": [-98.975, 36.144]}, "properties": {"name": "", "v": 0}}, {"type": "Feature", "geometry": {"type": "Point", "coordinates": [-115.068, 35.944]}, "properties": {"name": "", "v": 0}}, {"type": "Feature", "geometry": {"type": "Point", "coordinates": [-121.208, 37.064]}, "properties": {"name": "", "v": 0}}, {"type": "Feature", "geometry": {"type": "Point", "coordinates": [-122.257, 37.531]}, "properties": {"name": "", "v": 0}}, {"type": "Feature", "geometry": {"type": "Point", "coordinates": [-122.258, 37.531]}, "properties": {"name": "", "v": 0}}, {"type": "Feature", "geometry": {"type": "Point", "coordinates": [-122.505, 37.753]}, "properties": {"name": "Noriega Substation", "v": 0}}, {"type": "Feature", "geometry": {"type": "Point", "coordinates": [-122.478, 37.754]}, "properties": {"name": "21st Avenue Substation", "v": 0}}, {"type": "Feature", "geometry": {"type": "Point", "coordinates": [-122.465, 37.802]}, "properties": {"name": "Battery Substation", "v": 0}}, {"type": "Feature", "geometry": {"type": "Point", "coordinates": [-122.414, 37.774]}, "properties": {"name": "", "v": 0}}, {"type": "Feature", "geometry": {"type": "Point", "coordinates": [-122.413, 37.764]}, "properties": {"name": "", "v": 0}}, {"type": "Feature", "geometry": {"type": "Point", "coordinates": [-122.41, 37.767]}, "properties": {"name": "", "v": 0}}, {"type": "Feature", "geometry": {"type": "Point", "coordinates": [-122.409, 37.763]}, "properties": {"name": "", "v": 0}}, {"type": "Feature", "geometry": {"type": "Point", "coordinates": [-122.409, 37.767]}, "properties": {"name": "", "v": 0}}, {"type": "Feature", "geometry": {"type": "Point", "coordinates": [-122.409, 37.767]}, "properties": {"name": "", "v": 0}}, {"type": "Feature", "geometry": {"type": "Point", "coordinates": [-122.408, 37.769]}, "properties": {"name": "", "v": 0}}, {"type": "Feature", "geometry": {"type": "Point", "coordinates": [-122.408, 37.766]}, "properties": {"name": "", "v": 0}}, {"type": "Feature", "geometry": {"type": "Point", "coordinates": [-122.406, 37.767]}, "properties": {"name": "", "v": 0}}, {"type": "Feature", "geometry": {"type": "Point", "coordinates": [-122.39, 37.761]}, "properties": {"name": "", "v": 0}}, {"type": "Feature", "geometry": {"type": "Point", "coordinates": [-122.386, 37.767]}, "properties": {"name": "", "v": 0}}, {"type": "Feature", "geometry": {"type": "Point", "coordinates": [-122.32, 37.822]}, "properties": {"name": "", "v": 0}}, {"type": "Feature", "geometry": {"type": "Point", "coordinates": [-122.31, 37.824]}, "properties": {"name": "", "v": 0}}, {"type": "Feature", "geometry": {"type": "Point", "coordinates": [-122.309, 37.823]}, "properties": {"name": "", "v": 0}}, {"type": "Feature", "geometry": {"type": "Point", "coordinates": [-122.306, 37.824]}, "properties": {"name": "", "v": 0}}, {"type": "Feature", "geometry": {"type": "Point", "coordinates": [-122.216, 37.826]}, "properties": {"name": "Wood Substation", "v": 0}}, {"type": "Feature", "geometry": {"type": "Point", "coordinates": [-122.478, 37.84]}, "properties": {"name": "", "v": 0}}, {"type": "Feature", "geometry": {"type": "Point", "coordinates": [-122.709, 38.44]}, "properties": {"name": "", "v": 0}}, {"type": "Feature", "geometry": {"type": "Point", "coordinates": [-121.249, 38.747]}, "properties": {"name": "Central Utilities Plant", "v": 0}}, {"type": "Feature", "geometry": {"type": "Point", "coordinates": [-121.019, 38.914]}, "properties": {"name": "Mountain Quarries Substation", "v": 0}}, {"type": "Feature", "geometry": {"type": "Point", "coordinates": [-120.446, 38.147]}, "properties": {"name": "", "v": 0}}, {"type": "Feature", "geometry": {"type": "Point", "coordinates": [-120.112, 38.187]}, "properties": {"name": "", "v": 0}}, {"type": "Feature", "geometry": {"type": "Point", "coordinates": [-120.077, 38.203]}, "properties": {"name": "", "v": 0}}, {"type": "Feature", "geometry": {"type": "Point", "coordinates": [-122.28, 37.854]}, "properties": {"name": "Russell Substation", "v": 0}}, {"type": "Feature", "geometry": {"type": "Point", "coordinates": [-122.382, 40.573]}, "properties": {"name": "", "v": 0}}, {"type": "Feature", "geometry": {"type": "Point", "coordinates": [-122.382, 40.574]}, "properties": {"name": "", "v": 0}}, {"type": "Feature", "geometry": {"type": "Point", "coordinates": [-122.379, 40.574]}, "properties": {"name": "", "v": 0}}, {"type": "Feature", "geometry": {"type": "Point", "coordinates": [-122.377, 40.575]}, "properties": {"name": "", "v": 0}}, {"type": "Feature", "geometry": {"type": "Point", "coordinates": [-122.372, 40.574]}, "properties": {"name": "", "v": 0}}, {"type": "Feature", "geometry": {"type": "Point", "coordinates": [-122.372, 40.578]}, "properties": {"name": "", "v": 0}}, {"type": "Feature", "geometry": {"type": "Point", "coordinates": [-122.369, 40.571]}, "properties": {"name": "", "v": 0}}, {"type": "Feature", "geometry": {"type": "Point", "coordinates": [-122.368, 40.57]}, "properties": {"name": "", "v": 0}}, {"type": "Feature", "geometry": {"type": "Point", "coordinates": [-122.365, 40.572]}, "properties": {"name": "", "v": 0}}, {"type": "Feature", "geometry": {"type": "Point", "coordinates": [-122.364, 40.571]}, "properties": {"name": "T2933L", "v": 0}}, {"type": "Feature", "geometry": {"type": "Point", "coordinates": [-122.364, 40.57]}, "properties": {"name": "", "v": 0}}, {"type": "Feature", "geometry": {"type": "Point", "coordinates": [-109.586, 40.463]}, "properties": {"name": "", "v": 0}}, {"type": "Feature", "geometry": {"type": "Point", "coordinates": [-109.529, 40.463]}, "properties": {"name": "", "v": 0}}, {"type": "Feature", "geometry": {"type": "Point", "coordinates": [-104.903, 39.677]}, "properties": {"name": "", "v": 0}}, {"type": "Feature", "geometry": {"type": "Point", "coordinates": [-105.1, 39.922]}, "properties": {"name": "", "v": 0}}, {"type": "Feature", "geometry": {"type": "Point", "coordinates": [-98.673, 39.785]}, "properties": {"name": "", "v": 0}}, {"type": "Feature", "geometry": {"type": "Point", "coordinates": [-122.335, 40.537]}, "properties": {"name": "", "v": 0}}, {"type": "Feature", "geometry": {"type": "Point", "coordinates": [-122.335, 40.538]}, "properties": {"name": "", "v": 0}}, {"type": "Feature", "geometry": {"type": "Point", "coordinates": [-122.317, 40.548]}, "properties": {"name": "", "v": 0}}, {"type": "Feature", "geometry": {"type": "Point", "coordinates": [-122.318, 40.548]}, "properties": {"name": "", "v": 0}}, {"type": "Feature", "geometry": {"type": "Point", "coordinates": [-122.319, 40.549]}, "properties": {"name": "", "v": 0}}, {"type": "Feature", "geometry": {"type": "Point", "coordinates": [-122.323, 40.549]}, "properties": {"name": "", "v": 0}}, {"type": "Feature", "geometry": {"type": "Point", "coordinates": [-122.325, 40.549]}, "properties": {"name": "", "v": 0}}, {"type": "Feature", "geometry": {"type": "Point", "coordinates": [-122.319, 40.55]}, "properties": {"name": "", "v": 0}}, {"type": "Feature", "geometry": {"type": "Point", "coordinates": [-122.319, 40.55]}, "properties": {"name": "", "v": 0}}, {"type": "Feature", "geometry": {"type": "Point", "coordinates": [-122.32, 40.551]}, "properties": {"name": "", "v": 0}}, {"type": "Feature", "geometry": {"type": "Point", "coordinates": [-122.325, 40.557]}, "properties": {"name": "", "v": 0}}, {"type": "Feature", "geometry": {"type": "Point", "coordinates": [-122.325, 40.557]}, "properties": {"name": "", "v": 0}}, {"type": "Feature", "geometry": {"type": "Point", "coordinates": [-122.353, 40.569]}, "properties": {"name": "", "v": 0}}, {"type": "Feature", "geometry": {"type": "Point", "coordinates": [-122.355, 40.572]}, "properties": {"name": "", "v": 0}}, {"type": "Feature", "geometry": {"type": "Point", "coordinates": [-122.352, 40.576]}, "properties": {"name": "", "v": 0}}, {"type": "Feature", "geometry": {"type": "Point", "coordinates": [-122.357, 40.578]}, "properties": {"name": "", "v": 0}}, {"type": "Feature", "geometry": {"type": "Point", "coordinates": [-122.355, 40.578]}, "properties": {"name": "", "v": 0}}, {"type": "Feature", "geometry": {"type": "Point", "coordinates": [-122.356, 40.579]}, "properties": {"name": "", "v": 0}}, {"type": "Feature", "geometry": {"type": "Point", "coordinates": [-122.357, 40.58]}, "properties": {"name": "", "v": 0}}, {"type": "Feature", "geometry": {"type": "Point", "coordinates": [-122.355, 40.583]}, "properties": {"name": "", "v": 0}}, {"type": "Feature", "geometry": {"type": "Point", "coordinates": [-122.355, 40.583]}, "properties": {"name": "", "v": 0}}, {"type": "Feature", "geometry": {"type": "Point", "coordinates": [-122.333, 40.589]}, "properties": {"name": "", "v": 0}}, {"type": "Feature", "geometry": {"type": "Point", "coordinates": [-122.352, 40.589]}, "properties": {"name": "", "v": 0}}, {"type": "Feature", "geometry": {"type": "Point", "coordinates": [-122.353, 40.59]}, "properties": {"name": "", "v": 0}}, {"type": "Feature", "geometry": {"type": "Point", "coordinates": [-122.345, 40.593]}, "properties": {"name": "", "v": 0}}, {"type": "Feature", "geometry": {"type": "Point", "coordinates": [-122.354, 40.593]}, "properties": {"name": "", "v": 0}}, {"type": "Feature", "geometry": {"type": "Point", "coordinates": [-122.417, 40.578]}, "properties": {"name": "", "v": 0}}, {"type": "Feature", "geometry": {"type": "Point", "coordinates": [-122.402, 40.586]}, "properties": {"name": "", "v": 0}}, {"type": "Feature", "geometry": {"type": "Point", "coordinates": [-122.398, 40.585]}, "properties": {"name": "", "v": 0}}, {"type": "Feature", "geometry": {"type": "Point", "coordinates": [-122.393, 40.582]}, "properties": {"name": "", "v": 0}}, {"type": "Feature", "geometry": {"type": "Point", "coordinates": [-122.389, 40.587]}, "properties": {"name": "", "v": 0}}, {"type": "Feature", "geometry": {"type": "Point", "coordinates": [-122.387, 40.573]}, "properties": {"name": "", "v": 0}}, {"type": "Feature", "geometry": {"type": "Point", "coordinates": [-122.386, 40.576]}, "properties": {"name": "", "v": 0}}, {"type": "Feature", "geometry": {"type": "Point", "coordinates": [-122.385, 40.576]}, "properties": {"name": "", "v": 0}}, {"type": "Feature", "geometry": {"type": "Point", "coordinates": [-122.384, 40.576]}, "properties": {"name": "", "v": 0}}, {"type": "Feature", "geometry": {"type": "Point", "coordinates": [-122.384, 40.573]}, "properties": {"name": "", "v": 0}}, {"type": "Feature", "geometry": {"type": "Point", "coordinates": [-122.39, 40.588]}, "properties": {"name": "", "v": 0}}, {"type": "Feature", "geometry": {"type": "Point", "coordinates": [-122.398, 40.587]}, "properties": {"name": "", "v": 0}}, {"type": "Feature", "geometry": {"type": "Point", "coordinates": [-122.398, 40.587]}, "properties": {"name": "", "v": 0}}, {"type": "Feature", "geometry": {"type": "Point", "coordinates": [-122.359, 40.6]}, "properties": {"name": "", "v": 0}}, {"type": "Feature", "geometry": {"type": "Point", "coordinates": [-122.359, 40.601]}, "properties": {"name": "", "v": 0}}, {"type": "Feature", "geometry": {"type": "Point", "coordinates": [-122.358, 40.597]}, "properties": {"name": "", "v": 0}}, {"type": "Feature", "geometry": {"type": "Point", "coordinates": [-122.358, 40.598]}, "properties": {"name": "", "v": 0}}, {"type": "Feature", "geometry": {"type": "Point", "coordinates": [-122.357, 40.598]}, "properties": {"name": "", "v": 0}}, {"type": "Feature", "geometry": {"type": "Point", "coordinates": [-122.356, 40.599]}, "properties": {"name": "", "v": 0}}, {"type": "Feature", "geometry": {"type": "Point", "coordinates": [-122.356, 40.598]}, "properties": {"name": "", "v": 0}}, {"type": "Feature", "geometry": {"type": "Point", "coordinates": [-122.352, 40.589]}, "properties": {"name": "", "v": 0}}, {"type": "Feature", "geometry": {"type": "Point", "coordinates": [-122.345, 40.587]}, "properties": {"name": "", "v": 0}}, {"type": "Feature", "geometry": {"type": "Point", "coordinates": [-121.316, 50.79]}, "properties": {"name": "", "v": 0}}, {"type": "Feature", "geometry": {"type": "Point", "coordinates": [-121.295, 50.558]}, "properties": {"name": "", "v": 0}}, {"type": "Feature", "geometry": {"type": "Point", "coordinates": [-120.67, 47.055]}, "properties": {"name": "Puget Sound Station", "v": 0}}, {"type": "Feature", "geometry": {"type": "Point", "coordinates": [-122.346, 40.594]}, "properties": {"name": "", "v": 0}}, {"type": "Feature", "geometry": {"type": "Point", "coordinates": [-122.348, 40.595]}, "properties": {"name": "", "v": 0}}, {"type": "Feature", "geometry": {"type": "Point", "coordinates": [-122.357, 40.599]}, "properties": {"name": "", "v": 0}}, {"type": "Feature", "geometry": {"type": "Point", "coordinates": [-122.354, 40.6]}, "properties": {"name": "", "v": 0}}, {"type": "Feature", "geometry": {"type": "Point", "coordinates": [-122.356, 40.6]}, "properties": {"name": "", "v": 0}}, {"type": "Feature", "geometry": {"type": "Point", "coordinates": [-122.355, 40.6]}, "properties": {"name": "", "v": 0}}, {"type": "Feature", "geometry": {"type": "Point", "coordinates": [-122.202, 47.577]}, "properties": {"name": "", "v": 0}}, {"type": "Feature", "geometry": {"type": "Point", "coordinates": [-122.196, 47.579]}, "properties": {"name": "", "v": 0}}, {"type": "Feature", "geometry": {"type": "Point", "coordinates": [-122.32, 47.618]}, "properties": {"name": "TPSS #66", "v": 0}}, {"type": "Feature", "geometry": {"type": "Point", "coordinates": [-122.312, 47.621]}, "properties": {"name": "Capitol Rectifier Sub. No. 6", "v": 0}}, {"type": "Feature", "geometry": {"type": "Point", "coordinates": [-122.325, 47.632]}, "properties": {"name": "", "v": 0}}, {"type": "Feature", "geometry": {"type": "Point", "coordinates": [-121.658, 51.868]}, "properties": {"name": "", "v": 0}}, {"type": "Feature", "geometry": {"type": "Point", "coordinates": [-121.832, 50.876]}, "properties": {"name": "", "v": 0}}, {"type": "Feature", "geometry": {"type": "Point", "coordinates": [-122.395, 40.594]}, "properties": {"name": "", "v": 0}}, {"type": "Feature", "geometry": {"type": "Point", "coordinates": [-122.393, 40.594]}, "properties": {"name": "", "v": 0}}, {"type": "Feature", "geometry": {"type": "Point", "coordinates": [-122.41, 40.595]}, "properties": {"name": "", "v": 0}}, {"type": "Feature", "geometry": {"type": "Point", "coordinates": [-122.401, 40.595]}, "properties": {"name": "", "v": 0}}, {"type": "Feature", "geometry": {"type": "Point", "coordinates": [-122.405, 40.597]}, "properties": {"name": "", "v": 0}}, {"type": "Feature", "geometry": {"type": "Point", "coordinates": [-122.406, 40.597]}, "properties": {"name": "", "v": 0}}, {"type": "Feature", "geometry": {"type": "Point", "coordinates": [-122.404, 40.597]}, "properties": {"name": "", "v": 0}}, {"type": "Feature", "geometry": {"type": "Point", "coordinates": [-122.394, 40.597]}, "properties": {"name": "", "v": 0}}, {"type": "Feature", "geometry": {"type": "Point", "coordinates": [-122.407, 40.597]}, "properties": {"name": "", "v": 0}}, {"type": "Feature", "geometry": {"type": "Point", "coordinates": [-122.401, 40.597]}, "properties": {"name": "", "v": 0}}, {"type": "Feature", "geometry": {"type": "Point", "coordinates": [-122.401, 40.597]}, "properties": {"name": "", "v": 0}}, {"type": "Feature", "geometry": {"type": "Point", "coordinates": [-122.386, 40.6]}, "properties": {"name": "", "v": 0}}, {"type": "Feature", "geometry": {"type": "Point", "coordinates": [-122.378, 40.608]}, "properties": {"name": "", "v": 0}}, {"type": "Feature", "geometry": {"type": "Point", "coordinates": [-122.395, 40.623]}, "properties": {"name": "", "v": 0}}, {"type": "Feature", "geometry": {"type": "Point", "coordinates": [-122.399, 40.624]}, "properties": {"name": "", "v": 0}}, {"type": "Feature", "geometry": {"type": "Point", "coordinates": [-122.406, 40.626]}, "properties": {"name": "", "v": 0}}, {"type": "Feature", "geometry": {"type": "Point", "coordinates": [-122.397, 40.623]}, "properties": {"name": "", "v": 0}}, {"type": "Feature", "geometry": {"type": "Point", "coordinates": [-122.367, 40.655]}, "properties": {"name": "", "v": 0}}, {"type": "Feature", "geometry": {"type": "Point", "coordinates": [-122.365, 40.655]}, "properties": {"name": "", "v": 0}}, {"type": "Feature", "geometry": {"type": "Point", "coordinates": [-122.361, 40.655]}, "properties": {"name": "", "v": 0}}, {"type": "Feature", "geometry": {"type": "Point", "coordinates": [-122.362, 40.655]}, "properties": {"name": "", "v": 0}}, {"type": "Feature", "geometry": {"type": "Point", "coordinates": [-122.36, 40.656]}, "properties": {"name": "", "v": 0}}, {"type": "Feature", "geometry": {"type": "Point", "coordinates": [-122.37, 40.656]}, "properties": {"name": "", "v": 0}}, {"type": "Feature", "geometry": {"type": "Point", "coordinates": [-122.366, 40.656]}, "properties": {"name": "", "v": 0}}, {"type": "Feature", "geometry": {"type": "Point", "coordinates": [-122.363, 40.656]}, "properties": {"name": "", "v": 0}}, {"type": "Feature", "geometry": {"type": "Point", "coordinates": [-122.365, 40.656]}, "properties": {"name": "", "v": 0}}, {"type": "Feature", "geometry": {"type": "Point", "coordinates": [-122.369, 40.656]}, "properties": {"name": "", "v": 0}}, {"type": "Feature", "geometry": {"type": "Point", "coordinates": [-122.367, 40.656]}, "properties": {"name": "", "v": 0}}, {"type": "Feature", "geometry": {"type": "Point", "coordinates": [-122.363, 40.657]}, "properties": {"name": "", "v": 0}}, {"type": "Feature", "geometry": {"type": "Point", "coordinates": [-122.365, 40.657]}, "properties": {"name": "", "v": 0}}, {"type": "Feature", "geometry": {"type": "Point", "coordinates": [-122.368, 40.657]}, "properties": {"name": "", "v": 0}}, {"type": "Feature", "geometry": {"type": "Point", "coordinates": [-122.37, 40.657]}, "properties": {"name": "", "v": 0}}, {"type": "Feature", "geometry": {"type": "Point", "coordinates": [-122.367, 40.657]}, "properties": {"name": "", "v": 0}}, {"type": "Feature", "geometry": {"type": "Point", "coordinates": [-122.364, 40.657]}, "properties": {"name": "", "v": 0}}, {"type": "Feature", "geometry": {"type": "Point", "coordinates": [-122.366, 40.658]}, "properties": {"name": "", "v": 0}}, {"type": "Feature", "geometry": {"type": "Point", "coordinates": [-122.363, 40.658]}, "properties": {"name": "", "v": 0}}, {"type": "Feature", "geometry": {"type": "Point", "coordinates": [-122.368, 40.658]}, "properties": {"name": "", "v": 0}}, {"type": "Feature", "geometry": {"type": "Point", "coordinates": [-122.364, 40.658]}, "properties": {"name": "", "v": 0}}, {"type": "Feature", "geometry": {"type": "Point", "coordinates": [-122.369, 40.658]}, "properties": {"name": "", "v": 0}}, {"type": "Feature", "geometry": {"type": "Point", "coordinates": [-122.366, 40.659]}, "properties": {"name": "", "v": 0}}, {"type": "Feature", "geometry": {"type": "Point", "coordinates": [-122.365, 40.659]}, "properties": {"name": "", "v": 0}}, {"type": "Feature", "geometry": {"type": "Point", "coordinates": [-122.37, 40.659]}, "properties": {"name": "", "v": 0}}, {"type": "Feature", "geometry": {"type": "Point", "coordinates": [-122.373, 40.66]}, "properties": {"name": "", "v": 0}}, {"type": "Feature", "geometry": {"type": "Point", "coordinates": [-122.368, 40.66]}, "properties": {"name": "", "v": 0}}, {"type": "Feature", "geometry": {"type": "Point", "coordinates": [-122.367, 40.66]}, "properties": {"name": "", "v": 0}}, {"type": "Feature", "geometry": {"type": "Point", "coordinates": [-122.37, 40.661]}, "properties": {"name": "", "v": 0}}, {"type": "Feature", "geometry": {"type": "Point", "coordinates": [-122.369, 40.661]}, "properties": {"name": "", "v": 0}}, {"type": "Feature", "geometry": {"type": "Point", "coordinates": [-122.37, 40.662]}, "properties": {"name": "", "v": 0}}, {"type": "Feature", "geometry": {"type": "Point", "coordinates": [-122.361, 40.664]}, "properties": {"name": "", "v": 0}}, {"type": "Feature", "geometry": {"type": "Point", "coordinates": [-122.362, 40.664]}, "properties": {"name": "", "v": 0}}, {"type": "Feature", "geometry": {"type": "Point", "coordinates": [-122.358, 40.664]}, "properties": {"name": "", "v": 0}}, {"type": "Feature", "geometry": {"type": "Point", "coordinates": [-122.361, 40.665]}, "properties": {"name": "", "v": 0}}, {"type": "Feature", "geometry": {"type": "Point", "coordinates": [-89.631, 40.699]}, "properties": {"name": "", "v": 0}}, {"type": "Feature", "geometry": {"type": "Point", "coordinates": [-122.374, 40.66]}, "properties": {"name": "", "v": 0}}, {"type": "Feature", "geometry": {"type": "Point", "coordinates": [-122.374, 40.661]}, "properties": {"name": "", "v": 0}}, {"type": "Feature", "geometry": {"type": "Point", "coordinates": [-122.372, 40.661]}, "properties": {"name": "", "v": 0}}, {"type": "Feature", "geometry": {"type": "Point", "coordinates": [-122.372, 40.661]}, "properties": {"name": "", "v": 0}}, {"type": "Feature", "geometry": {"type": "Point", "coordinates": [-122.371, 40.661]}, "properties": {"name": "", "v": 0}}, {"type": "Feature", "geometry": {"type": "Point", "coordinates": [-122.371, 40.659]}, "properties": {"name": "", "v": 0}}, {"type": "Feature", "geometry": {"type": "Point", "coordinates": [-114.229, 42.432]}, "properties": {"name": "Artesian Substation", "v": 0}}, {"type": "Feature", "geometry": {"type": "Point", "coordinates": [-114.01, 42.345]}, "properties": {"name": "Buckhorn Substation", "v": 0}}, {"type": "Feature", "geometry": {"type": "Point", "coordinates": [-121.27, 44.143]}, "properties": {"name": "", "v": 0}}, {"type": "Feature", "geometry": {"type": "Point", "coordinates": [-91.919, 42.461]}, "properties": {"name": "", "v": 0}}, {"type": "Feature", "geometry": {"type": "Point", "coordinates": [-111.833, 41.767]}, "properties": {"name": "", "v": 0}}, {"type": "Feature", "geometry": {"type": "Point", "coordinates": [-122.359, 40.665]}, "properties": {"name": "", "v": 0}}, {"type": "Feature", "geometry": {"type": "Point", "coordinates": [-122.35, 40.68]}, "properties": {"name": "", "v": 0}}, {"type": "Feature", "geometry": {"type": "Point", "coordinates": [-122.364, 40.68]}, "properties": {"name": "", "v": 0}}, {"type": "Feature", "geometry": {"type": "Point", "coordinates": [-122.371, 40.681]}, "properties": {"name": "", "v": 0}}, {"type": "Feature", "geometry": {"type": "Point", "coordinates": [-122.36, 41.985]}, "properties": {"name": "Fall Creek Powerhouse", "v": 0}}, {"type": "Feature", "geometry": {"type": "Point", "coordinates": [-123.307, 42.452]}, "properties": {"name": "", "v": 0}}, {"type": "Feature", "geometry": {"type": "Point", "coordinates": [-123.002, 44.95]}, "properties": {"name": "", "v": 0}}, {"type": "Feature", "geometry": {"type": "Point", "coordinates": [-123.732, 46.687]}, "properties": {"name": "Pacific County PUD #2", "v": 0}}, {"type": "Feature", "geometry": {"type": "Point", "coordinates": [-122.96, 47.057]}, "properties": {"name": "", "v": 0}}, {"type": "Feature", "geometry": {"type": "Point", "coordinates": [-122.388, 47.638]}, "properties": {"name": "", "v": 0}}, {"type": "Feature", "geometry": {"type": "Point", "coordinates": [-123.106, 48.074]}, "properties": {"name": "", "v": 0}}, {"type": "Feature", "geometry": {"type": "Point", "coordinates": [-123.332, 49.37]}, "properties": {"name": "", "v": 0}}, {"type": "Feature", "geometry": {"type": "Point", "coordinates": [-123.332, 49.371]}, "properties": {"name": "", "v": 0}}, {"type": "Feature", "geometry": {"type": "Point", "coordinates": [-123.332, 49.371]}, "properties": {"name": "", "v": 0}}, {"type": "Feature", "geometry": {"type": "Point", "coordinates": [-125.313, 52.46]}, "properties": {"name": "", "v": 0}}, {"type": "Feature", "geometry": {"type": "Point", "coordinates": [-123.068, 49.263]}, "properties": {"name": "Commercial Substation", "v": 0}}, {"type": "Feature", "geometry": {"type": "Point", "coordinates": [-123.119, 49.288]}, "properties": {"name": "Waterfront Substation", "v": 0}}, {"type": "Feature", "geometry": {"type": "Point", "coordinates": [-122.99, 49.325]}, "properties": {"name": "", "v": 0}}, {"type": "Feature", "geometry": {"type": "Point", "coordinates": [-122.856, 50.84]}, "properties": {"name": "", "v": 0}}, {"type": "Feature", "geometry": {"type": "Point", "coordinates": [-122.735, 53.875]}, "properties": {"name": "", "v": 0}}, {"type": "Feature", "geometry": {"type": "Point", "coordinates": [-122.673, 53.885]}, "properties": {"name": "", "v": 0}}, {"type": "Feature", "geometry": {"type": "Point", "coordinates": [-134.7, 60.176]}, "properties": {"name": "", "v": 0}}, {"type": "Feature", "geometry": {"type": "Point", "coordinates": [-126.626, 55.323]}, "properties": {"name": "", "v": 0}}, {"type": "Feature", "geometry": {"type": "Point", "coordinates": [-98.684, 50.386]}, "properties": {"name": "", "v": 0}}, {"type": "Feature", "geometry": {"type": "Point", "coordinates": [-99.83, 50.255]}, "properties": {"name": "", "v": 0}}, {"type": "Feature", "geometry": {"type": "Point", "coordinates": [-98.546, 49.528]}, "properties": {"name": "", "v": 0}}, {"type": "Feature", "geometry": {"type": "Point", "coordinates": [-98.658, 49.399]}, "properties": {"name": "", "v": 0}}, {"type": "Feature", "geometry": {"type": "Point", "coordinates": [-98.521, 49.306]}, "properties": {"name": "", "v": 0}}, {"type": "Feature", "geometry": {"type": "Point", "coordinates": [-98.521, 49.237]}, "properties": {"name": "", "v": 0}}, {"type": "Feature", "geometry": {"type": "Point", "coordinates": [-99.646, 49.812]}, "properties": {"name": "", "v": 0}}, {"type": "Feature", "geometry": {"type": "Point", "coordinates": [-99.713, 49.858]}, "properties": {"name": "", "v": 0}}, {"type": "Feature", "geometry": {"type": "Point", "coordinates": [-99.677, 49.577]}, "properties": {"name": "", "v": 0}}, {"type": "Feature", "geometry": {"type": "Point", "coordinates": [-99.246, 49.253]}, "properties": {"name": "", "v": 0}}, {"type": "Feature", "geometry": {"type": "Point", "coordinates": [-99.632, 49.404]}, "properties": {"name": "", "v": 0}}, {"type": "Feature", "geometry": {"type": "Point", "coordinates": [-98.363, 49.193]}, "properties": {"name": "", "v": 0}}, {"type": "Feature", "geometry": {"type": "Point", "coordinates": [-98.239, 49.369]}, "properties": {"name": "", "v": 0}}, {"type": "Feature", "geometry": {"type": "Point", "coordinates": [-97.173, 49.792]}, "properties": {"name": "", "v": 0}}, {"type": "Feature", "geometry": {"type": "Point", "coordinates": [-97.121, 49.906]}, "properties": {"name": "", "v": 0}}, {"type": "Feature", "geometry": {"type": "Point", "coordinates": [-98.331, 49.95]}, "properties": {"name": "", "v": 0}}, {"type": "Feature", "geometry": {"type": "Point", "coordinates": [-98.009, 50.05]}, "properties": {"name": "", "v": 0}}, {"type": "Feature", "geometry": {"type": "Point", "coordinates": [-96.974, 49.44]}, "properties": {"name": "", "v": 0}}, {"type": "Feature", "geometry": {"type": "Point", "coordinates": [-96.063, 50.259]}, "properties": {"name": "", "v": 0}}, {"type": "Feature", "geometry": {"type": "Point", "coordinates": [-95.567, 50.219]}, "properties": {"name": "", "v": 0}}, {"type": "Feature", "geometry": {"type": "Point", "coordinates": [-96.02, 50.461]}, "properties": {"name": "", "v": 0}}, {"type": "Feature", "geometry": {"type": "Point", "coordinates": [-99.916, 49.835]}, "properties": {"name": "", "v": 0}}, {"type": "Feature", "geometry": {"type": "Point", "coordinates": [-99.961, 49.592]}, "properties": {"name": "", "v": 0}}, {"type": "Feature", "geometry": {"type": "Point", "coordinates": [-102.965, 52.581]}, "properties": {"name": "", "v": 0}}, {"type": "Feature", "geometry": {"type": "Point", "coordinates": [-102.406, 51.881]}, "properties": {"name": "", "v": 0}}, {"type": "Feature", "geometry": {"type": "Point", "coordinates": [-102.429, 51.652]}, "properties": {"name": "", "v": 0}}, {"type": "Feature", "geometry": {"type": "Point", "coordinates": [-101.309, 50.934]}, "properties": {"name": "", "v": 0}}, {"type": "Feature", "geometry": {"type": "Point", "coordinates": [-101.458, 50.761]}, "properties": {"name": "", "v": 0}}, {"type": "Feature", "geometry": {"type": "Point", "coordinates": [-102.772, 50.922]}, "properties": {"name": "", "v": 0}}, {"type": "Feature", "geometry": {"type": "Point", "coordinates": [-103.54, 50.801]}, "properties": {"name": "", "v": 0}}, {"type": "Feature", "geometry": {"type": "Point", "coordinates": [-102.347, 50.018]}, "properties": {"name": "", "v": 0}}, {"type": "Feature", "geometry": {"type": "Point", "coordinates": [-102.884, 46.543]}, "properties": {"name": "", "v": 0}}, {"type": "Feature", "geometry": {"type": "Point", "coordinates": [-99.945, 51.643]}, "properties": {"name": "", "v": 0}}, {"type": "Feature", "geometry": {"type": "Point", "coordinates": [-100.329, 51.798]}, "properties": {"name": "", "v": 0}}, {"type": "Feature", "geometry": {"type": "Point", "coordinates": [-101.086, 52.391]}, "properties": {"name": "", "v": 0}}, {"type": "Feature", "geometry": {"type": "Point", "coordinates": [-101.105, 52.741]}, "properties": {"name": "", "v": 0}}, {"type": "Feature", "geometry": {"type": "Point", "coordinates": [-96.531, 50.636]}, "properties": {"name": "", "v": 0}}, {"type": "Feature", "geometry": {"type": "Point", "coordinates": [-96.271, 51.113]}, "properties": {"name": "Hydro Substation", "v": 0}}, {"type": "Feature", "geometry": {"type": "Point", "coordinates": [-101.041, 53.977]}, "properties": {"name": "", "v": 0}}, {"type": "Feature", "geometry": {"type": "Point", "coordinates": [-99.964, 54.855]}, "properties": {"name": "", "v": 0}}, {"type": "Feature", "geometry": {"type": "Point", "coordinates": [-99.945, 54.858]}, "properties": {"name": "", "v": 0}}, {"type": "Feature", "geometry": {"type": "Point", "coordinates": [-98.14, 55.479]}, "properties": {"name": "", "v": 0}}, {"type": "Feature", "geometry": {"type": "Point", "coordinates": [-98.169, 55.494]}, "properties": {"name": "", "v": 0}}, {"type": "Feature", "geometry": {"type": "Point", "coordinates": [-97.68, 55.323]}, "properties": {"name": "", "v": 0}}, {"type": "Feature", "geometry": {"type": "Point", "coordinates": [-99.658, 56.477]}, "properties": {"name": "", "v": 0}}, {"type": "Feature", "geometry": {"type": "Point", "coordinates": [-119.581, 49.599]}, "properties": {"name": "", "v": 0}}, {"type": "Feature", "geometry": {"type": "Point", "coordinates": [-119.58, 49.59]}, "properties": {"name": "", "v": 0}}, {"type": "Feature", "geometry": {"type": "Point", "coordinates": [-119.392, 50.018]}, "properties": {"name": "", "v": 0}}, {"type": "Feature", "geometry": {"type": "Point", "coordinates": [-118.884, 54.117]}, "properties": {"name": "Kakwa Ridge", "v": 0}}, {"type": "Feature", "geometry": {"type": "Point", "coordinates": [-117.521, 57.592]}, "properties": {"name": "", "v": 0}}, {"type": "Feature", "geometry": {"type": "Point", "coordinates": [-117.507, 49.035]}, "properties": {"name": "", "v": 0}}, {"type": "Feature", "geometry": {"type": "Point", "coordinates": [-117.135, 56.044]}, "properties": {"name": "", "v": 0}}, {"type": "Feature", "geometry": {"type": "Point", "coordinates": [-116.616, 53.795]}, "properties": {"name": "Deer Hill", "v": 0}}, {"type": "Feature", "geometry": {"type": "Point", "coordinates": [-116.58, 49.198]}, "properties": {"name": "", "v": 0}}, {"type": "Feature", "geometry": {"type": "Point", "coordinates": [-114.973, 55.609]}, "properties": {"name": "Narrows Creek", "v": 0}}, {"type": "Feature", "geometry": {"type": "Point", "coordinates": [-114.476, 54.065]}, "properties": {"name": "", "v": 0}}, {"type": "Feature", "geometry": {"type": "Point", "coordinates": [-114.448, 62.467]}, "properties": {"name": "", "v": 0}}, {"type": "Feature", "geometry": {"type": "Point", "coordinates": [-114.39, 54.131]}, "properties": {"name": "", "v": 0}}, {"type": "Feature", "geometry": {"type": "Point", "coordinates": [-114.365, 62.488]}, "properties": {"name": "", "v": 0}}, {"type": "Feature", "geometry": {"type": "Point", "coordinates": [-114.358, 62.491]}, "properties": {"name": "", "v": 0}}, {"type": "Feature", "geometry": {"type": "Point", "coordinates": [-114.047, 50.702]}, "properties": {"name": "Big Rock", "v": 0}}, {"type": "Feature", "geometry": {"type": "Point", "coordinates": [-114.024, 54.008]}, "properties": {"name": "", "v": 0}}, {"type": "Feature", "geometry": {"type": "Point", "coordinates": [-113.813, 51.009]}, "properties": {"name": "", "v": 0}}, {"type": "Feature", "geometry": {"type": "Point", "coordinates": [-113.676, 49.66]}, "properties": {"name": "", "v": 0}}, {"type": "Feature", "geometry": {"type": "Point", "coordinates": [-113.616, 53.716]}, "properties": {"name": "", "v": 0}}, {"type": "Feature", "geometry": {"type": "Point", "coordinates": [-113.565, 53.704]}, "properties": {"name": "", "v": 0}}, {"type": "Feature", "geometry": {"type": "Point", "coordinates": [-113.41, 53.841]}, "properties": {"name": "", "v": 0}}, {"type": "Feature", "geometry": {"type": "Point", "coordinates": [-113.391, 50.166]}, "properties": {"name": "East Stavely", "v": 0}}, {"type": "Feature", "geometry": {"type": "Point", "coordinates": [-113.024, 53.883]}, "properties": {"name": "", "v": 0}}, {"type": "Feature", "geometry": {"type": "Point", "coordinates": [-111.157, 50.215]}, "properties": {"name": "Meter Station", "v": 0}}, {"type": "Feature", "geometry": {"type": "Point", "coordinates": [-110.747, 49.785]}, "properties": {"name": "Tothill", "v": 0}}, {"type": "Feature", "geometry": {"type": "Point", "coordinates": [-108.383, 49.204]}, "properties": {"name": "", "v": 0}}, {"type": "Feature", "geometry": {"type": "Point", "coordinates": [-108.511, 49.76]}, "properties": {"name": "", "v": 0}}, {"type": "Feature", "geometry": {"type": "Point", "coordinates": [-108.511, 49.76]}, "properties": {"name": "", "v": 0}}, {"type": "Feature", "geometry": {"type": "Point", "coordinates": [-110.767, 52.348]}, "properties": {"name": "Eyre", "v": 0}}, {"type": "Feature", "geometry": {"type": "Point", "coordinates": [-109.285, 53.09]}, "properties": {"name": "", "v": 0}}, {"type": "Feature", "geometry": {"type": "Point", "coordinates": [-108.458, 53.034]}, "properties": {"name": "", "v": 0}}, {"type": "Feature", "geometry": {"type": "Point", "coordinates": [-108.877, 53.336]}, "properties": {"name": "", "v": 0}}, {"type": "Feature", "geometry": {"type": "Point", "coordinates": [-111.475, 54.272]}, "properties": {"name": "Norberg", "v": 0}}, {"type": "Feature", "geometry": {"type": "Point", "coordinates": [-110.5, 54.204]}, "properties": {"name": "Beartrap", "v": 0}}, {"type": "Feature", "geometry": {"type": "Point", "coordinates": [-105.799, 52.921]}, "properties": {"name": "", "v": 0}}, {"type": "Feature", "geometry": {"type": "Point", "coordinates": [-93.428, 44.906]}, "properties": {"name": "", "v": 0}}, {"type": "Feature", "geometry": {"type": "Point", "coordinates": [-93.412, 44.913]}, "properties": {"name": "", "v": 0}}, {"type": "Feature", "geometry": {"type": "Point", "coordinates": [-92.917, 44.507]}, "properties": {"name": "", "v": 0}}, {"type": "Feature", "geometry": {"type": "Point", "coordinates": [-92.844, 49.783]}, "properties": {"name": "", "v": 0}}, {"type": "Feature", "geometry": {"type": "Point", "coordinates": [-92.827, 49.775]}, "properties": {"name": "", "v": 0}}, {"type": "Feature", "geometry": {"type": "Point", "coordinates": [-91.323, 48.749]}, "properties": {"name": "", "v": 0}}, {"type": "Feature", "geometry": {"type": "Point", "coordinates": [-92.769, 49.839]}, "properties": {"name": "", "v": 0}}, {"type": "Feature", "geometry": {"type": "Point", "coordinates": [-89.698, 46.373]}, "properties": {"name": "", "v": 0}}, {"type": "Feature", "geometry": {"type": "Point", "coordinates": [-89.198, 48.452]}, "properties": {"name": "", "v": 0}}, {"type": "Feature", "geometry": {"type": "Point", "coordinates": [-88.28, 48.948]}, "properties": {"name": "", "v": 0}}, {"type": "Feature", "geometry": {"type": "Point", "coordinates": [-87.542, 49.685]}, "properties": {"name": "", "v": 0}}, {"type": "Feature", "geometry": {"type": "Point", "coordinates": [-103.553, 32.051]}, "properties": {"name": "", "v": 0}}, {"type": "Feature", "geometry": {"type": "Point", "coordinates": [-101.732, 32.403]}, "properties": {"name": "", "v": 0}}, {"type": "Feature", "geometry": {"type": "Point", "coordinates": [-101.728, 32.403]}, "properties": {"name": "", "v": 0}}, {"type": "Feature", "geometry": {"type": "Point", "coordinates": [-100.296, 25.999]}, "properties": {"name": "", "v": 0}}, {"type": "Feature", "geometry": {"type": "Point", "coordinates": [-100.056, 25.798]}, "properties": {"name": "", "v": 0}}, {"type": "Feature", "geometry": {"type": "Point", "coordinates": [-97.575, 30.606]}, "properties": {"name": "Oncor Electric Delivery - Hutto", "v": 0}}, {"type": "Feature", "geometry": {"type": "Point", "coordinates": [-96.907, 31.257]}, "properties": {"name": "", "v": 0}}, {"type": "Feature", "geometry": {"type": "Point", "coordinates": [-95.653, 29.56]}, "properties": {"name": "", "v": 0}}, {"type": "Feature", "geometry": {"type": "Point", "coordinates": [-95.07, 29.718]}, "properties": {"name": "", "v": 0}}, {"type": "Feature", "geometry": {"type": "Point", "coordinates": [-97.468, 25.925]}, "properties": {"name": "Brownsville Public Utility Board Administration Building", "v": 0}}, {"type": "Feature", "geometry": {"type": "Point", "coordinates": [-87.484, 31.1]}, "properties": {"name": "Wind Creek Substation", "v": 0}}, {"type": "Feature", "geometry": {"type": "Point", "coordinates": [-84.565, 39.296]}, "properties": {"name": "", "v": 0}}, {"type": "Feature", "geometry": {"type": "Point", "coordinates": [-89.389, 40.116]}, "properties": {"name": "", "v": 0}}, {"type": "Feature", "geometry": {"type": "Point", "coordinates": [-85.244, 41.268]}, "properties": {"name": "LAOTTOTP", "v": 0}}, {"type": "Feature", "geometry": {"type": "Point", "coordinates": [-88.119, 41.749]}, "properties": {"name": "", "v": 0}}, {"type": "Feature", "geometry": {"type": "Point", "coordinates": [-87.611, 41.822]}, "properties": {"name": "Bronzeville Community Microgrid Substation", "v": 0}}, {"type": "Feature", "geometry": {"type": "Point", "coordinates": [-88.116, 41.873]}, "properties": {"name": "", "v": 0}}, {"type": "Feature", "geometry": {"type": "Point", "coordinates": [-88.051, 41.88]}, "properties": {"name": "", "v": 0}}, {"type": "Feature", "geometry": {"type": "Point", "coordinates": [-87.805, 41.887]}, "properties": {"name": "CTA Harlem Substation", "v": 0}}, {"type": "Feature", "geometry": {"type": "Point", "coordinates": [-88.136, 42.16]}, "properties": {"name": "", "v": 0}}, {"type": "Feature", "geometry": {"type": "Point", "coordinates": [-88.389, 43.02]}, "properties": {"name": "", "v": 0}}, {"type": "Feature", "geometry": {"type": "Point", "coordinates": [-87.905, 43.035]}, "properties": {"name": "", "v": 0}}, {"type": "Feature", "geometry": {"type": "Point", "coordinates": [-87.917, 43.036]}, "properties": {"name": "Everett Substation", "v": 0}}, {"type": "Feature", "geometry": {"type": "Point", "coordinates": [-87.954, 43.148]}, "properties": {"name": "", "v": 0}}, {"type": "Feature", "geometry": {"type": "Point", "coordinates": [-88.078, 43.193]}, "properties": {"name": "", "v": 0}}, {"type": "Feature", "geometry": {"type": "Point", "coordinates": [-88.078, 43.193]}, "properties": {"name": "", "v": 0}}, {"type": "Feature", "geometry": {"type": "Point", "coordinates": [-88.267, 44.289]}, "properties": {"name": "", "v": 0}}, {"type": "Feature", "geometry": {"type": "Point", "coordinates": [-84.384, 46.553]}, "properties": {"name": "", "v": 0}}, {"type": "Feature", "geometry": {"type": "Point", "coordinates": [-84.779, 49.213]}, "properties": {"name": "", "v": 0}}, {"type": "Feature", "geometry": {"type": "Point", "coordinates": [-86.954, 49.708]}, "properties": {"name": "", "v": 0}}, {"type": "Feature", "geometry": {"type": "Point", "coordinates": [-86.96, 49.742]}, "properties": {"name": "", "v": 0}}, {"type": "Feature", "geometry": {"type": "Point", "coordinates": [-89.534, 53.847]}, "properties": {"name": "Wapekeka Generating Station", "v": 0}}, {"type": "Feature", "geometry": {"type": "Point", "coordinates": [-88.455, 42.583]}, "properties": {"name": "", "v": 0}}, {"type": "Feature", "geometry": {"type": "Point", "coordinates": [-84.999, 43.944]}, "properties": {"name": "", "v": 0}}, {"type": "Feature", "geometry": {"type": "Point", "coordinates": [-122.306, 37.824]}, "properties": {"name": "", "v": 0}}, {"type": "Feature", "geometry": {"type": "Point", "coordinates": [-122.298, 37.82]}, "properties": {"name": "", "v": 0}}, {"type": "Feature", "geometry": {"type": "Point", "coordinates": [-111.52, 38.316]}, "properties": {"name": "", "v": 0}}, {"type": "Feature", "geometry": {"type": "Point", "coordinates": [-111.432, 38.289]}, "properties": {"name": "", "v": 0}}, {"type": "Feature", "geometry": {"type": "Point", "coordinates": [-90.975, 38.542]}, "properties": {"name": "", "v": 0}}, {"type": "Feature", "geometry": {"type": "Point", "coordinates": [-88.344, 37.43]}, "properties": {"name": "", "v": 0}}, {"type": "Feature", "geometry": {"type": "Point", "coordinates": [-87.693, 37.165]}, "properties": {"name": "", "v": 0}}]}