{"type": "FeatureCollection", "features": [{"type": "Feature", "id": 0, "geometry": {"type": "Point", "coordinates": [37.026, 38.347]}, "properties": {"name": "Af\u015fin-Elbistan power stations", "fuel": "coal", "mw": 340.0, "country": "TUR", "status": "operating"}}, {"type": "Feature", "id": 1, "geometry": {"type": "Point", "coordinates": [37.026, 38.347]}, "properties": {"name": "Af\u015fin-Elbistan power stations", "fuel": "coal", "mw": 340.0, "country": "TUR", "status": "operating"}}, {"type": "Feature", "id": 2, "geometry": {"type": "Point", "coordinates": [37.026, 38.347]}, "properties": {"name": "Af\u015fin-Elbistan power stations", "fuel": "coal", "mw": 340.0, "country": "TUR", "status": "operating"}}, {"type": "Feature", "id": 3, "geometry": {"type": "Point", "coordinates": [36.981, 38.353]}, "properties": {"name": "Af\u015fin-Elbistan power stations", "fuel": "coal", "mw": 360.0, "country": "TUR", "status": "operating"}}, {"type": "Feature", "id": 4, "geometry": {"type": "Point", "coordinates": [36.981, 38.353]}, "properties": {"name": "Af\u015fin-Elbistan power stations", "fuel": "coal", "mw": 360.0, "country": "TUR", "status": "operating"}}, {"type": "Feature", "id": 5, "geometry": {"type": "Point", "coordinates": [36.981, 38.353]}, "properties": {"name": "Af\u015fin-Elbistan power stations", "fuel": "coal", "mw": 360.0, "country": "TUR", "status": "operating"}}, {"type": "Feature", "id": 6, "geometry": {"type": "Point", "coordinates": [36.981, 38.353]}, "properties": {"name": "Af\u015fin-Elbistan power stations", "fuel": "coal", "mw": 360.0, "country": "TUR", "status": "operating"}}, {"type": "Feature", "id": 7, "geometry": {"type": "Point", "coordinates": [29.406, 40.691]}, "properties": {"name": "Aksa Akrilik power station", "fuel": "coal", "mw": 100.0, "country": "TUR", "status": "operating"}}, {"type": "Feature", "id": 8, "geometry": {"type": "Point", "coordinates": [36.209, 36.69]}, "properties": {"name": "Atlas Enerji \u0130skenderun power station", "fuel": "coal", "mw": 600.0, "country": "TUR", "status": "operating"}}, {"type": "Feature", "id": 9, "geometry": {"type": "Point", "coordinates": [23.033, 42.286]}, "properties": {"name": "Bobov Dol power station", "fuel": "coal", "mw": 210.0, "country": "BGR", "status": "operating"}}, {"type": "Feature", "id": 10, "geometry": {"type": "Point", "coordinates": [23.033, 42.286]}, "properties": {"name": "Bobov Dol power station", "fuel": "coal", "mw": 210.0, "country": "BGR", "status": "operating"}}, {"type": "Feature", "id": 11, "geometry": {"type": "Point", "coordinates": [23.033, 42.286]}, "properties": {"name": "Bobov Dol power station", "fuel": "coal", "mw": 210.0, "country": "BGR", "status": "operating"}}, {"type": "Feature", "id": 12, "geometry": {"type": "Point", "coordinates": [30.813, 40.251]}, "properties": {"name": "Bolu G\u00f6yn\u00fck power station", "fuel": "coal", "mw": 135.0, "country": "TUR", "status": "operating"}}, {"type": "Feature", "id": 13, "geometry": {"type": "Point", "coordinates": [30.813, 40.251]}, "properties": {"name": "Bolu G\u00f6yn\u00fck power station", "fuel": "coal", "mw": 135.0, "country": "TUR", "status": "operating"}}, {"type": "Feature", "id": 14, "geometry": {"type": "Point", "coordinates": [25.907, 42.155]}, "properties": {"name": "Brikel power station", "fuel": "coal", "mw": 50.0, "country": "BGR", "status": "operating"}}, {"type": "Feature", "id": 15, "geometry": {"type": "Point", "coordinates": [25.907, 42.155]}, "properties": {"name": "Brikel power station", "fuel": "coal", "mw": 50.0, "country": "BGR", "status": "operating"}}, {"type": "Feature", "id": 16, "geometry": {"type": "Point", "coordinates": [25.907, 42.155]}, "properties": {"name": "Brikel power station", "fuel": "coal", "mw": 50.0, "country": "BGR", "status": "operating"}}, {"type": "Feature", "id": 17, "geometry": {"type": "Point", "coordinates": [25.907, 42.155]}, "properties": {"name": "Brikel power station", "fuel": "coal", "mw": 50.0, "country": "BGR", "status": "operating"}}, {"type": "Feature", "id": 18, "geometry": {"type": "Point", "coordinates": [26.977, 40.023]}, "properties": {"name": "\u00c7an (18 Mart) power station", "fuel": "coal", "mw": 160.0, "country": "TUR", "status": "operating"}}, {"type": "Feature", "id": 19, "geometry": {"type": "Point", "coordinates": [26.977, 40.023]}, "properties": {"name": "\u00c7an (18 Mart) power station", "fuel": "coal", "mw": 160.0, "country": "TUR", "status": "operating"}}, {"type": "Feature", "id": 20, "geometry": {"type": "Point", "coordinates": [26.951, 40.034]}, "properties": {"name": "\u00c7an-2 power station", "fuel": "coal", "mw": 330.0, "country": "TUR", "status": "operating"}}, {"type": "Feature", "id": 21, "geometry": {"type": "Point", "coordinates": [31.9, 41.517]}, "properties": {"name": "\u00c7atala\u011fz\u0131 power station", "fuel": "coal", "mw": 157.0, "country": "TUR", "status": "operating"}}, {"type": "Feature", "id": 22, "geometry": {"type": "Point", "coordinates": [31.9, 41.517]}, "properties": {"name": "\u00c7atala\u011fz\u0131 power station", "fuel": "coal", "mw": 157.0, "country": "TUR", "status": "operating"}}, {"type": "Feature", "id": 23, "geometry": {"type": "Point", "coordinates": [31.695, 40.097]}, "properties": {"name": "\u00c7ay\u0131rhan power station", "fuel": "coal", "mw": 150.0, "country": "TUR", "status": "operating"}}, {"type": "Feature", "id": 24, "geometry": {"type": "Point", "coordinates": [31.695, 40.097]}, "properties": {"name": "\u00c7ay\u0131rhan power station", "fuel": "coal", "mw": 150.0, "country": "TUR", "status": "operating"}}, {"type": "Feature", "id": 25, "geometry": {"type": "Point", "coordinates": [31.695, 40.097]}, "properties": {"name": "\u00c7ay\u0131rhan power station", "fuel": "coal", "mw": 160.0, "country": "TUR", "status": "operating"}}, {"type": "Feature", "id": 26, "geometry": {"type": "Point", "coordinates": [31.695, 40.097]}, "properties": {"name": "\u00c7ay\u0131rhan power station", "fuel": "coal", "mw": 160.0, "country": "TUR", "status": "operating"}}, {"type": "Feature", "id": 27, "geometry": {"type": "Point", "coordinates": [27.318, 40.417]}, "properties": {"name": "Cenal power station", "fuel": "coal", "mw": 660.0, "country": "TUR", "status": "operating"}}, {"type": "Feature", "id": 28, "geometry": {"type": "Point", "coordinates": [27.318, 40.417]}, "properties": {"name": "Cenal power station", "fuel": "coal", "mw": 660.0, "country": "TUR", "status": "operating"}}, {"type": "Feature", "id": 29, "geometry": {"type": "Point", "coordinates": [23.811, 44.343]}, "properties": {"name": "Craiova II power station", "fuel": "coal", "mw": 150.0, "country": "ROU", "status": "operating"}}, {"type": "Feature", "id": 30, "geometry": {"type": "Point", "coordinates": [23.811, 44.343]}, "properties": {"name": "Craiova II power station", "fuel": "coal", "mw": 150.0, "country": "ROU", "status": "operating"}}, {"type": "Feature", "id": 31, "geometry": {"type": "Point", "coordinates": [27.633, 43.196]}, "properties": {"name": "Deven power station", "fuel": "coal", "mw": 121.0, "country": "BGR", "status": "operating"}}, {"type": "Feature", "id": 32, "geometry": {"type": "Point", "coordinates": [27.633, 43.196]}, "properties": {"name": "Deven power station", "fuel": "coal", "mw": 53.0, "country": "BGR", "status": "operating"}}, {"type": "Feature", "id": 33, "geometry": {"type": "Point", "coordinates": [35.855, 36.816]}, "properties": {"name": "EMBA Hunutlu power station", "fuel": "coal", "mw": 660.0, "country": "TUR", "status": "operating"}}, {"type": "Feature", "id": 34, "geometry": {"type": "Point", "coordinates": [35.855, 36.816]}, "properties": {"name": "EMBA Hunutlu power station", "fuel": "coal", "mw": 660.0, "country": "TUR", "status": "operating"}}, {"type": "Feature", "id": 35, "geometry": {"type": "Point", "coordinates": [29.539, 40.778]}, "properties": {"name": "Gebze \u00c7olako\u011flu power station", "fuel": "coal", "mw": 95.0, "country": "TUR", "status": "operating"}}, {"type": "Feature", "id": 36, "geometry": {"type": "Point", "coordinates": [27.717, 47.147]}, "properties": {"name": "Iasi-2 power station", "fuel": "coal", "mw": 60.0, "country": "ROU", "status": "operating"}}, {"type": "Feature", "id": 37, "geometry": {"type": "Point", "coordinates": [27.05, 40.4]}, "properties": {"name": "\u0130\u00c7DA\u015e Bekirli power station", "fuel": "coal", "mw": 600.0, "country": "TUR", "status": "operating"}}, {"type": "Feature", "id": 38, "geometry": {"type": "Point", "coordinates": [27.05, 40.4]}, "properties": {"name": "\u0130\u00c7DA\u015e Bekirli power station", "fuel": "coal", "mw": 600.0, "country": "TUR", "status": "operating"}}, {"type": "Feature", "id": 39, "geometry": {"type": "Point", "coordinates": [27.131, 40.444]}, "properties": {"name": "\u0130\u00c7DA\u015e Biga power station", "fuel": "coal", "mw": 135.0, "country": "TUR", "status": "operating"}}, {"type": "Feature", "id": 40, "geometry": {"type": "Point", "coordinates": [27.131, 40.444]}, "properties": {"name": "\u0130\u00c7DA\u015e Biga power station", "fuel": "coal", "mw": 135.0, "country": "TUR", "status": "operating"}}, {"type": "Feature", "id": 41, "geometry": {"type": "Point", "coordinates": [27.131, 40.444]}, "properties": {"name": "\u0130\u00c7DA\u015e Biga power station", "fuel": "coal", "mw": 135.0, "country": "TUR", "status": "operating"}}, {"type": "Feature", "id": 42, "geometry": {"type": "Point", "coordinates": [35.879, 36.835]}, "properties": {"name": "\u0130sken Sug\u00f6z\u00fc power station", "fuel": "coal", "mw": 605.0, "country": "TUR", "status": "operating"}}, {"type": "Feature", "id": 43, "geometry": {"type": "Point", "coordinates": [35.879, 36.835]}, "properties": {"name": "\u0130sken Sug\u00f6z\u00fc power station", "fuel": "coal", "mw": 605.0, "country": "TUR", "status": "operating"}}, {"type": "Feature", "id": 44, "geometry": {"type": "Point", "coordinates": [37.295, 39.077]}, "properties": {"name": "Kangal power station", "fuel": "coal", "mw": 150.0, "country": "TUR", "status": "operating"}}, {"type": "Feature", "id": 45, "geometry": {"type": "Point", "coordinates": [37.295, 39.077]}, "properties": {"name": "Kangal power station", "fuel": "coal", "mw": 150.0, "country": "TUR", "status": "operating"}}, {"type": "Feature", "id": 46, "geometry": {"type": "Point", "coordinates": [37.295, 39.077]}, "properties": {"name": "Kangal power station", "fuel": "coal", "mw": 157.0, "country": "TUR", "status": "operating"}}, {"type": "Feature", "id": 47, "geometry": {"type": "Point", "coordinates": [31.91, 41.514]}, "properties": {"name": "Kardemir Karab\u00fck Demir \u00c7elik power station", "fuel": "coal", "mw": 77.5, "country": "TUR", "status": "operating"}}, {"type": "Feature", "id": 48, "geometry": {"type": "Point", "coordinates": [27.901, 37.035]}, "properties": {"name": "Kemerk\u00f6y power station", "fuel": "coal", "mw": 210.0, "country": "TUR", "status": "operating"}}, {"type": "Feature", "id": 49, "geometry": {"type": "Point", "coordinates": [27.901, 37.035]}, "properties": {"name": "Kemerk\u00f6y power station", "fuel": "coal", "mw": 210.0, "country": "TUR", "status": "operating"}}, {"type": "Feature", "id": 50, "geometry": {"type": "Point", "coordinates": [27.901, 37.035]}, "properties": {"name": "Kemerk\u00f6y power station", "fuel": "coal", "mw": 210.0, "country": "TUR", "status": "operating"}}, {"type": "Feature", "id": 51, "geometry": {"type": "Point", "coordinates": [26.134, 42.254]}, "properties": {"name": "Maritsa Iztok-2 power station", "fuel": "coal", "mw": 177.0, "country": "BGR", "status": "operating"}}, {"type": "Feature", "id": 52, "geometry": {"type": "Point", "coordinates": [26.134, 42.254]}, "properties": {"name": "Maritsa Iztok-2 power station", "fuel": "coal", "mw": 165.0, "country": "BGR", "status": "operating"}}, {"type": "Feature", "id": 53, "geometry": {"type": "Point", "coordinates": [26.134, 42.254]}, "properties": {"name": "Maritsa Iztok-2 power station", "fuel": "coal", "mw": 177.0, "country": "BGR", "status": "operating"}}, {"type": "Feature", "id": 54, "geometry": {"type": "Point", "coordinates": [26.134, 42.254]}, "properties": {"name": "Maritsa Iztok-2 power station", "fuel": "coal", "mw": 177.0, "country": "BGR", "status": "operating"}}, {"type": "Feature", "id": 55, "geometry": {"type": "Point", "coordinates": [26.134, 42.254]}, "properties": {"name": "Maritsa Iztok-2 power station", "fuel": "coal", "mw": 210.0, "country": "BGR", "status": "operating"}}, {"type": "Feature", "id": 56, "geometry": {"type": "Point", "coordinates": [26.134, 42.254]}, "properties": {"name": "Maritsa Iztok-2 power station", "fuel": "coal", "mw": 232.0, "country": "BGR", "status": "operating"}}, {"type": "Feature", "id": 57, "geometry": {"type": "Point", "coordinates": [26.134, 42.254]}, "properties": {"name": "Maritsa Iztok-2 power station", "fuel": "coal", "mw": 232.0, "country": "BGR", "status": "operating"}}, {"type": "Feature", "id": 58, "geometry": {"type": "Point", "coordinates": [26.134, 42.254]}, "properties": {"name": "Maritsa Iztok-2 power station", "fuel": "coal", "mw": 232.0, "country": "BGR", "status": "operating"}}, {"type": "Feature", "id": 59, "geometry": {"type": "Point", "coordinates": [26.003, 42.145]}, "properties": {"name": "Maritsa Iztok-3 power station", "fuel": "coal", "mw": 227.0, "country": "BGR", "status": "operating"}}, {"type": "Feature", "id": 60, "geometry": {"type": "Point", "coordinates": [26.003, 42.145]}, "properties": {"name": "Maritsa Iztok-3 power station", "fuel": "coal", "mw": 227.0, "country": "BGR", "status": "operating"}}, {"type": "Feature", "id": 61, "geometry": {"type": "Point", "coordinates": [26.003, 42.145]}, "properties": {"name": "Maritsa Iztok-3 power station", "fuel": "coal", "mw": 227.0, "country": "BGR", "status": "operating"}}, {"type": "Feature", "id": 62, "geometry": {"type": "Point", "coordinates": [26.003, 42.145]}, "properties": {"name": "Maritsa Iztok-3 power station", "fuel": "coal", "mw": 227.0, "country": "BGR", "status": "operating"}}, {"type": "Feature", "id": 63, "geometry": {"type": "Point", "coordinates": [25.908, 42.157]}, "properties": {"name": "Maritsa Iztok-1 power station", "fuel": "coal", "mw": 345.0, "country": "BGR", "status": "operating"}}, {"type": "Feature", "id": 64, "geometry": {"type": "Point", "coordinates": [25.908, 42.157]}, "properties": {"name": "Maritsa Iztok-1 power station", "fuel": "coal", "mw": 345.0, "country": "BGR", "status": "operating"}}, {"type": "Feature", "id": 65, "geometry": {"type": "Point", "coordinates": [28.87, 39.95]}, "properties": {"name": "Orhaneli power station", "fuel": "coal", "mw": 210.0, "country": "TUR", "status": "operating"}}, {"type": "Feature", "id": 66, "geometry": {"type": "Point", "coordinates": [23.261, 45.366]}, "properties": {"name": "Paroseni power station", "fuel": "coal", "mw": 150.0, "country": "ROU", "status": "operating"}}, {"type": "Feature", "id": 67, "geometry": {"type": "Point", "coordinates": [29.443, 39.616]}, "properties": {"name": "Polat power station", "fuel": "coal", "mw": 51.0, "country": "TUR", "status": "operating"}}, {"type": "Feature", "id": 68, "geometry": {"type": "Point", "coordinates": [23.079, 42.607]}, "properties": {"name": "Republika power station", "fuel": "coal", "mw": 105.0, "country": "BGR", "status": "operating"}}, {"type": "Feature", "id": 69, "geometry": {"type": "Point", "coordinates": [23.135, 44.911]}, "properties": {"name": "Rovinari power station", "fuel": "coal", "mw": 330.0, "country": "ROU", "status": "operating"}}, {"type": "Feature", "id": 70, "geometry": {"type": "Point", "coordinates": [23.135, 44.911]}, "properties": {"name": "Rovinari power station", "fuel": "coal", "mw": 330.0, "country": "ROU", "status": "operating"}}, {"type": "Feature", "id": 71, "geometry": {"type": "Point", "coordinates": [23.135, 44.911]}, "properties": {"name": "Rovinari power station", "fuel": "coal", "mw": 330.0, "country": "ROU", "status": "operating"}}, {"type": "Feature", "id": 72, "geometry": {"type": "Point", "coordinates": [26.01, 43.867]}, "properties": {"name": "Ruse Iztok power station", "fuel": "coal", "mw": 110.0, "country": "BGR", "status": "operating"}}, {"type": "Feature", "id": 73, "geometry": {"type": "Point", "coordinates": [26.01, 43.867]}, "properties": {"name": "Ruse Iztok power station", "fuel": "coal", "mw": 60.0, "country": "BGR", "status": "operating"}}, {"type": "Feature", "id": 74, "geometry": {"type": "Point", "coordinates": [26.01, 43.867]}, "properties": {"name": "Ruse Iztok power station", "fuel": "coal", "mw": 60.0, "country": "BGR", "status": "operating"}}, {"type": "Feature", "id": 75, "geometry": {"type": "Point", "coordinates": [29.882, 39.573]}, "properties": {"name": "Seyit\u00f6mer power station", "fuel": "coal", "mw": 150.0, "country": "TUR", "status": "operating"}}, {"type": "Feature", "id": 76, "geometry": {"type": "Point", "coordinates": [29.882, 39.573]}, "properties": {"name": "Seyit\u00f6mer power station", "fuel": "coal", "mw": 150.0, "country": "TUR", "status": "operating"}}, {"type": "Feature", "id": 77, "geometry": {"type": "Point", "coordinates": [29.882, 39.573]}, "properties": {"name": "Seyit\u00f6mer power station", "fuel": "coal", "mw": 150.0, "country": "TUR", "status": "operating"}}, {"type": "Feature", "id": 78, "geometry": {"type": "Point", "coordinates": [29.882, 39.573]}, "properties": {"name": "Seyit\u00f6mer power station", "fuel": "coal", "mw": 150.0, "country": "TUR", "status": "operating"}}, {"type": "Feature", "id": 79, "geometry": {"type": "Point", "coordinates": [42.595, 37.31]}, "properties": {"name": "\u015e\u0131rnak Silopi (C\u0130NER) power station", "fuel": "coal", "mw": 135.0, "country": "TUR", "status": "operating"}}, {"type": "Feature", "id": 80, "geometry": {"type": "Point", "coordinates": [42.595, 37.31]}, "properties": {"name": "\u015e\u0131rnak Silopi (C\u0130NER) power station", "fuel": "coal", "mw": 135.0, "country": "TUR", "status": "operating"}}, {"type": "Feature", "id": 81, "geometry": {"type": "Point", "coordinates": [42.595, 37.31]}, "properties": {"name": "\u015e\u0131rnak Silopi (C\u0130NER) power station", "fuel": "coal", "mw": 135.0, "country": "TUR", "status": "operating"}}, {"type": "Feature", "id": 82, "geometry": {"type": "Point", "coordinates": [26.326, 42.655]}, "properties": {"name": "Sliven power station", "fuel": "coal", "mw": 30.0, "country": "BGR", "status": "operating"}}, {"type": "Feature", "id": 83, "geometry": {"type": "Point", "coordinates": [27.749, 39.317]}, "properties": {"name": "Soma Kolin power station", "fuel": "coal", "mw": 255.0, "country": "TUR", "status": "operating"}}, {"type": "Feature", "id": 84, "geometry": {"type": "Point", "coordinates": [27.635, 39.194]}, "properties": {"name": "Soma power station", "fuel": "coal", "mw": 165.0, "country": "TUR", "status": "operating"}}, {"type": "Feature", "id": 85, "geometry": {"type": "Point", "coordinates": [27.635, 39.194]}, "properties": {"name": "Soma power station", "fuel": "coal", "mw": 165.0, "country": "TUR", "status": "operating"}}, {"type": "Feature", "id": 86, "geometry": {"type": "Point", "coordinates": [27.635, 39.194]}, "properties": {"name": "Soma power station", "fuel": "coal", "mw": 165.0, "country": "TUR", "status": "operating"}}, {"type": "Feature", "id": 87, "geometry": {"type": "Point", "coordinates": [27.635, 39.194]}, "properties": {"name": "Soma power station", "fuel": "coal", "mw": 165.0, "country": "TUR", "status": "operating"}}, {"type": "Feature", "id": 88, "geometry": {"type": "Point", "coordinates": [27.635, 39.194]}, "properties": {"name": "Soma power station", "fuel": "coal", "mw": 165.0, "country": "TUR", "status": "operating"}}, {"type": "Feature", "id": 89, "geometry": {"type": "Point", "coordinates": [27.635, 39.194]}, "properties": {"name": "Soma power station", "fuel": "coal", "mw": 165.0, "country": "TUR", "status": "operating"}}, {"type": "Feature", "id": 90, "geometry": {"type": "Point", "coordinates": [36.27, 38.186]}, "properties": {"name": "Tufanbeyli power station", "fuel": "coal", "mw": 150.0, "country": "TUR", "status": "operating"}}, {"type": "Feature", "id": 91, "geometry": {"type": "Point", "coordinates": [36.27, 38.186]}, "properties": {"name": "Tufanbeyli power station", "fuel": "coal", "mw": 150.0, "country": "TUR", "status": "operating"}}, {"type": "Feature", "id": 92, "geometry": {"type": "Point", "coordinates": [36.27, 38.186]}, "properties": {"name": "Tufanbeyli power station", "fuel": "coal", "mw": 150.0, "country": "TUR", "status": "operating"}}, {"type": "Feature", "id": 93, "geometry": {"type": "Point", "coordinates": [29.462, 39.629]}, "properties": {"name": "Tun\u00e7bilek power station", "fuel": "coal", "mw": 150.0, "country": "TUR", "status": "operating"}}, {"type": "Feature", "id": 94, "geometry": {"type": "Point", "coordinates": [29.462, 39.629]}, "properties": {"name": "Tun\u00e7bilek power station", "fuel": "coal", "mw": 150.0, "country": "TUR", "status": "operating"}}, {"type": "Feature", "id": 95, "geometry": {"type": "Point", "coordinates": [23.408, 44.67]}, "properties": {"name": "Turceni power station", "fuel": "coal", "mw": 330.0, "country": "ROU", "status": "operating"}}, {"type": "Feature", "id": 96, "geometry": {"type": "Point", "coordinates": [23.408, 44.67]}, "properties": {"name": "Turceni power station", "fuel": "coal", "mw": 330.0, "country": "ROU", "status": "operating"}}, {"type": "Feature", "id": 97, "geometry": {"type": "Point", "coordinates": [28.102, 37.331]}, "properties": {"name": "Yata\u011fan power station", "fuel": "coal", "mw": 210.0, "country": "TUR", "status": "operating"}}, {"type": "Feature", "id": 98, "geometry": {"type": "Point", "coordinates": [28.102, 37.331]}, "properties": {"name": "Yata\u011fan power station", "fuel": "coal", "mw": 210.0, "country": "TUR", "status": "operating"}}, {"type": "Feature", "id": 99, "geometry": {"type": "Point", "coordinates": [28.102, 37.331]}, "properties": {"name": "Yata\u011fan power station", "fuel": "coal", "mw": 210.0, "country": "TUR", "status": "operating"}}, {"type": "Feature", "id": 100, "geometry": {"type": "Point", "coordinates": [27.872, 37.14]}, "properties": {"name": "Yenik\u00f6y power station", "fuel": "coal", "mw": 210.0, "country": "TUR", "status": "operating"}}, {"type": "Feature", "id": 101, "geometry": {"type": "Point", "coordinates": [27.872, 37.14]}, "properties": {"name": "Yenik\u00f6y power station", "fuel": "coal", "mw": 210.0, "country": "TUR", "status": "operating"}}, {"type": "Feature", "id": 102, "geometry": {"type": "Point", "coordinates": [31.636, 39.984]}, "properties": {"name": "Yunus Emre power station", "fuel": "coal", "mw": 145.0, "country": "TUR", "status": "operating"}}, {"type": "Feature", "id": 103, "geometry": {"type": "Point", "coordinates": [31.895, 41.507]}, "properties": {"name": "ZETES power stations", "fuel": "coal", "mw": 160.0, "country": "TUR", "status": "operating"}}, {"type": "Feature", "id": 104, "geometry": {"type": "Point", "coordinates": [31.887, 41.504]}, "properties": {"name": "ZETES power stations", "fuel": "coal", "mw": 615.0, "country": "TUR", "status": "operating"}}, {"type": "Feature", "id": 105, "geometry": {"type": "Point", "coordinates": [31.887, 41.504]}, "properties": {"name": "ZETES power stations", "fuel": "coal", "mw": 615.0, "country": "TUR", "status": "operating"}}, {"type": "Feature", "id": 106, "geometry": {"type": "Point", "coordinates": [31.909, 41.514]}, "properties": {"name": "ZETES power stations", "fuel": "coal", "mw": 700.0, "country": "TUR", "status": "operating"}}, {"type": "Feature", "id": 107, "geometry": {"type": "Point", "coordinates": [31.909, 41.514]}, "properties": {"name": "ZETES power stations", "fuel": "coal", "mw": 700.0, "country": "TUR", "status": "operating"}}, {"type": "Feature", "id": 108, "geometry": {"type": "Point", "coordinates": [27.749, 39.317]}, "properties": {"name": "Soma Kolin power station", "fuel": "coal", "mw": 255.0, "country": "TUR", "status": "operating"}}, {"type": "Feature", "id": 109, "geometry": {"type": "Point", "coordinates": [24.288, 45.039]}, "properties": {"name": "Govora power station", "fuel": "coal", "mw": 50.0, "country": "ROU", "status": "operating"}}, {"type": "Feature", "id": 110, "geometry": {"type": "Point", "coordinates": [24.288, 45.039]}, "properties": {"name": "Govora power station", "fuel": "coal", "mw": 50.0, "country": "ROU", "status": "operating"}}, {"type": "Feature", "id": 111, "geometry": {"type": "Point", "coordinates": [26.929, 38.742]}, "properties": {"name": "\u0130zdemir Enerji power station", "fuel": "coal", "mw": 370.0, "country": "TUR", "status": "operating"}}, {"type": "Feature", "id": 112, "geometry": {"type": "Point", "coordinates": [32.848, 37.557]}, "properties": {"name": "\u00c7oban Y\u0131ld\u0131z power station", "fuel": "coal", "mw": 37.0, "country": "TUR", "status": "operating"}}, {"type": "Feature", "id": 113, "geometry": {"type": "Point", "coordinates": [36.209, 36.69]}, "properties": {"name": "Atlas Enerji \u0130skenderun power station", "fuel": "coal", "mw": 600.0, "country": "TUR", "status": "operating"}}, {"type": "Feature", "id": 114, "geometry": {"type": "Point", "coordinates": [27.97, 39.559]}, "properties": {"name": "Albayrak Varaka Paper power station", "fuel": "coal", "mw": 40.0, "country": "TUR", "status": "operating"}}, {"type": "Feature", "id": 115, "geometry": {"type": "Point", "coordinates": [27.446, 37.767]}, "properties": {"name": "Kipas MMP power station", "fuel": "coal", "mw": 55.0, "country": "TUR", "status": "operating"}}, {"type": "Feature", "id": 116, "geometry": {"type": "Point", "coordinates": [27.99, 40.329]}, "properties": {"name": "Eti Maden Bandirma power station", "fuel": "coal", "mw": 46.7, "country": "TUR", "status": "operating"}}, {"type": "Feature", "id": 117, "geometry": {"type": "Point", "coordinates": [37.026, 38.347]}, "properties": {"name": "Af\u015fin-Elbistan power stations", "fuel": "coal", "mw": 344.0, "country": "TUR", "status": "planned"}}, {"type": "Feature", "id": 118, "geometry": {"type": "Point", "coordinates": [37.026, 38.347]}, "properties": {"name": "Af\u015fin-Elbistan power stations", "fuel": "coal", "mw": 344.0, "country": "TUR", "status": "planned"}}, {"type": "Feature", "id": 119, "geometry": {"type": "Point", "coordinates": [30.788, 40.405]}, "properties": {"name": "MAV Elektrik power station", "fuel": "biomass", "mw": 35.0, "country": "TUR", "status": "operating"}}, {"type": "Feature", "id": 120, "geometry": {"type": "Point", "coordinates": [49.899, 40.462]}, "properties": {"name": "Balakhani power station", "fuel": "biomass", "mw": 37.0, "country": "AZE", "status": "operating"}}, {"type": "Feature", "id": 121, "geometry": {"type": "Point", "coordinates": [28.815, 41.224]}, "properties": {"name": "Ey\u00fcp Kemerburgaz power station", "fuel": "biomass", "mw": 85.0, "country": "TUR", "status": "operating"}}, {"type": "Feature", "id": 122, "geometry": {"type": "Point", "coordinates": [26.297, 47.651]}, "properties": {"name": "Bioenergy Sucavea power station", "fuel": "biomass", "mw": 30.0, "country": "ROU", "status": "operating"}}, {"type": "Feature", "id": 123, "geometry": {"type": "Point", "coordinates": [27.339, 42.541]}, "properties": {"name": "Neftochim Refinery power station", "fuel": "gas", "mw": 25.0, "country": "BGR", "status": "operating"}}, {"type": "Feature", "id": 124, "geometry": {"type": "Point", "coordinates": [27.339, 42.541]}, "properties": {"name": "Neftochim Refinery power station", "fuel": "gas", "mw": 65.0, "country": "BGR", "status": "operating"}}, {"type": "Feature", "id": 125, "geometry": {"type": "Point", "coordinates": [27.339, 42.541]}, "properties": {"name": "Neftochim Refinery power station", "fuel": "gas", "mw": 63.0, "country": "BGR", "status": "operating"}}, {"type": "Feature", "id": 126, "geometry": {"type": "Point", "coordinates": [27.339, 42.541]}, "properties": {"name": "Neftochim Refinery power station", "fuel": "gas", "mw": 63.0, "country": "BGR", "status": "operating"}}, {"type": "Feature", "id": 127, "geometry": {"type": "Point", "coordinates": [24.741, 42.183]}, "properties": {"name": "Plovdiv North power station", "fuel": "gas", "mw": 50.0, "country": "BGR", "status": "operating"}}, {"type": "Feature", "id": 128, "geometry": {"type": "Point", "coordinates": [23.321, 42.719]}, "properties": {"name": "Sofia power station", "fuel": "gas", "mw": 50.0, "country": "BGR", "status": "operating"}}, {"type": "Feature", "id": 129, "geometry": {"type": "Point", "coordinates": [23.321, 42.719]}, "properties": {"name": "Sofia power station", "fuel": "gas", "mw": 25.0, "country": "BGR", "status": "operating"}}, {"type": "Feature", "id": 130, "geometry": {"type": "Point", "coordinates": [23.417, 42.652]}, "properties": {"name": "Sofia Iztok power station", "fuel": "gas", "mw": 167.0, "country": "BGR", "status": "operating"}}, {"type": "Feature", "id": 131, "geometry": {"type": "Point", "coordinates": [26.009, 44.883]}, "properties": {"name": "Brazi power station", "fuel": "gas", "mw": 105.0, "country": "ROU", "status": "operating"}}, {"type": "Feature", "id": 132, "geometry": {"type": "Point", "coordinates": [26.009, 44.883]}, "properties": {"name": "Brazi power station", "fuel": "gas", "mw": 105.0, "country": "ROU", "status": "operating"}}, {"type": "Feature", "id": 133, "geometry": {"type": "Point", "coordinates": [26.009, 44.883]}, "properties": {"name": "Brazi power station", "fuel": "gas", "mw": 26.0, "country": "ROU", "status": "operating"}}, {"type": "Feature", "id": 134, "geometry": {"type": "Point", "coordinates": [26.063, 44.44]}, "properties": {"name": "Bucharest Grozavesti power station", "fuel": "gas", "mw": 50.0, "country": "ROU", "status": "operating"}}, {"type": "Feature", "id": 135, "geometry": {"type": "Point", "coordinates": [26.063, 44.44]}, "properties": {"name": "Bucharest Grozavesti power station", "fuel": "gas", "mw": 50.0, "country": "ROU", "status": "operating"}}, {"type": "Feature", "id": 136, "geometry": {"type": "Point", "coordinates": [26.106, 44.372]}, "properties": {"name": "Bucharest Progresu power station", "fuel": "gas", "mw": 50.0, "country": "ROU", "status": "operating"}}, {"type": "Feature", "id": 137, "geometry": {"type": "Point", "coordinates": [26.106, 44.372]}, "properties": {"name": "Bucharest Progresu power station", "fuel": "gas", "mw": 50.0, "country": "ROU", "status": "operating"}}, {"type": "Feature", "id": 138, "geometry": {"type": "Point", "coordinates": [26.106, 44.372]}, "properties": {"name": "Bucharest Progresu power station", "fuel": "gas", "mw": 50.0, "country": "ROU", "status": "operating"}}, {"type": "Feature", "id": 139, "geometry": {"type": "Point", "coordinates": [26.106, 44.372]}, "properties": {"name": "Bucharest Progresu power station", "fuel": "gas", "mw": 50.0, "country": "ROU", "status": "operating"}}, {"type": "Feature", "id": 140, "geometry": {"type": "Point", "coordinates": [26.106, 44.372]}, "properties": {"name": "Bucharest Progresu power station", "fuel": "gas", "mw": 100.0, "country": "ROU", "status": "planned"}}, {"type": "Feature", "id": 141, "geometry": {"type": "Point", "coordinates": [25.979, 44.423]}, "properties": {"name": "Bucharest-Sud power station", "fuel": "gas", "mw": 100.0, "country": "ROU", "status": "operating"}}, {"type": "Feature", "id": 142, "geometry": {"type": "Point", "coordinates": [25.979, 44.423]}, "properties": {"name": "Bucharest-Sud power station", "fuel": "gas", "mw": 100.0, "country": "ROU", "status": "operating"}}, {"type": "Feature", "id": 143, "geometry": {"type": "Point", "coordinates": [26.156, 44.406]}, "properties": {"name": "Bucharest-Vest power station", "fuel": "gas", "mw": 125.0, "country": "ROU", "status": "operating"}}, {"type": "Feature", "id": 144, "geometry": {"type": "Point", "coordinates": [26.156, 44.406]}, "properties": {"name": "Bucharest-Vest power station", "fuel": "gas", "mw": 125.0, "country": "ROU", "status": "operating"}}, {"type": "Feature", "id": 145, "geometry": {"type": "Point", "coordinates": [26.156, 44.406]}, "properties": {"name": "Bucharest-Vest power station", "fuel": "gas", "mw": 186.3, "country": "ROU", "status": "operating"}}, {"type": "Feature", "id": 146, "geometry": {"type": "Point", "coordinates": [27.981, 45.436]}, "properties": {"name": "Galati power station", "fuel": "gas", "mw": 105.0, "country": "ROU", "status": "operating"}}, {"type": "Feature", "id": 147, "geometry": {"type": "Point", "coordinates": [27.981, 45.436]}, "properties": {"name": "Galati power station", "fuel": "gas", "mw": 105.0, "country": "ROU", "status": "operating"}}, {"type": "Feature", "id": 148, "geometry": {"type": "Point", "coordinates": [24.288, 45.039]}, "properties": {"name": "Govora power station", "fuel": "gas", "mw": 50.0, "country": "ROU", "status": "operating"}}, {"type": "Feature", "id": 149, "geometry": {"type": "Point", "coordinates": [24.288, 45.039]}, "properties": {"name": "Govora power station", "fuel": "gas", "mw": 50.0, "country": "ROU", "status": "operating"}}, {"type": "Feature", "id": 150, "geometry": {"type": "Point", "coordinates": [27.607, 47.15]}, "properties": {"name": "Iasi-1 power station", "fuel": "gas", "mw": 25.0, "country": "ROU", "status": "operating"}}, {"type": "Feature", "id": 151, "geometry": {"type": "Point", "coordinates": [24.183, 46.468]}, "properties": {"name": "Iernut power station", "fuel": "gas", "mw": 200.0, "country": "ROU", "status": "operating"}}, {"type": "Feature", "id": 152, "geometry": {"type": "Point", "coordinates": [24.183, 46.468]}, "properties": {"name": "Iernut power station", "fuel": "gas", "mw": 430.0, "country": "ROU", "status": "construction"}}, {"type": "Feature", "id": 153, "geometry": {"type": "Point", "coordinates": [21.893, 47.085]}, "properties": {"name": "Oradea power station", "fuel": "gas", "mw": 45.5, "country": "ROU", "status": "operating"}}, {"type": "Feature", "id": 154, "geometry": {"type": "Point", "coordinates": [25.999, 44.88]}, "properties": {"name": "Petrom Brazi power station", "fuel": "gas", "mw": 860.0, "country": "ROU", "status": "operating"}}, {"type": "Feature", "id": 155, "geometry": {"type": "Point", "coordinates": [22.826, 45.913]}, "properties": {"name": "Mintia-Deva power station", "fuel": "gas", "mw": 1700.0, "country": "ROU", "status": "construction"}}, {"type": "Feature", "id": 156, "geometry": {"type": "Point", "coordinates": [35.204, 36.988]}, "properties": {"name": "Adana power station", "fuel": "gas", "mw": 131.0, "country": "TUR", "status": "operating"}}, {"type": "Feature", "id": 157, "geometry": {"type": "Point", "coordinates": [30.602, 37.12]}, "properties": {"name": "Aksa Antalya power station", "fuel": "gas", "mw": 900.0, "country": "TUR", "status": "operating"}}, {"type": "Feature", "id": 158, "geometry": {"type": "Point", "coordinates": [26.943, 38.742]}, "properties": {"name": "Aliaga Energy power station", "fuel": "gas", "mw": 870.0, "country": "TUR", "status": "operating"}}, {"type": "Feature", "id": 159, "geometry": {"type": "Point", "coordinates": [26.943, 38.742]}, "properties": {"name": "Aliaga Habas power station", "fuel": "gas", "mw": 240.0, "country": "TUR", "status": "operating"}}, {"type": "Feature", "id": 160, "geometry": {"type": "Point", "coordinates": [28.692, 40.983]}, "properties": {"name": "Ambarl\u0131 A power station", "fuel": "gas", "mw": 451.0, "country": "TUR", "status": "operating"}}, {"type": "Feature", "id": 161, "geometry": {"type": "Point", "coordinates": [28.692, 40.983]}, "properties": {"name": "Ambarl\u0131 A power station", "fuel": "gas", "mw": 451.0, "country": "TUR", "status": "operating"}}, {"type": "Feature", "id": 162, "geometry": {"type": "Point", "coordinates": [28.692, 40.983]}, "properties": {"name": "Ambarl\u0131 A power station", "fuel": "gas", "mw": 451.0, "country": "TUR", "status": "operating"}}, {"type": "Feature", "id": 163, "geometry": {"type": "Point", "coordinates": [28.699, 40.979]}, "properties": {"name": "Ambarl\u0131 B power station", "fuel": "gas", "mw": 816.0, "country": "TUR", "status": "operating"}}, {"type": "Feature", "id": 164, "geometry": {"type": "Point", "coordinates": [27.769, 40.308]}, "properties": {"name": "Band\u0131rma power station", "fuel": "gas", "mw": 936.2, "country": "TUR", "status": "operating"}}, {"type": "Feature", "id": 165, "geometry": {"type": "Point", "coordinates": [27.769, 40.308]}, "properties": {"name": "Band\u0131rma power station", "fuel": "gas", "mw": 607.2, "country": "TUR", "status": "operating"}}, {"type": "Feature", "id": 166, "geometry": {"type": "Point", "coordinates": [32.402, 39.777]}, "properties": {"name": "Baymina Ankara power station", "fuel": "gas", "mw": 770.0, "country": "TUR", "status": "operating"}}, {"type": "Feature", "id": 167, "geometry": {"type": "Point", "coordinates": [28.953, 40.238]}, "properties": {"name": "Bosen Bursa power station", "fuel": "gas", "mw": 79.0, "country": "TUR", "status": "operating"}}, {"type": "Feature", "id": 168, "geometry": {"type": "Point", "coordinates": [28.953, 40.238]}, "properties": {"name": "Bosen Bursa power station", "fuel": "gas", "mw": 64.0, "country": "TUR", "status": "operating"}}, {"type": "Feature", "id": 169, "geometry": {"type": "Point", "coordinates": [28.953, 40.238]}, "properties": {"name": "Bosen Bursa power station", "fuel": "gas", "mw": 120.0, "country": "TUR", "status": "operating"}}, {"type": "Feature", "id": 170, "geometry": {"type": "Point", "coordinates": [29.074, 40.295]}, "properties": {"name": "Bursa B power station", "fuel": "gas", "mw": 716.0, "country": "TUR", "status": "operating"}}, {"type": "Feature", "id": 171, "geometry": {"type": "Point", "coordinates": [29.074, 40.295]}, "properties": {"name": "Bursa B power station", "fuel": "gas", "mw": 716.0, "country": "TUR", "status": "operating"}}, {"type": "Feature", "id": 172, "geometry": {"type": "Point", "coordinates": [36.48, 41.239]}, "properties": {"name": "Cengiz Enerji Samsun power station", "fuel": "gas", "mw": 238.9, "country": "TUR", "status": "operating"}}, {"type": "Feature", "id": 173, "geometry": {"type": "Point", "coordinates": [36.48, 41.239]}, "properties": {"name": "Cengiz Enerji Samsun power station", "fuel": "gas", "mw": 610.0, "country": "TUR", "status": "operating"}}, {"type": "Feature", "id": 174, "geometry": {"type": "Point", "coordinates": [27.956, 41.293]}, "properties": {"name": "Cerkezkoy Ugur power station", "fuel": "gas", "mw": 60.2, "country": "TUR", "status": "operating"}}, {"type": "Feature", "id": 175, "geometry": {"type": "Point", "coordinates": [27.029, 38.476]}, "properties": {"name": "Cigli Ataer power station", "fuel": "gas", "mw": 125.0, "country": "TUR", "status": "operating"}}, {"type": "Feature", "id": 176, "geometry": {"type": "Point", "coordinates": [27.975, 37.637]}, "properties": {"name": "Cine Ales power station", "fuel": "gas", "mw": 63.0, "country": "TUR", "status": "operating"}}, {"type": "Feature", "id": 177, "geometry": {"type": "Point", "coordinates": [27.561, 41.292]}, "properties": {"name": "Delta Enerji power station", "fuel": "gas", "mw": 61.0, "country": "TUR", "status": "operating"}}, {"type": "Feature", "id": 178, "geometry": {"type": "Point", "coordinates": [29.258, 37.809]}, "properties": {"name": "Denizli Honaz power station", "fuel": "gas", "mw": 63.0, "country": "TUR", "status": "operating"}}, {"type": "Feature", "id": 179, "geometry": {"type": "Point", "coordinates": [28.905, 37.914]}, "properties": {"name": "Denizli Saraykoy power station", "fuel": "gas", "mw": 205.5, "country": "TUR", "status": "operating"}}, {"type": "Feature", "id": 180, "geometry": {"type": "Point", "coordinates": [30.387, 40.866]}, "properties": {"name": "Enka Adapazar\u0131 power station", "fuel": "gas", "mw": 820.0, "country": "TUR", "status": "operating"}}, {"type": "Feature", "id": 181, "geometry": {"type": "Point", "coordinates": [30.388, 40.867]}, "properties": {"name": "Enka Gebze power station", "fuel": "gas", "mw": 800.0, "country": "TUR", "status": "operating"}}, {"type": "Feature", "id": 182, "geometry": {"type": "Point", "coordinates": [30.388, 40.867]}, "properties": {"name": "Enka Gebze power station", "fuel": "gas", "mw": 800.0, "country": "TUR", "status": "operating"}}, {"type": "Feature", "id": 183, "geometry": {"type": "Point", "coordinates": [26.956, 38.747]}, "properties": {"name": "Enka \u0130zmir power station", "fuel": "gas", "mw": 790.0, "country": "TUR", "status": "operating"}}, {"type": "Feature", "id": 184, "geometry": {"type": "Point", "coordinates": [26.956, 38.747]}, "properties": {"name": "Enka \u0130zmir power station", "fuel": "gas", "mw": 790.0, "country": "TUR", "status": "operating"}}, {"type": "Feature", "id": 185, "geometry": {"type": "Point", "coordinates": [36.053, 36.927]}, "properties": {"name": "Erzin power station", "fuel": "gas", "mw": 904.0, "country": "TUR", "status": "operating"}}, {"type": "Feature", "id": 186, "geometry": {"type": "Point", "coordinates": [28.668, 41.065]}, "properties": {"name": "Esenyurt power station", "fuel": "gas", "mw": 180.0, "country": "TUR", "status": "operating"}}, {"type": "Feature", "id": 187, "geometry": {"type": "Point", "coordinates": [30.622, 39.757]}, "properties": {"name": "Eskisehir Endustriyel power station", "fuel": "gas", "mw": 40.0, "country": "TUR", "status": "operating"}}, {"type": "Feature", "id": 188, "geometry": {"type": "Point", "coordinates": [29.552, 40.802]}, "properties": {"name": "Gebze Dilovasi power station", "fuel": "gas", "mw": 253.4, "country": "TUR", "status": "operating"}}, {"type": "Feature", "id": 189, "geometry": {"type": "Point", "coordinates": [29.573, 40.817]}, "properties": {"name": "Gebze Yeni power station", "fuel": "gas", "mw": 865.0, "country": "TUR", "status": "operating"}}, {"type": "Feature", "id": 190, "geometry": {"type": "Point", "coordinates": [27.337, 41.483]}, "properties": {"name": "Hamitabat power station", "fuel": "gas", "mw": 610.0, "country": "TUR", "status": "operating"}}, {"type": "Feature", "id": 191, "geometry": {"type": "Point", "coordinates": [27.337, 41.483]}, "properties": {"name": "Hamitabat power station", "fuel": "gas", "mw": 610.0, "country": "TUR", "status": "operating"}}, {"type": "Feature", "id": 192, "geometry": {"type": "Point", "coordinates": [33.448, 39.758]}, "properties": {"name": "\u0130\u00e7 Anadolu power station", "fuel": "gas", "mw": 853.0, "country": "TUR", "status": "operating"}}, {"type": "Feature", "id": 193, "geometry": {"type": "Point", "coordinates": [32.501, 40.105]}, "properties": {"name": "Kazan Soda Elektrik power station", "fuel": "gas", "mw": 380.0, "country": "TUR", "status": "operating"}}, {"type": "Feature", "id": 194, "geometry": {"type": "Point", "coordinates": [29.99, 40.764]}, "properties": {"name": "Kentsa power station", "fuel": "gas", "mw": 40.0, "country": "TUR", "status": "operating"}}, {"type": "Feature", "id": 195, "geometry": {"type": "Point", "coordinates": [27.192, 41.778]}, "properties": {"name": "K\u0131rklareli Alarko power station", "fuel": "gas", "mw": 82.0, "country": "TUR", "status": "operating"}}, {"type": "Feature", "id": 196, "geometry": {"type": "Point", "coordinates": [27.588, 41.278]}, "properties": {"name": "Luleburgaz Zorlu power station", "fuel": "gas", "mw": 133.2, "country": "TUR", "status": "operating"}}, {"type": "Feature", "id": 197, "geometry": {"type": "Point", "coordinates": [27.345, 38.617]}, "properties": {"name": "Manisa OSB cogeneration power station", "fuel": "gas", "mw": 140.0, "country": "TUR", "status": "operating"}}, {"type": "Feature", "id": 198, "geometry": {"type": "Point", "coordinates": [29.046, 41.02]}, "properties": {"name": "Marmara \u00c7ebi power station", "fuel": "gas", "mw": 65.0, "country": "TUR", "status": "operating"}}, {"type": "Feature", "id": 199, "geometry": {"type": "Point", "coordinates": [34.735, 36.814]}, "properties": {"name": "Mersin Camis power station", "fuel": "gas", "mw": 125.0, "country": "TUR", "status": "operating"}}, {"type": "Feature", "id": 200, "geometry": {"type": "Point", "coordinates": [34.735, 36.814]}, "properties": {"name": "Mersin Camis power station", "fuel": "gas", "mw": 125.0, "country": "TUR", "status": "operating"}}, {"type": "Feature", "id": 201, "geometry": {"type": "Point", "coordinates": [37.156, 41.145]}, "properties": {"name": "Bilgin Samsun gas power station", "fuel": "gas", "mw": 445.0, "country": "TUR", "status": "operating"}}, {"type": "Feature", "id": 202, "geometry": {"type": "Point", "coordinates": [37.156, 41.145]}, "properties": {"name": "Bilgin Samsun gas power station", "fuel": "gas", "mw": 445.0, "country": "TUR", "status": "operating"}}, {"type": "Feature", "id": 203, "geometry": {"type": "Point", "coordinates": [26.97, 38.795]}, "properties": {"name": "Petkim power station", "fuel": "gas", "mw": 226.0, "country": "TUR", "status": "operating"}}, {"type": "Feature", "id": 204, "geometry": {"type": "Point", "coordinates": [29.415, 37.85]}, "properties": {"name": "Turcas Denizli Do\u011falgaz S. power station", "fuel": "gas", "mw": 797.4, "country": "TUR", "status": "operating"}}, {"type": "Feature", "id": 205, "geometry": {"type": "Point", "coordinates": [27.974, 41.007]}, "properties": {"name": "Tekirda\u011f power station", "fuel": "gas", "mw": 478.0, "country": "TUR", "status": "operating"}}, {"type": "Feature", "id": 206, "geometry": {"type": "Point", "coordinates": [33.488, 39.842]}, "properties": {"name": "Yahsihan power station", "fuel": "gas", "mw": 927.4, "country": "TUR", "status": "operating"}}, {"type": "Feature", "id": 207, "geometry": {"type": "Point", "coordinates": [27.765, 43.195]}, "properties": {"name": "Varna power station", "fuel": "gas", "mw": 210.0, "country": "BGR", "status": "operating"}}, {"type": "Feature", "id": 208, "geometry": {"type": "Point", "coordinates": [24.625, 43.421]}, "properties": {"name": "Toplofikacia Pleven power station", "fuel": "gas", "mw": 43.0, "country": "BGR", "status": "operating"}}, {"type": "Feature", "id": 209, "geometry": {"type": "Point", "coordinates": [23.408, 44.67]}, "properties": {"name": "Turceni power station", "fuel": "gas", "mw": 475.0, "country": "ROU", "status": "planned"}}, {"type": "Feature", "id": 210, "geometry": {"type": "Point", "coordinates": [23.717, 44.388]}, "properties": {"name": "Isalnita power station", "fuel": "gas", "mw": 425.0, "country": "ROU", "status": "planned"}}, {"type": "Feature", "id": 211, "geometry": {"type": "Point", "coordinates": [23.811, 44.343]}, "properties": {"name": "Craiova II power station", "fuel": "gas", "mw": 295.0, "country": "ROU", "status": "planned"}}, {"type": "Feature", "id": 212, "geometry": {"type": "Point", "coordinates": [23.717, 44.388]}, "properties": {"name": "Isalnita power station", "fuel": "gas", "mw": 425.0, "country": "ROU", "status": "planned"}}, {"type": "Feature", "id": 213, "geometry": {"type": "Point", "coordinates": [24.772, 46.421]}, "properties": {"name": "Hefaistos power station", "fuel": "gas", "mw": 500.0, "country": "ROU", "status": "planned"}}, {"type": "Feature", "id": 214, "geometry": {"type": "Point", "coordinates": [49.919, 40.374]}, "properties": {"name": "Baku CHP power station", "fuel": "gas", "mw": 53.5, "country": "AZE", "status": "operating"}}, {"type": "Feature", "id": 215, "geometry": {"type": "Point", "coordinates": [49.919, 40.374]}, "properties": {"name": "Baku CHP power station", "fuel": "gas", "mw": 53.5, "country": "AZE", "status": "operating"}}, {"type": "Feature", "id": 216, "geometry": {"type": "Point", "coordinates": [50.209, 40.5]}, "properties": {"name": "Shimal power station", "fuel": "gas", "mw": 400.0, "country": "AZE", "status": "operating"}}, {"type": "Feature", "id": 217, "geometry": {"type": "Point", "coordinates": [50.209, 40.5]}, "properties": {"name": "Shimal power station", "fuel": "gas", "mw": 400.0, "country": "AZE", "status": "operating"}}, {"type": "Feature", "id": 218, "geometry": {"type": "Point", "coordinates": [49.633, 40.603]}, "properties": {"name": "Sumgayit power station", "fuel": "gas", "mw": 525.0, "country": "AZE", "status": "operating"}}, {"type": "Feature", "id": 219, "geometry": {"type": "Point", "coordinates": [48.919, 39.894]}, "properties": {"name": "Janub power station", "fuel": "gas", "mw": 390.0, "country": "AZE", "status": "operating"}}, {"type": "Feature", "id": 220, "geometry": {"type": "Point", "coordinates": [48.919, 39.894]}, "properties": {"name": "Janub power station", "fuel": "gas", "mw": 390.0, "country": "AZE", "status": "operating"}}, {"type": "Feature", "id": 221, "geometry": {"type": "Point", "coordinates": [46.991, 40.781]}, "properties": {"name": "Azerbaijan thermal power plant", "fuel": "gas", "mw": 300.0, "country": "AZE", "status": "operating"}}, {"type": "Feature", "id": 222, "geometry": {"type": "Point", "coordinates": [46.991, 40.781]}, "properties": {"name": "Azerbaijan thermal power plant", "fuel": "gas", "mw": 300.0, "country": "AZE", "status": "operating"}}, {"type": "Feature", "id": 223, "geometry": {"type": "Point", "coordinates": [46.991, 40.781]}, "properties": {"name": "Azerbaijan thermal power plant", "fuel": "gas", "mw": 300.0, "country": "AZE", "status": "operating"}}, {"type": "Feature", "id": 224, "geometry": {"type": "Point", "coordinates": [46.991, 40.781]}, "properties": {"name": "Azerbaijan thermal power plant", "fuel": "gas", "mw": 300.0, "country": "AZE", "status": "operating"}}, {"type": "Feature", "id": 225, "geometry": {"type": "Point", "coordinates": [46.991, 40.781]}, "properties": {"name": "Azerbaijan thermal power plant", "fuel": "gas", "mw": 300.0, "country": "AZE", "status": "operating"}}, {"type": "Feature", "id": 226, "geometry": {"type": "Point", "coordinates": [46.991, 40.781]}, "properties": {"name": "Azerbaijan thermal power plant", "fuel": "gas", "mw": 300.0, "country": "AZE", "status": "operating"}}, {"type": "Feature", "id": 227, "geometry": {"type": "Point", "coordinates": [46.991, 40.781]}, "properties": {"name": "Azerbaijan thermal power plant", "fuel": "gas", "mw": 300.0, "country": "AZE", "status": "operating"}}, {"type": "Feature", "id": 228, "geometry": {"type": "Point", "coordinates": [46.991, 40.781]}, "properties": {"name": "Azerbaijan thermal power plant", "fuel": "gas", "mw": 300.0, "country": "AZE", "status": "operating"}}, {"type": "Feature", "id": 229, "geometry": {"type": "Point", "coordinates": [44.497, 40.113]}, "properties": {"name": "Yerevan 2 power station", "fuel": "gas", "mw": 254.0, "country": "ARM", "status": "operating"}}, {"type": "Feature", "id": 230, "geometry": {"type": "Point", "coordinates": [44.498, 40.115]}, "properties": {"name": "Yerevan 1 power station", "fuel": "gas", "mw": 242.0, "country": "ARM", "status": "operating"}}, {"type": "Feature", "id": 231, "geometry": {"type": "Point", "coordinates": [44.753, 40.57]}, "properties": {"name": "Hrazdan thermal power plant", "fuel": "gas", "mw": 431.0, "country": "ARM", "status": "operating"}}, {"type": "Feature", "id": 232, "geometry": {"type": "Point", "coordinates": [44.753, 40.57]}, "properties": {"name": "Hrazdan thermal power plant", "fuel": "gas", "mw": 200.0, "country": "ARM", "status": "operating"}}, {"type": "Feature", "id": 233, "geometry": {"type": "Point", "coordinates": [45.054, 41.46]}, "properties": {"name": "Gardabani Combined Cycle power station", "fuel": "gas", "mw": 400.0, "country": "GEO", "status": "planned"}}, {"type": "Feature", "id": 234, "geometry": {"type": "Point", "coordinates": [45.054, 41.46]}, "properties": {"name": "Gardabani Combined Cycle power station", "fuel": "gas", "mw": 255.0, "country": "GEO", "status": "operating"}}, {"type": "Feature", "id": 235, "geometry": {"type": "Point", "coordinates": [45.054, 41.46]}, "properties": {"name": "Gardabani Combined Cycle power station", "fuel": "gas", "mw": 231.2, "country": "GEO", "status": "operating"}}, {"type": "Feature", "id": 236, "geometry": {"type": "Point", "coordinates": [45.069, 41.48]}, "properties": {"name": "Airturbine power station", "fuel": "gas", "mw": 55.0, "country": "GEO", "status": "operating"}}, {"type": "Feature", "id": 237, "geometry": {"type": "Point", "coordinates": [45.069, 41.48]}, "properties": {"name": "Airturbine power station", "fuel": "gas", "mw": 55.0, "country": "GEO", "status": "operating"}}, {"type": "Feature", "id": 238, "geometry": {"type": "Point", "coordinates": [45.064, 41.473]}, "properties": {"name": "Tbilsresi power station", "fuel": "gas", "mw": 300.0, "country": "GEO", "status": "operating"}}, {"type": "Feature", "id": 239, "geometry": {"type": "Point", "coordinates": [45.064, 41.473]}, "properties": {"name": "Tbilsresi power station", "fuel": "gas", "mw": 142.0, "country": "GEO", "status": "operating"}}, {"type": "Feature", "id": 240, "geometry": {"type": "Point", "coordinates": [45.064, 41.473]}, "properties": {"name": "Tbilsresi power station", "fuel": "gas", "mw": 130.0, "country": "GEO", "status": "operating"}}, {"type": "Feature", "id": 241, "geometry": {"type": "Point", "coordinates": [27.974, 41.007]}, "properties": {"name": "Tekirda\u011f power station", "fuel": "gas", "mw": 478.0, "country": "TUR", "status": "operating"}}, {"type": "Feature", "id": 242, "geometry": {"type": "Point", "coordinates": [40.733, 37.312]}, "properties": {"name": "Taha power station", "fuel": "gas", "mw": 136.0, "country": "TUR", "status": "operating"}}, {"type": "Feature", "id": 243, "geometry": {"type": "Point", "coordinates": [38.652, 37.11]}, "properties": {"name": "\u015eanl\u0131urfa OSB power station", "fuel": "gas", "mw": 147.1, "country": "TUR", "status": "operating"}}, {"type": "Feature", "id": 244, "geometry": {"type": "Point", "coordinates": [31.42, 41.261]}, "properties": {"name": "Karadeniz Ere\u011fli Zonguldak power station", "fuel": "gas", "mw": 191.1, "country": "TUR", "status": "operating"}}, {"type": "Feature", "id": 245, "geometry": {"type": "Point", "coordinates": [29.406, 40.691]}, "properties": {"name": "Aksa Akrilik power station", "fuel": "gas", "mw": 45.0, "country": "TUR", "status": "operating"}}, {"type": "Feature", "id": 246, "geometry": {"type": "Point", "coordinates": [28.651, 44.343]}, "properties": {"name": "Petromidia Refinery power station", "fuel": "gas", "mw": 40.0, "country": "ROU", "status": "operating"}}, {"type": "Feature", "id": 247, "geometry": {"type": "Point", "coordinates": [28.651, 44.343]}, "properties": {"name": "Petromidia Refinery power station", "fuel": "gas", "mw": 40.0, "country": "ROU", "status": "operating"}}, {"type": "Feature", "id": 248, "geometry": {"type": "Point", "coordinates": [27.981, 45.436]}, "properties": {"name": "Galati power station", "fuel": "gas", "mw": 105.0, "country": "ROU", "status": "operating"}}, {"type": "Feature", "id": 249, "geometry": {"type": "Point", "coordinates": [27.981, 45.436]}, "properties": {"name": "Galati power station", "fuel": "gas", "mw": 60.0, "country": "ROU", "status": "operating"}}, {"type": "Feature", "id": 250, "geometry": {"type": "Point", "coordinates": [24.292, 45.035]}, "properties": {"name": "Ciech Soda power station", "fuel": "gas", "mw": 230.0, "country": "ROU", "status": "planned"}}, {"type": "Feature", "id": 251, "geometry": {"type": "Point", "coordinates": [24.298, 45.04]}, "properties": {"name": "Chimcomplex power station", "fuel": "gas", "mw": 108.0, "country": "ROU", "status": "planned"}}, {"type": "Feature", "id": 252, "geometry": {"type": "Point", "coordinates": [26.181, 44.436]}, "properties": {"name": "Bucharest-Titan power station", "fuel": "gas", "mw": 50.0, "country": "ROU", "status": "construction"}}, {"type": "Feature", "id": 253, "geometry": {"type": "Point", "coordinates": [23.417, 42.652]}, "properties": {"name": "Sofia Iztok power station", "fuel": "gas", "mw": 240.0, "country": "BGR", "status": "planned"}}, {"type": "Feature", "id": 254, "geometry": {"type": "Point", "coordinates": [23.241, 41.442]}, "properties": {"name": "Rupite power station", "fuel": "gas", "mw": 276.0, "country": "BGR", "status": "planned"}}, {"type": "Feature", "id": 255, "geometry": {"type": "Point", "coordinates": [47.142, 41.063]}, "properties": {"name": "Shaki power station", "fuel": "gas", "mw": 87.0, "country": "AZE", "status": "operating"}}, {"type": "Feature", "id": 256, "geometry": {"type": "Point", "coordinates": [48.475, 41.408]}, "properties": {"name": "Shahdagh power station", "fuel": "gas", "mw": 104.4, "country": "AZE", "status": "operating"}}, {"type": "Feature", "id": 257, "geometry": {"type": "Point", "coordinates": [49.473, 40.172]}, "properties": {"name": "Sangachal power station", "fuel": "gas", "mw": 307.8, "country": "AZE", "status": "operating"}}, {"type": "Feature", "id": 258, "geometry": {"type": "Point", "coordinates": [45.487, 39.159]}, "properties": {"name": "Nakhchivan power station", "fuel": "gas", "mw": 87.0, "country": "AZE", "status": "operating"}}, {"type": "Feature", "id": 259, "geometry": {"type": "Point", "coordinates": [46.991, 40.781]}, "properties": {"name": "Mingecevir power station", "fuel": "gas", "mw": 320.0, "country": "AZE", "status": "construction"}}, {"type": "Feature", "id": 260, "geometry": {"type": "Point", "coordinates": [46.991, 40.781]}, "properties": {"name": "Mingecevir power station", "fuel": "gas", "mw": 320.0, "country": "AZE", "status": "construction"}}, {"type": "Feature", "id": 261, "geometry": {"type": "Point", "coordinates": [46.991, 40.781]}, "properties": {"name": "Mingecevir power station", "fuel": "gas", "mw": 320.0, "country": "AZE", "status": "construction"}}, {"type": "Feature", "id": 262, "geometry": {"type": "Point", "coordinates": [46.991, 40.781]}, "properties": {"name": "Mingecevir power station", "fuel": "gas", "mw": 320.0, "country": "AZE", "status": "construction"}}, {"type": "Feature", "id": 263, "geometry": {"type": "Point", "coordinates": [48.811, 41.432]}, "properties": {"name": "Khachmaz power station", "fuel": "gas", "mw": 87.0, "country": "AZE", "status": "operating"}}, {"type": "Feature", "id": 264, "geometry": {"type": "Point", "coordinates": [49.67, 40.419]}, "properties": {"name": "Gobu power station", "fuel": "gas", "mw": 384.3, "country": "AZE", "status": "operating"}}, {"type": "Feature", "id": 265, "geometry": {"type": "Point", "coordinates": [49.916, 40.404]}, "properties": {"name": "Baku power station", "fuel": "gas", "mw": 104.4, "country": "AZE", "status": "operating"}}, {"type": "Feature", "id": 266, "geometry": {"type": "Point", "coordinates": [48.865, 38.467]}, "properties": {"name": "Astara power station", "fuel": "gas", "mw": 87.0, "country": "AZE", "status": "operating"}}, {"type": "Feature", "id": 267, "geometry": {"type": "Point", "coordinates": [44.753, 40.57]}, "properties": {"name": "Hrazdan power station", "fuel": "gas", "mw": 50.0, "country": "ARM", "status": "construction"}}, {"type": "Feature", "id": 268, "geometry": {"type": "Point", "coordinates": [26.086, 44.947]}, "properties": {"name": "Ploesti power station", "fuel": "gas", "mw": 61.0, "country": "ROU", "status": "operating"}}, {"type": "Feature", "id": 269, "geometry": {"type": "Point", "coordinates": [25.999, 44.88]}, "properties": {"name": "Petrom Brazi power station", "fuel": "gas", "mw": 60.0, "country": "ROU", "status": "operating"}}, {"type": "Feature", "id": 270, "geometry": {"type": "Point", "coordinates": [28.608, 44.158]}, "properties": {"name": "Palas power station", "fuel": "gas", "mw": 155.0, "country": "ROU", "status": "planned"}}, {"type": "Feature", "id": 271, "geometry": {"type": "Point", "coordinates": [28.608, 44.158]}, "properties": {"name": "Palas power station", "fuel": "gas", "mw": 50.0, "country": "ROU", "status": "operating"}}, {"type": "Feature", "id": 272, "geometry": {"type": "Point", "coordinates": [28.608, 44.158]}, "properties": {"name": "Palas power station", "fuel": "gas", "mw": 50.0, "country": "ROU", "status": "operating"}}, {"type": "Feature", "id": 273, "geometry": {"type": "Point", "coordinates": [26.009, 44.883]}, "properties": {"name": "Brazi power station", "fuel": "gas", "mw": 50.0, "country": "ROU", "status": "operating"}}, {"type": "Feature", "id": 274, "geometry": {"type": "Point", "coordinates": [36.442, 41.236]}, "properties": {"name": "Yesilyurt power station", "fuel": "gas", "mw": 72.0, "country": "TUR", "status": "operating"}}, {"type": "Feature", "id": 275, "geometry": {"type": "Point", "coordinates": [36.442, 41.236]}, "properties": {"name": "Yesilyurt power station", "fuel": "gas", "mw": 162.0, "country": "TUR", "status": "operating"}}, {"type": "Feature", "id": 276, "geometry": {"type": "Point", "coordinates": [27.505, 41.001]}, "properties": {"name": "Tekirdag CHP power station", "fuel": "gas", "mw": 48.0, "country": "TUR", "status": "operating"}}, {"type": "Feature", "id": 277, "geometry": {"type": "Point", "coordinates": [42.415, 37.242]}, "properties": {"name": "Silopi power station", "fuel": "gas", "mw": 182.0, "country": "TUR", "status": "operating"}}, {"type": "Feature", "id": 278, "geometry": {"type": "Point", "coordinates": [27.25, 38.213]}, "properties": {"name": "Pancar power station", "fuel": "gas", "mw": 40.0, "country": "TUR", "status": "operating"}}, {"type": "Feature", "id": 279, "geometry": {"type": "Point", "coordinates": [38.888, 37.195]}, "properties": {"name": "Odas power station", "fuel": "gas", "mw": 140.0, "country": "TUR", "status": "operating"}}, {"type": "Feature", "id": 280, "geometry": {"type": "Point", "coordinates": [38.213, 37.777]}, "properties": {"name": "Trakya CHP power station", "fuel": "gas", "mw": 31.0, "country": "TUR", "status": "operating"}}, {"type": "Feature", "id": 281, "geometry": {"type": "Point", "coordinates": [34.755, 36.868]}, "properties": {"name": "Mersin power station", "fuel": "gas", "mw": 65.0, "country": "TUR", "status": "operating"}}, {"type": "Feature", "id": 282, "geometry": {"type": "Point", "coordinates": [27.882, 39.617]}, "properties": {"name": "Marmara Pamuklu power station", "fuel": "gas", "mw": 25.2, "country": "TUR", "status": "operating"}}, {"type": "Feature", "id": 283, "geometry": {"type": "Point", "coordinates": [27.882, 39.617]}, "properties": {"name": "Marmara Pamuklu power station", "fuel": "gas", "mw": 47.0, "country": "TUR", "status": "operating"}}, {"type": "Feature", "id": 284, "geometry": {"type": "Point", "coordinates": [27.69, 41.236]}, "properties": {"name": "K\u0131rkg\u00f6z power station", "fuel": "gas", "mw": 34.0, "country": "TUR", "status": "operating"}}, {"type": "Feature", "id": 285, "geometry": {"type": "Point", "coordinates": [27.69, 41.236]}, "properties": {"name": "K\u0131rkg\u00f6z power station", "fuel": "gas", "mw": 33.0, "country": "TUR", "status": "operating"}}, {"type": "Feature", "id": 286, "geometry": {"type": "Point", "coordinates": [27.69, 41.236]}, "properties": {"name": "K\u0131rkg\u00f6z power station", "fuel": "gas", "mw": 33.0, "country": "TUR", "status": "operating"}}, {"type": "Feature", "id": 287, "geometry": {"type": "Point", "coordinates": [27.214, 41.757]}, "properties": {"name": "Kirklareli power station", "fuel": "gas", "mw": 890.0, "country": "TUR", "status": "construction"}}, {"type": "Feature", "id": 288, "geometry": {"type": "Point", "coordinates": [35.333, 38.711]}, "properties": {"name": "Kayseri Metalworks power station", "fuel": "gas", "mw": 30.0, "country": "TUR", "status": "operating"}}, {"type": "Feature", "id": 289, "geometry": {"type": "Point", "coordinates": [29.762, 40.763]}, "properties": {"name": "Izmir Refinery power station", "fuel": "gas", "mw": 26.0, "country": "TUR", "status": "operating"}}, {"type": "Feature", "id": 290, "geometry": {"type": "Point", "coordinates": [27.217, 38.427]}, "properties": {"name": "Izmir Cement Factory power station", "fuel": "gas", "mw": 45.0, "country": "TUR", "status": "operating"}}, {"type": "Feature", "id": 291, "geometry": {"type": "Point", "coordinates": [29.602, 40.782]}, "properties": {"name": "Hereke Cement Works power station", "fuel": "gas", "mw": 40.0, "country": "TUR", "status": "operating"}}, {"type": "Feature", "id": 292, "geometry": {"type": "Point", "coordinates": [29.365, 38.965]}, "properties": {"name": "Gediz power station", "fuel": "gas", "mw": 57.0, "country": "TUR", "status": "operating"}}, {"type": "Feature", "id": 293, "geometry": {"type": "Point", "coordinates": [36.48, 41.239]}, "properties": {"name": "Cengiz Enerji Samsun power station", "fuel": "gas", "mw": 132.0, "country": "TUR", "status": "operating"}}, {"type": "Feature", "id": 294, "geometry": {"type": "Point", "coordinates": [36.48, 41.239]}, "properties": {"name": "Cengiz Enerji Samsun power station", "fuel": "gas", "mw": 132.0, "country": "TUR", "status": "operating"}}, {"type": "Feature", "id": 295, "geometry": {"type": "Point", "coordinates": [31.043, 38.594]}, "properties": {"name": "Cay power station", "fuel": "gas", "mw": 143.0, "country": "TUR", "status": "operating"}}, {"type": "Feature", "id": 296, "geometry": {"type": "Point", "coordinates": [29.074, 40.27]}, "properties": {"name": "Bursa Korteks power station", "fuel": "gas", "mw": 90.0, "country": "TUR", "status": "operating"}}, {"type": "Feature", "id": 297, "geometry": {"type": "Point", "coordinates": [32.756, 39.867]}, "properties": {"name": "Bilkent University power station", "fuel": "gas", "mw": 36.5, "country": "TUR", "status": "operating"}}, {"type": "Feature", "id": 298, "geometry": {"type": "Point", "coordinates": [29.922, 40.004]}, "properties": {"name": "Bilecik power station", "fuel": "gas", "mw": 39.0, "country": "TUR", "status": "operating"}}, {"type": "Feature", "id": 299, "geometry": {"type": "Point", "coordinates": [26.943, 38.742]}, "properties": {"name": "Aliaga Habas power station", "fuel": "gas", "mw": 54.0, "country": "TUR", "status": "operating"}}, {"type": "Feature", "id": 300, "geometry": {"type": "Point", "coordinates": [26.945, 38.799]}, "properties": {"name": "Aliaga EUAS power station", "fuel": "gas", "mw": 180.0, "country": "TUR", "status": "operating"}}, {"type": "Feature", "id": 301, "geometry": {"type": "Point", "coordinates": [27.064, 38.815]}, "properties": {"name": "Aliaga Alosbi power station", "fuel": "gas", "mw": 270.0, "country": "TUR", "status": "operating"}}, {"type": "Feature", "id": 302, "geometry": {"type": "Point", "coordinates": [27.064, 38.815]}, "properties": {"name": "Aliaga Alosbi power station", "fuel": "gas", "mw": 68.0, "country": "TUR", "status": "operating"}}, {"type": "Feature", "id": 303, "geometry": {"type": "Point", "coordinates": [45.0, 41.173]}, "properties": {"name": "Noyemberyan power station", "fuel": "gas", "mw": 126.0, "country": "ARM", "status": "planned"}}, {"type": "Feature", "id": 304, "geometry": {"type": "Point", "coordinates": [33.54, 36.145]}, "properties": {"name": "Akkuyu nuclear power plant", "fuel": "nuclear", "mw": 1200.0, "country": "TUR", "status": "construction"}}, {"type": "Feature", "id": 305, "geometry": {"type": "Point", "coordinates": [33.54, 36.145]}, "properties": {"name": "Akkuyu nuclear power plant", "fuel": "nuclear", "mw": 1200.0, "country": "TUR", "status": "construction"}}, {"type": "Feature", "id": 306, "geometry": {"type": "Point", "coordinates": [33.54, 36.145]}, "properties": {"name": "Akkuyu nuclear power plant", "fuel": "nuclear", "mw": 1200.0, "country": "TUR", "status": "construction"}}, {"type": "Feature", "id": 307, "geometry": {"type": "Point", "coordinates": [33.54, 36.145]}, "properties": {"name": "Akkuyu nuclear power plant", "fuel": "nuclear", "mw": 1200.0, "country": "TUR", "status": "construction"}}, {"type": "Feature", "id": 308, "geometry": {"type": "Point", "coordinates": [23.768, 43.75]}, "properties": {"name": "Kozloduy nuclear power plant", "fuel": "nuclear", "mw": 1040.0, "country": "BGR", "status": "operating"}}, {"type": "Feature", "id": 309, "geometry": {"type": "Point", "coordinates": [23.768, 43.75]}, "properties": {"name": "Kozloduy nuclear power plant", "fuel": "nuclear", "mw": 1040.0, "country": "BGR", "status": "operating"}}, {"type": "Feature", "id": 310, "geometry": {"type": "Point", "coordinates": [28.06, 44.321]}, "properties": {"name": "Cernavod\u0103 nuclear power plant", "fuel": "nuclear", "mw": 706.0, "country": "ROU", "status": "operating"}}, {"type": "Feature", "id": 311, "geometry": {"type": "Point", "coordinates": [28.059, 44.322]}, "properties": {"name": "Cernavod\u0103 nuclear power plant", "fuel": "nuclear", "mw": 705.0, "country": "ROU", "status": "operating"}}, {"type": "Feature", "id": 312, "geometry": {"type": "Point", "coordinates": [44.142, 40.182]}, "properties": {"name": "Armenian nuclear power plant", "fuel": "nuclear", "mw": 448.0, "country": "ARM", "status": "operating"}}, {"type": "Feature", "id": 313, "geometry": {"type": "Point", "coordinates": [28.056, 44.324]}, "properties": {"name": "Cernavod\u0103 nuclear power plant", "fuel": "nuclear", "mw": 720.0, "country": "ROU", "status": "planned"}}, {"type": "Feature", "id": 314, "geometry": {"type": "Point", "coordinates": [28.057, 44.323]}, "properties": {"name": "Cernavod\u0103 nuclear power plant", "fuel": "nuclear", "mw": 720.0, "country": "ROU", "status": "planned"}}, {"type": "Feature", "id": 315, "geometry": {"type": "Point", "coordinates": [44.142, 40.182]}, "properties": {"name": "Armenian nuclear power plant", "fuel": "nuclear", "mw": 1200.0, "country": "ARM", "status": "planned"}}, {"type": "Feature", "id": 316, "geometry": {"type": "Point", "coordinates": [23.768, 43.75]}, "properties": {"name": "Kozloduy nuclear power plant", "fuel": "nuclear", "mw": 1000.0, "country": "BGR", "status": "planned"}}, {"type": "Feature", "id": 317, "geometry": {"type": "Point", "coordinates": [23.768, 43.75]}, "properties": {"name": "Kozloduy nuclear power plant", "fuel": "nuclear", "mw": 1000.0, "country": "BGR", "status": "planned"}}, {"type": "Feature", "id": 318, "geometry": {"type": "Point", "coordinates": [25.367, 44.997]}, "properties": {"name": "Doice\u0219ti nuclear power plant", "fuel": "nuclear", "mw": 77.0, "country": "ROU", "status": "planned"}}, {"type": "Feature", "id": 319, "geometry": {"type": "Point", "coordinates": [25.367, 44.997]}, "properties": {"name": "Doice\u0219ti nuclear power plant", "fuel": "nuclear", "mw": 77.0, "country": "ROU", "status": "planned"}}, {"type": "Feature", "id": 320, "geometry": {"type": "Point", "coordinates": [25.367, 44.997]}, "properties": {"name": "Doice\u0219ti nuclear power plant", "fuel": "nuclear", "mw": 77.0, "country": "ROU", "status": "planned"}}, {"type": "Feature", "id": 321, "geometry": {"type": "Point", "coordinates": [25.367, 44.997]}, "properties": {"name": "Doice\u0219ti nuclear power plant", "fuel": "nuclear", "mw": 77.0, "country": "ROU", "status": "planned"}}, {"type": "Feature", "id": 322, "geometry": {"type": "Point", "coordinates": [25.367, 44.997]}, "properties": {"name": "Doice\u0219ti nuclear power plant", "fuel": "nuclear", "mw": 77.0, "country": "ROU", "status": "planned"}}, {"type": "Feature", "id": 323, "geometry": {"type": "Point", "coordinates": [25.367, 44.997]}, "properties": {"name": "Doice\u0219ti nuclear power plant", "fuel": "nuclear", "mw": 77.0, "country": "ROU", "status": "planned"}}, {"type": "Feature", "id": 324, "geometry": {"type": "Point", "coordinates": [35.095, 42.014]}, "properties": {"name": "Sinop nuclear power plant", "fuel": "nuclear", "mw": 1150.0, "country": "TUR", "status": "planned"}}, {"type": "Feature", "id": 325, "geometry": {"type": "Point", "coordinates": [35.095, 42.014]}, "properties": {"name": "Sinop nuclear power plant", "fuel": "nuclear", "mw": 1150.0, "country": "TUR", "status": "planned"}}, {"type": "Feature", "id": 326, "geometry": {"type": "Point", "coordinates": [35.095, 42.014]}, "properties": {"name": "Sinop nuclear power plant", "fuel": "nuclear", "mw": 1150.0, "country": "TUR", "status": "planned"}}, {"type": "Feature", "id": 327, "geometry": {"type": "Point", "coordinates": [35.095, 42.014]}, "properties": {"name": "Sinop nuclear power plant", "fuel": "nuclear", "mw": 1150.0, "country": "TUR", "status": "planned"}}, {"type": "Feature", "id": 328, "geometry": {"type": "Point", "coordinates": [27.988, 41.88]}, "properties": {"name": "\u0130\u011fneada nuclear power plant", "fuel": "nuclear", "mw": 1400.0, "country": "TUR", "status": "planned"}}, {"type": "Feature", "id": 329, "geometry": {"type": "Point", "coordinates": [27.988, 41.88]}, "properties": {"name": "\u0130\u011fneada nuclear power plant", "fuel": "nuclear", "mw": 1400.0, "country": "TUR", "status": "planned"}}, {"type": "Feature", "id": 330, "geometry": {"type": "Point", "coordinates": [27.988, 41.88]}, "properties": {"name": "\u0130\u011fneada nuclear power plant", "fuel": "nuclear", "mw": 1250.0, "country": "TUR", "status": "planned"}}, {"type": "Feature", "id": 331, "geometry": {"type": "Point", "coordinates": [27.988, 41.88]}, "properties": {"name": "\u0130\u011fneada nuclear power plant", "fuel": "nuclear", "mw": 1250.0, "country": "TUR", "status": "planned"}}, {"type": "Feature", "id": 332, "geometry": {"type": "Point", "coordinates": [44.607, 40.379]}, "properties": {"name": "Argel hydroelectric plant", "fuel": "hydro", "mw": 224.0, "country": "ARM", "status": "operating"}}, {"type": "Feature", "id": 333, "geometry": {"type": "Point", "coordinates": [44.76, 40.508]}, "properties": {"name": "Hrazdan hydroelectric plant", "fuel": "hydro", "mw": 81.0, "country": "ARM", "status": "operating"}}, {"type": "Feature", "id": 334, "geometry": {"type": "Point", "coordinates": [46.3, 38.903]}, "properties": {"name": "Meghri hydroelectric plant", "fuel": "hydro", "mw": 100.0, "country": "ARM", "status": "planned"}}, {"type": "Feature", "id": 335, "geometry": {"type": "Point", "coordinates": [44.516, 40.221]}, "properties": {"name": "Qanaqer hydroelectric plant", "fuel": "hydro", "mw": 102.0, "country": "ARM", "status": "operating"}}, {"type": "Feature", "id": 336, "geometry": {"type": "Point", "coordinates": [46.13, 39.473]}, "properties": {"name": "Shamb hydroelectric plant", "fuel": "hydro", "mw": 171.0, "country": "ARM", "status": "operating"}}, {"type": "Feature", "id": 337, "geometry": {"type": "Point", "coordinates": [45.85, 39.649]}, "properties": {"name": "Spandaryan hydroelectric plant", "fuel": "hydro", "mw": 76.0, "country": "ARM", "status": "operating"}}, {"type": "Feature", "id": 338, "geometry": {"type": "Point", "coordinates": [46.371, 39.427]}, "properties": {"name": "Tatev hydroelectric plant", "fuel": "hydro", "mw": 157.0, "country": "ARM", "status": "operating"}}, {"type": "Feature", "id": 339, "geometry": {"type": "Point", "coordinates": [47.028, 40.789]}, "properties": {"name": "Mingechevir hydroelectric plant", "fuel": "hydro", "mw": 424.0, "country": "AZE", "status": "operating"}}, {"type": "Feature", "id": 340, "geometry": {"type": "Point", "coordinates": [46.171, 40.947]}, "properties": {"name": "Shamkir hydroelectric plant", "fuel": "hydro", "mw": 380.0, "country": "AZE", "status": "operating"}}, {"type": "Feature", "id": 341, "geometry": {"type": "Point", "coordinates": [46.285, 40.919]}, "properties": {"name": "Yenikend hydroelectric plant", "fuel": "hydro", "mw": 150.0, "country": "AZE", "status": "operating"}}, {"type": "Feature", "id": 342, "geometry": {"type": "Point", "coordinates": [23.858, 42.199]}, "properties": {"name": "Belmeken hydroelectric plant", "fuel": "hydro", "mw": 375.0, "country": "BGR", "status": "operating"}}, {"type": "Feature", "id": 343, "geometry": {"type": "Point", "coordinates": [23.871, 42.162]}, "properties": {"name": "Chaira hydroelectric plant", "fuel": "hydro", "mw": 864.0, "country": "BGR", "status": "operating"}}, {"type": "Feature", "id": 344, "geometry": {"type": "Point", "coordinates": [24.425, 41.72]}, "properties": {"name": "Devin hydroelectric plant", "fuel": "hydro", "mw": 88.0, "country": "BGR", "status": "operating"}}, {"type": "Feature", "id": 345, "geometry": {"type": "Point", "coordinates": [26.108, 41.584]}, "properties": {"name": "Ivailovgrad hydroelectric plant", "fuel": "hydro", "mw": 114.0, "country": "BGR", "status": "operating"}}, {"type": "Feature", "id": 346, "geometry": {"type": "Point", "coordinates": [25.339, 41.633]}, "properties": {"name": "Kardjali hydroelectric plant", "fuel": "hydro", "mw": 110.0, "country": "BGR", "status": "operating"}}, {"type": "Feature", "id": 347, "geometry": {"type": "Point", "coordinates": [24.447, 41.941]}, "properties": {"name": "Krichim hydroelectric plant", "fuel": "hydro", "mw": 80.0, "country": "BGR", "status": "operating"}}, {"type": "Feature", "id": 348, "geometry": {"type": "Point", "coordinates": [23.949, 42.232]}, "properties": {"name": "Momina Klisura hydroelectric plant", "fuel": "hydro", "mw": 120.0, "country": "BGR", "status": "operating"}}, {"type": "Feature", "id": 349, "geometry": {"type": "Point", "coordinates": [24.448, 41.941]}, "properties": {"name": "Orfeus hydroelectric plant", "fuel": "hydro", "mw": 160.0, "country": "BGR", "status": "operating"}}, {"type": "Feature", "id": 350, "geometry": {"type": "Point", "coordinates": [24.257, 42.013]}, "properties": {"name": "Peshtera hydroelectric plant", "fuel": "hydro", "mw": 135.0, "country": "BGR", "status": "operating"}}, {"type": "Feature", "id": 351, "geometry": {"type": "Point", "coordinates": [23.916, 42.208]}, "properties": {"name": "Sestrimo hydroelectric plant", "fuel": "hydro", "mw": 240.0, "country": "BGR", "status": "operating"}}, {"type": "Feature", "id": 352, "geometry": {"type": "Point", "coordinates": [25.64, 41.612]}, "properties": {"name": "Studen Kladenets hydroelectric plant", "fuel": "hydro", "mw": 81.0, "country": "BGR", "status": "operating"}}, {"type": "Feature", "id": 353, "geometry": {"type": "Point", "coordinates": [24.421, 41.832]}, "properties": {"name": "Tsankov Kamak hydroelectric plant", "fuel": "hydro", "mw": 85.0, "country": "BGR", "status": "operating"}}, {"type": "Feature", "id": 354, "geometry": {"type": "Point", "coordinates": [44.625, 42.745]}, "properties": {"name": "Dariali hydroelectric plant", "fuel": "hydro", "mw": 108.0, "country": "GEO", "status": "operating"}}, {"type": "Feature", "id": 355, "geometry": {"type": "Point", "coordinates": [42.614, 43.008]}, "properties": {"name": "Dizi hydroelectric plant", "fuel": "hydro", "mw": 250.0, "country": "GEO", "status": "planned"}}, {"type": "Feature", "id": 356, "geometry": {"type": "Point", "coordinates": [42.958, 42.263]}, "properties": {"name": "Dzevrula hydroelectric plant", "fuel": "hydro", "mw": 80.0, "country": "GEO", "status": "operating"}}, {"type": "Feature", "id": 357, "geometry": {"type": "Point", "coordinates": [42.031, 42.758]}, "properties": {"name": "Enguri hydroelectric plant", "fuel": "hydro", "mw": 1300.0, "country": "GEO", "status": "operating"}}, {"type": "Feature", "id": 358, "geometry": {"type": "Point", "coordinates": [42.614, 43.008]}, "properties": {"name": "Ieli hydroelectric plant", "fuel": "hydro", "mw": 80.0, "country": "GEO", "status": "planned"}}, {"type": "Feature", "id": 359, "geometry": {"type": "Point", "coordinates": [44.124, 41.549]}, "properties": {"name": "Khrami I hydroelectric plant", "fuel": "hydro", "mw": 114.0, "country": "GEO", "status": "operating"}}, {"type": "Feature", "id": 360, "geometry": {"type": "Point", "coordinates": [44.235, 41.468]}, "properties": {"name": "Khrami II hydroelectric plant", "fuel": "hydro", "mw": 110.0, "country": "GEO", "status": "operating"}}, {"type": "Feature", "id": 361, "geometry": {"type": "Point", "coordinates": [42.194, 42.955]}, "properties": {"name": "Khudoni hydroelectric plant", "fuel": "hydro", "mw": 702.0, "country": "GEO", "status": "construction"}}, {"type": "Feature", "id": 362, "geometry": {"type": "Point", "coordinates": [42.614, 43.008]}, "properties": {"name": "Kvanchiani hydroelectric plant", "fuel": "hydro", "mw": 230.0, "country": "GEO", "status": "planned"}}, {"type": "Feature", "id": 363, "geometry": {"type": "Point", "coordinates": [42.852, 42.589]}, "properties": {"name": "Lajanuri hydroelectric plant", "fuel": "hydro", "mw": 112.0, "country": "GEO", "status": "operating"}}, {"type": "Feature", "id": 364, "geometry": {"type": "Point", "coordinates": [43.535, 42.668]}, "properties": {"name": "Lentekhi hydroelectric plant", "fuel": "hydro", "mw": 80.0, "country": "GEO", "status": "planned"}}, {"type": "Feature", "id": 365, "geometry": {"type": "Point", "coordinates": [43.535, 42.668]}, "properties": {"name": "Oni 1 hydroelectric plant", "fuel": "hydro", "mw": 122.0, "country": "GEO", "status": "planned"}}, {"type": "Feature", "id": 366, "geometry": {"type": "Point", "coordinates": [43.535, 42.668]}, "properties": {"name": "Oni 2 hydroelectric plant", "fuel": "hydro", "mw": 84.0, "country": "GEO", "status": "planned"}}, {"type": "Feature", "id": 367, "geometry": {"type": "Point", "coordinates": [43.461, 41.457]}, "properties": {"name": "Paravani hydroelectric plant", "fuel": "hydro", "mw": 85.0, "country": "GEO", "status": "operating"}}, {"type": "Feature", "id": 368, "geometry": {"type": "Point", "coordinates": [42.35, 41.658]}, "properties": {"name": "Shuakhevi hydroelectric plant", "fuel": "hydro", "mw": 179.0, "country": "GEO", "status": "operating"}}, {"type": "Feature", "id": 369, "geometry": {"type": "Point", "coordinates": [43.535, 42.668]}, "properties": {"name": "Tsageri hydroelectric plant", "fuel": "hydro", "mw": 151.0, "country": "GEO", "status": "planned"}}, {"type": "Feature", "id": 370, "geometry": {"type": "Point", "coordinates": [41.762, 42.652]}, "properties": {"name": "Vardnili-1 hydroelectric plant", "fuel": "hydro", "mw": 220.0, "country": "GEO", "status": "operating"}}, {"type": "Feature", "id": 371, "geometry": {"type": "Point", "coordinates": [44.772, 42.135]}, "properties": {"name": "Zhinvali hydroelectric plant", "fuel": "hydro", "mw": 130.0, "country": "GEO", "status": "operating"}}, {"type": "Feature", "id": 372, "geometry": {"type": "Point", "coordinates": [24.118, 45.352]}, "properties": {"name": "Bradisor hydroelectric plant", "fuel": "hydro", "mw": 100.0, "country": "ROU", "status": "operating"}}, {"type": "Feature", "id": 373, "geometry": {"type": "Point", "coordinates": [23.628, 45.588]}, "properties": {"name": "Gilceag hydroelectric plant", "fuel": "hydro", "mw": 149.0, "country": "ROU", "status": "operating"}}, {"type": "Feature", "id": 374, "geometry": {"type": "Point", "coordinates": [23.768, 45.447]}, "properties": {"name": "Lotru hydroelectric plant", "fuel": "hydro", "mw": 509.0, "country": "ROU", "status": "operating"}}, {"type": "Feature", "id": 375, "geometry": {"type": "Point", "coordinates": [23.059, 46.668]}, "properties": {"name": "Mariselu hydroelectric plant", "fuel": "hydro", "mw": 215.0, "country": "ROU", "status": "operating"}}, {"type": "Feature", "id": 376, "geometry": {"type": "Point", "coordinates": [22.721, 45.339]}, "properties": {"name": "Raul Mare hydroelectric plant", "fuel": "hydro", "mw": 210.0, "country": "ROU", "status": "operating"}}, {"type": "Feature", "id": 377, "geometry": {"type": "Point", "coordinates": [26.567, 44.589]}, "properties": {"name": "Remeti hydroelectric plant", "fuel": "hydro", "mw": 100.0, "country": "ROU", "status": "operating"}}, {"type": "Feature", "id": 378, "geometry": {"type": "Point", "coordinates": [22.296, 45.403]}, "properties": {"name": "Ruieni hydroelectric plant", "fuel": "hydro", "mw": 138.0, "country": "ROU", "status": "operating"}}, {"type": "Feature", "id": 379, "geometry": {"type": "Point", "coordinates": [26.103, 46.939]}, "properties": {"name": "Stejaru hydroelectric plant", "fuel": "hydro", "mw": 151.0, "country": "ROU", "status": "operating"}}, {"type": "Feature", "id": 380, "geometry": {"type": "Point", "coordinates": [23.609, 45.689]}, "properties": {"name": "Susag hydroelectric plant", "fuel": "hydro", "mw": 149.0, "country": "ROU", "status": "operating"}}, {"type": "Feature", "id": 381, "geometry": {"type": "Point", "coordinates": [23.269, 46.714]}, "properties": {"name": "Tarnita-Lapustesti hydroelectric plant", "fuel": "hydro", "mw": 1000.0, "country": "ROU", "status": "planned"}}, {"type": "Feature", "id": 382, "geometry": {"type": "Point", "coordinates": [22.947, 45.044]}, "properties": {"name": "Tismana hydroelectric plant", "fuel": "hydro", "mw": 105.0, "country": "ROU", "status": "operating"}}, {"type": "Feature", "id": 383, "geometry": {"type": "Point", "coordinates": [24.631, 45.367]}, "properties": {"name": "Vidraru hydroelectric plant", "fuel": "hydro", "mw": 219.0, "country": "ROU", "status": "operating"}}, {"type": "Feature", "id": 384, "geometry": {"type": "Point", "coordinates": [43.103, 41.224]}, "properties": {"name": "Akinci Cildir hydroelectric plant", "fuel": "hydro", "mw": 87.0, "country": "TUR", "status": "operating"}}, {"type": "Feature", "id": 385, "geometry": {"type": "Point", "coordinates": [37.115, 40.44]}, "properties": {"name": "Ak\u0131nc\u0131 hydroelectric plant", "fuel": "hydro", "mw": 99.0, "country": "TUR", "status": "operating"}}, {"type": "Feature", "id": 386, "geometry": {"type": "Point", "coordinates": [39.143, 40.655]}, "properties": {"name": "Akkoy I hydroelectric plant", "fuel": "hydro", "mw": 104.0, "country": "TUR", "status": "operating"}}, {"type": "Feature", "id": 387, "geometry": {"type": "Point", "coordinates": [39.125, 40.682]}, "properties": {"name": "Akk\u00f6y I hydroelectric plant", "fuel": "hydro", "mw": 104.0, "country": "TUR", "status": "operating"}}, {"type": "Feature", "id": 388, "geometry": {"type": "Point", "coordinates": [38.991, 40.738]}, "properties": {"name": "Akkoy II hydroelectric plant", "fuel": "hydro", "mw": 234.0, "country": "TUR", "status": "operating"}}, {"type": "Feature", "id": 389, "geometry": {"type": "Point", "coordinates": [39.914, 40.611]}, "properties": {"name": "Akocak hydroelectric plant", "fuel": "hydro", "mw": 81.0, "country": "TUR", "status": "operating"}}, {"type": "Feature", "id": 390, "geometry": {"type": "Point", "coordinates": [42.093, 37.959]}, "properties": {"name": "Alkumru hydroelectric plant", "fuel": "hydro", "mw": 276.0, "country": "TUR", "status": "operating"}}, {"type": "Feature", "id": 391, "geometry": {"type": "Point", "coordinates": [41.818, 39.049]}, "properties": {"name": "Alpaslan I hydroelectric plant", "fuel": "hydro", "mw": 160.0, "country": "TUR", "status": "operating"}}, {"type": "Feature", "id": 392, "geometry": {"type": "Point", "coordinates": [41.519, 39.035]}, "properties": {"name": "Alpaslan II hydroelectric plant", "fuel": "hydro", "mw": 280.0, "country": "TUR", "status": "operating"}}, {"type": "Feature", "id": 393, "geometry": {"type": "Point", "coordinates": [35.724, 41.367]}, "properties": {"name": "Altinkaya hydroelectric plant", "fuel": "hydro", "mw": 703.0, "country": "TUR", "status": "operating"}}, {"type": "Feature", "id": 394, "geometry": {"type": "Point", "coordinates": [41.416, 40.718]}, "properties": {"name": "Arkun hydroelectric plant", "fuel": "hydro", "mw": 245.0, "country": "TUR", "status": "operating"}}, {"type": "Feature", "id": 395, "geometry": {"type": "Point", "coordinates": [41.768, 40.936]}, "properties": {"name": "Artvin hydroelectric plant", "fuel": "hydro", "mw": 332.0, "country": "TUR", "status": "operating"}}, {"type": "Feature", "id": 396, "geometry": {"type": "Point", "coordinates": [40.707, 38.83]}, "properties": {"name": "Asagi Kalekoy hydroelectric plant", "fuel": "hydro", "mw": 500.0, "country": "TUR", "status": "operating"}}, {"type": "Feature", "id": 397, "geometry": {"type": "Point", "coordinates": [38.847, 40.91]}, "properties": {"name": "Aslancik hydroelectric plant", "fuel": "hydro", "mw": 120.0, "country": "TUR", "status": "operating"}}, {"type": "Feature", "id": 398, "geometry": {"type": "Point", "coordinates": [36.272, 37.272]}, "properties": {"name": "Aslantas hydroelectric plant", "fuel": "hydro", "mw": 138.0, "country": "TUR", "status": "operating"}}, {"type": "Feature", "id": 399, "geometry": {"type": "Point", "coordinates": [38.319, 37.482]}, "properties": {"name": "Ataturk hydroelectric plant", "fuel": "hydro", "mw": 2405.0, "country": "TUR", "status": "operating"}}, {"type": "Feature", "id": 400, "geometry": {"type": "Point", "coordinates": [37.137, 37.577]}, "properties": {"name": "Ayvali hydroelectric plant", "fuel": "hydro", "mw": 130.0, "country": "TUR", "status": "operating"}}, {"type": "Feature", "id": 401, "geometry": {"type": "Point", "coordinates": [38.522, 39.45]}, "properties": {"name": "Ba\u011f\u0131\u015fta\u015f I hydroelectric plant", "fuel": "hydro", "mw": 140.0, "country": "TUR", "status": "operating"}}, {"type": "Feature", "id": 402, "geometry": {"type": "Point", "coordinates": [41.203, 38.16]}, "properties": {"name": "Batman hydroelectric plant", "fuel": "hydro", "mw": 198.0, "country": "TUR", "status": "operating"}}, {"type": "Feature", "id": 403, "geometry": {"type": "Point", "coordinates": [36.462, 37.373]}, "properties": {"name": "Berke hydroelectric plant", "fuel": "hydro", "mw": 510.0, "country": "TUR", "status": "operating"}}, {"type": "Feature", "id": 404, "geometry": {"type": "Point", "coordinates": [40.206, 38.746]}, "properties": {"name": "Beyhan 1 hydroelectric plant", "fuel": "hydro", "mw": 582.0, "country": "TUR", "status": "operating"}}, {"type": "Feature", "id": 405, "geometry": {"type": "Point", "coordinates": [37.889, 37.053]}, "properties": {"name": "Birecik hydroelectric plant", "fuel": "hydro", "mw": 672.0, "country": "TUR", "status": "operating"}}, {"type": "Feature", "id": 406, "geometry": {"type": "Point", "coordinates": [41.688, 41.352]}, "properties": {"name": "Bor\u00e7ka hydroelectric plant", "fuel": "hydro", "mw": 301.0, "country": "TUR", "status": "operating"}}, {"type": "Feature", "id": 407, "geometry": {"type": "Point", "coordinates": [35.002, 41.34]}, "properties": {"name": "Boyabat Kepez hydroelectric plant", "fuel": "hydro", "mw": 513.0, "country": "TUR", "status": "operating"}}, {"type": "Feature", "id": 408, "geometry": {"type": "Point", "coordinates": [35.494, 37.921]}, "properties": {"name": "\u00c7aml\u0131ca I hydroelectric plant", "fuel": "hydro", "mw": 84.0, "country": "TUR", "status": "operating"}}, {"type": "Feature", "id": 409, "geometry": {"type": "Point", "coordinates": [35.282, 37.198]}, "properties": {"name": "Catalan hydroelectric plant", "fuel": "hydro", "mw": 169.0, "country": "TUR", "status": "operating"}}, {"type": "Feature", "id": 410, "geometry": {"type": "Point", "coordinates": [42.377, 37.974]}, "properties": {"name": "Cetin Main hydroelectric plant", "fuel": "hydro", "mw": 420.0, "country": "TUR", "status": "operating"}}, {"type": "Feature", "id": 411, "geometry": {"type": "Point", "coordinates": [40.548, 40.799]}, "properties": {"name": "Cevizlik hydroelectric plant", "fuel": "hydro", "mw": 91.0, "country": "TUR", "status": "operating"}}, {"type": "Feature", "id": 412, "geometry": {"type": "Point", "coordinates": [43.574, 37.258]}, "properties": {"name": "\u00c7ukurca hydroelectric plant", "fuel": "hydro", "mw": 280.0, "country": "TUR", "status": "planned"}}, {"type": "Feature", "id": 413, "geometry": {"type": "Point", "coordinates": [28.895, 36.898]}, "properties": {"name": "Akk\u00f6pr\u00fc hydroelectric plant", "fuel": "hydro", "mw": 115.0, "country": "TUR", "status": "operating"}}, {"type": "Feature", "id": 414, "geometry": {"type": "Point", "coordinates": [37.768, 40.462]}, "properties": {"name": "Dar\u0131ca 1 hydroelectric plant", "fuel": "hydro", "mw": 110.0, "country": "TUR", "status": "operating"}}, {"type": "Feature", "id": 415, "geometry": {"type": "Point", "coordinates": [41.87, 41.171]}, "properties": {"name": "Deriner hydroelectric plant", "fuel": "hydro", "mw": 670.0, "country": "TUR", "status": "operating"}}, {"type": "Feature", "id": 416, "geometry": {"type": "Point", "coordinates": [40.177, 38.231]}, "properties": {"name": "Dicle hydroelectric plant", "fuel": "hydro", "mw": 110.0, "country": "TUR", "status": "operating"}}, {"type": "Feature", "id": 417, "geometry": {"type": "Point", "coordinates": [30.844, 37.872]}, "properties": {"name": "E\u011firdir Golunde hydroelectric plant", "fuel": "hydro", "mw": 1000.0, "country": "TUR", "status": "planned"}}, {"type": "Feature", "id": 418, "geometry": {"type": "Point", "coordinates": [32.968, 36.568]}, "properties": {"name": "Ermenek hydroelectric plant", "fuel": "hydro", "mw": 302.0, "country": "TUR", "status": "operating"}}, {"type": "Feature", "id": 419, "geometry": {"type": "Point", "coordinates": [33.194, 36.529]}, "properties": {"name": "Gezende hydroelectric plant", "fuel": "hydro", "mw": 159.0, "country": "TUR", "status": "operating"}}, {"type": "Feature", "id": 420, "geometry": {"type": "Point", "coordinates": [31.018, 40.033]}, "properties": {"name": "Gokcekaya hydroelectric plant", "fuel": "hydro", "mw": 278.0, "country": "TUR", "status": "operating"}}, {"type": "Feature", "id": 421, "geometry": {"type": "Point", "coordinates": [35.473, 37.726]}, "properties": {"name": "G\u00f6kta\u015f I hydroelectric plant", "fuel": "hydro", "mw": 122.0, "country": "TUR", "status": "operating"}}, {"type": "Feature", "id": 422, "geometry": {"type": "Point", "coordinates": [35.578, 37.623]}, "properties": {"name": "G\u00f6kta\u015f II hydroelectric plant", "fuel": "hydro", "mw": 153.0, "country": "TUR", "status": "operating"}}, {"type": "Feature", "id": 423, "geometry": {"type": "Point", "coordinates": [41.022, 40.522]}, "properties": {"name": "G\u00fcll\u00fcba\u011f hydroelectric plant", "fuel": "hydro", "mw": 96.0, "country": "TUR", "status": "operating"}}, {"type": "Feature", "id": 424, "geometry": {"type": "Point", "coordinates": [36.971, 37.83]}, "properties": {"name": "Hac\u0131n\u0131no\u011flu hydroelectric plant", "fuel": "hydro", "mw": 142.0, "country": "TUR", "status": "operating"}}, {"type": "Feature", "id": 425, "geometry": {"type": "Point", "coordinates": [36.646, 40.937]}, "properties": {"name": "Hasan Ugurlu hydroelectric plant", "fuel": "hydro", "mw": 500.0, "country": "TUR", "status": "operating"}}, {"type": "Feature", "id": 426, "geometry": {"type": "Point", "coordinates": [33.518, 39.273]}, "properties": {"name": "Hirfanli hydroelectric plant", "fuel": "hydro", "mw": 128.0, "country": "TUR", "status": "operating"}}, {"type": "Feature", "id": 427, "geometry": {"type": "Point", "coordinates": [41.843, 37.533]}, "properties": {"name": "Ilisu hydroelectric plant", "fuel": "hydro", "mw": 1209.0, "country": "TUR", "status": "operating"}}, {"type": "Feature", "id": 428, "geometry": {"type": "Point", "coordinates": [37.023, 37.975]}, "properties": {"name": "Kandil hydroelectric plant", "fuel": "hydro", "mw": 208.0, "country": "TUR", "status": "operating"}}, {"type": "Feature", "id": 429, "geometry": {"type": "Point", "coordinates": [39.135, 38.226]}, "properties": {"name": "Karakaya hydroelectric plant", "fuel": "hydro", "mw": 1800.0, "country": "TUR", "status": "operating"}}, {"type": "Feature", "id": 430, "geometry": {"type": "Point", "coordinates": [42.697, 40.144]}, "properties": {"name": "Karakurt hydroelectric plant", "fuel": "hydro", "mw": 100.0, "country": "TUR", "status": "operating"}}, {"type": "Feature", "id": 431, "geometry": {"type": "Point", "coordinates": [35.124, 37.363]}, "properties": {"name": "Karakuz hydroelectric plant", "fuel": "hydro", "mw": 76.0, "country": "TUR", "status": "operating"}}, {"type": "Feature", "id": 432, "geometry": {"type": "Point", "coordinates": [31.739, 39.968]}, "properties": {"name": "Kargi Limak hydroelectric plant", "fuel": "hydro", "mw": 100.0, "country": "TUR", "status": "operating"}}, {"type": "Feature", "id": 433, "geometry": {"type": "Point", "coordinates": [34.659, 41.106]}, "properties": {"name": "Kargi Statkraft hydroelectric plant", "fuel": "hydro", "mw": 102.0, "country": "TUR", "status": "operating"}}, {"type": "Feature", "id": 434, "geometry": {"type": "Point", "coordinates": [38.031, 36.87]}, "properties": {"name": "Karkamis hydroelectric plant", "fuel": "hydro", "mw": 189.0, "country": "TUR", "status": "operating"}}, {"type": "Feature", "id": 435, "geometry": {"type": "Point", "coordinates": [35.528, 37.563]}, "properties": {"name": "Kav\u015fak Bendi hydroelectric plant", "fuel": "hydro", "mw": 191.0, "country": "TUR", "status": "operating"}}, {"type": "Feature", "id": 436, "geometry": {"type": "Point", "coordinates": [38.759, 38.806]}, "properties": {"name": "Keban hydroelectric plant", "fuel": "hydro", "mw": 1330.0, "country": "TUR", "status": "operating"}}, {"type": "Feature", "id": 437, "geometry": {"type": "Point", "coordinates": [33.42, 39.397]}, "properties": {"name": "Kesikk\u00f6pr\u00fc hydroelectric plant", "fuel": "hydro", "mw": 76.0, "country": "TUR", "status": "operating"}}, {"type": "Feature", "id": 438, "geometry": {"type": "Point", "coordinates": [40.352, 39.368]}, "properties": {"name": "Kigi hydroelectric plant", "fuel": "hydro", "mw": 138.0, "country": "TUR", "status": "operating"}}, {"type": "Feature", "id": 439, "geometry": {"type": "Point", "coordinates": [38.186, 40.242]}, "properties": {"name": "Kilickaya hydroelectric plant", "fuel": "hydro", "mw": 120.0, "country": "TUR", "status": "operating"}}, {"type": "Feature", "id": 440, "geometry": {"type": "Point", "coordinates": [36.927, 40.494]}, "properties": {"name": "K\u00f6kl\u00fcce hydroelectric plant", "fuel": "hydro", "mw": 90.0, "country": "TUR", "status": "operating"}}, {"type": "Feature", "id": 441, "geometry": {"type": "Point", "coordinates": [35.612, 37.62]}, "properties": {"name": "K\u00f6pr\u00fc hydroelectric plant", "fuel": "hydro", "mw": 156.0, "country": "TUR", "status": "operating"}}, {"type": "Feature", "id": 442, "geometry": {"type": "Point", "coordinates": [31.91, 40.985]}, "properties": {"name": "K\u00f6pr\u00fcba\u015f\u0131 hydroelectric plant", "fuel": "hydro", "mw": 79.0, "country": "TUR", "status": "operating"}}, {"type": "Feature", "id": 443, "geometry": {"type": "Point", "coordinates": [42.957, 41.168]}, "properties": {"name": "K\u00f6ro\u011flu hydroelectric plant", "fuel": "hydro", "mw": 75.0, "country": "TUR", "status": "operating"}}, {"type": "Feature", "id": 444, "geometry": {"type": "Point", "coordinates": [37.868, 40.795]}, "properties": {"name": "Kozb\u00fck\u00fc hydroelectric plant", "fuel": "hydro", "mw": 81.0, "country": "TUR", "status": "operating"}}, {"type": "Feature", "id": 445, "geometry": {"type": "Point", "coordinates": [40.022, 38.348]}, "properties": {"name": "Krall\u0131z\u0131 hydroelectric plant", "fuel": "hydro", "mw": 95.0, "country": "TUR", "status": "operating"}}, {"type": "Feature", "id": 446, "geometry": {"type": "Point", "coordinates": [39.125, 40.683]}, "properties": {"name": "K\u00fcrt\u00fcn hydroelectric plant", "fuel": "hydro", "mw": 84.0, "country": "TUR", "status": "operating"}}, {"type": "Feature", "id": 447, "geometry": {"type": "Point", "coordinates": [35.722, 37.704]}, "properties": {"name": "Menge hydroelectric plant", "fuel": "hydro", "mw": 89.0, "country": "TUR", "status": "operating"}}, {"type": "Feature", "id": 448, "geometry": {"type": "Point", "coordinates": [36.849, 37.674]}, "properties": {"name": "Menzelet hydroelectric plant", "fuel": "hydro", "mw": 124.0, "country": "TUR", "status": "operating"}}, {"type": "Feature", "id": 449, "geometry": {"type": "Point", "coordinates": [41.715, 41.467]}, "properties": {"name": "Muratli Artvin hydroelectric plant", "fuel": "hydro", "mw": 115.0, "country": "TUR", "status": "operating"}}, {"type": "Feature", "id": 450, "geometry": {"type": "Point", "coordinates": [34.791, 40.77]}, "properties": {"name": "Obruk hydroelectric plant", "fuel": "hydro", "mw": 211.0, "country": "TUR", "status": "operating"}}, {"type": "Feature", "id": 451, "geometry": {"type": "Point", "coordinates": [31.532, 36.909]}, "properties": {"name": "Oymapinar hydroelectric plant", "fuel": "hydro", "mw": 540.0, "country": "TUR", "status": "operating"}}, {"type": "Feature", "id": 452, "geometry": {"type": "Point", "coordinates": [40.088, 39.13]}, "properties": {"name": "Ozluce hydroelectric plant", "fuel": "hydro", "mw": 170.0, "country": "TUR", "status": "operating"}}, {"type": "Feature", "id": 453, "geometry": {"type": "Point", "coordinates": [39.897, 39.084]}, "properties": {"name": "Pembelik hydroelectric plant", "fuel": "hydro", "mw": 130.0, "country": "TUR", "status": "operating"}}, {"type": "Feature", "id": 454, "geometry": {"type": "Point", "coordinates": [35.444, 37.402]}, "properties": {"name": "Sanibey hydroelectric plant", "fuel": "hydro", "mw": 310.0, "country": "TUR", "status": "operating"}}, {"type": "Feature", "id": 455, "geometry": {"type": "Point", "coordinates": [31.414, 40.04]}, "properties": {"name": "Sariyar H Polatkan hydroelectric plant", "fuel": "hydro", "mw": 160.0, "country": "TUR", "status": "operating"}}, {"type": "Feature", "id": 456, "geometry": {"type": "Point", "coordinates": [36.971, 37.934]}, "properties": {"name": "Sar\u0131g\u00fczel hydroelectric plant", "fuel": "hydro", "mw": 100.0, "country": "TUR", "status": "operating"}}, {"type": "Feature", "id": 457, "geometry": {"type": "Point", "coordinates": [41.022, 38.293]}, "properties": {"name": "Silvan hydroelectric plant", "fuel": "hydro", "mw": 160.0, "country": "TUR", "status": "construction"}}, {"type": "Feature", "id": 458, "geometry": {"type": "Point", "coordinates": [36.596, 37.501]}, "properties": {"name": "Sir hydroelectric plant", "fuel": "hydro", "mw": 284.0, "country": "TUR", "status": "operating"}}, {"type": "Feature", "id": 459, "geometry": {"type": "Point", "coordinates": [39.814, 38.862]}, "properties": {"name": "Tatar Elazig hydroelectric plant", "fuel": "hydro", "mw": 128.0, "country": "TUR", "status": "operating"}}, {"type": "Feature", "id": 460, "geometry": {"type": "Point", "coordinates": [39.231, 40.635]}, "properties": {"name": "Torul hydroelectric plant", "fuel": "hydro", "mw": 106.0, "country": "TUR", "status": "operating"}}, {"type": "Feature", "id": 461, "geometry": {"type": "Point", "coordinates": [28.724, 40.153]}, "properties": {"name": "Uluabat hydroelectric plant", "fuel": "hydro", "mw": 100.0, "country": "TUR", "status": "operating"}}, {"type": "Feature", "id": 462, "geometry": {"type": "Point", "coordinates": [39.531, 38.983]}, "properties": {"name": "Uzun\u00e7ay\u0131r hydroelectric plant", "fuel": "hydro", "mw": 84.0, "country": "TUR", "status": "operating"}}, {"type": "Feature", "id": 463, "geometry": {"type": "Point", "coordinates": [35.271, 38.902]}, "properties": {"name": "Yamula hydroelectric plant", "fuel": "hydro", "mw": 104.0, "country": "TUR", "status": "operating"}}, {"type": "Feature", "id": 464, "geometry": {"type": "Point", "coordinates": [41.028, 38.823]}, "properties": {"name": "Yukari Kalekoy hydroelectric plant", "fuel": "hydro", "mw": 627.0, "country": "TUR", "status": "operating"}}, {"type": "Feature", "id": 465, "geometry": {"type": "Point", "coordinates": [46.934, 39.16]}, "properties": {"name": "Khudafarin (Khoda Afarin) hydroelectric plant", "fuel": "hydro", "mw": 102.0, "country": "AZE", "status": "operating"}}, {"type": "Feature", "id": 466, "geometry": {"type": "Point", "coordinates": [22.528, 44.67]}, "properties": {"name": "Iron Gate I hydroelectric plant", "fuel": "hydro", "mw": 2306.0, "country": "ROU", "status": "operating"}}, {"type": "Feature", "id": 467, "geometry": {"type": "Point", "coordinates": [22.565, 44.304]}, "properties": {"name": "Iron Gate II hydroelectric plant", "fuel": "hydro", "mw": 591.0, "country": "ROU", "status": "operating"}}, {"type": "Feature", "id": 468, "geometry": {"type": "Point", "coordinates": [42.3, 41.262]}, "properties": {"name": "Bayram hydroelectric plant", "fuel": "hydro", "mw": 81.0, "country": "TUR", "status": "planned"}}, {"type": "Feature", "id": 469, "geometry": {"type": "Point", "coordinates": [42.155, 37.363]}, "properties": {"name": "Cizre hydroelectric plant", "fuel": "hydro", "mw": 336.0, "country": "TUR", "status": "construction"}}, {"type": "Feature", "id": 470, "geometry": {"type": "Point", "coordinates": [47.017, 39.169]}, "properties": {"name": "Gyz Galasy hydroelectric plant", "fuel": "hydro", "mw": 80.0, "country": "AZE", "status": "operating"}}, {"type": "Feature", "id": 471, "geometry": {"type": "Point", "coordinates": [42.169, 42.735]}, "properties": {"name": "Nenskra hydroelectric plant", "fuel": "hydro", "mw": 280.0, "country": "GEO", "status": "planned"}}, {"type": "Feature", "id": 472, "geometry": {"type": "Point", "coordinates": [42.429, 37.971]}, "properties": {"name": "Pervari hydroelectric plant", "fuel": "hydro", "mw": 409.0, "country": "TUR", "status": "planned"}}, {"type": "Feature", "id": 473, "geometry": {"type": "Point", "coordinates": [44.844, 41.144]}, "properties": {"name": "Shnogh hydroelectric plant", "fuel": "hydro", "mw": 76.0, "country": "ARM", "status": "planned"}}, {"type": "Feature", "id": 474, "geometry": {"type": "Point", "coordinates": [27.277, 44.129]}, "properties": {"name": "Silistra - C\u0103l\u0103ra\u0219i hydroelectric plant", "fuel": "hydro", "mw": 530.0, "country": "ROU", "status": "planned"}}, {"type": "Feature", "id": 475, "geometry": {"type": "Point", "coordinates": [24.887, 43.708]}, "properties": {"name": "Turnu Magurele - Nikopol hydroelectric plant", "fuel": "hydro", "mw": 840.0, "country": "BGR", "status": "planned"}}, {"type": "Feature", "id": 476, "geometry": {"type": "Point", "coordinates": [41.659, 40.819]}, "properties": {"name": "Yusifeli hydroelectric plant", "fuel": "hydro", "mw": 540.0, "country": "TUR", "status": "operating"}}, {"type": "Feature", "id": 477, "geometry": {"type": "Point", "coordinates": [24.178, 41.946]}, "properties": {"name": "Batak hydroelectric plant", "fuel": "hydro", "mw": 800.0, "country": "BGR", "status": "planned"}}, {"type": "Feature", "id": 478, "geometry": {"type": "Point", "coordinates": [24.158, 41.654]}, "properties": {"name": "Dospat hydroelectric plant", "fuel": "hydro", "mw": 800.0, "country": "BGR", "status": "planned"}}, {"type": "Feature", "id": 479, "geometry": {"type": "Point", "coordinates": [28.431, 38.4]}, "properties": {"name": "Alas\u0327ehir 1 geothermal power plant", "fuel": "geothermal", "mw": 45.0, "country": "TUR", "status": "operating"}}, {"type": "Feature", "id": 480, "geometry": {"type": "Point", "coordinates": [28.072, 37.857]}, "properties": {"name": "Dora geothermal power plant", "fuel": "geothermal", "mw": 17.0, "country": "TUR", "status": "operating"}}, {"type": "Feature", "id": 481, "geometry": {"type": "Point", "coordinates": [27.63, 37.885]}, "properties": {"name": "Efeler geothermal power plant", "fuel": "geothermal", "mw": 47.0, "country": "TUR", "status": "operating"}}, {"type": "Feature", "id": 482, "geometry": {"type": "Point", "coordinates": [27.648, 37.867]}, "properties": {"name": "Efeler G\u00fcrmat-2 geothermal power plant", "fuel": "geothermal", "mw": 47.0, "country": "TUR", "status": "operating"}}, {"type": "Feature", "id": 483, "geometry": {"type": "Point", "coordinates": [27.644, 37.864]}, "properties": {"name": "Efeler G\u00fcrmat-2 geothermal power plant", "fuel": "geothermal", "mw": 50.0, "country": "TUR", "status": "operating"}}, {"type": "Feature", "id": 484, "geometry": {"type": "Point", "coordinates": [28.835, 37.95]}, "properties": {"name": "K\u0131z\u0131ldere-2 geothermal power plant", "fuel": "geothermal", "mw": 80.0, "country": "TUR", "status": "operating"}}, {"type": "Feature", "id": 485, "geometry": {"type": "Point", "coordinates": [28.843, 37.95]}, "properties": {"name": "K\u0131z\u0131ldere-3 geothermal power plant", "fuel": "geothermal", "mw": 66.0, "country": "TUR", "status": "operating"}}, {"type": "Feature", "id": 486, "geometry": {"type": "Point", "coordinates": [28.843, 37.95]}, "properties": {"name": "K\u0131z\u0131ldere-3 geothermal power plant", "fuel": "geothermal", "mw": 100.0, "country": "TUR", "status": "operating"}}, {"type": "Feature", "id": 487, "geometry": {"type": "Point", "coordinates": [27.433, 38.613]}, "properties": {"name": "K\u0131z\u0131ldere-4 geothermal power plant", "fuel": "geothermal", "mw": 60.0, "country": "TUR", "status": "planned"}}, {"type": "Feature", "id": 488, "geometry": {"type": "Point", "coordinates": [28.389, 38.422]}, "properties": {"name": "Maspo Ala-2 geothermal power plant", "fuel": "geothermal", "mw": 30.0, "country": "TUR", "status": "operating"}}, {"type": "Feature", "id": 489, "geometry": {"type": "Point", "coordinates": [27.64, 37.911]}, "properties": {"name": "Melih geothermal plant", "fuel": "geothermal", "mw": 33.0, "country": "TUR", "status": "operating"}}, {"type": "Feature", "id": 490, "geometry": {"type": "Point", "coordinates": [28.41, 38.387]}, "properties": {"name": "Mis 3 geothermal plant", "fuel": "geothermal", "mw": 48.0, "country": "TUR", "status": "operating"}}, {"type": "Feature", "id": 491, "geometry": {"type": "Point", "coordinates": [28.53, 37.917]}, "properties": {"name": "PamukO\u0308ren geothermal power plant", "fuel": "geothermal", "mw": 32.0, "country": "TUR", "status": "operating"}}, {"type": "Feature", "id": 492, "geometry": {"type": "Point", "coordinates": [28.089, 38.492]}, "properties": {"name": "Salihli geothermal power plant", "fuel": "geothermal", "mw": 30.0, "country": "TUR", "status": "operating"}}, {"type": "Feature", "id": 493, "geometry": {"type": "Point", "coordinates": [28.507, 38.375]}, "properties": {"name": "T\u00fcrkerler 3 geothermal power plant", "fuel": "geothermal", "mw": 30.0, "country": "TUR", "status": "operating"}}, {"type": "Feature", "id": 494, "geometry": {"type": "Point", "coordinates": [28.507, 38.375]}, "properties": {"name": "T\u00fcrkerler 3 geothermal power plant", "fuel": "geothermal", "mw": 30.0, "country": "TUR", "status": "operating"}}, {"type": "Feature", "id": 495, "geometry": {"type": "Point", "coordinates": [28.431, 38.4]}, "properties": {"name": "Alas\u0327ehir 2 geothermal power plant", "fuel": "geothermal", "mw": 19.0, "country": "TUR", "status": "construction"}}, {"type": "Feature", "id": 496, "geometry": {"type": "Point", "coordinates": [28.431, 38.4]}, "properties": {"name": "Alas\u0327ehir 3 geothermal power plant", "fuel": "geothermal", "mw": 50.0, "country": "TUR", "status": "planned"}}, {"type": "Feature", "id": 497, "geometry": {"type": "Point", "coordinates": [28.521, 38.35]}, "properties": {"name": "Alkan 2 geothermal power plant", "fuel": "geothermal", "mw": 10.0, "country": "TUR", "status": "planned"}}, {"type": "Feature", "id": 498, "geometry": {"type": "Point", "coordinates": [28.173, 37.896]}, "properties": {"name": "Celikler Sultanhisar 2 geothermal power plant", "fuel": "geothermal", "mw": 23.0, "country": "TUR", "status": "operating"}}, {"type": "Feature", "id": 499, "geometry": {"type": "Point", "coordinates": [27.613, 37.86]}, "properties": {"name": "Efeler geothermal power plant", "fuel": "geothermal", "mw": 22.0, "country": "TUR", "status": "operating"}}, {"type": "Feature", "id": 500, "geometry": {"type": "Point", "coordinates": [27.645, 37.868]}, "properties": {"name": "Efeler geothermal power plant", "fuel": "geothermal", "mw": 22.0, "country": "TUR", "status": "operating"}}, {"type": "Feature", "id": 501, "geometry": {"type": "Point", "coordinates": [27.643, 37.867]}, "properties": {"name": "Efeler geothermal power plant", "fuel": "geothermal", "mw": 22.0, "country": "TUR", "status": "operating"}}, {"type": "Feature", "id": 502, "geometry": {"type": "Point", "coordinates": [27.634, 37.883]}, "properties": {"name": "Efeler geothermal power plant", "fuel": "geothermal", "mw": 23.0, "country": "TUR", "status": "operating"}}, {"type": "Feature", "id": 503, "geometry": {"type": "Point", "coordinates": [27.615, 37.86]}, "properties": {"name": "Efeler geothermal power plant", "fuel": "geothermal", "mw": 25.0, "country": "TUR", "status": "operating"}}, {"type": "Feature", "id": 504, "geometry": {"type": "Point", "coordinates": [27.646, 37.867]}, "properties": {"name": "Germencik geothermal power plant", "fuel": "geothermal", "mw": 123.3, "country": "TUR", "status": "operating"}}, {"type": "Feature", "id": 505, "geometry": {"type": "Point", "coordinates": [28.797, 37.935]}, "properties": {"name": "Greeneco Sarayk\u00f6y geothermal plant", "fuel": "geothermal", "mw": 12.0, "country": "TUR", "status": "operating"}}, {"type": "Feature", "id": 506, "geometry": {"type": "Point", "coordinates": [28.797, 37.935]}, "properties": {"name": "Greeneco Sarayk\u00f6y geothermal plant", "fuel": "geothermal", "mw": 12.0, "country": "TUR", "status": "operating"}}, {"type": "Feature", "id": 507, "geometry": {"type": "Point", "coordinates": [28.797, 37.935]}, "properties": {"name": "Greeneco Sarayk\u00f6y geothermal plant", "fuel": "geothermal", "mw": 12.0, "country": "TUR", "status": "operating"}}, {"type": "Feature", "id": 508, "geometry": {"type": "Point", "coordinates": [28.797, 37.935]}, "properties": {"name": "Greeneco Sarayk\u00f6y geothermal plant", "fuel": "geothermal", "mw": 13.0, "country": "TUR", "status": "operating"}}, {"type": "Feature", "id": 509, "geometry": {"type": "Point", "coordinates": [28.797, 37.935]}, "properties": {"name": "Greeneco Sarayk\u00f6y geothermal plant", "fuel": "geothermal", "mw": 28.0, "country": "TUR", "status": "operating"}}, {"type": "Feature", "id": 510, "geometry": {"type": "Point", "coordinates": [28.797, 37.935]}, "properties": {"name": "Greeneco Sarayk\u00f6y geothermal plant", "fuel": "geothermal", "mw": 26.0, "country": "TUR", "status": "operating"}}, {"type": "Feature", "id": 511, "geometry": {"type": "Point", "coordinates": [28.835, 37.95]}, "properties": {"name": "K\u0131z\u0131ldere-1 geothermal power plant", "fuel": "geothermal", "mw": 15.0, "country": "TUR", "status": "operating"}}, {"type": "Feature", "id": 512, "geometry": {"type": "Point", "coordinates": [28.53, 37.917]}, "properties": {"name": "PamukO\u0308ren geothermal power plant", "fuel": "geothermal", "mw": 22.0, "country": "TUR", "status": "operating"}}, {"type": "Feature", "id": 513, "geometry": {"type": "Point", "coordinates": [28.53, 37.917]}, "properties": {"name": "PamukO\u0308ren geothermal power plant", "fuel": "geothermal", "mw": 22.0, "country": "TUR", "status": "operating"}}, {"type": "Feature", "id": 514, "geometry": {"type": "Point", "coordinates": [28.53, 37.917]}, "properties": {"name": "PamukO\u0308ren geothermal power plant", "fuel": "geothermal", "mw": 22.0, "country": "TUR", "status": "operating"}}, {"type": "Feature", "id": 515, "geometry": {"type": "Point", "coordinates": [28.53, 37.917]}, "properties": {"name": "PamukO\u0308ren geothermal power plant", "fuel": "geothermal", "mw": 22.0, "country": "TUR", "status": "operating"}}, {"type": "Feature", "id": 516, "geometry": {"type": "Point", "coordinates": [28.53, 37.917]}, "properties": {"name": "PamukO\u0308ren geothermal power plant", "fuel": "geothermal", "mw": 22.0, "country": "TUR", "status": "operating"}}, {"type": "Feature", "id": 517, "geometry": {"type": "Point", "coordinates": [29.08, 37.782]}, "properties": {"name": "Tekkehamam 2 geothermal power plant", "fuel": "geothermal", "mw": 35.0, "country": "TUR", "status": "planned"}}, {"type": "Feature", "id": 518, "geometry": {"type": "Point", "coordinates": [28.429, 38.405]}, "properties": {"name": "T\u00fcrkerler 1 geothermal power plant", "fuel": "geothermal", "mw": 24.0, "country": "TUR", "status": "operating"}}, {"type": "Feature", "id": 519, "geometry": {"type": "Point", "coordinates": [28.429, 38.405]}, "properties": {"name": "T\u00fcrkerler 2 geothermal power plant", "fuel": "geothermal", "mw": 24.0, "country": "TUR", "status": "operating"}}, {"type": "Feature", "id": 520, "geometry": {"type": "Point", "coordinates": [28.507, 38.375]}, "properties": {"name": "T\u00fcrkerler 3 geothermal power plant", "fuel": "geothermal", "mw": 30.0, "country": "TUR", "status": "operating"}}, {"type": "Feature", "id": 521, "geometry": {"type": "Point", "coordinates": [28.507, 38.375]}, "properties": {"name": "T\u00fcrkerler 3 geothermal power plant", "fuel": "geothermal", "mw": 30.0, "country": "TUR", "status": "operating"}}, {"type": "Feature", "id": 522, "geometry": {"type": "Point", "coordinates": [43.874, 40.384]}, "properties": {"name": "Ayg-1 solar farm", "fuel": "solar", "mw": 200.0, "country": "ARM", "status": "planned"}}, {"type": "Feature", "id": 523, "geometry": {"type": "Point", "coordinates": [49.341, 40.045]}, "properties": {"name": "Garadagh Solar PV Plant", "fuel": "solar", "mw": 230.0, "country": "AZE", "status": "operating"}}, {"type": "Feature", "id": 524, "geometry": {"type": "Point", "coordinates": [45.07, 41.571]}, "properties": {"name": "Akhali Samgori solar farm", "fuel": "solar", "mw": 96.0, "country": "GEO", "status": "planned"}}, {"type": "Feature", "id": 525, "geometry": {"type": "Point", "coordinates": [45.766, 40.219]}, "properties": {"name": "Masrik solar farm", "fuel": "solar", "mw": 55.0, "country": "ARM", "status": "construction"}}, {"type": "Feature", "id": 526, "geometry": {"type": "Point", "coordinates": [45.446, 39.337]}, "properties": {"name": "Nakhchivan Solar Power Plant", "fuel": "solar", "mw": 20.0, "country": "AZE", "status": "operating"}}, {"type": "Feature", "id": 527, "geometry": {"type": "Point", "coordinates": [25.484, 42.588]}, "properties": {"name": "Cherganovo solar farm", "fuel": "solar", "mw": 30.0, "country": "BGR", "status": "operating"}}, {"type": "Feature", "id": 528, "geometry": {"type": "Point", "coordinates": [24.558, 43.52]}, "properties": {"name": "Pobeda solar farm", "fuel": "solar", "mw": 51.0, "country": "BGR", "status": "operating"}}, {"type": "Feature", "id": 529, "geometry": {"type": "Point", "coordinates": [25.233, 42.681]}, "properties": {"name": "Kazanlak solar farm", "fuel": "solar", "mw": 25.0, "country": "BGR", "status": "operating"}}, {"type": "Feature", "id": 530, "geometry": {"type": "Point", "coordinates": [25.239, 42.673]}, "properties": {"name": "Kazanlak solar farm", "fuel": "solar", "mw": 26.0, "country": "BGR", "status": "operating"}}, {"type": "Feature", "id": 531, "geometry": {"type": "Point", "coordinates": [23.869, 44.449]}, "properties": {"name": "I\u0219alni\u021ba solar farm", "fuel": "solar", "mw": 85.0, "country": "ROU", "status": "planned"}}, {"type": "Feature", "id": 532, "geometry": {"type": "Point", "coordinates": [24.686, 45.985]}, "properties": {"name": "Rovinari solar farm", "fuel": "solar", "mw": 66.0, "country": "ROU", "status": "planned"}}, {"type": "Feature", "id": 533, "geometry": {"type": "Point", "coordinates": [23.869, 44.449]}, "properties": {"name": "Tismana solar farm", "fuel": "solar", "mw": 128.0, "country": "ROU", "status": "planned"}}, {"type": "Feature", "id": 534, "geometry": {"type": "Point", "coordinates": [23.869, 44.449]}, "properties": {"name": "Turceni solar farm", "fuel": "solar", "mw": 112.0, "country": "ROU", "status": "planned"}}, {"type": "Feature", "id": 535, "geometry": {"type": "Point", "coordinates": [25.889, 44.708]}, "properties": {"name": "Ratesti solar farm", "fuel": "solar", "mw": 153.0, "country": "ROU", "status": "operating"}}, {"type": "Feature", "id": 536, "geometry": {"type": "Point", "coordinates": [24.693, 45.706]}, "properties": {"name": "Ucea De Sus solar farm", "fuel": "solar", "mw": 55.0, "country": "ROU", "status": "operating"}}, {"type": "Feature", "id": 537, "geometry": {"type": "Point", "coordinates": [25.325, 42.106]}, "properties": {"name": "Karadzhalovo solar farm", "fuel": "solar", "mw": 60.0, "country": "BGR", "status": "operating"}}, {"type": "Feature", "id": 538, "geometry": {"type": "Point", "coordinates": [25.894, 43.021]}, "properties": {"name": "PES PV solar farm", "fuel": "solar", "mw": 21.0, "country": "BGR", "status": "operating"}}, {"type": "Feature", "id": 539, "geometry": {"type": "Point", "coordinates": [25.546, 43.125]}, "properties": {"name": "ASM PV solar farm", "fuel": "solar", "mw": 21.0, "country": "BGR", "status": "operating"}}, {"type": "Feature", "id": 540, "geometry": {"type": "Point", "coordinates": [23.054, 47.868]}, "properties": {"name": "Livada solar farm", "fuel": "solar", "mw": 56.0, "country": "ROU", "status": "operating"}}, {"type": "Feature", "id": 541, "geometry": {"type": "Point", "coordinates": [25.889, 44.708]}, "properties": {"name": "Giurgiu (Core Value Capital) solar farm", "fuel": "solar", "mw": 50.0, "country": "ROU", "status": "operating"}}, {"type": "Feature", "id": 542, "geometry": {"type": "Point", "coordinates": [25.976, 44.095]}, "properties": {"name": "C\u0103lugareni solar farm", "fuel": "solar", "mw": 63.0, "country": "ROU", "status": "operating"}}, {"type": "Feature", "id": 543, "geometry": {"type": "Point", "coordinates": [25.889, 44.708]}, "properties": {"name": "Mo\u0219teni solar farm", "fuel": "solar", "mw": 26.0, "country": "ROU", "status": "planned"}}, {"type": "Feature", "id": 544, "geometry": {"type": "Point", "coordinates": [25.486, 42.607]}, "properties": {"name": "Tenovo solar farm", "fuel": "solar", "mw": 238.0, "country": "BGR", "status": "construction"}}, {"type": "Feature", "id": 545, "geometry": {"type": "Point", "coordinates": [25.888, 43.876]}, "properties": {"name": "Slobozia solar farm", "fuel": "solar", "mw": 38.0, "country": "ROU", "status": "operating"}}, {"type": "Feature", "id": 546, "geometry": {"type": "Point", "coordinates": [25.769, 43.987]}, "properties": {"name": "Izvoarele solar farm", "fuel": "solar", "mw": 43.0, "country": "ROU", "status": "operating"}}, {"type": "Feature", "id": 547, "geometry": {"type": "Point", "coordinates": [25.889, 44.708]}, "properties": {"name": "Uzunu solar farm", "fuel": "solar", "mw": 46.0, "country": "ROU", "status": "operating"}}, {"type": "Feature", "id": 548, "geometry": {"type": "Point", "coordinates": [23.869, 44.449]}, "properties": {"name": "Rovinari Est solar farm", "fuel": "solar", "mw": 110.0, "country": "ROU", "status": "planned"}}, {"type": "Feature", "id": 549, "geometry": {"type": "Point", "coordinates": [22.012, 46.967]}, "properties": {"name": "S\u0103rm\u0103\u0219ag solar farm", "fuel": "solar", "mw": 51.4, "country": "ROU", "status": "operating"}}, {"type": "Feature", "id": 550, "geometry": {"type": "Point", "coordinates": [21.552, 45.756]}, "properties": {"name": "Iaz solar farm", "fuel": "solar", "mw": 48.0, "country": "ROU", "status": "operating"}}, {"type": "Feature", "id": 551, "geometry": {"type": "Point", "coordinates": [23.743, 45.895]}, "properties": {"name": "Miercurea Sibiului solar farm", "fuel": "solar", "mw": 23.0, "country": "ROU", "status": "operating"}}, {"type": "Feature", "id": 552, "geometry": {"type": "Point", "coordinates": [25.486, 42.607]}, "properties": {"name": "Apriltsi solar farm", "fuel": "solar", "mw": 57.0, "country": "BGR", "status": "operating"}}, {"type": "Feature", "id": 553, "geometry": {"type": "Point", "coordinates": [47.025, 39.399]}, "properties": {"name": "Shafag Solar Plant", "fuel": "solar", "mw": 240.0, "country": "AZE", "status": "planned"}}, {"type": "Feature", "id": 554, "geometry": {"type": "Point", "coordinates": [25.486, 42.607]}, "properties": {"name": "Apriltsi solar farm", "fuel": "solar", "mw": 93.0, "country": "BGR", "status": "operating"}}, {"type": "Feature", "id": 555, "geometry": {"type": "Point", "coordinates": [23.25, 42.4]}, "properties": {"name": "Verila solar farm", "fuel": "solar", "mw": 124.0, "country": "BGR", "status": "operating"}}, {"type": "Feature", "id": 556, "geometry": {"type": "Point", "coordinates": [21.316, 46.184]}, "properties": {"name": "Dama solar farm", "fuel": "solar", "mw": 1044.0, "country": "ROU", "status": "planned"}}, {"type": "Feature", "id": 557, "geometry": {"type": "Point", "coordinates": [24.141, 44.397]}, "properties": {"name": "Bobicesti solar farm", "fuel": "solar", "mw": 22.0, "country": "ROU", "status": "planned"}}, {"type": "Feature", "id": 558, "geometry": {"type": "Point", "coordinates": [25.69, 44.384]}, "properties": {"name": "Bucsani-Ogrezeni solar farm", "fuel": "solar", "mw": 134.0, "country": "ROU", "status": "planned"}}, {"type": "Feature", "id": 559, "geometry": {"type": "Point", "coordinates": [24.991, 45.852]}, "properties": {"name": "Fagaras solar farm", "fuel": "solar", "mw": 300.0, "country": "ROU", "status": "planned"}}, {"type": "Feature", "id": 560, "geometry": {"type": "Point", "coordinates": [21.333, 46.537]}, "properties": {"name": "Gr\u0103niceri-Pilu solar farm", "fuel": "solar", "mw": 700.0, "country": "ROU", "status": "planned"}}, {"type": "Feature", "id": 561, "geometry": {"type": "Point", "coordinates": [21.438, 46.203]}, "properties": {"name": "Horia solar farm", "fuel": "solar", "mw": 40.0, "country": "ROU", "status": "operating"}}, {"type": "Feature", "id": 562, "geometry": {"type": "Point", "coordinates": [24.033, 44.494]}, "properties": {"name": "Iancu Jianu solar farm", "fuel": "solar", "mw": 38.0, "country": "ROU", "status": "construction"}}, {"type": "Feature", "id": 563, "geometry": {"type": "Point", "coordinates": [25.883, 44.254]}, "properties": {"name": "Lepuresti solar farm", "fuel": "solar", "mw": 169.0, "country": "ROU", "status": "planned"}}, {"type": "Feature", "id": 564, "geometry": {"type": "Point", "coordinates": [23.726, 44.543]}, "properties": {"name": "Melinesti-Goesti solar farm", "fuel": "solar", "mw": 32.0, "country": "ROU", "status": "construction"}}, {"type": "Feature", "id": 565, "geometry": {"type": "Point", "coordinates": [26.102, 44.435]}, "properties": {"name": "MET Bucharest solar farm", "fuel": "solar", "mw": 52.0, "country": "ROU", "status": "planned"}}, {"type": "Feature", "id": 566, "geometry": {"type": "Point", "coordinates": [21.92, 47.044]}, "properties": {"name": "Oradea solar farm", "fuel": "solar", "mw": 87.0, "country": "ROU", "status": "construction"}}, {"type": "Feature", "id": 567, "geometry": {"type": "Point", "coordinates": [25.191, 45.847]}, "properties": {"name": "Parau solar farm", "fuel": "solar", "mw": 92.0, "country": "ROU", "status": "operating"}}, {"type": "Feature", "id": 568, "geometry": {"type": "Point", "coordinates": [22.866, 47.795]}, "properties": {"name": "Satu Mare solar farm", "fuel": "solar", "mw": 70.0, "country": "ROU", "status": "planned"}}, {"type": "Feature", "id": 569, "geometry": {"type": "Point", "coordinates": [22.866, 47.795]}, "properties": {"name": "Satu Mare solar farm", "fuel": "solar", "mw": 27.0, "country": "ROU", "status": "planned"}}, {"type": "Feature", "id": 570, "geometry": {"type": "Point", "coordinates": [25.269, 44.343]}, "properties": {"name": "Scurtu Mare solar farm", "fuel": "solar", "mw": 55.0, "country": "ROU", "status": "construction"}}, {"type": "Feature", "id": 571, "geometry": {"type": "Point", "coordinates": [25.907, 43.856]}, "properties": {"name": "Slobozia II solar farm", "fuel": "solar", "mw": 73.0, "country": "ROU", "status": "planned"}}, {"type": "Feature", "id": 572, "geometry": {"type": "Point", "coordinates": [32.492, 37.873]}, "properties": {"name": "4B Eregli Biyokutle Enerji Santrali solar project", "fuel": "solar", "mw": 1.6, "country": "TUR", "status": "operating"}}, {"type": "Feature", "id": 573, "geometry": {"type": "Point", "coordinates": [32.492, 37.873]}, "properties": {"name": "5Er Biyokutle Santrali solar project", "fuel": "solar", "mw": 1.1, "country": "TUR", "status": "operating"}}, {"type": "Feature", "id": 574, "geometry": {"type": "Point", "coordinates": [32.772, 37.958]}, "properties": {"name": "Acidort solar project", "fuel": "solar", "mw": 5.0, "country": "TUR", "status": "operating"}}, {"type": "Feature", "id": 575, "geometry": {"type": "Point", "coordinates": [29.437, 37.412]}, "properties": {"name": "Acipayam Akfen solar project", "fuel": "solar", "mw": 6.6, "country": "TUR", "status": "operating"}}, {"type": "Feature", "id": 576, "geometry": {"type": "Point", "coordinates": [34.142, 37.586]}, "properties": {"name": "Acipinar solar project", "fuel": "solar", "mw": 8.0, "country": "TUR", "status": "operating"}}, {"type": "Feature", "id": 577, "geometry": {"type": "Point", "coordinates": [33.566, 37.733]}, "properties": {"name": "Afta solar farm", "fuel": "solar", "mw": 13.7, "country": "TUR", "status": "operating"}}, {"type": "Feature", "id": 578, "geometry": {"type": "Point", "coordinates": [30.643, 38.685]}, "properties": {"name": "Afyon Biyogaz Santrali solar project", "fuel": "solar", "mw": 4.1, "country": "TUR", "status": "operating"}}, {"type": "Feature", "id": 579, "geometry": {"type": "Point", "coordinates": [30.643, 38.685]}, "properties": {"name": "Afyon-1 Biyogaz Santrali solar project", "fuel": "solar", "mw": 8.7, "country": "TUR", "status": "operating"}}, {"type": "Feature", "id": 580, "geometry": {"type": "Point", "coordinates": [28.101, 38.974]}, "properties": {"name": "Akhisar EP solar project", "fuel": "solar", "mw": 9.2, "country": "TUR", "status": "operating"}}, {"type": "Feature", "id": 581, "geometry": {"type": "Point", "coordinates": [39.799, 38.705]}, "properties": {"name": "Akmezra A solar project", "fuel": "solar", "mw": 5.0, "country": "TUR", "status": "operating"}}, {"type": "Feature", "id": 582, "geometry": {"type": "Point", "coordinates": [32.492, 37.873]}, "properties": {"name": "Akoda Hybrid solar project", "fuel": "solar", "mw": 3.2, "country": "TUR", "status": "operating"}}, {"type": "Feature", "id": 583, "geometry": {"type": "Point", "coordinates": [33.898, 38.433]}, "properties": {"name": "Aksaray Cop Gaz Elektrik Uretim Tesisi solar project", "fuel": "solar", "mw": 1.5, "country": "TUR", "status": "operating"}}, {"type": "Feature", "id": 584, "geometry": {"type": "Point", "coordinates": [34.014, 38.363]}, "properties": {"name": "Aksaray solar farm", "fuel": "solar", "mw": 3.5, "country": "TUR", "status": "operating"}}, {"type": "Feature", "id": 585, "geometry": {"type": "Point", "coordinates": [34.808, 40.53]}, "properties": {"name": "Aksungur solar project", "fuel": "solar", "mw": 7.0, "country": "TUR", "status": "operating"}}, {"type": "Feature", "id": 586, "geometry": {"type": "Point", "coordinates": [42.612, 38.916]}, "properties": {"name": "Alages Adilcevaz solar farm", "fuel": "solar", "mw": 24.0, "country": "TUR", "status": "operating"}}, {"type": "Feature", "id": 587, "geometry": {"type": "Point", "coordinates": [32.684, 37.46]}, "properties": {"name": "Alibey solar farm", "fuel": "solar", "mw": 8.0, "country": "TUR", "status": "operating"}}, {"type": "Feature", "id": 588, "geometry": {"type": "Point", "coordinates": [32.599, 37.466]}, "properties": {"name": "Alibeyh\u00f6y\u00fc\u011f\u00fc solar farm", "fuel": "solar", "mw": 18.0, "country": "TUR", "status": "operating"}}, {"type": "Feature", "id": 589, "geometry": {"type": "Point", "coordinates": [35.661, 40.515]}, "properties": {"name": "Amasya Boyali solar farm", "fuel": "solar", "mw": 10.4, "country": "TUR", "status": "operating"}}, {"type": "Feature", "id": 590, "geometry": {"type": "Point", "coordinates": [32.547, 37.376]}, "properties": {"name": "Apa solar farm", "fuel": "solar", "mw": 13.1, "country": "TUR", "status": "operating"}}, {"type": "Feature", "id": 591, "geometry": {"type": "Point", "coordinates": [27.143, 38.424]}, "properties": {"name": "Arf Odemis Biogaz Uretim Tesisi solar project", "fuel": "solar", "mw": 5.0, "country": "TUR", "status": "operating"}}, {"type": "Feature", "id": 592, "geometry": {"type": "Point", "coordinates": [40.236, 37.916]}, "properties": {"name": "As Koc Biyogaz Tesisi solar project", "fuel": "solar", "mw": 4.9, "country": "TUR", "status": "operating"}}, {"type": "Feature", "id": 593, "geometry": {"type": "Point", "coordinates": [34.127, 39.33]}, "properties": {"name": "As Koc Kirsehir Hybrid solar project", "fuel": "solar", "mw": 3.2, "country": "TUR", "status": "operating"}}, {"type": "Feature", "id": 594, "geometry": {"type": "Point", "coordinates": [32.854, 39.921]}, "properties": {"name": "As Koc Polatli Hybrid solar project", "fuel": "solar", "mw": 3.2, "country": "TUR", "status": "operating"}}, {"type": "Feature", "id": 595, "geometry": {"type": "Point", "coordinates": [40.706, 38.834]}, "properties": {"name": "Asagi solar farm", "fuel": "solar", "mw": 80.0, "country": "TUR", "status": "operating"}}, {"type": "Feature", "id": 596, "geometry": {"type": "Point", "coordinates": [32.854, 39.921]}, "properties": {"name": "Aslan Biyogaz solar project", "fuel": "solar", "mw": 4.6, "country": "TUR", "status": "operating"}}, {"type": "Feature", "id": 597, "geometry": {"type": "Point", "coordinates": [38.211, 37.427]}, "properties": {"name": "Astor solar project", "fuel": "solar", "mw": 9.0, "country": "TUR", "status": "operating"}}, {"type": "Feature", "id": 598, "geometry": {"type": "Point", "coordinates": [32.492, 37.873]}, "properties": {"name": "Asya Biyogaz Tesisi solar project", "fuel": "solar", "mw": 3.1, "country": "TUR", "status": "operating"}}, {"type": "Feature", "id": 599, "geometry": {"type": "Point", "coordinates": [32.354, 39.992]}, "properties": {"name": "Ayas solar farm", "fuel": "solar", "mw": 7.9, "country": "TUR", "status": "operating"}}, {"type": "Feature", "id": 600, "geometry": {"type": "Point", "coordinates": [30.26, 38.804]}, "properties": {"name": "Ayvali A solar project", "fuel": "solar", "mw": 7.0, "country": "TUR", "status": "operating"}}, {"type": "Feature", "id": 601, "geometry": {"type": "Point", "coordinates": [30.24, 38.817]}, "properties": {"name": "Ayvali B solar project", "fuel": "solar", "mw": 7.0, "country": "TUR", "status": "operating"}}, {"type": "Feature", "id": 602, "geometry": {"type": "Point", "coordinates": [30.273, 38.801]}, "properties": {"name": "Ayvali solar project", "fuel": "solar", "mw": 15.5, "country": "TUR", "status": "operating"}}, {"type": "Feature", "id": 603, "geometry": {"type": "Point", "coordinates": [38.792, 37.16]}, "properties": {"name": "Babil Biyogaz Tesisi solar project", "fuel": "solar", "mw": 4.8, "country": "TUR", "status": "operating"}}, {"type": "Feature", "id": 604, "geometry": {"type": "Point", "coordinates": [34.398, 37.744]}, "properties": {"name": "Badak solar project", "fuel": "solar", "mw": 6.7, "country": "TUR", "status": "operating"}}, {"type": "Feature", "id": 605, "geometry": {"type": "Point", "coordinates": [43.105, 38.298]}, "properties": {"name": "Baglama solar farm", "fuel": "solar", "mw": 45.9, "country": "TUR", "status": "planned"}}, {"type": "Feature", "id": 606, "geometry": {"type": "Point", "coordinates": [32.7, 38.123]}, "properties": {"name": "Baglar Hybrid solar farm", "fuel": "solar", "mw": 26.0, "country": "TUR", "status": "operating"}}, {"type": "Feature", "id": 607, "geometry": {"type": "Point", "coordinates": [33.035, 39.214]}, "properties": {"name": "Bala solar farm", "fuel": "solar", "mw": 4.2, "country": "TUR", "status": "operating"}}, {"type": "Feature", "id": 608, "geometry": {"type": "Point", "coordinates": [28.023, 39.54]}, "properties": {"name": "Balikesir Biyogaz Enerji Santrali solar project", "fuel": "solar", "mw": 3.3, "country": "TUR", "status": "operating"}}, {"type": "Feature", "id": 609, "geometry": {"type": "Point", "coordinates": [28.023, 39.54]}, "properties": {"name": "Balikesir Biyogaz Tesisi solar project", "fuel": "solar", "mw": 1.5, "country": "TUR", "status": "operating"}}, {"type": "Feature", "id": 610, "geometry": {"type": "Point", "coordinates": [28.023, 39.54]}, "properties": {"name": "Balikesir Cop Gaz Elektrik Uretim Tesisi solar project", "fuel": "solar", "mw": 11.6, "country": "TUR", "status": "operating"}}, {"type": "Feature", "id": 611, "geometry": {"type": "Point", "coordinates": [33.703, 39.941]}, "properties": {"name": "Balli solar project", "fuel": "solar", "mw": 6.0, "country": "TUR", "status": "operating"}}, {"type": "Feature", "id": 612, "geometry": {"type": "Point", "coordinates": [30.643, 38.685]}, "properties": {"name": "Basmakci Biyokutle Enerji Santrali solar project", "fuel": "solar", "mw": 4.1, "country": "TUR", "status": "operating"}}, {"type": "Feature", "id": 613, "geometry": {"type": "Point", "coordinates": [30.643, 38.685]}, "properties": {"name": "Basmakci Biyokutle Enerji Santrali-2 solar project", "fuel": "solar", "mw": 4.1, "country": "TUR", "status": "operating"}}, {"type": "Feature", "id": 614, "geometry": {"type": "Point", "coordinates": [35.587, 37.183]}, "properties": {"name": "Basoren solar project", "fuel": "solar", "mw": 8.7, "country": "TUR", "status": "operating"}}, {"type": "Feature", "id": 615, "geometry": {"type": "Point", "coordinates": [41.257, 37.787]}, "properties": {"name": "Batman Rafinerisi Santrali solar project", "fuel": "solar", "mw": 6.2, "country": "TUR", "status": "operating"}}, {"type": "Feature", "id": 616, "geometry": {"type": "Point", "coordinates": [40.158, 40.263]}, "properties": {"name": "Bayburt Belediye solar farm", "fuel": "solar", "mw": 4.6, "country": "TUR", "status": "operating"}}, {"type": "Feature", "id": 617, "geometry": {"type": "Point", "coordinates": [30.382, 38.86]}, "properties": {"name": "Bayramgazi solar project", "fuel": "solar", "mw": 11.9, "country": "TUR", "status": "operating"}}, {"type": "Feature", "id": 618, "geometry": {"type": "Point", "coordinates": [32.492, 37.873]}, "properties": {"name": "Bbr Konya Enerji Uretim Tesisii solar project", "fuel": "solar", "mw": 1.6, "country": "TUR", "status": "operating"}}, {"type": "Feature", "id": 619, "geometry": {"type": "Point", "coordinates": [33.453, 40.667]}, "properties": {"name": "Bekmezci Biyogaz Enerji Santrali solar project", "fuel": "solar", "mw": 3.2, "country": "TUR", "status": "operating"}}, {"type": "Feature", "id": 620, "geometry": {"type": "Point", "coordinates": [27.201, 38.907]}, "properties": {"name": "Bergama solar farm", "fuel": "solar", "mw": 85.0, "country": "TUR", "status": "planned"}}, {"type": "Feature", "id": 621, "geometry": {"type": "Point", "coordinates": [35.325, 36.986]}, "properties": {"name": "Beta solar project", "fuel": "solar", "mw": 1.0, "country": "TUR", "status": "operating"}}, {"type": "Feature", "id": 622, "geometry": {"type": "Point", "coordinates": [32.492, 37.873]}, "properties": {"name": "Beyaz Piramit Biyogaz Santrali solar project", "fuel": "solar", "mw": 3.0, "country": "TUR", "status": "operating"}}, {"type": "Feature", "id": 623, "geometry": {"type": "Point", "coordinates": [30.519, 39.774]}, "properties": {"name": "Beylikova Biyogaz Enerji Santrali solar project", "fuel": "solar", "mw": 3.2, "country": "TUR", "status": "operating"}}, {"type": "Feature", "id": 624, "geometry": {"type": "Point", "coordinates": [32.492, 37.873]}, "properties": {"name": "Bientas Kasinhani Elektrik Uretim Tesisi solar project", "fuel": "solar", "mw": 9.6, "country": "TUR", "status": "operating"}}, {"type": "Feature", "id": 625, "geometry": {"type": "Point", "coordinates": [32.492, 37.873]}, "properties": {"name": "Bientas Konya Termal Bertaraf Tesisi solar project", "fuel": "solar", "mw": 7.0, "country": "TUR", "status": "operating"}}, {"type": "Feature", "id": 626, "geometry": {"type": "Point", "coordinates": [40.497, 38.886]}, "properties": {"name": "Bingol Biyogaz Tesisi solar project", "fuel": "solar", "mw": 4.4, "country": "TUR", "status": "operating"}}, {"type": "Feature", "id": 627, "geometry": {"type": "Point", "coordinates": [33.898, 38.433]}, "properties": {"name": "Birlik Uretim Hybrid solar project", "fuel": "solar", "mw": 10.0, "country": "TUR", "status": "operating"}}, {"type": "Feature", "id": 628, "geometry": {"type": "Point", "coordinates": [33.898, 38.433]}, "properties": {"name": "Biyosan Hybrid solar project", "fuel": "solar", "mw": 1.6, "country": "TUR", "status": "operating"}}, {"type": "Feature", "id": 629, "geometry": {"type": "Point", "coordinates": [31.003, 38.753]}, "properties": {"name": "Bolvadin solar farm", "fuel": "solar", "mw": 13.5, "country": "TUR", "status": "operating"}}, {"type": "Feature", "id": 630, "geometry": {"type": "Point", "coordinates": [30.643, 38.685]}, "properties": {"name": "Bor Hybrid solar project", "fuel": "solar", "mw": 13.5, "country": "TUR", "status": "operating"}}, {"type": "Feature", "id": 631, "geometry": {"type": "Point", "coordinates": [34.705, 38.066]}, "properties": {"name": "Bor Hybrid solar project-solar project", "fuel": "solar", "mw": 5.5, "country": "TUR", "status": "operating"}}, {"type": "Feature", "id": 632, "geometry": {"type": "Point", "coordinates": [32.492, 37.873]}, "properties": {"name": "Bozkir Hybrid solar project", "fuel": "solar", "mw": 1.6, "country": "TUR", "status": "operating"}}, {"type": "Feature", "id": 633, "geometry": {"type": "Point", "coordinates": [36.975, 38.438]}, "properties": {"name": "Buget solar farm", "fuel": "solar", "mw": 15.8, "country": "TUR", "status": "operating"}}, {"type": "Feature", "id": 634, "geometry": {"type": "Point", "coordinates": [36.977, 38.442]}, "properties": {"name": "Buget solar farm", "fuel": "solar", "mw": 10.6, "country": "TUR", "status": "operating"}}, {"type": "Feature", "id": 635, "geometry": {"type": "Point", "coordinates": [27.844, 37.848]}, "properties": {"name": "Buharkent Hybrid solar project", "fuel": "solar", "mw": 14.1, "country": "TUR", "status": "operating"}}, {"type": "Feature", "id": 636, "geometry": {"type": "Point", "coordinates": [28.899, 37.99]}, "properties": {"name": "Buldan A solar project", "fuel": "solar", "mw": 5.0, "country": "TUR", "status": "operating"}}, {"type": "Feature", "id": 637, "geometry": {"type": "Point", "coordinates": [30.482, 40.773]}, "properties": {"name": "Burak-1 Biyokutle Hibrit Gunes Elektrik Santrali solar project", "fuel": "solar", "mw": 16.3, "country": "TUR", "status": "operating"}}, {"type": "Feature", "id": 638, "geometry": {"type": "Point", "coordinates": [30.283, 37.719]}, "properties": {"name": "Burdur solar farm", "fuel": "solar", "mw": 20.0, "country": "TUR", "status": "planned"}}, {"type": "Feature", "id": 639, "geometry": {"type": "Point", "coordinates": [30.012, 37.507]}, "properties": {"name": "Burdur solar farm", "fuel": "solar", "mw": 8.3, "country": "TUR", "status": "operating"}}, {"type": "Feature", "id": 640, "geometry": {"type": "Point", "coordinates": [30.283, 37.719]}, "properties": {"name": "Burdur solar farm", "fuel": "solar", "mw": 10.0, "country": "TUR", "status": "operating"}}, {"type": "Feature", "id": 641, "geometry": {"type": "Point", "coordinates": [31.74, 37.017]}, "properties": {"name": "B\u00fcy\u00fckalan solar farm", "fuel": "solar", "mw": 23.4, "country": "TUR", "status": "operating"}}, {"type": "Feature", "id": 642, "geometry": {"type": "Point", "coordinates": [29.005, 37.346]}, "properties": {"name": "Cagirgan solar project", "fuel": "solar", "mw": 6.1, "country": "TUR", "status": "operating"}}, {"type": "Feature", "id": 643, "geometry": {"type": "Point", "coordinates": [34.127, 39.33]}, "properties": {"name": "Caglayanlar 2 Hybrid solar project", "fuel": "solar", "mw": 4.6, "country": "TUR", "status": "operating"}}, {"type": "Feature", "id": 644, "geometry": {"type": "Point", "coordinates": [39.201, 39.607]}, "properties": {"name": "Cakirman Regulatoru Ve Hybrid solar project", "fuel": "solar", "mw": 7.1, "country": "TUR", "status": "operating"}}, {"type": "Feature", "id": 645, "geometry": {"type": "Point", "coordinates": [30.018, 37.488]}, "properties": {"name": "Callica solar project", "fuel": "solar", "mw": 4.9, "country": "TUR", "status": "operating"}}, {"type": "Feature", "id": 646, "geometry": {"type": "Point", "coordinates": [32.471, 38.037]}, "properties": {"name": "Caminbasi Hybrid solar farm", "fuel": "solar", "mw": 27.0, "country": "TUR", "status": "planned"}}, {"type": "Feature", "id": 647, "geometry": {"type": "Point", "coordinates": [26.928, 40.055]}, "properties": {"name": "Canakkale Depo Gazindan Elektrik Uretim Tesisi solar project", "fuel": "solar", "mw": 1.2, "country": "TUR", "status": "operating"}}, {"type": "Feature", "id": 648, "geometry": {"type": "Point", "coordinates": [31.839, 41.25]}, "properties": {"name": "Cayalti Reg. Ve Hybrid solar project", "fuel": "solar", "mw": 11.0, "country": "TUR", "status": "operating"}}, {"type": "Feature", "id": 649, "geometry": {"type": "Point", "coordinates": [29.917, 36.738]}, "properties": {"name": "Censtorage-11 solar farm", "fuel": "solar", "mw": 50.0, "country": "TUR", "status": "planned"}}, {"type": "Feature", "id": 650, "geometry": {"type": "Point", "coordinates": [27.368, 40.991]}, "properties": {"name": "Cerkezkoy-Tekirdag solar project", "fuel": "solar", "mw": 1.2, "country": "TUR", "status": "operating"}}, {"type": "Feature", "id": 651, "geometry": {"type": "Point", "coordinates": [32.492, 37.873]}, "properties": {"name": "Ceylani Biyogaz solar project", "fuel": "solar", "mw": 3.2, "country": "TUR", "status": "operating"}}, {"type": "Feature", "id": 652, "geometry": {"type": "Point", "coordinates": [38.792, 37.16]}, "properties": {"name": "Ceylanpinar Biyokutle Enerji Santrali solar project", "fuel": "solar", "mw": 2.8, "country": "TUR", "status": "operating"}}, {"type": "Feature", "id": 653, "geometry": {"type": "Point", "coordinates": [30.521, 39.776]}, "properties": {"name": "Cifteler solar farm", "fuel": "solar", "mw": 4.6, "country": "TUR", "status": "operating"}}, {"type": "Feature", "id": 654, "geometry": {"type": "Point", "coordinates": [36.068, 39.044]}, "properties": {"name": "Ciftlik solar project", "fuel": "solar", "mw": 6.3, "country": "TUR", "status": "operating"}}, {"type": "Feature", "id": 655, "geometry": {"type": "Point", "coordinates": [32.807, 38.656]}, "properties": {"name": "Cihanbeyli solar project", "fuel": "solar", "mw": 9.8, "country": "TUR", "status": "operating"}}, {"type": "Feature", "id": 656, "geometry": {"type": "Point", "coordinates": [28.012, 37.717]}, "properties": {"name": "Cine A solar project", "fuel": "solar", "mw": 5.0, "country": "TUR", "status": "operating"}}, {"type": "Feature", "id": 657, "geometry": {"type": "Point", "coordinates": [28.003, 37.701]}, "properties": {"name": "Cine solar project", "fuel": "solar", "mw": 10.7, "country": "TUR", "status": "operating"}}, {"type": "Feature", "id": 658, "geometry": {"type": "Point", "coordinates": [34.357, 37.771]}, "properties": {"name": "Cingilli solar farm", "fuel": "solar", "mw": 26.0, "country": "TUR", "status": "operating"}}, {"type": "Feature", "id": 659, "geometry": {"type": "Point", "coordinates": [34.96, 40.549]}, "properties": {"name": "Corum Hybrid solar project", "fuel": "solar", "mw": 6.2, "country": "TUR", "status": "operating"}}, {"type": "Feature", "id": 660, "geometry": {"type": "Point", "coordinates": [34.894, 40.491]}, "properties": {"name": "Corum solar farm", "fuel": "solar", "mw": 10.3, "country": "TUR", "status": "operating"}}, {"type": "Feature", "id": 661, "geometry": {"type": "Point", "coordinates": [34.96, 40.549]}, "properties": {"name": "Corum Sungurlu Osb Piroliz Tesisi solar project", "fuel": "solar", "mw": 2.4, "country": "TUR", "status": "operating"}}, {"type": "Feature", "id": 662, "geometry": {"type": "Point", "coordinates": [32.492, 37.873]}, "properties": {"name": "Cumra Biyogaz Enerji Uretim Santrali solar project", "fuel": "solar", "mw": 6.2, "country": "TUR", "status": "operating"}}, {"type": "Feature", "id": 663, "geometry": {"type": "Point", "coordinates": [29.79, 41.092]}, "properties": {"name": "Dariveren Hybrid solar project", "fuel": "solar", "mw": 3.2, "country": "TUR", "status": "operating"}}, {"type": "Feature", "id": 664, "geometry": {"type": "Point", "coordinates": [32.854, 39.921]}, "properties": {"name": "De Solar 7 Hybrid solar project", "fuel": "solar", "mw": 3.3, "country": "TUR", "status": "operating"}}, {"type": "Feature", "id": 665, "geometry": {"type": "Point", "coordinates": [30.521, 39.776]}, "properties": {"name": "Degisoren solar farm", "fuel": "solar", "mw": 5.8, "country": "TUR", "status": "operating"}}, {"type": "Feature", "id": 666, "geometry": {"type": "Point", "coordinates": [34.999, 37.215]}, "properties": {"name": "Demircit solar project", "fuel": "solar", "mw": 9.0, "country": "TUR", "status": "operating"}}, {"type": "Feature", "id": 667, "geometry": {"type": "Point", "coordinates": [29.239, 37.828]}, "properties": {"name": "Denizli Enerji Biyogaz Tesisi solar project", "fuel": "solar", "mw": 1.5, "country": "TUR", "status": "operating"}}, {"type": "Feature", "id": 668, "geometry": {"type": "Point", "coordinates": [29.078, 37.868]}, "properties": {"name": "Denizli solar farm", "fuel": "solar", "mw": 14.0, "country": "TUR", "status": "operating"}}, {"type": "Feature", "id": 669, "geometry": {"type": "Point", "coordinates": [29.082, 37.611]}, "properties": {"name": "Denizli Tavas solar farm", "fuel": "solar", "mw": 5.7, "country": "TUR", "status": "operating"}}, {"type": "Feature", "id": 670, "geometry": {"type": "Point", "coordinates": [29.082, 37.611]}, "properties": {"name": "Denizli Tavas solar farm", "fuel": "solar", "mw": 3.3, "country": "TUR", "status": "operating"}}, {"type": "Feature", "id": 671, "geometry": {"type": "Point", "coordinates": [30.703, 36.886]}, "properties": {"name": "Derekoy Reg. Ve Hybrid solar project", "fuel": "solar", "mw": 5.8, "country": "TUR", "status": "operating"}}, {"type": "Feature", "id": 672, "geometry": {"type": "Point", "coordinates": [34.688, 38.42]}, "properties": {"name": "Derinkuyu solar farm", "fuel": "solar", "mw": 17.0, "country": "TUR", "status": "operating"}}, {"type": "Feature", "id": 673, "geometry": {"type": "Point", "coordinates": [30.519, 39.774]}, "properties": {"name": "Dharma Biogaz solar project", "fuel": "solar", "mw": 1.5, "country": "TUR", "status": "operating"}}, {"type": "Feature", "id": 674, "geometry": {"type": "Point", "coordinates": [27.275, 37.427]}, "properties": {"name": "Didim solar project", "fuel": "solar", "mw": 11.0, "country": "TUR", "status": "operating"}}, {"type": "Feature", "id": 675, "geometry": {"type": "Point", "coordinates": [30.643, 38.685]}, "properties": {"name": "Dinar Biyogaz Tesisi solar project", "fuel": "solar", "mw": 1.2, "country": "TUR", "status": "operating"}}, {"type": "Feature", "id": 676, "geometry": {"type": "Point", "coordinates": [29.239, 37.828]}, "properties": {"name": "Dnz Copgazi Elektrik Uretim Tesisi solar project", "fuel": "solar", "mw": 5.8, "country": "TUR", "status": "operating"}}, {"type": "Feature", "id": 677, "geometry": {"type": "Point", "coordinates": [29.994, 39.418]}, "properties": {"name": "Dogalar solar farm", "fuel": "solar", "mw": 5.2, "country": "TUR", "status": "operating"}}, {"type": "Feature", "id": 678, "geometry": {"type": "Point", "coordinates": [40.497, 38.886]}, "properties": {"name": "Dogu Hybrid solar project", "fuel": "solar", "mw": 10.3, "country": "TUR", "status": "operating"}}, {"type": "Feature", "id": 679, "geometry": {"type": "Point", "coordinates": [35.773, 40.657]}, "properties": {"name": "Duru Reg. Ve Hybrid solar project", "fuel": "solar", "mw": 10.7, "country": "TUR", "status": "operating"}}, {"type": "Feature", "id": 680, "geometry": {"type": "Point", "coordinates": [34.63, 36.798]}, "properties": {"name": "Durum Gida Termik-Kojenerasyon solar project", "fuel": "solar", "mw": 14.2, "country": "TUR", "status": "operating"}}, {"type": "Feature", "id": 681, "geometry": {"type": "Point", "coordinates": [31.201, 40.877]}, "properties": {"name": "Duzce Biyokutle Enerji Uretim Tesisi solar project", "fuel": "solar", "mw": 12.5, "country": "TUR", "status": "operating"}}, {"type": "Feature", "id": 682, "geometry": {"type": "Point", "coordinates": [34.962, 38.286]}, "properties": {"name": "Edikli solar farm", "fuel": "solar", "mw": 15.2, "country": "TUR", "status": "operating"}}, {"type": "Feature", "id": 683, "geometry": {"type": "Point", "coordinates": [26.557, 41.676]}, "properties": {"name": "Edirne Biyometanizasyon Elektrik Uretim Tesisi solar project", "fuel": "solar", "mw": 1.6, "country": "TUR", "status": "operating"}}, {"type": "Feature", "id": 684, "geometry": {"type": "Point", "coordinates": [29.79, 41.092]}, "properties": {"name": "Ege Ii-Iii-Iv Hybrid solar project", "fuel": "solar", "mw": 4.0, "country": "TUR", "status": "operating"}}, {"type": "Feature", "id": 685, "geometry": {"type": "Point", "coordinates": [32.782, 38.114]}, "properties": {"name": "Egribayat solar project", "fuel": "solar", "mw": 11.0, "country": "TUR", "status": "operating"}}, {"type": "Feature", "id": 686, "geometry": {"type": "Point", "coordinates": [27.605, 41.708]}, "properties": {"name": "Ekomas Kirklareli Biyokutle solar project", "fuel": "solar", "mw": 10.5, "country": "TUR", "status": "operating"}}, {"type": "Feature", "id": 687, "geometry": {"type": "Point", "coordinates": [39.396, 38.583]}, "properties": {"name": "Elazig Biokutle Enerji Santrali solar project", "fuel": "solar", "mw": 2.8, "country": "TUR", "status": "operating"}}, {"type": "Feature", "id": 688, "geometry": {"type": "Point", "coordinates": [29.994, 39.418]}, "properties": {"name": "Emet solar farm", "fuel": "solar", "mw": 5.7, "country": "TUR", "status": "operating"}}, {"type": "Feature", "id": 689, "geometry": {"type": "Point", "coordinates": [31.377, 39.047]}, "properties": {"name": "Emirdag solar farm", "fuel": "solar", "mw": 5.8, "country": "TUR", "status": "operating"}}, {"type": "Feature", "id": 690, "geometry": {"type": "Point", "coordinates": [29.239, 37.828]}, "properties": {"name": "Emirler 1 Hybrid solar project", "fuel": "solar", "mw": 3.5, "country": "TUR", "status": "operating"}}, {"type": "Feature", "id": 691, "geometry": {"type": "Point", "coordinates": [32.854, 39.921]}, "properties": {"name": "Enerbes Polatli Biyogaz Santrali solar project", "fuel": "solar", "mw": 4.1, "country": "TUR", "status": "operating"}}, {"type": "Feature", "id": 692, "geometry": {"type": "Point", "coordinates": [39.201, 39.607]}, "properties": {"name": "Era Erzincan Biyokutle Santrali solar project", "fuel": "solar", "mw": 8.0, "country": "TUR", "status": "operating"}}, {"type": "Feature", "id": 693, "geometry": {"type": "Point", "coordinates": [39.201, 39.607]}, "properties": {"name": "Era Erzincan Biyokutle Santrali-2 solar project", "fuel": "solar", "mw": 3.0, "country": "TUR", "status": "operating"}}, {"type": "Feature", "id": 694, "geometry": {"type": "Point", "coordinates": [33.937, 37.724]}, "properties": {"name": "Eregli MT solar project", "fuel": "solar", "mw": 10.0, "country": "TUR", "status": "operating"}}, {"type": "Feature", "id": 695, "geometry": {"type": "Point", "coordinates": [32.825, 37.372]}, "properties": {"name": "Erentepe A solar project", "fuel": "solar", "mw": 5.9, "country": "TUR", "status": "operating"}}, {"type": "Feature", "id": 696, "geometry": {"type": "Point", "coordinates": [39.201, 39.607]}, "properties": {"name": "Erkar Enerji Uretim Tesisi solar project", "fuel": "solar", "mw": 1.6, "country": "TUR", "status": "operating"}}, {"type": "Feature", "id": 697, "geometry": {"type": "Point", "coordinates": [41.066, 39.932]}, "properties": {"name": "Erzurum solar farm", "fuel": "solar", "mw": 5.3, "country": "TUR", "status": "operating"}}, {"type": "Feature", "id": 698, "geometry": {"type": "Point", "coordinates": [32.71, 40.923]}, "properties": {"name": "Eskipazar solar project", "fuel": "solar", "mw": 6.6, "country": "TUR", "status": "operating"}}, {"type": "Feature", "id": 699, "geometry": {"type": "Point", "coordinates": [31.846, 37.42]}, "properties": {"name": "Eti solar farm", "fuel": "solar", "mw": 45.4, "country": "TUR", "status": "operating"}}, {"type": "Feature", "id": 700, "geometry": {"type": "Point", "coordinates": [31.846, 37.42]}, "properties": {"name": "Eti solar farm", "fuel": "solar", "mw": 39.3, "country": "TUR", "status": "planned"}}, {"type": "Feature", "id": 701, "geometry": {"type": "Point", "coordinates": [31.846, 37.42]}, "properties": {"name": "Eti solar farm", "fuel": "solar", "mw": 65.0, "country": "TUR", "status": "planned"}}, {"type": "Feature", "id": 702, "geometry": {"type": "Point", "coordinates": [31.848, 37.435]}, "properties": {"name": "Eti solar farm", "fuel": "solar", "mw": 13.4, "country": "TUR", "status": "operating"}}, {"type": "Feature", "id": 703, "geometry": {"type": "Point", "coordinates": [29.723, 37.111]}, "properties": {"name": "Fernas-4 solar farm", "fuel": "solar", "mw": 20.0, "country": "TUR", "status": "operating"}}, {"type": "Feature", "id": 704, "geometry": {"type": "Point", "coordinates": [29.47, 39.766]}, "properties": {"name": "Firanlar solar project", "fuel": "solar", "mw": 9.0, "country": "TUR", "status": "operating"}}, {"type": "Feature", "id": 705, "geometry": {"type": "Point", "coordinates": [27.143, 38.424]}, "properties": {"name": "Foca Biyogaz Enerji Santrali solar project", "fuel": "solar", "mw": 3.3, "country": "TUR", "status": "operating"}}, {"type": "Feature", "id": 706, "geometry": {"type": "Point", "coordinates": [26.928, 40.055]}, "properties": {"name": "G Hybrid solar project", "fuel": "solar", "mw": 7.2, "country": "TUR", "status": "operating"}}, {"type": "Feature", "id": 707, "geometry": {"type": "Point", "coordinates": [37.382, 37.066]}, "properties": {"name": "Gaziantep Metropolitian Solar PV Park", "fuel": "solar", "mw": 5.4, "country": "TUR", "status": "planned"}}, {"type": "Feature", "id": 708, "geometry": {"type": "Point", "coordinates": [37.382, 37.066]}, "properties": {"name": "Gaziantep Metropolitian Solar PV Park", "fuel": "solar", "mw": 5.4, "country": "TUR", "status": "planned"}}, {"type": "Feature", "id": 709, "geometry": {"type": "Point", "coordinates": [37.382, 37.066]}, "properties": {"name": "Gaziantep Metropolitian Solar PV Park", "fuel": "solar", "mw": 5.4, "country": "TUR", "status": "planned"}}, {"type": "Feature", "id": 710, "geometry": {"type": "Point", "coordinates": [37.382, 37.066]}, "properties": {"name": "Gaziantep Metropolitian Solar PV Park", "fuel": "solar", "mw": 5.4, "country": "TUR", "status": "planned"}}, {"type": "Feature", "id": 711, "geometry": {"type": "Point", "coordinates": [37.382, 37.066]}, "properties": {"name": "Gaziantep Metropolitian Solar PV Park", "fuel": "solar", "mw": 5.4, "country": "TUR", "status": "planned"}}, {"type": "Feature", "id": 712, "geometry": {"type": "Point", "coordinates": [26.66, 40.419]}, "properties": {"name": "Gelibolu Hybrid solar project", "fuel": "solar", "mw": 10.8, "country": "TUR", "status": "operating"}}, {"type": "Feature", "id": 713, "geometry": {"type": "Point", "coordinates": [30.049, 37.994]}, "properties": {"name": "Gencali A solar project", "fuel": "solar", "mw": 10.0, "country": "TUR", "status": "operating"}}, {"type": "Feature", "id": 714, "geometry": {"type": "Point", "coordinates": [39.201, 39.607]}, "properties": {"name": "Girlevik 3 Regulatoru Ve Karatus Hybrid solar project", "fuel": "solar", "mw": 3.6, "country": "TUR", "status": "operating"}}, {"type": "Feature", "id": 715, "geometry": {"type": "Point", "coordinates": [33.56, 37.737]}, "properties": {"name": "Gitas-1 solar farm", "fuel": "solar", "mw": 14.0, "country": "TUR", "status": "operating"}}, {"type": "Feature", "id": 716, "geometry": {"type": "Point", "coordinates": [30.96, 37.947]}, "properties": {"name": "Gokbel I-Ii Hybrid solar project", "fuel": "solar", "mw": 19.7, "country": "TUR", "status": "operating"}}, {"type": "Feature", "id": 717, "geometry": {"type": "Point", "coordinates": [30.96, 37.947]}, "properties": {"name": "Gokboget Hybrid solar project", "fuel": "solar", "mw": 3.3, "country": "TUR", "status": "operating"}}, {"type": "Feature", "id": 718, "geometry": {"type": "Point", "coordinates": [30.532, 37.942]}, "properties": {"name": "Gonen B solar project", "fuel": "solar", "mw": 11.0, "country": "TUR", "status": "operating"}}, {"type": "Feature", "id": 719, "geometry": {"type": "Point", "coordinates": [29.951, 40.822]}, "properties": {"name": "Goodyear Kocaeli Kojenerasyon solar project", "fuel": "solar", "mw": 5.4, "country": "TUR", "status": "operating"}}, {"type": "Feature", "id": 720, "geometry": {"type": "Point", "coordinates": [32.492, 37.873]}, "properties": {"name": "Gozlu Biyogaz Enerji Santrali solar project", "fuel": "solar", "mw": 1.1, "country": "TUR", "status": "operating"}}, {"type": "Feature", "id": 721, "geometry": {"type": "Point", "coordinates": [34.61, 36.866]}, "properties": {"name": "Greenway Mersin Tower CSP solar farm", "fuel": "solar", "mw": 1.4, "country": "TUR", "status": "operating"}}, {"type": "Feature", "id": 722, "geometry": {"type": "Point", "coordinates": [35.685, 36.901]}, "properties": {"name": "Gundogan solar project", "fuel": "solar", "mw": 15.0, "country": "TUR", "status": "operating"}}, {"type": "Feature", "id": 723, "geometry": {"type": "Point", "coordinates": [29.239, 37.828]}, "properties": {"name": "Guney Hybrid solar project", "fuel": "solar", "mw": 3.2, "country": "TUR", "status": "operating"}}, {"type": "Feature", "id": 724, "geometry": {"type": "Point", "coordinates": [30.357, 38.021]}, "properties": {"name": "Guneykent (Vektor) solar project", "fuel": "solar", "mw": 18.0, "country": "TUR", "status": "operating"}}, {"type": "Feature", "id": 725, "geometry": {"type": "Point", "coordinates": [38.319, 38.349]}, "properties": {"name": "Hacilar Hybrid solar project", "fuel": "solar", "mw": 13.3, "country": "TUR", "status": "operating"}}, {"type": "Feature", "id": 726, "geometry": {"type": "Point", "coordinates": [32.691, 36.924]}, "properties": {"name": "Hadim solar project", "fuel": "solar", "mw": 5.0, "country": "TUR", "status": "operating"}}, {"type": "Feature", "id": 727, "geometry": {"type": "Point", "coordinates": [27.143, 38.424]}, "properties": {"name": "Halilbeyli Biyogaz Enerji Santrali solar project", "fuel": "solar", "mw": 4.6, "country": "TUR", "status": "operating"}}, {"type": "Feature", "id": 728, "geometry": {"type": "Point", "coordinates": [37.333, 39.094]}, "properties": {"name": "Hamal solar farm", "fuel": "solar", "mw": 9.0, "country": "TUR", "status": "operating"}}, {"type": "Feature", "id": 729, "geometry": {"type": "Point", "coordinates": [34.937, 40.702]}, "properties": {"name": "Hermancik solar project", "fuel": "solar", "mw": 10.0, "country": "TUR", "status": "operating"}}, {"type": "Feature", "id": 730, "geometry": {"type": "Point", "coordinates": [38.899, 37.51]}, "properties": {"name": "Hilvan solar farm", "fuel": "solar", "mw": 32.0, "country": "TUR", "status": "operating"}}, {"type": "Feature", "id": 731, "geometry": {"type": "Point", "coordinates": [30.519, 39.774]}, "properties": {"name": "Hisar Biogaz solar project", "fuel": "solar", "mw": 4.6, "country": "TUR", "status": "operating"}}, {"type": "Feature", "id": 732, "geometry": {"type": "Point", "coordinates": [36.16, 36.203]}, "properties": {"name": "Hybrid solar projectas Biyokutle Enerji Santrali", "fuel": "solar", "mw": 16.6, "country": "TUR", "status": "operating"}}, {"type": "Feature", "id": 733, "geometry": {"type": "Point", "coordinates": [30.482, 40.773]}, "properties": {"name": "Hybrid solar projectkopru-Sakarya", "fuel": "solar", "mw": 9.6, "country": "TUR", "status": "operating"}}, {"type": "Feature", "id": 734, "geometry": {"type": "Point", "coordinates": [29.052, 41.077]}, "properties": {"name": "Ibb Biyometanizayon Ve Enerji Uretim Tesisi solar project", "fuel": "solar", "mw": 1.5, "country": "TUR", "status": "operating"}}, {"type": "Feature", "id": 735, "geometry": {"type": "Point", "coordinates": [26.928, 40.055]}, "properties": {"name": "Ida Hybrid solar project", "fuel": "solar", "mw": 11.8, "country": "TUR", "status": "operating"}}, {"type": "Feature", "id": 736, "geometry": {"type": "Point", "coordinates": [41.064, 39.935]}, "properties": {"name": "Ilica 2 solar project", "fuel": "solar", "mw": 5.0, "country": "TUR", "status": "operating"}}, {"type": "Feature", "id": 737, "geometry": {"type": "Point", "coordinates": [41.076, 39.935]}, "properties": {"name": "Ilica 5 solar project", "fuel": "solar", "mw": 5.0, "country": "TUR", "status": "operating"}}, {"type": "Feature", "id": 738, "geometry": {"type": "Point", "coordinates": [41.071, 39.929]}, "properties": {"name": "Ilica 6 solar project", "fuel": "solar", "mw": 5.0, "country": "TUR", "status": "operating"}}, {"type": "Feature", "id": 739, "geometry": {"type": "Point", "coordinates": [38.311, 37.75]}, "properties": {"name": "Imamaga A solar project", "fuel": "solar", "mw": 6.0, "country": "TUR", "status": "operating"}}, {"type": "Feature", "id": 740, "geometry": {"type": "Point", "coordinates": [35.684, 37.327]}, "properties": {"name": "Imamoglu solar project", "fuel": "solar", "mw": 4.5, "country": "TUR", "status": "operating"}}, {"type": "Feature", "id": 741, "geometry": {"type": "Point", "coordinates": [37.306, 38.354]}, "properties": {"name": "Incecik A solar project", "fuel": "solar", "mw": 10.0, "country": "TUR", "status": "operating"}}, {"type": "Feature", "id": 742, "geometry": {"type": "Point", "coordinates": [35.177, 38.573]}, "properties": {"name": "Incesu B solar project", "fuel": "solar", "mw": 15.0, "country": "TUR", "status": "operating"}}, {"type": "Feature", "id": 743, "geometry": {"type": "Point", "coordinates": [33.784, 38.205]}, "properties": {"name": "Incesu solar project", "fuel": "solar", "mw": 7.0, "country": "TUR", "status": "operating"}}, {"type": "Feature", "id": 744, "geometry": {"type": "Point", "coordinates": [28.895, 39.99]}, "properties": {"name": "Inegol Osb Kojenerasyon solar project", "fuel": "solar", "mw": 11.0, "country": "TUR", "status": "operating"}}, {"type": "Feature", "id": 745, "geometry": {"type": "Point", "coordinates": [38.319, 38.349]}, "properties": {"name": "\u0130ota M. Firinci solar farm", "fuel": "solar", "mw": 10.0, "country": "TUR", "status": "operating"}}, {"type": "Feature", "id": 746, "geometry": {"type": "Point", "coordinates": [35.88, 36.846]}, "properties": {"name": "\u0130sken Sug\u00f6z\u00fc Power Station Solar Component", "fuel": "solar", "mw": 21.1, "country": "TUR", "status": "planned"}}, {"type": "Feature", "id": 747, "geometry": {"type": "Point", "coordinates": [36.684, 37.071]}, "properties": {"name": "Islahiye solar farm", "fuel": "solar", "mw": 25.0, "country": "TUR", "status": "operating"}}, {"type": "Feature", "id": 748, "geometry": {"type": "Point", "coordinates": [41.273, 39.904]}, "properties": {"name": "Ispir solar farm", "fuel": "solar", "mw": 5.1, "country": "TUR", "status": "operating"}}, {"type": "Feature", "id": 749, "geometry": {"type": "Point", "coordinates": [28.426, 38.666]}, "properties": {"name": "Izdemir Enerji Manisa solar farm", "fuel": "solar", "mw": 167.0, "country": "TUR", "status": "planned"}}, {"type": "Feature", "id": 750, "geometry": {"type": "Point", "coordinates": [36.928, 37.581]}, "properties": {"name": "Kahramanmaras Kojenerasyon Santrali solar project", "fuel": "solar", "mw": 16.0, "country": "TUR", "status": "operating"}}, {"type": "Feature", "id": 751, "geometry": {"type": "Point", "coordinates": [33.545, 39.337]}, "properties": {"name": "Kaman solar project", "fuel": "solar", "mw": 4.0, "country": "TUR", "status": "operating"}}, {"type": "Feature", "id": 752, "geometry": {"type": "Point", "coordinates": [35.761, 38.652]}, "properties": {"name": "Kamber A solar project", "fuel": "solar", "mw": 6.0, "country": "TUR", "status": "operating"}}, {"type": "Feature", "id": 753, "geometry": {"type": "Point", "coordinates": [35.758, 38.651]}, "properties": {"name": "Kamber B solar project", "fuel": "solar", "mw": 5.4, "country": "TUR", "status": "operating"}}, {"type": "Feature", "id": 754, "geometry": {"type": "Point", "coordinates": [37.266, 39.016]}, "properties": {"name": "Kangal solar farm", "fuel": "solar", "mw": 40.0, "country": "TUR", "status": "operating"}}, {"type": "Feature", "id": 755, "geometry": {"type": "Point", "coordinates": [28.057, 38.857]}, "properties": {"name": "Karaagac Reg. Ve Hybrid solar project", "fuel": "solar", "mw": 5.4, "country": "TUR", "status": "operating"}}, {"type": "Feature", "id": 756, "geometry": {"type": "Point", "coordinates": [30.521, 39.776]}, "properties": {"name": "Karaalan solar farm", "fuel": "solar", "mw": 5.8, "country": "TUR", "status": "operating"}}, {"type": "Feature", "id": 757, "geometry": {"type": "Point", "coordinates": [33.019, 38.052]}, "properties": {"name": "Karadona solar project", "fuel": "solar", "mw": 5.9, "country": "TUR", "status": "operating"}}, {"type": "Feature", "id": 758, "geometry": {"type": "Point", "coordinates": [38.277, 37.76]}, "properties": {"name": "Karakus Reg. Ve Hybrid solar project", "fuel": "solar", "mw": 8.7, "country": "TUR", "status": "operating"}}, {"type": "Feature", "id": 759, "geometry": {"type": "Point", "coordinates": [33.338, 37.18]}, "properties": {"name": "Karaman Biyokutle Santrali solar project", "fuel": "solar", "mw": 2.5, "country": "TUR", "status": "operating"}}, {"type": "Feature", "id": 760, "geometry": {"type": "Point", "coordinates": [33.56, 37.756]}, "properties": {"name": "Karap\u0131nar Yeka solar farm", "fuel": "solar", "mw": 271.0, "country": "TUR", "status": "operating"}}, {"type": "Feature", "id": 761, "geometry": {"type": "Point", "coordinates": [27.368, 40.991]}, "properties": {"name": "Kasar Ve Dual Tekstil solar project", "fuel": "solar", "mw": 10.5, "country": "TUR", "status": "operating"}}, {"type": "Feature", "id": 762, "geometry": {"type": "Point", "coordinates": [33.762, 41.368]}, "properties": {"name": "Kastamonu Entegre Kastamonu Kojenerasyon Santrali solar project", "fuel": "solar", "mw": 17.4, "country": "TUR", "status": "operating"}}, {"type": "Feature", "id": 763, "geometry": {"type": "Point", "coordinates": [35.335, 38.707]}, "properties": {"name": "Kayseri Osb solar farm", "fuel": "solar", "mw": 50.0, "country": "TUR", "status": "operating"}}, {"type": "Feature", "id": 764, "geometry": {"type": "Point", "coordinates": [33.495, 39.992]}, "properties": {"name": "Kecili A solar project", "fuel": "solar", "mw": 5.0, "country": "TUR", "status": "operating"}}, {"type": "Feature", "id": 765, "geometry": {"type": "Point", "coordinates": [27.143, 38.424]}, "properties": {"name": "Kinik Hybrid solar project", "fuel": "solar", "mw": 7.4, "country": "TUR", "status": "operating"}}, {"type": "Feature", "id": 766, "geometry": {"type": "Point", "coordinates": [31.968, 39.699]}, "properties": {"name": "Kiranharman solar farm", "fuel": "solar", "mw": 6.2, "country": "TUR", "status": "operating"}}, {"type": "Feature", "id": 767, "geometry": {"type": "Point", "coordinates": [28.254, 38.619]}, "properties": {"name": "Kirdamlari A solar project", "fuel": "solar", "mw": 6.0, "country": "TUR", "status": "operating"}}, {"type": "Feature", "id": 768, "geometry": {"type": "Point", "coordinates": [33.263, 36.54]}, "properties": {"name": "Kivan\u00e7 2 solar farm", "fuel": "solar", "mw": 35.0, "country": "TUR", "status": "operating"}}, {"type": "Feature", "id": 769, "geometry": {"type": "Point", "coordinates": [33.762, 41.368]}, "properties": {"name": "Kizilcam Reg. Ve Hybrid solar project", "fuel": "solar", "mw": 1.4, "country": "TUR", "status": "operating"}}, {"type": "Feature", "id": 770, "geometry": {"type": "Point", "coordinates": [29.79, 41.092]}, "properties": {"name": "Kizildere Hybrid solar project", "fuel": "solar", "mw": 15.0, "country": "TUR", "status": "operating"}}, {"type": "Feature", "id": 771, "geometry": {"type": "Point", "coordinates": [34.777, 40.185]}, "properties": {"name": "Kizkaraca A solar project", "fuel": "solar", "mw": 5.9, "country": "TUR", "status": "operating"}}, {"type": "Feature", "id": 772, "geometry": {"type": "Point", "coordinates": [28.844, 37.951]}, "properties": {"name": "K\u0131z\u0131ldere 3 Geothermal Plant Solar Component", "fuel": "solar", "mw": 20.9, "country": "TUR", "status": "planned"}}, {"type": "Feature", "id": 773, "geometry": {"type": "Point", "coordinates": [33.211, 38.165]}, "properties": {"name": "K\u0131z\u00f6ren solar farm", "fuel": "solar", "mw": 17.8, "country": "TUR", "status": "operating"}}, {"type": "Feature", "id": 774, "geometry": {"type": "Point", "coordinates": [36.831, 37.783]}, "properties": {"name": "Kmk Biyokutle Enerji Santrali solar project", "fuel": "solar", "mw": 11.0, "country": "TUR", "status": "operating"}}, {"type": "Feature", "id": 775, "geometry": {"type": "Point", "coordinates": [29.494, 39.252]}, "properties": {"name": "Kmk Paper Kutahya Kagit Fabrikasi Kojenerasyon Santrali solar project", "fuel": "solar", "mw": 8.6, "country": "TUR", "status": "operating"}}, {"type": "Feature", "id": 776, "geometry": {"type": "Point", "coordinates": [30.285, 38.334]}, "properties": {"name": "Kocatepe Hybrid solar farm", "fuel": "solar", "mw": 37.0, "country": "TUR", "status": "planned"}}, {"type": "Feature", "id": 777, "geometry": {"type": "Point", "coordinates": [39.81, 38.674]}, "properties": {"name": "Kovancilar solar farm", "fuel": "solar", "mw": 15.0, "country": "TUR", "status": "operating"}}, {"type": "Feature", "id": 778, "geometry": {"type": "Point", "coordinates": [30.238, 37.078]}, "properties": {"name": "K\u00fc\u00e7\u00fckk\u00f6y solar farm", "fuel": "solar", "mw": 18.6, "country": "TUR", "status": "operating"}}, {"type": "Feature", "id": 779, "geometry": {"type": "Point", "coordinates": [33.13, 39.156]}, "properties": {"name": "Kulu solar project", "fuel": "solar", "mw": 4.0, "country": "TUR", "status": "operating"}}, {"type": "Feature", "id": 780, "geometry": {"type": "Point", "coordinates": [27.605, 41.708]}, "properties": {"name": "Kumrular Biyogaz Santrali solar project", "fuel": "solar", "mw": 4.4, "country": "TUR", "status": "operating"}}, {"type": "Feature", "id": 781, "geometry": {"type": "Point", "coordinates": [34.63, 36.798]}, "properties": {"name": "Kurtini Hybrid solar project", "fuel": "solar", "mw": 14.4, "country": "TUR", "status": "operating"}}, {"type": "Feature", "id": 782, "geometry": {"type": "Point", "coordinates": [35.081, 40.488]}, "properties": {"name": "Kutluca solar project", "fuel": "solar", "mw": 11.0, "country": "TUR", "status": "operating"}}, {"type": "Feature", "id": 783, "geometry": {"type": "Point", "coordinates": [27.844, 37.848]}, "properties": {"name": "Kuyucak Biyogaz Enerji Santrali solar project", "fuel": "solar", "mw": 2.2, "country": "TUR", "status": "operating"}}, {"type": "Feature", "id": 784, "geometry": {"type": "Point", "coordinates": [27.844, 37.848]}, "properties": {"name": "Kuyucak Hybrid solar project", "fuel": "solar", "mw": 18.4, "country": "TUR", "status": "operating"}}, {"type": "Feature", "id": 785, "geometry": {"type": "Point", "coordinates": [32.523, 38.021]}, "properties": {"name": "Kuyulukoyak Hybrid solar project", "fuel": "solar", "mw": 16.0, "country": "TUR", "status": "operating"}}, {"type": "Feature", "id": 786, "geometry": {"type": "Point", "coordinates": [32.306, 38.202]}, "properties": {"name": "Ladik solar project", "fuel": "solar", "mw": 9.9, "country": "TUR", "status": "operating"}}, {"type": "Feature", "id": 787, "geometry": {"type": "Point", "coordinates": [36.792, 37.811]}, "properties": {"name": "Licensed (3S Kale) solar farm", "fuel": "solar", "mw": 1.8, "country": "TUR", "status": "planned"}}, {"type": "Feature", "id": 788, "geometry": {"type": "Point", "coordinates": [33.814, 40.258]}, "properties": {"name": "Bolu-Goynuk solar farm", "fuel": "solar", "mw": 38.0, "country": "TUR", "status": "planned"}}, {"type": "Feature", "id": 789, "geometry": {"type": "Point", "coordinates": [35.388, 40.051]}, "properties": {"name": "Licensed (Anemon Enerji) solar farm", "fuel": "solar", "mw": 10.0, "country": "TUR", "status": "planned"}}, {"type": "Feature", "id": 790, "geometry": {"type": "Point", "coordinates": [29.947, 38.81]}, "properties": {"name": "U\u015fak Hybrid solar farm", "fuel": "solar", "mw": 82.1, "country": "TUR", "status": "operating"}}, {"type": "Feature", "id": 791, "geometry": {"type": "Point", "coordinates": [30.409, 39.914]}, "properties": {"name": "Kartal solar farm", "fuel": "solar", "mw": 38.9, "country": "TUR", "status": "planned"}}, {"type": "Feature", "id": 792, "geometry": {"type": "Point", "coordinates": [26.683, 40.144]}, "properties": {"name": "Ucpinar solar farm", "fuel": "solar", "mw": 40.0, "country": "TUR", "status": "construction"}}, {"type": "Feature", "id": 793, "geometry": {"type": "Point", "coordinates": [33.356, 40.649]}, "properties": {"name": "Licensed (Elen Enerji) solar farm", "fuel": "solar", "mw": 4.5, "country": "TUR", "status": "planned"}}, {"type": "Feature", "id": 794, "geometry": {"type": "Point", "coordinates": [37.584, 39.675]}, "properties": {"name": "Licensed (Elfa Enerji) solar farm", "fuel": "solar", "mw": 9.9, "country": "TUR", "status": "planned"}}, {"type": "Feature", "id": 795, "geometry": {"type": "Point", "coordinates": [36.77, 40.302]}, "properties": {"name": "Licensed (Enerjisa 5) solar farm", "fuel": "solar", "mw": 11.9, "country": "TUR", "status": "planned"}}, {"type": "Feature", "id": 796, "geometry": {"type": "Point", "coordinates": [38.436, 38.007]}, "properties": {"name": "Licensed (Enerjisa I) solar farm", "fuel": "solar", "mw": 16.0, "country": "TUR", "status": "planned"}}, {"type": "Feature", "id": 797, "geometry": {"type": "Point", "coordinates": [37.081, 39.776]}, "properties": {"name": "Licensed (Enerjisa II) solar farm", "fuel": "solar", "mw": 12.3, "country": "TUR", "status": "planned"}}, {"type": "Feature", "id": 798, "geometry": {"type": "Point", "coordinates": [35.2, 39.879]}, "properties": {"name": "Licensed (Enerjisa III) solar farm", "fuel": "solar", "mw": 5.9, "country": "TUR", "status": "planned"}}, {"type": "Feature", "id": 799, "geometry": {"type": "Point", "coordinates": [33.263, 38.194]}, "properties": {"name": "Licensed (Enerjisa IV) solar farm", "fuel": "solar", "mw": 16.3, "country": "TUR", "status": "planned"}}, {"type": "Feature", "id": 800, "geometry": {"type": "Point", "coordinates": [33.452, 40.765]}, "properties": {"name": "Licensed (Ga Elektrik) solar farm", "fuel": "solar", "mw": 3.1, "country": "TUR", "status": "planned"}}, {"type": "Feature", "id": 801, "geometry": {"type": "Point", "coordinates": [28.746, 40.1]}, "properties": {"name": "Taspinar solar farm", "fuel": "solar", "mw": 9.4, "country": "TUR", "status": "operating"}}, {"type": "Feature", "id": 802, "geometry": {"type": "Point", "coordinates": [37.753, 37.955]}, "properties": {"name": "Licensed (Greeneco I) solar farm", "fuel": "solar", "mw": 3.8, "country": "TUR", "status": "planned"}}, {"type": "Feature", "id": 803, "geometry": {"type": "Point", "coordinates": [37.811, 37.934]}, "properties": {"name": "Licensed (Greeneco II) solar farm", "fuel": "solar", "mw": 3.3, "country": "TUR", "status": "planned"}}, {"type": "Feature", "id": 804, "geometry": {"type": "Point", "coordinates": [37.753, 37.955]}, "properties": {"name": "Licensed (Greeneco III) solar farm", "fuel": "solar", "mw": 4.2, "country": "TUR", "status": "planned"}}, {"type": "Feature", "id": 805, "geometry": {"type": "Point", "coordinates": [37.753, 37.955]}, "properties": {"name": "Greeneco Jes-6 solar farm", "fuel": "solar", "mw": 3.9, "country": "TUR", "status": "operating"}}, {"type": "Feature", "id": 806, "geometry": {"type": "Point", "coordinates": [37.814, 38.727]}, "properties": {"name": "Licensed (Hgg Enerji) solar farm", "fuel": "solar", "mw": 3.1, "country": "TUR", "status": "planned"}}, {"type": "Feature", "id": 807, "geometry": {"type": "Point", "coordinates": [36.128, 40.449]}, "properties": {"name": "Licensed (I\u00e7da\u015f \u00c7elik Enerji) solar farm", "fuel": "solar", "mw": 6.8, "country": "TUR", "status": "planned"}}, {"type": "Feature", "id": 808, "geometry": {"type": "Point", "coordinates": [33.69, 37.233]}, "properties": {"name": "Licensed (Imbat Enerji I) solar farm", "fuel": "solar", "mw": 13.3, "country": "TUR", "status": "planned"}}, {"type": "Feature", "id": 809, "geometry": {"type": "Point", "coordinates": [33.705, 37.225]}, "properties": {"name": "Licensed (Imbat Enerji II) solar farm", "fuel": "solar", "mw": 13.0, "country": "TUR", "status": "planned"}}, {"type": "Feature", "id": 810, "geometry": {"type": "Point", "coordinates": [35.77, 40.123]}, "properties": {"name": "Kocalar solar farm", "fuel": "solar", "mw": 5.0, "country": "TUR", "status": "planned"}}, {"type": "Feature", "id": 811, "geometry": {"type": "Point", "coordinates": [40.686, 38.828]}, "properties": {"name": "Licensed (Kalehan Gen\u00e7 Enerji) solar farm", "fuel": "solar", "mw": 80.0, "country": "TUR", "status": "operating"}}, {"type": "Feature", "id": 812, "geometry": {"type": "Point", "coordinates": [27.46, 37.555]}, "properties": {"name": "Bafa solar farm", "fuel": "solar", "mw": 5.5, "country": "TUR", "status": "operating"}}, {"type": "Feature", "id": 813, "geometry": {"type": "Point", "coordinates": [37.782, 37.794]}, "properties": {"name": "Licensed (Korda Enerji) solar farm", "fuel": "solar", "mw": 6.4, "country": "TUR", "status": "planned"}}, {"type": "Feature", "id": 814, "geometry": {"type": "Point", "coordinates": [35.331, 39.999]}, "properties": {"name": "Licensed (Kovanci Enerji) solar farm", "fuel": "solar", "mw": 12.7, "country": "TUR", "status": "planned"}}, {"type": "Feature", "id": 815, "geometry": {"type": "Point", "coordinates": [29.79, 41.092]}, "properties": {"name": "Licensed (Menderes Tekstil Sanayi) solar farm", "fuel": "solar", "mw": 19.5, "country": "TUR", "status": "operating"}}, {"type": "Feature", "id": 816, "geometry": {"type": "Point", "coordinates": [35.541, 38.191]}, "properties": {"name": "Mutlu 5 solar farm", "fuel": "solar", "mw": 25.0, "country": "TUR", "status": "operating"}}, {"type": "Feature", "id": 817, "geometry": {"type": "Point", "coordinates": [34.019, 38.624]}, "properties": {"name": "Licensed (Oltan Ve K\u00f6leo\u011flu Enerji) solar farm", "fuel": "solar", "mw": 4.0, "country": "TUR", "status": "planned"}}, {"type": "Feature", "id": 818, "geometry": {"type": "Point", "coordinates": [35.213, 39.644]}, "properties": {"name": "Licensed (Ortado\u011fu Rulman Sanayi) solar farm", "fuel": "solar", "mw": 3.0, "country": "TUR", "status": "planned"}}, {"type": "Feature", "id": 819, "geometry": {"type": "Point", "coordinates": [37.077, 39.719]}, "properties": {"name": "Licensed (Ostim Enerji) solar farm", "fuel": "solar", "mw": 5.5, "country": "TUR", "status": "planned"}}, {"type": "Feature", "id": 820, "geometry": {"type": "Point", "coordinates": [37.245, 37.737]}, "properties": {"name": "Cerit solar farm", "fuel": "solar", "mw": 70.0, "country": "TUR", "status": "planned"}}, {"type": "Feature", "id": 821, "geometry": {"type": "Point", "coordinates": [38.614, 40.119]}, "properties": {"name": "Licensed (Reis Rs Enerji) solar farm", "fuel": "solar", "mw": 3.6, "country": "TUR", "status": "planned"}}, {"type": "Feature", "id": 822, "geometry": {"type": "Point", "coordinates": [35.687, 40.784]}, "properties": {"name": "Cerkes solar farm", "fuel": "solar", "mw": 25.0, "country": "TUR", "status": "planned"}}, {"type": "Feature", "id": 823, "geometry": {"type": "Point", "coordinates": [36.387, 37.007]}, "properties": {"name": "Akyel-1 solar farm", "fuel": "solar", "mw": 40.0, "country": "TUR", "status": "operating"}}, {"type": "Feature", "id": 824, "geometry": {"type": "Point", "coordinates": [36.376, 36.956]}, "properties": {"name": "Licensed (Sanko Enerji II) solar farm", "fuel": "solar", "mw": 9.9, "country": "TUR", "status": "planned"}}, {"type": "Feature", "id": 825, "geometry": {"type": "Point", "coordinates": [36.835, 39.648]}, "properties": {"name": "Licensed (Serin Enerji) solar farm", "fuel": "solar", "mw": 9.9, "country": "TUR", "status": "planned"}}, {"type": "Feature", "id": 826, "geometry": {"type": "Point", "coordinates": [35.515, 38.983]}, "properties": {"name": "Licensed (Super Enerji) solar farm", "fuel": "solar", "mw": 10.0, "country": "TUR", "status": "planned"}}, {"type": "Feature", "id": 827, "geometry": {"type": "Point", "coordinates": [37.423, 38.388]}, "properties": {"name": "Licensed (Zorlu Jeotermal Enerji) solar farm", "fuel": "solar", "mw": 3.8, "country": "TUR", "status": "planned"}}, {"type": "Feature", "id": 828, "geometry": {"type": "Point", "coordinates": [28.094, 39.599]}, "properties": {"name": "Mahmudiye solar farm", "fuel": "solar", "mw": 12.0, "country": "TUR", "status": "planned"}}, {"type": "Feature", "id": 829, "geometry": {"type": "Point", "coordinates": [38.447, 38.381]}, "properties": {"name": "Malatya Ozguclu solar project", "fuel": "solar", "mw": 10.0, "country": "TUR", "status": "operating"}}, {"type": "Feature", "id": 830, "geometry": {"type": "Point", "coordinates": [27.092, 41.43]}, "properties": {"name": "Mandira solar farm", "fuel": "solar", "mw": 14.0, "country": "TUR", "status": "planned"}}, {"type": "Feature", "id": 831, "geometry": {"type": "Point", "coordinates": [28.057, 38.857]}, "properties": {"name": "Manisa Biyogaz Enerji Uretim Santrali solar project", "fuel": "solar", "mw": 3.1, "country": "TUR", "status": "operating"}}, {"type": "Feature", "id": 832, "geometry": {"type": "Point", "coordinates": [37.23, 38.408]}, "properties": {"name": "Maras solar farm", "fuel": "solar", "mw": 7.2, "country": "TUR", "status": "operating"}}, {"type": "Feature", "id": 833, "geometry": {"type": "Point", "coordinates": [28.057, 38.857]}, "properties": {"name": "Maspo Jeotermal Enerji Tesisi Iv solar project", "fuel": "solar", "mw": 10.0, "country": "TUR", "status": "operating"}}, {"type": "Feature", "id": 834, "geometry": {"type": "Point", "coordinates": [40.896, 37.361]}, "properties": {"name": "Mavibayrak Dogu Biyokutle Enerji Santrali solar project", "fuel": "solar", "mw": 12.6, "country": "TUR", "status": "operating"}}, {"type": "Feature", "id": 835, "geometry": {"type": "Point", "coordinates": [27.844, 37.848]}, "properties": {"name": "Mavibayrak-1 Biyokutle Enerji Santrali solar project", "fuel": "solar", "mw": 12.6, "country": "TUR", "status": "operating"}}, {"type": "Feature", "id": 836, "geometry": {"type": "Point", "coordinates": [32.411, 38.346]}, "properties": {"name": "Me-Se solar farm", "fuel": "solar", "mw": 9.9, "country": "TUR", "status": "operating"}}, {"type": "Feature", "id": 837, "geometry": {"type": "Point", "coordinates": [42.746, 41.037]}, "properties": {"name": "Merekler Reg. Ve Algolu Hybrid solar project", "fuel": "solar", "mw": 12.5, "country": "TUR", "status": "operating"}}, {"type": "Feature", "id": 838, "geometry": {"type": "Point", "coordinates": [30.254, 37.683]}, "properties": {"name": "Metges Burdur solar farm", "fuel": "solar", "mw": 10.5, "country": "TUR", "status": "operating"}}, {"type": "Feature", "id": 839, "geometry": {"type": "Point", "coordinates": [34.705, 38.066]}, "properties": {"name": "Mey Biyogaz Tesisi solar project", "fuel": "solar", "mw": 1.2, "country": "TUR", "status": "operating"}}, {"type": "Feature", "id": 840, "geometry": {"type": "Point", "coordinates": [34.183, 37.798]}, "properties": {"name": "MT solar farm (T\u00fcrkiye)", "fuel": "solar", "mw": 10.0, "country": "TUR", "status": "operating"}}, {"type": "Feature", "id": 841, "geometry": {"type": "Point", "coordinates": [34.784, 36.911]}, "properties": {"name": "Nacarli A solar project", "fuel": "solar", "mw": 5.0, "country": "TUR", "status": "operating"}}, {"type": "Feature", "id": 842, "geometry": {"type": "Point", "coordinates": [29.857, 37.925]}, "properties": {"name": "Naturel & Esenbo\u011fa Energy solar farm", "fuel": "solar", "mw": 3.2, "country": "TUR", "status": "operating"}}, {"type": "Feature", "id": 843, "geometry": {"type": "Point", "coordinates": [33.065, 40.046]}, "properties": {"name": "Naturel & Esenbo\u011fa Energy solar farm", "fuel": "solar", "mw": 6.0, "country": "TUR", "status": "operating"}}, {"type": "Feature", "id": 844, "geometry": {"type": "Point", "coordinates": [33.12, 40.073]}, "properties": {"name": "Naturel & Esenbo\u011fa Energy solar farm", "fuel": "solar", "mw": 6.0, "country": "TUR", "status": "operating"}}, {"type": "Feature", "id": 845, "geometry": {"type": "Point", "coordinates": [32.834, 39.913]}, "properties": {"name": "Naturel & Esenbo\u011fa Energy solar farm", "fuel": "solar", "mw": 2.4, "country": "TUR", "status": "operating"}}, {"type": "Feature", "id": 846, "geometry": {"type": "Point", "coordinates": [32.834, 39.913]}, "properties": {"name": "Naturel & Esenbo\u011fa Energy solar farm", "fuel": "solar", "mw": 2.4, "country": "TUR", "status": "operating"}}, {"type": "Feature", "id": 847, "geometry": {"type": "Point", "coordinates": [32.834, 39.913]}, "properties": {"name": "Naturel & Esenbo\u011fa Energy solar farm", "fuel": "solar", "mw": 3.1, "country": "TUR", "status": "operating"}}, {"type": "Feature", "id": 848, "geometry": {"type": "Point", "coordinates": [32.834, 39.913]}, "properties": {"name": "Naturel & Esenbo\u011fa Energy solar farm", "fuel": "solar", "mw": 1.2, "country": "TUR", "status": "operating"}}, {"type": "Feature", "id": 849, "geometry": {"type": "Point", "coordinates": [30.183, 40.015]}, "properties": {"name": "Naturel & Esenbo\u011fa Energy solar farm", "fuel": "solar", "mw": 2.1, "country": "TUR", "status": "operating"}}, {"type": "Feature", "id": 850, "geometry": {"type": "Point", "coordinates": [34.505, 38.547]}, "properties": {"name": "Naturel & Esenbo\u011fa Energy solar farm", "fuel": "solar", "mw": 10.3, "country": "TUR", "status": "operating"}}, {"type": "Feature", "id": 851, "geometry": {"type": "Point", "coordinates": [35.88, 39.663]}, "properties": {"name": "Naturel & Esenbo\u011fa Energy solar farm", "fuel": "solar", "mw": 3.4, "country": "TUR", "status": "operating"}}, {"type": "Feature", "id": 852, "geometry": {"type": "Point", "coordinates": [35.189, 39.812]}, "properties": {"name": "Naturel & Esenbo\u011fa Energy solar farm", "fuel": "solar", "mw": 3.3, "country": "TUR", "status": "operating"}}, {"type": "Feature", "id": 853, "geometry": {"type": "Point", "coordinates": [34.436, 37.777]}, "properties": {"name": "G4-Bor-2 GES solar farm", "fuel": "solar", "mw": 100.0, "country": "TUR", "status": "construction"}}, {"type": "Feature", "id": 854, "geometry": {"type": "Point", "coordinates": [34.441, 37.775]}, "properties": {"name": "G4-Bor-3 GES solar farm", "fuel": "solar", "mw": 100.0, "country": "TUR", "status": "planned"}}, {"type": "Feature", "id": 855, "geometry": {"type": "Point", "coordinates": [33.209, 38.171]}, "properties": {"name": "Obruk Bes solar project", "fuel": "solar", "mw": 8.0, "country": "TUR", "status": "operating"}}, {"type": "Feature", "id": 856, "geometry": {"type": "Point", "coordinates": [33.179, 38.16]}, "properties": {"name": "Obruk solar project", "fuel": "solar", "mw": 12.0, "country": "TUR", "status": "operating"}}, {"type": "Feature", "id": 857, "geometry": {"type": "Point", "coordinates": [43.202, 38.384]}, "properties": {"name": "Omicron Engil208 solar farm", "fuel": "solar", "mw": 10.0, "country": "TUR", "status": "operating"}}, {"type": "Feature", "id": 858, "geometry": {"type": "Point", "coordinates": [43.659, 38.325]}, "properties": {"name": "Omicron Erci\u015f solar farm", "fuel": "solar", "mw": 10.0, "country": "TUR", "status": "operating"}}, {"type": "Feature", "id": 859, "geometry": {"type": "Point", "coordinates": [35.773, 40.657]}, "properties": {"name": "Osmancik Hybrid solar project", "fuel": "solar", "mw": 9.4, "country": "TUR", "status": "operating"}}, {"type": "Feature", "id": 860, "geometry": {"type": "Point", "coordinates": [30.482, 40.773]}, "properties": {"name": "Ova Hybrid solar project", "fuel": "solar", "mw": 13.5, "country": "TUR", "status": "operating"}}, {"type": "Feature", "id": 861, "geometry": {"type": "Point", "coordinates": [38.187, 37.486]}, "properties": {"name": "\u00d6zguclu solar farm", "fuel": "solar", "mw": 14.0, "country": "TUR", "status": "operating"}}, {"type": "Feature", "id": 862, "geometry": {"type": "Point", "coordinates": [27.797, 39.693]}, "properties": {"name": "\u00d6zkoyuncu Mining solar farm", "fuel": "solar", "mw": 40.0, "country": "TUR", "status": "operating"}}, {"type": "Feature", "id": 863, "geometry": {"type": "Point", "coordinates": [27.667, 37.275]}, "properties": {"name": "\u00d6zmen-1 solar farm", "fuel": "solar", "mw": 14.0, "country": "TUR", "status": "operating"}}, {"type": "Feature", "id": 864, "geometry": {"type": "Point", "coordinates": [28.057, 38.857]}, "properties": {"name": "Ozmen-3 Hybrid solar project", "fuel": "solar", "mw": 19.0, "country": "TUR", "status": "operating"}}, {"type": "Feature", "id": 865, "geometry": {"type": "Point", "coordinates": [35.099, 40.549]}, "properties": {"name": "Palabiyik solar project", "fuel": "solar", "mw": 10.0, "country": "TUR", "status": "operating"}}, {"type": "Feature", "id": 866, "geometry": {"type": "Point", "coordinates": [29.978, 40.161]}, "properties": {"name": "Pazaryeri solar farm", "fuel": "solar", "mw": 10.7, "country": "TUR", "status": "operating"}}, {"type": "Feature", "id": 867, "geometry": {"type": "Point", "coordinates": [29.24, 37.822]}, "properties": {"name": "Pinarkent A solar project", "fuel": "solar", "mw": 5.0, "country": "TUR", "status": "operating"}}, {"type": "Feature", "id": 868, "geometry": {"type": "Point", "coordinates": [27.143, 38.424]}, "properties": {"name": "Pitane Hybrid solar project", "fuel": "solar", "mw": 4.8, "country": "TUR", "status": "operating"}}, {"type": "Feature", "id": 869, "geometry": {"type": "Point", "coordinates": [32.706, 39.716]}, "properties": {"name": "Polatli Hybrid solar project", "fuel": "solar", "mw": 3.1, "country": "TUR", "status": "operating"}}, {"type": "Feature", "id": 870, "geometry": {"type": "Point", "coordinates": [43.219, 38.373]}, "properties": {"name": "Psi Engil207 solar farm", "fuel": "solar", "mw": 10.0, "country": "TUR", "status": "operating"}}, {"type": "Feature", "id": 871, "geometry": {"type": "Point", "coordinates": [40.753, 37.27]}, "properties": {"name": "Ra G\u00fcne\u015f Mardin solar farm", "fuel": "solar", "mw": 9.0, "country": "TUR", "status": "operating"}}, {"type": "Feature", "id": 872, "geometry": {"type": "Point", "coordinates": [29.439, 37.441]}, "properties": {"name": "Renoe Ac\u0131payam solar farm", "fuel": "solar", "mw": 10.0, "country": "TUR", "status": "operating"}}, {"type": "Feature", "id": 873, "geometry": {"type": "Point", "coordinates": [32.198, 38.574]}, "properties": {"name": "Sacikara solar project", "fuel": "solar", "mw": 7.0, "country": "TUR", "status": "operating"}}, {"type": "Feature", "id": 874, "geometry": {"type": "Point", "coordinates": [30.482, 40.773]}, "properties": {"name": "Sakarya Biyogaz Enerji Uretim Tesisi solar project", "fuel": "solar", "mw": 9.6, "country": "TUR", "status": "operating"}}, {"type": "Feature", "id": 875, "geometry": {"type": "Point", "coordinates": [30.482, 40.773]}, "properties": {"name": "Sakarya Duzenli Depolama Depo Gazi Tesisi solar project", "fuel": "solar", "mw": 4.8, "country": "TUR", "status": "operating"}}, {"type": "Feature", "id": 876, "geometry": {"type": "Point", "coordinates": [28.057, 38.857]}, "properties": {"name": "Salihli Biyokutle Yakitli Enerji Santrali solar project", "fuel": "solar", "mw": 10.5, "country": "TUR", "status": "operating"}}, {"type": "Feature", "id": 877, "geometry": {"type": "Point", "coordinates": [32.854, 39.921]}, "properties": {"name": "Saren Sargin Enerji Tesisi solar project", "fuel": "solar", "mw": 3.8, "country": "TUR", "status": "operating"}}, {"type": "Feature", "id": 878, "geometry": {"type": "Point", "coordinates": [28.781, 37.973]}, "properties": {"name": "Savcilli solar project", "fuel": "solar", "mw": 8.9, "country": "TUR", "status": "operating"}}, {"type": "Feature", "id": 879, "geometry": {"type": "Point", "coordinates": [35.495, 38.72]}, "properties": {"name": "Seferoglu solar farm", "fuel": "solar", "mw": 11.0, "country": "TUR", "status": "operating"}}, {"type": "Feature", "id": 880, "geometry": {"type": "Point", "coordinates": [30.534, 37.891]}, "properties": {"name": "Senirce A solar project", "fuel": "solar", "mw": 12.0, "country": "TUR", "status": "operating"}}, {"type": "Feature", "id": 881, "geometry": {"type": "Point", "coordinates": [32.854, 39.921]}, "properties": {"name": "Sereflikochisar Biyogaz Elektrik Uretim Santrali solar project", "fuel": "solar", "mw": 3.1, "country": "TUR", "status": "operating"}}, {"type": "Feature", "id": 882, "geometry": {"type": "Point", "coordinates": [31.717, 37.031]}, "properties": {"name": "Serra solar farm", "fuel": "solar", "mw": 8.1, "country": "TUR", "status": "operating"}}, {"type": "Feature", "id": 883, "geometry": {"type": "Point", "coordinates": [33.534, 36.772]}, "properties": {"name": "Sertavul solar farm", "fuel": "solar", "mw": 30.0, "country": "TUR", "status": "operating"}}, {"type": "Feature", "id": 884, "geometry": {"type": "Point", "coordinates": [31.848, 37.435]}, "properties": {"name": "Seydisehir 1 solar project", "fuel": "solar", "mw": 15.8, "country": "TUR", "status": "operating"}}, {"type": "Feature", "id": 885, "geometry": {"type": "Point", "coordinates": [37.015, 39.749]}, "properties": {"name": "Silopi solar farm", "fuel": "solar", "mw": 10.4, "country": "TUR", "status": "planned"}}, {"type": "Feature", "id": 886, "geometry": {"type": "Point", "coordinates": [34.779, 40.506]}, "properties": {"name": "Sirikli solar project", "fuel": "solar", "mw": 7.0, "country": "TUR", "status": "operating"}}, {"type": "Feature", "id": 887, "geometry": {"type": "Point", "coordinates": [36.927, 39.773]}, "properties": {"name": "Sivas solar project", "fuel": "solar", "mw": 19.1, "country": "TUR", "status": "operating"}}, {"type": "Feature", "id": 888, "geometry": {"type": "Point", "coordinates": [39.247, 37.762]}, "properties": {"name": "Siverek A solar project", "fuel": "solar", "mw": 5.0, "country": "TUR", "status": "operating"}}, {"type": "Feature", "id": 889, "geometry": {"type": "Point", "coordinates": [38.319, 38.349]}, "properties": {"name": "Sofular Hybrid solar project", "fuel": "solar", "mw": 3.1, "country": "TUR", "status": "operating"}}, {"type": "Feature", "id": 890, "geometry": {"type": "Point", "coordinates": [29.419, 40.211]}, "properties": {"name": "Soguksu A solar project", "fuel": "solar", "mw": 7.0, "country": "TUR", "status": "operating"}}, {"type": "Feature", "id": 891, "geometry": {"type": "Point", "coordinates": [29.431, 40.216]}, "properties": {"name": "Soguksu solar project", "fuel": "solar", "mw": 7.0, "country": "TUR", "status": "operating"}}, {"type": "Feature", "id": 892, "geometry": {"type": "Point", "coordinates": [30.182, 40.019]}, "properties": {"name": "Sogut solar farm", "fuel": "solar", "mw": 3.5, "country": "TUR", "status": "operating"}}, {"type": "Feature", "id": 893, "geometry": {"type": "Point", "coordinates": [33.566, 37.733]}, "properties": {"name": "Solana Konya solar farm", "fuel": "solar", "mw": 2.2, "country": "TUR", "status": "operating"}}, {"type": "Feature", "id": 894, "geometry": {"type": "Point", "coordinates": [39.126, 38.715]}, "properties": {"name": "Solentegre solar farm", "fuel": "solar", "mw": 8.0, "country": "TUR", "status": "operating"}}, {"type": "Feature", "id": 895, "geometry": {"type": "Point", "coordinates": [27.638, 39.192]}, "properties": {"name": "Soma Kolin Hybrid solar farm", "fuel": "solar", "mw": 76.5, "country": "TUR", "status": "planned"}}, {"type": "Feature", "id": 896, "geometry": {"type": "Point", "coordinates": [38.319, 38.349]}, "properties": {"name": "Sucati Hybrid solar project", "fuel": "solar", "mw": 3.8, "country": "TUR", "status": "operating"}}, {"type": "Feature", "id": 897, "geometry": {"type": "Point", "coordinates": [27.199, 38.645]}, "properties": {"name": "Suleymanli solar project", "fuel": "solar", "mw": 4.6, "country": "TUR", "status": "operating"}}, {"type": "Feature", "id": 898, "geometry": {"type": "Point", "coordinates": [32.492, 37.873]}, "properties": {"name": "Supra Enerji Santrali solar project", "fuel": "solar", "mw": 4.9, "country": "TUR", "status": "operating"}}, {"type": "Feature", "id": 899, "geometry": {"type": "Point", "coordinates": [35.759, 38.653]}, "properties": {"name": "Talas solar project", "fuel": "solar", "mw": 4.0, "country": "TUR", "status": "operating"}}, {"type": "Feature", "id": 900, "geometry": {"type": "Point", "coordinates": [34.889, 36.925]}, "properties": {"name": "Tarsus solar farm", "fuel": "solar", "mw": 9.3, "country": "TUR", "status": "operating"}}, {"type": "Feature", "id": 901, "geometry": {"type": "Point", "coordinates": [30.07, 37.198]}, "properties": {"name": "Ta\u015fkesi\u011fi solar farm", "fuel": "solar", "mw": 13.2, "country": "TUR", "status": "operating"}}, {"type": "Feature", "id": 902, "geometry": {"type": "Point", "coordinates": [34.705, 38.066]}, "properties": {"name": "Tauros Hybrid solar project", "fuel": "solar", "mw": 12.4, "country": "TUR", "status": "operating"}}, {"type": "Feature", "id": 903, "geometry": {"type": "Point", "coordinates": [33.316, 37.188]}, "properties": {"name": "Teksin solar farm", "fuel": "solar", "mw": 33.0, "country": "TUR", "status": "operating"}}, {"type": "Feature", "id": 904, "geometry": {"type": "Point", "coordinates": [39.491, 39.746]}, "properties": {"name": "Tercan solar farm", "fuel": "solar", "mw": 5.2, "country": "TUR", "status": "operating"}}, {"type": "Feature", "id": 905, "geometry": {"type": "Point", "coordinates": [34.743, 36.889]}, "properties": {"name": "Tiryaki Agro solar farm", "fuel": "solar", "mw": 11.4, "country": "TUR", "status": "operating"}}, {"type": "Feature", "id": 906, "geometry": {"type": "Point", "coordinates": [36.122, 37.026]}, "properties": {"name": "Toprakalle A solar project", "fuel": "solar", "mw": 5.0, "country": "TUR", "status": "operating"}}, {"type": "Feature", "id": 907, "geometry": {"type": "Point", "coordinates": [36.235, 40.337]}, "properties": {"name": "Turhal solar project", "fuel": "solar", "mw": 4.8, "country": "TUR", "status": "operating"}}, {"type": "Feature", "id": 908, "geometry": {"type": "Point", "coordinates": [32.492, 37.873]}, "properties": {"name": "Turkmenbeyi Hybrid solar project", "fuel": "solar", "mw": 1.1, "country": "TUR", "status": "operating"}}, {"type": "Feature", "id": 909, "geometry": {"type": "Point", "coordinates": [31.786, 38.381]}, "properties": {"name": "Tursunlu solar project", "fuel": "solar", "mw": 10.3, "country": "TUR", "status": "operating"}}, {"type": "Feature", "id": 910, "geometry": {"type": "Point", "coordinates": [29.239, 37.828]}, "properties": {"name": "Tvs Cop Gazi Elektrik Uretim Tesisi solar project", "fuel": "solar", "mw": 1.2, "country": "TUR", "status": "operating"}}, {"type": "Feature", "id": 911, "geometry": {"type": "Point", "coordinates": [37.248, 38.419]}, "properties": {"name": "Uluder solar farm", "fuel": "solar", "mw": 15.8, "country": "TUR", "status": "operating"}}, {"type": "Feature", "id": 912, "geometry": {"type": "Point", "coordinates": [32.854, 39.921]}, "properties": {"name": "Uregen Enerji Biyogaz Tesisi solar project", "fuel": "solar", "mw": 1.6, "country": "TUR", "status": "operating"}}, {"type": "Feature", "id": 913, "geometry": {"type": "Point", "coordinates": [39.411, 37.693]}, "properties": {"name": "Urfa Yogunka solar project", "fuel": "solar", "mw": 10.0, "country": "TUR", "status": "operating"}}, {"type": "Feature", "id": 914, "geometry": {"type": "Point", "coordinates": [29.331, 38.61]}, "properties": {"name": "Usak Biogaz Elektrik Uretim Tesisi solar project", "fuel": "solar", "mw": 4.2, "country": "TUR", "status": "operating"}}, {"type": "Feature", "id": 915, "geometry": {"type": "Point", "coordinates": [41.398, 39.938]}, "properties": {"name": "Uzunahmet solar project", "fuel": "solar", "mw": 4.0, "country": "TUR", "status": "operating"}}, {"type": "Feature", "id": 916, "geometry": {"type": "Point", "coordinates": [43.21, 38.621]}, "properties": {"name": "Van Arisu solar farm", "fuel": "solar", "mw": 55.0, "country": "TUR", "status": "operating"}}, {"type": "Feature", "id": 917, "geometry": {"type": "Point", "coordinates": [35.539, 38.161]}, "properties": {"name": "Yahyali Hybrid solar farm", "fuel": "solar", "mw": 16.0, "country": "TUR", "status": "planned"}}, {"type": "Feature", "id": 918, "geometry": {"type": "Point", "coordinates": [41.273, 39.904]}, "properties": {"name": "Yakutiye solar farm", "fuel": "solar", "mw": 5.4, "country": "TUR", "status": "operating"}}, {"type": "Feature", "id": 919, "geometry": {"type": "Point", "coordinates": [33.898, 38.433]}, "properties": {"name": "Yapilcanlar2 Hybrid solar project", "fuel": "solar", "mw": 1.1, "country": "TUR", "status": "operating"}}, {"type": "Feature", "id": 920, "geometry": {"type": "Point", "coordinates": [38.099, 37.654]}, "properties": {"name": "Yayladami solar project", "fuel": "solar", "mw": 10.0, "country": "TUR", "status": "operating"}}, {"type": "Feature", "id": 921, "geometry": {"type": "Point", "coordinates": [34.184, 37.817]}, "properties": {"name": "Yaysun solar farm", "fuel": "solar", "mw": 10.0, "country": "TUR", "status": "operating"}}, {"type": "Feature", "id": 922, "geometry": {"type": "Point", "coordinates": [32.722, 38.206]}, "properties": {"name": "Yazibelen solar project", "fuel": "solar", "mw": 8.0, "country": "TUR", "status": "operating"}}, {"type": "Feature", "id": 923, "geometry": {"type": "Point", "coordinates": [40.327, 39.221]}, "properties": {"name": "Yedisu Hybrid solar farm", "fuel": "solar", "mw": 22.7, "country": "TUR", "status": "planned"}}, {"type": "Feature", "id": 924, "geometry": {"type": "Point", "coordinates": [26.836, 38.644]}, "properties": {"name": "Yeniba solar project", "fuel": "solar", "mw": 5.9, "country": "TUR", "status": "operating"}}, {"type": "Feature", "id": 925, "geometry": {"type": "Point", "coordinates": [26.807, 38.713]}, "properties": {"name": "Yenifoca solar project", "fuel": "solar", "mw": 5.7, "country": "TUR", "status": "operating"}}, {"type": "Feature", "id": 926, "geometry": {"type": "Point", "coordinates": [34.785, 38.251]}, "properties": {"name": "Yesilgolcuk solar project", "fuel": "solar", "mw": 4.3, "country": "TUR", "status": "operating"}}, {"type": "Feature", "id": 927, "geometry": {"type": "Point", "coordinates": [40.212, 40.202]}, "properties": {"name": "Yildirim Hybrid solar project", "fuel": "solar", "mw": 11.0, "country": "TUR", "status": "operating"}}, {"type": "Feature", "id": 928, "geometry": {"type": "Point", "coordinates": [35.487, 38.722]}, "properties": {"name": "Zincirli Hybrid solar project", "fuel": "solar", "mw": 12.0, "country": "TUR", "status": "operating"}}, {"type": "Feature", "id": 929, "geometry": {"type": "Point", "coordinates": [44.046, 42.027]}, "properties": {"name": "Kartli wind farm", "fuel": "wind", "mw": 20.7, "country": "GEO", "status": "operating"}}, {"type": "Feature", "id": 930, "geometry": {"type": "Point", "coordinates": [49.436, 40.728]}, "properties": {"name": "Yeni Yashma wind farm", "fuel": "wind", "mw": 50.0, "country": "AZE", "status": "operating"}}, {"type": "Feature", "id": 931, "geometry": {"type": "Point", "coordinates": [28.135, 43.742]}, "properties": {"name": "Balchik wind farm", "fuel": "wind", "mw": 10.0, "country": "BGR", "status": "operating"}}, {"type": "Feature", "id": 932, "geometry": {"type": "Point", "coordinates": [24.686, 45.985]}, "properties": {"name": "Casimcea wind farm", "fuel": "wind", "mw": 10.0, "country": "ROU", "status": "operating"}}, {"type": "Feature", "id": 933, "geometry": {"type": "Point", "coordinates": [28.383, 44.72]}, "properties": {"name": "Casimcea wind farm", "fuel": "wind", "mw": 10.0, "country": "ROU", "status": "operating"}}, {"type": "Feature", "id": 934, "geometry": {"type": "Point", "coordinates": [24.686, 45.985]}, "properties": {"name": "Cee Nicolae Balcescu wind farm", "fuel": "wind", "mw": 10.0, "country": "ROU", "status": "operating"}}, {"type": "Feature", "id": 935, "geometry": {"type": "Point", "coordinates": [27.689, 45.77]}, "properties": {"name": "Cudalbi wind farm", "fuel": "wind", "mw": 10.0, "country": "ROU", "status": "operating"}}, {"type": "Feature", "id": 936, "geometry": {"type": "Point", "coordinates": [26.932, 45.411]}, "properties": {"name": "Grebanu wind farm", "fuel": "wind", "mw": 10.0, "country": "ROU", "status": "operating"}}, {"type": "Feature", "id": 937, "geometry": {"type": "Point", "coordinates": [27.608, 44.917]}, "properties": {"name": "Insuratei wind farm", "fuel": "wind", "mw": 10.0, "country": "ROU", "status": "operating"}}, {"type": "Feature", "id": 938, "geometry": {"type": "Point", "coordinates": [28.339, 43.433]}, "properties": {"name": "Long Man Wind Park", "fuel": "wind", "mw": 10.0, "country": "BGR", "status": "operating"}}, {"type": "Feature", "id": 939, "geometry": {"type": "Point", "coordinates": [28.325, 44.491]}, "properties": {"name": "Mireasa wind farm", "fuel": "wind", "mw": 10.0, "country": "ROU", "status": "operating"}}, {"type": "Feature", "id": 940, "geometry": {"type": "Point", "coordinates": [26.955, 45.422]}, "properties": {"name": "Topliceni wind farm", "fuel": "wind", "mw": 10.0, "country": "ROU", "status": "operating"}}, {"type": "Feature", "id": 941, "geometry": {"type": "Point", "coordinates": [22.68, 46.43]}, "properties": {"name": "Curcubata wind farm", "fuel": "wind", "mw": 12.0, "country": "ROU", "status": "operating"}}, {"type": "Feature", "id": 942, "geometry": {"type": "Point", "coordinates": [27.567, 43.648]}, "properties": {"name": "Kardam wind farm", "fuel": "wind", "mw": 12.0, "country": "BGR", "status": "operating"}}, {"type": "Feature", "id": 943, "geometry": {"type": "Point", "coordinates": [28.245, 43.559]}, "properties": {"name": "Krupen wind farm", "fuel": "wind", "mw": 12.0, "country": "BGR", "status": "operating"}}, {"type": "Feature", "id": 944, "geometry": {"type": "Point", "coordinates": [28.135, 43.742]}, "properties": {"name": "Karnobat Wind Park", "fuel": "wind", "mw": 13.0, "country": "BGR", "status": "operating"}}, {"type": "Feature", "id": 945, "geometry": {"type": "Point", "coordinates": [28.619, 45.045]}, "properties": {"name": "Nalbant wind farm", "fuel": "wind", "mw": 14.0, "country": "ROU", "status": "operating"}}, {"type": "Feature", "id": 946, "geometry": {"type": "Point", "coordinates": [28.62, 44.62]}, "properties": {"name": "Mihai Viteazu wind farm", "fuel": "wind", "mw": 14.0, "country": "ROU", "status": "operating"}}, {"type": "Feature", "id": 947, "geometry": {"type": "Point", "coordinates": [27.385, 43.136]}, "properties": {"name": "Hrabrovo wind farm", "fuel": "wind", "mw": 14.0, "country": "BGR", "status": "operating"}}, {"type": "Feature", "id": 948, "geometry": {"type": "Point", "coordinates": [28.325, 43.462]}, "properties": {"name": "Mogilishte-Zapad wind farm", "fuel": "wind", "mw": 16.0, "country": "BGR", "status": "operating"}}, {"type": "Feature", "id": 949, "geometry": {"type": "Point", "coordinates": [24.686, 45.985]}, "properties": {"name": "Baia Holrom wind farm", "fuel": "wind", "mw": 17.0, "country": "ROU", "status": "operating"}}, {"type": "Feature", "id": 950, "geometry": {"type": "Point", "coordinates": [28.329, 45.076]}, "properties": {"name": "Cerna wind farm", "fuel": "wind", "mw": 18.0, "country": "ROU", "status": "operating"}}, {"type": "Feature", "id": 951, "geometry": {"type": "Point", "coordinates": [27.544, 43.633]}, "properties": {"name": "Krapelit wind farm", "fuel": "wind", "mw": 18.0, "country": "BGR", "status": "operating"}}, {"type": "Feature", "id": 952, "geometry": {"type": "Point", "coordinates": [28.307, 43.527]}, "properties": {"name": "Vranino wind farm", "fuel": "wind", "mw": 18.0, "country": "BGR", "status": "operating"}}, {"type": "Feature", "id": 953, "geometry": {"type": "Point", "coordinates": [28.339, 43.433]}, "properties": {"name": "Kamen Bryag (Enel) wind farm", "fuel": "wind", "mw": 21.0, "country": "BGR", "status": "operating"}}, {"type": "Feature", "id": 954, "geometry": {"type": "Point", "coordinates": [28.51, 43.606]}, "properties": {"name": "Shabla wind farm", "fuel": "wind", "mw": 21.0, "country": "BGR", "status": "operating"}}, {"type": "Feature", "id": 955, "geometry": {"type": "Point", "coordinates": [25.433, 42.739]}, "properties": {"name": "Vetrocom wind farm", "fuel": "wind", "mw": 22.0, "country": "BGR", "status": "operating"}}, {"type": "Feature", "id": 956, "geometry": {"type": "Point", "coordinates": [27.914, 46.5]}, "properties": {"name": "Vutcani wind farm", "fuel": "wind", "mw": 24.0, "country": "ROU", "status": "operating"}}, {"type": "Feature", "id": 957, "geometry": {"type": "Point", "coordinates": [28.171, 44.382]}, "properties": {"name": "Silistea wind farm", "fuel": "wind", "mw": 25.0, "country": "ROU", "status": "operating"}}, {"type": "Feature", "id": 958, "geometry": {"type": "Point", "coordinates": [25.433, 42.739]}, "properties": {"name": "Vetrocom wind farm", "fuel": "wind", "mw": 25.0, "country": "BGR", "status": "operating"}}, {"type": "Feature", "id": 959, "geometry": {"type": "Point", "coordinates": [25.433, 42.739]}, "properties": {"name": "Vetrocom wind farm", "fuel": "wind", "mw": 25.0, "country": "BGR", "status": "operating"}}, {"type": "Feature", "id": 960, "geometry": {"type": "Point", "coordinates": [28.222, 44.112]}, "properties": {"name": "Cobadin wind farm", "fuel": "wind", "mw": 26.0, "country": "ROU", "status": "operating"}}, {"type": "Feature", "id": 961, "geometry": {"type": "Point", "coordinates": [24.686, 45.985]}, "properties": {"name": "Gebelesis Enel wind farm", "fuel": "wind", "mw": 27.0, "country": "ROU", "status": "operating"}}, {"type": "Feature", "id": 962, "geometry": {"type": "Point", "coordinates": [28.383, 44.72]}, "properties": {"name": "Topolog wind farm", "fuel": "wind", "mw": 27.0, "country": "ROU", "status": "operating"}}, {"type": "Feature", "id": 963, "geometry": {"type": "Point", "coordinates": [28.392, 44.525]}, "properties": {"name": "Iberdrola Sacele wind farm", "fuel": "wind", "mw": 27.0, "country": "ROU", "status": "operating"}}, {"type": "Feature", "id": 964, "geometry": {"type": "Point", "coordinates": [28.392, 44.525]}, "properties": {"name": "Iberdrola Sacele wind farm", "fuel": "wind", "mw": 27.0, "country": "ROU", "status": "operating"}}, {"type": "Feature", "id": 965, "geometry": {"type": "Point", "coordinates": [28.392, 44.525]}, "properties": {"name": "Iberdrola Sacele wind farm", "fuel": "wind", "mw": 27.0, "country": "ROU", "status": "operating"}}, {"type": "Feature", "id": 966, "geometry": {"type": "Point", "coordinates": [28.392, 44.525]}, "properties": {"name": "Iberdrola Sacele wind farm", "fuel": "wind", "mw": 27.0, "country": "ROU", "status": "operating"}}, {"type": "Feature", "id": 967, "geometry": {"type": "Point", "coordinates": [28.392, 44.525]}, "properties": {"name": "Iberdrola Sacele wind farm", "fuel": "wind", "mw": 27.0, "country": "ROU", "status": "operating"}}, {"type": "Feature", "id": 968, "geometry": {"type": "Point", "coordinates": [28.392, 44.525]}, "properties": {"name": "Iberdrola Sacele wind farm", "fuel": "wind", "mw": 27.0, "country": "ROU", "status": "operating"}}, {"type": "Feature", "id": 969, "geometry": {"type": "Point", "coordinates": [27.856, 46.501]}, "properties": {"name": "Albesti wind farm", "fuel": "wind", "mw": 28.0, "country": "ROU", "status": "operating"}}, {"type": "Feature", "id": 970, "geometry": {"type": "Point", "coordinates": [28.378, 43.422]}, "properties": {"name": "Evn Bulgarevo wind farm", "fuel": "wind", "mw": 30.0, "country": "BGR", "status": "operating"}}, {"type": "Feature", "id": 971, "geometry": {"type": "Point", "coordinates": [28.717, 44.891]}, "properties": {"name": "Babadag wind farm", "fuel": "wind", "mw": 32.0, "country": "ROU", "status": "operating"}}, {"type": "Feature", "id": 972, "geometry": {"type": "Point", "coordinates": [28.845, 45.007]}, "properties": {"name": "Sarichioi wind farm", "fuel": "wind", "mw": 33.0, "country": "ROU", "status": "operating"}}, {"type": "Feature", "id": 973, "geometry": {"type": "Point", "coordinates": [24.686, 45.985]}, "properties": {"name": "Alpha Wind Nord wind farm", "fuel": "wind", "mw": 33.0, "country": "ROU", "status": "operating"}}, {"type": "Feature", "id": 974, "geometry": {"type": "Point", "coordinates": [28.683, 44.915]}, "properties": {"name": "Babadag wind farm", "fuel": "wind", "mw": 34.0, "country": "ROU", "status": "operating"}}, {"type": "Feature", "id": 975, "geometry": {"type": "Point", "coordinates": [24.883, 44.183]}, "properties": {"name": "Stejaru wind farm", "fuel": "wind", "mw": 34.0, "country": "ROU", "status": "operating"}}, {"type": "Feature", "id": 976, "geometry": {"type": "Point", "coordinates": [28.944, 45.04]}, "properties": {"name": "Agighiohl Valea Nucarilor wind farm", "fuel": "wind", "mw": 35.0, "country": "ROU", "status": "operating"}}, {"type": "Feature", "id": 977, "geometry": {"type": "Point", "coordinates": [28.45, 43.392]}, "properties": {"name": "Kaliakra Cape wind farm", "fuel": "wind", "mw": 35.0, "country": "BGR", "status": "operating"}}, {"type": "Feature", "id": 978, "geometry": {"type": "Point", "coordinates": [23.869, 44.449]}, "properties": {"name": "Monsson Orsova wind farm", "fuel": "wind", "mw": 35.0, "country": "ROU", "status": "operating"}}, {"type": "Feature", "id": 979, "geometry": {"type": "Point", "coordinates": [28.19, 43.401]}, "properties": {"name": "Tcherga wind farm", "fuel": "wind", "mw": 40.0, "country": "BGR", "status": "operating"}}, {"type": "Feature", "id": 980, "geometry": {"type": "Point", "coordinates": [28.282, 44.407]}, "properties": {"name": "Dorobantu wind farm", "fuel": "wind", "mw": 45.0, "country": "ROU", "status": "operating"}}, {"type": "Feature", "id": 981, "geometry": {"type": "Point", "coordinates": [27.671, 45.268]}, "properties": {"name": "Gemenele wind farm", "fuel": "wind", "mw": 48.0, "country": "ROU", "status": "operating"}}, {"type": "Feature", "id": 982, "geometry": {"type": "Point", "coordinates": [24.686, 45.985]}, "properties": {"name": "Alpha Wind Nord wind farm", "fuel": "wind", "mw": 48.0, "country": "ROU", "status": "operating"}}, {"type": "Feature", "id": 983, "geometry": {"type": "Point", "coordinates": [21.711, 44.678]}, "properties": {"name": "Moldova Noua wind farm", "fuel": "wind", "mw": 48.0, "country": "ROU", "status": "operating"}}, {"type": "Feature", "id": 984, "geometry": {"type": "Point", "coordinates": [27.785, 45.801]}, "properties": {"name": "Baleni wind farm", "fuel": "wind", "mw": 50.0, "country": "ROU", "status": "operating"}}, {"type": "Feature", "id": 985, "geometry": {"type": "Point", "coordinates": [28.378, 43.422]}, "properties": {"name": "Evn Bulgarevo wind farm", "fuel": "wind", "mw": 50.0, "country": "BGR", "status": "operating"}}, {"type": "Feature", "id": 986, "geometry": {"type": "Point", "coordinates": [28.35, 44.5]}, "properties": {"name": "Mireasa wind farm", "fuel": "wind", "mw": 50.0, "country": "ROU", "status": "operating"}}, {"type": "Feature", "id": 987, "geometry": {"type": "Point", "coordinates": [24.686, 45.985]}, "properties": {"name": "Pestera Sorgenia wind farm", "fuel": "wind", "mw": 50.0, "country": "ROU", "status": "operating"}}, {"type": "Feature", "id": 988, "geometry": {"type": "Point", "coordinates": [28.392, 44.525]}, "properties": {"name": "Targusor-Zephir wind farm", "fuel": "wind", "mw": 59.0, "country": "ROU", "status": "operating"}}, {"type": "Feature", "id": 989, "geometry": {"type": "Point", "coordinates": [27.76, 44.545]}, "properties": {"name": "Facaeni wind farm", "fuel": "wind", "mw": 60.0, "country": "ROU", "status": "operating"}}, {"type": "Feature", "id": 990, "geometry": {"type": "Point", "coordinates": [27.59, 43.375]}, "properties": {"name": "Suvorovo wind farm", "fuel": "wind", "mw": 60.0, "country": "BGR", "status": "operating"}}, {"type": "Feature", "id": 991, "geometry": {"type": "Point", "coordinates": [28.392, 44.525]}, "properties": {"name": "Iberdrola Piatra wind farms", "fuel": "wind", "mw": 64.0, "country": "ROU", "status": "operating"}}, {"type": "Feature", "id": 992, "geometry": {"type": "Point", "coordinates": [22.012, 46.967]}, "properties": {"name": "Auseu-Borod wind farm", "fuel": "wind", "mw": 65.0, "country": "ROU", "status": "operating"}}, {"type": "Feature", "id": 993, "geometry": {"type": "Point", "coordinates": [28.034, 44.338]}, "properties": {"name": "Cernavoda-Pestera wind farm", "fuel": "wind", "mw": 69.0, "country": "ROU", "status": "operating"}}, {"type": "Feature", "id": 994, "geometry": {"type": "Point", "coordinates": [28.034, 44.338]}, "properties": {"name": "Cernavoda-Pestera wind farm", "fuel": "wind", "mw": 69.0, "country": "ROU", "status": "operating"}}, {"type": "Feature", "id": 995, "geometry": {"type": "Point", "coordinates": [24.686, 45.985]}, "properties": {"name": "Ventus Nord-2 wind farm", "fuel": "wind", "mw": 69.0, "country": "ROU", "status": "operating"}}, {"type": "Feature", "id": 996, "geometry": {"type": "Point", "coordinates": [24.686, 45.985]}, "properties": {"name": "Corugea wind farm", "fuel": "wind", "mw": 70.0, "country": "ROU", "status": "operating"}}, {"type": "Feature", "id": 997, "geometry": {"type": "Point", "coordinates": [27.998, 45.434]}, "properties": {"name": "Gebelesis Erg wind farm", "fuel": "wind", "mw": 70.0, "country": "ROU", "status": "operating"}}, {"type": "Feature", "id": 998, "geometry": {"type": "Point", "coordinates": [28.856, 45.025]}, "properties": {"name": "Salbatica wind farm", "fuel": "wind", "mw": 70.0, "country": "ROU", "status": "operating"}}, {"type": "Feature", "id": 999, "geometry": {"type": "Point", "coordinates": [24.686, 45.985]}, "properties": {"name": "Salbatica wind farm", "fuel": "wind", "mw": 70.0, "country": "ROU", "status": "operating"}}, {"type": "Feature", "id": 1000, "geometry": {"type": "Point", "coordinates": [28.961, 45.045]}, "properties": {"name": "Valea Nucarilor wind farm", "fuel": "wind", "mw": 70.0, "country": "ROU", "status": "operating"}}, {"type": "Feature", "id": 1001, "geometry": {"type": "Point", "coordinates": [27.76, 44.545]}, "properties": {"name": "Facaeni wind farm", "fuel": "wind", "mw": 72.0, "country": "ROU", "status": "operating"}}, {"type": "Feature", "id": 1002, "geometry": {"type": "Point", "coordinates": [24.686, 45.985]}, "properties": {"name": "Istria wind farm", "fuel": "wind", "mw": 74.0, "country": "ROU", "status": "operating"}}, {"type": "Feature", "id": 1003, "geometry": {"type": "Point", "coordinates": [28.168, 43.89]}, "properties": {"name": "Chirnogeni wind farm", "fuel": "wind", "mw": 80.0, "country": "ROU", "status": "operating"}}, {"type": "Feature", "id": 1004, "geometry": {"type": "Point", "coordinates": [28.618, 44.641]}, "properties": {"name": "Mihai Viteazu wind farm", "fuel": "wind", "mw": 80.0, "country": "ROU", "status": "operating"}}, {"type": "Feature", "id": 1005, "geometry": {"type": "Point", "coordinates": [28.332, 44.914]}, "properties": {"name": "Topolog-Doroban\u0163u wind farm", "fuel": "wind", "mw": 84.0, "country": "ROU", "status": "operating"}}, {"type": "Feature", "id": 1006, "geometry": {"type": "Point", "coordinates": [21.552, 45.756]}, "properties": {"name": "Windkraft Sfanta Elena wind farm", "fuel": "wind", "mw": 84.0, "country": "ROU", "status": "operating"}}, {"type": "Feature", "id": 1007, "geometry": {"type": "Point", "coordinates": [28.567, 44.609]}, "properties": {"name": "F\u00e2nt\u00e2nele wind farm", "fuel": "wind", "mw": 85.0, "country": "ROU", "status": "operating"}}, {"type": "Feature", "id": 1008, "geometry": {"type": "Point", "coordinates": [28.034, 44.338]}, "properties": {"name": "Pestera wind farm", "fuel": "wind", "mw": 90.0, "country": "ROU", "status": "operating"}}, {"type": "Feature", "id": 1009, "geometry": {"type": "Point", "coordinates": [24.686, 45.985]}, "properties": {"name": "Falciu wind farm", "fuel": "wind", "mw": 92.0, "country": "ROU", "status": "operating"}}, {"type": "Feature", "id": 1010, "geometry": {"type": "Point", "coordinates": [24.686, 45.985]}, "properties": {"name": "Casimcea Verbund wind farm", "fuel": "wind", "mw": 100.0, "country": "ROU", "status": "operating"}}, {"type": "Feature", "id": 1011, "geometry": {"type": "Point", "coordinates": [24.686, 45.985]}, "properties": {"name": "Casimcea Verbund wind farm", "fuel": "wind", "mw": 100.0, "country": "ROU", "status": "operating"}}, {"type": "Feature", "id": 1012, "geometry": {"type": "Point", "coordinates": [24.686, 45.985]}, "properties": {"name": "Falciu wind farm", "fuel": "wind", "mw": 106.0, "country": "ROU", "status": "operating"}}, {"type": "Feature", "id": 1013, "geometry": {"type": "Point", "coordinates": [28.233, 44.535]}, "properties": {"name": "Crucea North wind farm", "fuel": "wind", "mw": 108.0, "country": "ROU", "status": "operating"}}, {"type": "Feature", "id": 1014, "geometry": {"type": "Point", "coordinates": [24.686, 45.985]}, "properties": {"name": "Iberdrola Cogealac wind farm", "fuel": "wind", "mw": 108.0, "country": "ROU", "status": "operating"}}, {"type": "Feature", "id": 1015, "geometry": {"type": "Point", "coordinates": [28.392, 44.525]}, "properties": {"name": "Targusor-Zephir wind farm", "fuel": "wind", "mw": 120.0, "country": "ROU", "status": "operating"}}, {"type": "Feature", "id": 1016, "geometry": {"type": "Point", "coordinates": [28.316, 44.522]}, "properties": {"name": "Pantelimon wind farm", "fuel": "wind", "mw": 123.0, "country": "ROU", "status": "operating"}}, {"type": "Feature", "id": 1017, "geometry": {"type": "Point", "coordinates": [24.686, 45.985]}, "properties": {"name": "Beidaud wind farm", "fuel": "wind", "mw": 128.0, "country": "ROU", "status": "operating"}}, {"type": "Feature", "id": 1018, "geometry": {"type": "Point", "coordinates": [27.241, 46.911]}, "properties": {"name": "Monsson Serbotesti wind farm", "fuel": "wind", "mw": 150.0, "country": "ROU", "status": "operating"}}, {"type": "Feature", "id": 1019, "geometry": {"type": "Point", "coordinates": [28.447, 43.386]}, "properties": {"name": "Saint Nikola wind farm", "fuel": "wind", "mw": 156.0, "country": "BGR", "status": "operating"}}, {"type": "Feature", "id": 1020, "geometry": {"type": "Point", "coordinates": [24.686, 45.985]}, "properties": {"name": "Iberdrola Cogealac wind farm", "fuel": "wind", "mw": 214.0, "country": "ROU", "status": "operating"}}, {"type": "Feature", "id": 1021, "geometry": {"type": "Point", "coordinates": [27.241, 46.911]}, "properties": {"name": "Cwp Independenta I Wind Farm wind farm", "fuel": "wind", "mw": 226.0, "country": "ROU", "status": "operating"}}, {"type": "Feature", "id": 1022, "geometry": {"type": "Point", "coordinates": [28.567, 44.609]}, "properties": {"name": "F\u00e2nt\u00e2nele \u2013 Cogealac wind farm", "fuel": "wind", "mw": 252.0, "country": "ROU", "status": "operating"}}, {"type": "Feature", "id": 1023, "geometry": {"type": "Point", "coordinates": [28.567, 44.609]}, "properties": {"name": "F\u00e2nt\u00e2nele wind farm", "fuel": "wind", "mw": 262.0, "country": "ROU", "status": "operating"}}, {"type": "Feature", "id": 1024, "geometry": {"type": "Point", "coordinates": [24.686, 45.985]}, "properties": {"name": "Banca wind farm", "fuel": "wind", "mw": 300.0, "country": "ROU", "status": "operating"}}, {"type": "Feature", "id": 1025, "geometry": {"type": "Point", "coordinates": [24.686, 45.985]}, "properties": {"name": "Adamdel wind farm", "fuel": "wind", "mw": 484.0, "country": "ROU", "status": "operating"}}, {"type": "Feature", "id": 1026, "geometry": {"type": "Point", "coordinates": [27.953, 44.088]}, "properties": {"name": "Adamclisi wind farm", "fuel": "wind", "mw": 300.0, "country": "ROU", "status": "planned"}}, {"type": "Feature", "id": 1027, "geometry": {"type": "Point", "coordinates": [26.971, 45.021]}, "properties": {"name": "Axpo wind farm", "fuel": "wind", "mw": 125.0, "country": "ROU", "status": "planned"}}, {"type": "Feature", "id": 1028, "geometry": {"type": "Point", "coordinates": [27.352, 44.45]}, "properties": {"name": "Axpo wind farm", "fuel": "wind", "mw": 125.0, "country": "ROU", "status": "planned"}}, {"type": "Feature", "id": 1029, "geometry": {"type": "Point", "coordinates": [26.078, 44.493]}, "properties": {"name": "B\u0103neasa wind farm", "fuel": "wind", "mw": 25.0, "country": "ROU", "status": "planned"}}, {"type": "Feature", "id": 1030, "geometry": {"type": "Point", "coordinates": [28.673, 43.892]}, "properties": {"name": "Black Sea wind farm", "fuel": "wind", "mw": 500.0, "country": "ROU", "status": "planned"}}, {"type": "Feature", "id": 1031, "geometry": {"type": "Point", "coordinates": [28.689, 43.94]}, "properties": {"name": "Black Sea wind farm", "fuel": "wind", "mw": 1400.0, "country": "ROU", "status": "planned"}}, {"type": "Feature", "id": 1032, "geometry": {"type": "Point", "coordinates": [28.232, 44.54]}, "properties": {"name": "Crucea Esta wind farm", "fuel": "wind", "mw": 121.0, "country": "ROU", "status": "planned"}}, {"type": "Feature", "id": 1033, "geometry": {"type": "Point", "coordinates": [28.043, 44.061]}, "properties": {"name": "Deleni wind farm", "fuel": "wind", "mw": 300.0, "country": "ROU", "status": "planned"}}, {"type": "Feature", "id": 1034, "geometry": {"type": "Point", "coordinates": [27.889, 44.558]}, "properties": {"name": "Facaeni II wind farm", "fuel": "wind", "mw": 226.0, "country": "ROU", "status": "planned"}}, {"type": "Feature", "id": 1035, "geometry": {"type": "Point", "coordinates": [28.021, 45.438]}, "properties": {"name": "Hoopeks Galati wind farm", "fuel": "wind", "mw": 629.0, "country": "ROU", "status": "planned"}}, {"type": "Feature", "id": 1036, "geometry": {"type": "Point", "coordinates": [28.082, 43.949]}, "properties": {"name": "Independenta wind farm", "fuel": "wind", "mw": 112.0, "country": "ROU", "status": "planned"}}, {"type": "Feature", "id": 1037, "geometry": {"type": "Point", "coordinates": [25.712, 44.696]}, "properties": {"name": "Mereni wind farm", "fuel": "wind", "mw": 232.0, "country": "ROU", "status": "planned"}}, {"type": "Feature", "id": 1038, "geometry": {"type": "Point", "coordinates": [28.494, 43.896]}, "properties": {"name": "Pecineaga wind farm", "fuel": "wind", "mw": 48.0, "country": "ROU", "status": "construction"}}, {"type": "Feature", "id": 1039, "geometry": {"type": "Point", "coordinates": [28.13, 44.187]}, "properties": {"name": "Pestera wind farm", "fuel": "wind", "mw": 393.0, "country": "ROU", "status": "planned"}}, {"type": "Feature", "id": 1040, "geometry": {"type": "Point", "coordinates": [26.836, 47.24]}, "properties": {"name": "Ruginoasa wind farm", "fuel": "wind", "mw": 60.0, "country": "ROU", "status": "operating"}}, {"type": "Feature", "id": 1041, "geometry": {"type": "Point", "coordinates": [21.712, 44.678]}, "properties": {"name": "Sf\u00e2nta Elena wind farm", "fuel": "wind", "mw": 142.0, "country": "ROU", "status": "planned"}}, {"type": "Feature", "id": 1042, "geometry": {"type": "Point", "coordinates": [26.102, 44.435]}, "properties": {"name": "Vis Viva wind farm", "fuel": "wind", "mw": 450.0, "country": "ROU", "status": "planned"}}, {"type": "Feature", "id": 1043, "geometry": {"type": "Point", "coordinates": [27.323, 37.898]}, "properties": {"name": "Ada wind farm", "fuel": "wind", "mw": 10.0, "country": "TUR", "status": "operating"}}, {"type": "Feature", "id": 1044, "geometry": {"type": "Point", "coordinates": [27.331, 37.901]}, "properties": {"name": "Ada wind farm", "fuel": "wind", "mw": 12.0, "country": "TUR", "status": "operating"}}, {"type": "Feature", "id": 1045, "geometry": {"type": "Point", "coordinates": [30.543, 40.507]}, "properties": {"name": "Adapazari wind farm", "fuel": "wind", "mw": 85.0, "country": "TUR", "status": "operating"}}, {"type": "Feature", "id": 1046, "geometry": {"type": "Point", "coordinates": [36.685, 40.188]}, "properties": {"name": "Ado Akyurt wind farm", "fuel": "wind", "mw": 15.0, "country": "TUR", "status": "operating"}}, {"type": "Feature", "id": 1047, "geometry": {"type": "Point", "coordinates": [27.815, 41.604]}, "properties": {"name": "Air Wind Farm 4", "fuel": "wind", "mw": 61.0, "country": "TUR", "status": "operating"}}, {"type": "Feature", "id": 1048, "geometry": {"type": "Point", "coordinates": [27.773, 38.921]}, "properties": {"name": "Ak wind farm", "fuel": "wind", "mw": 45.0, "country": "TUR", "status": "operating"}}, {"type": "Feature", "id": 1049, "geometry": {"type": "Point", "coordinates": [27.773, 38.921]}, "properties": {"name": "Ak wind farm", "fuel": "wind", "mw": 10.0, "country": "TUR", "status": "operating"}}, {"type": "Feature", "id": 1050, "geometry": {"type": "Point", "coordinates": [27.403, 37.476]}, "properties": {"name": "Akb\u00fck (Antik) wind farm", "fuel": "wind", "mw": 12.0, "country": "TUR", "status": "operating"}}, {"type": "Feature", "id": 1051, "geometry": {"type": "Point", "coordinates": [27.387, 37.45]}, "properties": {"name": "Akb\u00fck (Ayen) wind farm", "fuel": "wind", "mw": 32.0, "country": "TUR", "status": "operating"}}, {"type": "Feature", "id": 1052, "geometry": {"type": "Point", "coordinates": [27.485, 37.416]}, "properties": {"name": "Akb\u00fck (Ayen) wind farm", "fuel": "wind", "mw": 21.0, "country": "TUR", "status": "operating"}}, {"type": "Feature", "id": 1053, "geometry": {"type": "Point", "coordinates": [27.412, 37.464]}, "properties": {"name": "Ak\u00e7a wind farm", "fuel": "wind", "mw": 22.0, "country": "TUR", "status": "operating"}}, {"type": "Feature", "id": 1054, "geometry": {"type": "Point", "coordinates": [31.668, 37.591]}, "properties": {"name": "Akdag wind farm", "fuel": "wind", "mw": 24.0, "country": "TUR", "status": "operating"}}, {"type": "Feature", "id": 1055, "geometry": {"type": "Point", "coordinates": [36.974, 40.855]}, "properties": {"name": "Akkus wind farm", "fuel": "wind", "mw": 12.0, "country": "TUR", "status": "operating"}}, {"type": "Feature", "id": 1056, "geometry": {"type": "Point", "coordinates": [35.542, 38.003]}, "properties": {"name": "Aksu wind farm", "fuel": "wind", "mw": 71.0, "country": "TUR", "status": "operating"}}, {"type": "Feature", "id": 1057, "geometry": {"type": "Point", "coordinates": [35.542, 38.003]}, "properties": {"name": "Aksu wind farm", "fuel": "wind", "mw": 10.0, "country": "TUR", "status": "operating"}}, {"type": "Feature", "id": 1058, "geometry": {"type": "Point", "coordinates": [33.399, 37.002]}, "properties": {"name": "Akyel wind farm", "fuel": "wind", "mw": 43.0, "country": "TUR", "status": "operating"}}, {"type": "Feature", "id": 1059, "geometry": {"type": "Point", "coordinates": [33.399, 37.002]}, "properties": {"name": "Akyel wind farm", "fuel": "wind", "mw": 11.0, "country": "TUR", "status": "operating"}}, {"type": "Feature", "id": 1060, "geometry": {"type": "Point", "coordinates": [37.323, 38.983]}, "properties": {"name": "Akyurt wind farm", "fuel": "wind", "mw": 15.0, "country": "TUR", "status": "operating"}}, {"type": "Feature", "id": 1061, "geometry": {"type": "Point", "coordinates": [26.378, 38.289]}, "properties": {"name": "Ala\u00e7ati wind farm", "fuel": "wind", "mw": 7.2, "country": "TUR", "status": "operating"}}, {"type": "Feature", "id": 1062, "geometry": {"type": "Point", "coordinates": [26.346, 38.284]}, "properties": {"name": "Ala\u00e7ati wind farm", "fuel": "wind", "mw": 16.0, "country": "TUR", "status": "operating"}}, {"type": "Feature", "id": 1063, "geometry": {"type": "Point", "coordinates": [27.709, 37.032]}, "properties": {"name": "Alap\u0131nar wind farm", "fuel": "wind", "mw": 9.0, "country": "TUR", "status": "planned"}}, {"type": "Feature", "id": 1064, "geometry": {"type": "Point", "coordinates": [28.421, 40.348]}, "properties": {"name": "Alares 2 wind farm", "fuel": "wind", "mw": 19.2, "country": "TUR", "status": "operating"}}, {"type": "Feature", "id": 1065, "geometry": {"type": "Point", "coordinates": [28.52, 38.352]}, "properties": {"name": "Alares wind farm", "fuel": "wind", "mw": 10.2, "country": "TUR", "status": "operating"}}, {"type": "Feature", "id": 1066, "geometry": {"type": "Point", "coordinates": [26.907, 38.813]}, "properties": {"name": "Alia\u011fa wind farm", "fuel": "wind", "mw": 9.6, "country": "TUR", "status": "operating"}}, {"type": "Feature", "id": 1067, "geometry": {"type": "Point", "coordinates": [26.907, 38.813]}, "properties": {"name": "Alia\u011fa wind farm", "fuel": "wind", "mw": 9.6, "country": "TUR", "status": "operating"}}, {"type": "Feature", "id": 1068, "geometry": {"type": "Point", "coordinates": [27.168, 39.376]}, "properties": {"name": "Alibey wind farm", "fuel": "wind", "mw": 18.0, "country": "TUR", "status": "operating"}}, {"type": "Feature", "id": 1069, "geometry": {"type": "Point", "coordinates": [27.168, 39.376]}, "properties": {"name": "Alibey wind farm", "fuel": "wind", "mw": 12.0, "country": "TUR", "status": "operating"}}, {"type": "Feature", "id": 1070, "geometry": {"type": "Point", "coordinates": [32.016, 38.085]}, "properties": {"name": "Alibeyh\u00fcy\u00fc\u011f\u00fc wind farm", "fuel": "wind", "mw": 3.5, "country": "TUR", "status": "operating"}}, {"type": "Feature", "id": 1071, "geometry": {"type": "Point", "coordinates": [36.113, 40.642]}, "properties": {"name": "Amasya (Altertif) wind farm", "fuel": "wind", "mw": 48.0, "country": "TUR", "status": "operating"}}, {"type": "Feature", "id": 1072, "geometry": {"type": "Point", "coordinates": [35.559, 40.928]}, "properties": {"name": "Amasya (Eksim) wind farm", "fuel": "wind", "mw": 40.0, "country": "TUR", "status": "operating"}}, {"type": "Feature", "id": 1073, "geometry": {"type": "Point", "coordinates": [35.559, 40.928]}, "properties": {"name": "Amasya (Eksim) wind farm", "fuel": "wind", "mw": 42.0, "country": "TUR", "status": "operating"}}, {"type": "Feature", "id": 1074, "geometry": {"type": "Point", "coordinates": [34.903, 37.52]}, "properties": {"name": "Andoz wind farm", "fuel": "wind", "mw": 32.0, "country": "TUR", "status": "operating"}}, {"type": "Feature", "id": 1075, "geometry": {"type": "Point", "coordinates": [38.513, 38.975]}, "properties": {"name": "Arapkir wind farm", "fuel": "wind", "mw": 12.0, "country": "TUR", "status": "operating"}}, {"type": "Feature", "id": 1076, "geometry": {"type": "Point", "coordinates": [32.791, 38.153]}, "properties": {"name": "Ardi\u00e7li wind farm", "fuel": "wind", "mw": 63.0, "country": "TUR", "status": "operating"}}, {"type": "Feature", "id": 1077, "geometry": {"type": "Point", "coordinates": [38.585, 38.115]}, "properties": {"name": "Arikonak wind farm", "fuel": "wind", "mw": 22.0, "country": "TUR", "status": "planned"}}, {"type": "Feature", "id": 1078, "geometry": {"type": "Point", "coordinates": [27.721, 37.045]}, "properties": {"name": "Armut\u00e7uk wind farm", "fuel": "wind", "mw": 84.0, "country": "TUR", "status": "planned"}}, {"type": "Feature", "id": 1079, "geometry": {"type": "Point", "coordinates": [27.714, 37.066]}, "properties": {"name": "Arturna wind farm", "fuel": "wind", "mw": 69.0, "country": "TUR", "status": "planned"}}, {"type": "Feature", "id": 1080, "geometry": {"type": "Point", "coordinates": [35.536, 40.933]}, "properties": {"name": "Arzu wind farm", "fuel": "wind", "mw": 11.0, "country": "TUR", "status": "operating"}}, {"type": "Feature", "id": 1081, "geometry": {"type": "Point", "coordinates": [33.532, 39.546]}, "properties": {"name": "Atakale wind farm", "fuel": "wind", "mw": 38.4, "country": "TUR", "status": "operating"}}, {"type": "Feature", "id": 1082, "geometry": {"type": "Point", "coordinates": [28.291, 40.375]}, "properties": {"name": "Atares-1 wind farm", "fuel": "wind", "mw": 71.0, "country": "TUR", "status": "operating"}}, {"type": "Feature", "id": 1083, "geometry": {"type": "Point", "coordinates": [28.412, 40.346]}, "properties": {"name": "Atares-2 wind farm", "fuel": "wind", "mw": 86.2, "country": "TUR", "status": "operating"}}, {"type": "Feature", "id": 1084, "geometry": {"type": "Point", "coordinates": [35.57, 37.968]}, "properties": {"name": "Atasa wind farm", "fuel": "wind", "mw": 24.0, "country": "TUR", "status": "planned"}}, {"type": "Feature", "id": 1085, "geometry": {"type": "Point", "coordinates": [36.202, 36.494]}, "properties": {"name": "Atik wind farm", "fuel": "wind", "mw": 18.0, "country": "TUR", "status": "operating"}}, {"type": "Feature", "id": 1086, "geometry": {"type": "Point", "coordinates": [28.39, 41.27]}, "properties": {"name": "Aydos wind farm", "fuel": "wind", "mw": 25.0, "country": "TUR", "status": "operating"}}, {"type": "Feature", "id": 1087, "geometry": {"type": "Point", "coordinates": [27.883, 40.354]}, "properties": {"name": "Ayyildiz wind farm", "fuel": "wind", "mw": 15.0, "country": "TUR", "status": "operating"}}, {"type": "Feature", "id": 1088, "geometry": {"type": "Point", "coordinates": [27.89, 40.358]}, "properties": {"name": "Ayyildiz wind farm", "fuel": "wind", "mw": 13.0, "country": "TUR", "status": "operating"}}, {"type": "Feature", "id": 1089, "geometry": {"type": "Point", "coordinates": [27.458, 37.558]}, "properties": {"name": "Bafa wind farm", "fuel": "wind", "mw": 39.0, "country": "TUR", "status": "operating"}}, {"type": "Feature", "id": 1090, "geometry": {"type": "Point", "coordinates": [27.662, 37.724]}, "properties": {"name": "Bagarasi wind farm", "fuel": "wind", "mw": 48.0, "country": "TUR", "status": "operating"}}, {"type": "Feature", "id": 1091, "geometry": {"type": "Point", "coordinates": [42.826, 38.313]}, "properties": {"name": "Baglama wind farm", "fuel": "wind", "mw": 53.0, "country": "TUR", "status": "operating"}}, {"type": "Feature", "id": 1092, "geometry": {"type": "Point", "coordinates": [32.7, 38.123]}, "properties": {"name": "Baglar wind farm", "fuel": "wind", "mw": 79.0, "country": "TUR", "status": "operating"}}, {"type": "Feature", "id": 1093, "geometry": {"type": "Point", "coordinates": [32.7, 38.123]}, "properties": {"name": "Baglar wind farm", "fuel": "wind", "mw": 14.0, "country": "TUR", "status": "operating"}}, {"type": "Feature", "id": 1094, "geometry": {"type": "Point", "coordinates": [27.621, 41.12]}, "properties": {"name": "Balabanli wind farm", "fuel": "wind", "mw": 50.6, "country": "TUR", "status": "operating"}}, {"type": "Feature", "id": 1095, "geometry": {"type": "Point", "coordinates": [27.629, 41.109]}, "properties": {"name": "Balabanli wind farm", "fuel": "wind", "mw": 36.0, "country": "TUR", "status": "operating"}}, {"type": "Feature", "id": 1096, "geometry": {"type": "Point", "coordinates": [28.056, 39.761]}, "properties": {"name": "Balikesir wind farm", "fuel": "wind", "mw": 143.0, "country": "TUR", "status": "operating"}}, {"type": "Feature", "id": 1097, "geometry": {"type": "Point", "coordinates": [27.896, 41.648]}, "properties": {"name": "Balkaya wind farm", "fuel": "wind", "mw": 260.0, "country": "TUR", "status": "planned"}}, {"type": "Feature", "id": 1098, "geometry": {"type": "Point", "coordinates": [28.097, 40.369]}, "properties": {"name": "Bandirma (Bilgin) wind farm", "fuel": "wind", "mw": 30.0, "country": "TUR", "status": "operating"}}, {"type": "Feature", "id": 1099, "geometry": {"type": "Point", "coordinates": [28.097, 40.369]}, "properties": {"name": "Bandirma (Bilgin) wind farm", "fuel": "wind", "mw": 16.0, "country": "TUR", "status": "operating"}}, {"type": "Feature", "id": 1100, "geometry": {"type": "Point", "coordinates": [28.148, 40.367]}, "properties": {"name": "Bandirma (Borusan) wind farm", "fuel": "wind", "mw": 28.0, "country": "TUR", "status": "operating"}}, {"type": "Feature", "id": 1101, "geometry": {"type": "Point", "coordinates": [28.148, 40.367]}, "properties": {"name": "Bandirma (Borusan) wind farm", "fuel": "wind", "mw": 39.0, "country": "TUR", "status": "operating"}}, {"type": "Feature", "id": 1102, "geometry": {"type": "Point", "coordinates": [28.148, 40.367]}, "properties": {"name": "Bandirma (Borusan) wind farm", "fuel": "wind", "mw": 21.0, "country": "TUR", "status": "operating"}}, {"type": "Feature", "id": 1103, "geometry": {"type": "Point", "coordinates": [27.857, 40.27]}, "properties": {"name": "Bandirma-3 (Bursa) wind farm", "fuel": "wind", "mw": 25.0, "country": "TUR", "status": "operating"}}, {"type": "Feature", "id": 1104, "geometry": {"type": "Point", "coordinates": [27.857, 40.27]}, "properties": {"name": "Bandirma-3 (Bursa) wind farm", "fuel": "wind", "mw": 17.0, "country": "TUR", "status": "operating"}}, {"type": "Feature", "id": 1105, "geometry": {"type": "Point", "coordinates": [27.302, 40.791]}, "properties": {"name": "Barbaros wind farm", "fuel": "wind", "mw": 12.0, "country": "TUR", "status": "operating"}}, {"type": "Feature", "id": 1106, "geometry": {"type": "Point", "coordinates": [37.757, 40.559]}, "properties": {"name": "Bayir wind farm", "fuel": "wind", "mw": 11.0, "country": "TUR", "status": "planned"}}, {"type": "Feature", "id": 1107, "geometry": {"type": "Point", "coordinates": [36.189, 36.486]}, "properties": {"name": "Belen wind farm", "fuel": "wind", "mw": 30.0, "country": "TUR", "status": "operating"}}, {"type": "Feature", "id": 1108, "geometry": {"type": "Point", "coordinates": [36.189, 36.486]}, "properties": {"name": "Belen wind farm", "fuel": "wind", "mw": 6.0, "country": "TUR", "status": "operating"}}, {"type": "Feature", "id": 1109, "geometry": {"type": "Point", "coordinates": [36.189, 36.486]}, "properties": {"name": "Belen wind farm", "fuel": "wind", "mw": 12.0, "country": "TUR", "status": "operating"}}, {"type": "Feature", "id": 1110, "geometry": {"type": "Point", "coordinates": [37.343, 40.558]}, "properties": {"name": "Bereketli wind farm", "fuel": "wind", "mw": 32.0, "country": "TUR", "status": "operating"}}, {"type": "Feature", "id": 1111, "geometry": {"type": "Point", "coordinates": [27.232, 38.96]}, "properties": {"name": "Berg wind farm (T\u00fcrkiye)", "fuel": "wind", "mw": 70.0, "country": "TUR", "status": "operating"}}, {"type": "Feature", "id": 1112, "geometry": {"type": "Point", "coordinates": [27.194, 38.929]}, "properties": {"name": "Bergama (Bilgin) wind farm", "fuel": "wind", "mw": 90.0, "country": "TUR", "status": "operating"}}, {"type": "Feature", "id": 1113, "geometry": {"type": "Point", "coordinates": [27.194, 38.929]}, "properties": {"name": "Bergama (Bilgin) wind farm", "fuel": "wind", "mw": 30.0, "country": "TUR", "status": "operating"}}, {"type": "Feature", "id": 1114, "geometry": {"type": "Point", "coordinates": [27.086, 39.153]}, "properties": {"name": "Bergama (Vento) wind farm", "fuel": "wind", "mw": 25.0, "country": "TUR", "status": "operating"}}, {"type": "Feature", "id": 1115, "geometry": {"type": "Point", "coordinates": [27.172, 40.402]}, "properties": {"name": "Biga wind farm", "fuel": "wind", "mw": 61.0, "country": "TUR", "status": "operating"}}, {"type": "Feature", "id": 1116, "geometry": {"type": "Point", "coordinates": [25.972, 39.833]}, "properties": {"name": "Bozcaada wind farm", "fuel": "wind", "mw": 10.0, "country": "TUR", "status": "operating"}}, {"type": "Feature", "id": 1117, "geometry": {"type": "Point", "coordinates": [29.842, 39.868]}, "properties": {"name": "Bozuy\u00fck wind farm", "fuel": "wind", "mw": 90.0, "country": "TUR", "status": "operating"}}, {"type": "Feature", "id": 1118, "geometry": {"type": "Point", "coordinates": [26.947, 38.749]}, "properties": {"name": "Bozyaka wind farm", "fuel": "wind", "mw": 12.0, "country": "TUR", "status": "operating"}}, {"type": "Feature", "id": 1119, "geometry": {"type": "Point", "coordinates": [26.583, 40.388]}, "properties": {"name": "Burgaz wind farm", "fuel": "wind", "mw": 14.9, "country": "TUR", "status": "operating"}}, {"type": "Feature", "id": 1120, "geometry": {"type": "Point", "coordinates": [29.126, 40.534]}, "properties": {"name": "\u00c7akil wind farm", "fuel": "wind", "mw": 16.0, "country": "TUR", "status": "operating"}}, {"type": "Feature", "id": 1121, "geometry": {"type": "Point", "coordinates": [29.126, 40.534]}, "properties": {"name": "\u00c7akil wind farm", "fuel": "wind", "mw": 28.0, "country": "TUR", "status": "operating"}}, {"type": "Feature", "id": 1122, "geometry": {"type": "Point", "coordinates": [26.227, 39.866]}, "properties": {"name": "\u00c7akkale wind farm", "fuel": "wind", "mw": 30.0, "country": "TUR", "status": "operating"}}, {"type": "Feature", "id": 1123, "geometry": {"type": "Point", "coordinates": [32.326, 38.121]}, "properties": {"name": "\u00c7aminbasi wind farm", "fuel": "wind", "mw": 28.0, "country": "TUR", "status": "operating"}}, {"type": "Feature", "id": 1124, "geometry": {"type": "Point", "coordinates": [26.177, 39.891]}, "properties": {"name": "\u00c7amseki wind farm", "fuel": "wind", "mw": 20.0, "country": "TUR", "status": "operating"}}, {"type": "Feature", "id": 1125, "geometry": {"type": "Point", "coordinates": [26.177, 39.891]}, "properties": {"name": "\u00c7amseki wind farm", "fuel": "wind", "mw": 42.0, "country": "TUR", "status": "operating"}}, {"type": "Feature", "id": 1126, "geometry": {"type": "Point", "coordinates": [26.856, 38.974]}, "properties": {"name": "\u00c7andarli wind farm", "fuel": "wind", "mw": 36.0, "country": "TUR", "status": "operating"}}, {"type": "Feature", "id": 1127, "geometry": {"type": "Point", "coordinates": [28.057, 41.124]}, "properties": {"name": "\u00c7anta wind farm", "fuel": "wind", "mw": 48.0, "country": "TUR", "status": "operating"}}, {"type": "Feature", "id": 1128, "geometry": {"type": "Point", "coordinates": [28.433, 41.15]}, "properties": {"name": "\u00c7atalca wind farm", "fuel": "wind", "mw": 60.0, "country": "TUR", "status": "operating"}}, {"type": "Feature", "id": 1129, "geometry": {"type": "Point", "coordinates": [28.433, 41.15]}, "properties": {"name": "\u00c7atalca wind farm", "fuel": "wind", "mw": 34.0, "country": "TUR", "status": "operating"}}, {"type": "Feature", "id": 1130, "geometry": {"type": "Point", "coordinates": [28.105, 39.706]}, "properties": {"name": "\u00c7aypir wind farm", "fuel": "wind", "mw": 25.0, "country": "TUR", "status": "operating"}}, {"type": "Feature", "id": 1131, "geometry": {"type": "Point", "coordinates": [28.82, 40.359]}, "properties": {"name": "\u00c7epni wind farm", "fuel": "wind", "mw": 11.0, "country": "TUR", "status": "planned"}}, {"type": "Feature", "id": 1132, "geometry": {"type": "Point", "coordinates": [36.117, 36.434]}, "properties": {"name": "\u00c7er\u00e7ikaya wind farm", "fuel": "wind", "mw": 57.0, "country": "TUR", "status": "operating"}}, {"type": "Feature", "id": 1133, "geometry": {"type": "Point", "coordinates": [37.299, 37.724]}, "properties": {"name": "Cerit wind farm", "fuel": "wind", "mw": 58.0, "country": "TUR", "status": "operating"}}, {"type": "Feature", "id": 1134, "geometry": {"type": "Point", "coordinates": [37.331, 37.722]}, "properties": {"name": "Cerit wind farm", "fuel": "wind", "mw": 35.0, "country": "TUR", "status": "operating"}}, {"type": "Feature", "id": 1135, "geometry": {"type": "Point", "coordinates": [26.325, 38.299]}, "properties": {"name": "\u00c7esme wind farm", "fuel": "wind", "mw": 18.0, "country": "TUR", "status": "operating"}}, {"type": "Feature", "id": 1136, "geometry": {"type": "Point", "coordinates": [33.417, 36.773]}, "properties": {"name": "Dagpazari (Enerjisa) wind farm", "fuel": "wind", "mw": 39.0, "country": "TUR", "status": "operating"}}, {"type": "Feature", "id": 1137, "geometry": {"type": "Point", "coordinates": [27.696, 36.78]}, "properties": {"name": "Dares Dat\u00e7a wind farm", "fuel": "wind", "mw": 22.0, "country": "TUR", "status": "operating"}}, {"type": "Feature", "id": 1138, "geometry": {"type": "Point", "coordinates": [27.696, 36.78]}, "properties": {"name": "Dares Dat\u00e7a wind farm", "fuel": "wind", "mw": 12.0, "country": "TUR", "status": "operating"}}, {"type": "Feature", "id": 1139, "geometry": {"type": "Point", "coordinates": [27.633, 36.761]}, "properties": {"name": "Dares Dat\u00e7a wind farm", "fuel": "wind", "mw": 12.0, "country": "TUR", "status": "operating"}}, {"type": "Feature", "id": 1140, "geometry": {"type": "Point", "coordinates": [36.668, 37.244]}, "properties": {"name": "Demirciler wind farm", "fuel": "wind", "mw": 23.0, "country": "TUR", "status": "operating"}}, {"type": "Feature", "id": 1141, "geometry": {"type": "Point", "coordinates": [26.731, 38.239]}, "properties": {"name": "Demircili wind farm", "fuel": "wind", "mw": 7.5, "country": "TUR", "status": "operating"}}, {"type": "Feature", "id": 1142, "geometry": {"type": "Point", "coordinates": [26.741, 38.241]}, "properties": {"name": "Demircili wind farm", "fuel": "wind", "mw": 32.0, "country": "TUR", "status": "operating"}}, {"type": "Feature", "id": 1143, "geometry": {"type": "Point", "coordinates": [28.808, 37.778]}, "properties": {"name": "Denizli wind farm", "fuel": "wind", "mw": 75.0, "country": "TUR", "status": "operating"}}, {"type": "Feature", "id": 1144, "geometry": {"type": "Point", "coordinates": [40.314, 37.355]}, "properties": {"name": "Dicleres wind farm", "fuel": "wind", "mw": 60.0, "country": "TUR", "status": "planned"}}, {"type": "Feature", "id": 1145, "geometry": {"type": "Point", "coordinates": [36.465, 37.539]}, "properties": {"name": "Dilek wind farm", "fuel": "wind", "mw": 24.0, "country": "TUR", "status": "operating"}}, {"type": "Feature", "id": 1146, "geometry": {"type": "Point", "coordinates": [30.137, 38.155]}, "properties": {"name": "Dir wind farm", "fuel": "wind", "mw": 50.6, "country": "TUR", "status": "operating"}}, {"type": "Feature", "id": 1147, "geometry": {"type": "Point", "coordinates": [30.137, 38.155]}, "properties": {"name": "Dir wind farm", "fuel": "wind", "mw": 27.6, "country": "TUR", "status": "operating"}}, {"type": "Feature", "id": 1148, "geometry": {"type": "Point", "coordinates": [30.136, 38.154]}, "properties": {"name": "Dir wind farm", "fuel": "wind", "mw": 36.8, "country": "TUR", "status": "operating"}}, {"type": "Feature", "id": 1149, "geometry": {"type": "Point", "coordinates": [30.135, 38.155]}, "properties": {"name": "Dir wind farm", "fuel": "wind", "mw": 77.0, "country": "TUR", "status": "operating"}}, {"type": "Feature", "id": 1150, "geometry": {"type": "Point", "coordinates": [30.135, 38.155]}, "properties": {"name": "Dir wind farm", "fuel": "wind", "mw": 8.3, "country": "TUR", "status": "operating"}}, {"type": "Feature", "id": 1151, "geometry": {"type": "Point", "coordinates": [28.459, 41.146]}, "properties": {"name": "Dirkshof Universal wind farm", "fuel": "wind", "mw": 211.2, "country": "TUR", "status": "operating"}}, {"type": "Feature", "id": 1152, "geometry": {"type": "Point", "coordinates": [27.029, 39.042]}, "properties": {"name": "D\u00fczova wind farm", "fuel": "wind", "mw": 15.0, "country": "TUR", "status": "operating"}}, {"type": "Feature", "id": 1153, "geometry": {"type": "Point", "coordinates": [27.029, 39.042]}, "properties": {"name": "D\u00fczova wind farm", "fuel": "wind", "mw": 15.0, "country": "TUR", "status": "operating"}}, {"type": "Feature", "id": 1154, "geometry": {"type": "Point", "coordinates": [27.029, 39.042]}, "properties": {"name": "D\u00fczova wind farm", "fuel": "wind", "mw": 5.5, "country": "TUR", "status": "operating"}}, {"type": "Feature", "id": 1155, "geometry": {"type": "Point", "coordinates": [27.029, 39.042]}, "properties": {"name": "D\u00fczova wind farm", "fuel": "wind", "mw": 5.5, "country": "TUR", "status": "operating"}}, {"type": "Feature", "id": 1156, "geometry": {"type": "Point", "coordinates": [27.029, 39.042]}, "properties": {"name": "D\u00fczova wind farm", "fuel": "wind", "mw": 11.0, "country": "TUR", "status": "operating"}}, {"type": "Feature", "id": 1157, "geometry": {"type": "Point", "coordinates": [30.396, 38.46]}, "properties": {"name": "Eber wind farm", "fuel": "wind", "mw": 39.0, "country": "TUR", "status": "operating"}}, {"type": "Feature", "id": 1158, "geometry": {"type": "Point", "coordinates": [27.845, 40.337]}, "properties": {"name": "Edincik wind farm", "fuel": "wind", "mw": 30.0, "country": "TUR", "status": "operating"}}, {"type": "Feature", "id": 1159, "geometry": {"type": "Point", "coordinates": [27.845, 40.337]}, "properties": {"name": "Edincik wind farm", "fuel": "wind", "mw": 26.0, "country": "TUR", "status": "operating"}}, {"type": "Feature", "id": 1160, "geometry": {"type": "Point", "coordinates": [27.845, 40.337]}, "properties": {"name": "Edincik wind farm", "fuel": "wind", "mw": 21.0, "country": "TUR", "status": "operating"}}, {"type": "Feature", "id": 1161, "geometry": {"type": "Point", "coordinates": [26.315, 40.685]}, "properties": {"name": "Edirne wind farm", "fuel": "wind", "mw": 295.0, "country": "TUR", "status": "planned"}}, {"type": "Feature", "id": 1162, "geometry": {"type": "Point", "coordinates": [27.172, 41.973]}, "properties": {"name": "Elmac\u0131k wind farm", "fuel": "wind", "mw": 70.0, "country": "TUR", "status": "planned"}}, {"type": "Feature", "id": 1163, "geometry": {"type": "Point", "coordinates": [33.652, 36.311]}, "properties": {"name": "Elmali (Peker) wind farm", "fuel": "wind", "mw": 30.0, "country": "TUR", "status": "operating"}}, {"type": "Feature", "id": 1164, "geometry": {"type": "Point", "coordinates": [33.646, 36.282]}, "properties": {"name": "Elmali (Suryapi) wind farm", "fuel": "wind", "mw": 10.0, "country": "TUR", "status": "operating"}}, {"type": "Feature", "id": 1165, "geometry": {"type": "Point", "coordinates": [26.566, 38.454]}, "properties": {"name": "Emres wind farm", "fuel": "wind", "mw": 2.3, "country": "TUR", "status": "planned"}}, {"type": "Feature", "id": 1166, "geometry": {"type": "Point", "coordinates": [26.197, 40.722]}, "properties": {"name": "Enez wind farm", "fuel": "wind", "mw": 15.0, "country": "TUR", "status": "operating"}}, {"type": "Feature", "id": 1167, "geometry": {"type": "Point", "coordinates": [26.197, 40.722]}, "properties": {"name": "Enez wind farm", "fuel": "wind", "mw": 6.6, "country": "TUR", "status": "operating"}}, {"type": "Feature", "id": 1168, "geometry": {"type": "Point", "coordinates": [28.129, 41.396]}, "properties": {"name": "Ertan wind farm", "fuel": "wind", "mw": 4.2, "country": "TUR", "status": "planned"}}, {"type": "Feature", "id": 1169, "geometry": {"type": "Point", "coordinates": [29.016, 40.583]}, "properties": {"name": "Esenk\u00f6y wind farm", "fuel": "wind", "mw": 32.0, "country": "TUR", "status": "operating"}}, {"type": "Feature", "id": 1170, "geometry": {"type": "Point", "coordinates": [30.419, 39.982]}, "properties": {"name": "Eski\u015fehir wind farm", "fuel": "wind", "mw": 50.0, "country": "TUR", "status": "planned"}}, {"type": "Feature", "id": 1171, "geometry": {"type": "Point", "coordinates": [27.701, 41.655]}, "properties": {"name": "Evrencik wind farm", "fuel": "wind", "mw": 120.0, "country": "TUR", "status": "operating"}}, {"type": "Feature", "id": 1172, "geometry": {"type": "Point", "coordinates": [28.455, 37.247]}, "properties": {"name": "Fatma wind farm", "fuel": "wind", "mw": 80.0, "country": "TUR", "status": "operating"}}, {"type": "Feature", "id": 1173, "geometry": {"type": "Point", "coordinates": [35.004, 41.66]}, "properties": {"name": "Fener wind farm", "fuel": "wind", "mw": 5.1, "country": "TUR", "status": "operating"}}, {"type": "Feature", "id": 1174, "geometry": {"type": "Point", "coordinates": [27.526, 38.346]}, "properties": {"name": "Fuat wind farm", "fuel": "wind", "mw": 20.0, "country": "TUR", "status": "operating"}}, {"type": "Feature", "id": 1175, "geometry": {"type": "Point", "coordinates": [27.526, 38.346]}, "properties": {"name": "Fuat wind farm", "fuel": "wind", "mw": 14.0, "country": "TUR", "status": "operating"}}, {"type": "Feature", "id": 1176, "geometry": {"type": "Point", "coordinates": [26.731, 39.908]}, "properties": {"name": "Gazi-9 wind farm", "fuel": "wind", "mw": 67.0, "country": "TUR", "status": "operating"}}, {"type": "Feature", "id": 1177, "geometry": {"type": "Point", "coordinates": [28.199, 41.292]}, "properties": {"name": "Gaziosmanpasa wind farm", "fuel": "wind", "mw": 50.0, "country": "TUR", "status": "operating"}}, {"type": "Feature", "id": 1178, "geometry": {"type": "Point", "coordinates": [28.199, 41.292]}, "properties": {"name": "Gaziosmanpasa wind farm", "fuel": "wind", "mw": 12.8, "country": "TUR", "status": "planned"}}, {"type": "Feature", "id": 1179, "geometry": {"type": "Point", "coordinates": [27.901, 39.203]}, "properties": {"name": "Ge wind farm", "fuel": "wind", "mw": 28.0, "country": "TUR", "status": "operating"}}, {"type": "Feature", "id": 1180, "geometry": {"type": "Point", "coordinates": [28.348, 41.102]}, "properties": {"name": "Gelgit wind farm", "fuel": "wind", "mw": 50.0, "country": "TUR", "status": "planned"}}, {"type": "Feature", "id": 1181, "geometry": {"type": "Point", "coordinates": [26.907, 40.269]}, "properties": {"name": "Gelibolu (Rt) wind farm", "fuel": "wind", "mw": 30.0, "country": "TUR", "status": "operating"}}, {"type": "Feature", "id": 1182, "geometry": {"type": "Point", "coordinates": [26.421, 39.635]}, "properties": {"name": "Gelibolu (Yelen) wind farm", "fuel": "wind", "mw": 11.0, "country": "TUR", "status": "operating"}}, {"type": "Feature", "id": 1183, "geometry": {"type": "Point", "coordinates": [27.899, 39.209]}, "properties": {"name": "Geres wind farm", "fuel": "wind", "mw": 30.0, "country": "TUR", "status": "operating"}}, {"type": "Feature", "id": 1184, "geometry": {"type": "Point", "coordinates": [27.282, 37.076]}, "properties": {"name": "Geris wind farm", "fuel": "wind", "mw": 12.0, "country": "TUR", "status": "operating"}}, {"type": "Feature", "id": 1185, "geometry": {"type": "Point", "coordinates": [26.438, 38.328]}, "properties": {"name": "Germiyan wind farm", "fuel": "wind", "mw": 12.0, "country": "TUR", "status": "operating"}}, {"type": "Feature", "id": 1186, "geometry": {"type": "Point", "coordinates": [34.441, 39.124]}, "properties": {"name": "Geycek wind farm", "fuel": "wind", "mw": 15.0, "country": "TUR", "status": "operating"}}, {"type": "Feature", "id": 1187, "geometry": {"type": "Point", "coordinates": [34.441, 39.124]}, "properties": {"name": "Geycek wind farm", "fuel": "wind", "mw": 90.0, "country": "TUR", "status": "operating"}}, {"type": "Feature", "id": 1188, "geometry": {"type": "Point", "coordinates": [34.441, 39.124]}, "properties": {"name": "Geycek wind farm", "fuel": "wind", "mw": 15.0, "country": "TUR", "status": "operating"}}, {"type": "Feature", "id": 1189, "geometry": {"type": "Point", "coordinates": [34.441, 39.124]}, "properties": {"name": "Geycek wind farm", "fuel": "wind", "mw": 48.0, "country": "TUR", "status": "operating"}}, {"type": "Feature", "id": 1190, "geometry": {"type": "Point", "coordinates": [30.45, 40.566]}, "properties": {"name": "Geyve wind farm", "fuel": "wind", "mw": 50.0, "country": "TUR", "status": "operating"}}, {"type": "Feature", "id": 1191, "geometry": {"type": "Point", "coordinates": [39.781, 39.066]}, "properties": {"name": "G\u00f6k wind farm", "fuel": "wind", "mw": 36.0, "country": "TUR", "status": "operating"}}, {"type": "Feature", "id": 1192, "geometry": {"type": "Point", "coordinates": [36.664, 37.168]}, "properties": {"name": "G\u00f6k\u00e7edag wind farm", "fuel": "wind", "mw": 135.0, "country": "TUR", "status": "operating"}}, {"type": "Feature", "id": 1193, "geometry": {"type": "Point", "coordinates": [30.288, 41.134]}, "properties": {"name": "G\u00f6kdag wind farm", "fuel": "wind", "mw": 10.0, "country": "TUR", "status": "operating"}}, {"type": "Feature", "id": 1194, "geometry": {"type": "Point", "coordinates": [28.87, 40.562]}, "properties": {"name": "G\u00f6ktepe wind farm", "fuel": "wind", "mw": 121.1, "country": "TUR", "status": "operating"}}, {"type": "Feature", "id": 1195, "geometry": {"type": "Point", "coordinates": [27.177, 38.454]}, "properties": {"name": "G\u00f6kzirve wind farm", "fuel": "wind", "mw": 25.2, "country": "TUR", "status": "operating"}}, {"type": "Feature", "id": 1196, "geometry": {"type": "Point", "coordinates": [34.623, 41.134]}, "properties": {"name": "Greif wind farm", "fuel": "wind", "mw": 1.2, "country": "TUR", "status": "operating"}}, {"type": "Feature", "id": 1197, "geometry": {"type": "Point", "coordinates": [26.447, 39.979]}, "properties": {"name": "G\u00fclpir wind farm", "fuel": "wind", "mw": 10.0, "country": "TUR", "status": "operating"}}, {"type": "Feature", "id": 1198, "geometry": {"type": "Point", "coordinates": [26.447, 39.979]}, "properties": {"name": "G\u00fclpir wind farm", "fuel": "wind", "mw": 24.0, "country": "TUR", "status": "operating"}}, {"type": "Feature", "id": 1199, "geometry": {"type": "Point", "coordinates": [29.134, 40.202]}, "properties": {"name": "G\u00fcndogdu wind farm", "fuel": "wind", "mw": 9.6, "country": "TUR", "status": "operating"}}, {"type": "Feature", "id": 1200, "geometry": {"type": "Point", "coordinates": [28.538, 40.303]}, "properties": {"name": "G\u00fcney wind farm", "fuel": "wind", "mw": 74.0, "country": "TUR", "status": "operating"}}, {"type": "Feature", "id": 1201, "geometry": {"type": "Point", "coordinates": [28.265, 41.449]}, "properties": {"name": "Istanbul wind farm", "fuel": "wind", "mw": 200.0, "country": "TUR", "status": "operating"}}, {"type": "Feature", "id": 1202, "geometry": {"type": "Point", "coordinates": [37.313, 38.887]}, "properties": {"name": "G\u00fcr\u00fcn wind farm", "fuel": "wind", "mw": 90.0, "country": "TUR", "status": "planned"}}, {"type": "Feature", "id": 1203, "geometry": {"type": "Point", "coordinates": [28.01, 39.974]}, "properties": {"name": "G\u00fcydin wind farm", "fuel": "wind", "mw": 12.0, "country": "TUR", "status": "operating"}}, {"type": "Feature", "id": 1204, "geometry": {"type": "Point", "coordinates": [28.009, 39.973]}, "properties": {"name": "G\u00fcydin wind farm", "fuel": "wind", "mw": 8.3, "country": "TUR", "status": "operating"}}, {"type": "Feature", "id": 1205, "geometry": {"type": "Point", "coordinates": [28.338, 41.41]}, "properties": {"name": "Hac\u0131 Bey wind farm", "fuel": "wind", "mw": 68.8, "country": "TUR", "status": "operating"}}, {"type": "Feature", "id": 1206, "geometry": {"type": "Point", "coordinates": [35.035, 41.666]}, "properties": {"name": "Hamsi wind farm", "fuel": "wind", "mw": 35.0, "country": "TUR", "status": "operating"}}, {"type": "Feature", "id": 1207, "geometry": {"type": "Point", "coordinates": [26.677, 41.96]}, "properties": {"name": "Hamzabeyli wind farm", "fuel": "wind", "mw": 25.2, "country": "TUR", "status": "operating"}}, {"type": "Feature", "id": 1208, "geometry": {"type": "Point", "coordinates": [28.53, 40.345]}, "properties": {"name": "Harmanlik wind farm", "fuel": "wind", "mw": 55.0, "country": "TUR", "status": "operating"}}, {"type": "Feature", "id": 1209, "geometry": {"type": "Point", "coordinates": [36.58, 37.107]}, "properties": {"name": "Hasanbeyli wind farm", "fuel": "wind", "mw": 50.0, "country": "TUR", "status": "operating"}}, {"type": "Feature", "id": 1210, "geometry": {"type": "Point", "coordinates": [26.377, 40.017]}, "properties": {"name": "Hasanoba wind farm", "fuel": "wind", "mw": 51.0, "country": "TUR", "status": "operating"}}, {"type": "Feature", "id": 1211, "geometry": {"type": "Point", "coordinates": [27.14, 39.52]}, "properties": {"name": "Havran wind farm", "fuel": "wind", "mw": 16.0, "country": "TUR", "status": "operating"}}, {"type": "Feature", "id": 1212, "geometry": {"type": "Point", "coordinates": [27.14, 39.52]}, "properties": {"name": "Havran wind farm", "fuel": "wind", "mw": 12.0, "country": "TUR", "status": "operating"}}, {"type": "Feature", "id": 1213, "geometry": {"type": "Point", "coordinates": [35.547, 40.96]}, "properties": {"name": "Havza wind farm", "fuel": "wind", "mw": 14.0, "country": "TUR", "status": "operating"}}, {"type": "Feature", "id": 1214, "geometry": {"type": "Point", "coordinates": [35.547, 40.96]}, "properties": {"name": "Havza wind farm", "fuel": "wind", "mw": 42.0, "country": "TUR", "status": "operating"}}, {"type": "Feature", "id": 1215, "geometry": {"type": "Point", "coordinates": [27.162, 40.405]}, "properties": {"name": "\u0130\u00e7da\u015f Biga wind farm", "fuel": "wind", "mw": 60.8, "country": "TUR", "status": "operating"}}, {"type": "Feature", "id": 1216, "geometry": {"type": "Point", "coordinates": [30.329, 38.09]}, "properties": {"name": "Incesu wind farm", "fuel": "wind", "mw": 13.0, "country": "TUR", "status": "operating"}}, {"type": "Feature", "id": 1217, "geometry": {"type": "Point", "coordinates": [30.329, 38.09]}, "properties": {"name": "Incesu wind farm", "fuel": "wind", "mw": 16.0, "country": "TUR", "status": "operating"}}, {"type": "Feature", "id": 1218, "geometry": {"type": "Point", "coordinates": [26.393, 40.04]}, "properties": {"name": "Intepe wind farm", "fuel": "wind", "mw": 23.0, "country": "TUR", "status": "operating"}}, {"type": "Feature", "id": 1219, "geometry": {"type": "Point", "coordinates": [26.393, 40.04]}, "properties": {"name": "Intepe wind farm", "fuel": "wind", "mw": 16.0, "country": "TUR", "status": "operating"}}, {"type": "Feature", "id": 1220, "geometry": {"type": "Point", "coordinates": [43.684, 39.626]}, "properties": {"name": "\u0130pektepe wind farm", "fuel": "wind", "mw": 24.0, "country": "TUR", "status": "operating"}}, {"type": "Feature", "id": 1221, "geometry": {"type": "Point", "coordinates": [29.413, 39.039]}, "properties": {"name": "I\u015f\u0131klar wind farm", "fuel": "wind", "mw": 50.0, "country": "TUR", "status": "operating"}}, {"type": "Feature", "id": 1222, "geometry": {"type": "Point", "coordinates": [29.071, 41.123]}, "properties": {"name": "Istanbul (Caba) wind farm", "fuel": "wind", "mw": 24.0, "country": "TUR", "status": "operating"}}, {"type": "Feature", "id": 1223, "geometry": {"type": "Point", "coordinates": [29.071, 41.123]}, "properties": {"name": "Istanbul (Caba) wind farm", "fuel": "wind", "mw": 187.0, "country": "TUR", "status": "operating"}}, {"type": "Feature", "id": 1224, "geometry": {"type": "Point", "coordinates": [27.722, 40.09]}, "properties": {"name": "Kalfak\u00f6y wind farm", "fuel": "wind", "mw": 10.0, "country": "TUR", "status": "operating"}}, {"type": "Feature", "id": 1225, "geometry": {"type": "Point", "coordinates": [30.045, 41.115]}, "properties": {"name": "Kandira wind farm", "fuel": "wind", "mw": 49.0, "country": "TUR", "status": "operating"}}, {"type": "Feature", "id": 1226, "geometry": {"type": "Point", "coordinates": [37.275, 39.03]}, "properties": {"name": "Kangal wind farm", "fuel": "wind", "mw": 44.0, "country": "TUR", "status": "operating"}}, {"type": "Feature", "id": 1227, "geometry": {"type": "Point", "coordinates": [37.275, 39.03]}, "properties": {"name": "Kangal wind farm", "fuel": "wind", "mw": 34.0, "country": "TUR", "status": "operating"}}, {"type": "Feature", "id": 1228, "geometry": {"type": "Point", "coordinates": [37.275, 39.03]}, "properties": {"name": "Kangal wind farm", "fuel": "wind", "mw": 50.0, "country": "TUR", "status": "operating"}}, {"type": "Feature", "id": 1229, "geometry": {"type": "Point", "coordinates": [26.878, 41.126]}, "properties": {"name": "Kanije wind farm", "fuel": "wind", "mw": 64.0, "country": "TUR", "status": "operating"}}, {"type": "Feature", "id": 1230, "geometry": {"type": "Point", "coordinates": [27.705, 40.498]}, "properties": {"name": "Kapidag wind farm", "fuel": "wind", "mw": 24.0, "country": "TUR", "status": "operating"}}, {"type": "Feature", "id": 1231, "geometry": {"type": "Point", "coordinates": [27.702, 40.496]}, "properties": {"name": "Kapidag wind farm", "fuel": "wind", "mw": 4.0, "country": "TUR", "status": "operating"}}, {"type": "Feature", "id": 1232, "geometry": {"type": "Point", "coordinates": [26.443, 38.643]}, "properties": {"name": "Karaburun wind farm (T\u00fcrkiye)", "fuel": "wind", "mw": 104.0, "country": "TUR", "status": "operating"}}, {"type": "Feature", "id": 1233, "geometry": {"type": "Point", "coordinates": [26.443, 38.643]}, "properties": {"name": "Karaburun wind farm (T\u00fcrkiye)", "fuel": "wind", "mw": 28.0, "country": "TUR", "status": "operating"}}, {"type": "Feature", "id": 1234, "geometry": {"type": "Point", "coordinates": [26.443, 38.643]}, "properties": {"name": "Karaburun wind farm (T\u00fcrkiye)", "fuel": "wind", "mw": 60.0, "country": "TUR", "status": "operating"}}, {"type": "Feature", "id": 1235, "geometry": {"type": "Point", "coordinates": [26.443, 38.643]}, "properties": {"name": "Karaburun wind farm (T\u00fcrkiye)", "fuel": "wind", "mw": 60.0, "country": "TUR", "status": "operating"}}, {"type": "Feature", "id": 1236, "geometry": {"type": "Point", "coordinates": [28.364, 40.299]}, "properties": {"name": "Karacabey wind farm", "fuel": "wind", "mw": 30.0, "country": "TUR", "status": "operating"}}, {"type": "Feature", "id": 1237, "geometry": {"type": "Point", "coordinates": [36.997, 39.943]}, "properties": {"name": "Karacayir wind farm", "fuel": "wind", "mw": 13.0, "country": "TUR", "status": "operating"}}, {"type": "Feature", "id": 1238, "geometry": {"type": "Point", "coordinates": [26.291, 38.307]}, "properties": {"name": "Karadag (Boyut) wind farm", "fuel": "wind", "mw": 18.0, "country": "TUR", "status": "operating"}}, {"type": "Feature", "id": 1239, "geometry": {"type": "Point", "coordinates": [26.918, 38.758]}, "properties": {"name": "Karadag (Gama) wind farm", "fuel": "wind", "mw": 10.0, "country": "TUR", "status": "operating"}}, {"type": "Feature", "id": 1240, "geometry": {"type": "Point", "coordinates": [27.485, 41.893]}, "properties": {"name": "Karadere wind farm", "fuel": "wind", "mw": 16.0, "country": "TUR", "status": "operating"}}, {"type": "Feature", "id": 1241, "geometry": {"type": "Point", "coordinates": [27.822, 39.101]}, "properties": {"name": "Karakurt wind farm", "fuel": "wind", "mw": 11.0, "country": "TUR", "status": "operating"}}, {"type": "Feature", "id": 1242, "geometry": {"type": "Point", "coordinates": [27.822, 39.101]}, "properties": {"name": "Karakurt wind farm", "fuel": "wind", "mw": 12.0, "country": "TUR", "status": "operating"}}, {"type": "Feature", "id": 1243, "geometry": {"type": "Point", "coordinates": [33.555, 36.977]}, "properties": {"name": "Karaman wind farm", "fuel": "wind", "mw": 46.8, "country": "TUR", "status": "operating"}}, {"type": "Feature", "id": 1244, "geometry": {"type": "Point", "coordinates": [29.685, 40.65]}, "properties": {"name": "Karam\u00fcrsel wind farm", "fuel": "wind", "mw": 15.6, "country": "TUR", "status": "operating"}}, {"type": "Feature", "id": 1245, "geometry": {"type": "Point", "coordinates": [27.019, 40.741]}, "properties": {"name": "Karatepe wind farm", "fuel": "wind", "mw": 14.0, "country": "TUR", "status": "operating"}}, {"type": "Feature", "id": 1246, "geometry": {"type": "Point", "coordinates": [30.108, 36.458]}, "properties": {"name": "Karlitepe wind farm", "fuel": "wind", "mw": 35.0, "country": "TUR", "status": "operating"}}, {"type": "Feature", "id": 1247, "geometry": {"type": "Point", "coordinates": [27.654, 37.056]}, "properties": {"name": "Karova wind farm", "fuel": "wind", "mw": 20.0, "country": "TUR", "status": "operating"}}, {"type": "Feature", "id": 1248, "geometry": {"type": "Point", "coordinates": [27.654, 37.056]}, "properties": {"name": "Karova wind farm", "fuel": "wind", "mw": 10.0, "country": "TUR", "status": "operating"}}, {"type": "Feature", "id": 1249, "geometry": {"type": "Point", "coordinates": [36.93, 37.157]}, "properties": {"name": "Kartaldagi wind farm", "fuel": "wind", "mw": 66.0, "country": "TUR", "status": "operating"}}, {"type": "Feature", "id": 1250, "geometry": {"type": "Point", "coordinates": [27.831, 39.721]}, "properties": {"name": "Kavakli wind farm", "fuel": "wind", "mw": 53.0, "country": "TUR", "status": "operating"}}, {"type": "Feature", "id": 1251, "geometry": {"type": "Point", "coordinates": [35.456, 40.873]}, "properties": {"name": "Kayad\u00fcz\u00fc wind farm", "fuel": "wind", "mw": 82.0, "country": "TUR", "status": "operating"}}, {"type": "Feature", "id": 1252, "geometry": {"type": "Point", "coordinates": [28.051, 39.961]}, "properties": {"name": "Keltepe wind farm", "fuel": "wind", "mw": 21.0, "country": "TUR", "status": "operating"}}, {"type": "Feature", "id": 1253, "geometry": {"type": "Point", "coordinates": [28.053, 39.955]}, "properties": {"name": "Keltepe wind farm", "fuel": "wind", "mw": 2.3, "country": "TUR", "status": "operating"}}, {"type": "Feature", "id": 1254, "geometry": {"type": "Point", "coordinates": [28.053, 39.955]}, "properties": {"name": "Keltepe wind farm", "fuel": "wind", "mw": 6.9, "country": "TUR", "status": "operating"}}, {"type": "Feature", "id": 1255, "geometry": {"type": "Point", "coordinates": [28.692, 41.238]}, "properties": {"name": "Kemerburgaz wind farm", "fuel": "wind", "mw": 24.0, "country": "TUR", "status": "operating"}}, {"type": "Feature", "id": 1256, "geometry": {"type": "Point", "coordinates": [27.362, 39.059]}, "properties": {"name": "Kinik wind farm", "fuel": "wind", "mw": 54.0, "country": "TUR", "status": "operating"}}, {"type": "Feature", "id": 1257, "geometry": {"type": "Point", "coordinates": [28.423, 38.094]}, "properties": {"name": "Kirazli (Rt) wind farm", "fuel": "wind", "mw": 34.0, "country": "TUR", "status": "operating"}}, {"type": "Feature", "id": 1258, "geometry": {"type": "Point", "coordinates": [28.423, 38.094]}, "properties": {"name": "Kirazli (T\u00fcrkerler) wind farm", "fuel": "wind", "mw": 19.0, "country": "TUR", "status": "operating"}}, {"type": "Feature", "id": 1259, "geometry": {"type": "Point", "coordinates": [27.657, 39.068]}, "properties": {"name": "Kirkaga\u00e7 wind farm", "fuel": "wind", "mw": 46.0, "country": "TUR", "status": "operating"}}, {"type": "Feature", "id": 1260, "geometry": {"type": "Point", "coordinates": [28.062, 41.679]}, "properties": {"name": "Kiyik\u00f6y (Borusan) wind farm", "fuel": "wind", "mw": 28.0, "country": "TUR", "status": "operating"}}, {"type": "Feature", "id": 1261, "geometry": {"type": "Point", "coordinates": [28.062, 41.679]}, "properties": {"name": "Kiyik\u00f6y (Borusan) wind farm", "fuel": "wind", "mw": 65.0, "country": "TUR", "status": "operating"}}, {"type": "Feature", "id": 1262, "geometry": {"type": "Point", "coordinates": [28.016, 41.506]}, "properties": {"name": "Kiyik\u00f6y (Ece-Tur) wind farm", "fuel": "wind", "mw": 45.0, "country": "TUR", "status": "operating"}}, {"type": "Feature", "id": 1263, "geometry": {"type": "Point", "coordinates": [27.039, 40.65]}, "properties": {"name": "Kizilcaterzi wind farm", "fuel": "wind", "mw": 15.0, "country": "TUR", "status": "operating"}}, {"type": "Feature", "id": 1264, "geometry": {"type": "Point", "coordinates": [36.561, 40.17]}, "properties": {"name": "K\u0131ll\u0131k wind farm", "fuel": "wind", "mw": 94.0, "country": "TUR", "status": "operating"}}, {"type": "Feature", "id": 1265, "geometry": {"type": "Point", "coordinates": [26.584, 38.292]}, "properties": {"name": "Kocada\u011f-2 wind farm", "fuel": "wind", "mw": 25.0, "country": "TUR", "status": "operating"}}, {"type": "Feature", "id": 1266, "geometry": {"type": "Point", "coordinates": [26.812, 40.12]}, "properties": {"name": "Kocalar wind farm", "fuel": "wind", "mw": 31.0, "country": "TUR", "status": "operating"}}, {"type": "Feature", "id": 1267, "geometry": {"type": "Point", "coordinates": [30.371, 38.49]}, "properties": {"name": "Kocatepe wind farm", "fuel": "wind", "mw": 48.0, "country": "TUR", "status": "operating"}}, {"type": "Feature", "id": 1268, "geometry": {"type": "Point", "coordinates": [30.371, 38.49]}, "properties": {"name": "Kocatepe wind farm", "fuel": "wind", "mw": 52.0, "country": "TUR", "status": "operating"}}, {"type": "Feature", "id": 1269, "geometry": {"type": "Point", "coordinates": [37.331, 38.985]}, "properties": {"name": "Konakp\u0131nar wind farm", "fuel": "wind", "mw": 14.7, "country": "TUR", "status": "operating"}}, {"type": "Feature", "id": 1270, "geometry": {"type": "Point", "coordinates": [26.588, 38.288]}, "properties": {"name": "Kores wind farm", "fuel": "wind", "mw": 15.0, "country": "TUR", "status": "operating"}}, {"type": "Feature", "id": 1271, "geometry": {"type": "Point", "coordinates": [26.588, 38.288]}, "properties": {"name": "Kores wind farm", "fuel": "wind", "mw": 7.5, "country": "TUR", "status": "operating"}}, {"type": "Feature", "id": 1272, "geometry": {"type": "Point", "coordinates": [26.758, 38.255]}, "properties": {"name": "Korkmaz wind farm", "fuel": "wind", "mw": 25.0, "country": "TUR", "status": "operating"}}, {"type": "Feature", "id": 1273, "geometry": {"type": "Point", "coordinates": [26.784, 40.229]}, "properties": {"name": "Koru wind farm", "fuel": "wind", "mw": 55.0, "country": "TUR", "status": "operating"}}, {"type": "Feature", "id": 1274, "geometry": {"type": "Point", "coordinates": [26.959, 40.759]}, "properties": {"name": "Koruda\u011f\u0131 wind farm", "fuel": "wind", "mw": 14.4, "country": "TUR", "status": "planned"}}, {"type": "Feature", "id": 1275, "geometry": {"type": "Point", "coordinates": [26.432, 39.948]}, "properties": {"name": "K\u00f6seler wind farm", "fuel": "wind", "mw": 71.0, "country": "TUR", "status": "operating"}}, {"type": "Feature", "id": 1276, "geometry": {"type": "Point", "coordinates": [26.871, 38.713]}, "properties": {"name": "Kozbeyli wind farm", "fuel": "wind", "mw": 23.0, "country": "TUR", "status": "operating"}}, {"type": "Feature", "id": 1277, "geometry": {"type": "Point", "coordinates": [26.871, 38.713]}, "properties": {"name": "Kozbeyli wind farm", "fuel": "wind", "mw": 13.0, "country": "TUR", "status": "operating"}}, {"type": "Feature", "id": 1278, "geometry": {"type": "Point", "coordinates": [28.415, 41.207]}, "properties": {"name": "K\u00fcptepe wind farm", "fuel": "wind", "mw": 11.7, "country": "TUR", "status": "operating"}}, {"type": "Feature", "id": 1279, "geometry": {"type": "Point", "coordinates": [29.027, 40.577]}, "properties": {"name": "K\u00fcrekdagi wind farm", "fuel": "wind", "mw": 36.0, "country": "TUR", "status": "operating"}}, {"type": "Feature", "id": 1280, "geometry": {"type": "Point", "coordinates": [33.511, 36.352]}, "properties": {"name": "Kurtini wind farm", "fuel": "wind", "mw": 14.0, "country": "TUR", "status": "operating"}}, {"type": "Feature", "id": 1281, "geometry": {"type": "Point", "coordinates": [35.479, 38.054]}, "properties": {"name": "Kurtkayasi wind farm", "fuel": "wind", "mw": 46.0, "country": "TUR", "status": "operating"}}, {"type": "Feature", "id": 1282, "geometry": {"type": "Point", "coordinates": [27.407, 37.817]}, "properties": {"name": "Ku\u015fadas\u0131 wind farm", "fuel": "wind", "mw": 103.5, "country": "TUR", "status": "operating"}}, {"type": "Feature", "id": 1283, "geometry": {"type": "Point", "coordinates": [27.935, 39.308]}, "properties": {"name": "Kuyucak wind farm", "fuel": "wind", "mw": 28.0, "country": "TUR", "status": "operating"}}, {"type": "Feature", "id": 1284, "geometry": {"type": "Point", "coordinates": [27.935, 39.308]}, "properties": {"name": "Kuyucak wind farm", "fuel": "wind", "mw": 12.0, "country": "TUR", "status": "operating"}}, {"type": "Feature", "id": 1285, "geometry": {"type": "Point", "coordinates": [27.935, 39.308]}, "properties": {"name": "Kuyucak wind farm", "fuel": "wind", "mw": 1.8, "country": "TUR", "status": "operating"}}, {"type": "Feature", "id": 1286, "geometry": {"type": "Point", "coordinates": [32.356, 38.138]}, "properties": {"name": "Kuyulukoyak wind farm", "fuel": "wind", "mw": 16.0, "country": "TUR", "status": "operating"}}, {"type": "Feature", "id": 1287, "geometry": {"type": "Point", "coordinates": [28.372, 37.311]}, "properties": {"name": "Lodos wind farm", "fuel": "wind", "mw": 50.0, "country": "TUR", "status": "planned"}}, {"type": "Feature", "id": 1288, "geometry": {"type": "Point", "coordinates": [28.182, 37.636]}, "properties": {"name": "Madranbaba wind farm", "fuel": "wind", "mw": 20.0, "country": "TUR", "status": "operating"}}, {"type": "Feature", "id": 1289, "geometry": {"type": "Point", "coordinates": [29.01, 40.579]}, "properties": {"name": "Manast\u0131r-Esenk\u00f6y wind farm", "fuel": "wind", "mw": 43.1, "country": "TUR", "status": "operating"}}, {"type": "Feature", "id": 1290, "geometry": {"type": "Point", "coordinates": [26.47, 38.277]}, "properties": {"name": "Mare Mastir wind farm", "fuel": "wind", "mw": 14.0, "country": "TUR", "status": "operating"}}, {"type": "Feature", "id": 1291, "geometry": {"type": "Point", "coordinates": [26.47, 38.277]}, "properties": {"name": "Mare Mastir wind farm", "fuel": "wind", "mw": 13.0, "country": "TUR", "status": "operating"}}, {"type": "Feature", "id": 1292, "geometry": {"type": "Point", "coordinates": [26.47, 38.277]}, "properties": {"name": "Mare Mastir wind farm", "fuel": "wind", "mw": 26.0, "country": "TUR", "status": "operating"}}, {"type": "Feature", "id": 1293, "geometry": {"type": "Point", "coordinates": [26.729, 39.857]}, "properties": {"name": "Maslaktepe wind farm", "fuel": "wind", "mw": 23.0, "country": "TUR", "status": "operating"}}, {"type": "Feature", "id": 1294, "geometry": {"type": "Point", "coordinates": [26.437, 38.236]}, "properties": {"name": "Mazi wind farm", "fuel": "wind", "mw": 30.0, "country": "TUR", "status": "operating"}}, {"type": "Feature", "id": 1295, "geometry": {"type": "Point", "coordinates": [35.263, 39.802]}, "properties": {"name": "Menek\u015fe wind farm", "fuel": "wind", "mw": 20.0, "country": "TUR", "status": "planned"}}, {"type": "Feature", "id": 1296, "geometry": {"type": "Point", "coordinates": [33.228, 36.73]}, "properties": {"name": "Mersin Mut wind farm", "fuel": "wind", "mw": 42.0, "country": "TUR", "status": "operating"}}, {"type": "Feature", "id": 1297, "geometry": {"type": "Point", "coordinates": [33.228, 36.73]}, "properties": {"name": "Mersin Mut wind farm", "fuel": "wind", "mw": 21.0, "country": "TUR", "status": "operating"}}, {"type": "Feature", "id": 1298, "geometry": {"type": "Point", "coordinates": [27.48, 38.295]}, "properties": {"name": "Mersinli wind farm", "fuel": "wind", "mw": 62.0, "country": "TUR", "status": "operating"}}, {"type": "Feature", "id": 1299, "geometry": {"type": "Point", "coordinates": [30.064, 40.198]}, "properties": {"name": "Meryem (Rt) wind farm", "fuel": "wind", "mw": 30.0, "country": "TUR", "status": "operating"}}, {"type": "Feature", "id": 1300, "geometry": {"type": "Point", "coordinates": [30.064, 40.198]}, "properties": {"name": "Meryem (T\u00fcrkerler) wind farm", "fuel": "wind", "mw": 11.0, "country": "TUR", "status": "operating"}}, {"type": "Feature", "id": 1301, "geometry": {"type": "Point", "coordinates": [41.009, 39.296]}, "properties": {"name": "Metafor wind farm", "fuel": "wind", "mw": 49.7, "country": "TUR", "status": "operating"}}, {"type": "Feature", "id": 1302, "geometry": {"type": "Point", "coordinates": [30.182, 39.913]}, "properties": {"name": "Metristepe wind farm", "fuel": "wind", "mw": 40.0, "country": "TUR", "status": "operating"}}, {"type": "Feature", "id": 1303, "geometry": {"type": "Point", "coordinates": [42.176, 38.519]}, "properties": {"name": "Miskevank wind farm", "fuel": "wind", "mw": 4.8, "country": "TUR", "status": "operating"}}, {"type": "Feature", "id": 1304, "geometry": {"type": "Point", "coordinates": [26.573, 38.522]}, "properties": {"name": "Mordogan (Ayen) wind farm", "fuel": "wind", "mw": 32.0, "country": "TUR", "status": "operating"}}, {"type": "Feature", "id": 1305, "geometry": {"type": "Point", "coordinates": [26.596, 38.489]}, "properties": {"name": "Mordogan (Egenda) wind farm", "fuel": "wind", "mw": 15.0, "country": "TUR", "status": "operating"}}, {"type": "Feature", "id": 1306, "geometry": {"type": "Point", "coordinates": [33.223, 36.93]}, "properties": {"name": "Mut wind farm", "fuel": "wind", "mw": 55.0, "country": "TUR", "status": "operating"}}, {"type": "Feature", "id": 1307, "geometry": {"type": "Point", "coordinates": [32.55, 38.149]}, "properties": {"name": "Mutlu 5 wind farm", "fuel": "wind", "mw": 47.0, "country": "TUR", "status": "operating"}}, {"type": "Feature", "id": 1308, "geometry": {"type": "Point", "coordinates": [41.4, 39.833]}, "properties": {"name": "Nenehatun wind farm", "fuel": "wind", "mw": 50.0, "country": "TUR", "status": "planned"}}, {"type": "Feature", "id": 1309, "geometry": {"type": "Point", "coordinates": [27.794, 38.06]}, "properties": {"name": "\u00d6demis wind farm", "fuel": "wind", "mw": 21.0, "country": "TUR", "status": "operating"}}, {"type": "Feature", "id": 1310, "geometry": {"type": "Point", "coordinates": [27.794, 38.06]}, "properties": {"name": "\u00d6demis wind farm", "fuel": "wind", "mw": 21.0, "country": "TUR", "status": "operating"}}, {"type": "Feature", "id": 1311, "geometry": {"type": "Point", "coordinates": [28.239, 41.186]}, "properties": {"name": "\u00d6merli wind farm", "fuel": "wind", "mw": 100.0, "country": "TUR", "status": "operating"}}, {"type": "Feature", "id": 1312, "geometry": {"type": "Point", "coordinates": [36.089, 36.378]}, "properties": {"name": "Orhanl\u0131 wind farm", "fuel": "wind", "mw": 12.0, "country": "TUR", "status": "operating"}}, {"type": "Feature", "id": 1313, "geometry": {"type": "Point", "coordinates": [27.138, 38.934]}, "properties": {"name": "\u00d6rlemis wind farm", "fuel": "wind", "mw": 28.0, "country": "TUR", "status": "operating"}}, {"type": "Feature", "id": 1314, "geometry": {"type": "Point", "coordinates": [27.812, 39.641]}, "properties": {"name": "Ortamandira wind farm", "fuel": "wind", "mw": 11.0, "country": "TUR", "status": "operating"}}, {"type": "Feature", "id": 1315, "geometry": {"type": "Point", "coordinates": [28.123, 38.028]}, "properties": {"name": "Ova wind farm", "fuel": "wind", "mw": 18.0, "country": "TUR", "status": "operating"}}, {"type": "Feature", "id": 1316, "geometry": {"type": "Point", "coordinates": [27.167, 38.961]}, "properties": {"name": "Ovacik (Eksim) wind farm", "fuel": "wind", "mw": 25.0, "country": "TUR", "status": "operating"}}, {"type": "Feature", "id": 1317, "geometry": {"type": "Point", "coordinates": [26.346, 38.282]}, "properties": {"name": "Ovacik wind farm", "fuel": "wind", "mw": 28.8, "country": "TUR", "status": "operating"}}, {"type": "Feature", "id": 1318, "geometry": {"type": "Point", "coordinates": [36.12, 36.386]}, "properties": {"name": "\u00d6zbek wind farm", "fuel": "wind", "mw": 29.0, "country": "TUR", "status": "operating"}}, {"type": "Feature", "id": 1319, "geometry": {"type": "Point", "coordinates": [30.347, 40.546]}, "properties": {"name": "Pamukova wind farm", "fuel": "wind", "mw": 23.0, "country": "TUR", "status": "operating"}}, {"type": "Feature", "id": 1320, "geometry": {"type": "Point", "coordinates": [27.453, 39.813]}, "properties": {"name": "Pazark\u00f6y wind farm", "fuel": "wind", "mw": 46.0, "country": "TUR", "status": "operating"}}, {"type": "Feature", "id": 1321, "geometry": {"type": "Point", "coordinates": [26.581, 38.476]}, "properties": {"name": "Petkim wind farm", "fuel": "wind", "mw": 9.6, "country": "TUR", "status": "operating"}}, {"type": "Feature", "id": 1322, "geometry": {"type": "Point", "coordinates": [26.907, 38.815]}, "properties": {"name": "Petkim wind farm", "fuel": "wind", "mw": 51.0, "country": "TUR", "status": "operating"}}, {"type": "Feature", "id": 1323, "geometry": {"type": "Point", "coordinates": [28.268, 39.898]}, "properties": {"name": "Poyraz (M\u00f6n) wind farm", "fuel": "wind", "mw": 32.0, "country": "TUR", "status": "operating"}}, {"type": "Feature", "id": 1324, "geometry": {"type": "Point", "coordinates": [28.117, 39.757]}, "properties": {"name": "Poyraz (Polat) wind farm", "fuel": "wind", "mw": 58.0, "country": "TUR", "status": "operating"}}, {"type": "Feature", "id": 1325, "geometry": {"type": "Point", "coordinates": [28.117, 39.757]}, "properties": {"name": "Poyraz (Polat) wind farm", "fuel": "wind", "mw": 14.0, "country": "TUR", "status": "operating"}}, {"type": "Feature", "id": 1326, "geometry": {"type": "Point", "coordinates": [28.364, 39.838]}, "properties": {"name": "Poyrazg\u00f6l\u00fc (Demirer) wind farm", "fuel": "wind", "mw": 13.0, "country": "TUR", "status": "operating"}}, {"type": "Feature", "id": 1327, "geometry": {"type": "Point", "coordinates": [28.364, 39.838]}, "properties": {"name": "Poyrazg\u00f6l\u00fc (Ortadogu) wind farm", "fuel": "wind", "mw": 13.0, "country": "TUR", "status": "operating"}}, {"type": "Feature", "id": 1328, "geometry": {"type": "Point", "coordinates": [26.302, 39.715]}, "properties": {"name": "Sa wind farm", "fuel": "wind", "mw": 25.0, "country": "TUR", "status": "operating"}}, {"type": "Feature", "id": 1329, "geometry": {"type": "Point", "coordinates": [26.942, 40.753]}, "properties": {"name": "Sadilli wind farm", "fuel": "wind", "mw": 38.0, "country": "TUR", "status": "operating"}}, {"type": "Feature", "id": 1330, "geometry": {"type": "Point", "coordinates": [28.217, 40.375]}, "properties": {"name": "Sah wind farm", "fuel": "wind", "mw": 93.0, "country": "TUR", "status": "operating"}}, {"type": "Feature", "id": 1331, "geometry": {"type": "Point", "coordinates": [28.217, 40.375]}, "properties": {"name": "Sah wind farm", "fuel": "wind", "mw": 12.0, "country": "TUR", "status": "operating"}}, {"type": "Feature", "id": 1332, "geometry": {"type": "Point", "coordinates": [26.387, 38.629]}, "properties": {"name": "Salman wind farm", "fuel": "wind", "mw": 28.0, "country": "TUR", "status": "operating"}}, {"type": "Feature", "id": 1333, "geometry": {"type": "Point", "coordinates": [27.866, 39.934]}, "properties": {"name": "Samli wind farm", "fuel": "wind", "mw": 90.0, "country": "TUR", "status": "operating"}}, {"type": "Feature", "id": 1334, "geometry": {"type": "Point", "coordinates": [27.866, 39.934]}, "properties": {"name": "Samli wind farm", "fuel": "wind", "mw": 22.0, "country": "TUR", "status": "operating"}}, {"type": "Feature", "id": 1335, "geometry": {"type": "Point", "coordinates": [27.866, 39.934]}, "properties": {"name": "Samli wind farm", "fuel": "wind", "mw": 14.0, "country": "TUR", "status": "operating"}}, {"type": "Feature", "id": 1336, "geometry": {"type": "Point", "coordinates": [27.095, 38.723]}, "properties": {"name": "Samurlu wind farm", "fuel": "wind", "mw": 32.0, "country": "TUR", "status": "operating"}}, {"type": "Feature", "id": 1337, "geometry": {"type": "Point", "coordinates": [27.095, 38.723]}, "properties": {"name": "Samurlu wind farm", "fuel": "wind", "mw": 12.0, "country": "TUR", "status": "operating"}}, {"type": "Feature", "id": 1338, "geometry": {"type": "Point", "coordinates": [27.333, 39.642]}, "properties": {"name": "\u015eapda\u011f\u0131 wind farm", "fuel": "wind", "mw": 60.4, "country": "TUR", "status": "operating"}}, {"type": "Feature", "id": 1339, "geometry": {"type": "Point", "coordinates": [27.0, 40.628]}, "properties": {"name": "Sarikaya wind farm", "fuel": "wind", "mw": 28.8, "country": "TUR", "status": "operating"}}, {"type": "Feature", "id": 1340, "geometry": {"type": "Point", "coordinates": [36.685, 37.193]}, "properties": {"name": "Saritepe (Akfen) wind farm", "fuel": "wind", "mw": 57.0, "country": "TUR", "status": "operating"}}, {"type": "Feature", "id": 1341, "geometry": {"type": "Point", "coordinates": [36.573, 37.197]}, "properties": {"name": "Sar\u0131tepe (Zorlu) wind farm", "fuel": "wind", "mw": 80.0, "country": "TUR", "status": "operating"}}, {"type": "Feature", "id": 1342, "geometry": {"type": "Point", "coordinates": [26.649, 40.082]}, "properties": {"name": "Saros wind farm", "fuel": "wind", "mw": 61.0, "country": "TUR", "status": "operating"}}, {"type": "Feature", "id": 1343, "geometry": {"type": "Point", "coordinates": [26.649, 40.082]}, "properties": {"name": "Saros wind farm", "fuel": "wind", "mw": 77.0, "country": "TUR", "status": "operating"}}, {"type": "Feature", "id": 1344, "geometry": {"type": "Point", "coordinates": [27.701, 37.44]}, "properties": {"name": "Sarpege wind farm", "fuel": "wind", "mw": 10.0, "country": "TUR", "status": "planned"}}, {"type": "Feature", "id": 1345, "geometry": {"type": "Point", "coordinates": [26.406, 38.658]}, "properties": {"name": "Sarpincik wind farm", "fuel": "wind", "mw": 32.0, "country": "TUR", "status": "operating"}}, {"type": "Feature", "id": 1346, "geometry": {"type": "Point", "coordinates": [27.949, 39.199]}, "properties": {"name": "Sayalar wind farm", "fuel": "wind", "mw": 34.0, "country": "TUR", "status": "operating"}}, {"type": "Feature", "id": 1347, "geometry": {"type": "Point", "coordinates": [27.949, 39.199]}, "properties": {"name": "Sayalar wind farm", "fuel": "wind", "mw": 16.0, "country": "TUR", "status": "operating"}}, {"type": "Feature", "id": 1348, "geometry": {"type": "Point", "coordinates": [36.014, 36.065]}, "properties": {"name": "Sebenoba wind farm", "fuel": "wind", "mw": 28.0, "country": "TUR", "status": "operating"}}, {"type": "Feature", "id": 1349, "geometry": {"type": "Point", "coordinates": [36.014, 36.065]}, "properties": {"name": "Sebenoba wind farm", "fuel": "wind", "mw": 15.0, "country": "TUR", "status": "operating"}}, {"type": "Feature", "id": 1350, "geometry": {"type": "Point", "coordinates": [26.782, 38.222]}, "properties": {"name": "Seferihisar (\u00dcst) wind farm", "fuel": "wind", "mw": 21.0, "country": "TUR", "status": "operating"}}, {"type": "Feature", "id": 1351, "geometry": {"type": "Point", "coordinates": [26.812, 38.212]}, "properties": {"name": "Seferihisari (Eksim) wind farm", "fuel": "wind", "mw": 21.0, "country": "TUR", "status": "operating"}}, {"type": "Feature", "id": 1352, "geometry": {"type": "Point", "coordinates": [26.862, 40.343]}, "properties": {"name": "Selin4 wind farm", "fuel": "wind", "mw": 10.0, "country": "TUR", "status": "planned"}}, {"type": "Feature", "id": 1353, "geometry": {"type": "Point", "coordinates": [36.264, 36.455]}, "properties": {"name": "Senb\u00fck (Tefirom) wind farm", "fuel": "wind", "mw": 15.0, "country": "TUR", "status": "operating"}}, {"type": "Feature", "id": 1354, "geometry": {"type": "Point", "coordinates": [36.264, 36.455]}, "properties": {"name": "Senb\u00fck (Tefirom) wind farm", "fuel": "wind", "mw": 20.0, "country": "TUR", "status": "operating"}}, {"type": "Feature", "id": 1355, "geometry": {"type": "Point", "coordinates": [36.222, 36.441]}, "properties": {"name": "Senb\u00fck (Zaf) wind farm", "fuel": "wind", "mw": 29.0, "country": "TUR", "status": "operating"}}, {"type": "Feature", "id": 1356, "geometry": {"type": "Point", "coordinates": [36.131, 36.053]}, "properties": {"name": "Senk\u00f6y wind farm", "fuel": "wind", "mw": 27.0, "country": "TUR", "status": "operating"}}, {"type": "Feature", "id": 1357, "geometry": {"type": "Point", "coordinates": [36.131, 36.053]}, "properties": {"name": "Senk\u00f6y wind farm", "fuel": "wind", "mw": 9.0, "country": "TUR", "status": "operating"}}, {"type": "Feature", "id": 1358, "geometry": {"type": "Point", "coordinates": [27.729, 41.745]}, "properties": {"name": "Sergen wind farm", "fuel": "wind", "mw": 145.0, "country": "TUR", "status": "planned"}}, {"type": "Feature", "id": 1359, "geometry": {"type": "Point", "coordinates": [33.539, 36.773]}, "properties": {"name": "Sertavul wind farm", "fuel": "wind", "mw": 32.0, "country": "TUR", "status": "operating"}}, {"type": "Feature", "id": 1360, "geometry": {"type": "Point", "coordinates": [27.174, 38.894]}, "properties": {"name": "Seyitali wind farm", "fuel": "wind", "mw": 30.0, "country": "TUR", "status": "operating"}}, {"type": "Feature", "id": 1361, "geometry": {"type": "Point", "coordinates": [27.174, 38.894]}, "properties": {"name": "Seyitali wind farm", "fuel": "wind", "mw": 5.5, "country": "TUR", "status": "operating"}}, {"type": "Feature", "id": 1362, "geometry": {"type": "Point", "coordinates": [27.174, 38.894]}, "properties": {"name": "Seyitali wind farm", "fuel": "wind", "mw": 6.0, "country": "TUR", "status": "operating"}}, {"type": "Feature", "id": 1363, "geometry": {"type": "Point", "coordinates": [27.321, 38.544]}, "properties": {"name": "Sibel wind farm", "fuel": "wind", "mw": 80.0, "country": "TUR", "status": "operating"}}, {"type": "Feature", "id": 1364, "geometry": {"type": "Point", "coordinates": [29.831, 40.985]}, "properties": {"name": "Sile wind farm", "fuel": "wind", "mw": 51.0, "country": "TUR", "status": "operating"}}, {"type": "Feature", "id": 1365, "geometry": {"type": "Point", "coordinates": [28.288, 41.17]}, "properties": {"name": "Silivri wind farm", "fuel": "wind", "mw": 45.0, "country": "TUR", "status": "operating"}}, {"type": "Feature", "id": 1366, "geometry": {"type": "Point", "coordinates": [28.288, 41.17]}, "properties": {"name": "Silivri wind farm", "fuel": "wind", "mw": 12.0, "country": "TUR", "status": "operating"}}, {"type": "Feature", "id": 1367, "geometry": {"type": "Point", "coordinates": [28.288, 41.17]}, "properties": {"name": "Silivri wind farm", "fuel": "wind", "mw": 38.4, "country": "TUR", "status": "planned"}}, {"type": "Feature", "id": 1368, "geometry": {"type": "Point", "coordinates": [38.605, 38.052]}, "properties": {"name": "Sincik wind farm", "fuel": "wind", "mw": 28.0, "country": "TUR", "status": "operating"}}, {"type": "Feature", "id": 1369, "geometry": {"type": "Point", "coordinates": [40.256, 40.516]}, "properties": {"name": "Soganli wind farm", "fuel": "wind", "mw": 32.0, "country": "TUR", "status": "operating"}}, {"type": "Feature", "id": 1370, "geometry": {"type": "Point", "coordinates": [27.392, 37.703]}, "properties": {"name": "S\u00f6ke (Abk) wind farm", "fuel": "wind", "mw": 30.0, "country": "TUR", "status": "operating"}}, {"type": "Feature", "id": 1371, "geometry": {"type": "Point", "coordinates": [27.334, 37.708]}, "properties": {"name": "S\u00f6ke (Bereket) wind farm", "fuel": "wind", "mw": 50.0, "country": "TUR", "status": "operating"}}, {"type": "Feature", "id": 1372, "geometry": {"type": "Point", "coordinates": [27.399, 37.811]}, "properties": {"name": "S\u00f6ke (Ulusoy) wind farm", "fuel": "wind", "mw": 38.0, "country": "TUR", "status": "operating"}}, {"type": "Feature", "id": 1373, "geometry": {"type": "Point", "coordinates": [27.399, 37.811]}, "properties": {"name": "S\u00f6ke (Ulusoy) wind farm", "fuel": "wind", "mw": 72.0, "country": "TUR", "status": "operating"}}, {"type": "Feature", "id": 1374, "geometry": {"type": "Point", "coordinates": [27.616, 39.268]}, "properties": {"name": "Soma (Bilgin) wind farm", "fuel": "wind", "mw": 90.0, "country": "TUR", "status": "operating"}}, {"type": "Feature", "id": 1375, "geometry": {"type": "Point", "coordinates": [27.616, 39.268]}, "properties": {"name": "Soma (Bilgin) wind farm", "fuel": "wind", "mw": 30.0, "country": "TUR", "status": "operating"}}, {"type": "Feature", "id": 1376, "geometry": {"type": "Point", "coordinates": [27.799, 39.256]}, "properties": {"name": "Soma (Polat) wind farm", "fuel": "wind", "mw": 45.0, "country": "TUR", "status": "operating"}}, {"type": "Feature", "id": 1377, "geometry": {"type": "Point", "coordinates": [27.799, 39.256]}, "properties": {"name": "Soma (Polat) wind farm", "fuel": "wind", "mw": 34.0, "country": "TUR", "status": "operating"}}, {"type": "Feature", "id": 1378, "geometry": {"type": "Point", "coordinates": [27.799, 39.256]}, "properties": {"name": "Soma (Polat) wind farm", "fuel": "wind", "mw": 41.0, "country": "TUR", "status": "operating"}}, {"type": "Feature", "id": 1379, "geometry": {"type": "Point", "coordinates": [27.799, 39.256]}, "properties": {"name": "Soma (Polat) wind farm", "fuel": "wind", "mw": 28.0, "country": "TUR", "status": "operating"}}, {"type": "Feature", "id": 1380, "geometry": {"type": "Point", "coordinates": [27.799, 39.256]}, "properties": {"name": "Soma (Polat) wind farm", "fuel": "wind", "mw": 64.0, "country": "TUR", "status": "operating"}}, {"type": "Feature", "id": 1381, "geometry": {"type": "Point", "coordinates": [27.799, 39.256]}, "properties": {"name": "Soma (Polat) wind farm", "fuel": "wind", "mw": 51.0, "country": "TUR", "status": "operating"}}, {"type": "Feature", "id": 1382, "geometry": {"type": "Point", "coordinates": [27.799, 39.256]}, "properties": {"name": "Soma (Polat) wind farm", "fuel": "wind", "mw": 16.0, "country": "TUR", "status": "operating"}}, {"type": "Feature", "id": 1383, "geometry": {"type": "Point", "coordinates": [27.799, 39.256]}, "properties": {"name": "Soma (Polat) wind farm", "fuel": "wind", "mw": 32.0, "country": "TUR", "status": "operating"}}, {"type": "Feature", "id": 1384, "geometry": {"type": "Point", "coordinates": [26.773, 41.947]}, "properties": {"name": "S\u00fcloglu wind farm", "fuel": "wind", "mw": 66.0, "country": "TUR", "status": "operating"}}, {"type": "Feature", "id": 1385, "geometry": {"type": "Point", "coordinates": [28.62, 41.13]}, "properties": {"name": "Sunj\u00fct wind farm", "fuel": "wind", "mw": 1.2, "country": "TUR", "status": "operating"}}, {"type": "Feature", "id": 1386, "geometry": {"type": "Point", "coordinates": [28.023, 39.809]}, "properties": {"name": "Susurluk wind farm", "fuel": "wind", "mw": 38.0, "country": "TUR", "status": "operating"}}, {"type": "Feature", "id": 1387, "geometry": {"type": "Point", "coordinates": [28.023, 39.809]}, "properties": {"name": "Susurluk wind farm", "fuel": "wind", "mw": 15.0, "country": "TUR", "status": "operating"}}, {"type": "Feature", "id": 1388, "geometry": {"type": "Point", "coordinates": [28.023, 39.809]}, "properties": {"name": "Susurluk wind farm", "fuel": "wind", "mw": 15.0, "country": "TUR", "status": "operating"}}, {"type": "Feature", "id": 1389, "geometry": {"type": "Point", "coordinates": [28.735, 40.108]}, "properties": {"name": "Taspinar wind farm", "fuel": "wind", "mw": 62.4, "country": "TUR", "status": "operating"}}, {"type": "Feature", "id": 1390, "geometry": {"type": "Point", "coordinates": [27.756, 39.799]}, "properties": {"name": "Tatlipinar wind farm", "fuel": "wind", "mw": 20.0, "country": "TUR", "status": "operating"}}, {"type": "Feature", "id": 1391, "geometry": {"type": "Point", "coordinates": [27.756, 39.799]}, "properties": {"name": "Tatlipinar wind farm", "fuel": "wind", "mw": 96.0, "country": "TUR", "status": "operating"}}, {"type": "Feature", "id": 1392, "geometry": {"type": "Point", "coordinates": [27.756, 39.799]}, "properties": {"name": "Tatlipinar wind farm", "fuel": "wind", "mw": 33.6, "country": "TUR", "status": "planned"}}, {"type": "Feature", "id": 1393, "geometry": {"type": "Point", "coordinates": [28.146, 41.38]}, "properties": {"name": "Tayakadin wind farm", "fuel": "wind", "mw": 51.0, "country": "TUR", "status": "operating"}}, {"type": "Feature", "id": 1394, "geometry": {"type": "Point", "coordinates": [28.444, 41.056]}, "properties": {"name": "Tepe wind farm", "fuel": "wind", "mw": 5.9, "country": "TUR", "status": "operating"}}, {"type": "Feature", "id": 1395, "geometry": {"type": "Point", "coordinates": [27.656, 38.032]}, "properties": {"name": "Tire wind farm", "fuel": "wind", "mw": 22.0, "country": "TUR", "status": "operating"}}, {"type": "Feature", "id": 1396, "geometry": {"type": "Point", "coordinates": [27.656, 38.032]}, "properties": {"name": "Tire wind farm", "fuel": "wind", "mw": 29.0, "country": "TUR", "status": "operating"}}, {"type": "Feature", "id": 1397, "geometry": {"type": "Point", "coordinates": [36.526, 40.175]}, "properties": {"name": "Tokat wind farm", "fuel": "wind", "mw": 40.0, "country": "TUR", "status": "operating"}}, {"type": "Feature", "id": 1398, "geometry": {"type": "Point", "coordinates": [36.526, 40.175]}, "properties": {"name": "Tokat wind farm", "fuel": "wind", "mw": 54.0, "country": "TUR", "status": "operating"}}, {"type": "Feature", "id": 1399, "geometry": {"type": "Point", "coordinates": [27.79, 37.457]}, "properties": {"name": "Turguttepe wind farm", "fuel": "wind", "mw": 24.0, "country": "TUR", "status": "operating"}}, {"type": "Feature", "id": 1400, "geometry": {"type": "Point", "coordinates": [26.96, 39.336]}, "properties": {"name": "Tuzla wind farm", "fuel": "wind", "mw": 7.5, "country": "TUR", "status": "operating"}}, {"type": "Feature", "id": 1401, "geometry": {"type": "Point", "coordinates": [26.651, 40.15]}, "properties": {"name": "\u00dc\u00e7pir wind farm", "fuel": "wind", "mw": 112.0, "country": "TUR", "status": "operating"}}, {"type": "Feature", "id": 1402, "geometry": {"type": "Point", "coordinates": [29.383, 39.911]}, "properties": {"name": "Ulu wind farm", "fuel": "wind", "mw": 120.4, "country": "TUR", "status": "operating"}}, {"type": "Feature", "id": 1403, "geometry": {"type": "Point", "coordinates": [30.389, 38.109]}, "properties": {"name": "Uluborlu wind farm", "fuel": "wind", "mw": 61.0, "country": "TUR", "status": "operating"}}, {"type": "Feature", "id": 1404, "geometry": {"type": "Point", "coordinates": [28.564, 39.652]}, "properties": {"name": "Umurlar wind farm", "fuel": "wind", "mw": 10.0, "country": "TUR", "status": "operating"}}, {"type": "Feature", "id": 1405, "geometry": {"type": "Point", "coordinates": [28.564, 39.652]}, "properties": {"name": "Umurlar wind farm", "fuel": "wind", "mw": 28.0, "country": "TUR", "status": "operating"}}, {"type": "Feature", "id": 1406, "geometry": {"type": "Point", "coordinates": [26.607, 38.319]}, "properties": {"name": "Urla (Egenda) wind farm", "fuel": "wind", "mw": 15.0, "country": "TUR", "status": "operating"}}, {"type": "Feature", "id": 1407, "geometry": {"type": "Point", "coordinates": [26.785, 38.294]}, "properties": {"name": "Urla (Sancak) wind farm", "fuel": "wind", "mw": 18.0, "country": "TUR", "status": "operating"}}, {"type": "Feature", "id": 1408, "geometry": {"type": "Point", "coordinates": [29.909, 38.83]}, "properties": {"name": "Usak (Arz) wind farm", "fuel": "wind", "mw": 54.0, "country": "TUR", "status": "operating"}}, {"type": "Feature", "id": 1409, "geometry": {"type": "Point", "coordinates": [27.346, 39.441]}, "properties": {"name": "Uygar wind farm", "fuel": "wind", "mw": 252.0, "country": "TUR", "status": "planned"}}, {"type": "Feature", "id": 1410, "geometry": {"type": "Point", "coordinates": [27.756, 41.671]}, "properties": {"name": "Vize-2 wind farm", "fuel": "wind", "mw": 58.0, "country": "TUR", "status": "operating"}}, {"type": "Feature", "id": 1411, "geometry": {"type": "Point", "coordinates": [27.756, 41.671]}, "properties": {"name": "Vize-2 wind farm", "fuel": "wind", "mw": 19.0, "country": "TUR", "status": "operating"}}, {"type": "Feature", "id": 1412, "geometry": {"type": "Point", "coordinates": [27.167, 38.59]}, "properties": {"name": "Yahselli wind farm", "fuel": "wind", "mw": 22.0, "country": "TUR", "status": "operating"}}, {"type": "Feature", "id": 1413, "geometry": {"type": "Point", "coordinates": [35.491, 38.113]}, "properties": {"name": "Yahyali (Bey\u00e7elik) wind farm", "fuel": "wind", "mw": 66.0, "country": "TUR", "status": "operating"}}, {"type": "Feature", "id": 1414, "geometry": {"type": "Point", "coordinates": [35.491, 38.113]}, "properties": {"name": "Yahyali (Bey\u00e7elik) wind farm", "fuel": "wind", "mw": 16.0, "country": "TUR", "status": "operating"}}, {"type": "Feature", "id": 1415, "geometry": {"type": "Point", "coordinates": [35.539, 38.161]}, "properties": {"name": "Yahyali (Sancak) wind farm", "fuel": "wind", "mw": 53.0, "country": "TUR", "status": "operating"}}, {"type": "Feature", "id": 1416, "geometry": {"type": "Point", "coordinates": [28.936, 40.584]}, "properties": {"name": "Yalova (Bereket) wind farm", "fuel": "wind", "mw": 54.0, "country": "TUR", "status": "operating"}}, {"type": "Feature", "id": 1417, "geometry": {"type": "Point", "coordinates": [28.991, 40.556]}, "properties": {"name": "Selimiye wind farm", "fuel": "wind", "mw": 53.0, "country": "TUR", "status": "operating"}}, {"type": "Feature", "id": 1418, "geometry": {"type": "Point", "coordinates": [28.266, 41.273]}, "properties": {"name": "Yama\u00e7tepe wind farm", "fuel": "wind", "mw": 33.0, "country": "TUR", "status": "operating"}}, {"type": "Feature", "id": 1419, "geometry": {"type": "Point", "coordinates": [28.396, 40.237]}, "properties": {"name": "Yar\u0131\u015f wind farm", "fuel": "wind", "mw": 45.0, "country": "TUR", "status": "planned"}}, {"type": "Feature", "id": 1420, "geometry": {"type": "Point", "coordinates": [26.452, 38.588]}, "properties": {"name": "Yaylak\u00f6y wind farm", "fuel": "wind", "mw": 15.0, "country": "TUR", "status": "operating"}}, {"type": "Feature", "id": 1421, "geometry": {"type": "Point", "coordinates": [37.503, 39.048]}, "properties": {"name": "Yellice wind farm", "fuel": "wind", "mw": 160.0, "country": "TUR", "status": "planned"}}, {"type": "Feature", "id": 1422, "geometry": {"type": "Point", "coordinates": [27.453, 41.942]}, "properties": {"name": "Yeni wind farm", "fuel": "wind", "mw": 30.0, "country": "TUR", "status": "planned"}}, {"type": "Feature", "id": 1423, "geometry": {"type": "Point", "coordinates": [27.311, 37.488]}, "properties": {"name": "Yenihisar wind farm", "fuel": "wind", "mw": 22.0, "country": "TUR", "status": "operating"}}, {"type": "Feature", "id": 1424, "geometry": {"type": "Point", "coordinates": [26.574, 39.636]}, "properties": {"name": "Yenik\u00f6y (Artibir) wind farm", "fuel": "wind", "mw": 15.0, "country": "TUR", "status": "operating"}}, {"type": "Feature", "id": 1425, "geometry": {"type": "Point", "coordinates": [26.818, 40.215]}, "properties": {"name": "Yenik\u00f6y (Mutlu) wind farm", "fuel": "wind", "mw": 50.0, "country": "TUR", "status": "operating"}}, {"type": "Feature", "id": 1426, "geometry": {"type": "Point", "coordinates": [27.131, 38.582]}, "properties": {"name": "Yilmaz wind farm", "fuel": "wind", "mw": 15.0, "country": "TUR", "status": "operating"}}, {"type": "Feature", "id": 1427, "geometry": {"type": "Point", "coordinates": [27.194, 38.96]}, "properties": {"name": "Yuntdag wind farm", "fuel": "wind", "mw": 42.0, "country": "TUR", "status": "operating"}}, {"type": "Feature", "id": 1428, "geometry": {"type": "Point", "coordinates": [27.194, 38.96]}, "properties": {"name": "Yuntdag wind farm", "fuel": "wind", "mw": 15.0, "country": "TUR", "status": "operating"}}, {"type": "Feature", "id": 1429, "geometry": {"type": "Point", "coordinates": [27.188, 38.947]}, "properties": {"name": "Yuntdag wind farm", "fuel": "wind", "mw": 2.5, "country": "TUR", "status": "operating"}}, {"type": "Feature", "id": 1430, "geometry": {"type": "Point", "coordinates": [27.489, 41.778]}, "properties": {"name": "Zeliha wind farm", "fuel": "wind", "mw": 26.0, "country": "TUR", "status": "operating"}}, {"type": "Feature", "id": 1431, "geometry": {"type": "Point", "coordinates": [26.493, 38.265]}, "properties": {"name": "Zeytineli wind farm", "fuel": "wind", "mw": 15.0, "country": "TUR", "status": "operating"}}, {"type": "Feature", "id": 1432, "geometry": {"type": "Point", "coordinates": [26.493, 38.265]}, "properties": {"name": "Zeytineli wind farm", "fuel": "wind", "mw": 35.0, "country": "TUR", "status": "operating"}}, {"type": "Feature", "id": 1433, "geometry": {"type": "Point", "coordinates": [35.447, 38.014]}, "properties": {"name": "Zincirli wind farm", "fuel": "wind", "mw": 12.0, "country": "TUR", "status": "operating"}}, {"type": "Feature", "id": 1434, "geometry": {"type": "Point", "coordinates": [36.046, 36.105]}, "properties": {"name": "Ziyaret wind farm", "fuel": "wind", "mw": 35.0, "country": "TUR", "status": "operating"}}, {"type": "Feature", "id": 1435, "geometry": {"type": "Point", "coordinates": [36.046, 36.105]}, "properties": {"name": "Ziyaret wind farm", "fuel": "wind", "mw": 22.0, "country": "TUR", "status": "operating"}}, {"type": "Feature", "id": 1436, "geometry": {"type": "Point", "coordinates": [36.046, 36.105]}, "properties": {"name": "Ziyaret wind farm", "fuel": "wind", "mw": 7.5, "country": "TUR", "status": "operating"}}, {"type": "Feature", "id": 1437, "geometry": {"type": "Point", "coordinates": [36.046, 36.105]}, "properties": {"name": "Ziyaret wind farm", "fuel": "wind", "mw": 11.0, "country": "TUR", "status": "operating"}}, {"type": "Feature", "id": 1438, "geometry": {"type": "Point", "coordinates": [30.481, 40.502]}, "properties": {"name": "Zonguldak wind farm", "fuel": "wind", "mw": 120.0, "country": "TUR", "status": "operating"}}, {"type": "Feature", "id": 1439, "geometry": {"type": "Point", "coordinates": [26.362, 39.604]}, "properties": {"name": "Ilgardere wind farm", "fuel": "wind", "mw": 11.0, "country": "TUR", "status": "operating"}}, {"type": "Feature", "id": 1440, "geometry": {"type": "Point", "coordinates": [26.362, 39.604]}, "properties": {"name": "Ilgardere wind farm", "fuel": "wind", "mw": 40.0, "country": "TUR", "status": "planned"}}, {"type": "Feature", "id": 1441, "geometry": {"type": "Point", "coordinates": [30.427, 39.934]}, "properties": {"name": "Kartal wind farm", "fuel": "wind", "mw": 39.0, "country": "TUR", "status": "operating"}}, {"type": "Feature", "id": 1442, "geometry": {"type": "Point", "coordinates": [30.427, 39.934]}, "properties": {"name": "Kartal wind farm", "fuel": "wind", "mw": 50.0, "country": "TUR", "status": "planned"}}, {"type": "Feature", "id": 1443, "geometry": {"type": "Point", "coordinates": [33.228, 36.73]}, "properties": {"name": "Mersin Mut wind farm", "fuel": "wind", "mw": 36.3, "country": "TUR", "status": "planned"}}, {"type": "Feature", "id": 1444, "geometry": {"type": "Point", "coordinates": [28.217, 40.375]}, "properties": {"name": "Sah wind farm", "fuel": "wind", "mw": 40.8, "country": "TUR", "status": "planned"}}, {"type": "Feature", "id": 1445, "geometry": {"type": "Point", "coordinates": [29.909, 38.826]}, "properties": {"name": "Uzak (Aydem) wind farm", "fuel": "wind", "mw": 54.0, "country": "TUR", "status": "operating"}}, {"type": "Feature", "id": 1446, "geometry": {"type": "Point", "coordinates": [43.476, 42.188]}, "properties": {"name": "Imereti wind farm", "fuel": "wind", "mw": 85.0, "country": "GEO", "status": "planned"}}, {"type": "Feature", "id": 1447, "geometry": {"type": "Point", "coordinates": [43.568, 42.193]}, "properties": {"name": "Imereti wind farm", "fuel": "wind", "mw": 15.0, "country": "GEO", "status": "planned"}}, {"type": "Feature", "id": 1448, "geometry": {"type": "Point", "coordinates": [25.878, 44.944]}, "properties": {"name": "Arice\u0219tii Rahtivani solar farm", "fuel": "solar", "mw": 37.0, "country": "ROU", "status": "construction"}}, {"type": "Feature", "id": 1449, "geometry": {"type": "Point", "coordinates": [25.477, 44.897]}, "properties": {"name": "D\u00e2mbovi\u021ba solar farm", "fuel": "solar", "mw": 300.0, "country": "ROU", "status": "planned"}}, {"type": "Feature", "id": 1450, "geometry": {"type": "Point", "coordinates": [21.517, 46.525]}, "properties": {"name": "N\u0103dab solar farm", "fuel": "solar", "mw": 370.0, "country": "ROU", "status": "planned"}}, {"type": "Feature", "id": 1451, "geometry": {"type": "Point", "coordinates": [21.314, 46.382]}, "properties": {"name": "N\u0103dab solar farm", "fuel": "solar", "mw": 310.0, "country": "ROU", "status": "planned"}}, {"type": "Feature", "id": 1452, "geometry": {"type": "Point", "coordinates": [28.619, 45.045]}, "properties": {"name": "Nalbant wind farm", "fuel": "wind", "mw": 14.0, "country": "ROU", "status": "planned"}}, {"type": "Feature", "id": 1453, "geometry": {"type": "Point", "coordinates": [24.686, 45.985]}, "properties": {"name": "Rovinari solar farm", "fuel": "solar", "mw": 83.0, "country": "ROU", "status": "planned"}}, {"type": "Feature", "id": 1454, "geometry": {"type": "Point", "coordinates": [23.869, 44.449]}, "properties": {"name": "Tismana solar farm", "fuel": "solar", "mw": 132.0, "country": "ROU", "status": "planned"}}, {"type": "Feature", "id": 1455, "geometry": {"type": "Point", "coordinates": [23.679, 46.205]}, "properties": {"name": "Teiu\u0219 solar farm", "fuel": "solar", "mw": 60.0, "country": "ROU", "status": "construction"}}, {"type": "Feature", "id": 1456, "geometry": {"type": "Point", "coordinates": [24.77, 42.32]}, "properties": {"name": "Kaloyanovo solar farm", "fuel": "solar", "mw": 66.0, "country": "BGR", "status": "operating"}}, {"type": "Feature", "id": 1457, "geometry": {"type": "Point", "coordinates": [24.77, 42.32]}, "properties": {"name": "Kaloyanovo solar farm", "fuel": "solar", "mw": 50.0, "country": "BGR", "status": "operating"}}, {"type": "Feature", "id": 1458, "geometry": {"type": "Point", "coordinates": [24.77, 42.32]}, "properties": {"name": "Kaloyanovo solar farm", "fuel": "solar", "mw": 92.0, "country": "BGR", "status": "operating"}}, {"type": "Feature", "id": 1459, "geometry": {"type": "Point", "coordinates": [25.983, 42.137]}, "properties": {"name": "Galabovo solar farm", "fuel": "solar", "mw": 201.0, "country": "BGR", "status": "operating"}}, {"type": "Feature", "id": 1460, "geometry": {"type": "Point", "coordinates": [24.798, 42.623]}, "properties": {"name": "Karlovo solar farm", "fuel": "solar", "mw": 107.0, "country": "BGR", "status": "operating"}}, {"type": "Feature", "id": 1461, "geometry": {"type": "Point", "coordinates": [25.352, 42.188]}, "properties": {"name": "Chirpan solar farm", "fuel": "solar", "mw": 160.0, "country": "BGR", "status": "planned"}}, {"type": "Feature", "id": 1462, "geometry": {"type": "Point", "coordinates": [23.038, 42.282]}, "properties": {"name": "Bobov Dol solar farm", "fuel": "solar", "mw": 100.0, "country": "BGR", "status": "construction"}}, {"type": "Feature", "id": 1463, "geometry": {"type": "Point", "coordinates": [27.255, 44.1]}, "properties": {"name": "St George solar", "fuel": "solar", "mw": 229.0, "country": "BGR", "status": "planned"}}, {"type": "Feature", "id": 1464, "geometry": {"type": "Point", "coordinates": [23.187, 43.376]}, "properties": {"name": "Ogosta solar farm", "fuel": "solar", "mw": 800.0, "country": "BGR", "status": "planned"}}, {"type": "Feature", "id": 1465, "geometry": {"type": "Point", "coordinates": [23.485, 41.889]}, "properties": {"name": "Razlog solar farm", "fuel": "solar", "mw": 33.0, "country": "BGR", "status": "operating"}}, {"type": "Feature", "id": 1466, "geometry": {"type": "Point", "coordinates": [25.652, 43.53]}, "properties": {"name": "Tsenovo solar farm", "fuel": "solar", "mw": 112.5, "country": "BGR", "status": "planned"}}, {"type": "Feature", "id": 1467, "geometry": {"type": "Point", "coordinates": [25.056, 42.191]}, "properties": {"name": "Belozem solar farm", "fuel": "solar", "mw": 100.0, "country": "BGR", "status": "planned"}}, {"type": "Feature", "id": 1468, "geometry": {"type": "Point", "coordinates": [26.532, 42.338]}, "properties": {"name": "Tenevo wind farm", "fuel": "wind", "mw": 250.0, "country": "BGR", "status": "planned"}}, {"type": "Feature", "id": 1469, "geometry": {"type": "Point", "coordinates": [28.458, 43.525]}, "properties": {"name": "Gorichane wind farm", "fuel": "wind", "mw": 40.0, "country": "BGR", "status": "planned"}}, {"type": "Feature", "id": 1470, "geometry": {"type": "Point", "coordinates": [28.457, 43.568]}, "properties": {"name": "Prolez wind farm", "fuel": "wind", "mw": 40.0, "country": "BGR", "status": "planned"}}, {"type": "Feature", "id": 1471, "geometry": {"type": "Point", "coordinates": [49.534, 40.651]}, "properties": {"name": "Yashma power station", "fuel": "gas", "mw": 500.0, "country": "AZE", "status": "planned"}}, {"type": "Feature", "id": 1472, "geometry": {"type": "Point", "coordinates": [23.033, 42.286]}, "properties": {"name": "Bobov Dol power station", "fuel": "gas", "mw": 42.0, "country": "BGR", "status": "planned"}}, {"type": "Feature", "id": 1473, "geometry": {"type": "Point", "coordinates": [25.62, 44.362]}, "properties": {"name": "Buc\u015fani solar project", "fuel": "solar", "mw": 18.5, "country": "ROU", "status": "operating"}}, {"type": "Feature", "id": 1474, "geometry": {"type": "Point", "coordinates": [26.596, 44.714]}, "properties": {"name": "Urziceni solar project", "fuel": "solar", "mw": 19.6, "country": "ROU", "status": "operating"}}, {"type": "Feature", "id": 1475, "geometry": {"type": "Point", "coordinates": [22.108, 46.428]}, "properties": {"name": "Sebis solar project", "fuel": "solar", "mw": 15.0, "country": "ROU", "status": "operating"}}, {"type": "Feature", "id": 1476, "geometry": {"type": "Point", "coordinates": [24.91, 44.819]}, "properties": {"name": "Bradu solar project", "fuel": "solar", "mw": 6.1, "country": "ROU", "status": "operating"}}, {"type": "Feature", "id": 1477, "geometry": {"type": "Point", "coordinates": [24.35, 47.031]}, "properties": {"name": "Lechin\u021ba solar project", "fuel": "solar", "mw": 5.1, "country": "ROU", "status": "operating"}}, {"type": "Feature", "id": 1478, "geometry": {"type": "Point", "coordinates": [27.672, 45.395]}, "properties": {"name": "Maxineni solar project", "fuel": "solar", "mw": 4.8, "country": "ROU", "status": "operating"}}, {"type": "Feature", "id": 1479, "geometry": {"type": "Point", "coordinates": [24.716, 45.752]}, "properties": {"name": "Ucea de Sus E solar project", "fuel": "solar", "mw": 6.0, "country": "ROU", "status": "operating"}}, {"type": "Feature", "id": 1480, "geometry": {"type": "Point", "coordinates": [26.633, 44.445]}, "properties": {"name": "Fundulea solar project", "fuel": "solar", "mw": 7.4, "country": "ROU", "status": "operating"}}, {"type": "Feature", "id": 1481, "geometry": {"type": "Point", "coordinates": [26.819, 44.479]}, "properties": {"name": "Lehliu 3 solar project", "fuel": "solar", "mw": 10.0, "country": "ROU", "status": "operating"}}, {"type": "Feature", "id": 1482, "geometry": {"type": "Point", "coordinates": [27.427, 44.158]}, "properties": {"name": "Modelu solar project", "fuel": "solar", "mw": 5.0, "country": "ROU", "status": "operating"}}, {"type": "Feature", "id": 1483, "geometry": {"type": "Point", "coordinates": [23.783, 46.936]}, "properties": {"name": "Cluj N solar project", "fuel": "solar", "mw": 5.0, "country": "ROU", "status": "operating"}}, {"type": "Feature", "id": 1484, "geometry": {"type": "Point", "coordinates": [23.783, 46.881]}, "properties": {"name": "Cluj S solar project", "fuel": "solar", "mw": 6.0, "country": "ROU", "status": "operating"}}, {"type": "Feature", "id": 1485, "geometry": {"type": "Point", "coordinates": [25.88, 44.677]}, "properties": {"name": "Butimanu solar project", "fuel": "solar", "mw": 6.1, "country": "ROU", "status": "operating"}}, {"type": "Feature", "id": 1486, "geometry": {"type": "Point", "coordinates": [25.487, 44.623]}, "properties": {"name": "Costestii din Vale solar project", "fuel": "solar", "mw": 9.4, "country": "ROU", "status": "operating"}}, {"type": "Feature", "id": 1487, "geometry": {"type": "Point", "coordinates": [23.684, 44.22]}, "properties": {"name": "Podari solar project", "fuel": "solar", "mw": 10.0, "country": "ROU", "status": "operating"}}, {"type": "Feature", "id": 1488, "geometry": {"type": "Point", "coordinates": [23.859, 44.357]}, "properties": {"name": "\u015eimnicu de Sus solar project", "fuel": "solar", "mw": 14.0, "country": "ROU", "status": "operating"}}, {"type": "Feature", "id": 1489, "geometry": {"type": "Point", "coordinates": [26.238, 44.255]}, "properties": {"name": "Coliba\u0219i solar project", "fuel": "solar", "mw": 6.5, "country": "ROU", "status": "operating"}}, {"type": "Feature", "id": 1490, "geometry": {"type": "Point", "coordinates": [26.238, 44.255]}, "properties": {"name": "Coliba\u0219i II solar project", "fuel": "solar", "mw": 5.0, "country": "ROU", "status": "operating"}}, {"type": "Feature", "id": 1491, "geometry": {"type": "Point", "coordinates": [25.87, 43.903]}, "properties": {"name": "Stanesti solar project", "fuel": "solar", "mw": 6.8, "country": "ROU", "status": "operating"}}, {"type": "Feature", "id": 1492, "geometry": {"type": "Point", "coordinates": [25.794, 43.878]}, "properties": {"name": "Vieru solar project", "fuel": "solar", "mw": 7.2, "country": "ROU", "status": "operating"}}, {"type": "Feature", "id": 1493, "geometry": {"type": "Point", "coordinates": [23.539, 44.933]}, "properties": {"name": "T\u00e2rgu C\u0103rbune\u015fti solar project", "fuel": "solar", "mw": 14.0, "country": "ROU", "status": "operating"}}, {"type": "Feature", "id": 1494, "geometry": {"type": "Point", "coordinates": [25.002, 46.271]}, "properties": {"name": "Cristuru Secuiesc solar project", "fuel": "solar", "mw": 9.3, "country": "ROU", "status": "operating"}}, {"type": "Feature", "id": 1495, "geometry": {"type": "Point", "coordinates": [26.536, 44.663]}, "properties": {"name": "Co\u0219ereni A solar project", "fuel": "solar", "mw": 5.0, "country": "ROU", "status": "operating"}}, {"type": "Feature", "id": 1496, "geometry": {"type": "Point", "coordinates": [27.82, 44.897]}, "properties": {"name": "Fierbinti solar project", "fuel": "solar", "mw": 10.0, "country": "ROU", "status": "operating"}}, {"type": "Feature", "id": 1497, "geometry": {"type": "Point", "coordinates": [24.378, 44.101]}, "properties": {"name": "Caracal solar project", "fuel": "solar", "mw": 7.0, "country": "ROU", "status": "operating"}}, {"type": "Feature", "id": 1498, "geometry": {"type": "Point", "coordinates": [26.148, 44.913]}, "properties": {"name": "Berceni I solar project", "fuel": "solar", "mw": 10.0, "country": "ROU", "status": "operating"}}, {"type": "Feature", "id": 1499, "geometry": {"type": "Point", "coordinates": [26.091, 44.936]}, "properties": {"name": "Berceni II solar project", "fuel": "solar", "mw": 9.0, "country": "ROU", "status": "operating"}}, {"type": "Feature", "id": 1500, "geometry": {"type": "Point", "coordinates": [26.144, 44.927]}, "properties": {"name": "Darvari solar project", "fuel": "solar", "mw": 5.0, "country": "ROU", "status": "operating"}}, {"type": "Feature", "id": 1501, "geometry": {"type": "Point", "coordinates": [26.175, 44.888]}, "properties": {"name": "Dumbrava solar project", "fuel": "solar", "mw": 6.0, "country": "ROU", "status": "operating"}}, {"type": "Feature", "id": 1502, "geometry": {"type": "Point", "coordinates": [25.955, 44.963]}, "properties": {"name": "P\u0103ule\u015fti solar project", "fuel": "solar", "mw": 8.0, "country": "ROU", "status": "operating"}}, {"type": "Feature", "id": 1503, "geometry": {"type": "Point", "coordinates": [26.069, 44.947]}, "properties": {"name": "Ploiesti solar project", "fuel": "solar", "mw": 7.8, "country": "ROU", "status": "operating"}}, {"type": "Feature", "id": 1504, "geometry": {"type": "Point", "coordinates": [22.729, 47.749]}, "properties": {"name": "Doba solar project", "fuel": "solar", "mw": 5.9, "country": "ROU", "status": "operating"}}, {"type": "Feature", "id": 1505, "geometry": {"type": "Point", "coordinates": [25.183, 44.056]}, "properties": {"name": "Mavrodin solar project", "fuel": "solar", "mw": 5.5, "country": "ROU", "status": "operating"}}, {"type": "Feature", "id": 1506, "geometry": {"type": "Point", "coordinates": [21.2, 45.395]}, "properties": {"name": "Deta A solar project", "fuel": "solar", "mw": 6.0, "country": "ROU", "status": "operating"}}, {"type": "Feature", "id": 1507, "geometry": {"type": "Point", "coordinates": [28.483, 45.249]}, "properties": {"name": "Isaccea solar project", "fuel": "solar", "mw": 8.8, "country": "ROU", "status": "operating"}}, {"type": "Feature", "id": 1508, "geometry": {"type": "Point", "coordinates": [24.137, 44.362]}, "properties": {"name": "Balcesti solar project", "fuel": "solar", "mw": 4.8, "country": "ROU", "status": "operating"}}, {"type": "Feature", "id": 1509, "geometry": {"type": "Point", "coordinates": [22.067, 47.05]}, "properties": {"name": "Bihor solar project I", "fuel": "solar", "mw": 3.0, "country": "ROU", "status": "operating"}}, {"type": "Feature", "id": 1510, "geometry": {"type": "Point", "coordinates": [25.73, 44.663]}, "properties": {"name": "D\u00e2mbovi\u021ba solar project I", "fuel": "solar", "mw": 3.9, "country": "ROU", "status": "operating"}}, {"type": "Feature", "id": 1511, "geometry": {"type": "Point", "coordinates": [23.524, 44.044]}, "properties": {"name": "Dolj solar project I", "fuel": "solar", "mw": 6.2, "country": "ROU", "status": "operating"}}, {"type": "Feature", "id": 1512, "geometry": {"type": "Point", "coordinates": [21.284, 46.071]}, "properties": {"name": "Arad solar project I", "fuel": "solar", "mw": 2.3, "country": "ROU", "status": "operating"}}, {"type": "Feature", "id": 1513, "geometry": {"type": "Point", "coordinates": [24.482, 43.821]}, "properties": {"name": "Olt solar project I", "fuel": "solar", "mw": 2.2, "country": "ROU", "status": "operating"}}, {"type": "Feature", "id": 1514, "geometry": {"type": "Point", "coordinates": [25.395, 44.987]}, "properties": {"name": "D\u00e2mbovi\u021ba solar project II", "fuel": "solar", "mw": 4.7, "country": "ROU", "status": "operating"}}, {"type": "Feature", "id": 1515, "geometry": {"type": "Point", "coordinates": [24.244, 43.767]}, "properties": {"name": "Olt solar project II", "fuel": "solar", "mw": 12.9, "country": "ROU", "status": "operating"}}, {"type": "Feature", "id": 1516, "geometry": {"type": "Point", "coordinates": [25.641, 43.904]}, "properties": {"name": "Giurgiu solar project I", "fuel": "solar", "mw": 10.6, "country": "ROU", "status": "operating"}}, {"type": "Feature", "id": 1517, "geometry": {"type": "Point", "coordinates": [25.918, 44.96]}, "properties": {"name": "Prahova solar project I", "fuel": "solar", "mw": 7.2, "country": "ROU", "status": "operating"}}, {"type": "Feature", "id": 1518, "geometry": {"type": "Point", "coordinates": [25.887, 44.964]}, "properties": {"name": "Prahova solar project II", "fuel": "solar", "mw": 7.2, "country": "ROU", "status": "operating"}}, {"type": "Feature", "id": 1519, "geometry": {"type": "Point", "coordinates": [23.83, 47.144]}, "properties": {"name": "Dej Cluj solar project I", "fuel": "solar", "mw": 4.1, "country": "ROU", "status": "operating"}}, {"type": "Feature", "id": 1520, "geometry": {"type": "Point", "coordinates": [22.964, 46.833]}, "properties": {"name": "Cluj solar project I", "fuel": "solar", "mw": 5.4, "country": "ROU", "status": "operating"}}, {"type": "Feature", "id": 1521, "geometry": {"type": "Point", "coordinates": [23.675, 44.213]}, "properties": {"name": "Dolj solar project II", "fuel": "solar", "mw": 5.6, "country": "ROU", "status": "operating"}}, {"type": "Feature", "id": 1522, "geometry": {"type": "Point", "coordinates": [28.65, 44.349]}, "properties": {"name": "Constan\u021ba solar project I", "fuel": "solar", "mw": 1.6, "country": "ROU", "status": "operating"}}, {"type": "Feature", "id": 1523, "geometry": {"type": "Point", "coordinates": [21.835, 46.974]}, "properties": {"name": "Bihor solar project II", "fuel": "solar", "mw": 5.8, "country": "ROU", "status": "operating"}}, {"type": "Feature", "id": 1524, "geometry": {"type": "Point", "coordinates": [25.916, 44.955]}, "properties": {"name": "Prahova solar project III", "fuel": "solar", "mw": 3.5, "country": "ROU", "status": "operating"}}, {"type": "Feature", "id": 1525, "geometry": {"type": "Point", "coordinates": [25.717, 45.696]}, "properties": {"name": "Bra\u0219ov solar project I", "fuel": "solar", "mw": 5.0, "country": "ROU", "status": "operating"}}, {"type": "Feature", "id": 1526, "geometry": {"type": "Point", "coordinates": [23.923, 45.79]}, "properties": {"name": "Sibiu solar project I", "fuel": "solar", "mw": 2.0, "country": "ROU", "status": "operating"}}, {"type": "Feature", "id": 1527, "geometry": {"type": "Point", "coordinates": [24.296, 44.076]}, "properties": {"name": "Olt solar project III", "fuel": "solar", "mw": 3.2, "country": "ROU", "status": "operating"}}, {"type": "Feature", "id": 1528, "geometry": {"type": "Point", "coordinates": [20.663, 46.062]}, "properties": {"name": "Timi\u0219 solar project I", "fuel": "solar", "mw": 2.7, "country": "ROU", "status": "operating"}}, {"type": "Feature", "id": 1529, "geometry": {"type": "Point", "coordinates": [23.794, 46.968]}, "properties": {"name": "Cluj solar project II", "fuel": "solar", "mw": 4.0, "country": "ROU", "status": "operating"}}, {"type": "Feature", "id": 1530, "geometry": {"type": "Point", "coordinates": [25.832, 43.959]}, "properties": {"name": "Giurgiu solar project II", "fuel": "solar", "mw": 6.4, "country": "ROU", "status": "operating"}}, {"type": "Feature", "id": 1531, "geometry": {"type": "Point", "coordinates": [22.387, 47.225]}, "properties": {"name": "Bihor solar project III", "fuel": "solar", "mw": 5.3, "country": "ROU", "status": "operating"}}, {"type": "Feature", "id": 1532, "geometry": {"type": "Point", "coordinates": [25.974, 43.935]}, "properties": {"name": "Giurgiu solar project III", "fuel": "solar", "mw": 2.0, "country": "ROU", "status": "operating"}}, {"type": "Feature", "id": 1533, "geometry": {"type": "Point", "coordinates": [22.896, 44.225]}, "properties": {"name": "Mehedin\u021bi solar project I", "fuel": "solar", "mw": 15.0, "country": "ROU", "status": "operating"}}, {"type": "Feature", "id": 1534, "geometry": {"type": "Point", "coordinates": [24.25, 44.051]}, "properties": {"name": "Olt solar project IV", "fuel": "solar", "mw": 4.3, "country": "ROU", "status": "operating"}}, {"type": "Feature", "id": 1535, "geometry": {"type": "Point", "coordinates": [26.244, 44.986]}, "properties": {"name": "Prahova solar project IV", "fuel": "solar", "mw": 4.8, "country": "ROU", "status": "operating"}}, {"type": "Feature", "id": 1536, "geometry": {"type": "Point", "coordinates": [23.8, 47.142]}, "properties": {"name": "Dej Cluj solar project II", "fuel": "solar", "mw": 5.5, "country": "ROU", "status": "operating"}}, {"type": "Feature", "id": 1537, "geometry": {"type": "Point", "coordinates": [26.48, 44.984]}, "properties": {"name": "Prahova solar project V", "fuel": "solar", "mw": 6.0, "country": "ROU", "status": "operating"}}, {"type": "Feature", "id": 1538, "geometry": {"type": "Point", "coordinates": [26.644, 44.45]}, "properties": {"name": "C\u0103l\u0103ra\u0219i solar project I", "fuel": "solar", "mw": 2.6, "country": "ROU", "status": "operating"}}, {"type": "Feature", "id": 1539, "geometry": {"type": "Point", "coordinates": [24.601, 47.179]}, "properties": {"name": "Bistri\u021ba-N\u0103s\u0103ud solar project I", "fuel": "solar", "mw": 3.1, "country": "ROU", "status": "operating"}}, {"type": "Feature", "id": 1540, "geometry": {"type": "Point", "coordinates": [25.826, 43.827]}, "properties": {"name": "Giurgiu solar project IV", "fuel": "solar", "mw": 4.5, "country": "ROU", "status": "operating"}}, {"type": "Feature", "id": 1541, "geometry": {"type": "Point", "coordinates": [24.409, 46.473]}, "properties": {"name": "Mure\u0219 solar project I", "fuel": "solar", "mw": 2.2, "country": "ROU", "status": "operating"}}, {"type": "Feature", "id": 1542, "geometry": {"type": "Point", "coordinates": [23.987, 45.139]}, "properties": {"name": "V\u00e2lcea solar project I", "fuel": "solar", "mw": 1.5, "country": "ROU", "status": "operating"}}, {"type": "Feature", "id": 1543, "geometry": {"type": "Point", "coordinates": [26.069, 44.904]}, "properties": {"name": "Prahova solar project VI", "fuel": "solar", "mw": 1.8, "country": "ROU", "status": "operating"}}, {"type": "Feature", "id": 1544, "geometry": {"type": "Point", "coordinates": [25.866, 44.244]}, "properties": {"name": "Giurgiu solar project V", "fuel": "solar", "mw": 2.3, "country": "ROU", "status": "operating"}}, {"type": "Feature", "id": 1545, "geometry": {"type": "Point", "coordinates": [23.815, 46.846]}, "properties": {"name": "Cluj solar project III", "fuel": "solar", "mw": 2.2, "country": "ROU", "status": "operating"}}, {"type": "Feature", "id": 1546, "geometry": {"type": "Point", "coordinates": [23.512, 44.648]}, "properties": {"name": "Gorj solar project I", "fuel": "solar", "mw": 3.8, "country": "ROU", "status": "operating"}}, {"type": "Feature", "id": 1547, "geometry": {"type": "Point", "coordinates": [22.974, 47.186]}, "properties": {"name": "S\u0103laj solar project", "fuel": "solar", "mw": 3.8, "country": "ROU", "status": "operating"}}, {"type": "Feature", "id": 1548, "geometry": {"type": "Point", "coordinates": [26.459, 44.32]}, "properties": {"name": "C\u0103l\u0103ra\u0219i solar project II", "fuel": "solar", "mw": 4.0, "country": "ROU", "status": "operating"}}, {"type": "Feature", "id": 1549, "geometry": {"type": "Point", "coordinates": [25.796, 44.539]}, "properties": {"name": "D\u00e2mbovi\u021ba solar project III", "fuel": "solar", "mw": 4.5, "country": "ROU", "status": "operating"}}, {"type": "Feature", "id": 1550, "geometry": {"type": "Point", "coordinates": [23.874, 44.21]}, "properties": {"name": "Dolj solar project III", "fuel": "solar", "mw": 1.1, "country": "ROU", "status": "operating"}}, {"type": "Feature", "id": 1551, "geometry": {"type": "Point", "coordinates": [26.884, 44.318]}, "properties": {"name": "C\u0103l\u0103ra\u0219i solar project III", "fuel": "solar", "mw": 9.6, "country": "ROU", "status": "operating"}}, {"type": "Feature", "id": 1552, "geometry": {"type": "Point", "coordinates": [21.887, 46.948]}, "properties": {"name": "Bihor solar project IV", "fuel": "solar", "mw": 3.6, "country": "ROU", "status": "operating"}}, {"type": "Feature", "id": 1553, "geometry": {"type": "Point", "coordinates": [28.555, 44.235]}, "properties": {"name": "Constan\u021ba solar project II", "fuel": "solar", "mw": 2.6, "country": "ROU", "status": "operating"}}, {"type": "Feature", "id": 1554, "geometry": {"type": "Point", "coordinates": [23.802, 47.128]}, "properties": {"name": "Cluj solar project IV", "fuel": "solar", "mw": 6.9, "country": "ROU", "status": "operating"}}, {"type": "Feature", "id": 1555, "geometry": {"type": "Point", "coordinates": [25.845, 43.844]}, "properties": {"name": "Giurgiu solar project VI", "fuel": "solar", "mw": 2.3, "country": "ROU", "status": "operating"}}, {"type": "Feature", "id": 1556, "geometry": {"type": "Point", "coordinates": [25.889, 45.845]}, "properties": {"name": "Covasna solar project", "fuel": "solar", "mw": 1.3, "country": "ROU", "status": "operating"}}, {"type": "Feature", "id": 1557, "geometry": {"type": "Point", "coordinates": [27.203, 45.506]}, "properties": {"name": "Vrancea solar project I", "fuel": "solar", "mw": 2.2, "country": "ROU", "status": "operating"}}, {"type": "Feature", "id": 1558, "geometry": {"type": "Point", "coordinates": [23.36, 44.031]}, "properties": {"name": "B\u0103ile\u0219ti Dolj solar project I", "fuel": "solar", "mw": 3.2, "country": "ROU", "status": "operating"}}, {"type": "Feature", "id": 1559, "geometry": {"type": "Point", "coordinates": [25.701, 45.688]}, "properties": {"name": "Bra\u0219ov solar project II", "fuel": "solar", "mw": 2.9, "country": "ROU", "status": "operating"}}, {"type": "Feature", "id": 1560, "geometry": {"type": "Point", "coordinates": [24.67, 46.389]}, "properties": {"name": "Mure\u0219 solar project II", "fuel": "solar", "mw": 1.3, "country": "ROU", "status": "operating"}}, {"type": "Feature", "id": 1561, "geometry": {"type": "Point", "coordinates": [26.003, 44.127]}, "properties": {"name": "Giurgiu solar project VII", "fuel": "solar", "mw": 3.7, "country": "ROU", "status": "operating"}}, {"type": "Feature", "id": 1562, "geometry": {"type": "Point", "coordinates": [25.925, 44.968]}, "properties": {"name": "Prahova solar project VII", "fuel": "solar", "mw": 2.5, "country": "ROU", "status": "operating"}}, {"type": "Feature", "id": 1563, "geometry": {"type": "Point", "coordinates": [27.163, 45.978]}, "properties": {"name": "Vrancea solar project II", "fuel": "solar", "mw": 1.8, "country": "ROU", "status": "operating"}}, {"type": "Feature", "id": 1564, "geometry": {"type": "Point", "coordinates": [21.514, 45.666]}, "properties": {"name": "Timi\u0219 solar project II", "fuel": "solar", "mw": 2.4, "country": "ROU", "status": "operating"}}, {"type": "Feature", "id": 1565, "geometry": {"type": "Point", "coordinates": [25.705, 45.76]}, "properties": {"name": "Bra\u0219ov solar project III", "fuel": "solar", "mw": 2.2, "country": "ROU", "status": "operating"}}, {"type": "Feature", "id": 1566, "geometry": {"type": "Point", "coordinates": [25.315, 45.975]}, "properties": {"name": "Bra\u0219ov solar project IV", "fuel": "solar", "mw": 7.0, "country": "ROU", "status": "operating"}}, {"type": "Feature", "id": 1567, "geometry": {"type": "Point", "coordinates": [24.95, 44.003]}, "properties": {"name": "Ro\u0219iorii De Vede Teleorman solar project I", "fuel": "solar", "mw": 4.2, "country": "ROU", "status": "operating"}}, {"type": "Feature", "id": 1568, "geometry": {"type": "Point", "coordinates": [27.498, 44.804]}, "properties": {"name": "Br\u0103ila solar project I", "fuel": "solar", "mw": 2.8, "country": "ROU", "status": "operating"}}, {"type": "Feature", "id": 1569, "geometry": {"type": "Point", "coordinates": [24.078, 43.885]}, "properties": {"name": "Dolj solar project IV", "fuel": "solar", "mw": 9.3, "country": "ROU", "status": "operating"}}, {"type": "Feature", "id": 1570, "geometry": {"type": "Point", "coordinates": [25.581, 45.798]}, "properties": {"name": "Bra\u0219ov solar project V", "fuel": "solar", "mw": 3.6, "country": "ROU", "status": "operating"}}, {"type": "Feature", "id": 1571, "geometry": {"type": "Point", "coordinates": [25.598, 44.625]}, "properties": {"name": "D\u00e2mbovi\u021ba solar project IV", "fuel": "solar", "mw": 4.4, "country": "ROU", "status": "operating"}}, {"type": "Feature", "id": 1572, "geometry": {"type": "Point", "coordinates": [23.028, 44.11]}, "properties": {"name": "Dolj solar project V", "fuel": "solar", "mw": 2.6, "country": "ROU", "status": "operating"}}, {"type": "Feature", "id": 1573, "geometry": {"type": "Point", "coordinates": [21.832, 47.023]}, "properties": {"name": "Bihor solar project V", "fuel": "solar", "mw": 3.2, "country": "ROU", "status": "operating"}}, {"type": "Feature", "id": 1574, "geometry": {"type": "Point", "coordinates": [25.247, 44.599]}, "properties": {"name": "D\u00e2mbovi\u021ba solar project V", "fuel": "solar", "mw": 2.3, "country": "ROU", "status": "operating"}}, {"type": "Feature", "id": 1575, "geometry": {"type": "Point", "coordinates": [25.908, 44.599]}, "properties": {"name": "D\u00e2mbovi\u021ba solar project VI", "fuel": "solar", "mw": 2.0, "country": "ROU", "status": "operating"}}, {"type": "Feature", "id": 1576, "geometry": {"type": "Point", "coordinates": [22.049, 47.219]}, "properties": {"name": "Bihor solar project VI", "fuel": "solar", "mw": 3.8, "country": "ROU", "status": "operating"}}, {"type": "Feature", "id": 1577, "geometry": {"type": "Point", "coordinates": [24.875, 46.449]}, "properties": {"name": "Mure\u0219 solar project III", "fuel": "solar", "mw": 3.7, "country": "ROU", "status": "operating"}}, {"type": "Feature", "id": 1578, "geometry": {"type": "Point", "coordinates": [23.795, 44.523]}, "properties": {"name": "Dolj solar project VI", "fuel": "solar", "mw": 5.9, "country": "ROU", "status": "operating"}}, {"type": "Feature", "id": 1579, "geometry": {"type": "Point", "coordinates": [24.17, 44.937]}, "properties": {"name": "V\u00e2lcea solar project II", "fuel": "solar", "mw": 1.9, "country": "ROU", "status": "operating"}}, {"type": "Feature", "id": 1580, "geometry": {"type": "Point", "coordinates": [22.484, 46.548]}, "properties": {"name": "Bihor solar project VII", "fuel": "solar", "mw": 4.6, "country": "ROU", "status": "operating"}}, {"type": "Feature", "id": 1581, "geometry": {"type": "Point", "coordinates": [25.309, 45.98]}, "properties": {"name": "Bra\u0219ov solar project VI", "fuel": "solar", "mw": 4.6, "country": "ROU", "status": "operating"}}, {"type": "Feature", "id": 1582, "geometry": {"type": "Point", "coordinates": [23.154, 45.08]}, "properties": {"name": "Gorj solar project II", "fuel": "solar", "mw": 3.2, "country": "ROU", "status": "operating"}}, {"type": "Feature", "id": 1583, "geometry": {"type": "Point", "coordinates": [25.849, 44.674]}, "properties": {"name": "D\u00e2mbovi\u021ba solar project VII", "fuel": "solar", "mw": 2.2, "country": "ROU", "status": "operating"}}, {"type": "Feature", "id": 1584, "geometry": {"type": "Point", "coordinates": [27.937, 45.17]}, "properties": {"name": "Br\u0103ila solar project II", "fuel": "solar", "mw": 1.6, "country": "ROU", "status": "operating"}}, {"type": "Feature", "id": 1585, "geometry": {"type": "Point", "coordinates": [24.263, 45.682]}, "properties": {"name": "Sibiu solar project II", "fuel": "solar", "mw": 2.0, "country": "ROU", "status": "operating"}}, {"type": "Feature", "id": 1586, "geometry": {"type": "Point", "coordinates": [25.879, 44.561]}, "properties": {"name": "D\u00e2mbovi\u021ba solar project VIII", "fuel": "solar", "mw": 3.8, "country": "ROU", "status": "operating"}}, {"type": "Feature", "id": 1587, "geometry": {"type": "Point", "coordinates": [25.444, 45.681]}, "properties": {"name": "Codlea Bra\u0219ov solar project", "fuel": "solar", "mw": 2.5, "country": "ROU", "status": "operating"}}, {"type": "Feature", "id": 1588, "geometry": {"type": "Point", "coordinates": [28.71, 44.9]}, "properties": {"name": "Tulcea solar project I", "fuel": "solar", "mw": 4.3, "country": "ROU", "status": "operating"}}, {"type": "Feature", "id": 1589, "geometry": {"type": "Point", "coordinates": [26.704, 47.744]}, "properties": {"name": "Boto\u0219ani solar project", "fuel": "solar", "mw": 3.0, "country": "ROU", "status": "operating"}}, {"type": "Feature", "id": 1590, "geometry": {"type": "Point", "coordinates": [21.678, 46.072]}, "properties": {"name": "Arad solar project II", "fuel": "solar", "mw": 1.9, "country": "ROU", "status": "operating"}}, {"type": "Feature", "id": 1591, "geometry": {"type": "Point", "coordinates": [25.847, 44.588]}, "properties": {"name": "D\u00e2mbovi\u021ba solar project IX", "fuel": "solar", "mw": 1.9, "country": "ROU", "status": "operating"}}, {"type": "Feature", "id": 1592, "geometry": {"type": "Point", "coordinates": [21.662, 45.818]}, "properties": {"name": "Timi\u0219 solar project III", "fuel": "solar", "mw": 2.8, "country": "ROU", "status": "operating"}}, {"type": "Feature", "id": 1593, "geometry": {"type": "Point", "coordinates": [26.726, 45.083]}, "properties": {"name": "Buz\u0103u solar project I", "fuel": "solar", "mw": 4.6, "country": "ROU", "status": "operating"}}, {"type": "Feature", "id": 1594, "geometry": {"type": "Point", "coordinates": [23.522, 44.01]}, "properties": {"name": "Dolj solar project VII", "fuel": "solar", "mw": 4.7, "country": "ROU", "status": "operating"}}, {"type": "Feature", "id": 1595, "geometry": {"type": "Point", "coordinates": [24.768, 46.832]}, "properties": {"name": "Mure\u0219 solar project IV", "fuel": "solar", "mw": 2.5, "country": "ROU", "status": "operating"}}, {"type": "Feature", "id": 1596, "geometry": {"type": "Point", "coordinates": [21.206, 45.397]}, "properties": {"name": "Timi\u0219 solar project IV", "fuel": "solar", "mw": 1.6, "country": "ROU", "status": "operating"}}, {"type": "Feature", "id": 1597, "geometry": {"type": "Point", "coordinates": [26.247, 44.258]}, "properties": {"name": "Giurgiu solar project VIII", "fuel": "solar", "mw": 8.8, "country": "ROU", "status": "operating"}}, {"type": "Feature", "id": 1598, "geometry": {"type": "Point", "coordinates": [24.943, 44.83]}, "properties": {"name": "Arge\u0219 solar project I", "fuel": "solar", "mw": 3.0, "country": "ROU", "status": "operating"}}, {"type": "Feature", "id": 1599, "geometry": {"type": "Point", "coordinates": [27.797, 44.906]}, "properties": {"name": "Br\u0103ila solar project III", "fuel": "solar", "mw": 2.8, "country": "ROU", "status": "operating"}}, {"type": "Feature", "id": 1600, "geometry": {"type": "Point", "coordinates": [24.374, 46.702]}, "properties": {"name": "Mure\u0219 solar project V", "fuel": "solar", "mw": 2.7, "country": "ROU", "status": "operating"}}, {"type": "Feature", "id": 1601, "geometry": {"type": "Point", "coordinates": [27.198, 45.919]}, "properties": {"name": "Vrancea solar project III", "fuel": "solar", "mw": 5.6, "country": "ROU", "status": "operating"}}, {"type": "Feature", "id": 1602, "geometry": {"type": "Point", "coordinates": [24.036, 46.886]}, "properties": {"name": "Cluj solar project V", "fuel": "solar", "mw": 2.9, "country": "ROU", "status": "operating"}}, {"type": "Feature", "id": 1603, "geometry": {"type": "Point", "coordinates": [21.452, 45.815]}, "properties": {"name": "Timi\u0219 solar project V", "fuel": "solar", "mw": 5.1, "country": "ROU", "status": "operating"}}, {"type": "Feature", "id": 1604, "geometry": {"type": "Point", "coordinates": [23.692, 44.589]}, "properties": {"name": "Dolj solar project VIII", "fuel": "solar", "mw": 3.3, "country": "ROU", "status": "operating"}}, {"type": "Feature", "id": 1605, "geometry": {"type": "Point", "coordinates": [24.955, 44.002]}, "properties": {"name": "Ro\u0219iorii De Vede Teleorman solar project II", "fuel": "solar", "mw": 2.1, "country": "ROU", "status": "operating"}}, {"type": "Feature", "id": 1606, "geometry": {"type": "Point", "coordinates": [27.147, 45.216]}, "properties": {"name": "Br\u0103ila solar project IV", "fuel": "solar", "mw": 2.0, "country": "ROU", "status": "operating"}}, {"type": "Feature", "id": 1607, "geometry": {"type": "Point", "coordinates": [23.539, 45.0]}, "properties": {"name": "Gorj solar project III", "fuel": "solar", "mw": 1.4, "country": "ROU", "status": "operating"}}, {"type": "Feature", "id": 1608, "geometry": {"type": "Point", "coordinates": [27.79, 45.106]}, "properties": {"name": "Br\u0103ila solar project V", "fuel": "solar", "mw": 3.4, "country": "ROU", "status": "operating"}}, {"type": "Feature", "id": 1609, "geometry": {"type": "Point", "coordinates": [23.533, 45.952]}, "properties": {"name": "Sebe\u0219 Alba solar project I", "fuel": "solar", "mw": 2.1, "country": "ROU", "status": "operating"}}, {"type": "Feature", "id": 1610, "geometry": {"type": "Point", "coordinates": [24.403, 45.834]}, "properties": {"name": "Sibiu solar project III", "fuel": "solar", "mw": 2.3, "country": "ROU", "status": "operating"}}, {"type": "Feature", "id": 1611, "geometry": {"type": "Point", "coordinates": [21.126, 45.85]}, "properties": {"name": "Timi\u0219 solar project VI", "fuel": "solar", "mw": 2.2, "country": "ROU", "status": "operating"}}, {"type": "Feature", "id": 1612, "geometry": {"type": "Point", "coordinates": [24.343, 44.271]}, "properties": {"name": "Olt solar project V", "fuel": "solar", "mw": 8.3, "country": "ROU", "status": "operating"}}, {"type": "Feature", "id": 1613, "geometry": {"type": "Point", "coordinates": [20.937, 45.573]}, "properties": {"name": "Timi\u0219 solar project VII", "fuel": "solar", "mw": 1.6, "country": "ROU", "status": "operating"}}, {"type": "Feature", "id": 1614, "geometry": {"type": "Point", "coordinates": [25.806, 44.058]}, "properties": {"name": "Giurgiu solar project IX", "fuel": "solar", "mw": 6.3, "country": "ROU", "status": "operating"}}, {"type": "Feature", "id": 1615, "geometry": {"type": "Point", "coordinates": [25.228, 44.733]}, "properties": {"name": "D\u00e2mbovi\u021ba solar project X", "fuel": "solar", "mw": 3.2, "country": "ROU", "status": "operating"}}, {"type": "Feature", "id": 1616, "geometry": {"type": "Point", "coordinates": [21.717, 45.686]}, "properties": {"name": "Timi\u0219 solar project VIII", "fuel": "solar", "mw": 2.5, "country": "ROU", "status": "operating"}}, {"type": "Feature", "id": 1617, "geometry": {"type": "Point", "coordinates": [24.515, 46.541]}, "properties": {"name": "Mure\u0219 solar project VI", "fuel": "solar", "mw": 1.8, "country": "ROU", "status": "operating"}}, {"type": "Feature", "id": 1618, "geometry": {"type": "Point", "coordinates": [24.06, 45.835]}, "properties": {"name": "Sibiu solar project IV", "fuel": "solar", "mw": 3.5, "country": "ROU", "status": "operating"}}, {"type": "Feature", "id": 1619, "geometry": {"type": "Point", "coordinates": [21.718, 45.77]}, "properties": {"name": "Timi\u0219 solar project IX", "fuel": "solar", "mw": 1.2, "country": "ROU", "status": "operating"}}, {"type": "Feature", "id": 1620, "geometry": {"type": "Point", "coordinates": [24.714, 46.773]}, "properties": {"name": "Reghin Mure\u0219 solar project", "fuel": "solar", "mw": 1.8, "country": "ROU", "status": "operating"}}, {"type": "Feature", "id": 1621, "geometry": {"type": "Point", "coordinates": [21.613, 45.672]}, "properties": {"name": "Timi\u0219 solar project X", "fuel": "solar", "mw": 3.5, "country": "ROU", "status": "operating"}}, {"type": "Feature", "id": 1622, "geometry": {"type": "Point", "coordinates": [26.258, 44.526]}, "properties": {"name": "Ilfov solar project I", "fuel": "solar", "mw": 2.0, "country": "ROU", "status": "operating"}}, {"type": "Feature", "id": 1623, "geometry": {"type": "Point", "coordinates": [24.182, 44.36]}, "properties": {"name": "Olt solar project VI", "fuel": "solar", "mw": 1.8, "country": "ROU", "status": "operating"}}, {"type": "Feature", "id": 1624, "geometry": {"type": "Point", "coordinates": [26.247, 44.983]}, "properties": {"name": "Prahova solar project VIII", "fuel": "solar", "mw": 1.4, "country": "ROU", "status": "operating"}}, {"type": "Feature", "id": 1625, "geometry": {"type": "Point", "coordinates": [24.564, 44.562]}, "properties": {"name": "Olt solar project VII", "fuel": "solar", "mw": 2.4, "country": "ROU", "status": "operating"}}, {"type": "Feature", "id": 1626, "geometry": {"type": "Point", "coordinates": [25.862, 44.563]}, "properties": {"name": "D\u00e2mbovi\u021ba solar project XI", "fuel": "solar", "mw": 2.3, "country": "ROU", "status": "operating"}}, {"type": "Feature", "id": 1627, "geometry": {"type": "Point", "coordinates": [24.32, 44.471]}, "properties": {"name": "Olt solar project VIII", "fuel": "solar", "mw": 1.2, "country": "ROU", "status": "operating"}}, {"type": "Feature", "id": 1628, "geometry": {"type": "Point", "coordinates": [21.441, 46.101]}, "properties": {"name": "Arad solar project III", "fuel": "solar", "mw": 3.1, "country": "ROU", "status": "operating"}}, {"type": "Feature", "id": 1629, "geometry": {"type": "Point", "coordinates": [23.846, 46.547]}, "properties": {"name": "C\u00e2mpia Turzii Cluj solar project", "fuel": "solar", "mw": 5.8, "country": "ROU", "status": "operating"}}, {"type": "Feature", "id": 1630, "geometry": {"type": "Point", "coordinates": [25.556, 44.79]}, "properties": {"name": "D\u00e2mbovi\u021ba solar project XII", "fuel": "solar", "mw": 3.4, "country": "ROU", "status": "operating"}}, {"type": "Feature", "id": 1631, "geometry": {"type": "Point", "coordinates": [23.132, 47.713]}, "properties": {"name": "Satu Mare solar project I", "fuel": "solar", "mw": 1.0, "country": "ROU", "status": "operating"}}, {"type": "Feature", "id": 1632, "geometry": {"type": "Point", "coordinates": [24.383, 46.469]}, "properties": {"name": "Mure\u0219 solar project VII", "fuel": "solar", "mw": 3.8, "country": "ROU", "status": "operating"}}, {"type": "Feature", "id": 1633, "geometry": {"type": "Point", "coordinates": [24.32, 44.467]}, "properties": {"name": "Olt solar project IX", "fuel": "solar", "mw": 1.0, "country": "ROU", "status": "operating"}}, {"type": "Feature", "id": 1634, "geometry": {"type": "Point", "coordinates": [24.257, 44.754]}, "properties": {"name": "V\u00e2lcea solar project III", "fuel": "solar", "mw": 3.3, "country": "ROU", "status": "operating"}}, {"type": "Feature", "id": 1635, "geometry": {"type": "Point", "coordinates": [25.436, 45.605]}, "properties": {"name": "Bra\u0219ov solar project VII", "fuel": "solar", "mw": 1.4, "country": "ROU", "status": "operating"}}, {"type": "Feature", "id": 1636, "geometry": {"type": "Point", "coordinates": [26.06, 45.107]}, "properties": {"name": "Prahova solar project IX", "fuel": "solar", "mw": 3.1, "country": "ROU", "status": "operating"}}, {"type": "Feature", "id": 1637, "geometry": {"type": "Point", "coordinates": [22.43, 47.393]}, "properties": {"name": "Bihor solar project VIII", "fuel": "solar", "mw": 2.0, "country": "ROU", "status": "operating"}}, {"type": "Feature", "id": 1638, "geometry": {"type": "Point", "coordinates": [23.208, 47.486]}, "properties": {"name": "Maramure\u0219 solar project I", "fuel": "solar", "mw": 3.8, "country": "ROU", "status": "operating"}}, {"type": "Feature", "id": 1639, "geometry": {"type": "Point", "coordinates": [25.949, 44.447]}, "properties": {"name": "Ilfov solar project II", "fuel": "solar", "mw": 1.2, "country": "ROU", "status": "operating"}}, {"type": "Feature", "id": 1640, "geometry": {"type": "Point", "coordinates": [23.51, 47.59]}, "properties": {"name": "Maramure\u0219 solar project II", "fuel": "solar", "mw": 4.9, "country": "ROU", "status": "operating"}}, {"type": "Feature", "id": 1641, "geometry": {"type": "Point", "coordinates": [25.719, 45.856]}, "properties": {"name": "Sf\u00e2ntu Gheorghe Covasna solar project", "fuel": "solar", "mw": 2.5, "country": "ROU", "status": "operating"}}, {"type": "Feature", "id": 1642, "geometry": {"type": "Point", "coordinates": [26.885, 45.117]}, "properties": {"name": "Buz\u0103u solar project II", "fuel": "solar", "mw": 1.0, "country": "ROU", "status": "operating"}}, {"type": "Feature", "id": 1643, "geometry": {"type": "Point", "coordinates": [25.797, 44.472]}, "properties": {"name": "Giurgiu solar project X", "fuel": "solar", "mw": 1.2, "country": "ROU", "status": "operating"}}, {"type": "Feature", "id": 1644, "geometry": {"type": "Point", "coordinates": [25.572, 45.758]}, "properties": {"name": "Bra\u0219ov solar project VIII", "fuel": "solar", "mw": 2.3, "country": "ROU", "status": "operating"}}, {"type": "Feature", "id": 1645, "geometry": {"type": "Point", "coordinates": [26.411, 44.984]}, "properties": {"name": "Prahova solar project X", "fuel": "solar", "mw": 2.0, "country": "ROU", "status": "operating"}}, {"type": "Feature", "id": 1646, "geometry": {"type": "Point", "coordinates": [26.493, 44.729]}, "properties": {"name": "Ialomi\u021ba solar project", "fuel": "solar", "mw": 1.2, "country": "ROU", "status": "operating"}}, {"type": "Feature", "id": 1647, "geometry": {"type": "Point", "coordinates": [27.478, 44.815]}, "properties": {"name": "Br\u0103ila solar project VI", "fuel": "solar", "mw": 2.8, "country": "ROU", "status": "operating"}}, {"type": "Feature", "id": 1648, "geometry": {"type": "Point", "coordinates": [21.716, 45.767]}, "properties": {"name": "Timi\u0219 solar project XI", "fuel": "solar", "mw": 1.0, "country": "ROU", "status": "operating"}}, {"type": "Feature", "id": 1649, "geometry": {"type": "Point", "coordinates": [24.399, 44.432]}, "properties": {"name": "Slatina Olt solar project", "fuel": "solar", "mw": 1.0, "country": "ROU", "status": "operating"}}, {"type": "Feature", "id": 1650, "geometry": {"type": "Point", "coordinates": [25.615, 44.343]}, "properties": {"name": "Giurgiu solar project XI", "fuel": "solar", "mw": 1.7, "country": "ROU", "status": "operating"}}, {"type": "Feature", "id": 1651, "geometry": {"type": "Point", "coordinates": [24.805, 46.592]}, "properties": {"name": "Mure\u0219 solar project VIII", "fuel": "solar", "mw": 1.3, "country": "ROU", "status": "operating"}}, {"type": "Feature", "id": 1652, "geometry": {"type": "Point", "coordinates": [24.326, 47.238]}, "properties": {"name": "Bistri\u021ba-N\u0103s\u0103ud solar project II", "fuel": "solar", "mw": 3.0, "country": "ROU", "status": "operating"}}, {"type": "Feature", "id": 1653, "geometry": {"type": "Point", "coordinates": [24.699, 44.446]}, "properties": {"name": "Olt solar project X", "fuel": "solar", "mw": 2.3, "country": "ROU", "status": "operating"}}, {"type": "Feature", "id": 1654, "geometry": {"type": "Point", "coordinates": [24.979, 44.088]}, "properties": {"name": "Ro\u0219iorii De Vede Teleorman solar project III", "fuel": "solar", "mw": 1.4, "country": "ROU", "status": "operating"}}, {"type": "Feature", "id": 1655, "geometry": {"type": "Point", "coordinates": [28.254, 44.492]}, "properties": {"name": "Constan\u021ba solar project III", "fuel": "solar", "mw": 1.1, "country": "ROU", "status": "operating"}}, {"type": "Feature", "id": 1656, "geometry": {"type": "Point", "coordinates": [21.631, 46.784]}, "properties": {"name": "Salonta Bihor solar project I", "fuel": "solar", "mw": 3.0, "country": "ROU", "status": "operating"}}, {"type": "Feature", "id": 1657, "geometry": {"type": "Point", "coordinates": [26.435, 45.008]}, "properties": {"name": "Prahova solar project XI", "fuel": "solar", "mw": 1.5, "country": "ROU", "status": "operating"}}, {"type": "Feature", "id": 1658, "geometry": {"type": "Point", "coordinates": [24.069, 44.174]}, "properties": {"name": "Dolj solar project IX", "fuel": "solar", "mw": 9.7, "country": "ROU", "status": "operating"}}, {"type": "Feature", "id": 1659, "geometry": {"type": "Point", "coordinates": [21.431, 46.151]}, "properties": {"name": "Arad solar project IV", "fuel": "solar", "mw": 1.4, "country": "ROU", "status": "operating"}}, {"type": "Feature", "id": 1660, "geometry": {"type": "Point", "coordinates": [27.645, 45.122]}, "properties": {"name": "Br\u0103ila solar project VII", "fuel": "solar", "mw": 1.8, "country": "ROU", "status": "operating"}}, {"type": "Feature", "id": 1661, "geometry": {"type": "Point", "coordinates": [27.35, 44.581]}, "properties": {"name": "Slobozia Ialomi\u021ba solar project", "fuel": "solar", "mw": 2.4, "country": "ROU", "status": "operating"}}, {"type": "Feature", "id": 1662, "geometry": {"type": "Point", "coordinates": [24.921, 43.78]}, "properties": {"name": "Turnu M\u0103gurele Teleorman solar project", "fuel": "solar", "mw": 2.1, "country": "ROU", "status": "operating"}}, {"type": "Feature", "id": 1663, "geometry": {"type": "Point", "coordinates": [23.189, 47.686]}, "properties": {"name": "Satu Mare solar project II", "fuel": "solar", "mw": 1.1, "country": "ROU", "status": "operating"}}, {"type": "Feature", "id": 1664, "geometry": {"type": "Point", "coordinates": [25.857, 44.563]}, "properties": {"name": "D\u00e2mbovi\u021ba solar project XIII", "fuel": "solar", "mw": 1.7, "country": "ROU", "status": "operating"}}, {"type": "Feature", "id": 1665, "geometry": {"type": "Point", "coordinates": [26.154, 44.286]}, "properties": {"name": "Ilfov solar project III", "fuel": "solar", "mw": 1.2, "country": "ROU", "status": "operating"}}, {"type": "Feature", "id": 1666, "geometry": {"type": "Point", "coordinates": [28.155, 45.24]}, "properties": {"name": "Tulcea solar project II", "fuel": "solar", "mw": 1.9, "country": "ROU", "status": "operating"}}, {"type": "Feature", "id": 1667, "geometry": {"type": "Point", "coordinates": [24.886, 44.947]}, "properties": {"name": "Arge\u0219 solar project II", "fuel": "solar", "mw": 1.4, "country": "ROU", "status": "operating"}}, {"type": "Feature", "id": 1668, "geometry": {"type": "Point", "coordinates": [24.71, 46.608]}, "properties": {"name": "Mure\u0219 solar project IX", "fuel": "solar", "mw": 1.8, "country": "ROU", "status": "operating"}}, {"type": "Feature", "id": 1669, "geometry": {"type": "Point", "coordinates": [25.578, 45.758]}, "properties": {"name": "Bra\u0219ov solar project IX", "fuel": "solar", "mw": 1.8, "country": "ROU", "status": "operating"}}, {"type": "Feature", "id": 1670, "geometry": {"type": "Point", "coordinates": [24.225, 46.113]}, "properties": {"name": "Sibiu solar project V", "fuel": "solar", "mw": 3.1, "country": "ROU", "status": "operating"}}, {"type": "Feature", "id": 1671, "geometry": {"type": "Point", "coordinates": [21.653, 46.825]}, "properties": {"name": "Salonta Bihor solar project II", "fuel": "solar", "mw": 4.9, "country": "ROU", "status": "operating"}}, {"type": "Feature", "id": 1672, "geometry": {"type": "Point", "coordinates": [24.829, 44.621]}, "properties": {"name": "Arge\u0219 solar project III", "fuel": "solar", "mw": 3.8, "country": "ROU", "status": "operating"}}, {"type": "Feature", "id": 1673, "geometry": {"type": "Point", "coordinates": [23.374, 44.031]}, "properties": {"name": "B\u0103ile\u0219ti Dolj solar project II", "fuel": "solar", "mw": 4.8, "country": "ROU", "status": "operating"}}, {"type": "Feature", "id": 1674, "geometry": {"type": "Point", "coordinates": [25.552, 44.296]}, "properties": {"name": "Teleorman solar project I", "fuel": "solar", "mw": 4.6, "country": "ROU", "status": "operating"}}, {"type": "Feature", "id": 1675, "geometry": {"type": "Point", "coordinates": [27.507, 44.795]}, "properties": {"name": "Br\u0103ila solar project VIII", "fuel": "solar", "mw": 3.8, "country": "ROU", "status": "operating"}}, {"type": "Feature", "id": 1676, "geometry": {"type": "Point", "coordinates": [21.819, 46.935]}, "properties": {"name": "Bihor solar project IX", "fuel": "solar", "mw": 4.3, "country": "ROU", "status": "operating"}}, {"type": "Feature", "id": 1677, "geometry": {"type": "Point", "coordinates": [24.908, 44.856]}, "properties": {"name": "Arge\u0219 solar project IV", "fuel": "solar", "mw": 1.3, "country": "ROU", "status": "operating"}}, {"type": "Feature", "id": 1678, "geometry": {"type": "Point", "coordinates": [26.148, 44.917]}, "properties": {"name": "Prahova solar project XII", "fuel": "solar", "mw": 4.6, "country": "ROU", "status": "operating"}}, {"type": "Feature", "id": 1679, "geometry": {"type": "Point", "coordinates": [26.544, 44.397]}, "properties": {"name": "C\u0103l\u0103ra\u0219i solar project IV", "fuel": "solar", "mw": 5.5, "country": "ROU", "status": "operating"}}, {"type": "Feature", "id": 1680, "geometry": {"type": "Point", "coordinates": [25.753, 45.016]}, "properties": {"name": "Prahova solar project XIII", "fuel": "solar", "mw": 2.0, "country": "ROU", "status": "operating"}}, {"type": "Feature", "id": 1681, "geometry": {"type": "Point", "coordinates": [25.209, 44.767]}, "properties": {"name": "Arge\u0219 solar project V", "fuel": "solar", "mw": 1.2, "country": "ROU", "status": "operating"}}, {"type": "Feature", "id": 1682, "geometry": {"type": "Point", "coordinates": [25.478, 45.78]}, "properties": {"name": "Bra\u0219ov solar project X", "fuel": "solar", "mw": 1.2, "country": "ROU", "status": "operating"}}, {"type": "Feature", "id": 1683, "geometry": {"type": "Point", "coordinates": [21.318, 46.244]}, "properties": {"name": "Arad solar project V", "fuel": "solar", "mw": 3.1, "country": "ROU", "status": "operating"}}, {"type": "Feature", "id": 1684, "geometry": {"type": "Point", "coordinates": [27.594, 44.908]}, "properties": {"name": "Br\u0103ila solar project IX", "fuel": "solar", "mw": 1.1, "country": "ROU", "status": "operating"}}, {"type": "Feature", "id": 1685, "geometry": {"type": "Point", "coordinates": [24.927, 46.496]}, "properties": {"name": "Mure\u0219 solar project X", "fuel": "solar", "mw": 2.7, "country": "ROU", "status": "operating"}}, {"type": "Feature", "id": 1686, "geometry": {"type": "Point", "coordinates": [26.846, 46.249]}, "properties": {"name": "One\u0219ti Bac\u0103u solar project", "fuel": "solar", "mw": 14.2, "country": "ROU", "status": "operating"}}, {"type": "Feature", "id": 1687, "geometry": {"type": "Point", "coordinates": [21.749, 45.622]}, "properties": {"name": "Timi\u0219 solar project XII", "fuel": "solar", "mw": 1.0, "country": "ROU", "status": "operating"}}, {"type": "Feature", "id": 1688, "geometry": {"type": "Point", "coordinates": [26.726, 45.075]}, "properties": {"name": "Buz\u0103u solar project III", "fuel": "solar", "mw": 4.5, "country": "ROU", "status": "operating"}}, {"type": "Feature", "id": 1689, "geometry": {"type": "Point", "coordinates": [22.839, 44.407]}, "properties": {"name": "Mehedin\u021bi solar project II", "fuel": "solar", "mw": 7.4, "country": "ROU", "status": "operating"}}, {"type": "Feature", "id": 1690, "geometry": {"type": "Point", "coordinates": [23.945, 46.647]}, "properties": {"name": "Cluj solar project VI", "fuel": "solar", "mw": 1.6, "country": "ROU", "status": "operating"}}, {"type": "Feature", "id": 1691, "geometry": {"type": "Point", "coordinates": [26.075, 45.077]}, "properties": {"name": "Prahova solar project XIV", "fuel": "solar", "mw": 7.3, "country": "ROU", "status": "operating"}}, {"type": "Feature", "id": 1692, "geometry": {"type": "Point", "coordinates": [22.844, 44.404]}, "properties": {"name": "Mehedin\u021bi solar project III", "fuel": "solar", "mw": 2.2, "country": "ROU", "status": "operating"}}, {"type": "Feature", "id": 1693, "geometry": {"type": "Point", "coordinates": [25.512, 44.698]}, "properties": {"name": "D\u00e2mbovi\u021ba solar project XIV", "fuel": "solar", "mw": 3.1, "country": "ROU", "status": "operating"}}, {"type": "Feature", "id": 1694, "geometry": {"type": "Point", "coordinates": [24.55, 46.224]}, "properties": {"name": "Sibiu solar project VI", "fuel": "solar", "mw": 2.8, "country": "ROU", "status": "operating"}}, {"type": "Feature", "id": 1695, "geometry": {"type": "Point", "coordinates": [21.488, 45.877]}, "properties": {"name": "Timi\u0219 solar project XIII", "fuel": "solar", "mw": 1.4, "country": "ROU", "status": "operating"}}, {"type": "Feature", "id": 1696, "geometry": {"type": "Point", "coordinates": [21.06, 45.742]}, "properties": {"name": "Timi\u0219 solar project XIV", "fuel": "solar", "mw": 1.2, "country": "ROU", "status": "operating"}}, {"type": "Feature", "id": 1697, "geometry": {"type": "Point", "coordinates": [21.755, 45.619]}, "properties": {"name": "Timi\u0219 solar project XV", "fuel": "solar", "mw": 1.9, "country": "ROU", "status": "operating"}}, {"type": "Feature", "id": 1698, "geometry": {"type": "Point", "coordinates": [22.179, 45.825]}, "properties": {"name": "Timi\u0219 solar project XVI", "fuel": "solar", "mw": 4.4, "country": "ROU", "status": "operating"}}, {"type": "Feature", "id": 1699, "geometry": {"type": "Point", "coordinates": [21.909, 46.834]}, "properties": {"name": "Bihor solar project X", "fuel": "solar", "mw": 1.5, "country": "ROU", "status": "operating"}}, {"type": "Feature", "id": 1700, "geometry": {"type": "Point", "coordinates": [21.822, 47.103]}, "properties": {"name": "Bihor solar project XI", "fuel": "solar", "mw": 1.1, "country": "ROU", "status": "operating"}}, {"type": "Feature", "id": 1701, "geometry": {"type": "Point", "coordinates": [22.921, 44.241]}, "properties": {"name": "Mehedin\u021bi solar project IV", "fuel": "solar", "mw": 2.0, "country": "ROU", "status": "operating"}}, {"type": "Feature", "id": 1702, "geometry": {"type": "Point", "coordinates": [23.309, 44.991]}, "properties": {"name": "Gorj solar project IV", "fuel": "solar", "mw": 1.0, "country": "ROU", "status": "operating"}}, {"type": "Feature", "id": 1703, "geometry": {"type": "Point", "coordinates": [23.545, 46.013]}, "properties": {"name": "Sebe\u0219 Alba solar project II", "fuel": "solar", "mw": 2.9, "country": "ROU", "status": "operating"}}, {"type": "Feature", "id": 1704, "geometry": {"type": "Point", "coordinates": [24.378, 44.107]}, "properties": {"name": "Caracal Olt solar project", "fuel": "solar", "mw": 7.1, "country": "ROU", "status": "operating"}}, {"type": "Feature", "id": 1705, "geometry": {"type": "Point", "coordinates": [24.256, 44.722]}, "properties": {"name": "V\u00e2lcea solar project IV", "fuel": "solar", "mw": 1.4, "country": "ROU", "status": "operating"}}, {"type": "Feature", "id": 1706, "geometry": {"type": "Point", "coordinates": [24.064, 45.858]}, "properties": {"name": "Sibiu solar project VII", "fuel": "solar", "mw": 3.4, "country": "ROU", "status": "operating"}}, {"type": "Feature", "id": 1707, "geometry": {"type": "Point", "coordinates": [25.222, 44.269]}, "properties": {"name": "Teleorman solar project II", "fuel": "solar", "mw": 4.4, "country": "ROU", "status": "operating"}}, {"type": "Feature", "id": 1708, "geometry": {"type": "Point", "coordinates": [25.827, 44.473]}, "properties": {"name": "Giurgiu solar project XII", "fuel": "solar", "mw": 2.2, "country": "ROU", "status": "operating"}}, {"type": "Feature", "id": 1709, "geometry": {"type": "Point", "coordinates": [25.304, 44.592]}, "properties": {"name": "D\u00e2mbovi\u021ba solar project XV", "fuel": "solar", "mw": 1.8, "country": "ROU", "status": "operating"}}, {"type": "Feature", "id": 1710, "geometry": {"type": "Point", "coordinates": [26.153, 44.335]}, "properties": {"name": "Bucharest Ilfov solar project", "fuel": "solar", "mw": 1.8, "country": "ROU", "status": "operating"}}, {"type": "Feature", "id": 1711, "geometry": {"type": "Point", "coordinates": [25.9, 44.961]}, "properties": {"name": "Prahova solar project XV", "fuel": "solar", "mw": 1.7, "country": "ROU", "status": "operating"}}, {"type": "Feature", "id": 1712, "geometry": {"type": "Point", "coordinates": [26.398, 44.795]}, "properties": {"name": "Prahova solar project XVI", "fuel": "solar", "mw": 1.1, "country": "ROU", "status": "operating"}}, {"type": "Feature", "id": 1713, "geometry": {"type": "Point", "coordinates": [26.617, 44.416]}, "properties": {"name": "C\u0103l\u0103ra\u0219i solar project V", "fuel": "solar", "mw": 1.2, "country": "ROU", "status": "operating"}}, {"type": "Feature", "id": 1714, "geometry": {"type": "Point", "coordinates": [26.771, 45.062]}, "properties": {"name": "Buz\u0103u solar project IV", "fuel": "solar", "mw": 1.3, "country": "ROU", "status": "operating"}}, {"type": "Feature", "id": 1715, "geometry": {"type": "Point", "coordinates": [26.864, 46.243]}, "properties": {"name": "Bac\u0103u solar project", "fuel": "solar", "mw": 5.4, "country": "ROU", "status": "operating"}}, {"type": "Feature", "id": 1716, "geometry": {"type": "Point", "coordinates": [27.785, 45.084]}, "properties": {"name": "Br\u0103ila solar project X", "fuel": "solar", "mw": 2.2, "country": "ROU", "status": "operating"}}, {"type": "Feature", "id": 1717, "geometry": {"type": "Point", "coordinates": [23.843, 46.553]}, "properties": {"name": "Turda Cluj solar project", "fuel": "solar", "mw": 8.8, "country": "ROU", "status": "operating"}}, {"type": "Feature", "id": 1718, "geometry": {"type": "Point", "coordinates": [21.825, 46.93]}, "properties": {"name": "Bihor solar project XII", "fuel": "solar", "mw": 3.2, "country": "ROU", "status": "operating"}}, {"type": "Feature", "id": 1719, "geometry": {"type": "Point", "coordinates": [26.872, 44.336]}, "properties": {"name": "C\u0103l\u0103ra\u0219i solar project VI", "fuel": "solar", "mw": 13.9, "country": "ROU", "status": "operating"}}, {"type": "Feature", "id": 1720, "geometry": {"type": "Point", "coordinates": [25.393, 44.01]}, "properties": {"name": "Alexandria Teleorman solar project", "fuel": "solar", "mw": 11.6, "country": "ROU", "status": "operating"}}, {"type": "Feature", "id": 1721, "geometry": {"type": "Point", "coordinates": [27.833, 45.305]}, "properties": {"name": "Br\u0103ila solar project XI", "fuel": "solar", "mw": 2.3, "country": "ROU", "status": "operating"}}, {"type": "Feature", "id": 1722, "geometry": {"type": "Point", "coordinates": [22.582, 44.41]}, "properties": {"name": "Mehedin\u021bi solar project V", "fuel": "solar", "mw": 7.5, "country": "ROU", "status": "operating"}}, {"type": "Feature", "id": 1723, "geometry": {"type": "Point", "coordinates": [23.054, 44.113]}, "properties": {"name": "Dolj solar project X", "fuel": "solar", "mw": 4.2, "country": "ROU", "status": "operating"}}, {"type": "Feature", "id": 1724, "geometry": {"type": "Point", "coordinates": [25.57, 44.089]}, "properties": {"name": "Teleorman solar project III", "fuel": "solar", "mw": 7.1, "country": "ROU", "status": "operating"}}, {"type": "Feature", "id": 1725, "geometry": {"type": "Point", "coordinates": [26.448, 44.957]}, "properties": {"name": "Prahova solar project XVII", "fuel": "solar", "mw": 5.7, "country": "ROU", "status": "operating"}}, {"type": "Feature", "id": 1726, "geometry": {"type": "Point", "coordinates": [21.654, 46.083]}, "properties": {"name": "Arad solar project VI", "fuel": "solar", "mw": 5.3, "country": "ROU", "status": "operating"}}, {"type": "Feature", "id": 1727, "geometry": {"type": "Point", "coordinates": [26.083, 45.078]}, "properties": {"name": "Prahova solar project XVIII", "fuel": "solar", "mw": 5.4, "country": "ROU", "status": "operating"}}, {"type": "Feature", "id": 1728, "geometry": {"type": "Point", "coordinates": [25.857, 44.611]}, "properties": {"name": "D\u00e2mbovi\u021ba solar project XVI", "fuel": "solar", "mw": 3.6, "country": "ROU", "status": "operating"}}, {"type": "Feature", "id": 1729, "geometry": {"type": "Point", "coordinates": [21.807, 45.676]}, "properties": {"name": "Timi\u0219 solar project XVII", "fuel": "solar", "mw": 3.1, "country": "ROU", "status": "operating"}}, {"type": "Feature", "id": 1730, "geometry": {"type": "Point", "coordinates": [22.201, 47.194]}, "properties": {"name": "Bihor solar project XIII", "fuel": "solar", "mw": 2.4, "country": "ROU", "status": "operating"}}, {"type": "Feature", "id": 1731, "geometry": {"type": "Point", "coordinates": [27.331, 44.216]}, "properties": {"name": "C\u0103l\u0103ra\u0219i solar project VII", "fuel": "solar", "mw": 6.0, "country": "ROU", "status": "operating"}}, {"type": "Feature", "id": 1732, "geometry": {"type": "Point", "coordinates": [25.448, 46.347]}, "properties": {"name": "Harghita solar project", "fuel": "solar", "mw": 3.4, "country": "ROU", "status": "operating"}}, {"type": "Feature", "id": 1733, "geometry": {"type": "Point", "coordinates": [23.985, 43.852]}, "properties": {"name": "Dolj solar project XI", "fuel": "solar", "mw": 2.7, "country": "ROU", "status": "operating"}}, {"type": "Feature", "id": 1734, "geometry": {"type": "Point", "coordinates": [24.432, 44.55]}, "properties": {"name": "Olt solar project XI", "fuel": "solar", "mw": 2.5, "country": "ROU", "status": "operating"}}, {"type": "Feature", "id": 1735, "geometry": {"type": "Point", "coordinates": [26.858, 44.336]}, "properties": {"name": "C\u0103l\u0103ra\u0219i solar project VIII", "fuel": "solar", "mw": 6.3, "country": "ROU", "status": "operating"}}, {"type": "Feature", "id": 1736, "geometry": {"type": "Point", "coordinates": [21.048, 45.709]}, "properties": {"name": "Timi\u0219 solar project XVIII", "fuel": "solar", "mw": 2.4, "country": "ROU", "status": "operating"}}, {"type": "Feature", "id": 1737, "geometry": {"type": "Point", "coordinates": [21.038, 45.903]}, "properties": {"name": "Timi\u0219 solar project XIX", "fuel": "solar", "mw": 3.6, "country": "ROU", "status": "operating"}}, {"type": "Feature", "id": 1738, "geometry": {"type": "Point", "coordinates": [24.331, 46.772]}, "properties": {"name": "Bistri\u021ba-N\u0103s\u0103ud solar project III", "fuel": "solar", "mw": 1.4, "country": "ROU", "status": "operating"}}, {"type": "Feature", "id": 1739, "geometry": {"type": "Point", "coordinates": [25.887, 44.576]}, "properties": {"name": "D\u00e2mbovi\u021ba solar project XVII", "fuel": "solar", "mw": 1.3, "country": "ROU", "status": "operating"}}, {"type": "Feature", "id": 1740, "geometry": {"type": "Point", "coordinates": [21.451, 45.684]}, "properties": {"name": "Timi\u0219 solar project XX", "fuel": "solar", "mw": 2.1, "country": "ROU", "status": "operating"}}, {"type": "Feature", "id": 1741, "geometry": {"type": "Point", "coordinates": [21.613, 46.424]}, "properties": {"name": "Arad solar project VII", "fuel": "solar", "mw": 2.5, "country": "ROU", "status": "operating"}}, {"type": "Feature", "id": 1742, "geometry": {"type": "Point", "coordinates": [24.013, 44.778]}, "properties": {"name": "V\u00e2lcea solar project V", "fuel": "solar", "mw": 3.0, "country": "ROU", "status": "operating"}}, {"type": "Feature", "id": 1743, "geometry": {"type": "Point", "coordinates": [24.323, 44.352]}, "properties": {"name": "Olt solar project XII", "fuel": "solar", "mw": 2.3, "country": "ROU", "status": "operating"}}, {"type": "Feature", "id": 1744, "geometry": {"type": "Point", "coordinates": [24.969, 44.042]}, "properties": {"name": "Ro\u0219iorii De Vede Teleorman solar project IV", "fuel": "solar", "mw": 3.3, "country": "ROU", "status": "operating"}}, {"type": "Feature", "id": 1745, "geometry": {"type": "Point", "coordinates": [23.796, 41.508]}, "properties": {"name": "Hadjidimovo solar project", "fuel": "solar", "mw": 10.9, "country": "BGR", "status": "operating"}}, {"type": "Feature", "id": 1746, "geometry": {"type": "Point", "coordinates": [27.294, 42.542]}, "properties": {"name": "Kameno solar project", "fuel": "solar", "mw": 5.0, "country": "BGR", "status": "operating"}}, {"type": "Feature", "id": 1747, "geometry": {"type": "Point", "coordinates": [27.795, 43.569]}, "properties": {"name": "Dobrich solar project", "fuel": "solar", "mw": 14.1, "country": "BGR", "status": "operating"}}, {"type": "Feature", "id": 1748, "geometry": {"type": "Point", "coordinates": [25.617, 42.076]}, "properties": {"name": "Dimitrovgrad A solar project", "fuel": "solar", "mw": 5.5, "country": "BGR", "status": "operating"}}, {"type": "Feature", "id": 1749, "geometry": {"type": "Point", "coordinates": [25.866, 41.886]}, "properties": {"name": "Ostar Kamak solar project", "fuel": "solar", "mw": 5.0, "country": "BGR", "status": "operating"}}, {"type": "Feature", "id": 1750, "geometry": {"type": "Point", "coordinates": [26.095, 41.865]}, "properties": {"name": "Yerusalimovo solar project", "fuel": "solar", "mw": 5.1, "country": "BGR", "status": "operating"}}, {"type": "Feature", "id": 1751, "geometry": {"type": "Point", "coordinates": [25.635, 42.125]}, "properties": {"name": "Zdravets solar project", "fuel": "solar", "mw": 16.2, "country": "BGR", "status": "operating"}}, {"type": "Feature", "id": 1752, "geometry": {"type": "Point", "coordinates": [23.296, 42.329]}, "properties": {"name": "Sapareva A solar project", "fuel": "solar", "mw": 5.0, "country": "BGR", "status": "operating"}}, {"type": "Feature", "id": 1753, "geometry": {"type": "Point", "coordinates": [25.032, 43.308]}, "properties": {"name": "Letnitsa solar project", "fuel": "solar", "mw": 11.0, "country": "BGR", "status": "operating"}}, {"type": "Feature", "id": 1754, "geometry": {"type": "Point", "coordinates": [24.301, 42.32]}, "properties": {"name": "Solsbor solar project", "fuel": "solar", "mw": 10.0, "country": "BGR", "status": "operating"}}, {"type": "Feature", "id": 1755, "geometry": {"type": "Point", "coordinates": [24.872, 42.024]}, "properties": {"name": "Asenovgrad solar project", "fuel": "solar", "mw": 8.0, "country": "BGR", "status": "operating"}}, {"type": "Feature", "id": 1756, "geometry": {"type": "Point", "coordinates": [24.879, 42.087]}, "properties": {"name": "Plovdiv A solar project", "fuel": "solar", "mw": 5.5, "country": "BGR", "status": "operating"}}, {"type": "Feature", "id": 1757, "geometry": {"type": "Point", "coordinates": [27.134, 43.593]}, "properties": {"name": "Kaolinovo solar project", "fuel": "solar", "mw": 15.0, "country": "BGR", "status": "operating"}}, {"type": "Feature", "id": 1758, "geometry": {"type": "Point", "coordinates": [26.908, 44.035]}, "properties": {"name": "Kolarovo solar project", "fuel": "solar", "mw": 5.9, "country": "BGR", "status": "operating"}}, {"type": "Feature", "id": 1759, "geometry": {"type": "Point", "coordinates": [27.174, 44.107]}, "properties": {"name": "Montan-Renar solar project", "fuel": "solar", "mw": 7.0, "country": "BGR", "status": "operating"}}, {"type": "Feature", "id": 1760, "geometry": {"type": "Point", "coordinates": [26.361, 42.467]}, "properties": {"name": "Skobelevo solar project", "fuel": "solar", "mw": 5.0, "country": "BGR", "status": "operating"}}, {"type": "Feature", "id": 1761, "geometry": {"type": "Point", "coordinates": [23.245, 42.762]}, "properties": {"name": "Dupinovi solar project", "fuel": "solar", "mw": 15.0, "country": "BGR", "status": "operating"}}, {"type": "Feature", "id": 1762, "geometry": {"type": "Point", "coordinates": [24.803, 42.581]}, "properties": {"name": "Karlovo solar project", "fuel": "solar", "mw": 4.9, "country": "BGR", "status": "operating"}}, {"type": "Feature", "id": 1763, "geometry": {"type": "Point", "coordinates": [24.154, 42.711]}, "properties": {"name": "Pirdop I solar project", "fuel": "solar", "mw": 10.0, "country": "BGR", "status": "operating"}}, {"type": "Feature", "id": 1764, "geometry": {"type": "Point", "coordinates": [27.605, 43.207]}, "properties": {"name": "Devnya solar project", "fuel": "solar", "mw": 4.8, "country": "BGR", "status": "operating"}}, {"type": "Feature", "id": 1765, "geometry": {"type": "Point", "coordinates": [25.56, 43.203]}, "properties": {"name": "Resen A solar project", "fuel": "solar", "mw": 15.0, "country": "BGR", "status": "operating"}}, {"type": "Feature", "id": 1766, "geometry": {"type": "Point", "coordinates": [23.544, 43.242]}, "properties": {"name": "Vratsa solar project", "fuel": "solar", "mw": 18.0, "country": "BGR", "status": "operating"}}, {"type": "Feature", "id": 1767, "geometry": {"type": "Point", "coordinates": [23.54, 43.247]}, "properties": {"name": "Vratsa N solar project", "fuel": "solar", "mw": 4.9, "country": "BGR", "status": "operating"}}, {"type": "Feature", "id": 1768, "geometry": {"type": "Point", "coordinates": [26.408, 42.463]}, "properties": {"name": "Bezmer solar project", "fuel": "solar", "mw": 10.0, "country": "BGR", "status": "operating"}}, {"type": "Feature", "id": 1769, "geometry": {"type": "Point", "coordinates": [26.755, 42.516]}, "properties": {"name": "Palauzovo solar project", "fuel": "solar", "mw": 5.0, "country": "BGR", "status": "operating"}}, {"type": "Feature", "id": 1770, "geometry": {"type": "Point", "coordinates": [26.454, 42.473]}, "properties": {"name": "Yambol solar project", "fuel": "solar", "mw": 10.0, "country": "BGR", "status": "operating"}}, {"type": "Feature", "id": 1771, "geometry": {"type": "Point", "coordinates": [26.979, 43.278]}, "properties": {"name": "Shumen solar project I", "fuel": "solar", "mw": 3.2, "country": "BGR", "status": "operating"}}, {"type": "Feature", "id": 1772, "geometry": {"type": "Point", "coordinates": [26.674, 42.544]}, "properties": {"name": "Yambol solar project I", "fuel": "solar", "mw": 7.2, "country": "BGR", "status": "operating"}}, {"type": "Feature", "id": 1773, "geometry": {"type": "Point", "coordinates": [26.573, 42.339]}, "properties": {"name": "Yambol solar project II", "fuel": "solar", "mw": 4.9, "country": "BGR", "status": "operating"}}, {"type": "Feature", "id": 1774, "geometry": {"type": "Point", "coordinates": [26.618, 42.281]}, "properties": {"name": "Yambol solar project III", "fuel": "solar", "mw": 2.8, "country": "BGR", "status": "operating"}}, {"type": "Feature", "id": 1775, "geometry": {"type": "Point", "coordinates": [26.284, 42.64]}, "properties": {"name": "Sliven solar project I", "fuel": "solar", "mw": 9.9, "country": "BGR", "status": "operating"}}, {"type": "Feature", "id": 1776, "geometry": {"type": "Point", "coordinates": [26.062, 42.557]}, "properties": {"name": "Sliven solar project II", "fuel": "solar", "mw": 4.3, "country": "BGR", "status": "operating"}}, {"type": "Feature", "id": 1777, "geometry": {"type": "Point", "coordinates": [26.294, 42.65]}, "properties": {"name": "Sliven solar project III", "fuel": "solar", "mw": 9.9, "country": "BGR", "status": "operating"}}, {"type": "Feature", "id": 1778, "geometry": {"type": "Point", "coordinates": [27.146, 42.572]}, "properties": {"name": "Burgas solar project I", "fuel": "solar", "mw": 7.3, "country": "BGR", "status": "operating"}}, {"type": "Feature", "id": 1779, "geometry": {"type": "Point", "coordinates": [27.918, 43.577]}, "properties": {"name": "Dobrich solar project I", "fuel": "solar", "mw": 5.1, "country": "BGR", "status": "operating"}}, {"type": "Feature", "id": 1780, "geometry": {"type": "Point", "coordinates": [25.63, 42.608]}, "properties": {"name": "Stara Zagora solar project I", "fuel": "solar", "mw": 7.8, "country": "BGR", "status": "operating"}}, {"type": "Feature", "id": 1781, "geometry": {"type": "Point", "coordinates": [27.611, 43.55]}, "properties": {"name": "Dobrich solar project II", "fuel": "solar", "mw": 3.2, "country": "BGR", "status": "operating"}}, {"type": "Feature", "id": 1782, "geometry": {"type": "Point", "coordinates": [25.536, 41.895]}, "properties": {"name": "Haskovo solar project I", "fuel": "solar", "mw": 3.5, "country": "BGR", "status": "operating"}}, {"type": "Feature", "id": 1783, "geometry": {"type": "Point", "coordinates": [25.573, 42.18]}, "properties": {"name": "Stara Zagora solar project II", "fuel": "solar", "mw": 2.8, "country": "BGR", "status": "operating"}}, {"type": "Feature", "id": 1784, "geometry": {"type": "Point", "coordinates": [26.733, 43.008]}, "properties": {"name": "Shumen solar project II", "fuel": "solar", "mw": 1.1, "country": "BGR", "status": "operating"}}, {"type": "Feature", "id": 1785, "geometry": {"type": "Point", "coordinates": [23.337, 41.556]}, "properties": {"name": "Blagoevgrad solar project I", "fuel": "solar", "mw": 1.4, "country": "BGR", "status": "operating"}}, {"type": "Feature", "id": 1786, "geometry": {"type": "Point", "coordinates": [22.826, 43.672]}, "properties": {"name": "Vidin solar project I", "fuel": "solar", "mw": 4.5, "country": "BGR", "status": "operating"}}, {"type": "Feature", "id": 1787, "geometry": {"type": "Point", "coordinates": [25.994, 42.345]}, "properties": {"name": "Sliven solar project IV", "fuel": "solar", "mw": 1.9, "country": "BGR", "status": "operating"}}, {"type": "Feature", "id": 1788, "geometry": {"type": "Point", "coordinates": [26.006, 42.472]}, "properties": {"name": "Sliven solar project V", "fuel": "solar", "mw": 3.2, "country": "BGR", "status": "operating"}}, {"type": "Feature", "id": 1789, "geometry": {"type": "Point", "coordinates": [23.386, 43.749]}, "properties": {"name": "Montana solar project I", "fuel": "solar", "mw": 4.9, "country": "BGR", "status": "operating"}}, {"type": "Feature", "id": 1790, "geometry": {"type": "Point", "coordinates": [26.911, 42.516]}, "properties": {"name": "Burgas solar project II", "fuel": "solar", "mw": 3.3, "country": "BGR", "status": "operating"}}, {"type": "Feature", "id": 1791, "geometry": {"type": "Point", "coordinates": [22.794, 42.682]}, "properties": {"name": "Pernik solar project", "fuel": "solar", "mw": 2.9, "country": "BGR", "status": "operating"}}, {"type": "Feature", "id": 1792, "geometry": {"type": "Point", "coordinates": [24.723, 42.224]}, "properties": {"name": "Plovdiv solar project I", "fuel": "solar", "mw": 3.3, "country": "BGR", "status": "operating"}}, {"type": "Feature", "id": 1793, "geometry": {"type": "Point", "coordinates": [27.21, 44.101]}, "properties": {"name": "Silistra solar project I", "fuel": "solar", "mw": 1.7, "country": "BGR", "status": "operating"}}, {"type": "Feature", "id": 1794, "geometry": {"type": "Point", "coordinates": [25.933, 42.653]}, "properties": {"name": "Sliven solar project VI", "fuel": "solar", "mw": 5.0, "country": "BGR", "status": "operating"}}, {"type": "Feature", "id": 1795, "geometry": {"type": "Point", "coordinates": [24.736, 43.168]}, "properties": {"name": "Lovech solar project I", "fuel": "solar", "mw": 5.5, "country": "BGR", "status": "operating"}}, {"type": "Feature", "id": 1796, "geometry": {"type": "Point", "coordinates": [26.543, 42.462]}, "properties": {"name": "Yambol solar project IV", "fuel": "solar", "mw": 4.3, "country": "BGR", "status": "operating"}}, {"type": "Feature", "id": 1797, "geometry": {"type": "Point", "coordinates": [25.782, 42.63]}, "properties": {"name": "Stara Zagora solar project III", "fuel": "solar", "mw": 3.3, "country": "BGR", "status": "operating"}}, {"type": "Feature", "id": 1798, "geometry": {"type": "Point", "coordinates": [23.186, 43.452]}, "properties": {"name": "Montana solar project II", "fuel": "solar", "mw": 4.7, "country": "BGR", "status": "operating"}}, {"type": "Feature", "id": 1799, "geometry": {"type": "Point", "coordinates": [27.004, 42.32]}, "properties": {"name": "Burgas solar project III", "fuel": "solar", "mw": 3.8, "country": "BGR", "status": "operating"}}, {"type": "Feature", "id": 1800, "geometry": {"type": "Point", "coordinates": [25.954, 41.688]}, "properties": {"name": "Haskovo solar project II", "fuel": "solar", "mw": 2.1, "country": "BGR", "status": "operating"}}, {"type": "Feature", "id": 1801, "geometry": {"type": "Point", "coordinates": [27.264, 42.591]}, "properties": {"name": "Burgas solar project IV", "fuel": "solar", "mw": 5.5, "country": "BGR", "status": "operating"}}, {"type": "Feature", "id": 1802, "geometry": {"type": "Point", "coordinates": [26.357, 41.827]}, "properties": {"name": "Haskovo solar project III", "fuel": "solar", "mw": 1.3, "country": "BGR", "status": "operating"}}, {"type": "Feature", "id": 1803, "geometry": {"type": "Point", "coordinates": [26.72, 42.393]}, "properties": {"name": "Yambol solar project V", "fuel": "solar", "mw": 7.7, "country": "BGR", "status": "operating"}}, {"type": "Feature", "id": 1804, "geometry": {"type": "Point", "coordinates": [25.672, 42.61]}, "properties": {"name": "Stara Zagora solar project IV", "fuel": "solar", "mw": 4.8, "country": "BGR", "status": "operating"}}, {"type": "Feature", "id": 1805, "geometry": {"type": "Point", "coordinates": [26.242, 42.65]}, "properties": {"name": "Sliven solar project VII", "fuel": "solar", "mw": 2.9, "country": "BGR", "status": "operating"}}, {"type": "Feature", "id": 1806, "geometry": {"type": "Point", "coordinates": [26.352, 42.635]}, "properties": {"name": "Sliven solar project VIII", "fuel": "solar", "mw": 11.5, "country": "BGR", "status": "operating"}}, {"type": "Feature", "id": 1807, "geometry": {"type": "Point", "coordinates": [22.774, 43.658]}, "properties": {"name": "Vidin solar project II", "fuel": "solar", "mw": 3.0, "country": "BGR", "status": "operating"}}, {"type": "Feature", "id": 1808, "geometry": {"type": "Point", "coordinates": [24.306, 42.246]}, "properties": {"name": "Pazardzhik solar project I", "fuel": "solar", "mw": 2.6, "country": "BGR", "status": "operating"}}, {"type": "Feature", "id": 1809, "geometry": {"type": "Point", "coordinates": [24.874, 42.585]}, "properties": {"name": "Plovdiv solar project II", "fuel": "solar", "mw": 8.1, "country": "BGR", "status": "operating"}}, {"type": "Feature", "id": 1810, "geometry": {"type": "Point", "coordinates": [25.607, 41.86]}, "properties": {"name": "Haskovo solar project IV", "fuel": "solar", "mw": 1.9, "country": "BGR", "status": "operating"}}, {"type": "Feature", "id": 1811, "geometry": {"type": "Point", "coordinates": [27.327, 42.455]}, "properties": {"name": "Burgas solar project V", "fuel": "solar", "mw": 3.1, "country": "BGR", "status": "operating"}}, {"type": "Feature", "id": 1812, "geometry": {"type": "Point", "coordinates": [26.447, 42.438]}, "properties": {"name": "Yambol solar project VI", "fuel": "solar", "mw": 3.2, "country": "BGR", "status": "operating"}}, {"type": "Feature", "id": 1813, "geometry": {"type": "Point", "coordinates": [27.304, 42.395]}, "properties": {"name": "Burgas solar project VI", "fuel": "solar", "mw": 1.1, "country": "BGR", "status": "operating"}}, {"type": "Feature", "id": 1814, "geometry": {"type": "Point", "coordinates": [26.35, 42.341]}, "properties": {"name": "Yambol solar project VII", "fuel": "solar", "mw": 2.8, "country": "BGR", "status": "operating"}}, {"type": "Feature", "id": 1815, "geometry": {"type": "Point", "coordinates": [26.071, 41.855]}, "properties": {"name": "Haskovo solar project V", "fuel": "solar", "mw": 5.5, "country": "BGR", "status": "operating"}}, {"type": "Feature", "id": 1816, "geometry": {"type": "Point", "coordinates": [27.163, 42.354]}, "properties": {"name": "Burgas solar project VII", "fuel": "solar", "mw": 4.2, "country": "BGR", "status": "operating"}}, {"type": "Feature", "id": 1817, "geometry": {"type": "Point", "coordinates": [24.776, 42.433]}, "properties": {"name": "Plovdiv solar project III", "fuel": "solar", "mw": 4.2, "country": "BGR", "status": "operating"}}, {"type": "Feature", "id": 1818, "geometry": {"type": "Point", "coordinates": [26.54, 42.651]}, "properties": {"name": "Sliven solar project IX", "fuel": "solar", "mw": 3.7, "country": "BGR", "status": "operating"}}, {"type": "Feature", "id": 1819, "geometry": {"type": "Point", "coordinates": [26.582, 42.205]}, "properties": {"name": "Yambol solar project VIII", "fuel": "solar", "mw": 9.7, "country": "BGR", "status": "operating"}}, {"type": "Feature", "id": 1820, "geometry": {"type": "Point", "coordinates": [22.834, 43.679]}, "properties": {"name": "Vidin solar project III", "fuel": "solar", "mw": 2.4, "country": "BGR", "status": "operating"}}, {"type": "Feature", "id": 1821, "geometry": {"type": "Point", "coordinates": [26.655, 42.476]}, "properties": {"name": "Yambol solar project IX", "fuel": "solar", "mw": 4.1, "country": "BGR", "status": "operating"}}, {"type": "Feature", "id": 1822, "geometry": {"type": "Point", "coordinates": [25.436, 43.317]}, "properties": {"name": "Veliko Tarnovo solar project I", "fuel": "solar", "mw": 1.4, "country": "BGR", "status": "operating"}}, {"type": "Feature", "id": 1823, "geometry": {"type": "Point", "coordinates": [26.774, 42.622]}, "properties": {"name": "Yambol solar project X", "fuel": "solar", "mw": 11.9, "country": "BGR", "status": "operating"}}, {"type": "Feature", "id": 1824, "geometry": {"type": "Point", "coordinates": [26.038, 42.632]}, "properties": {"name": "Sliven solar project X", "fuel": "solar", "mw": 5.6, "country": "BGR", "status": "operating"}}, {"type": "Feature", "id": 1825, "geometry": {"type": "Point", "coordinates": [27.017, 44.043]}, "properties": {"name": "Silistra solar project II", "fuel": "solar", "mw": 8.5, "country": "BGR", "status": "operating"}}, {"type": "Feature", "id": 1826, "geometry": {"type": "Point", "coordinates": [25.595, 41.782]}, "properties": {"name": "Haskovo solar project VI", "fuel": "solar", "mw": 4.2, "country": "BGR", "status": "operating"}}, {"type": "Feature", "id": 1827, "geometry": {"type": "Point", "coordinates": [22.916, 43.614]}, "properties": {"name": "Vidin solar project IV", "fuel": "solar", "mw": 3.9, "country": "BGR", "status": "operating"}}, {"type": "Feature", "id": 1828, "geometry": {"type": "Point", "coordinates": [27.477, 43.745]}, "properties": {"name": "Dobrich solar project III", "fuel": "solar", "mw": 5.9, "country": "BGR", "status": "operating"}}, {"type": "Feature", "id": 1829, "geometry": {"type": "Point", "coordinates": [26.195, 41.849]}, "properties": {"name": "Haskovo solar project VII", "fuel": "solar", "mw": 1.6, "country": "BGR", "status": "operating"}}, {"type": "Feature", "id": 1830, "geometry": {"type": "Point", "coordinates": [26.522, 42.447]}, "properties": {"name": "Yambol solar project XI", "fuel": "solar", "mw": 3.7, "country": "BGR", "status": "operating"}}, {"type": "Feature", "id": 1831, "geometry": {"type": "Point", "coordinates": [26.208, 42.539]}, "properties": {"name": "Sliven solar project XI", "fuel": "solar", "mw": 3.0, "country": "BGR", "status": "operating"}}, {"type": "Feature", "id": 1832, "geometry": {"type": "Point", "coordinates": [26.89, 42.722]}, "properties": {"name": "Burgas solar project VIII", "fuel": "solar", "mw": 4.9, "country": "BGR", "status": "operating"}}, {"type": "Feature", "id": 1833, "geometry": {"type": "Point", "coordinates": [26.31, 43.972]}, "properties": {"name": "Ruse solar project I", "fuel": "solar", "mw": 1.6, "country": "BGR", "status": "operating"}}, {"type": "Feature", "id": 1834, "geometry": {"type": "Point", "coordinates": [26.455, 42.418]}, "properties": {"name": "Yambol solar project XII", "fuel": "solar", "mw": 3.2, "country": "BGR", "status": "operating"}}, {"type": "Feature", "id": 1835, "geometry": {"type": "Point", "coordinates": [22.526, 43.9]}, "properties": {"name": "Vidin solar project V", "fuel": "solar", "mw": 3.8, "country": "BGR", "status": "operating"}}, {"type": "Feature", "id": 1836, "geometry": {"type": "Point", "coordinates": [27.123, 43.604]}, "properties": {"name": "Shumen solar project III", "fuel": "solar", "mw": 6.1, "country": "BGR", "status": "operating"}}, {"type": "Feature", "id": 1837, "geometry": {"type": "Point", "coordinates": [26.965, 42.246]}, "properties": {"name": "Burgas solar project IX", "fuel": "solar", "mw": 1.6, "country": "BGR", "status": "operating"}}, {"type": "Feature", "id": 1838, "geometry": {"type": "Point", "coordinates": [25.66, 42.422]}, "properties": {"name": "Stara Zagora solar project V", "fuel": "solar", "mw": 1.9, "country": "BGR", "status": "operating"}}, {"type": "Feature", "id": 1839, "geometry": {"type": "Point", "coordinates": [27.543, 42.598]}, "properties": {"name": "Burgas solar project X", "fuel": "solar", "mw": 1.3, "country": "BGR", "status": "operating"}}, {"type": "Feature", "id": 1840, "geometry": {"type": "Point", "coordinates": [25.77, 41.663]}, "properties": {"name": "Haskovo solar project VIII", "fuel": "solar", "mw": 2.8, "country": "BGR", "status": "operating"}}, {"type": "Feature", "id": 1841, "geometry": {"type": "Point", "coordinates": [25.393, 41.617]}, "properties": {"name": "Kardzhali solar project I", "fuel": "solar", "mw": 6.2, "country": "BGR", "status": "operating"}}, {"type": "Feature", "id": 1842, "geometry": {"type": "Point", "coordinates": [26.397, 42.566]}, "properties": {"name": "Sliven solar project XII", "fuel": "solar", "mw": 1.3, "country": "BGR", "status": "operating"}}, {"type": "Feature", "id": 1843, "geometry": {"type": "Point", "coordinates": [26.398, 42.266]}, "properties": {"name": "Yambol solar project XIII", "fuel": "solar", "mw": 2.4, "country": "BGR", "status": "operating"}}, {"type": "Feature", "id": 1844, "geometry": {"type": "Point", "coordinates": [27.164, 42.615]}, "properties": {"name": "Burgas solar project XI", "fuel": "solar", "mw": 1.3, "country": "BGR", "status": "operating"}}, {"type": "Feature", "id": 1845, "geometry": {"type": "Point", "coordinates": [27.063, 42.745]}, "properties": {"name": "Burgas solar project XII", "fuel": "solar", "mw": 2.0, "country": "BGR", "status": "operating"}}, {"type": "Feature", "id": 1846, "geometry": {"type": "Point", "coordinates": [26.318, 42.63]}, "properties": {"name": "Sliven solar project XIII", "fuel": "solar", "mw": 1.2, "country": "BGR", "status": "operating"}}, {"type": "Feature", "id": 1847, "geometry": {"type": "Point", "coordinates": [27.202, 44.107]}, "properties": {"name": "Silistra solar project III", "fuel": "solar", "mw": 1.5, "country": "BGR", "status": "operating"}}, {"type": "Feature", "id": 1848, "geometry": {"type": "Point", "coordinates": [27.804, 43.054]}, "properties": {"name": "Varna solar project I", "fuel": "solar", "mw": 7.5, "country": "BGR", "status": "operating"}}, {"type": "Feature", "id": 1849, "geometry": {"type": "Point", "coordinates": [25.007, 42.224]}, "properties": {"name": "Plovdiv solar project IV", "fuel": "solar", "mw": 3.1, "country": "BGR", "status": "operating"}}, {"type": "Feature", "id": 1850, "geometry": {"type": "Point", "coordinates": [26.792, 42.432]}, "properties": {"name": "Yambol solar project XIV", "fuel": "solar", "mw": 3.1, "country": "BGR", "status": "operating"}}, {"type": "Feature", "id": 1851, "geometry": {"type": "Point", "coordinates": [27.256, 44.059]}, "properties": {"name": "Silistra solar project IV", "fuel": "solar", "mw": 5.6, "country": "BGR", "status": "operating"}}, {"type": "Feature", "id": 1852, "geometry": {"type": "Point", "coordinates": [24.208, 42.246]}, "properties": {"name": "Pazardzhik solar project II", "fuel": "solar", "mw": 3.9, "country": "BGR", "status": "operating"}}, {"type": "Feature", "id": 1853, "geometry": {"type": "Point", "coordinates": [27.552, 42.592]}, "properties": {"name": "Burgas solar project XIII", "fuel": "solar", "mw": 4.0, "country": "BGR", "status": "operating"}}, {"type": "Feature", "id": 1854, "geometry": {"type": "Point", "coordinates": [22.893, 43.654]}, "properties": {"name": "Vidin solar project VI", "fuel": "solar", "mw": 1.3, "country": "BGR", "status": "operating"}}, {"type": "Feature", "id": 1855, "geometry": {"type": "Point", "coordinates": [26.555, 42.533]}, "properties": {"name": "Yambol solar project XV", "fuel": "solar", "mw": 4.6, "country": "BGR", "status": "operating"}}, {"type": "Feature", "id": 1856, "geometry": {"type": "Point", "coordinates": [23.342, 41.453]}, "properties": {"name": "Blagoevgrad solar project II", "fuel": "solar", "mw": 3.0, "country": "BGR", "status": "operating"}}, {"type": "Feature", "id": 1857, "geometry": {"type": "Point", "coordinates": [27.199, 42.595]}, "properties": {"name": "Burgas solar project XIV", "fuel": "solar", "mw": 2.3, "country": "BGR", "status": "operating"}}, {"type": "Feature", "id": 1858, "geometry": {"type": "Point", "coordinates": [25.144, 42.219]}, "properties": {"name": "Stara Zagora solar project VI", "fuel": "solar", "mw": 3.3, "country": "BGR", "status": "operating"}}, {"type": "Feature", "id": 1859, "geometry": {"type": "Point", "coordinates": [23.576, 42.54]}, "properties": {"name": "Sofia solar project I", "fuel": "solar", "mw": 2.4, "country": "BGR", "status": "operating"}}, {"type": "Feature", "id": 1860, "geometry": {"type": "Point", "coordinates": [27.264, 42.339]}, "properties": {"name": "Burgas solar project XV", "fuel": "solar", "mw": 4.4, "country": "BGR", "status": "operating"}}, {"type": "Feature", "id": 1861, "geometry": {"type": "Point", "coordinates": [26.235, 42.62]}, "properties": {"name": "Sliven solar project XIV", "fuel": "solar", "mw": 2.6, "country": "BGR", "status": "operating"}}, {"type": "Feature", "id": 1862, "geometry": {"type": "Point", "coordinates": [26.407, 42.666]}, "properties": {"name": "Sliven solar project XV", "fuel": "solar", "mw": 5.3, "country": "BGR", "status": "operating"}}, {"type": "Feature", "id": 1863, "geometry": {"type": "Point", "coordinates": [25.669, 41.96]}, "properties": {"name": "Haskovo solar project IX", "fuel": "solar", "mw": 1.3, "country": "BGR", "status": "operating"}}, {"type": "Feature", "id": 1864, "geometry": {"type": "Point", "coordinates": [26.913, 42.693]}, "properties": {"name": "Burgas solar project XVI", "fuel": "solar", "mw": 2.3, "country": "BGR", "status": "operating"}}, {"type": "Feature", "id": 1865, "geometry": {"type": "Point", "coordinates": [23.725, 42.517]}, "properties": {"name": "Sofia solar project II", "fuel": "solar", "mw": 2.8, "country": "BGR", "status": "operating"}}, {"type": "Feature", "id": 1866, "geometry": {"type": "Point", "coordinates": [24.701, 42.638]}, "properties": {"name": "Plovdiv solar project V", "fuel": "solar", "mw": 5.1, "country": "BGR", "status": "operating"}}, {"type": "Feature", "id": 1867, "geometry": {"type": "Point", "coordinates": [26.556, 42.459]}, "properties": {"name": "Yambol solar project XVI", "fuel": "solar", "mw": 1.7, "country": "BGR", "status": "operating"}}, {"type": "Feature", "id": 1868, "geometry": {"type": "Point", "coordinates": [26.676, 42.698]}, "properties": {"name": "Sliven solar project XVI", "fuel": "solar", "mw": 6.6, "country": "BGR", "status": "operating"}}, {"type": "Feature", "id": 1869, "geometry": {"type": "Point", "coordinates": [23.351, 41.463]}, "properties": {"name": "Blagoevgrad solar project III", "fuel": "solar", "mw": 1.8, "country": "BGR", "status": "operating"}}, {"type": "Feature", "id": 1870, "geometry": {"type": "Point", "coordinates": [26.585, 42.321]}, "properties": {"name": "Yambol solar project XVII", "fuel": "solar", "mw": 3.1, "country": "BGR", "status": "operating"}}, {"type": "Feature", "id": 1871, "geometry": {"type": "Point", "coordinates": [25.031, 42.33]}, "properties": {"name": "Plovdiv solar project VI", "fuel": "solar", "mw": 3.5, "country": "BGR", "status": "operating"}}, {"type": "Feature", "id": 1872, "geometry": {"type": "Point", "coordinates": [26.33, 42.332]}, "properties": {"name": "Yambol solar project XVIII", "fuel": "solar", "mw": 1.8, "country": "BGR", "status": "operating"}}, {"type": "Feature", "id": 1873, "geometry": {"type": "Point", "coordinates": [24.365, 43.038]}, "properties": {"name": "Lovech solar project II", "fuel": "solar", "mw": 1.8, "country": "BGR", "status": "operating"}}, {"type": "Feature", "id": 1874, "geometry": {"type": "Point", "coordinates": [25.218, 42.079]}, "properties": {"name": "Plovdiv solar project VII", "fuel": "solar", "mw": 3.4, "country": "BGR", "status": "operating"}}, {"type": "Feature", "id": 1875, "geometry": {"type": "Point", "coordinates": [22.747, 43.661]}, "properties": {"name": "Vidin solar project VII", "fuel": "solar", "mw": 9.2, "country": "BGR", "status": "operating"}}, {"type": "Feature", "id": 1876, "geometry": {"type": "Point", "coordinates": [23.309, 41.458]}, "properties": {"name": "Blagoevgrad solar project IV", "fuel": "solar", "mw": 1.4, "country": "BGR", "status": "operating"}}, {"type": "Feature", "id": 1877, "geometry": {"type": "Point", "coordinates": [24.611, 42.315]}, "properties": {"name": "Plovdiv solar project VIII", "fuel": "solar", "mw": 6.8, "country": "BGR", "status": "operating"}}, {"type": "Feature", "id": 1878, "geometry": {"type": "Point", "coordinates": [26.313, 42.164]}, "properties": {"name": "Haskovo solar project X", "fuel": "solar", "mw": 1.4, "country": "BGR", "status": "operating"}}, {"type": "Feature", "id": 1879, "geometry": {"type": "Point", "coordinates": [25.043, 43.305]}, "properties": {"name": "Lovech solar project III", "fuel": "solar", "mw": 1.1, "country": "BGR", "status": "operating"}}, {"type": "Feature", "id": 1880, "geometry": {"type": "Point", "coordinates": [22.862, 43.695]}, "properties": {"name": "Vidin solar project VIII", "fuel": "solar", "mw": 3.5, "country": "BGR", "status": "operating"}}, {"type": "Feature", "id": 1881, "geometry": {"type": "Point", "coordinates": [25.167, 42.634]}, "properties": {"name": "Stara Zagora solar project VII", "fuel": "solar", "mw": 2.6, "country": "BGR", "status": "operating"}}, {"type": "Feature", "id": 1882, "geometry": {"type": "Point", "coordinates": [26.757, 43.945]}, "properties": {"name": "Silistra solar project V", "fuel": "solar", "mw": 5.8, "country": "BGR", "status": "operating"}}, {"type": "Feature", "id": 1883, "geometry": {"type": "Point", "coordinates": [27.555, 43.82]}, "properties": {"name": "Dobrich solar project IV", "fuel": "solar", "mw": 1.3, "country": "BGR", "status": "operating"}}, {"type": "Feature", "id": 1884, "geometry": {"type": "Point", "coordinates": [25.563, 41.995]}, "properties": {"name": "Haskovo solar project XI", "fuel": "solar", "mw": 1.3, "country": "BGR", "status": "operating"}}, {"type": "Feature", "id": 1885, "geometry": {"type": "Point", "coordinates": [24.419, 43.124]}, "properties": {"name": "Lovech solar project IV", "fuel": "solar", "mw": 5.1, "country": "BGR", "status": "operating"}}, {"type": "Feature", "id": 1886, "geometry": {"type": "Point", "coordinates": [24.11, 42.339]}, "properties": {"name": "Pazardzhik solar project III", "fuel": "solar", "mw": 2.7, "country": "BGR", "status": "operating"}}, {"type": "Feature", "id": 1887, "geometry": {"type": "Point", "coordinates": [25.442, 43.315]}, "properties": {"name": "Veliko Tarnovo solar project II", "fuel": "solar", "mw": 2.0, "country": "BGR", "status": "operating"}}, {"type": "Feature", "id": 1888, "geometry": {"type": "Point", "coordinates": [27.662, 42.385]}, "properties": {"name": "Burgas solar project XVII", "fuel": "solar", "mw": 1.2, "country": "BGR", "status": "operating"}}, {"type": "Feature", "id": 1889, "geometry": {"type": "Point", "coordinates": [23.434, 43.696]}, "properties": {"name": "Montana solar project III", "fuel": "solar", "mw": 1.4, "country": "BGR", "status": "operating"}}, {"type": "Feature", "id": 1890, "geometry": {"type": "Point", "coordinates": [26.038, 43.743]}, "properties": {"name": "Ruse solar project II", "fuel": "solar", "mw": 1.6, "country": "BGR", "status": "operating"}}, {"type": "Feature", "id": 1891, "geometry": {"type": "Point", "coordinates": [22.862, 43.549]}, "properties": {"name": "Vidin solar project IX", "fuel": "solar", "mw": 1.6, "country": "BGR", "status": "operating"}}, {"type": "Feature", "id": 1892, "geometry": {"type": "Point", "coordinates": [26.785, 42.563]}, "properties": {"name": "Yambol solar project XIX", "fuel": "solar", "mw": 1.2, "country": "BGR", "status": "operating"}}, {"type": "Feature", "id": 1893, "geometry": {"type": "Point", "coordinates": [24.161, 43.215]}, "properties": {"name": "Lovech solar project V", "fuel": "solar", "mw": 3.0, "country": "BGR", "status": "operating"}}, {"type": "Feature", "id": 1894, "geometry": {"type": "Point", "coordinates": [25.633, 42.078]}, "properties": {"name": "Haskovo solar project XII", "fuel": "solar", "mw": 2.6, "country": "BGR", "status": "operating"}}, {"type": "Feature", "id": 1895, "geometry": {"type": "Point", "coordinates": [25.785, 41.99]}, "properties": {"name": "Haskovo solar project XIII", "fuel": "solar", "mw": 1.9, "country": "BGR", "status": "operating"}}, {"type": "Feature", "id": 1896, "geometry": {"type": "Point", "coordinates": [25.182, 42.637]}, "properties": {"name": "Stara Zagora solar project VIII", "fuel": "solar", "mw": 1.7, "country": "BGR", "status": "operating"}}, {"type": "Feature", "id": 1897, "geometry": {"type": "Point", "coordinates": [24.293, 42.173]}, "properties": {"name": "Pazardzhik solar project IV", "fuel": "solar", "mw": 3.7, "country": "BGR", "status": "operating"}}, {"type": "Feature", "id": 1898, "geometry": {"type": "Point", "coordinates": [22.681, 43.77]}, "properties": {"name": "Vidin solar project X", "fuel": "solar", "mw": 1.1, "country": "BGR", "status": "operating"}}, {"type": "Feature", "id": 1899, "geometry": {"type": "Point", "coordinates": [25.982, 43.443]}, "properties": {"name": "Ruse solar project III", "fuel": "solar", "mw": 1.5, "country": "BGR", "status": "operating"}}, {"type": "Feature", "id": 1900, "geometry": {"type": "Point", "coordinates": [25.342, 42.119]}, "properties": {"name": "Stara Zagora solar project IX", "fuel": "solar", "mw": 1.3, "country": "BGR", "status": "operating"}}, {"type": "Feature", "id": 1901, "geometry": {"type": "Point", "coordinates": [25.904, 42.68]}, "properties": {"name": "Sliven solar project XVII", "fuel": "solar", "mw": 1.1, "country": "BGR", "status": "operating"}}, {"type": "Feature", "id": 1902, "geometry": {"type": "Point", "coordinates": [23.063, 43.665]}, "properties": {"name": "Montana solar project IV", "fuel": "solar", "mw": 1.5, "country": "BGR", "status": "operating"}}, {"type": "Feature", "id": 1903, "geometry": {"type": "Point", "coordinates": [25.365, 42.099]}, "properties": {"name": "Haskovo solar project XIV", "fuel": "solar", "mw": 6.0, "country": "BGR", "status": "operating"}}, {"type": "Feature", "id": 1904, "geometry": {"type": "Point", "coordinates": [23.33, 41.472]}, "properties": {"name": "Blagoevgrad solar project V", "fuel": "solar", "mw": 4.9, "country": "BGR", "status": "operating"}}, {"type": "Feature", "id": 1905, "geometry": {"type": "Point", "coordinates": [24.707, 42.368]}, "properties": {"name": "Plovdiv solar project IX", "fuel": "solar", "mw": 3.8, "country": "BGR", "status": "operating"}}, {"type": "Feature", "id": 1906, "geometry": {"type": "Point", "coordinates": [26.084, 42.363]}, "properties": {"name": "Sliven solar project XVIII", "fuel": "solar", "mw": 1.7, "country": "BGR", "status": "operating"}}, {"type": "Feature", "id": 1907, "geometry": {"type": "Point", "coordinates": [25.565, 41.999]}, "properties": {"name": "Haskovo solar project XV", "fuel": "solar", "mw": 2.4, "country": "BGR", "status": "operating"}}, {"type": "Feature", "id": 1908, "geometry": {"type": "Point", "coordinates": [23.292, 41.511]}, "properties": {"name": "Blagoevgrad solar project VI", "fuel": "solar", "mw": 4.1, "country": "BGR", "status": "operating"}}, {"type": "Feature", "id": 1909, "geometry": {"type": "Point", "coordinates": [23.375, 42.394]}, "properties": {"name": "Sofia solar project III", "fuel": "solar", "mw": 1.8, "country": "BGR", "status": "operating"}}, {"type": "Feature", "id": 1910, "geometry": {"type": "Point", "coordinates": [23.709, 43.538]}, "properties": {"name": "Vratsa solar project I", "fuel": "solar", "mw": 2.2, "country": "BGR", "status": "operating"}}, {"type": "Feature", "id": 1911, "geometry": {"type": "Point", "coordinates": [25.264, 42.186]}, "properties": {"name": "Stara Zagora solar project X", "fuel": "solar", "mw": 3.5, "country": "BGR", "status": "operating"}}, {"type": "Feature", "id": 1912, "geometry": {"type": "Point", "coordinates": [27.252, 42.572]}, "properties": {"name": "Burgas solar project XVIII", "fuel": "solar", "mw": 1.2, "country": "BGR", "status": "operating"}}, {"type": "Feature", "id": 1913, "geometry": {"type": "Point", "coordinates": [25.955, 42.679]}, "properties": {"name": "Sliven solar project XIX", "fuel": "solar", "mw": 1.1, "country": "BGR", "status": "operating"}}, {"type": "Feature", "id": 1914, "geometry": {"type": "Point", "coordinates": [27.614, 43.198]}, "properties": {"name": "Varna solar project II", "fuel": "solar", "mw": 1.2, "country": "BGR", "status": "operating"}}, {"type": "Feature", "id": 1915, "geometry": {"type": "Point", "coordinates": [27.763, 42.829]}, "properties": {"name": "Burgas solar project XIX", "fuel": "solar", "mw": 2.8, "country": "BGR", "status": "operating"}}, {"type": "Feature", "id": 1916, "geometry": {"type": "Point", "coordinates": [23.879, 42.412]}, "properties": {"name": "Sofia solar project IV", "fuel": "solar", "mw": 2.8, "country": "BGR", "status": "operating"}}, {"type": "Feature", "id": 1917, "geometry": {"type": "Point", "coordinates": [23.232, 43.791]}, "properties": {"name": "Montana solar project V", "fuel": "solar", "mw": 11.0, "country": "BGR", "status": "operating"}}, {"type": "Feature", "id": 1918, "geometry": {"type": "Point", "coordinates": [27.489, 42.644]}, "properties": {"name": "Burgas solar project XX", "fuel": "solar", "mw": 1.4, "country": "BGR", "status": "operating"}}, {"type": "Feature", "id": 1919, "geometry": {"type": "Point", "coordinates": [24.127, 42.265]}, "properties": {"name": "Pazardzhik solar project V", "fuel": "solar", "mw": 4.0, "country": "BGR", "status": "operating"}}, {"type": "Feature", "id": 1920, "geometry": {"type": "Point", "coordinates": [23.212, 41.704]}, "properties": {"name": "Blagoevgrad solar project VII", "fuel": "solar", "mw": 1.5, "country": "BGR", "status": "operating"}}, {"type": "Feature", "id": 1921, "geometry": {"type": "Point", "coordinates": [26.084, 41.748]}, "properties": {"name": "Haskovo solar project XVI", "fuel": "solar", "mw": 1.5, "country": "BGR", "status": "operating"}}, {"type": "Feature", "id": 1922, "geometry": {"type": "Point", "coordinates": [23.435, 43.698]}, "properties": {"name": "Montana solar project VI", "fuel": "solar", "mw": 1.2, "country": "BGR", "status": "operating"}}, {"type": "Feature", "id": 1923, "geometry": {"type": "Point", "coordinates": [26.707, 42.548]}, "properties": {"name": "Yambol solar project XX", "fuel": "solar", "mw": 2.6, "country": "BGR", "status": "operating"}}, {"type": "Feature", "id": 1924, "geometry": {"type": "Point", "coordinates": [23.37, 42.394]}, "properties": {"name": "Sofia solar project V", "fuel": "solar", "mw": 1.3, "country": "BGR", "status": "operating"}}, {"type": "Feature", "id": 1925, "geometry": {"type": "Point", "coordinates": [27.375, 43.702]}, "properties": {"name": "Dobrich solar project V", "fuel": "solar", "mw": 1.2, "country": "BGR", "status": "operating"}}, {"type": "Feature", "id": 1926, "geometry": {"type": "Point", "coordinates": [22.538, 43.966]}, "properties": {"name": "Vidin solar project XI", "fuel": "solar", "mw": 5.8, "country": "BGR", "status": "operating"}}, {"type": "Feature", "id": 1927, "geometry": {"type": "Point", "coordinates": [24.727, 43.629]}, "properties": {"name": "Pleven solar project I", "fuel": "solar", "mw": 7.8, "country": "BGR", "status": "operating"}}, {"type": "Feature", "id": 1928, "geometry": {"type": "Point", "coordinates": [27.609, 43.202]}, "properties": {"name": "Varna solar project III", "fuel": "solar", "mw": 1.9, "country": "BGR", "status": "operating"}}, {"type": "Feature", "id": 1929, "geometry": {"type": "Point", "coordinates": [22.747, 42.334]}, "properties": {"name": "Kyustendil solar project I", "fuel": "solar", "mw": 1.7, "country": "BGR", "status": "operating"}}, {"type": "Feature", "id": 1930, "geometry": {"type": "Point", "coordinates": [22.708, 42.303]}, "properties": {"name": "Kyustendil solar project II", "fuel": "solar", "mw": 1.6, "country": "BGR", "status": "operating"}}, {"type": "Feature", "id": 1931, "geometry": {"type": "Point", "coordinates": [22.771, 42.325]}, "properties": {"name": "Kyustendil solar project III", "fuel": "solar", "mw": 1.5, "country": "BGR", "status": "operating"}}, {"type": "Feature", "id": 1932, "geometry": {"type": "Point", "coordinates": [22.531, 43.945]}, "properties": {"name": "Vidin solar project XII", "fuel": "solar", "mw": 6.3, "country": "BGR", "status": "operating"}}, {"type": "Feature", "id": 1933, "geometry": {"type": "Point", "coordinates": [23.24, 43.434]}, "properties": {"name": "Montana solar project VII", "fuel": "solar", "mw": 3.3, "country": "BGR", "status": "operating"}}, {"type": "Feature", "id": 1934, "geometry": {"type": "Point", "coordinates": [23.027, 43.686]}, "properties": {"name": "Montana solar project VIII", "fuel": "solar", "mw": 2.2, "country": "BGR", "status": "operating"}}, {"type": "Feature", "id": 1935, "geometry": {"type": "Point", "coordinates": [23.523, 43.223]}, "properties": {"name": "Vratsa solar project II", "fuel": "solar", "mw": 4.4, "country": "BGR", "status": "operating"}}, {"type": "Feature", "id": 1936, "geometry": {"type": "Point", "coordinates": [24.138, 43.219]}, "properties": {"name": "Lovech solar project VI", "fuel": "solar", "mw": 2.1, "country": "BGR", "status": "operating"}}, {"type": "Feature", "id": 1937, "geometry": {"type": "Point", "coordinates": [24.153, 43.353]}, "properties": {"name": "Pleven solar project II", "fuel": "solar", "mw": 1.5, "country": "BGR", "status": "operating"}}, {"type": "Feature", "id": 1938, "geometry": {"type": "Point", "coordinates": [24.547, 42.136]}, "properties": {"name": "Plovdiv solar project X", "fuel": "solar", "mw": 4.3, "country": "BGR", "status": "operating"}}, {"type": "Feature", "id": 1939, "geometry": {"type": "Point", "coordinates": [24.817, 42.054]}, "properties": {"name": "Plovdiv solar project XI", "fuel": "solar", "mw": 2.1, "country": "BGR", "status": "operating"}}, {"type": "Feature", "id": 1940, "geometry": {"type": "Point", "coordinates": [24.631, 42.185]}, "properties": {"name": "Plovdiv solar project XII", "fuel": "solar", "mw": 1.6, "country": "BGR", "status": "operating"}}, {"type": "Feature", "id": 1941, "geometry": {"type": "Point", "coordinates": [24.698, 42.34]}, "properties": {"name": "Plovdiv solar project XIII", "fuel": "solar", "mw": 13.7, "country": "BGR", "status": "operating"}}, {"type": "Feature", "id": 1942, "geometry": {"type": "Point", "coordinates": [24.832, 42.327]}, "properties": {"name": "Plovdiv solar project XIV", "fuel": "solar", "mw": 5.3, "country": "BGR", "status": "operating"}}, {"type": "Feature", "id": 1943, "geometry": {"type": "Point", "coordinates": [24.704, 42.403]}, "properties": {"name": "Plovdiv solar project XV", "fuel": "solar", "mw": 1.8, "country": "BGR", "status": "operating"}}, {"type": "Feature", "id": 1944, "geometry": {"type": "Point", "coordinates": [24.742, 43.173]}, "properties": {"name": "Lovech solar project VII", "fuel": "solar", "mw": 5.7, "country": "BGR", "status": "operating"}}, {"type": "Feature", "id": 1945, "geometry": {"type": "Point", "coordinates": [24.626, 43.424]}, "properties": {"name": "Pleven solar project III", "fuel": "solar", "mw": 5.0, "country": "BGR", "status": "operating"}}, {"type": "Feature", "id": 1946, "geometry": {"type": "Point", "coordinates": [24.593, 43.532]}, "properties": {"name": "Pleven solar project IV", "fuel": "solar", "mw": 2.3, "country": "BGR", "status": "operating"}}, {"type": "Feature", "id": 1947, "geometry": {"type": "Point", "coordinates": [24.876, 43.45]}, "properties": {"name": "Pleven solar project V", "fuel": "solar", "mw": 1.2, "country": "BGR", "status": "operating"}}, {"type": "Feature", "id": 1948, "geometry": {"type": "Point", "coordinates": [25.638, 41.469]}, "properties": {"name": "Kardzhali solar project II", "fuel": "solar", "mw": 1.8, "country": "BGR", "status": "operating"}}, {"type": "Feature", "id": 1949, "geometry": {"type": "Point", "coordinates": [25.82, 42.091]}, "properties": {"name": "Stara Zagora solar project XI", "fuel": "solar", "mw": 6.0, "country": "BGR", "status": "operating"}}, {"type": "Feature", "id": 1950, "geometry": {"type": "Point", "coordinates": [25.545, 41.851]}, "properties": {"name": "Haskovo solar project XVII", "fuel": "solar", "mw": 1.7, "country": "BGR", "status": "operating"}}, {"type": "Feature", "id": 1951, "geometry": {"type": "Point", "coordinates": [25.397, 42.595]}, "properties": {"name": "Stara Zagora solar project XII", "fuel": "solar", "mw": 14.4, "country": "BGR", "status": "operating"}}, {"type": "Feature", "id": 1952, "geometry": {"type": "Point", "coordinates": [25.315, 43.228]}, "properties": {"name": "Veliko Tarnovo solar project III", "fuel": "solar", "mw": 3.1, "country": "BGR", "status": "operating"}}, {"type": "Feature", "id": 1953, "geometry": {"type": "Point", "coordinates": [25.754, 43.061]}, "properties": {"name": "Veliko Tarnovo solar project IV", "fuel": "solar", "mw": 2.1, "country": "BGR", "status": "operating"}}, {"type": "Feature", "id": 1954, "geometry": {"type": "Point", "coordinates": [25.532, 43.408]}, "properties": {"name": "Veliko Tarnovo solar project V", "fuel": "solar", "mw": 1.7, "country": "BGR", "status": "operating"}}, {"type": "Feature", "id": 1955, "geometry": {"type": "Point", "coordinates": [25.534, 43.41]}, "properties": {"name": "Veliko Tarnovo solar project VI", "fuel": "solar", "mw": 1.8, "country": "BGR", "status": "operating"}}, {"type": "Feature", "id": 1956, "geometry": {"type": "Point", "coordinates": [25.724, 43.05]}, "properties": {"name": "Veliko Tarnovo solar project VII", "fuel": "solar", "mw": 1.5, "country": "BGR", "status": "operating"}}, {"type": "Feature", "id": 1957, "geometry": {"type": "Point", "coordinates": [25.455, 43.552]}, "properties": {"name": "Veliko Tarnovo solar project VIII", "fuel": "solar", "mw": 2.3, "country": "BGR", "status": "operating"}}, {"type": "Feature", "id": 1958, "geometry": {"type": "Point", "coordinates": [26.306, 41.938]}, "properties": {"name": "Haskovo solar project XVIII", "fuel": "solar", "mw": 2.4, "country": "BGR", "status": "operating"}}, {"type": "Feature", "id": 1959, "geometry": {"type": "Point", "coordinates": [26.017, 42.477]}, "properties": {"name": "Sliven solar project XX", "fuel": "solar", "mw": 2.0, "country": "BGR", "status": "operating"}}, {"type": "Feature", "id": 1960, "geometry": {"type": "Point", "coordinates": [26.462, 42.871]}, "properties": {"name": "Sliven solar project XXI", "fuel": "solar", "mw": 3.9, "country": "BGR", "status": "operating"}}, {"type": "Feature", "id": 1961, "geometry": {"type": "Point", "coordinates": [26.348, 42.655]}, "properties": {"name": "Sliven solar project XXII", "fuel": "solar", "mw": 2.2, "country": "BGR", "status": "operating"}}, {"type": "Feature", "id": 1962, "geometry": {"type": "Point", "coordinates": [26.456, 43.094]}, "properties": {"name": "Targovishte solar project I", "fuel": "solar", "mw": 1.4, "country": "BGR", "status": "operating"}}, {"type": "Feature", "id": 1963, "geometry": {"type": "Point", "coordinates": [25.958, 42.683]}, "properties": {"name": "Sliven solar project XXIII", "fuel": "solar", "mw": 1.2, "country": "BGR", "status": "operating"}}, {"type": "Feature", "id": 1964, "geometry": {"type": "Point", "coordinates": [26.442, 42.534]}, "properties": {"name": "Yambol solar project XXI", "fuel": "solar", "mw": 1.6, "country": "BGR", "status": "operating"}}, {"type": "Feature", "id": 1965, "geometry": {"type": "Point", "coordinates": [26.249, 43.69]}, "properties": {"name": "Ruse solar project IV", "fuel": "solar", "mw": 2.6, "country": "BGR", "status": "operating"}}, {"type": "Feature", "id": 1966, "geometry": {"type": "Point", "coordinates": [26.103, 43.38]}, "properties": {"name": "Targovishte solar project II", "fuel": "solar", "mw": 3.6, "country": "BGR", "status": "operating"}}, {"type": "Feature", "id": 1967, "geometry": {"type": "Point", "coordinates": [26.229, 43.695]}, "properties": {"name": "Ruse solar project V", "fuel": "solar", "mw": 1.5, "country": "BGR", "status": "operating"}}, {"type": "Feature", "id": 1968, "geometry": {"type": "Point", "coordinates": [26.152, 43.382]}, "properties": {"name": "Targovishte solar project III", "fuel": "solar", "mw": 2.3, "country": "BGR", "status": "operating"}}, {"type": "Feature", "id": 1969, "geometry": {"type": "Point", "coordinates": [27.15, 42.282]}, "properties": {"name": "Burgas solar project XXI", "fuel": "solar", "mw": 2.5, "country": "BGR", "status": "operating"}}, {"type": "Feature", "id": 1970, "geometry": {"type": "Point", "coordinates": [26.501, 42.5]}, "properties": {"name": "Yambol solar project XXII", "fuel": "solar", "mw": 2.0, "country": "BGR", "status": "operating"}}, {"type": "Feature", "id": 1971, "geometry": {"type": "Point", "coordinates": [27.179, 43.364]}, "properties": {"name": "Shumen solar project IV", "fuel": "solar", "mw": 5.4, "country": "BGR", "status": "operating"}}, {"type": "Feature", "id": 1972, "geometry": {"type": "Point", "coordinates": [27.134, 43.835]}, "properties": {"name": "Silistra solar project VI", "fuel": "solar", "mw": 1.2, "country": "BGR", "status": "operating"}}, {"type": "Feature", "id": 1973, "geometry": {"type": "Point", "coordinates": [27.477, 43.134]}, "properties": {"name": "Varna solar project IV", "fuel": "solar", "mw": 1.3, "country": "BGR", "status": "operating"}}, {"type": "Feature", "id": 1974, "geometry": {"type": "Point", "coordinates": [24.885, 42.579]}, "properties": {"name": "Plovdiv solar project XVI", "fuel": "solar", "mw": 7.9, "country": "BGR", "status": "operating"}}, {"type": "Feature", "id": 1975, "geometry": {"type": "Point", "coordinates": [26.526, 42.395]}, "properties": {"name": "Yambol solar project XXIII", "fuel": "solar", "mw": 7.1, "country": "BGR", "status": "operating"}}, {"type": "Feature", "id": 1976, "geometry": {"type": "Point", "coordinates": [27.913, 43.73]}, "properties": {"name": "Dobrich solar project VI", "fuel": "solar", "mw": 3.6, "country": "BGR", "status": "operating"}}, {"type": "Feature", "id": 1977, "geometry": {"type": "Point", "coordinates": [24.331, 42.032]}, "properties": {"name": "Pazardzhik solar project VI", "fuel": "solar", "mw": 5.8, "country": "BGR", "status": "operating"}}, {"type": "Feature", "id": 1978, "geometry": {"type": "Point", "coordinates": [24.49, 43.393]}, "properties": {"name": "Pleven solar project VI", "fuel": "solar", "mw": 7.1, "country": "BGR", "status": "operating"}}, {"type": "Feature", "id": 1979, "geometry": {"type": "Point", "coordinates": [27.007, 42.659]}, "properties": {"name": "Burgas solar project XXII", "fuel": "solar", "mw": 14.6, "country": "BGR", "status": "operating"}}, {"type": "Feature", "id": 1980, "geometry": {"type": "Point", "coordinates": [24.298, 42.215]}, "properties": {"name": "Pazardzhik solar project VII", "fuel": "solar", "mw": 3.6, "country": "BGR", "status": "operating"}}, {"type": "Feature", "id": 1981, "geometry": {"type": "Point", "coordinates": [24.126, 43.275]}, "properties": {"name": "Pleven solar project VII", "fuel": "solar", "mw": 14.5, "country": "BGR", "status": "operating"}}, {"type": "Feature", "id": 1982, "geometry": {"type": "Point", "coordinates": [26.132, 42.644]}, "properties": {"name": "Sliven solar project XXIV", "fuel": "solar", "mw": 3.4, "country": "BGR", "status": "operating"}}, {"type": "Feature", "id": 1983, "geometry": {"type": "Point", "coordinates": [25.734, 43.05]}, "properties": {"name": "Veliko Tarnovo solar project IX", "fuel": "solar", "mw": 5.0, "country": "BGR", "status": "operating"}}, {"type": "Feature", "id": 1984, "geometry": {"type": "Point", "coordinates": [26.165, 41.928]}, "properties": {"name": "Haskovo solar project XIX", "fuel": "solar", "mw": 8.4, "country": "BGR", "status": "operating"}}, {"type": "Feature", "id": 1985, "geometry": {"type": "Point", "coordinates": [23.491, 41.846]}, "properties": {"name": "Blagoevgrad solar project VIII", "fuel": "solar", "mw": 3.8, "country": "BGR", "status": "operating"}}, {"type": "Feature", "id": 1986, "geometry": {"type": "Point", "coordinates": [25.668, 43.208]}, "properties": {"name": "Veliko Tarnovo solar project X", "fuel": "solar", "mw": 3.1, "country": "BGR", "status": "operating"}}, {"type": "Feature", "id": 1987, "geometry": {"type": "Point", "coordinates": [27.168, 43.622]}, "properties": {"name": "Shumen solar project V", "fuel": "solar", "mw": 2.9, "country": "BGR", "status": "operating"}}, {"type": "Feature", "id": 1988, "geometry": {"type": "Point", "coordinates": [23.476, 43.384]}, "properties": {"name": "Vratsa solar project III", "fuel": "solar", "mw": 4.6, "country": "BGR", "status": "operating"}}, {"type": "Feature", "id": 1989, "geometry": {"type": "Point", "coordinates": [23.802, 43.634]}, "properties": {"name": "Vratsa solar project IV", "fuel": "solar", "mw": 6.5, "country": "BGR", "status": "operating"}}, {"type": "Feature", "id": 1990, "geometry": {"type": "Point", "coordinates": [24.827, 42.381]}, "properties": {"name": "Plovdiv solar project XVII", "fuel": "solar", "mw": 17.0, "country": "BGR", "status": "operating"}}, {"type": "Feature", "id": 1991, "geometry": {"type": "Point", "coordinates": [25.176, 43.354]}, "properties": {"name": "Pleven solar project VIII", "fuel": "solar", "mw": 3.2, "country": "BGR", "status": "operating"}}, {"type": "Feature", "id": 1992, "geometry": {"type": "Point", "coordinates": [25.674, 43.462]}, "properties": {"name": "Ruse solar project VI", "fuel": "solar", "mw": 4.3, "country": "BGR", "status": "operating"}}, {"type": "Feature", "id": 1993, "geometry": {"type": "Point", "coordinates": [26.257, 42.593]}, "properties": {"name": "Sliven solar project XXV", "fuel": "solar", "mw": 6.5, "country": "BGR", "status": "operating"}}, {"type": "Feature", "id": 1994, "geometry": {"type": "Point", "coordinates": [25.97, 43.229]}, "properties": {"name": "Veliko Tarnovo solar project XI", "fuel": "solar", "mw": 4.0, "country": "BGR", "status": "operating"}}, {"type": "Feature", "id": 1995, "geometry": {"type": "Point", "coordinates": [26.126, 42.645]}, "properties": {"name": "Sliven solar project XXVI", "fuel": "solar", "mw": 3.5, "country": "BGR", "status": "operating"}}, {"type": "Feature", "id": 1996, "geometry": {"type": "Point", "coordinates": [26.346, 42.652]}, "properties": {"name": "Sliven solar project XXVII", "fuel": "solar", "mw": 2.6, "country": "BGR", "status": "operating"}}, {"type": "Feature", "id": 1997, "geometry": {"type": "Point", "coordinates": [26.62, 44.031]}, "properties": {"name": "Silistra solar project VII", "fuel": "solar", "mw": 2.6, "country": "BGR", "status": "operating"}}, {"type": "Feature", "id": 1998, "geometry": {"type": "Point", "coordinates": [27.296, 43.911]}, "properties": {"name": "Silistra solar project VIII", "fuel": "solar", "mw": 3.2, "country": "BGR", "status": "operating"}}, {"type": "Feature", "id": 1999, "geometry": {"type": "Point", "coordinates": [26.319, 42.157]}, "properties": {"name": "Haskovo solar project XX", "fuel": "solar", "mw": 1.9, "country": "BGR", "status": "operating"}}, {"type": "Feature", "id": 2000, "geometry": {"type": "Point", "coordinates": [23.332, 43.491]}, "properties": {"name": "Montana solar project IX", "fuel": "solar", "mw": 2.5, "country": "BGR", "status": "operating"}}, {"type": "Feature", "id": 2001, "geometry": {"type": "Point", "coordinates": [24.486, 43.408]}, "properties": {"name": "Pleven solar project IX", "fuel": "solar", "mw": 2.9, "country": "BGR", "status": "operating"}}, {"type": "Feature", "id": 2002, "geometry": {"type": "Point", "coordinates": [24.694, 42.22]}, "properties": {"name": "Plovdiv solar project XVIII", "fuel": "solar", "mw": 4.0, "country": "BGR", "status": "operating"}}, {"type": "Feature", "id": 2003, "geometry": {"type": "Point", "coordinates": [24.837, 42.369]}, "properties": {"name": "Plovdiv solar project XIX", "fuel": "solar", "mw": 12.4, "country": "BGR", "status": "operating"}}, {"type": "Feature", "id": 2004, "geometry": {"type": "Point", "coordinates": [24.763, 42.892]}, "properties": {"name": "Lovech solar project VIII", "fuel": "solar", "mw": 3.7, "country": "BGR", "status": "operating"}}, {"type": "Feature", "id": 2005, "geometry": {"type": "Point", "coordinates": [24.679, 43.64]}, "properties": {"name": "Pleven solar project X", "fuel": "solar", "mw": 5.0, "country": "BGR", "status": "operating"}}, {"type": "Feature", "id": 2006, "geometry": {"type": "Point", "coordinates": [24.557, 43.476]}, "properties": {"name": "Pleven solar project XI", "fuel": "solar", "mw": 2.5, "country": "BGR", "status": "operating"}}, {"type": "Feature", "id": 2007, "geometry": {"type": "Point", "coordinates": [25.386, 41.583]}, "properties": {"name": "Kardzhali solar project III", "fuel": "solar", "mw": 2.7, "country": "BGR", "status": "operating"}}, {"type": "Feature", "id": 2008, "geometry": {"type": "Point", "coordinates": [29.947, 40.773]}, "properties": {"name": "\u0130zmit-K\u00f6sek\u00f6y power station", "fuel": "gas", "mw": 112.0, "country": "TUR", "status": "operating"}}, {"type": "Feature", "id": 2009, "geometry": {"type": "Point", "coordinates": [29.532, 40.777]}, "properties": {"name": "\u00c7olako\u011flu-1 power station", "fuel": "gas", "mw": 123.0, "country": "TUR", "status": "operating"}}, {"type": "Feature", "id": 2010, "geometry": {"type": "Point", "coordinates": [30.622, 39.757]}, "properties": {"name": "Eskisehir Endustriyel power station", "fuel": "gas", "mw": 20.0, "country": "TUR", "status": "operating"}}, {"type": "Feature", "id": 2011, "geometry": {"type": "Point", "coordinates": [48.395, 39.486]}, "properties": {"name": "Bilasuvar solar farm", "fuel": "solar", "mw": 445.0, "country": "AZE", "status": "planned"}}, {"type": "Feature", "id": 2012, "geometry": {"type": "Point", "coordinates": [49.218, 39.383]}, "properties": {"name": "Neftchala solar farm", "fuel": "solar", "mw": 315.0, "country": "AZE", "status": "planned"}}, {"type": "Feature", "id": 2013, "geometry": {"type": "Point", "coordinates": [49.438, 40.321]}, "properties": {"name": "Absheron-Garadagh wind farm", "fuel": "wind", "mw": 240.0, "country": "AZE", "status": "planned"}}, {"type": "Feature", "id": 2014, "geometry": {"type": "Point", "coordinates": [49.388, 40.081]}, "properties": {"name": "Gobustan solar farm", "fuel": "solar", "mw": 100.0, "country": "AZE", "status": "planned"}}, {"type": "Feature", "id": 2015, "geometry": {"type": "Point", "coordinates": [47.01, 39.396]}, "properties": {"name": "Jabrayil solar farm", "fuel": "solar", "mw": 100.0, "country": "AZE", "status": "planned"}}, {"type": "Feature", "id": 2016, "geometry": {"type": "Point", "coordinates": [43.991, 42.039]}, "properties": {"name": "Ruisi (Peri) wind farm", "fuel": "wind", "mw": 206.0, "country": "GEO", "status": "planned"}}, {"type": "Feature", "id": 2017, "geometry": {"type": "Point", "coordinates": [44.11, 42.339]}, "properties": {"name": "Kareli wind farm", "fuel": "wind", "mw": 43.0, "country": "GEO", "status": "planned"}}, {"type": "Feature", "id": 2018, "geometry": {"type": "Point", "coordinates": [39.672, 37.394]}, "properties": {"name": "Ey\u00fcpnebi solar farm", "fuel": "solar", "mw": 24.0, "country": "TUR", "status": "operating"}}, {"type": "Feature", "id": 2019, "geometry": {"type": "Point", "coordinates": [40.961, 39.025]}, "properties": {"name": "Mutluca solar farm", "fuel": "solar", "mw": 22.0, "country": "TUR", "status": "operating"}}, {"type": "Feature", "id": 2020, "geometry": {"type": "Point", "coordinates": [27.839, 38.907]}, "properties": {"name": "Cemda\u011f Akhisar power station", "fuel": "gas", "mw": 89.0, "country": "TUR", "status": "operating"}}, {"type": "Feature", "id": 2021, "geometry": {"type": "Point", "coordinates": [35.086, 41.677]}, "properties": {"name": "Hamsi solar farm", "fuel": "solar", "mw": 35.0, "country": "TUR", "status": "operating"}}, {"type": "Feature", "id": 2022, "geometry": {"type": "Point", "coordinates": [36.906, 38.233]}, "properties": {"name": "Buget (Akin GES Elektrik) solar farm", "fuel": "solar", "mw": 48.0, "country": "TUR", "status": "planned"}}, {"type": "Feature", "id": 2023, "geometry": {"type": "Point", "coordinates": [36.936, 38.261]}, "properties": {"name": "\u00c7obanbeyli solar farm", "fuel": "solar", "mw": 22.0, "country": "TUR", "status": "planned"}}, {"type": "Feature", "id": 2024, "geometry": {"type": "Point", "coordinates": [36.155, 37.074]}, "properties": {"name": "Ar solar farm", "fuel": "solar", "mw": 27.0, "country": "TUR", "status": "planned"}}, {"type": "Feature", "id": 2025, "geometry": {"type": "Point", "coordinates": [28.132, 37.356]}, "properties": {"name": "Eskihisar solar farm", "fuel": "solar", "mw": 28.0, "country": "TUR", "status": "planned"}}, {"type": "Feature", "id": 2026, "geometry": {"type": "Point", "coordinates": [28.143, 37.355]}, "properties": {"name": "Ba\u011fyaka solar farm", "fuel": "solar", "mw": 30.0, "country": "TUR", "status": "planned"}}, {"type": "Feature", "id": 2027, "geometry": {"type": "Point", "coordinates": [34.857, 40.183]}, "properties": {"name": "\u015eems Alaca Depolamali solar farm", "fuel": "solar", "mw": 25.0, "country": "TUR", "status": "planned"}}, {"type": "Feature", "id": 2028, "geometry": {"type": "Point", "coordinates": [29.16, 38.655]}, "properties": {"name": "Mevne 30 Depolamali solar farm", "fuel": "solar", "mw": 30.0, "country": "TUR", "status": "planned"}}, {"type": "Feature", "id": 2029, "geometry": {"type": "Point", "coordinates": [29.721, 38.298]}, "properties": {"name": "\u00c7ivril Medt solar farm", "fuel": "solar", "mw": 50.0, "country": "TUR", "status": "planned"}}, {"type": "Feature", "id": 2030, "geometry": {"type": "Point", "coordinates": [36.153, 37.075]}, "properties": {"name": "Depolamali Deri\u0307n solar farm", "fuel": "solar", "mw": 55.0, "country": "TUR", "status": "planned"}}, {"type": "Feature", "id": 2031, "geometry": {"type": "Point", "coordinates": [35.823, 37.06]}, "properties": {"name": "Dokuztekne 28-1 solar farm", "fuel": "solar", "mw": 21.5, "country": "TUR", "status": "planned"}}, {"type": "Feature", "id": 2032, "geometry": {"type": "Point", "coordinates": [40.021, 37.856]}, "properties": {"name": "Orta\u00f6ren-k\u00f6y\u00fc solar farm", "fuel": "solar", "mw": 30.0, "country": "TUR", "status": "planned"}}, {"type": "Feature", "id": 2033, "geometry": {"type": "Point", "coordinates": [41.178, 37.911]}, "properties": {"name": "\u015eikeftan solar farm", "fuel": "solar", "mw": 45.0, "country": "TUR", "status": "planned"}}, {"type": "Feature", "id": 2034, "geometry": {"type": "Point", "coordinates": [37.575, 37.19]}, "properties": {"name": "Eti solar farm", "fuel": "solar", "mw": 90.0, "country": "TUR", "status": "planned"}}, {"type": "Feature", "id": 2035, "geometry": {"type": "Point", "coordinates": [37.393, 39.221]}, "properties": {"name": "Eti solar farm", "fuel": "solar", "mw": 40.0, "country": "TUR", "status": "planned"}}, {"type": "Feature", "id": 2036, "geometry": {"type": "Point", "coordinates": [33.56, 37.756]}, "properties": {"name": "Karap\u0131nar Yeka solar farm", "fuel": "solar", "mw": 1079.0, "country": "TUR", "status": "operating"}}, {"type": "Feature", "id": 2037, "geometry": {"type": "Point", "coordinates": [39.764, 37.236]}, "properties": {"name": "Viransehir solar farm", "fuel": "solar", "mw": 157.0, "country": "TUR", "status": "planned"}}, {"type": "Feature", "id": 2038, "geometry": {"type": "Point", "coordinates": [28.746, 40.1]}, "properties": {"name": "Taspinar solar farm", "fuel": "solar", "mw": 7.0, "country": "TUR", "status": "operating"}}, {"type": "Feature", "id": 2039, "geometry": {"type": "Point", "coordinates": [28.746, 40.1]}, "properties": {"name": "Taspinar solar farm", "fuel": "solar", "mw": 25.0, "country": "TUR", "status": "construction"}}, {"type": "Feature", "id": 2040, "geometry": {"type": "Point", "coordinates": [37.753, 37.955]}, "properties": {"name": "Greeneco Jes-6 solar farm", "fuel": "solar", "mw": 6.0, "country": "TUR", "status": "planned"}}, {"type": "Feature", "id": 2041, "geometry": {"type": "Point", "coordinates": [27.46, 37.555]}, "properties": {"name": "Bafa solar farm", "fuel": "solar", "mw": 29.4, "country": "TUR", "status": "planned"}}, {"type": "Feature", "id": 2042, "geometry": {"type": "Point", "coordinates": [27.837, 37.063]}, "properties": {"name": "Arturna wind farm", "fuel": "wind", "mw": 66.0, "country": "TUR", "status": "planned"}}, {"type": "Feature", "id": 2043, "geometry": {"type": "Point", "coordinates": [28.291, 40.375]}, "properties": {"name": "Atares-1 wind farm", "fuel": "wind", "mw": 6.0, "country": "TUR", "status": "planned"}}, {"type": "Feature", "id": 2044, "geometry": {"type": "Point", "coordinates": [28.412, 40.346]}, "properties": {"name": "Atares-2 wind farm", "fuel": "wind", "mw": 20.6, "country": "TUR", "status": "planned"}}, {"type": "Feature", "id": 2045, "geometry": {"type": "Point", "coordinates": [21.329, 46.222]}, "properties": {"name": "Arad power station", "fuel": "gas", "mw": 21.0, "country": "ROU", "status": "operating"}}, {"type": "Feature", "id": 2046, "geometry": {"type": "Point", "coordinates": [30.45, 40.566]}, "properties": {"name": "Geyve wind farm", "fuel": "wind", "mw": 100.0, "country": "TUR", "status": "planned"}}, {"type": "Feature", "id": 2047, "geometry": {"type": "Point", "coordinates": [28.265, 41.449]}, "properties": {"name": "Istanbul wind farm", "fuel": "wind", "mw": 84.0, "country": "TUR", "status": "planned"}}, {"type": "Feature", "id": 2048, "geometry": {"type": "Point", "coordinates": [33.555, 36.977]}, "properties": {"name": "Karaman wind farm", "fuel": "wind", "mw": 21.2, "country": "TUR", "status": "planned"}}, {"type": "Feature", "id": 2049, "geometry": {"type": "Point", "coordinates": [29.685, 40.65]}, "properties": {"name": "Karam\u00fcrsel wind farm", "fuel": "wind", "mw": 14.4, "country": "TUR", "status": "planned"}}, {"type": "Feature", "id": 2050, "geometry": {"type": "Point", "coordinates": [42.176, 38.519]}, "properties": {"name": "Miskevank wind farm", "fuel": "wind", "mw": 15.2, "country": "TUR", "status": "planned"}}, {"type": "Feature", "id": 2051, "geometry": {"type": "Point", "coordinates": [25.979, 44.423]}, "properties": {"name": "Bucharest-Sud power station", "fuel": "gas", "mw": 617.0, "country": "ROU", "status": "planned"}}, {"type": "Feature", "id": 2052, "geometry": {"type": "Point", "coordinates": [26.063, 44.44]}, "properties": {"name": "Bucharest Grozavesti power station", "fuel": "gas", "mw": 46.0, "country": "ROU", "status": "planned"}}, {"type": "Feature", "id": 2053, "geometry": {"type": "Point", "coordinates": [28.735, 40.108]}, "properties": {"name": "Taspinar wind farm", "fuel": "wind", "mw": 4.8, "country": "TUR", "status": "operating"}}, {"type": "Feature", "id": 2054, "geometry": {"type": "Point", "coordinates": [28.735, 40.108]}, "properties": {"name": "Taspinar wind farm", "fuel": "wind", "mw": 13.0, "country": "TUR", "status": "operating"}}, {"type": "Feature", "id": 2055, "geometry": {"type": "Point", "coordinates": [29.909, 38.826]}, "properties": {"name": "Uzak (Aydem) wind farm", "fuel": "wind", "mw": 7.5, "country": "TUR", "status": "operating"}}, {"type": "Feature", "id": 2056, "geometry": {"type": "Point", "coordinates": [29.909, 38.826]}, "properties": {"name": "Uzak (Aydem) wind farm", "fuel": "wind", "mw": 102.0, "country": "TUR", "status": "planned"}}, {"type": "Feature", "id": 2057, "geometry": {"type": "Point", "coordinates": [27.756, 41.671]}, "properties": {"name": "Vize-2 wind farm", "fuel": "wind", "mw": 23.8, "country": "TUR", "status": "planned"}}, {"type": "Feature", "id": 2058, "geometry": {"type": "Point", "coordinates": [49.334, 40.709]}, "properties": {"name": "Khizi-Absheron wind farm", "fuel": "wind", "mw": 162.5, "country": "AZE", "status": "planned"}}, {"type": "Feature", "id": 2059, "geometry": {"type": "Point", "coordinates": [49.493, 40.556]}, "properties": {"name": "Khizi-Absheron wind farm", "fuel": "wind", "mw": 78.0, "country": "AZE", "status": "planned"}}, {"type": "Feature", "id": 2060, "geometry": {"type": "Point", "coordinates": [24.266, 42.336]}, "properties": {"name": "Apriltsi solar farm", "fuel": "solar", "mw": 250.0, "country": "BGR", "status": "operating"}}, {"type": "Feature", "id": 2061, "geometry": {"type": "Point", "coordinates": [26.793, 45.217]}, "properties": {"name": "Nehoiasu II hydroelectric plant", "fuel": "hydro", "mw": 55.0, "country": "ROU", "status": "planned"}}, {"type": "Feature", "id": 2062, "geometry": {"type": "Point", "coordinates": [35.896, 40.91]}, "properties": {"name": "Samsun solar farm", "fuel": "solar", "mw": 57.3, "country": "TUR", "status": "operating"}}, {"type": "Feature", "id": 2063, "geometry": {"type": "Point", "coordinates": [36.15, 36.215]}, "properties": {"name": "Erzin-1 solar power plant", "fuel": "solar", "mw": 60.0, "country": "TUR", "status": "operating"}}, {"type": "Feature", "id": 2064, "geometry": {"type": "Point", "coordinates": [36.15, 36.215]}, "properties": {"name": "Erzin-1 solar power plant", "fuel": "solar", "mw": 120.0, "country": "TUR", "status": "construction"}}, {"type": "Feature", "id": 2065, "geometry": {"type": "Point", "coordinates": [42.704, 42.32]}, "properties": {"name": "Gumati hydroelectric plant", "fuel": "hydro", "mw": 48.0, "country": "GEO", "status": "operating"}}, {"type": "Feature", "id": 2066, "geometry": {"type": "Point", "coordinates": [42.726, 42.201]}, "properties": {"name": "Rioni hydroelectric plant", "fuel": "hydro", "mw": 54.0, "country": "GEO", "status": "operating"}}, {"type": "Feature", "id": 2067, "geometry": {"type": "Point", "coordinates": [21.893, 47.085]}, "properties": {"name": "Oradea power station", "fuel": "gas", "mw": 25.2, "country": "ROU", "status": "planned"}}, {"type": "Feature", "id": 2068, "geometry": {"type": "Point", "coordinates": [42.521, 37.455]}, "properties": {"name": "Silopi solar project", "fuel": "solar", "mw": 10.4, "country": "TUR", "status": "operating"}}, {"type": "Feature", "id": 2069, "geometry": {"type": "Point", "coordinates": [41.273, 39.906]}, "properties": {"name": "Kaletepe Regulatoru Ve Hybrid solar project", "fuel": "solar", "mw": 12.0, "country": "TUR", "status": "operating"}}, {"type": "Feature", "id": 2070, "geometry": {"type": "Point", "coordinates": [27.844, 37.848]}, "properties": {"name": "Feslek Hybrid solar project", "fuel": "solar", "mw": 9.5, "country": "TUR", "status": "operating"}}, {"type": "Feature", "id": 2071, "geometry": {"type": "Point", "coordinates": [28.023, 39.54]}, "properties": {"name": "Caygoren Hybrid solar project", "fuel": "solar", "mw": 4.6, "country": "TUR", "status": "operating"}}, {"type": "Feature", "id": 2072, "geometry": {"type": "Point", "coordinates": [27.143, 38.424]}, "properties": {"name": "Alacati Hybrid solar project", "fuel": "solar", "mw": 16.0, "country": "TUR", "status": "operating"}}, {"type": "Feature", "id": 2073, "geometry": {"type": "Point", "coordinates": [26.928, 40.055]}, "properties": {"name": "Tuzla solar project", "fuel": "solar", "mw": 7.5, "country": "TUR", "status": "operating"}}, {"type": "Feature", "id": 2074, "geometry": {"type": "Point", "coordinates": [37.408, 40.829]}, "properties": {"name": "Piro Reg. Ve Hybrid solar project", "fuel": "solar", "mw": 4.3, "country": "TUR", "status": "operating"}}, {"type": "Feature", "id": 2075, "geometry": {"type": "Point", "coordinates": [36.928, 37.581]}, "properties": {"name": "Yasil Hybrid solar project", "fuel": "solar", "mw": 4.1, "country": "TUR", "status": "operating"}}, {"type": "Feature", "id": 2076, "geometry": {"type": "Point", "coordinates": [41.273, 39.906]}, "properties": {"name": "Alabalik Reg. Ve Hybrid solar project", "fuel": "solar", "mw": 16.8, "country": "TUR", "status": "operating"}}, {"type": "Feature", "id": 2077, "geometry": {"type": "Point", "coordinates": [29.494, 39.252]}, "properties": {"name": "Eger Hybrid solar project", "fuel": "solar", "mw": 2.0, "country": "TUR", "status": "operating"}}, {"type": "Feature", "id": 2078, "geometry": {"type": "Point", "coordinates": [28.057, 38.857]}, "properties": {"name": "Salihli Hybrid solar project-1", "fuel": "solar", "mw": 15.0, "country": "TUR", "status": "operating"}}, {"type": "Feature", "id": 2079, "geometry": {"type": "Point", "coordinates": [33.338, 37.18]}, "properties": {"name": "Karaman Biyogaz Tesisi solar project", "fuel": "solar", "mw": 1.5, "country": "TUR", "status": "operating"}}, {"type": "Feature", "id": 2080, "geometry": {"type": "Point", "coordinates": [28.895, 39.99]}, "properties": {"name": "Gundogdu Hybrid solar project", "fuel": "solar", "mw": 9.6, "country": "TUR", "status": "operating"}}, {"type": "Feature", "id": 2081, "geometry": {"type": "Point", "coordinates": [34.63, 36.798]}, "properties": {"name": "Elmali Hybrid solar project", "fuel": "solar", "mw": 9.9, "country": "TUR", "status": "operating"}}, {"type": "Feature", "id": 2082, "geometry": {"type": "Point", "coordinates": [32.523, 38.021]}, "properties": {"name": "Goksu Hybrid solar project", "fuel": "solar", "mw": 11.4, "country": "TUR", "status": "operating"}}, {"type": "Feature", "id": 2083, "geometry": {"type": "Point", "coordinates": [27.368, 40.991]}, "properties": {"name": "Nil Orme-Corlu solar project", "fuel": "solar", "mw": 2.7, "country": "TUR", "status": "operating"}}, {"type": "Feature", "id": 2084, "geometry": {"type": "Point", "coordinates": [43.864, 40.371]}, "properties": {"name": "Aragatsotn Province solar project I", "fuel": "solar", "mw": 1.8, "country": "ARM", "status": "operating"}}, {"type": "Feature", "id": 2085, "geometry": {"type": "Point", "coordinates": [44.416, 40.066]}, "properties": {"name": "Ararat Province solar project I", "fuel": "solar", "mw": 1.4, "country": "ARM", "status": "operating"}}, {"type": "Feature", "id": 2086, "geometry": {"type": "Point", "coordinates": [45.5, 39.776]}, "properties": {"name": "Vayots Dzor Province solar project I", "fuel": "solar", "mw": 6.0, "country": "ARM", "status": "operating"}}, {"type": "Feature", "id": 2087, "geometry": {"type": "Point", "coordinates": [43.757, 40.175]}, "properties": {"name": "Armavir Province solar project I", "fuel": "solar", "mw": 1.2, "country": "ARM", "status": "operating"}}, {"type": "Feature", "id": 2088, "geometry": {"type": "Point", "coordinates": [44.359, 40.069]}, "properties": {"name": "Ararat Province solar project II", "fuel": "solar", "mw": 1.6, "country": "ARM", "status": "operating"}}, {"type": "Feature", "id": 2089, "geometry": {"type": "Point", "coordinates": [45.285, 40.487]}, "properties": {"name": "Gegharkunik Province solar project I", "fuel": "solar", "mw": 2.4, "country": "ARM", "status": "operating"}}, {"type": "Feature", "id": 2090, "geometry": {"type": "Point", "coordinates": [44.827, 40.518]}, "properties": {"name": "Kotayk Province solar project I", "fuel": "solar", "mw": 2.8, "country": "ARM", "status": "operating"}}, {"type": "Feature", "id": 2091, "geometry": {"type": "Point", "coordinates": [44.931, 40.539]}, "properties": {"name": "Sevan Town solar project", "fuel": "solar", "mw": 1.4, "country": "ARM", "status": "operating"}}, {"type": "Feature", "id": 2092, "geometry": {"type": "Point", "coordinates": [44.95, 40.617]}, "properties": {"name": "Gegharkunik Province solar project II", "fuel": "solar", "mw": 2.6, "country": "ARM", "status": "operating"}}, {"type": "Feature", "id": 2093, "geometry": {"type": "Point", "coordinates": [43.907, 40.73]}, "properties": {"name": "Shirak Province solar project I", "fuel": "solar", "mw": 1.1, "country": "ARM", "status": "operating"}}, {"type": "Feature", "id": 2094, "geometry": {"type": "Point", "coordinates": [44.4, 40.215]}, "properties": {"name": "Armavir Province solar project II", "fuel": "solar", "mw": 3.1, "country": "ARM", "status": "operating"}}, {"type": "Feature", "id": 2095, "geometry": {"type": "Point", "coordinates": [43.855, 40.365]}, "properties": {"name": "Aragatsotn Province solar project II", "fuel": "solar", "mw": 11.2, "country": "ARM", "status": "operating"}}, {"type": "Feature", "id": 2096, "geometry": {"type": "Point", "coordinates": [43.913, 40.362]}, "properties": {"name": "Aragatsotn Province solar project III", "fuel": "solar", "mw": 5.7, "country": "ARM", "status": "operating"}}, {"type": "Feature", "id": 2097, "geometry": {"type": "Point", "coordinates": [43.85, 40.353]}, "properties": {"name": "Aragatsotn Province solar project IV", "fuel": "solar", "mw": 4.9, "country": "ARM", "status": "operating"}}, {"type": "Feature", "id": 2098, "geometry": {"type": "Point", "coordinates": [43.923, 40.346]}, "properties": {"name": "Aragatsotn Province solar project V", "fuel": "solar", "mw": 4.7, "country": "ARM", "status": "operating"}}, {"type": "Feature", "id": 2099, "geometry": {"type": "Point", "coordinates": [45.48, 40.397]}, "properties": {"name": "Gegharkunik Province solar project III", "fuel": "solar", "mw": 5.8, "country": "ARM", "status": "operating"}}, {"type": "Feature", "id": 2100, "geometry": {"type": "Point", "coordinates": [45.433, 39.697]}, "properties": {"name": "Vayots Dzor Province solar project II", "fuel": "solar", "mw": 7.6, "country": "ARM", "status": "operating"}}, {"type": "Feature", "id": 2101, "geometry": {"type": "Point", "coordinates": [44.71, 40.46]}, "properties": {"name": "Kotayk Province solar project II", "fuel": "solar", "mw": 1.3, "country": "ARM", "status": "operating"}}, {"type": "Feature", "id": 2102, "geometry": {"type": "Point", "coordinates": [44.04, 40.275]}, "properties": {"name": "Aragatsotn Province solar project VI", "fuel": "solar", "mw": 2.4, "country": "ARM", "status": "operating"}}, {"type": "Feature", "id": 2103, "geometry": {"type": "Point", "coordinates": [44.049, 40.288]}, "properties": {"name": "Aragatsotn Province solar project VII", "fuel": "solar", "mw": 5.4, "country": "ARM", "status": "operating"}}, {"type": "Feature", "id": 2104, "geometry": {"type": "Point", "coordinates": [44.371, 40.11]}, "properties": {"name": "Ararat Province solar project III", "fuel": "solar", "mw": 1.4, "country": "ARM", "status": "operating"}}, {"type": "Feature", "id": 2105, "geometry": {"type": "Point", "coordinates": [44.216, 40.246]}, "properties": {"name": "Aragatsotn Province solar project VIII", "fuel": "solar", "mw": 8.2, "country": "ARM", "status": "operating"}}, {"type": "Feature", "id": 2106, "geometry": {"type": "Point", "coordinates": [44.046, 40.268]}, "properties": {"name": "Aragatsotn Province solar project IX", "fuel": "solar", "mw": 2.8, "country": "ARM", "status": "operating"}}, {"type": "Feature", "id": 2107, "geometry": {"type": "Point", "coordinates": [43.827, 40.324]}, "properties": {"name": "Aragatsotn Province solar project X", "fuel": "solar", "mw": 4.9, "country": "ARM", "status": "operating"}}, {"type": "Feature", "id": 2108, "geometry": {"type": "Point", "coordinates": [44.691, 40.451]}, "properties": {"name": "Kotayk Province solar project III", "fuel": "solar", "mw": 1.6, "country": "ARM", "status": "operating"}}, {"type": "Feature", "id": 2109, "geometry": {"type": "Point", "coordinates": [45.26, 40.522]}, "properties": {"name": "Gegharkunik Province solar project IV", "fuel": "solar", "mw": 6.3, "country": "ARM", "status": "operating"}}, {"type": "Feature", "id": 2110, "geometry": {"type": "Point", "coordinates": [45.278, 40.513]}, "properties": {"name": "Gegharkunik Province solar project V", "fuel": "solar", "mw": 5.4, "country": "ARM", "status": "operating"}}, {"type": "Feature", "id": 2111, "geometry": {"type": "Point", "coordinates": [45.445, 39.664]}, "properties": {"name": "Vayots Dzor Province solar project III", "fuel": "solar", "mw": 7.6, "country": "ARM", "status": "operating"}}, {"type": "Feature", "id": 2112, "geometry": {"type": "Point", "coordinates": [45.495, 39.771]}, "properties": {"name": "Vayots Dzor Province solar project IV", "fuel": "solar", "mw": 1.0, "country": "ARM", "status": "operating"}}, {"type": "Feature", "id": 2113, "geometry": {"type": "Point", "coordinates": [45.354, 39.772]}, "properties": {"name": "Vayots Dzor Province solar project V", "fuel": "solar", "mw": 1.5, "country": "ARM", "status": "operating"}}, {"type": "Feature", "id": 2114, "geometry": {"type": "Point", "coordinates": [45.354, 40.151]}, "properties": {"name": "Gegharkunik Province solar project VI", "fuel": "solar", "mw": 7.3, "country": "ARM", "status": "operating"}}, {"type": "Feature", "id": 2115, "geometry": {"type": "Point", "coordinates": [45.33, 40.505]}, "properties": {"name": "Gegharkunik Province solar project VII", "fuel": "solar", "mw": 8.8, "country": "ARM", "status": "operating"}}, {"type": "Feature", "id": 2116, "geometry": {"type": "Point", "coordinates": [45.268, 40.529]}, "properties": {"name": "Gegharkunik Province solar project VIII", "fuel": "solar", "mw": 5.1, "country": "ARM", "status": "operating"}}, {"type": "Feature", "id": 2117, "geometry": {"type": "Point", "coordinates": [43.839, 40.344]}, "properties": {"name": "Aragatsotn Province solar project XI", "fuel": "solar", "mw": 4.1, "country": "ARM", "status": "operating"}}, {"type": "Feature", "id": 2118, "geometry": {"type": "Point", "coordinates": [43.632, 40.457]}, "properties": {"name": "Shirak Province solar project II", "fuel": "solar", "mw": 4.9, "country": "ARM", "status": "operating"}}, {"type": "Feature", "id": 2119, "geometry": {"type": "Point", "coordinates": [45.228, 40.533]}, "properties": {"name": "Gegharkunik Province solar project IX", "fuel": "solar", "mw": 4.3, "country": "ARM", "status": "operating"}}, {"type": "Feature", "id": 2120, "geometry": {"type": "Point", "coordinates": [45.292, 40.507]}, "properties": {"name": "Gegharkunik Province solar project X", "fuel": "solar", "mw": 1.5, "country": "ARM", "status": "operating"}}, {"type": "Feature", "id": 2121, "geometry": {"type": "Point", "coordinates": [45.323, 40.511]}, "properties": {"name": "Gegharkunik Province solar project XI", "fuel": "solar", "mw": 5.1, "country": "ARM", "status": "operating"}}, {"type": "Feature", "id": 2122, "geometry": {"type": "Point", "coordinates": [45.452, 39.346]}, "properties": {"name": "Azerbaijan solar project I", "fuel": "solar", "mw": 2.8, "country": "AZE", "status": "operating"}}, {"type": "Feature", "id": 2123, "geometry": {"type": "Point", "coordinates": [49.553, 40.217]}, "properties": {"name": "Baku City solar project", "fuel": "solar", "mw": 3.3, "country": "AZE", "status": "operating"}}, {"type": "Feature", "id": 2124, "geometry": {"type": "Point", "coordinates": [50.055, 40.433]}, "properties": {"name": "Azerbaijan solar project II", "fuel": "solar", "mw": 4.0, "country": "AZE", "status": "operating"}}, {"type": "Feature", "id": 2125, "geometry": {"type": "Point", "coordinates": [48.918, 40.54]}, "properties": {"name": "Azerbaijan solar project III", "fuel": "solar", "mw": 3.9, "country": "AZE", "status": "operating"}}, {"type": "Feature", "id": 2126, "geometry": {"type": "Point", "coordinates": [46.345, 40.838]}, "properties": {"name": "Azerbaijan solar project IV", "fuel": "solar", "mw": 4.0, "country": "AZE", "status": "operating"}}, {"type": "Feature", "id": 2127, "geometry": {"type": "Point", "coordinates": [50.346, 40.469]}, "properties": {"name": "Azerbaijan solar project V", "fuel": "solar", "mw": 1.6, "country": "AZE", "status": "operating"}}, {"type": "Feature", "id": 2128, "geometry": {"type": "Point", "coordinates": [45.12, 39.434]}, "properties": {"name": "Azerbaijan solar project VI", "fuel": "solar", "mw": 6.6, "country": "AZE", "status": "operating"}}, {"type": "Feature", "id": 2129, "geometry": {"type": "Point", "coordinates": [45.611, 38.974]}, "properties": {"name": "Azerbaijan solar project VII", "fuel": "solar", "mw": 1.3, "country": "AZE", "status": "operating"}}, {"type": "Feature", "id": 2130, "geometry": {"type": "Point", "coordinates": [45.002, 39.597]}, "properties": {"name": "Azerbaijan solar project VIII", "fuel": "solar", "mw": 6.1, "country": "AZE", "status": "operating"}}, {"type": "Feature", "id": 2131, "geometry": {"type": "Point", "coordinates": [49.535, 40.645]}, "properties": {"name": "Azerbaijan solar project IX", "fuel": "solar", "mw": 3.9, "country": "AZE", "status": "operating"}}, {"type": "Feature", "id": 2132, "geometry": {"type": "Point", "coordinates": [48.576, 39.077]}, "properties": {"name": "Azerbaijan solar project X", "fuel": "solar", "mw": 3.0, "country": "AZE", "status": "operating"}}, {"type": "Feature", "id": 2133, "geometry": {"type": "Point", "coordinates": [24.34, 41.663]}, "properties": {"name": "Teshel hydroelectric plant", "fuel": "hydro", "mw": 60.0, "country": "BGR", "status": "operating"}}, {"type": "Feature", "id": 2134, "geometry": {"type": "Point", "coordinates": [24.289, 42.119]}, "properties": {"name": "Aleko hydroelectric plant", "fuel": "hydro", "mw": 71.0, "country": "BGR", "status": "operating"}}, {"type": "Feature", "id": 2135, "geometry": {"type": "Point", "coordinates": [28.797, 37.935]}, "properties": {"name": "Greeneco Sarayk\u00f6y 7 geothermal plant", "fuel": "geothermal", "mw": 24.5, "country": "TUR", "status": "operating"}}, {"type": "Feature", "id": 2136, "geometry": {"type": "Point", "coordinates": [28.797, 37.935]}, "properties": {"name": "Greeneco Sarayk\u00f6y 7 geothermal plant", "fuel": "geothermal", "mw": 24.5, "country": "TUR", "status": "construction"}}, {"type": "Feature", "id": 2137, "geometry": {"type": "Point", "coordinates": [28.52, 38.353]}, "properties": {"name": "OME T-01 geothermal power plant", "fuel": "geothermal", "mw": 11.0, "country": "TUR", "status": "operating"}}, {"type": "Feature", "id": 2138, "geometry": {"type": "Point", "coordinates": [23.851, 44.379]}, "properties": {"name": "ClusterPower Craiova power station", "fuel": "gas", "mw": 200.0, "country": "ROU", "status": "construction"}}, {"type": "Feature", "id": 2139, "geometry": {"type": "Point", "coordinates": [27.838, 37.841]}, "properties": {"name": "Emir geothermal power plant", "fuel": "geothermal", "mw": 33.0, "country": "TUR", "status": "planned"}}, {"type": "Feature", "id": 2140, "geometry": {"type": "Point", "coordinates": [27.839, 37.839]}, "properties": {"name": "Nezihe Beren geothermal power plant", "fuel": "geothermal", "mw": 13.0, "country": "TUR", "status": "planned"}}, {"type": "Feature", "id": 2141, "geometry": {"type": "Point", "coordinates": [43.676, 39.543]}, "properties": {"name": "Agri Diyadin geothermal power plant", "fuel": "geothermal", "mw": 50.0, "country": "TUR", "status": "planned"}}, {"type": "Feature", "id": 2142, "geometry": {"type": "Point", "coordinates": [43.676, 39.543]}, "properties": {"name": "Agri Diyadin geothermal power plant", "fuel": "geothermal", "mw": 50.0, "country": "TUR", "status": "planned"}}, {"type": "Feature", "id": 2143, "geometry": {"type": "Point", "coordinates": [43.676, 39.543]}, "properties": {"name": "Agri Diyadin geothermal power plant", "fuel": "geothermal", "mw": 50.0, "country": "TUR", "status": "planned"}}, {"type": "Feature", "id": 2144, "geometry": {"type": "Point", "coordinates": [26.401, 39.601]}, "properties": {"name": "Transmark geothermal power plant 2", "fuel": "geothermal", "mw": 15.8, "country": "TUR", "status": "planned"}}, {"type": "Feature", "id": 2145, "geometry": {"type": "Point", "coordinates": [27.542, 37.828]}, "properties": {"name": "Kubilay geothermal power plant", "fuel": "geothermal", "mw": 24.0, "country": "TUR", "status": "operating"}}, {"type": "Feature", "id": 2146, "geometry": {"type": "Point", "coordinates": [27.465, 37.853]}, "properties": {"name": "G\u00fcm\u00fc\u015fk\u00f6y geothermal power plant", "fuel": "geothermal", "mw": 6.6, "country": "TUR", "status": "operating"}}, {"type": "Feature", "id": 2147, "geometry": {"type": "Point", "coordinates": [27.465, 37.853]}, "properties": {"name": "G\u00fcm\u00fc\u015fk\u00f6y geothermal power plant", "fuel": "geothermal", "mw": 6.6, "country": "TUR", "status": "operating"}}, {"type": "Feature", "id": 2148, "geometry": {"type": "Point", "coordinates": [28.089, 38.492]}, "properties": {"name": "Salihli geothermal power plant", "fuel": "geothermal", "mw": 24.0, "country": "TUR", "status": "operating"}}, {"type": "Feature", "id": 2149, "geometry": {"type": "Point", "coordinates": [28.089, 38.492]}, "properties": {"name": "Salihli geothermal power plant", "fuel": "geothermal", "mw": 15.0, "country": "TUR", "status": "operating"}}, {"type": "Feature", "id": 2150, "geometry": {"type": "Point", "coordinates": [24.288, 45.039]}, "properties": {"name": "Govora power station", "fuel": "gas", "mw": 145.0, "country": "ROU", "status": "planned"}}, {"type": "Feature", "id": 2151, "geometry": {"type": "Point", "coordinates": [37.454, 40.941]}, "properties": {"name": "Ordu wind farm", "fuel": "wind", "mw": 40.0, "country": "TUR", "status": "operating"}}, {"type": "Feature", "id": 2152, "geometry": {"type": "Point", "coordinates": [30.43, 38.844]}, "properties": {"name": "Afjet geothermal power plant", "fuel": "geothermal", "mw": 2.8, "country": "TUR", "status": "operating"}}, {"type": "Feature", "id": 2153, "geometry": {"type": "Point", "coordinates": [26.19, 39.61]}, "properties": {"name": "Babadere 1 geothermal power plant", "fuel": "geothermal", "mw": 8.0, "country": "TUR", "status": "operating"}}, {"type": "Feature", "id": 2154, "geometry": {"type": "Point", "coordinates": [26.19, 39.61]}, "properties": {"name": "Babadere 1 geothermal power plant", "fuel": "geothermal", "mw": 11.8, "country": "TUR", "status": "planned"}}, {"type": "Feature", "id": 2155, "geometry": {"type": "Point", "coordinates": [26.173, 39.566]}, "properties": {"name": "Tuzla geothermal power plant", "fuel": "geothermal", "mw": 7.5, "country": "TUR", "status": "operating"}}, {"type": "Feature", "id": 2156, "geometry": {"type": "Point", "coordinates": [26.165, 39.545]}, "properties": {"name": "Ida geothermal power plant", "fuel": "geothermal", "mw": 12.0, "country": "TUR", "status": "operating"}}, {"type": "Feature", "id": 2157, "geometry": {"type": "Point", "coordinates": [26.165, 39.545]}, "properties": {"name": "Transmark Gulpinar geothermal power plant", "fuel": "geothermal", "mw": 3.2, "country": "TUR", "status": "operating"}}, {"type": "Feature", "id": 2158, "geometry": {"type": "Point", "coordinates": [26.892, 38.157]}, "properties": {"name": "Seferihisar RSC geothermal power plant", "fuel": "geothermal", "mw": 12.0, "country": "TUR", "status": "operating"}}, {"type": "Feature", "id": 2159, "geometry": {"type": "Point", "coordinates": [28.424, 38.435]}, "properties": {"name": "Kemaliye geothermal power plant", "fuel": "geothermal", "mw": 26.5, "country": "TUR", "status": "operating"}}, {"type": "Feature", "id": 2160, "geometry": {"type": "Point", "coordinates": [28.475, 38.425]}, "properties": {"name": "Mis 1 geothermal power plant", "fuel": "geothermal", "mw": 12.3, "country": "TUR", "status": "operating"}}, {"type": "Feature", "id": 2161, "geometry": {"type": "Point", "coordinates": [28.531, 38.375]}, "properties": {"name": "Ozmen 3 geothermal power plant", "fuel": "geothermal", "mw": 18.6, "country": "TUR", "status": "operating"}}, {"type": "Feature", "id": 2162, "geometry": {"type": "Point", "coordinates": [28.536, 38.371]}, "properties": {"name": "Baklaci geothermal power plant", "fuel": "geothermal", "mw": 19.4, "country": "TUR", "status": "operating"}}, {"type": "Feature", "id": 2163, "geometry": {"type": "Point", "coordinates": [28.921, 37.951]}, "properties": {"name": "Tosunlar 1 geothermal power plant", "fuel": "geothermal", "mw": 3.8, "country": "TUR", "status": "operating"}}, {"type": "Feature", "id": 2164, "geometry": {"type": "Point", "coordinates": [28.932, 37.902]}, "properties": {"name": "Emirler geothermal power plant", "fuel": "geothermal", "mw": 8.0, "country": "TUR", "status": "planned"}}, {"type": "Feature", "id": 2165, "geometry": {"type": "Point", "coordinates": [28.81, 37.979]}, "properties": {"name": "Buharkent geothermal power plant", "fuel": "geothermal", "mw": 14.0, "country": "TUR", "status": "operating"}}, {"type": "Feature", "id": 2166, "geometry": {"type": "Point", "coordinates": [28.53, 37.916]}, "properties": {"name": "Kuyucak geothermal power plant", "fuel": "geothermal", "mw": 18.0, "country": "TUR", "status": "operating"}}, {"type": "Feature", "id": 2167, "geometry": {"type": "Point", "coordinates": [27.839, 37.839]}, "properties": {"name": "Nezihe Beren geothermal power plant", "fuel": "geothermal", "mw": 20.0, "country": "TUR", "status": "operating"}}, {"type": "Feature", "id": 2168, "geometry": {"type": "Point", "coordinates": [28.332, 37.903]}, "properties": {"name": "Kiper Nazili geothermal power plant", "fuel": "geothermal", "mw": 10.2, "country": "TUR", "status": "operating"}}, {"type": "Feature", "id": 2169, "geometry": {"type": "Point", "coordinates": [28.072, 37.857]}, "properties": {"name": "Dora geothermal power plant", "fuel": "geothermal", "mw": 8.5, "country": "TUR", "status": "operating"}}, {"type": "Feature", "id": 2170, "geometry": {"type": "Point", "coordinates": [28.072, 37.857]}, "properties": {"name": "Dora geothermal power plant", "fuel": "geothermal", "mw": 4.8, "country": "TUR", "status": "operating"}}, {"type": "Feature", "id": 2171, "geometry": {"type": "Point", "coordinates": [28.072, 37.857]}, "properties": {"name": "Dora geothermal power plant", "fuel": "geothermal", "mw": 17.0, "country": "TUR", "status": "operating"}}, {"type": "Feature", "id": 2172, "geometry": {"type": "Point", "coordinates": [28.072, 37.857]}, "properties": {"name": "Dora geothermal power plant", "fuel": "geothermal", "mw": 17.0, "country": "TUR", "status": "operating"}}, {"type": "Feature", "id": 2173, "geometry": {"type": "Point", "coordinates": [28.072, 37.857]}, "properties": {"name": "Dora geothermal power plant", "fuel": "geothermal", "mw": 19.8, "country": "TUR", "status": "planned"}}, {"type": "Feature", "id": 2174, "geometry": {"type": "Point", "coordinates": [27.904, 37.836]}, "properties": {"name": "Ken Kipas geothermal power plant", "fuel": "geothermal", "mw": 24.0, "country": "TUR", "status": "operating"}}, {"type": "Feature", "id": 2175, "geometry": {"type": "Point", "coordinates": [27.904, 37.836]}, "properties": {"name": "Ken Kipas geothermal power plant", "fuel": "geothermal", "mw": 24.8, "country": "TUR", "status": "operating"}}, {"type": "Feature", "id": 2176, "geometry": {"type": "Point", "coordinates": [29.068, 37.785]}, "properties": {"name": "Umurlu geothermal power plant", "fuel": "geothermal", "mw": 24.0, "country": "TUR", "status": "operating"}}, {"type": "Feature", "id": 2177, "geometry": {"type": "Point", "coordinates": [27.634, 37.886]}, "properties": {"name": "Mehmet geothermal power plant", "fuel": "geothermal", "mw": 24.8, "country": "TUR", "status": "operating"}}, {"type": "Feature", "id": 2178, "geometry": {"type": "Point", "coordinates": [28.46, 37.911]}, "properties": {"name": "Kocaer geothermal power plant", "fuel": "geothermal", "mw": 24.0, "country": "TUR", "status": "planned"}}, {"type": "Feature", "id": 2179, "geometry": {"type": "Point", "coordinates": [42.701, 42.153]}, "properties": {"name": "Vartsikhe I hydroelectric plant", "fuel": "hydro", "mw": 46.0, "country": "GEO", "status": "operating"}}, {"type": "Feature", "id": 2180, "geometry": {"type": "Point", "coordinates": [42.658, 42.131]}, "properties": {"name": "Vartsikhe II hydroelectric plant", "fuel": "hydro", "mw": 46.0, "country": "GEO", "status": "operating"}}, {"type": "Feature", "id": 2181, "geometry": {"type": "Point", "coordinates": [42.598, 42.115]}, "properties": {"name": "Vartsikhe III hydroelectric plant", "fuel": "hydro", "mw": 46.0, "country": "GEO", "status": "operating"}}, {"type": "Feature", "id": 2182, "geometry": {"type": "Point", "coordinates": [42.463, 42.142]}, "properties": {"name": "Vartsikhe IV hydroelectric plant", "fuel": "hydro", "mw": 46.0, "country": "GEO", "status": "operating"}}, {"type": "Feature", "id": 2183, "geometry": {"type": "Point", "coordinates": [42.172, 42.635]}, "properties": {"name": "Khobi 2 hydroelectric plant", "fuel": "hydro", "mw": 46.0, "country": "GEO", "status": "operating"}}, {"type": "Feature", "id": 2184, "geometry": {"type": "Point", "coordinates": [42.972, 41.64]}, "properties": {"name": "Mtkvari hydroelectric plant", "fuel": "hydro", "mw": 53.0, "country": "GEO", "status": "construction"}}, {"type": "Feature", "id": 2185, "geometry": {"type": "Point", "coordinates": [41.7, 41.551]}, "properties": {"name": "Khelvachauri hydroelectric plant", "fuel": "hydro", "mw": 47.0, "country": "GEO", "status": "operating"}}, {"type": "Feature", "id": 2186, "geometry": {"type": "Point", "coordinates": [41.714, 41.515]}, "properties": {"name": "Kirnati hydroelectric plant", "fuel": "hydro", "mw": 51.0, "country": "GEO", "status": "operating"}}, {"type": "Feature", "id": 2187, "geometry": {"type": "Point", "coordinates": [41.763, 42.267]}, "properties": {"name": "Khobi 1 hydroelectric plant", "fuel": "hydro", "mw": 46.0, "country": "GEO", "status": "planned"}}, {"type": "Feature", "id": 2188, "geometry": {"type": "Point", "coordinates": [29.207, 38.154]}, "properties": {"name": "Adig\u00fczel I hydroelectric plant", "fuel": "hydro", "mw": 62.0, "country": "TUR", "status": "operating"}}, {"type": "Feature", "id": 2189, "geometry": {"type": "Point", "coordinates": [38.414, 39.428]}, "properties": {"name": "Ba\u011f\u0131\u015fta\u015f II hydroelectric plant", "fuel": "hydro", "mw": 50.0, "country": "TUR", "status": "operating"}}, {"type": "Feature", "id": 2190, "geometry": {"type": "Point", "coordinates": [29.424, 36.804]}, "properties": {"name": "E\u015fen I hydroelectric plant", "fuel": "hydro", "mw": 60.0, "country": "TUR", "status": "operating"}}, {"type": "Feature", "id": 2191, "geometry": {"type": "Point", "coordinates": [29.402, 36.768]}, "properties": {"name": "E\u015fen II hydroelectric plant", "fuel": "hydro", "mw": 43.0, "country": "TUR", "status": "operating"}}, {"type": "Feature", "id": 2192, "geometry": {"type": "Point", "coordinates": [34.967, 38.764]}, "properties": {"name": "Bayramhac\u0131l\u0131 hydroelectric plant", "fuel": "hydro", "mw": 47.0, "country": "TUR", "status": "operating"}}, {"type": "Feature", "id": 2193, "geometry": {"type": "Point", "coordinates": [39.112, 40.634]}, "properties": {"name": "B\u00fcy\u00fckd\u00fcz hydroelectric plant", "fuel": "hydro", "mw": 69.0, "country": "TUR", "status": "operating"}}, {"type": "Feature", "id": 2194, "geometry": {"type": "Point", "coordinates": [28.112, 37.509]}, "properties": {"name": "\u00c7ine Adnan Menderes hydroelectric plant", "fuel": "hydro", "mw": 46.0, "country": "TUR", "status": "operating"}}, {"type": "Feature", "id": 2195, "geometry": {"type": "Point", "coordinates": [38.438, 40.689]}, "properties": {"name": "\u00c7\u0131rakdam\u0131 hydroelectric plant", "fuel": "hydro", "mw": 49.0, "country": "TUR", "status": "operating"}}, {"type": "Feature", "id": 2196, "geometry": {"type": "Point", "coordinates": [32.675, 36.566]}, "properties": {"name": "Daran I hydroelectric plant", "fuel": "hydro", "mw": 49.0, "country": "TUR", "status": "operating"}}, {"type": "Feature", "id": 2197, "geometry": {"type": "Point", "coordinates": [37.775, 40.462]}, "properties": {"name": "Dar\u0131ca 2 hydroelectric plant", "fuel": "hydro", "mw": 74.0, "country": "TUR", "status": "operating"}}, {"type": "Feature", "id": 2198, "geometry": {"type": "Point", "coordinates": [38.915, 40.804]}, "properties": {"name": "Do\u011fankent hydroelectric plant", "fuel": "hydro", "mw": 75.0, "country": "TUR", "status": "operating"}}, {"type": "Feature", "id": 2199, "geometry": {"type": "Point", "coordinates": [40.766, 40.902]}, "properties": {"name": "Uzundere I hydroelectric plant", "fuel": "hydro", "mw": 63.0, "country": "TUR", "status": "operating"}}, {"type": "Feature", "id": 2200, "geometry": {"type": "Point", "coordinates": [36.701, 40.66]}, "properties": {"name": "Tepek\u0131\u015fla hydroelectric plant", "fuel": "hydro", "mw": 71.0, "country": "TUR", "status": "operating"}}, {"type": "Feature", "id": 2201, "geometry": {"type": "Point", "coordinates": [39.893, 39.02]}, "properties": {"name": "Seyrantepe hydroelectric plant", "fuel": "hydro", "mw": 56.0, "country": "TUR", "status": "operating"}}, {"type": "Feature", "id": 2202, "geometry": {"type": "Point", "coordinates": [38.848, 37.161]}, "properties": {"name": "\u015eanl\u0131urfa hydroelectric plant", "fuel": "hydro", "mw": 52.0, "country": "TUR", "status": "operating"}}, {"type": "Feature", "id": 2203, "geometry": {"type": "Point", "coordinates": [31.517, 36.835]}, "properties": {"name": "Manavgat hydroelectric plant", "fuel": "hydro", "mw": 48.0, "country": "TUR", "status": "operating"}}, {"type": "Feature", "id": 2204, "geometry": {"type": "Point", "coordinates": [30.83, 37.601]}, "properties": {"name": "Kovada II hydroelectric plant", "fuel": "hydro", "mw": 51.0, "country": "TUR", "status": "operating"}}, {"type": "Feature", "id": 2205, "geometry": {"type": "Point", "coordinates": [43.024, 41.163]}, "properties": {"name": "Kotanl\u0131 hydroelectric plant", "fuel": "hydro", "mw": 50.0, "country": "TUR", "status": "operating"}}, {"type": "Feature", "id": 2206, "geometry": {"type": "Point", "coordinates": [42.062, 37.922]}, "properties": {"name": "Kirazl\u0131k hydroelectric plant", "fuel": "hydro", "mw": 48.0, "country": "TUR", "status": "operating"}}, {"type": "Feature", "id": 2207, "geometry": {"type": "Point", "coordinates": [36.801, 37.624]}, "properties": {"name": "K\u0131lavuzlu hydroelectric plant", "fuel": "hydro", "mw": 54.0, "country": "TUR", "status": "operating"}}, {"type": "Feature", "id": 2208, "geometry": {"type": "Point", "coordinates": [30.809, 37.307]}, "properties": {"name": "Karaca\u00f6ren II hydroelectric plant", "fuel": "hydro", "mw": 47.0, "country": "TUR", "status": "operating"}}, {"type": "Feature", "id": 2209, "geometry": {"type": "Point", "coordinates": [41.781, 41.261]}, "properties": {"name": "Erenler hydroelectric plant", "fuel": "hydro", "mw": 45.0, "country": "TUR", "status": "operating"}}, {"type": "Feature", "id": 2210, "geometry": {"type": "Point", "coordinates": [35.865, 37.744]}, "properties": {"name": "Feke II hydroelectric plant", "fuel": "hydro", "mw": 70.0, "country": "TUR", "status": "operating"}}, {"type": "Feature", "id": 2211, "geometry": {"type": "Point", "coordinates": [38.439, 40.687]}, "properties": {"name": "Dereli hydroelectric plant", "fuel": "hydro", "mw": 62.0, "country": "TUR", "status": "operating"}}, {"type": "Feature", "id": 2212, "geometry": {"type": "Point", "coordinates": [37.782, 40.291]}, "properties": {"name": "Koyulhisar hydroelectric plant", "fuel": "hydro", "mw": 63.0, "country": "TUR", "status": "operating"}}, {"type": "Feature", "id": 2213, "geometry": {"type": "Point", "coordinates": [35.0, 37.281]}, "properties": {"name": "Toros hydroelectric plant", "fuel": "hydro", "mw": 50.0, "country": "TUR", "status": "operating"}}, {"type": "Feature", "id": 2214, "geometry": {"type": "Point", "coordinates": [30.995, 40.761]}, "properties": {"name": "Aksu hydroelectric plant", "fuel": "hydro", "mw": 46.0, "country": "TUR", "status": "operating"}}, {"type": "Feature", "id": 2215, "geometry": {"type": "Point", "coordinates": [35.488, 37.356]}, "properties": {"name": "Menta\u015f hydroelectric plant", "fuel": "hydro", "mw": 50.0, "country": "TUR", "status": "operating"}}, {"type": "Feature", "id": 2216, "geometry": {"type": "Point", "coordinates": [28.524, 37.572]}, "properties": {"name": "Kemer hydroelectric plant", "fuel": "hydro", "mw": 48.0, "country": "TUR", "status": "operating"}}, {"type": "Feature", "id": 2217, "geometry": {"type": "Point", "coordinates": [33.443, 36.72]}, "properties": {"name": "Birkap\u0131l\u0131 hydroelectric plant", "fuel": "hydro", "mw": 49.0, "country": "TUR", "status": "operating"}}, {"type": "Feature", "id": 2218, "geometry": {"type": "Point", "coordinates": [30.341, 40.64]}, "properties": {"name": "Do\u011fan\u00e7ay hydroelectric plant", "fuel": "hydro", "mw": 62.0, "country": "TUR", "status": "operating"}}, {"type": "Feature", "id": 2219, "geometry": {"type": "Point", "coordinates": [36.204, 37.937]}, "properties": {"name": "Yamanl\u0131 II hydroelectric plant", "fuel": "hydro", "mw": 82.0, "country": "TUR", "status": "operating"}}, {"type": "Feature", "id": 2220, "geometry": {"type": "Point", "coordinates": [28.291, 38.603]}, "properties": {"name": "Demirk\u00f6pr\u00fc hydroelectric plant", "fuel": "hydro", "mw": 69.0, "country": "TUR", "status": "operating"}}, {"type": "Feature", "id": 2221, "geometry": {"type": "Point", "coordinates": [35.845, 41.464]}, "properties": {"name": "Derbent hydroelectric plant", "fuel": "hydro", "mw": 56.0, "country": "TUR", "status": "operating"}}, {"type": "Feature", "id": 2222, "geometry": {"type": "Point", "coordinates": [33.482, 39.732]}, "properties": {"name": "Kapulukaya hydroelectric plant", "fuel": "hydro", "mw": 54.0, "country": "TUR", "status": "operating"}}, {"type": "Feature", "id": 2223, "geometry": {"type": "Point", "coordinates": [35.345, 37.034]}, "properties": {"name": "Seyhan 1 hydroelectric plant", "fuel": "hydro", "mw": 60.0, "country": "TUR", "status": "operating"}}, {"type": "Feature", "id": 2224, "geometry": {"type": "Point", "coordinates": [36.676, 41.078]}, "properties": {"name": "Suat U\u011furlu hydroelectric plant", "fuel": "hydro", "mw": 69.0, "country": "TUR", "status": "operating"}}, {"type": "Feature", "id": 2225, "geometry": {"type": "Point", "coordinates": [37.795, 40.655]}, "properties": {"name": "Top\u00e7am hydroelectric plant", "fuel": "hydro", "mw": 61.0, "country": "TUR", "status": "operating"}}, {"type": "Feature", "id": 2226, "geometry": {"type": "Point", "coordinates": [44.587, 40.297]}, "properties": {"name": "Arzni hydroelectric plant", "fuel": "hydro", "mw": 71.0, "country": "ARM", "status": "operating"}}, {"type": "Feature", "id": 2227, "geometry": {"type": "Point", "coordinates": [46.65, 40.208]}, "properties": {"name": "Sarsang hydroelectric plant", "fuel": "hydro", "mw": 50.0, "country": "AZE", "status": "operating"}}, {"type": "Feature", "id": 2228, "geometry": {"type": "Point", "coordinates": [24.483, 44.164]}, "properties": {"name": "Dr\u0103g\u0103ne\u0219ti hydroelectric plant", "fuel": "hydro", "mw": 57.0, "country": "ROU", "status": "operating"}}, {"type": "Feature", "id": 2229, "geometry": {"type": "Point", "coordinates": [24.294, 44.682]}, "properties": {"name": "Dr\u0103g\u0103\u015fani hydroelectric plant", "fuel": "hydro", "mw": 45.0, "country": "ROU", "status": "operating"}}, {"type": "Feature", "id": 2230, "geometry": {"type": "Point", "coordinates": [24.297, 45.009]}, "properties": {"name": "Govora hydroelectric plant", "fuel": "hydro", "mw": 46.0, "country": "ROU", "status": "operating"}}, {"type": "Feature", "id": 2231, "geometry": {"type": "Point", "coordinates": [24.362, 45.071]}, "properties": {"name": "R\u00e2ureni hydroelectric plant", "fuel": "hydro", "mw": 48.0, "country": "ROU", "status": "operating"}}, {"type": "Feature", "id": 2232, "geometry": {"type": "Point", "coordinates": [24.322, 44.536]}, "properties": {"name": "Streje\u015fti hydroelectric plant", "fuel": "hydro", "mw": 50.0, "country": "ROU", "status": "operating"}}, {"type": "Feature", "id": 2233, "geometry": {"type": "Point", "coordinates": [24.574, 44.042]}, "properties": {"name": "Frunzaru hydroelectric plant", "fuel": "hydro", "mw": 57.0, "country": "ROU", "status": "operating"}}, {"type": "Feature", "id": 2234, "geometry": {"type": "Point", "coordinates": [22.52, 44.405]}, "properties": {"name": "Gogosu hydroelectric plant", "fuel": "hydro", "mw": 54.0, "country": "ROU", "status": "operating"}}, {"type": "Feature", "id": 2235, "geometry": {"type": "Point", "coordinates": [24.404, 44.264]}, "properties": {"name": "Ipotesti hydroelectric plant", "fuel": "hydro", "mw": 57.0, "country": "ROU", "status": "operating"}}, {"type": "Feature", "id": 2236, "geometry": {"type": "Point", "coordinates": [24.697, 43.812]}, "properties": {"name": "Izbiceni hydroelectric plant", "fuel": "hydro", "mw": 54.0, "country": "ROU", "status": "operating"}}, {"type": "Feature", "id": 2237, "geometry": {"type": "Point", "coordinates": [22.97, 44.792]}, "properties": {"name": "Motru hydroelectric plant", "fuel": "hydro", "mw": 50.0, "country": "ROU", "status": "operating"}}, {"type": "Feature", "id": 2238, "geometry": {"type": "Point", "coordinates": [22.72, 46.79]}, "properties": {"name": "Munteni 1 hydroelectric plant", "fuel": "hydro", "mw": 50.0, "country": "ROU", "status": "operating"}}, {"type": "Feature", "id": 2239, "geometry": {"type": "Point", "coordinates": [27.055, 46.323]}, "properties": {"name": "Racaciuni hydroelectric plant", "fuel": "hydro", "mw": 45.0, "country": "ROU", "status": "operating"}}, {"type": "Feature", "id": 2240, "geometry": {"type": "Point", "coordinates": [24.627, 43.916]}, "properties": {"name": "Rusanesti hydroelectric plant", "fuel": "hydro", "mw": 53.0, "country": "ROU", "status": "operating"}}, {"type": "Feature", "id": 2241, "geometry": {"type": "Point", "coordinates": [23.301, 46.727]}, "properties": {"name": "Tarnita hydroelectric plant", "fuel": "hydro", "mw": 45.0, "country": "ROU", "status": "operating"}}, {"type": "Feature", "id": 2242, "geometry": {"type": "Point", "coordinates": [29.539, 40.778]}, "properties": {"name": "Gebze \u00c7olako\u011flu power station", "fuel": "coal", "mw": 95.0, "country": "TUR", "status": "operating"}}, {"type": "Feature", "id": 2243, "geometry": {"type": "Point", "coordinates": [35.509, 37.15]}, "properties": {"name": "Adana (Omnia Ni\u015fasta) power station", "fuel": "biomass", "mw": 24.0, "country": "TUR", "status": "planned"}}, {"type": "Feature", "id": 2244, "geometry": {"type": "Point", "coordinates": [35.396, 37.051]}, "properties": {"name": "Adana Depolama power station", "fuel": "biomass", "mw": 15.6, "country": "TUR", "status": "operating"}}, {"type": "Feature", "id": 2245, "geometry": {"type": "Point", "coordinates": [28.979, 40.261]}, "properties": {"name": "Bursa-Hamitler power station", "fuel": "biomass", "mw": 9.8, "country": "TUR", "status": "operating"}}, {"type": "Feature", "id": 2246, "geometry": {"type": "Point", "coordinates": [29.378, 41.146]}, "properties": {"name": "K\u00f6m\u00fcrcuoda power station", "fuel": "biomass", "mw": 17.0, "country": "TUR", "status": "operating"}}, {"type": "Feature", "id": 2247, "geometry": {"type": "Point", "coordinates": [32.93, 39.885]}, "properties": {"name": "Mamak power station", "fuel": "biomass", "mw": 17.0, "country": "TUR", "status": "operating"}}, {"type": "Feature", "id": 2248, "geometry": {"type": "Point", "coordinates": [28.855, 41.216]}, "properties": {"name": "Odayeri power station", "fuel": "biomass", "mw": 23.0, "country": "TUR", "status": "operating"}}, {"type": "Feature", "id": 2249, "geometry": {"type": "Point", "coordinates": [28.156, 41.219]}, "properties": {"name": "Silivri Seymen power station", "fuel": "biomass", "mw": 37.0, "country": "TUR", "status": "operating"}}, {"type": "Feature", "id": 2250, "geometry": {"type": "Point", "coordinates": [28.156, 41.219]}, "properties": {"name": "Silivri Seymen power station", "fuel": "biomass", "mw": 53.0, "country": "TUR", "status": "planned"}}, {"type": "Feature", "id": 2251, "geometry": {"type": "Point", "coordinates": [32.473, 39.949]}, "properties": {"name": "Sincan \u00c7ad\u0131rtepe power station", "fuel": "biomass", "mw": 54.7, "country": "TUR", "status": "operating"}}, {"type": "Feature", "id": 2252, "geometry": {"type": "Point", "coordinates": [30.756, 37.099]}, "properties": {"name": "Antalya power station", "fuel": "biomass", "mw": 28.3, "country": "TUR", "status": "operating"}}, {"type": "Feature", "id": 2253, "geometry": {"type": "Point", "coordinates": [31.856, 36.642]}, "properties": {"name": "Alanya-T\u00fcrkler power station", "fuel": "biomass", "mw": 8.4, "country": "TUR", "status": "operating"}}, {"type": "Feature", "id": 2254, "geometry": {"type": "Point", "coordinates": [30.538, 39.707]}, "properties": {"name": "Eski\u015fehir power station", "fuel": "biomass", "mw": 11.3, "country": "TUR", "status": "operating"}}, {"type": "Feature", "id": 2255, "geometry": {"type": "Point", "coordinates": [30.557, 38.749]}, "properties": {"name": "Eber power station", "fuel": "biomass", "mw": 27.0, "country": "TUR", "status": "operating"}}, {"type": "Feature", "id": 2256, "geometry": {"type": "Point", "coordinates": [36.569, 41.224]}, "properties": {"name": "Samnsun power station", "fuel": "biomass", "mw": 27.0, "country": "TUR", "status": "operating"}}, {"type": "Feature", "id": 2257, "geometry": {"type": "Point", "coordinates": [33.515, 37.306]}, "properties": {"name": "Karaman power station", "fuel": "biomass", "mw": 40.0, "country": "TUR", "status": "operating"}}, {"type": "Feature", "id": 2258, "geometry": {"type": "Point", "coordinates": [31.185, 39.067]}, "properties": {"name": "Afyonkarahisar Emirda\u011f power station", "fuel": "biomass", "mw": 12.0, "country": "TUR", "status": "operating"}}, {"type": "Feature", "id": 2259, "geometry": {"type": "Point", "coordinates": [34.012, 38.367]}, "properties": {"name": "Aksaray power station", "fuel": "biomass", "mw": 16.0, "country": "TUR", "status": "operating"}}, {"type": "Feature", "id": 2260, "geometry": {"type": "Point", "coordinates": [26.354, 39.748]}, "properties": {"name": "Ezine power station", "fuel": "biomass", "mw": 19.0, "country": "TUR", "status": "operating"}}, {"type": "Feature", "id": 2261, "geometry": {"type": "Point", "coordinates": [27.894, 39.642]}, "properties": {"name": "Bal\u0131kesir power station", "fuel": "biomass", "mw": 11.3, "country": "TUR", "status": "operating"}}, {"type": "Feature", "id": 2262, "geometry": {"type": "Point", "coordinates": [27.075, 38.533]}, "properties": {"name": "Harmandali power station", "fuel": "biomass", "mw": 32.5, "country": "TUR", "status": "operating"}}, {"type": "Feature", "id": 2263, "geometry": {"type": "Point", "coordinates": [27.178, 39.112]}, "properties": {"name": "Bergama power station", "fuel": "biomass", "mw": 8.5, "country": "TUR", "status": "operating"}}, {"type": "Feature", "id": 2264, "geometry": {"type": "Point", "coordinates": [28.065, 37.614]}, "properties": {"name": "\u00c7ine power station", "fuel": "biomass", "mw": 13.6, "country": "TUR", "status": "operating"}}, {"type": "Feature", "id": 2265, "geometry": {"type": "Point", "coordinates": [29.414, 41.12]}, "properties": {"name": "Avc\u0131koru power station", "fuel": "biomass", "mw": 44.0, "country": "TUR", "status": "operating"}}, {"type": "Feature", "id": 2266, "geometry": {"type": "Point", "coordinates": [28.647, 38.545]}, "properties": {"name": "Kula power station", "fuel": "biomass", "mw": 31.0, "country": "TUR", "status": "operating"}}, {"type": "Feature", "id": 2267, "geometry": {"type": "Point", "coordinates": [36.46, 41.223]}, "properties": {"name": "Toros Tar\u0131m power station", "fuel": "biomass", "mw": 30.6, "country": "TUR", "status": "operating"}}, {"type": "Feature", "id": 2268, "geometry": {"type": "Point", "coordinates": [31.7, 40.73]}, "properties": {"name": "Ar\u0131k\u00e7ay\u0131r\u0131 power station", "fuel": "biomass", "mw": 30.0, "country": "TUR", "status": "operating"}}, {"type": "Feature", "id": 2269, "geometry": {"type": "Point", "coordinates": [27.72, 40.205]}, "properties": {"name": "Mutlular power station", "fuel": "biomass", "mw": 30.0, "country": "TUR", "status": "operating"}}, {"type": "Feature", "id": 2270, "geometry": {"type": "Point", "coordinates": [34.694, 36.827]}, "properties": {"name": "Medcem \u00c7imento power station", "fuel": "biomass", "mw": 27.6, "country": "TUR", "status": "operating"}}, {"type": "Feature", "id": 2271, "geometry": {"type": "Point", "coordinates": [29.131, 41.007]}, "properties": {"name": "Kalyoncu power station", "fuel": "biomass", "mw": 22.6, "country": "TUR", "status": "operating"}}, {"type": "Feature", "id": 2272, "geometry": {"type": "Point", "coordinates": [32.1, 41.413]}, "properties": {"name": "Oyka power station", "fuel": "biomass", "mw": 21.0, "country": "TUR", "status": "operating"}}, {"type": "Feature", "id": 2273, "geometry": {"type": "Point", "coordinates": [34.434, 39.059]}, "properties": {"name": "Biogerm BES power station", "fuel": "biomass", "mw": 20.0, "country": "TUR", "status": "operating"}}, {"type": "Feature", "id": 2274, "geometry": {"type": "Point", "coordinates": [27.256, 38.646]}, "properties": {"name": "Manisa power station", "fuel": "biomass", "mw": 18.0, "country": "TUR", "status": "operating"}}, {"type": "Feature", "id": 2275, "geometry": {"type": "Point", "coordinates": [29.607, 40.784]}, "properties": {"name": "Nuh \u00c7imento power station", "fuel": "biomass", "mw": 18.0, "country": "TUR", "status": "operating"}}, {"type": "Feature", "id": 2276, "geometry": {"type": "Point", "coordinates": [35.319, 36.995]}, "properties": {"name": "ITC Adanus power station", "fuel": "biomass", "mw": 17.0, "country": "TUR", "status": "operating"}}, {"type": "Feature", "id": 2277, "geometry": {"type": "Point", "coordinates": [29.258, 37.809]}, "properties": {"name": "Acarsoy power station", "fuel": "biomass", "mw": 15.8, "country": "TUR", "status": "operating"}}, {"type": "Feature", "id": 2278, "geometry": {"type": "Point", "coordinates": [32.294, 39.991]}, "properties": {"name": "Ankara power station", "fuel": "biomass", "mw": 15.6, "country": "TUR", "status": "operating"}}, {"type": "Feature", "id": 2279, "geometry": {"type": "Point", "coordinates": [35.418, 36.93]}, "properties": {"name": "Sofulu \u00c7\u00f6pl\u00fc\u011f\u00fc power station", "fuel": "biomass", "mw": 15.6, "country": "TUR", "status": "operating"}}, {"type": "Feature", "id": 2280, "geometry": {"type": "Point", "coordinates": [27.345, 38.617]}, "properties": {"name": "Mosbio power station", "fuel": "biomass", "mw": 17.0, "country": "TUR", "status": "operating"}}, {"type": "Feature", "id": 2281, "geometry": {"type": "Point", "coordinates": [26.302, 39.914]}, "properties": {"name": "Ak\u00e7ansa \u00c7imento power station", "fuel": "biomass", "mw": 15.2, "country": "TUR", "status": "operating"}}, {"type": "Feature", "id": 2282, "geometry": {"type": "Point", "coordinates": [35.775, 37.464]}, "properties": {"name": "Beta power station", "fuel": "biomass", "mw": 14.0, "country": "TUR", "status": "operating"}}, {"type": "Feature", "id": 2283, "geometry": {"type": "Point", "coordinates": [37.385, 37.071]}, "properties": {"name": "Gaziantep power station", "fuel": "biomass", "mw": 14.0, "country": "TUR", "status": "operating"}}, {"type": "Feature", "id": 2284, "geometry": {"type": "Point", "coordinates": [32.502, 37.886]}, "properties": {"name": "Bienta\u015f Konya power station", "fuel": "biomass", "mw": 13.0, "country": "TUR", "status": "operating"}}, {"type": "Feature", "id": 2285, "geometry": {"type": "Point", "coordinates": [29.389, 37.865]}, "properties": {"name": "Denizli-Honaz power station", "fuel": "biomass", "mw": 15.0, "country": "TUR", "status": "operating"}}, {"type": "Feature", "id": 2286, "geometry": {"type": "Point", "coordinates": [35.456, 36.867]}, "properties": {"name": "OMP Enerji Y\u00fcre\u011fir power station", "fuel": "biomass", "mw": 12.0, "country": "TUR", "status": "operating"}}, {"type": "Feature", "id": 2287, "geometry": {"type": "Point", "coordinates": [27.437, 37.755]}, "properties": {"name": "Mavi Bayrak power station", "fuel": "biomass", "mw": 12.0, "country": "TUR", "status": "operating"}}, {"type": "Feature", "id": 2288, "geometry": {"type": "Point", "coordinates": [28.977, 41.022]}, "properties": {"name": "Mavibayrak Do\u011fu power station", "fuel": "biomass", "mw": 12.0, "country": "TUR", "status": "operating"}}, {"type": "Feature", "id": 2289, "geometry": {"type": "Point", "coordinates": [27.327, 41.677]}, "properties": {"name": "Zeus power station", "fuel": "biomass", "mw": 12.0, "country": "TUR", "status": "operating"}}, {"type": "Feature", "id": 2290, "geometry": {"type": "Point", "coordinates": [27.973, 40.349]}, "properties": {"name": "Band\u0131rma (Eti Maden) power station", "fuel": "biomass", "mw": 12.0, "country": "TUR", "status": "operating"}}, {"type": "Feature", "id": 2291, "geometry": {"type": "Point", "coordinates": [32.679, 37.507]}, "properties": {"name": "5ER power station", "fuel": "biomass", "mw": 11.0, "country": "TUR", "status": "operating"}}, {"type": "Feature", "id": 2292, "geometry": {"type": "Point", "coordinates": [32.588, 39.964]}, "properties": {"name": "Sincan Gazla\u015ft\u0131rma power station", "fuel": "biomass", "mw": 11.0, "country": "TUR", "status": "operating"}}, {"type": "Feature", "id": 2293, "geometry": {"type": "Point", "coordinates": [34.818, 36.832]}, "properties": {"name": "Kalde Enerji Mersin power station", "fuel": "biomass", "mw": 13.2, "country": "TUR", "status": "operating"}}, {"type": "Feature", "id": 2294, "geometry": {"type": "Point", "coordinates": [36.954, 37.555]}, "properties": {"name": "Kahramanmara\u015f Ka\u011f\u0131t power station", "fuel": "biomass", "mw": 10.5, "country": "TUR", "status": "operating"}}, {"type": "Feature", "id": 2295, "geometry": {"type": "Point", "coordinates": [34.458, 37.863]}, "properties": {"name": "Boren power station", "fuel": "biomass", "mw": 10.0, "country": "TUR", "status": "operating"}}, {"type": "Feature", "id": 2296, "geometry": {"type": "Point", "coordinates": [28.297, 38.587]}, "properties": {"name": "Salihli power station", "fuel": "biomass", "mw": 10.0, "country": "TUR", "status": "operating"}}, {"type": "Feature", "id": 2297, "geometry": {"type": "Point", "coordinates": [27.911, 40.377]}, "properties": {"name": "Ba\u011ffa\u015f G\u00fcbre Fabrikas\u0131 power station", "fuel": "biomass", "mw": 9.9, "country": "TUR", "status": "operating"}}, {"type": "Feature", "id": 2298, "geometry": {"type": "Point", "coordinates": [28.976, 40.268]}, "properties": {"name": "Hamitler \u00c7\u00f6pl\u00fc\u011f\u00fc power station", "fuel": "biomass", "mw": 9.8, "country": "TUR", "status": "operating"}}, {"type": "Feature", "id": 2299, "geometry": {"type": "Point", "coordinates": [34.629, 36.817]}, "properties": {"name": "\u00c7imsa At\u0131k Is\u0131 power station", "fuel": "biomass", "mw": 9.6, "country": "TUR", "status": "operating"}}]}