{"type": "FeatureCollection", "features": [{"type": "Feature", "id": 0, "geometry": {"type": "Point", "coordinates": [76.875, 52.12]}, "properties": {"name": "Aksu power station", "fuel": "coal", "mw": 300.0, "country": "KAZ", "status": "operating"}}, {"type": "Feature", "id": 1, "geometry": {"type": "Point", "coordinates": [76.875, 52.12]}, "properties": {"name": "Aksu power station", "fuel": "coal", "mw": 325.0, "country": "KAZ", "status": "operating"}}, {"type": "Feature", "id": 2, "geometry": {"type": "Point", "coordinates": [76.875, 52.12]}, "properties": {"name": "Aksu power station", "fuel": "coal", "mw": 325.0, "country": "KAZ", "status": "operating"}}, {"type": "Feature", "id": 3, "geometry": {"type": "Point", "coordinates": [76.875, 52.12]}, "properties": {"name": "Aksu power station", "fuel": "coal", "mw": 310.0, "country": "KAZ", "status": "operating"}}, {"type": "Feature", "id": 4, "geometry": {"type": "Point", "coordinates": [76.875, 52.12]}, "properties": {"name": "Aksu power station", "fuel": "coal", "mw": 325.0, "country": "KAZ", "status": "operating"}}, {"type": "Feature", "id": 5, "geometry": {"type": "Point", "coordinates": [76.875, 52.12]}, "properties": {"name": "Aksu power station", "fuel": "coal", "mw": 325.0, "country": "KAZ", "status": "operating"}}, {"type": "Feature", "id": 6, "geometry": {"type": "Point", "coordinates": [76.875, 52.12]}, "properties": {"name": "Aksu power station", "fuel": "coal", "mw": 300.0, "country": "KAZ", "status": "operating"}}, {"type": "Feature", "id": 7, "geometry": {"type": "Point", "coordinates": [76.799, 43.293]}, "properties": {"name": "Almaty-2 power station", "fuel": "coal", "mw": 80.0, "country": "KAZ", "status": "operating"}}, {"type": "Feature", "id": 8, "geometry": {"type": "Point", "coordinates": [76.799, 43.293]}, "properties": {"name": "Almaty-2 power station", "fuel": "coal", "mw": 80.0, "country": "KAZ", "status": "operating"}}, {"type": "Feature", "id": 9, "geometry": {"type": "Point", "coordinates": [76.799, 43.293]}, "properties": {"name": "Almaty-2 power station", "fuel": "coal", "mw": 80.0, "country": "KAZ", "status": "operating"}}, {"type": "Feature", "id": 10, "geometry": {"type": "Point", "coordinates": [76.799, 43.293]}, "properties": {"name": "Almaty-2 power station", "fuel": "coal", "mw": 50.0, "country": "KAZ", "status": "operating"}}, {"type": "Feature", "id": 11, "geometry": {"type": "Point", "coordinates": [70.123, 41.005]}, "properties": {"name": "Angren power station", "fuel": "coal", "mw": 52.0, "country": "UZB", "status": "operating"}}, {"type": "Feature", "id": 12, "geometry": {"type": "Point", "coordinates": [70.123, 41.005]}, "properties": {"name": "Angren power station", "fuel": "coal", "mw": 55.0, "country": "UZB", "status": "operating"}}, {"type": "Feature", "id": 13, "geometry": {"type": "Point", "coordinates": [70.123, 41.005]}, "properties": {"name": "Angren power station", "fuel": "coal", "mw": 68.0, "country": "UZB", "status": "operating"}}, {"type": "Feature", "id": 14, "geometry": {"type": "Point", "coordinates": [70.123, 41.005]}, "properties": {"name": "Angren power station", "fuel": "coal", "mw": 68.0, "country": "UZB", "status": "operating"}}, {"type": "Feature", "id": 15, "geometry": {"type": "Point", "coordinates": [70.123, 41.005]}, "properties": {"name": "Angren power station", "fuel": "coal", "mw": 150.0, "country": "UZB", "status": "operating"}}, {"type": "Feature", "id": 16, "geometry": {"type": "Point", "coordinates": [71.51, 51.188]}, "properties": {"name": "Astana-2 power station", "fuel": "coal", "mw": 80.0, "country": "KAZ", "status": "operating"}}, {"type": "Feature", "id": 17, "geometry": {"type": "Point", "coordinates": [71.51, 51.188]}, "properties": {"name": "Astana-2 power station", "fuel": "coal", "mw": 80.0, "country": "KAZ", "status": "operating"}}, {"type": "Feature", "id": 18, "geometry": {"type": "Point", "coordinates": [71.51, 51.188]}, "properties": {"name": "Astana-2 power station", "fuel": "coal", "mw": 80.0, "country": "KAZ", "status": "operating"}}, {"type": "Feature", "id": 19, "geometry": {"type": "Point", "coordinates": [71.51, 51.188]}, "properties": {"name": "Astana-2 power station", "fuel": "coal", "mw": 120.0, "country": "KAZ", "status": "operating"}}, {"type": "Feature", "id": 20, "geometry": {"type": "Point", "coordinates": [74.655, 42.872]}, "properties": {"name": "Bishkek power station", "fuel": "coal", "mw": 86.0, "country": "KGZ", "status": "operating"}}, {"type": "Feature", "id": 21, "geometry": {"type": "Point", "coordinates": [74.655, 42.872]}, "properties": {"name": "Bishkek power station", "fuel": "coal", "mw": 100.0, "country": "KGZ", "status": "operating"}}, {"type": "Feature", "id": 22, "geometry": {"type": "Point", "coordinates": [74.655, 42.872]}, "properties": {"name": "Bishkek power station", "fuel": "coal", "mw": 150.0, "country": "KGZ", "status": "operating"}}, {"type": "Feature", "id": 23, "geometry": {"type": "Point", "coordinates": [74.655, 42.872]}, "properties": {"name": "Bishkek power station", "fuel": "coal", "mw": 150.0, "country": "KGZ", "status": "operating"}}, {"type": "Feature", "id": 24, "geometry": {"type": "Point", "coordinates": [74.655, 42.872]}, "properties": {"name": "Bishkek power station", "fuel": "coal", "mw": 35.0, "country": "KGZ", "status": "operating"}}, {"type": "Feature", "id": 25, "geometry": {"type": "Point", "coordinates": [74.655, 42.872]}, "properties": {"name": "Bishkek power station", "fuel": "coal", "mw": 86.0, "country": "KGZ", "status": "operating"}}, {"type": "Feature", "id": 26, "geometry": {"type": "Point", "coordinates": [74.655, 42.872]}, "properties": {"name": "Bishkek power station", "fuel": "coal", "mw": 60.0, "country": "KGZ", "status": "operating"}}, {"type": "Feature", "id": 27, "geometry": {"type": "Point", "coordinates": [74.655, 42.872]}, "properties": {"name": "Bishkek power station", "fuel": "coal", "mw": 60.0, "country": "KGZ", "status": "operating"}}, {"type": "Feature", "id": 28, "geometry": {"type": "Point", "coordinates": [74.655, 42.872]}, "properties": {"name": "Bishkek power station", "fuel": "coal", "mw": 86.0, "country": "KGZ", "status": "operating"}}, {"type": "Feature", "id": 29, "geometry": {"type": "Point", "coordinates": [68.772, 38.611]}, "properties": {"name": "Dushanbe-2 power station", "fuel": "coal", "mw": 50.0, "country": "TJK", "status": "operating"}}, {"type": "Feature", "id": 30, "geometry": {"type": "Point", "coordinates": [68.772, 38.611]}, "properties": {"name": "Dushanbe-2 power station", "fuel": "coal", "mw": 50.0, "country": "TJK", "status": "operating"}}, {"type": "Feature", "id": 31, "geometry": {"type": "Point", "coordinates": [75.377, 51.886]}, "properties": {"name": "Ekibastuz-1 power station", "fuel": "coal", "mw": 500.0, "country": "KAZ", "status": "operating"}}, {"type": "Feature", "id": 32, "geometry": {"type": "Point", "coordinates": [75.377, 51.886]}, "properties": {"name": "Ekibastuz-1 power station", "fuel": "coal", "mw": 500.0, "country": "KAZ", "status": "operating"}}, {"type": "Feature", "id": 33, "geometry": {"type": "Point", "coordinates": [75.377, 51.886]}, "properties": {"name": "Ekibastuz-1 power station", "fuel": "coal", "mw": 500.0, "country": "KAZ", "status": "operating"}}, {"type": "Feature", "id": 34, "geometry": {"type": "Point", "coordinates": [75.377, 51.886]}, "properties": {"name": "Ekibastuz-1 power station", "fuel": "coal", "mw": 500.0, "country": "KAZ", "status": "operating"}}, {"type": "Feature", "id": 35, "geometry": {"type": "Point", "coordinates": [75.377, 51.886]}, "properties": {"name": "Ekibastuz-1 power station", "fuel": "coal", "mw": 500.0, "country": "KAZ", "status": "operating"}}, {"type": "Feature", "id": 36, "geometry": {"type": "Point", "coordinates": [75.377, 51.886]}, "properties": {"name": "Ekibastuz-1 power station", "fuel": "coal", "mw": 500.0, "country": "KAZ", "status": "operating"}}, {"type": "Feature", "id": 37, "geometry": {"type": "Point", "coordinates": [75.476, 52.024]}, "properties": {"name": "Ekibastuz-2 power station", "fuel": "coal", "mw": 500.0, "country": "KAZ", "status": "operating"}}, {"type": "Feature", "id": 38, "geometry": {"type": "Point", "coordinates": [75.476, 52.024]}, "properties": {"name": "Ekibastuz-2 power station", "fuel": "coal", "mw": 500.0, "country": "KAZ", "status": "operating"}}, {"type": "Feature", "id": 39, "geometry": {"type": "Point", "coordinates": [75.476, 52.024]}, "properties": {"name": "Ekibastuz-2 power station", "fuel": "coal", "mw": 540.0, "country": "KAZ", "status": "planned"}}, {"type": "Feature", "id": 40, "geometry": {"type": "Point", "coordinates": [73.388, 31.523]}, "properties": {"name": "Faisalabad Sitara Chemical power plant", "fuel": "coal", "mw": 40.0, "country": "PAK", "status": "operating"}}, {"type": "Feature", "id": 41, "geometry": {"type": "Point", "coordinates": [67.42, 24.833]}, "properties": {"name": "Fauji Fertilizer power station", "fuel": "coal", "mw": 118.0, "country": "PAK", "status": "operating"}}, {"type": "Feature", "id": 42, "geometry": {"type": "Point", "coordinates": [62.352, 25.205]}, "properties": {"name": "Gwadar power station", "fuel": "coal", "mw": 150.0, "country": "PAK", "status": "planned"}}, {"type": "Feature", "id": 43, "geometry": {"type": "Point", "coordinates": [66.689, 24.915]}, "properties": {"name": "Hubco power station", "fuel": "coal", "mw": 660.0, "country": "PAK", "status": "operating"}}, {"type": "Feature", "id": 44, "geometry": {"type": "Point", "coordinates": [66.689, 24.915]}, "properties": {"name": "Hubco power station", "fuel": "coal", "mw": 660.0, "country": "PAK", "status": "operating"}}, {"type": "Feature", "id": 45, "geometry": {"type": "Point", "coordinates": [70.388, 24.815]}, "properties": {"name": "ThalNova power station", "fuel": "coal", "mw": 330.0, "country": "PAK", "status": "operating"}}, {"type": "Feature", "id": 46, "geometry": {"type": "Point", "coordinates": [68.266, 25.472]}, "properties": {"name": "Jamshoro power station", "fuel": "coal", "mw": 660.0, "country": "PAK", "status": "operating"}}, {"type": "Feature", "id": 47, "geometry": {"type": "Point", "coordinates": [74.76, 41.71]}, "properties": {"name": "Kara-Keche power station", "fuel": "coal", "mw": 600.0, "country": "KGZ", "status": "planned"}}, {"type": "Feature", "id": 48, "geometry": {"type": "Point", "coordinates": [72.799, 49.513]}, "properties": {"name": "Karaganda State Regional power station-2", "fuel": "coal", "mw": 100.0, "country": "KAZ", "status": "operating"}}, {"type": "Feature", "id": 49, "geometry": {"type": "Point", "coordinates": [72.799, 49.513]}, "properties": {"name": "Karaganda State Regional power station-2", "fuel": "coal", "mw": 100.0, "country": "KAZ", "status": "operating"}}, {"type": "Feature", "id": 50, "geometry": {"type": "Point", "coordinates": [72.799, 49.513]}, "properties": {"name": "Karaganda State Regional power station-2", "fuel": "coal", "mw": 86.0, "country": "KAZ", "status": "operating"}}, {"type": "Feature", "id": 51, "geometry": {"type": "Point", "coordinates": [72.799, 49.513]}, "properties": {"name": "Karaganda State Regional power station-2", "fuel": "coal", "mw": 86.0, "country": "KAZ", "status": "operating"}}, {"type": "Feature", "id": 52, "geometry": {"type": "Point", "coordinates": [72.799, 49.513]}, "properties": {"name": "Karaganda State Regional power station-2", "fuel": "coal", "mw": 86.0, "country": "KAZ", "status": "operating"}}, {"type": "Feature", "id": 53, "geometry": {"type": "Point", "coordinates": [73.053, 50.047]}, "properties": {"name": "Karaganda TPS-2 power station", "fuel": "coal", "mw": 100.0, "country": "KAZ", "status": "operating"}}, {"type": "Feature", "id": 54, "geometry": {"type": "Point", "coordinates": [73.053, 50.047]}, "properties": {"name": "Karaganda TPS-2 power station", "fuel": "coal", "mw": 100.0, "country": "KAZ", "status": "operating"}}, {"type": "Feature", "id": 55, "geometry": {"type": "Point", "coordinates": [73.053, 50.047]}, "properties": {"name": "Karaganda TPS-2 power station", "fuel": "coal", "mw": 100.0, "country": "KAZ", "status": "operating"}}, {"type": "Feature", "id": 56, "geometry": {"type": "Point", "coordinates": [73.053, 50.047]}, "properties": {"name": "Karaganda TPS-2 power station", "fuel": "coal", "mw": 135.0, "country": "KAZ", "status": "operating"}}, {"type": "Feature", "id": 57, "geometry": {"type": "Point", "coordinates": [73.237, 49.917]}, "properties": {"name": "Karaganda TPS-3 power station", "fuel": "coal", "mw": 110.0, "country": "KAZ", "status": "operating"}}, {"type": "Feature", "id": 58, "geometry": {"type": "Point", "coordinates": [73.237, 49.917]}, "properties": {"name": "Karaganda TPS-3 power station", "fuel": "coal", "mw": 110.0, "country": "KAZ", "status": "operating"}}, {"type": "Feature", "id": 59, "geometry": {"type": "Point", "coordinates": [73.237, 49.917]}, "properties": {"name": "Karaganda TPS-3 power station", "fuel": "coal", "mw": 110.0, "country": "KAZ", "status": "operating"}}, {"type": "Feature", "id": 60, "geometry": {"type": "Point", "coordinates": [73.237, 49.917]}, "properties": {"name": "Karaganda TPS-3 power station", "fuel": "coal", "mw": 110.0, "country": "KAZ", "status": "operating"}}, {"type": "Feature", "id": 61, "geometry": {"type": "Point", "coordinates": [73.237, 49.917]}, "properties": {"name": "Karaganda TPS-3 power station", "fuel": "coal", "mw": 120.0, "country": "KAZ", "status": "operating"}}, {"type": "Feature", "id": 62, "geometry": {"type": "Point", "coordinates": [74.949, 46.829]}, "properties": {"name": "Kazakhmys Balkhash power station", "fuel": "coal", "mw": 60.0, "country": "KAZ", "status": "operating"}}, {"type": "Feature", "id": 63, "geometry": {"type": "Point", "coordinates": [70.967, 30.295]}, "properties": {"name": "Muzaffargarh sugar mill power station", "fuel": "coal", "mw": 60.0, "country": "PAK", "status": "operating"}}, {"type": "Feature", "id": 64, "geometry": {"type": "Point", "coordinates": [69.817, 40.923]}, "properties": {"name": "Novo-Angren power station", "fuel": "coal", "mw": 300.0, "country": "UZB", "status": "operating"}}, {"type": "Feature", "id": 65, "geometry": {"type": "Point", "coordinates": [69.817, 40.923]}, "properties": {"name": "Novo-Angren power station", "fuel": "coal", "mw": 300.0, "country": "UZB", "status": "operating"}}, {"type": "Feature", "id": 66, "geometry": {"type": "Point", "coordinates": [69.817, 40.923]}, "properties": {"name": "Novo-Angren power station", "fuel": "coal", "mw": 300.0, "country": "UZB", "status": "operating"}}, {"type": "Feature", "id": 67, "geometry": {"type": "Point", "coordinates": [69.817, 40.923]}, "properties": {"name": "Novo-Angren power station", "fuel": "coal", "mw": 300.0, "country": "UZB", "status": "operating"}}, {"type": "Feature", "id": 68, "geometry": {"type": "Point", "coordinates": [69.817, 40.923]}, "properties": {"name": "Novo-Angren power station", "fuel": "coal", "mw": 300.0, "country": "UZB", "status": "operating"}}, {"type": "Feature", "id": 69, "geometry": {"type": "Point", "coordinates": [69.817, 40.923]}, "properties": {"name": "Novo-Angren power station", "fuel": "coal", "mw": 300.0, "country": "UZB", "status": "operating"}}, {"type": "Feature", "id": 70, "geometry": {"type": "Point", "coordinates": [69.817, 40.923]}, "properties": {"name": "Novo-Angren power station", "fuel": "coal", "mw": 300.0, "country": "UZB", "status": "operating"}}, {"type": "Feature", "id": 71, "geometry": {"type": "Point", "coordinates": [77.059, 52.25]}, "properties": {"name": "Pavlodar-1 power station", "fuel": "coal", "mw": 60.0, "country": "KAZ", "status": "operating"}}, {"type": "Feature", "id": 72, "geometry": {"type": "Point", "coordinates": [77.059, 52.25]}, "properties": {"name": "Pavlodar-1 power station", "fuel": "coal", "mw": 60.0, "country": "KAZ", "status": "operating"}}, {"type": "Feature", "id": 73, "geometry": {"type": "Point", "coordinates": [77.059, 52.25]}, "properties": {"name": "Pavlodar-1 power station", "fuel": "coal", "mw": 50.0, "country": "KAZ", "status": "operating"}}, {"type": "Feature", "id": 74, "geometry": {"type": "Point", "coordinates": [77.059, 52.25]}, "properties": {"name": "Pavlodar-1 power station", "fuel": "coal", "mw": 50.0, "country": "KAZ", "status": "operating"}}, {"type": "Feature", "id": 75, "geometry": {"type": "Point", "coordinates": [77.059, 52.25]}, "properties": {"name": "Pavlodar-1 power station", "fuel": "coal", "mw": 50.0, "country": "KAZ", "status": "operating"}}, {"type": "Feature", "id": 76, "geometry": {"type": "Point", "coordinates": [77.059, 52.25]}, "properties": {"name": "Pavlodar-1 power station", "fuel": "coal", "mw": 80.0, "country": "KAZ", "status": "operating"}}, {"type": "Feature", "id": 77, "geometry": {"type": "Point", "coordinates": [76.966, 52.322]}, "properties": {"name": "Pavlodar-2 power station", "fuel": "coal", "mw": 60.0, "country": "KAZ", "status": "operating"}}, {"type": "Feature", "id": 78, "geometry": {"type": "Point", "coordinates": [76.934, 52.367]}, "properties": {"name": "Pavlodar-3 power station", "fuel": "coal", "mw": 65.0, "country": "KAZ", "status": "operating"}}, {"type": "Feature", "id": 79, "geometry": {"type": "Point", "coordinates": [76.934, 52.367]}, "properties": {"name": "Pavlodar-3 power station", "fuel": "coal", "mw": 65.0, "country": "KAZ", "status": "operating"}}, {"type": "Feature", "id": 80, "geometry": {"type": "Point", "coordinates": [76.934, 52.367]}, "properties": {"name": "Pavlodar-3 power station", "fuel": "coal", "mw": 130.0, "country": "KAZ", "status": "operating"}}, {"type": "Feature", "id": 81, "geometry": {"type": "Point", "coordinates": [76.934, 52.367]}, "properties": {"name": "Pavlodar-3 power station", "fuel": "coal", "mw": 130.0, "country": "KAZ", "status": "operating"}}, {"type": "Feature", "id": 82, "geometry": {"type": "Point", "coordinates": [76.934, 52.367]}, "properties": {"name": "Pavlodar-3 power station", "fuel": "coal", "mw": 125.0, "country": "KAZ", "status": "operating"}}, {"type": "Feature", "id": 83, "geometry": {"type": "Point", "coordinates": [69.187, 54.898]}, "properties": {"name": "Petropavlovsk-2 power station", "fuel": "coal", "mw": 63.0, "country": "KAZ", "status": "operating"}}, {"type": "Feature", "id": 84, "geometry": {"type": "Point", "coordinates": [69.187, 54.898]}, "properties": {"name": "Petropavlovsk-2 power station", "fuel": "coal", "mw": 60.0, "country": "KAZ", "status": "operating"}}, {"type": "Feature", "id": 85, "geometry": {"type": "Point", "coordinates": [69.187, 54.898]}, "properties": {"name": "Petropavlovsk-2 power station", "fuel": "coal", "mw": 60.0, "country": "KAZ", "status": "operating"}}, {"type": "Feature", "id": 86, "geometry": {"type": "Point", "coordinates": [69.187, 54.898]}, "properties": {"name": "Petropavlovsk-2 power station", "fuel": "coal", "mw": 63.0, "country": "KAZ", "status": "operating"}}, {"type": "Feature", "id": 87, "geometry": {"type": "Point", "coordinates": [69.187, 54.898]}, "properties": {"name": "Petropavlovsk-2 power station", "fuel": "coal", "mw": 95.0, "country": "KAZ", "status": "operating"}}, {"type": "Feature", "id": 88, "geometry": {"type": "Point", "coordinates": [69.187, 54.898]}, "properties": {"name": "Petropavlovsk-2 power station", "fuel": "coal", "mw": 100.0, "country": "KAZ", "status": "operating"}}, {"type": "Feature", "id": 89, "geometry": {"type": "Point", "coordinates": [69.187, 54.898]}, "properties": {"name": "Petropavlovsk-2 power station", "fuel": "coal", "mw": 100.0, "country": "KAZ", "status": "operating"}}, {"type": "Feature", "id": 90, "geometry": {"type": "Point", "coordinates": [67.369, 24.785]}, "properties": {"name": "Port Qasim EPC power station", "fuel": "coal", "mw": 660.0, "country": "PAK", "status": "operating"}}, {"type": "Feature", "id": 91, "geometry": {"type": "Point", "coordinates": [67.369, 24.785]}, "properties": {"name": "Port Qasim EPC power station", "fuel": "coal", "mw": 660.0, "country": "PAK", "status": "operating"}}, {"type": "Feature", "id": 92, "geometry": {"type": "Point", "coordinates": [67.275, 24.813]}, "properties": {"name": "Port Qasim Lucky power station", "fuel": "coal", "mw": 660.0, "country": "PAK", "status": "operating"}}, {"type": "Feature", "id": 93, "geometry": {"type": "Point", "coordinates": [70.367, 24.784]}, "properties": {"name": "Thar K-Electric power station", "fuel": "coal", "mw": 330.0, "country": "PAK", "status": "planned"}}, {"type": "Feature", "id": 94, "geometry": {"type": "Point", "coordinates": [73.238, 30.714]}, "properties": {"name": "Sahiwal power station", "fuel": "coal", "mw": 660.0, "country": "PAK", "status": "operating"}}, {"type": "Feature", "id": 95, "geometry": {"type": "Point", "coordinates": [73.238, 30.714]}, "properties": {"name": "Sahiwal power station", "fuel": "coal", "mw": 660.0, "country": "PAK", "status": "operating"}}, {"type": "Feature", "id": 96, "geometry": {"type": "Point", "coordinates": [74.181, 31.653]}, "properties": {"name": "Sheikhupura power station", "fuel": "coal", "mw": 31.5, "country": "PAK", "status": "operating"}}, {"type": "Feature", "id": 97, "geometry": {"type": "Point", "coordinates": [70.401, 24.806]}, "properties": {"name": "Thar Energy Limited power station", "fuel": "coal", "mw": 330.0, "country": "PAK", "status": "operating"}}, {"type": "Feature", "id": 98, "geometry": {"type": "Point", "coordinates": [70.394, 24.812]}, "properties": {"name": "Thar Block II power station", "fuel": "coal", "mw": 330.0, "country": "PAK", "status": "operating"}}, {"type": "Feature", "id": 99, "geometry": {"type": "Point", "coordinates": [70.394, 24.812]}, "properties": {"name": "Thar Block II power station", "fuel": "coal", "mw": 330.0, "country": "PAK", "status": "operating"}}, {"type": "Feature", "id": 100, "geometry": {"type": "Point", "coordinates": [70.315, 24.841]}, "properties": {"name": "Thar Block VI power station", "fuel": "coal", "mw": 660.0, "country": "PAK", "status": "planned"}}, {"type": "Feature", "id": 101, "geometry": {"type": "Point", "coordinates": [70.315, 24.841]}, "properties": {"name": "Thar Block VI power station", "fuel": "coal", "mw": 660.0, "country": "PAK", "status": "planned"}}, {"type": "Feature", "id": 102, "geometry": {"type": "Point", "coordinates": [70.302, 24.711]}, "properties": {"name": "Thar Block I power station", "fuel": "coal", "mw": 660.0, "country": "PAK", "status": "operating"}}, {"type": "Feature", "id": 103, "geometry": {"type": "Point", "coordinates": [70.302, 24.711]}, "properties": {"name": "Thar Block I power station", "fuel": "coal", "mw": 660.0, "country": "PAK", "status": "operating"}}, {"type": "Feature", "id": 104, "geometry": {"type": "Point", "coordinates": [82.614, 49.983]}, "properties": {"name": "Ust-Kamenogorsk TETS power station", "fuel": "coal", "mw": 50.0, "country": "KAZ", "status": "operating"}}, {"type": "Feature", "id": 105, "geometry": {"type": "Point", "coordinates": [82.614, 49.983]}, "properties": {"name": "Ust-Kamenogorsk TETS power station", "fuel": "coal", "mw": 100.0, "country": "KAZ", "status": "operating"}}, {"type": "Feature", "id": 106, "geometry": {"type": "Point", "coordinates": [82.614, 49.983]}, "properties": {"name": "Ust-Kamenogorsk TETS power station", "fuel": "coal", "mw": 120.0, "country": "KAZ", "status": "operating"}}, {"type": "Feature", "id": 107, "geometry": {"type": "Point", "coordinates": [82.614, 49.983]}, "properties": {"name": "Ust-Kamenogorsk TETS power station", "fuel": "coal", "mw": 38.0, "country": "KAZ", "status": "operating"}}, {"type": "Feature", "id": 108, "geometry": {"type": "Point", "coordinates": [67.744, 47.786]}, "properties": {"name": "Zhezkazgan power station", "fuel": "coal", "mw": 50.0, "country": "KAZ", "status": "operating"}}, {"type": "Feature", "id": 109, "geometry": {"type": "Point", "coordinates": [67.744, 47.786]}, "properties": {"name": "Zhezkazgan power station", "fuel": "coal", "mw": 42.0, "country": "KAZ", "status": "operating"}}, {"type": "Feature", "id": 110, "geometry": {"type": "Point", "coordinates": [67.744, 47.786]}, "properties": {"name": "Zhezkazgan power station", "fuel": "coal", "mw": 50.0, "country": "KAZ", "status": "operating"}}, {"type": "Feature", "id": 111, "geometry": {"type": "Point", "coordinates": [67.744, 47.786]}, "properties": {"name": "Zhezkazgan power station", "fuel": "coal", "mw": 60.0, "country": "KAZ", "status": "operating"}}, {"type": "Feature", "id": 112, "geometry": {"type": "Point", "coordinates": [70.967, 30.295]}, "properties": {"name": "Muzaffargarh sugar mill power station", "fuel": "coal", "mw": 60.0, "country": "PAK", "status": "operating"}}, {"type": "Feature", "id": 113, "geometry": {"type": "Point", "coordinates": [75.377, 51.886]}, "properties": {"name": "Ekibastuz-1 power station", "fuel": "coal", "mw": 500.0, "country": "KAZ", "status": "operating"}}, {"type": "Feature", "id": 114, "geometry": {"type": "Point", "coordinates": [75.377, 51.886]}, "properties": {"name": "Ekibastuz-1 power station", "fuel": "coal", "mw": 500.0, "country": "KAZ", "status": "operating"}}, {"type": "Feature", "id": 115, "geometry": {"type": "Point", "coordinates": [71.611, 32.905]}, "properties": {"name": "Maple Leaf power station", "fuel": "coal", "mw": 40.0, "country": "PAK", "status": "operating"}}, {"type": "Feature", "id": 116, "geometry": {"type": "Point", "coordinates": [68.772, 38.611]}, "properties": {"name": "Dushanbe-2 power station", "fuel": "coal", "mw": 150.0, "country": "TJK", "status": "operating"}}, {"type": "Feature", "id": 117, "geometry": {"type": "Point", "coordinates": [68.772, 38.611]}, "properties": {"name": "Dushanbe-2 power station", "fuel": "coal", "mw": 150.0, "country": "TJK", "status": "operating"}}, {"type": "Feature", "id": 118, "geometry": {"type": "Point", "coordinates": [76.799, 43.293]}, "properties": {"name": "Almaty-2 power station", "fuel": "coal", "mw": 110.0, "country": "KAZ", "status": "operating"}}, {"type": "Feature", "id": 119, "geometry": {"type": "Point", "coordinates": [76.799, 43.293]}, "properties": {"name": "Almaty-2 power station", "fuel": "coal", "mw": 110.0, "country": "KAZ", "status": "operating"}}, {"type": "Feature", "id": 120, "geometry": {"type": "Point", "coordinates": [77.007, 43.424]}, "properties": {"name": "Almaty-3 power station", "fuel": "coal", "mw": 41.0, "country": "KAZ", "status": "operating"}}, {"type": "Feature", "id": 121, "geometry": {"type": "Point", "coordinates": [77.007, 43.424]}, "properties": {"name": "Almaty-3 power station", "fuel": "coal", "mw": 41.0, "country": "KAZ", "status": "operating"}}, {"type": "Feature", "id": 122, "geometry": {"type": "Point", "coordinates": [77.007, 43.424]}, "properties": {"name": "Almaty-3 power station", "fuel": "coal", "mw": 41.0, "country": "KAZ", "status": "operating"}}, {"type": "Feature", "id": 123, "geometry": {"type": "Point", "coordinates": [77.007, 43.424]}, "properties": {"name": "Almaty-3 power station", "fuel": "coal", "mw": 50.0, "country": "KAZ", "status": "operating"}}, {"type": "Feature", "id": 124, "geometry": {"type": "Point", "coordinates": [72.918, 50.089]}, "properties": {"name": "Karaganda GRES-1 power station", "fuel": "coal", "mw": 42.0, "country": "KAZ", "status": "operating"}}, {"type": "Feature", "id": 125, "geometry": {"type": "Point", "coordinates": [72.918, 50.089]}, "properties": {"name": "Karaganda GRES-1 power station", "fuel": "coal", "mw": 42.0, "country": "KAZ", "status": "operating"}}, {"type": "Feature", "id": 126, "geometry": {"type": "Point", "coordinates": [72.799, 49.513]}, "properties": {"name": "Karaganda State Regional power station-2", "fuel": "coal", "mw": 55.0, "country": "KAZ", "status": "operating"}}, {"type": "Feature", "id": 127, "geometry": {"type": "Point", "coordinates": [73.022, 50.048]}, "properties": {"name": "Karaganda Steel Works power station", "fuel": "coal", "mw": 65.0, "country": "KAZ", "status": "operating"}}, {"type": "Feature", "id": 128, "geometry": {"type": "Point", "coordinates": [73.022, 50.048]}, "properties": {"name": "Karaganda Steel Works power station", "fuel": "coal", "mw": 60.0, "country": "KAZ", "status": "operating"}}, {"type": "Feature", "id": 129, "geometry": {"type": "Point", "coordinates": [73.022, 50.048]}, "properties": {"name": "Karaganda Steel Works power station", "fuel": "coal", "mw": 60.0, "country": "KAZ", "status": "operating"}}, {"type": "Feature", "id": 130, "geometry": {"type": "Point", "coordinates": [83.488, 50.355]}, "properties": {"name": "Ridder power station", "fuel": "coal", "mw": 30.0, "country": "KAZ", "status": "operating"}}, {"type": "Feature", "id": 131, "geometry": {"type": "Point", "coordinates": [63.13, 52.99]}, "properties": {"name": "Rudny power station", "fuel": "coal", "mw": 58.0, "country": "KAZ", "status": "operating"}}, {"type": "Feature", "id": 132, "geometry": {"type": "Point", "coordinates": [63.13, 52.99]}, "properties": {"name": "Rudny power station", "fuel": "coal", "mw": 50.0, "country": "KAZ", "status": "operating"}}, {"type": "Feature", "id": 133, "geometry": {"type": "Point", "coordinates": [63.13, 52.99]}, "properties": {"name": "Rudny power station", "fuel": "coal", "mw": 34.0, "country": "KAZ", "status": "operating"}}, {"type": "Feature", "id": 134, "geometry": {"type": "Point", "coordinates": [63.13, 52.99]}, "properties": {"name": "Rudny power station", "fuel": "coal", "mw": 63.0, "country": "KAZ", "status": "operating"}}, {"type": "Feature", "id": 135, "geometry": {"type": "Point", "coordinates": [70.123, 41.005]}, "properties": {"name": "Angren power station", "fuel": "coal", "mw": 300.0, "country": "UZB", "status": "planned"}}, {"type": "Feature", "id": 136, "geometry": {"type": "Point", "coordinates": [73.237, 49.917]}, "properties": {"name": "Karaganda TPS-3 power station", "fuel": "coal", "mw": 110.0, "country": "KAZ", "status": "operating"}}, {"type": "Feature", "id": 137, "geometry": {"type": "Point", "coordinates": [74.949, 46.829]}, "properties": {"name": "Kazakhmys Balkhash power station", "fuel": "coal", "mw": 30.0, "country": "KAZ", "status": "operating"}}, {"type": "Feature", "id": 138, "geometry": {"type": "Point", "coordinates": [73.388, 31.523]}, "properties": {"name": "Faisalabad Sitara Chemical power plant", "fuel": "coal", "mw": 50.0, "country": "PAK", "status": "construction"}}, {"type": "Feature", "id": 139, "geometry": {"type": "Point", "coordinates": [62.352, 25.205]}, "properties": {"name": "Gwadar power station", "fuel": "coal", "mw": 150.0, "country": "PAK", "status": "planned"}}, {"type": "Feature", "id": 140, "geometry": {"type": "Point", "coordinates": [71.51, 51.188]}, "properties": {"name": "Astana-2 power station", "fuel": "coal", "mw": 120.0, "country": "KAZ", "status": "operating"}}, {"type": "Feature", "id": 141, "geometry": {"type": "Point", "coordinates": [71.51, 51.188]}, "properties": {"name": "Astana-2 power station", "fuel": "coal", "mw": 120.0, "country": "KAZ", "status": "operating"}}, {"type": "Feature", "id": 142, "geometry": {"type": "Point", "coordinates": [72.799, 49.513]}, "properties": {"name": "Karaganda State Regional power station-2", "fuel": "coal", "mw": 130.0, "country": "KAZ", "status": "operating"}}, {"type": "Feature", "id": 143, "geometry": {"type": "Point", "coordinates": [72.799, 49.513]}, "properties": {"name": "Karaganda State Regional power station-2", "fuel": "coal", "mw": 130.0, "country": "KAZ", "status": "construction"}}, {"type": "Feature", "id": 144, "geometry": {"type": "Point", "coordinates": [76.934, 52.367]}, "properties": {"name": "Pavlodar-3 power station", "fuel": "coal", "mw": 50.0, "country": "KAZ", "status": "operating"}}, {"type": "Feature", "id": 145, "geometry": {"type": "Point", "coordinates": [67.744, 47.786]}, "properties": {"name": "Zhezkazgan power station", "fuel": "coal", "mw": 50.0, "country": "KAZ", "status": "operating"}}, {"type": "Feature", "id": 146, "geometry": {"type": "Point", "coordinates": [82.77, 50.03]}, "properties": {"name": "Sogrinsk power station", "fuel": "coal", "mw": 50.0, "country": "KAZ", "status": "operating"}}, {"type": "Feature", "id": 147, "geometry": {"type": "Point", "coordinates": [66.784, 25.156]}, "properties": {"name": "Hub Cement power station", "fuel": "coal", "mw": 30.0, "country": "PAK", "status": "operating"}}, {"type": "Feature", "id": 148, "geometry": {"type": "Point", "coordinates": [70.123, 41.005]}, "properties": {"name": "Angren power station", "fuel": "coal", "mw": 300.0, "country": "UZB", "status": "planned"}}, {"type": "Feature", "id": 149, "geometry": {"type": "Point", "coordinates": [73.237, 49.917]}, "properties": {"name": "Karaganda TPS-3 power station", "fuel": "coal", "mw": 140.0, "country": "KAZ", "status": "planned"}}, {"type": "Feature", "id": 150, "geometry": {"type": "Point", "coordinates": [82.614, 49.983]}, "properties": {"name": "Ust-Kamenogorsk TETS power station", "fuel": "coal", "mw": 100.0, "country": "KAZ", "status": "planned"}}, {"type": "Feature", "id": 151, "geometry": {"type": "Point", "coordinates": [70.539, 30.332]}, "properties": {"name": "Dera Ghazi Khan Cement power station", "fuel": "coal", "mw": 30.0, "country": "PAK", "status": "operating"}}, {"type": "Feature", "id": 152, "geometry": {"type": "Point", "coordinates": [69.42, 53.304]}, "properties": {"name": "Kokshetau power station", "fuel": "coal", "mw": 120.0, "country": "KAZ", "status": "planned"}}, {"type": "Feature", "id": 153, "geometry": {"type": "Point", "coordinates": [69.42, 53.304]}, "properties": {"name": "Kokshetau power station", "fuel": "coal", "mw": 120.0, "country": "KAZ", "status": "planned"}}, {"type": "Feature", "id": 154, "geometry": {"type": "Point", "coordinates": [72.799, 49.513]}, "properties": {"name": "Karaganda State Regional power station-2", "fuel": "coal", "mw": 130.0, "country": "KAZ", "status": "planned"}}, {"type": "Feature", "id": 155, "geometry": {"type": "Point", "coordinates": [75.476, 52.024]}, "properties": {"name": "Ekibastuz-2 power station", "fuel": "coal", "mw": 540.0, "country": "KAZ", "status": "planned"}}, {"type": "Feature", "id": 156, "geometry": {"type": "Point", "coordinates": [75.476, 52.024]}, "properties": {"name": "Ekibastuz-3 power station", "fuel": "coal", "mw": 660.0, "country": "KAZ", "status": "planned"}}, {"type": "Feature", "id": 157, "geometry": {"type": "Point", "coordinates": [75.476, 52.024]}, "properties": {"name": "Ekibastuz-3 power station", "fuel": "coal", "mw": 660.0, "country": "KAZ", "status": "planned"}}, {"type": "Feature", "id": 158, "geometry": {"type": "Point", "coordinates": [80.201, 50.409]}, "properties": {"name": "Semey-3 power station", "fuel": "coal", "mw": 360.0, "country": "KAZ", "status": "planned"}}, {"type": "Feature", "id": 159, "geometry": {"type": "Point", "coordinates": [72.032, 52.484]}, "properties": {"name": "Stepnogorsk power station", "fuel": "coal", "mw": 35.0, "country": "KAZ", "status": "operating"}}, {"type": "Feature", "id": 160, "geometry": {"type": "Point", "coordinates": [72.032, 52.484]}, "properties": {"name": "Stepnogorsk power station", "fuel": "coal", "mw": 35.0, "country": "KAZ", "status": "operating"}}, {"type": "Feature", "id": 161, "geometry": {"type": "Point", "coordinates": [72.032, 52.484]}, "properties": {"name": "Stepnogorsk power station", "fuel": "coal", "mw": 60.0, "country": "KAZ", "status": "operating"}}, {"type": "Feature", "id": 162, "geometry": {"type": "Point", "coordinates": [74.419, 31.628]}, "properties": {"name": "Lahore Waste-to-Energy power station", "fuel": "biomass", "mw": 40.0, "country": "PAK", "status": "construction"}}, {"type": "Feature", "id": 163, "geometry": {"type": "Point", "coordinates": [72.761, 31.612]}, "properties": {"name": "Chiniot power station", "fuel": "biomass", "mw": 30.0, "country": "PAK", "status": "operating"}}, {"type": "Feature", "id": 164, "geometry": {"type": "Point", "coordinates": [71.509, 29.292]}, "properties": {"name": "Bahawalpur power station", "fuel": "biomass", "mw": 31.0, "country": "PAK", "status": "operating"}}, {"type": "Feature", "id": 165, "geometry": {"type": "Point", "coordinates": [70.333, 29.014]}, "properties": {"name": "Indus Sugar Mill power station", "fuel": "biomass", "mw": 11.0, "country": "PAK", "status": "operating"}}, {"type": "Feature", "id": 166, "geometry": {"type": "Point", "coordinates": [73.455, 32.589]}, "properties": {"name": "Shahtaj Sugar Mills power station", "fuel": "biomass", "mw": 32.0, "country": "PAK", "status": "construction"}}, {"type": "Feature", "id": 167, "geometry": {"type": "Point", "coordinates": [74.359, 31.13]}, "properties": {"name": "Bulleh Shah Paper Mill power station", "fuel": "biomass", "mw": 41.0, "country": "PAK", "status": "operating"}}, {"type": "Feature", "id": 168, "geometry": {"type": "Point", "coordinates": [72.761, 31.612]}, "properties": {"name": "Chiniot power station", "fuel": "biomass", "mw": 30.0, "country": "PAK", "status": "operating"}}, {"type": "Feature", "id": 169, "geometry": {"type": "Point", "coordinates": [70.95, 30.986]}, "properties": {"name": "Layyah Sugar Mills power station", "fuel": "biomass", "mw": 41.0, "country": "PAK", "status": "operating"}}, {"type": "Feature", "id": 170, "geometry": {"type": "Point", "coordinates": [73.927, 31.037]}, "properties": {"name": "Balloki power station", "fuel": "gas", "mw": 1320.0, "country": "PAK", "status": "operating"}}, {"type": "Feature", "id": 171, "geometry": {"type": "Point", "coordinates": [73.905, 31.604]}, "properties": {"name": "Bhikki power station", "fuel": "gas", "mw": 1180.0, "country": "PAK", "status": "operating"}}, {"type": "Feature", "id": 172, "geometry": {"type": "Point", "coordinates": [67.36, 24.785]}, "properties": {"name": "Bin Qasim power station", "fuel": "gas", "mw": 210.0, "country": "PAK", "status": "operating"}}, {"type": "Feature", "id": 173, "geometry": {"type": "Point", "coordinates": [67.36, 24.785]}, "properties": {"name": "Bin Qasim power station", "fuel": "gas", "mw": 210.0, "country": "PAK", "status": "operating"}}, {"type": "Feature", "id": 174, "geometry": {"type": "Point", "coordinates": [67.36, 24.785]}, "properties": {"name": "Bin Qasim power station", "fuel": "gas", "mw": 210.0, "country": "PAK", "status": "operating"}}, {"type": "Feature", "id": 175, "geometry": {"type": "Point", "coordinates": [67.36, 24.785]}, "properties": {"name": "Bin Qasim power station", "fuel": "gas", "mw": 210.0, "country": "PAK", "status": "operating"}}, {"type": "Feature", "id": 176, "geometry": {"type": "Point", "coordinates": [67.36, 24.785]}, "properties": {"name": "Bin Qasim power station", "fuel": "gas", "mw": 210.0, "country": "PAK", "status": "operating"}}, {"type": "Feature", "id": 177, "geometry": {"type": "Point", "coordinates": [67.36, 24.785]}, "properties": {"name": "Bin Qasim power station", "fuel": "gas", "mw": 210.0, "country": "PAK", "status": "operating"}}, {"type": "Feature", "id": 178, "geometry": {"type": "Point", "coordinates": [67.36, 24.785]}, "properties": {"name": "Bin Qasim power station", "fuel": "gas", "mw": 572.0, "country": "PAK", "status": "operating"}}, {"type": "Feature", "id": 179, "geometry": {"type": "Point", "coordinates": [67.36, 24.785]}, "properties": {"name": "Bin Qasim power station", "fuel": "gas", "mw": 450.0, "country": "PAK", "status": "operating"}}, {"type": "Feature", "id": 180, "geometry": {"type": "Point", "coordinates": [67.36, 24.785]}, "properties": {"name": "Bin Qasim power station", "fuel": "gas", "mw": 450.0, "country": "PAK", "status": "operating"}}, {"type": "Feature", "id": 181, "geometry": {"type": "Point", "coordinates": [69.365, 28.026]}, "properties": {"name": "Engro power station", "fuel": "gas", "mw": 227.0, "country": "PAK", "status": "operating"}}, {"type": "Feature", "id": 182, "geometry": {"type": "Point", "coordinates": [71.955, 30.523]}, "properties": {"name": "Fauji Kabirwala power station", "fuel": "gas", "mw": 170.0, "country": "PAK", "status": "operating"}}, {"type": "Feature", "id": 183, "geometry": {"type": "Point", "coordinates": [69.674, 27.98]}, "properties": {"name": "Foundation power station", "fuel": "gas", "mw": 185.0, "country": "PAK", "status": "operating"}}, {"type": "Feature", "id": 184, "geometry": {"type": "Point", "coordinates": [69.701, 28.425]}, "properties": {"name": "Guddu power station", "fuel": "gas", "mw": 272.0, "country": "PAK", "status": "operating"}}, {"type": "Feature", "id": 185, "geometry": {"type": "Point", "coordinates": [69.701, 28.425]}, "properties": {"name": "Guddu power station", "fuel": "gas", "mw": 200.0, "country": "PAK", "status": "operating"}}, {"type": "Feature", "id": 186, "geometry": {"type": "Point", "coordinates": [69.701, 28.425]}, "properties": {"name": "Guddu power station", "fuel": "gas", "mw": 747.0, "country": "PAK", "status": "operating"}}, {"type": "Feature", "id": 187, "geometry": {"type": "Point", "coordinates": [66.965, 30.27]}, "properties": {"name": "Habibullah Coastal power station", "fuel": "gas", "mw": 140.0, "country": "PAK", "status": "operating"}}, {"type": "Feature", "id": 188, "geometry": {"type": "Point", "coordinates": [66.973, 30.278]}, "properties": {"name": "Halmore power station", "fuel": "gas", "mw": 225.0, "country": "PAK", "status": "operating"}}, {"type": "Feature", "id": 189, "geometry": {"type": "Point", "coordinates": [72.189, 31.127]}, "properties": {"name": "Haveli Bahadur Shah (HBS) power station", "fuel": "gas", "mw": 1230.0, "country": "PAK", "status": "operating"}}, {"type": "Feature", "id": 190, "geometry": {"type": "Point", "coordinates": [68.266, 25.472]}, "properties": {"name": "Jamshoro power station", "fuel": "gas", "mw": 250.0, "country": "PAK", "status": "operating"}}, {"type": "Feature", "id": 191, "geometry": {"type": "Point", "coordinates": [70.982, 30.446]}, "properties": {"name": "KAPCO power station", "fuel": "gas", "mw": 533.0, "country": "PAK", "status": "operating"}}, {"type": "Feature", "id": 192, "geometry": {"type": "Point", "coordinates": [67.138, 24.786]}, "properties": {"name": "Korangi power station", "fuel": "gas", "mw": 248.0, "country": "PAK", "status": "operating"}}, {"type": "Feature", "id": 193, "geometry": {"type": "Point", "coordinates": [69.634, 28.032]}, "properties": {"name": "Liberty power station", "fuel": "gas", "mw": 235.0, "country": "PAK", "status": "operating"}}, {"type": "Feature", "id": 194, "geometry": {"type": "Point", "coordinates": [71.164, 30.106]}, "properties": {"name": "Muzaffargarh power station", "fuel": "gas", "mw": 210.0, "country": "PAK", "status": "operating"}}, {"type": "Feature", "id": 195, "geometry": {"type": "Point", "coordinates": [71.164, 30.106]}, "properties": {"name": "Muzaffargarh power station", "fuel": "gas", "mw": 210.0, "country": "PAK", "status": "operating"}}, {"type": "Feature", "id": 196, "geometry": {"type": "Point", "coordinates": [71.164, 30.106]}, "properties": {"name": "Muzaffargarh power station", "fuel": "gas", "mw": 210.0, "country": "PAK", "status": "operating"}}, {"type": "Feature", "id": 197, "geometry": {"type": "Point", "coordinates": [71.164, 30.106]}, "properties": {"name": "Muzaffargarh power station", "fuel": "gas", "mw": 200.0, "country": "PAK", "status": "operating"}}, {"type": "Feature", "id": 198, "geometry": {"type": "Point", "coordinates": [74.267, 32.243]}, "properties": {"name": "Nandipur power station", "fuel": "gas", "mw": 567.0, "country": "PAK", "status": "operating"}}, {"type": "Feature", "id": 199, "geometry": {"type": "Point", "coordinates": [73.888, 31.188]}, "properties": {"name": "Orient power station", "fuel": "gas", "mw": 225.0, "country": "PAK", "status": "operating"}}, {"type": "Feature", "id": 200, "geometry": {"type": "Point", "coordinates": [72.14, 30.569]}, "properties": {"name": "Rousch power station", "fuel": "gas", "mw": 450.0, "country": "PAK", "status": "operating"}}, {"type": "Feature", "id": 201, "geometry": {"type": "Point", "coordinates": [73.259, 30.696]}, "properties": {"name": "Saif power station", "fuel": "gas", "mw": 225.0, "country": "PAK", "status": "operating"}}, {"type": "Feature", "id": 202, "geometry": {"type": "Point", "coordinates": [74.036, 31.761]}, "properties": {"name": "Sapphire Electric power station", "fuel": "gas", "mw": 225.0, "country": "PAK", "status": "operating"}}, {"type": "Feature", "id": 203, "geometry": {"type": "Point", "coordinates": [72.189, 31.117]}, "properties": {"name": "Trimmu power station", "fuel": "gas", "mw": 1263.0, "country": "PAK", "status": "operating"}}, {"type": "Feature", "id": 204, "geometry": {"type": "Point", "coordinates": [68.176, 28.583]}, "properties": {"name": "Uch power station", "fuel": "gas", "mw": 586.0, "country": "PAK", "status": "operating"}}, {"type": "Feature", "id": 205, "geometry": {"type": "Point", "coordinates": [68.176, 28.583]}, "properties": {"name": "Uch power station", "fuel": "gas", "mw": 404.0, "country": "PAK", "status": "operating"}}, {"type": "Feature", "id": 206, "geometry": {"type": "Point", "coordinates": [71.458, 40.997]}, "properties": {"name": "Turakurgan power station", "fuel": "gas", "mw": 450.0, "country": "UZB", "status": "operating"}}, {"type": "Feature", "id": 207, "geometry": {"type": "Point", "coordinates": [71.458, 40.997]}, "properties": {"name": "Turakurgan power station", "fuel": "gas", "mw": 450.0, "country": "UZB", "status": "operating"}}, {"type": "Feature", "id": 208, "geometry": {"type": "Point", "coordinates": [64.312, 39.767]}, "properties": {"name": "Bukhara power station", "fuel": "gas", "mw": 270.0, "country": "UZB", "status": "operating"}}, {"type": "Feature", "id": 209, "geometry": {"type": "Point", "coordinates": [67.252, 37.377]}, "properties": {"name": "Surkhandarya power station", "fuel": "gas", "mw": 1560.0, "country": "UZB", "status": "construction"}}, {"type": "Feature", "id": 210, "geometry": {"type": "Point", "coordinates": [71.782, 40.449]}, "properties": {"name": "Fergana power station", "fuel": "gas", "mw": 55.0, "country": "UZB", "status": "operating"}}, {"type": "Feature", "id": 211, "geometry": {"type": "Point", "coordinates": [71.782, 40.449]}, "properties": {"name": "Fergana power station", "fuel": "gas", "mw": 50.0, "country": "UZB", "status": "operating"}}, {"type": "Feature", "id": 212, "geometry": {"type": "Point", "coordinates": [71.782, 40.449]}, "properties": {"name": "Fergana power station", "fuel": "gas", "mw": 60.0, "country": "UZB", "status": "operating"}}, {"type": "Feature", "id": 213, "geometry": {"type": "Point", "coordinates": [71.782, 40.449]}, "properties": {"name": "Fergana power station", "fuel": "gas", "mw": 60.0, "country": "UZB", "status": "operating"}}, {"type": "Feature", "id": 214, "geometry": {"type": "Point", "coordinates": [71.782, 40.449]}, "properties": {"name": "Fergana power station", "fuel": "gas", "mw": 55.0, "country": "UZB", "status": "operating"}}, {"type": "Feature", "id": 215, "geometry": {"type": "Point", "coordinates": [69.361, 41.383]}, "properties": {"name": "Tashkent (Aksa) power station", "fuel": "gas", "mw": 230.0, "country": "UZB", "status": "operating"}}, {"type": "Feature", "id": 216, "geometry": {"type": "Point", "coordinates": [69.361, 41.383]}, "properties": {"name": "Tashkent (Aksa) power station", "fuel": "gas", "mw": 240.0, "country": "UZB", "status": "operating"}}, {"type": "Feature", "id": 217, "geometry": {"type": "Point", "coordinates": [69.503, 41.449]}, "properties": {"name": "Cengiz Enerji Tashkent power station", "fuel": "gas", "mw": 240.0, "country": "UZB", "status": "operating"}}, {"type": "Feature", "id": 218, "geometry": {"type": "Point", "coordinates": [59.555, 42.315]}, "properties": {"name": "Takhiatash power station", "fuel": "gas", "mw": 280.0, "country": "UZB", "status": "operating"}}, {"type": "Feature", "id": 219, "geometry": {"type": "Point", "coordinates": [59.555, 42.315]}, "properties": {"name": "Takhiatash power station", "fuel": "gas", "mw": 280.0, "country": "UZB", "status": "operating"}}, {"type": "Feature", "id": 220, "geometry": {"type": "Point", "coordinates": [59.555, 42.315]}, "properties": {"name": "Takhiatash power station", "fuel": "gas", "mw": 210.0, "country": "UZB", "status": "operating"}}, {"type": "Feature", "id": 221, "geometry": {"type": "Point", "coordinates": [59.555, 42.315]}, "properties": {"name": "Takhiatash power station", "fuel": "gas", "mw": 210.0, "country": "UZB", "status": "operating"}}, {"type": "Feature", "id": 222, "geometry": {"type": "Point", "coordinates": [65.63, 38.481]}, "properties": {"name": "Talimarjan power station", "fuel": "gas", "mw": 450.0, "country": "UZB", "status": "operating"}}, {"type": "Feature", "id": 223, "geometry": {"type": "Point", "coordinates": [65.63, 38.481]}, "properties": {"name": "Talimarjan power station", "fuel": "gas", "mw": 450.0, "country": "UZB", "status": "operating"}}, {"type": "Feature", "id": 224, "geometry": {"type": "Point", "coordinates": [65.63, 38.481]}, "properties": {"name": "Talimarjan power station", "fuel": "gas", "mw": 532.5, "country": "UZB", "status": "construction"}}, {"type": "Feature", "id": 225, "geometry": {"type": "Point", "coordinates": [65.63, 38.481]}, "properties": {"name": "Talimarjan power station", "fuel": "gas", "mw": 532.5, "country": "UZB", "status": "construction"}}, {"type": "Feature", "id": 226, "geometry": {"type": "Point", "coordinates": [65.63, 38.481]}, "properties": {"name": "Talimarjan power station", "fuel": "gas", "mw": 800.0, "country": "UZB", "status": "operating"}}, {"type": "Feature", "id": 227, "geometry": {"type": "Point", "coordinates": [65.312, 40.158]}, "properties": {"name": "Navoi power station", "fuel": "gas", "mw": 160.0, "country": "UZB", "status": "operating"}}, {"type": "Feature", "id": 228, "geometry": {"type": "Point", "coordinates": [65.312, 40.158]}, "properties": {"name": "Navoi power station", "fuel": "gas", "mw": 160.0, "country": "UZB", "status": "operating"}}, {"type": "Feature", "id": 229, "geometry": {"type": "Point", "coordinates": [65.312, 40.158]}, "properties": {"name": "Navoi power station", "fuel": "gas", "mw": 50.0, "country": "UZB", "status": "operating"}}, {"type": "Feature", "id": 230, "geometry": {"type": "Point", "coordinates": [65.312, 40.158]}, "properties": {"name": "Navoi power station", "fuel": "gas", "mw": 60.0, "country": "UZB", "status": "operating"}}, {"type": "Feature", "id": 231, "geometry": {"type": "Point", "coordinates": [65.312, 40.158]}, "properties": {"name": "Navoi power station", "fuel": "gas", "mw": 50.0, "country": "UZB", "status": "operating"}}, {"type": "Feature", "id": 232, "geometry": {"type": "Point", "coordinates": [65.312, 40.158]}, "properties": {"name": "Navoi power station", "fuel": "gas", "mw": 150.0, "country": "UZB", "status": "operating"}}, {"type": "Feature", "id": 233, "geometry": {"type": "Point", "coordinates": [65.312, 40.158]}, "properties": {"name": "Navoi power station", "fuel": "gas", "mw": 150.0, "country": "UZB", "status": "operating"}}, {"type": "Feature", "id": 234, "geometry": {"type": "Point", "coordinates": [65.312, 40.158]}, "properties": {"name": "Navoi power station", "fuel": "gas", "mw": 210.0, "country": "UZB", "status": "operating"}}, {"type": "Feature", "id": 235, "geometry": {"type": "Point", "coordinates": [65.312, 40.158]}, "properties": {"name": "Navoi power station", "fuel": "gas", "mw": 210.0, "country": "UZB", "status": "operating"}}, {"type": "Feature", "id": 236, "geometry": {"type": "Point", "coordinates": [65.312, 40.158]}, "properties": {"name": "Navoi power station", "fuel": "gas", "mw": 650.0, "country": "UZB", "status": "planned"}}, {"type": "Feature", "id": 237, "geometry": {"type": "Point", "coordinates": [65.312, 40.158]}, "properties": {"name": "Navoi power station", "fuel": "gas", "mw": 650.0, "country": "UZB", "status": "construction"}}, {"type": "Feature", "id": 238, "geometry": {"type": "Point", "coordinates": [65.312, 40.158]}, "properties": {"name": "Navoi power station", "fuel": "gas", "mw": 473.0, "country": "UZB", "status": "operating"}}, {"type": "Feature", "id": 239, "geometry": {"type": "Point", "coordinates": [65.312, 40.158]}, "properties": {"name": "Navoi power station", "fuel": "gas", "mw": 478.0, "country": "UZB", "status": "operating"}}, {"type": "Feature", "id": 240, "geometry": {"type": "Point", "coordinates": [69.105, 40.242]}, "properties": {"name": "Sirdaryo II power station", "fuel": "gas", "mw": 1573.0, "country": "UZB", "status": "construction"}}, {"type": "Feature", "id": 241, "geometry": {"type": "Point", "coordinates": [69.112, 40.238]}, "properties": {"name": "ACWA Power Sirdaryo I power station", "fuel": "gas", "mw": 1500.0, "country": "UZB", "status": "operating"}}, {"type": "Feature", "id": 242, "geometry": {"type": "Point", "coordinates": [69.1, 40.23]}, "properties": {"name": "Sirdaryo power station", "fuel": "gas", "mw": 325.0, "country": "UZB", "status": "operating"}}, {"type": "Feature", "id": 243, "geometry": {"type": "Point", "coordinates": [69.1, 40.23]}, "properties": {"name": "Sirdaryo power station", "fuel": "gas", "mw": 325.0, "country": "UZB", "status": "operating"}}, {"type": "Feature", "id": 244, "geometry": {"type": "Point", "coordinates": [69.1, 40.23]}, "properties": {"name": "Sirdaryo power station", "fuel": "gas", "mw": 300.0, "country": "UZB", "status": "operating"}}, {"type": "Feature", "id": 245, "geometry": {"type": "Point", "coordinates": [69.1, 40.23]}, "properties": {"name": "Sirdaryo power station", "fuel": "gas", "mw": 300.0, "country": "UZB", "status": "operating"}}, {"type": "Feature", "id": 246, "geometry": {"type": "Point", "coordinates": [69.1, 40.23]}, "properties": {"name": "Sirdaryo power station", "fuel": "gas", "mw": 325.0, "country": "UZB", "status": "operating"}}, {"type": "Feature", "id": 247, "geometry": {"type": "Point", "coordinates": [69.1, 40.23]}, "properties": {"name": "Sirdaryo power station", "fuel": "gas", "mw": 325.0, "country": "UZB", "status": "operating"}}, {"type": "Feature", "id": 248, "geometry": {"type": "Point", "coordinates": [69.1, 40.23]}, "properties": {"name": "Sirdaryo power station", "fuel": "gas", "mw": 325.0, "country": "UZB", "status": "operating"}}, {"type": "Feature", "id": 249, "geometry": {"type": "Point", "coordinates": [69.1, 40.23]}, "properties": {"name": "Sirdaryo power station", "fuel": "gas", "mw": 325.0, "country": "UZB", "status": "operating"}}, {"type": "Feature", "id": 250, "geometry": {"type": "Point", "coordinates": [69.1, 40.23]}, "properties": {"name": "Sirdaryo power station", "fuel": "gas", "mw": 325.0, "country": "UZB", "status": "operating"}}, {"type": "Feature", "id": 251, "geometry": {"type": "Point", "coordinates": [69.1, 40.23]}, "properties": {"name": "Sirdaryo power station", "fuel": "gas", "mw": 325.0, "country": "UZB", "status": "operating"}}, {"type": "Feature", "id": 252, "geometry": {"type": "Point", "coordinates": [68.932, 38.297]}, "properties": {"name": "Yavan power station", "fuel": "gas", "mw": 60.0, "country": "TJK", "status": "operating"}}, {"type": "Feature", "id": 253, "geometry": {"type": "Point", "coordinates": [68.932, 38.297]}, "properties": {"name": "Yavan power station", "fuel": "gas", "mw": 60.0, "country": "TJK", "status": "operating"}}, {"type": "Feature", "id": 254, "geometry": {"type": "Point", "coordinates": [68.776, 38.556]}, "properties": {"name": "Dushanbe-1 power station", "fuel": "gas", "mw": 86.0, "country": "TJK", "status": "operating"}}, {"type": "Feature", "id": 255, "geometry": {"type": "Point", "coordinates": [57.434, 48.387]}, "properties": {"name": "Zhanazhol 3 power station", "fuel": "gas", "mw": 80.0, "country": "KAZ", "status": "operating"}}, {"type": "Feature", "id": 256, "geometry": {"type": "Point", "coordinates": [57.434, 48.387]}, "properties": {"name": "Zhanazhol 3 power station", "fuel": "gas", "mw": 80.0, "country": "KAZ", "status": "operating"}}, {"type": "Feature", "id": 257, "geometry": {"type": "Point", "coordinates": [71.477, 42.845]}, "properties": {"name": "Zhambyl GRES power station", "fuel": "gas", "mw": 210.0, "country": "KAZ", "status": "operating"}}, {"type": "Feature", "id": 258, "geometry": {"type": "Point", "coordinates": [71.477, 42.845]}, "properties": {"name": "Zhambyl GRES power station", "fuel": "gas", "mw": 210.0, "country": "KAZ", "status": "operating"}}, {"type": "Feature", "id": 259, "geometry": {"type": "Point", "coordinates": [71.477, 42.845]}, "properties": {"name": "Zhambyl GRES power station", "fuel": "gas", "mw": 210.0, "country": "KAZ", "status": "operating"}}, {"type": "Feature", "id": 260, "geometry": {"type": "Point", "coordinates": [71.477, 42.845]}, "properties": {"name": "Zhambyl GRES power station", "fuel": "gas", "mw": 200.0, "country": "KAZ", "status": "operating"}}, {"type": "Feature", "id": 261, "geometry": {"type": "Point", "coordinates": [71.477, 42.845]}, "properties": {"name": "Zhambyl GRES power station", "fuel": "gas", "mw": 200.0, "country": "KAZ", "status": "operating"}}, {"type": "Feature", "id": 262, "geometry": {"type": "Point", "coordinates": [71.477, 42.845]}, "properties": {"name": "Zhambyl GRES power station", "fuel": "gas", "mw": 200.0, "country": "KAZ", "status": "operating"}}, {"type": "Feature", "id": 263, "geometry": {"type": "Point", "coordinates": [53.375, 46.134]}, "properties": {"name": "Tengizchevroil Future Growth Project power station", "fuel": "gas", "mw": 130.0, "country": "KAZ", "status": "operating"}}, {"type": "Feature", "id": 264, "geometry": {"type": "Point", "coordinates": [53.375, 46.134]}, "properties": {"name": "Tengizchevroil Future Growth Project power station", "fuel": "gas", "mw": 130.0, "country": "KAZ", "status": "operating"}}, {"type": "Feature", "id": 265, "geometry": {"type": "Point", "coordinates": [53.375, 46.134]}, "properties": {"name": "Tengizchevroil Future Growth Project power station", "fuel": "gas", "mw": 130.0, "country": "KAZ", "status": "operating"}}, {"type": "Feature", "id": 266, "geometry": {"type": "Point", "coordinates": [53.375, 46.134]}, "properties": {"name": "Tengizchevroil Future Growth Project power station", "fuel": "gas", "mw": 130.0, "country": "KAZ", "status": "operating"}}, {"type": "Feature", "id": 267, "geometry": {"type": "Point", "coordinates": [53.375, 46.134]}, "properties": {"name": "Tengizchevroil Future Growth Project power station", "fuel": "gas", "mw": 130.0, "country": "KAZ", "status": "operating"}}, {"type": "Feature", "id": 268, "geometry": {"type": "Point", "coordinates": [53.411, 46.152]}, "properties": {"name": "Tengizchevroil 3 power station", "fuel": "gas", "mw": 121.0, "country": "KAZ", "status": "operating"}}, {"type": "Feature", "id": 269, "geometry": {"type": "Point", "coordinates": [53.411, 46.152]}, "properties": {"name": "Tengizchevroil 3 power station", "fuel": "gas", "mw": 121.0, "country": "KAZ", "status": "operating"}}, {"type": "Feature", "id": 270, "geometry": {"type": "Point", "coordinates": [69.694, 42.273]}, "properties": {"name": "Shymkent CHP-3 power station", "fuel": "gas", "mw": 80.0, "country": "KAZ", "status": "operating"}}, {"type": "Feature", "id": 271, "geometry": {"type": "Point", "coordinates": [69.694, 42.273]}, "properties": {"name": "Shymkent CHP-3 power station", "fuel": "gas", "mw": 80.0, "country": "KAZ", "status": "operating"}}, {"type": "Feature", "id": 272, "geometry": {"type": "Point", "coordinates": [69.694, 42.273]}, "properties": {"name": "Shymkent CHP-3 power station", "fuel": "gas", "mw": 556.0, "country": "KAZ", "status": "planned"}}, {"type": "Feature", "id": 273, "geometry": {"type": "Point", "coordinates": [51.289, 43.597]}, "properties": {"name": "MAEK 3 power station", "fuel": "gas", "mw": 215.0, "country": "KAZ", "status": "operating"}}, {"type": "Feature", "id": 274, "geometry": {"type": "Point", "coordinates": [51.289, 43.597]}, "properties": {"name": "MAEK 3 power station", "fuel": "gas", "mw": 210.0, "country": "KAZ", "status": "operating"}}, {"type": "Feature", "id": 275, "geometry": {"type": "Point", "coordinates": [51.289, 43.597]}, "properties": {"name": "MAEK 3 power station", "fuel": "gas", "mw": 200.0, "country": "KAZ", "status": "operating"}}, {"type": "Feature", "id": 276, "geometry": {"type": "Point", "coordinates": [51.281, 43.606]}, "properties": {"name": "MAEK 2 power station", "fuel": "gas", "mw": 60.0, "country": "KAZ", "status": "operating"}}, {"type": "Feature", "id": 277, "geometry": {"type": "Point", "coordinates": [51.281, 43.606]}, "properties": {"name": "MAEK 2 power station", "fuel": "gas", "mw": 60.0, "country": "KAZ", "status": "operating"}}, {"type": "Feature", "id": 278, "geometry": {"type": "Point", "coordinates": [51.281, 43.606]}, "properties": {"name": "MAEK 2 power station", "fuel": "gas", "mw": 50.0, "country": "KAZ", "status": "operating"}}, {"type": "Feature", "id": 279, "geometry": {"type": "Point", "coordinates": [51.281, 43.606]}, "properties": {"name": "MAEK 2 power station", "fuel": "gas", "mw": 50.0, "country": "KAZ", "status": "operating"}}, {"type": "Feature", "id": 280, "geometry": {"type": "Point", "coordinates": [51.281, 43.606]}, "properties": {"name": "MAEK 2 power station", "fuel": "gas", "mw": 100.0, "country": "KAZ", "status": "operating"}}, {"type": "Feature", "id": 281, "geometry": {"type": "Point", "coordinates": [51.281, 43.606]}, "properties": {"name": "MAEK 2 power station", "fuel": "gas", "mw": 60.0, "country": "KAZ", "status": "operating"}}, {"type": "Feature", "id": 282, "geometry": {"type": "Point", "coordinates": [51.281, 43.606]}, "properties": {"name": "MAEK 2 power station", "fuel": "gas", "mw": 80.0, "country": "KAZ", "status": "operating"}}, {"type": "Feature", "id": 283, "geometry": {"type": "Point", "coordinates": [51.281, 43.606]}, "properties": {"name": "MAEK 2 power station", "fuel": "gas", "mw": 160.0, "country": "KAZ", "status": "planned"}}, {"type": "Feature", "id": 284, "geometry": {"type": "Point", "coordinates": [65.457, 44.866]}, "properties": {"name": "Kyzylorda CHP power station", "fuel": "gas", "mw": 240.0, "country": "KAZ", "status": "construction"}}, {"type": "Feature", "id": 285, "geometry": {"type": "Point", "coordinates": [51.693, 46.205]}, "properties": {"name": "Kashagan power station", "fuel": "gas", "mw": 119.0, "country": "KAZ", "status": "operating"}}, {"type": "Feature", "id": 286, "geometry": {"type": "Point", "coordinates": [51.693, 46.205]}, "properties": {"name": "Kashagan power station", "fuel": "gas", "mw": 119.0, "country": "KAZ", "status": "operating"}}, {"type": "Feature", "id": 287, "geometry": {"type": "Point", "coordinates": [52.277, 47.344]}, "properties": {"name": "Karabatan power station", "fuel": "gas", "mw": 155.0, "country": "KAZ", "status": "operating"}}, {"type": "Feature", "id": 288, "geometry": {"type": "Point", "coordinates": [52.277, 47.344]}, "properties": {"name": "Karabatan power station", "fuel": "gas", "mw": 155.0, "country": "KAZ", "status": "operating"}}, {"type": "Feature", "id": 289, "geometry": {"type": "Point", "coordinates": [51.942, 47.082]}, "properties": {"name": "Atyrau CHP power station", "fuel": "gas", "mw": 60.0, "country": "KAZ", "status": "operating"}}, {"type": "Feature", "id": 290, "geometry": {"type": "Point", "coordinates": [51.942, 47.082]}, "properties": {"name": "Atyrau CHP power station", "fuel": "gas", "mw": 100.0, "country": "KAZ", "status": "operating"}}, {"type": "Feature", "id": 291, "geometry": {"type": "Point", "coordinates": [51.942, 47.082]}, "properties": {"name": "Atyrau CHP power station", "fuel": "gas", "mw": 60.0, "country": "KAZ", "status": "operating"}}, {"type": "Feature", "id": 292, "geometry": {"type": "Point", "coordinates": [77.007, 43.424]}, "properties": {"name": "Almaty-3 power station", "fuel": "gas", "mw": 270.0, "country": "KAZ", "status": "planned"}}, {"type": "Feature", "id": 293, "geometry": {"type": "Point", "coordinates": [76.931, 43.281]}, "properties": {"name": "Almaty-1 power station", "fuel": "gas", "mw": 112.5, "country": "KAZ", "status": "planned"}}, {"type": "Feature", "id": 294, "geometry": {"type": "Point", "coordinates": [57.139, 50.336]}, "properties": {"name": "Akturbo power station", "fuel": "gas", "mw": 135.0, "country": "KAZ", "status": "operating"}}, {"type": "Feature", "id": 295, "geometry": {"type": "Point", "coordinates": [57.14, 50.336]}, "properties": {"name": "Aktobe CHP power station", "fuel": "gas", "mw": 57.0, "country": "KAZ", "status": "operating"}}, {"type": "Feature", "id": 296, "geometry": {"type": "Point", "coordinates": [65.641, 37.93]}, "properties": {"name": "Watan power station", "fuel": "gas", "mw": 127.0, "country": "TKM", "status": "operating"}}, {"type": "Feature", "id": 297, "geometry": {"type": "Point", "coordinates": [65.641, 37.93]}, "properties": {"name": "Watan power station", "fuel": "gas", "mw": 127.0, "country": "TKM", "status": "operating"}}, {"type": "Feature", "id": 298, "geometry": {"type": "Point", "coordinates": [63.466, 38.976]}, "properties": {"name": "Lebap power station", "fuel": "gas", "mw": 50.0, "country": "TKM", "status": "operating"}}, {"type": "Feature", "id": 299, "geometry": {"type": "Point", "coordinates": [63.466, 38.976]}, "properties": {"name": "Lebap power station", "fuel": "gas", "mw": 50.0, "country": "TKM", "status": "operating"}}, {"type": "Feature", "id": 300, "geometry": {"type": "Point", "coordinates": [63.466, 38.976]}, "properties": {"name": "Lebap power station", "fuel": "gas", "mw": 50.0, "country": "TKM", "status": "operating"}}, {"type": "Feature", "id": 301, "geometry": {"type": "Point", "coordinates": [63.466, 38.976]}, "properties": {"name": "Lebap power station", "fuel": "gas", "mw": 144.0, "country": "TKM", "status": "operating"}}, {"type": "Feature", "id": 302, "geometry": {"type": "Point", "coordinates": [63.466, 38.976]}, "properties": {"name": "Lebap power station", "fuel": "gas", "mw": 144.0, "country": "TKM", "status": "operating"}}, {"type": "Feature", "id": 303, "geometry": {"type": "Point", "coordinates": [63.466, 38.976]}, "properties": {"name": "Lebap power station", "fuel": "gas", "mw": 144.0, "country": "TKM", "status": "operating"}}, {"type": "Feature", "id": 304, "geometry": {"type": "Point", "coordinates": [52.927, 40.01]}, "properties": {"name": "Turkmenbashi CHP power station", "fuel": "gas", "mw": 210.0, "country": "TKM", "status": "operating"}}, {"type": "Feature", "id": 305, "geometry": {"type": "Point", "coordinates": [52.927, 40.01]}, "properties": {"name": "Turkmenbashi CHP power station", "fuel": "gas", "mw": 210.0, "country": "TKM", "status": "operating"}}, {"type": "Feature", "id": 306, "geometry": {"type": "Point", "coordinates": [62.855, 39.429]}, "properties": {"name": "Seydi CHP power station", "fuel": "gas", "mw": 80.0, "country": "TKM", "status": "operating"}}, {"type": "Feature", "id": 307, "geometry": {"type": "Point", "coordinates": [62.855, 39.429]}, "properties": {"name": "Seydi CHP power station", "fuel": "gas", "mw": 80.0, "country": "TKM", "status": "operating"}}, {"type": "Feature", "id": 308, "geometry": {"type": "Point", "coordinates": [61.841, 37.55]}, "properties": {"name": "Mary power station", "fuel": "gas", "mw": 787.0, "country": "TKM", "status": "operating"}}, {"type": "Feature", "id": 309, "geometry": {"type": "Point", "coordinates": [61.841, 37.55]}, "properties": {"name": "Mary power station", "fuel": "gas", "mw": 787.0, "country": "TKM", "status": "operating"}}, {"type": "Feature", "id": 310, "geometry": {"type": "Point", "coordinates": [61.841, 37.55]}, "properties": {"name": "Mary power station", "fuel": "gas", "mw": 215.0, "country": "TKM", "status": "operating"}}, {"type": "Feature", "id": 311, "geometry": {"type": "Point", "coordinates": [61.841, 37.55]}, "properties": {"name": "Mary power station", "fuel": "gas", "mw": 210.0, "country": "TKM", "status": "operating"}}, {"type": "Feature", "id": 312, "geometry": {"type": "Point", "coordinates": [61.841, 37.55]}, "properties": {"name": "Mary power station", "fuel": "gas", "mw": 210.0, "country": "TKM", "status": "operating"}}, {"type": "Feature", "id": 313, "geometry": {"type": "Point", "coordinates": [61.841, 37.55]}, "properties": {"name": "Mary power station", "fuel": "gas", "mw": 210.0, "country": "TKM", "status": "operating"}}, {"type": "Feature", "id": 314, "geometry": {"type": "Point", "coordinates": [61.841, 37.55]}, "properties": {"name": "Mary power station", "fuel": "gas", "mw": 210.0, "country": "TKM", "status": "operating"}}, {"type": "Feature", "id": 315, "geometry": {"type": "Point", "coordinates": [61.841, 37.55]}, "properties": {"name": "Mary power station", "fuel": "gas", "mw": 210.0, "country": "TKM", "status": "operating"}}, {"type": "Feature", "id": 316, "geometry": {"type": "Point", "coordinates": [61.841, 37.55]}, "properties": {"name": "Mary power station", "fuel": "gas", "mw": 210.0, "country": "TKM", "status": "operating"}}, {"type": "Feature", "id": 317, "geometry": {"type": "Point", "coordinates": [61.841, 37.55]}, "properties": {"name": "Mary power station", "fuel": "gas", "mw": 210.0, "country": "TKM", "status": "operating"}}, {"type": "Feature", "id": 318, "geometry": {"type": "Point", "coordinates": [58.394, 38.15]}, "properties": {"name": "Dervezin State power station", "fuel": "gas", "mw": 126.0, "country": "TKM", "status": "operating"}}, {"type": "Feature", "id": 319, "geometry": {"type": "Point", "coordinates": [58.394, 38.15]}, "properties": {"name": "Dervezin State power station", "fuel": "gas", "mw": 126.0, "country": "TKM", "status": "operating"}}, {"type": "Feature", "id": 320, "geometry": {"type": "Point", "coordinates": [58.394, 38.15]}, "properties": {"name": "Dervezin State power station", "fuel": "gas", "mw": 126.0, "country": "TKM", "status": "operating"}}, {"type": "Feature", "id": 321, "geometry": {"type": "Point", "coordinates": [58.394, 38.15]}, "properties": {"name": "Dervezin State power station", "fuel": "gas", "mw": 126.0, "country": "TKM", "status": "operating"}}, {"type": "Feature", "id": 322, "geometry": {"type": "Point", "coordinates": [59.912, 41.858]}, "properties": {"name": "Dashoguz State power station", "fuel": "gas", "mw": 127.0, "country": "TKM", "status": "operating"}}, {"type": "Feature", "id": 323, "geometry": {"type": "Point", "coordinates": [59.912, 41.858]}, "properties": {"name": "Dashoguz State power station", "fuel": "gas", "mw": 127.0, "country": "TKM", "status": "operating"}}, {"type": "Feature", "id": 324, "geometry": {"type": "Point", "coordinates": [54.327, 39.511]}, "properties": {"name": "Balkanabad power station", "fuel": "gas", "mw": 127.0, "country": "TKM", "status": "operating"}}, {"type": "Feature", "id": 325, "geometry": {"type": "Point", "coordinates": [54.327, 39.511]}, "properties": {"name": "Balkanabad power station", "fuel": "gas", "mw": 127.0, "country": "TKM", "status": "operating"}}, {"type": "Feature", "id": 326, "geometry": {"type": "Point", "coordinates": [52.846, 40.011]}, "properties": {"name": "Avazin power station", "fuel": "gas", "mw": 127.0, "country": "TKM", "status": "operating"}}, {"type": "Feature", "id": 327, "geometry": {"type": "Point", "coordinates": [52.846, 40.011]}, "properties": {"name": "Avazin power station", "fuel": "gas", "mw": 127.0, "country": "TKM", "status": "operating"}}, {"type": "Feature", "id": 328, "geometry": {"type": "Point", "coordinates": [58.562, 37.942]}, "properties": {"name": "Akhal power station", "fuel": "gas", "mw": 126.0, "country": "TKM", "status": "operating"}}, {"type": "Feature", "id": 329, "geometry": {"type": "Point", "coordinates": [58.562, 37.942]}, "properties": {"name": "Akhal power station", "fuel": "gas", "mw": 126.0, "country": "TKM", "status": "operating"}}, {"type": "Feature", "id": 330, "geometry": {"type": "Point", "coordinates": [58.562, 37.942]}, "properties": {"name": "Akhal power station", "fuel": "gas", "mw": 127.0, "country": "TKM", "status": "operating"}}, {"type": "Feature", "id": 331, "geometry": {"type": "Point", "coordinates": [58.562, 37.942]}, "properties": {"name": "Akhal power station", "fuel": "gas", "mw": 127.0, "country": "TKM", "status": "operating"}}, {"type": "Feature", "id": 332, "geometry": {"type": "Point", "coordinates": [58.384, 37.829]}, "properties": {"name": "Ashgabat State power station", "fuel": "gas", "mw": 127.0, "country": "TKM", "status": "operating"}}, {"type": "Feature", "id": 333, "geometry": {"type": "Point", "coordinates": [58.384, 37.829]}, "properties": {"name": "Ashgabat State power station", "fuel": "gas", "mw": 127.0, "country": "TKM", "status": "operating"}}, {"type": "Feature", "id": 334, "geometry": {"type": "Point", "coordinates": [58.165, 38.059]}, "properties": {"name": "Abadan State power station", "fuel": "gas", "mw": 123.0, "country": "TKM", "status": "operating"}}, {"type": "Feature", "id": 335, "geometry": {"type": "Point", "coordinates": [58.165, 38.059]}, "properties": {"name": "Abadan State power station", "fuel": "gas", "mw": 123.0, "country": "TKM", "status": "operating"}}, {"type": "Feature", "id": 336, "geometry": {"type": "Point", "coordinates": [71.51, 51.188]}, "properties": {"name": "Astana-3 power station", "fuel": "gas", "mw": 250.0, "country": "KAZ", "status": "construction"}}, {"type": "Feature", "id": 337, "geometry": {"type": "Point", "coordinates": [68.834, 40.285]}, "properties": {"name": "Cengiz Energji Sirdaryo power station", "fuel": "gas", "mw": 220.0, "country": "UZB", "status": "operating"}}, {"type": "Feature", "id": 338, "geometry": {"type": "Point", "coordinates": [60.593, 41.35]}, "properties": {"name": "Yangiaryk power station", "fuel": "gas", "mw": 174.0, "country": "UZB", "status": "operating"}}, {"type": "Feature", "id": 339, "geometry": {"type": "Point", "coordinates": [76.799, 43.293]}, "properties": {"name": "Almaty-2 power station", "fuel": "gas", "mw": 200.0, "country": "KAZ", "status": "construction"}}, {"type": "Feature", "id": 340, "geometry": {"type": "Point", "coordinates": [68.486, 25.274]}, "properties": {"name": "Nooriabad power plant", "fuel": "gas", "mw": 50.0, "country": "PAK", "status": "operating"}}, {"type": "Feature", "id": 341, "geometry": {"type": "Point", "coordinates": [68.486, 25.274]}, "properties": {"name": "Nooriabad power plant", "fuel": "gas", "mw": 50.0, "country": "PAK", "status": "operating"}}, {"type": "Feature", "id": 342, "geometry": {"type": "Point", "coordinates": [70.982, 30.446]}, "properties": {"name": "KAPCO power station", "fuel": "gas", "mw": 533.0, "country": "PAK", "status": "operating"}}, {"type": "Feature", "id": 343, "geometry": {"type": "Point", "coordinates": [70.982, 30.446]}, "properties": {"name": "KAPCO power station", "fuel": "gas", "mw": 534.0, "country": "PAK", "status": "operating"}}, {"type": "Feature", "id": 344, "geometry": {"type": "Point", "coordinates": [69.701, 28.425]}, "properties": {"name": "Guddu power station", "fuel": "gas", "mw": 400.0, "country": "PAK", "status": "operating"}}, {"type": "Feature", "id": 345, "geometry": {"type": "Point", "coordinates": [69.701, 28.425]}, "properties": {"name": "Guddu power station", "fuel": "gas", "mw": 143.0, "country": "PAK", "status": "operating"}}, {"type": "Feature", "id": 346, "geometry": {"type": "Point", "coordinates": [69.882, 42.183]}, "properties": {"name": "Turkistan power station", "fuel": "gas", "mw": 250.0, "country": "KAZ", "status": "construction"}}, {"type": "Feature", "id": 347, "geometry": {"type": "Point", "coordinates": [66.908, 25.0]}, "properties": {"name": "Tapal Energy Power Project power plant", "fuel": "gas", "mw": 126.0, "country": "PAK", "status": "operating"}}, {"type": "Feature", "id": 348, "geometry": {"type": "Point", "coordinates": [73.875, 31.733]}, "properties": {"name": "Saba Power power plant", "fuel": "gas", "mw": 134.0, "country": "PAK", "status": "operating"}}, {"type": "Feature", "id": 349, "geometry": {"type": "Point", "coordinates": [70.993, 30.173]}, "properties": {"name": "Pakgen Power Limited power plant", "fuel": "gas", "mw": 365.0, "country": "PAK", "status": "operating"}}, {"type": "Feature", "id": 350, "geometry": {"type": "Point", "coordinates": [73.902, 31.124]}, "properties": {"name": "Nishat Power Limited power plant", "fuel": "gas", "mw": 185.9, "country": "PAK", "status": "operating"}}, {"type": "Feature", "id": 351, "geometry": {"type": "Point", "coordinates": [73.902, 31.124]}, "properties": {"name": "Nishat Chunian power station", "fuel": "gas", "mw": 185.9, "country": "PAK", "status": "operating"}}, {"type": "Feature", "id": 352, "geometry": {"type": "Point", "coordinates": [74.782, 32.059]}, "properties": {"name": "Narowal power plant", "fuel": "gas", "mw": 202.4, "country": "PAK", "status": "operating"}}, {"type": "Feature", "id": 353, "geometry": {"type": "Point", "coordinates": [73.208, 31.699]}, "properties": {"name": "Liberty Power Tech power station", "fuel": "gas", "mw": 185.9, "country": "PAK", "status": "operating"}}, {"type": "Feature", "id": 354, "geometry": {"type": "Point", "coordinates": [70.994, 30.172]}, "properties": {"name": "Lalpir Power Limited power station", "fuel": "gas", "mw": 326.0, "country": "PAK", "status": "operating"}}, {"type": "Feature", "id": 355, "geometry": {"type": "Point", "coordinates": [66.976, 24.905]}, "properties": {"name": "Site gas power station", "fuel": "gas", "mw": 87.6, "country": "PAK", "status": "operating"}}, {"type": "Feature", "id": 356, "geometry": {"type": "Point", "coordinates": [67.131, 24.859]}, "properties": {"name": "Korangi Town power station", "fuel": "gas", "mw": 87.6, "country": "PAK", "status": "operating"}}, {"type": "Feature", "id": 357, "geometry": {"type": "Point", "coordinates": [74.188, 31.263]}, "properties": {"name": "Kohinoor Energy Limited power plant", "fuel": "gas", "mw": 120.0, "country": "PAK", "status": "operating"}}, {"type": "Feature", "id": 358, "geometry": {"type": "Point", "coordinates": [66.695, 24.906]}, "properties": {"name": "Hub power plant", "fuel": "gas", "mw": 323.0, "country": "PAK", "status": "operating"}}, {"type": "Feature", "id": 359, "geometry": {"type": "Point", "coordinates": [66.695, 24.906]}, "properties": {"name": "Hub power plant", "fuel": "gas", "mw": 323.0, "country": "PAK", "status": "operating"}}, {"type": "Feature", "id": 360, "geometry": {"type": "Point", "coordinates": [66.695, 24.906]}, "properties": {"name": "Hub power plant", "fuel": "gas", "mw": 323.0, "country": "PAK", "status": "operating"}}, {"type": "Feature", "id": 361, "geometry": {"type": "Point", "coordinates": [66.695, 24.906]}, "properties": {"name": "Hub power plant", "fuel": "gas", "mw": 323.0, "country": "PAK", "status": "operating"}}, {"type": "Feature", "id": 362, "geometry": {"type": "Point", "coordinates": [67.146, 24.851]}, "properties": {"name": "Gul Ahmed Power Project power plant", "fuel": "gas", "mw": 135.9, "country": "PAK", "status": "operating"}}, {"type": "Feature", "id": 363, "geometry": {"type": "Point", "coordinates": [73.073, 33.556]}, "properties": {"name": "Attock Gen Limited power station (AGL)", "fuel": "gas", "mw": 165.0, "country": "PAK", "status": "operating"}}, {"type": "Feature", "id": 364, "geometry": {"type": "Point", "coordinates": [74.084, 31.678]}, "properties": {"name": "Atlas Power Limited power station", "fuel": "gas", "mw": 214.5, "country": "PAK", "status": "operating"}}, {"type": "Feature", "id": 365, "geometry": {"type": "Point", "coordinates": [68.656, 40.425]}, "properties": {"name": "Cengiz Enerji Sirdaryo 2 power station", "fuel": "gas", "mw": 450.0, "country": "UZB", "status": "planned"}}, {"type": "Feature", "id": 366, "geometry": {"type": "Point", "coordinates": [67.943, 40.092]}, "properties": {"name": "Cengiz Enerji Jizzakh CHP power station", "fuel": "gas", "mw": 550.0, "country": "UZB", "status": "construction"}}, {"type": "Feature", "id": 367, "geometry": {"type": "Point", "coordinates": [52.965, 40.022]}, "properties": {"name": "Turkmenbashi oil processing complex power station", "fuel": "gas", "mw": 70.0, "country": "TKM", "status": "operating"}}, {"type": "Feature", "id": 368, "geometry": {"type": "Point", "coordinates": [52.965, 40.022]}, "properties": {"name": "Turkmenbashi oil processing complex power station", "fuel": "gas", "mw": 70.0, "country": "TKM", "status": "operating"}}, {"type": "Feature", "id": 369, "geometry": {"type": "Point", "coordinates": [54.852, 39.836]}, "properties": {"name": "Balkan power station", "fuel": "gas", "mw": 787.0, "country": "TKM", "status": "construction"}}, {"type": "Feature", "id": 370, "geometry": {"type": "Point", "coordinates": [69.882, 42.183]}, "properties": {"name": "Turkistan power station", "fuel": "gas", "mw": 250.0, "country": "KAZ", "status": "construction"}}, {"type": "Feature", "id": 371, "geometry": {"type": "Point", "coordinates": [69.882, 42.183]}, "properties": {"name": "Turkistan power station", "fuel": "gas", "mw": 250.0, "country": "KAZ", "status": "construction"}}, {"type": "Feature", "id": 372, "geometry": {"type": "Point", "coordinates": [69.882, 42.183]}, "properties": {"name": "Turkistan power station", "fuel": "gas", "mw": 250.0, "country": "KAZ", "status": "construction"}}, {"type": "Feature", "id": 373, "geometry": {"type": "Point", "coordinates": [77.007, 43.424]}, "properties": {"name": "Almaty-3 power station", "fuel": "gas", "mw": 270.0, "country": "KAZ", "status": "planned"}}, {"type": "Feature", "id": 374, "geometry": {"type": "Point", "coordinates": [76.799, 43.293]}, "properties": {"name": "Almaty-2 power station", "fuel": "gas", "mw": 179.0, "country": "KAZ", "status": "construction"}}, {"type": "Feature", "id": 375, "geometry": {"type": "Point", "coordinates": [76.799, 43.293]}, "properties": {"name": "Almaty-2 power station", "fuel": "gas", "mw": 179.0, "country": "KAZ", "status": "construction"}}, {"type": "Feature", "id": 376, "geometry": {"type": "Point", "coordinates": [68.266, 25.472]}, "properties": {"name": "Jamshoro power station", "fuel": "gas", "mw": 200.0, "country": "PAK", "status": "operating"}}, {"type": "Feature", "id": 377, "geometry": {"type": "Point", "coordinates": [69.37, 41.38]}, "properties": {"name": "Tashkent power station", "fuel": "gas", "mw": 274.0, "country": "UZB", "status": "planned"}}, {"type": "Feature", "id": 378, "geometry": {"type": "Point", "coordinates": [69.37, 41.38]}, "properties": {"name": "Tashkent power station", "fuel": "gas", "mw": 289.0, "country": "UZB", "status": "planned"}}, {"type": "Feature", "id": 379, "geometry": {"type": "Point", "coordinates": [69.37, 41.38]}, "properties": {"name": "Tashkent power station", "fuel": "gas", "mw": 289.0, "country": "UZB", "status": "planned"}}, {"type": "Feature", "id": 380, "geometry": {"type": "Point", "coordinates": [69.37, 41.38]}, "properties": {"name": "Tashkent power station", "fuel": "gas", "mw": 279.0, "country": "UZB", "status": "planned"}}, {"type": "Feature", "id": 381, "geometry": {"type": "Point", "coordinates": [69.37, 41.38]}, "properties": {"name": "Tashkent power station", "fuel": "gas", "mw": 274.0, "country": "UZB", "status": "planned"}}, {"type": "Feature", "id": 382, "geometry": {"type": "Point", "coordinates": [69.37, 41.38]}, "properties": {"name": "Tashkent power station", "fuel": "gas", "mw": 274.0, "country": "UZB", "status": "planned"}}, {"type": "Feature", "id": 383, "geometry": {"type": "Point", "coordinates": [69.37, 41.38]}, "properties": {"name": "Tashkent power station", "fuel": "gas", "mw": 289.0, "country": "UZB", "status": "planned"}}, {"type": "Feature", "id": 384, "geometry": {"type": "Point", "coordinates": [69.37, 41.38]}, "properties": {"name": "Tashkent power station", "fuel": "gas", "mw": 274.0, "country": "UZB", "status": "planned"}}, {"type": "Feature", "id": 385, "geometry": {"type": "Point", "coordinates": [65.287, 39.184]}, "properties": {"name": "Mubarek power station", "fuel": "gas", "mw": 54.0, "country": "UZB", "status": "planned"}}, {"type": "Feature", "id": 386, "geometry": {"type": "Point", "coordinates": [65.287, 39.184]}, "properties": {"name": "Mubarek power station", "fuel": "gas", "mw": 54.0, "country": "UZB", "status": "planned"}}, {"type": "Feature", "id": 387, "geometry": {"type": "Point", "coordinates": [51.281, 43.606]}, "properties": {"name": "MAEK 2 power station", "fuel": "gas", "mw": 65.0, "country": "KAZ", "status": "planned"}}, {"type": "Feature", "id": 388, "geometry": {"type": "Point", "coordinates": [52.277, 47.344]}, "properties": {"name": "Karabatan power station", "fuel": "gas", "mw": 165.0, "country": "KAZ", "status": "planned"}}, {"type": "Feature", "id": 389, "geometry": {"type": "Point", "coordinates": [51.942, 47.082]}, "properties": {"name": "Atyrau CHP power station", "fuel": "gas", "mw": 65.0, "country": "KAZ", "status": "operating"}}, {"type": "Feature", "id": 390, "geometry": {"type": "Point", "coordinates": [69.295, 34.562]}, "properties": {"name": "Tarakhil power station", "fuel": "gas", "mw": 105.0, "country": "AFG", "status": "operating"}}, {"type": "Feature", "id": 391, "geometry": {"type": "Point", "coordinates": [65.559, 38.292]}, "properties": {"name": "Talimercan Combined Cycle Power Plant", "fuel": "gas", "mw": 430.0, "country": "UZB", "status": "operating"}}, {"type": "Feature", "id": 392, "geometry": {"type": "Point", "coordinates": [64.412, 39.744]}, "properties": {"name": "Bukhara Teploenergo 3 power station", "fuel": "gas", "mw": 54.0, "country": "UZB", "status": "planned"}}, {"type": "Feature", "id": 393, "geometry": {"type": "Point", "coordinates": [64.412, 39.744]}, "properties": {"name": "Bukhara Teploenergo 3 power station", "fuel": "gas", "mw": 54.0, "country": "UZB", "status": "planned"}}, {"type": "Feature", "id": 394, "geometry": {"type": "Point", "coordinates": [51.289, 43.597]}, "properties": {"name": "MAEK 3 power station", "fuel": "gas", "mw": 230.0, "country": "KAZ", "status": "planned"}}, {"type": "Feature", "id": 395, "geometry": {"type": "Point", "coordinates": [67.744, 47.786]}, "properties": {"name": "Zhezkazgan power station", "fuel": "gas", "mw": 75.0, "country": "KAZ", "status": "construction"}}, {"type": "Feature", "id": 396, "geometry": {"type": "Point", "coordinates": [69.37, 41.38]}, "properties": {"name": "Tashkent power station", "fuel": "gas", "mw": 150.0, "country": "UZB", "status": "operating"}}, {"type": "Feature", "id": 397, "geometry": {"type": "Point", "coordinates": [69.37, 41.38]}, "properties": {"name": "Tashkent power station", "fuel": "gas", "mw": 165.0, "country": "UZB", "status": "operating"}}, {"type": "Feature", "id": 398, "geometry": {"type": "Point", "coordinates": [69.37, 41.38]}, "properties": {"name": "Tashkent power station", "fuel": "gas", "mw": 165.0, "country": "UZB", "status": "operating"}}, {"type": "Feature", "id": 399, "geometry": {"type": "Point", "coordinates": [69.37, 41.38]}, "properties": {"name": "Tashkent power station", "fuel": "gas", "mw": 155.0, "country": "UZB", "status": "operating"}}, {"type": "Feature", "id": 400, "geometry": {"type": "Point", "coordinates": [69.37, 41.38]}, "properties": {"name": "Tashkent power station", "fuel": "gas", "mw": 150.0, "country": "UZB", "status": "operating"}}, {"type": "Feature", "id": 401, "geometry": {"type": "Point", "coordinates": [69.37, 41.38]}, "properties": {"name": "Tashkent power station", "fuel": "gas", "mw": 150.0, "country": "UZB", "status": "operating"}}, {"type": "Feature", "id": 402, "geometry": {"type": "Point", "coordinates": [69.37, 41.38]}, "properties": {"name": "Tashkent power station", "fuel": "gas", "mw": 370.0, "country": "UZB", "status": "operating"}}, {"type": "Feature", "id": 403, "geometry": {"type": "Point", "coordinates": [69.37, 41.38]}, "properties": {"name": "Tashkent power station", "fuel": "gas", "mw": 155.0, "country": "UZB", "status": "operating"}}, {"type": "Feature", "id": 404, "geometry": {"type": "Point", "coordinates": [69.37, 41.38]}, "properties": {"name": "Tashkent power station", "fuel": "gas", "mw": 155.0, "country": "UZB", "status": "operating"}}, {"type": "Feature", "id": 405, "geometry": {"type": "Point", "coordinates": [69.37, 41.38]}, "properties": {"name": "Tashkent power station", "fuel": "gas", "mw": 165.0, "country": "UZB", "status": "operating"}}, {"type": "Feature", "id": 406, "geometry": {"type": "Point", "coordinates": [66.789, 24.845]}, "properties": {"name": "Karachi nuclear power plant", "fuel": "nuclear", "mw": 1100.0, "country": "PAK", "status": "operating"}}, {"type": "Feature", "id": 407, "geometry": {"type": "Point", "coordinates": [66.789, 24.845]}, "properties": {"name": "Karachi nuclear power plant", "fuel": "nuclear", "mw": 1100.0, "country": "PAK", "status": "operating"}}, {"type": "Feature", "id": 408, "geometry": {"type": "Point", "coordinates": [71.462, 32.392]}, "properties": {"name": "Chashma nuclear power plant", "fuel": "nuclear", "mw": 340.0, "country": "PAK", "status": "operating"}}, {"type": "Feature", "id": 409, "geometry": {"type": "Point", "coordinates": [71.462, 32.392]}, "properties": {"name": "Chashma nuclear power plant", "fuel": "nuclear", "mw": 340.0, "country": "PAK", "status": "operating"}}, {"type": "Feature", "id": 410, "geometry": {"type": "Point", "coordinates": [71.462, 32.392]}, "properties": {"name": "Chashma nuclear power plant", "fuel": "nuclear", "mw": 325.0, "country": "PAK", "status": "operating"}}, {"type": "Feature", "id": 411, "geometry": {"type": "Point", "coordinates": [71.462, 32.392]}, "properties": {"name": "Chashma nuclear power plant", "fuel": "nuclear", "mw": 325.0, "country": "PAK", "status": "operating"}}, {"type": "Feature", "id": 412, "geometry": {"type": "Point", "coordinates": [71.462, 32.392]}, "properties": {"name": "Chashma nuclear power plant", "fuel": "nuclear", "mw": 1200.0, "country": "PAK", "status": "construction"}}, {"type": "Feature", "id": 413, "geometry": {"type": "Point", "coordinates": [78.532, 50.754]}, "properties": {"name": "Kurchatov nuclear power plant", "fuel": "nuclear", "mw": 1200.0, "country": "KAZ", "status": "planned"}}, {"type": "Feature", "id": 414, "geometry": {"type": "Point", "coordinates": [78.532, 50.754]}, "properties": {"name": "Kurchatov nuclear power plant", "fuel": "nuclear", "mw": 1200.0, "country": "KAZ", "status": "planned"}}, {"type": "Feature", "id": 415, "geometry": {"type": "Point", "coordinates": [73.96, 45.216]}, "properties": {"name": "Ulken nuclear power plant", "fuel": "nuclear", "mw": 1200.0, "country": "KAZ", "status": "planned"}}, {"type": "Feature", "id": 416, "geometry": {"type": "Point", "coordinates": [67.425, 40.517]}, "properties": {"name": "Navoi nuclear power plant", "fuel": "nuclear", "mw": 1200.0, "country": "UZB", "status": "planned"}}, {"type": "Feature", "id": 417, "geometry": {"type": "Point", "coordinates": [67.425, 40.517]}, "properties": {"name": "Navoi nuclear power plant", "fuel": "nuclear", "mw": 1200.0, "country": "UZB", "status": "planned"}}, {"type": "Feature", "id": 418, "geometry": {"type": "Point", "coordinates": [73.96, 45.216]}, "properties": {"name": "Ulken nuclear power plant", "fuel": "nuclear", "mw": 1200.0, "country": "KAZ", "status": "planned"}}, {"type": "Feature", "id": 419, "geometry": {"type": "Point", "coordinates": [69.717, 34.641]}, "properties": {"name": "Naghlu hydroelectric plant", "fuel": "hydro", "mw": 94.0, "country": "AFG", "status": "operating"}}, {"type": "Feature", "id": 420, "geometry": {"type": "Point", "coordinates": [83.348, 49.661]}, "properties": {"name": "Bukhtarma hydroelectric plant", "fuel": "hydro", "mw": 675.0, "country": "KAZ", "status": "operating"}}, {"type": "Feature", "id": 421, "geometry": {"type": "Point", "coordinates": [77.098, 43.922]}, "properties": {"name": "Kapshagay hydroelectric plant", "fuel": "hydro", "mw": 364.0, "country": "KAZ", "status": "operating"}}, {"type": "Feature", "id": 422, "geometry": {"type": "Point", "coordinates": [76.992, 44.096]}, "properties": {"name": "Kerbulak hydroelectric plant", "fuel": "hydro", "mw": 50.0, "country": "KAZ", "status": "planned"}}, {"type": "Feature", "id": 423, "geometry": {"type": "Point", "coordinates": [78.78, 43.102]}, "properties": {"name": "Moynak hydroelectric plant", "fuel": "hydro", "mw": 300.0, "country": "KAZ", "status": "operating"}}, {"type": "Feature", "id": 424, "geometry": {"type": "Point", "coordinates": [82.718, 49.901]}, "properties": {"name": "Oskemen hydroelectric plant", "fuel": "hydro", "mw": 331.0, "country": "KAZ", "status": "operating"}}, {"type": "Feature", "id": 425, "geometry": {"type": "Point", "coordinates": [67.967, 41.249]}, "properties": {"name": "Shardara hydroelectric plant", "fuel": "hydro", "mw": 126.0, "country": "KAZ", "status": "operating"}}, {"type": "Feature", "id": 426, "geometry": {"type": "Point", "coordinates": [81.067, 50.399]}, "properties": {"name": "Shulbi hydroelectric plant", "fuel": "hydro", "mw": 702.0, "country": "KAZ", "status": "operating"}}, {"type": "Feature", "id": 427, "geometry": {"type": "Point", "coordinates": [74.297, 41.379]}, "properties": {"name": "Alabukin hydroelectric plant", "fuel": "hydro", "mw": 600.0, "country": "KGZ", "status": "planned"}}, {"type": "Feature", "id": 428, "geometry": {"type": "Point", "coordinates": [74.309, 40.849]}, "properties": {"name": "Arpan-1 hydroelectric plant", "fuel": "hydro", "mw": 136.0, "country": "KGZ", "status": "planned"}}, {"type": "Feature", "id": 429, "geometry": {"type": "Point", "coordinates": [73.437, 41.774]}, "properties": {"name": "Kambarata-1 hydroelectric plant", "fuel": "hydro", "mw": 1860.0, "country": "KGZ", "status": "construction"}}, {"type": "Feature", "id": 430, "geometry": {"type": "Point", "coordinates": [73.326, 41.776]}, "properties": {"name": "Kambarata-2 hydroelectric plant", "fuel": "hydro", "mw": 120.0, "country": "KGZ", "status": "operating"}}, {"type": "Feature", "id": 431, "geometry": {"type": "Point", "coordinates": [74.223, 41.377]}, "properties": {"name": "Karabulun-1 hydroelectric plant", "fuel": "hydro", "mw": 149.0, "country": "KGZ", "status": "planned"}}, {"type": "Feature", "id": 432, "geometry": {"type": "Point", "coordinates": [73.947, 41.474]}, "properties": {"name": "Karabulun-2 hydroelectric plant", "fuel": "hydro", "mw": 163.0, "country": "KGZ", "status": "planned"}}, {"type": "Feature", "id": 433, "geometry": {"type": "Point", "coordinates": [74.164, 41.979]}, "properties": {"name": "Kokemeren-1 hydroelectric plant", "fuel": "hydro", "mw": 360.0, "country": "KGZ", "status": "planned"}}, {"type": "Feature", "id": 434, "geometry": {"type": "Point", "coordinates": [74.174, 41.925]}, "properties": {"name": "Kokemeren-2 hydroelectric plant", "fuel": "hydro", "mw": 912.0, "country": "KGZ", "status": "planned"}}, {"type": "Feature", "id": 435, "geometry": {"type": "Point", "coordinates": [72.364, 41.499]}, "properties": {"name": "Kurpsai hydroelectric plant", "fuel": "hydro", "mw": 800.0, "country": "KGZ", "status": "operating"}}, {"type": "Feature", "id": 436, "geometry": {"type": "Point", "coordinates": [74.287, 41.07]}, "properties": {"name": "Makmal hydroelectric plant", "fuel": "hydro", "mw": 112.0, "country": "KGZ", "status": "planned"}}, {"type": "Feature", "id": 437, "geometry": {"type": "Point", "coordinates": [74.496, 41.248]}, "properties": {"name": "Saz hydroelectric plant", "fuel": "hydro", "mw": 108.0, "country": "KGZ", "status": "planned"}}, {"type": "Feature", "id": 438, "geometry": {"type": "Point", "coordinates": [72.192, 41.312]}, "properties": {"name": "Shamaldy-Sai hydroelectric plant", "fuel": "hydro", "mw": 240.0, "country": "KGZ", "status": "operating"}}, {"type": "Feature", "id": 439, "geometry": {"type": "Point", "coordinates": [72.232, 41.403]}, "properties": {"name": "Tash-Kumyr hydroelectric plant", "fuel": "hydro", "mw": 450.0, "country": "KGZ", "status": "operating"}}, {"type": "Feature", "id": 440, "geometry": {"type": "Point", "coordinates": [73.936, 41.537]}, "properties": {"name": "Toguztorouz hydroelectric plant", "fuel": "hydro", "mw": 248.0, "country": "KGZ", "status": "planned"}}, {"type": "Feature", "id": 441, "geometry": {"type": "Point", "coordinates": [72.636, 41.657]}, "properties": {"name": "Toktogul hydroelectric plant", "fuel": "hydro", "mw": 1320.0, "country": "KGZ", "status": "operating"}}, {"type": "Feature", "id": 442, "geometry": {"type": "Point", "coordinates": [72.161, 41.188]}, "properties": {"name": "Uch-Kurgan hydroelectric plant", "fuel": "hydro", "mw": 180.0, "country": "KGZ", "status": "operating"}}, {"type": "Feature", "id": 443, "geometry": {"type": "Point", "coordinates": [72.443, 33.706]}, "properties": {"name": "Akhori Dam hydroelectric plant", "fuel": "hydro", "mw": 600.0, "country": "PAK", "status": "planned"}}, {"type": "Feature", "id": 444, "geometry": {"type": "Point", "coordinates": [73.001, 34.846]}, "properties": {"name": "Allai Khwar hydroelectric plant", "fuel": "hydro", "mw": 121.0, "country": "PAK", "status": "operating"}}, {"type": "Feature", "id": 445, "geometry": {"type": "Point", "coordinates": [72.25, 36.25]}, "properties": {"name": "Arkari Gol hydroelectric plant", "fuel": "hydro", "mw": 99.0, "country": "PAK", "status": "planned"}}, {"type": "Feature", "id": 446, "geometry": {"type": "Point", "coordinates": [73.841, 34.498]}, "properties": {"name": "Ashkot hydroelectric plant", "fuel": "hydro", "mw": 300.0, "country": "PAK", "status": "planned"}}, {"type": "Feature", "id": 447, "geometry": {"type": "Point", "coordinates": [72.34, 34.77]}, "properties": {"name": "Asrit-Kedam hydroelectric plant", "fuel": "hydro", "mw": 215.0, "country": "PAK", "status": "planned"}}, {"type": "Feature", "id": 448, "geometry": {"type": "Point", "coordinates": [73.797, 33.844]}, "properties": {"name": "Athmuqam hydroelectric plant", "fuel": "hydro", "mw": 350.0, "country": "PAK", "status": "planned"}}, {"type": "Feature", "id": 449, "geometry": {"type": "Point", "coordinates": [73.563, 33.776]}, "properties": {"name": "Azad Pattan hydroelectric plant", "fuel": "hydro", "mw": 701.0, "country": "PAK", "status": "planned"}}, {"type": "Feature", "id": 450, "geometry": {"type": "Point", "coordinates": [73.25, 34.5]}, "properties": {"name": "Balakot hydroelectric plant", "fuel": "hydro", "mw": 300.0, "country": "PAK", "status": "construction"}}, {"type": "Feature", "id": 451, "geometry": {"type": "Point", "coordinates": [75.0, 36.0]}, "properties": {"name": "Bunji hydroelectric plant", "fuel": "hydro", "mw": 7100.0, "country": "PAK", "status": "planned"}}, {"type": "Feature", "id": 452, "geometry": {"type": "Point", "coordinates": [71.37, 32.435]}, "properties": {"name": "Chashma hydroelectric plant", "fuel": "hydro", "mw": 184.0, "country": "PAK", "status": "operating"}}, {"type": "Feature", "id": 453, "geometry": {"type": "Point", "coordinates": [73.195, 35.319]}, "properties": {"name": "Dasu hydroelectric plant", "fuel": "hydro", "mw": 2160.0, "country": "PAK", "status": "construction"}}, {"type": "Feature", "id": 454, "geometry": {"type": "Point", "coordinates": [73.743, 35.522]}, "properties": {"name": "Diamer Basha hydroelectric plant", "fuel": "hydro", "mw": 4500.0, "country": "PAK", "status": "construction"}}, {"type": "Feature", "id": 455, "geometry": {"type": "Point", "coordinates": [72.928, 35.12]}, "properties": {"name": "Duber Khwar hydroelectric plant", "fuel": "hydro", "mw": 130.0, "country": "PAK", "status": "operating"}}, {"type": "Feature", "id": 456, "geometry": {"type": "Point", "coordinates": [72.58, 35.491]}, "properties": {"name": "Gabral Kalam hydroelectric plant", "fuel": "hydro", "mw": 88.0, "country": "PAK", "status": "planned"}}, {"type": "Feature", "id": 457, "geometry": {"type": "Point", "coordinates": [72.256, 33.781]}, "properties": {"name": "Ghazi Barotha hydroelectric plant", "fuel": "hydro", "mw": 1450.0, "country": "PAK", "status": "operating"}}, {"type": "Feature", "id": 458, "geometry": {"type": "Point", "coordinates": [71.958, 35.95]}, "properties": {"name": "Golen Gol hydroelectric plant", "fuel": "hydro", "mw": 108.0, "country": "PAK", "status": "operating"}}, {"type": "Feature", "id": 459, "geometry": {"type": "Point", "coordinates": [72.671, 35.57]}, "properties": {"name": "Gorkin Matiltan hydroelectric plant", "fuel": "hydro", "mw": 84.0, "country": "PAK", "status": "construction"}}, {"type": "Feature", "id": 460, "geometry": {"type": "Point", "coordinates": [73.863, 33.454]}, "properties": {"name": "Gulpur hydroelectric plant", "fuel": "hydro", "mw": 102.0, "country": "PAK", "status": "operating"}}, {"type": "Feature", "id": 461, "geometry": {"type": "Point", "coordinates": [71.504, 32.927]}, "properties": {"name": "Jinnah hydroelectric plant", "fuel": "hydro", "mw": 96.0, "country": "PAK", "status": "operating"}}, {"type": "Feature", "id": 462, "geometry": {"type": "Point", "coordinates": [73.25, 34.5]}, "properties": {"name": "Kaigah hydroelectric plant", "fuel": "hydro", "mw": 548.0, "country": "PAK", "status": "planned"}}, {"type": "Feature", "id": 463, "geometry": {"type": "Point", "coordinates": [72.291, 31.78]}, "properties": {"name": "Kalabagh hydroelectric plant", "fuel": "hydro", "mw": 3600.0, "country": "PAK", "status": "planned"}}, {"type": "Feature", "id": 464, "geometry": {"type": "Point", "coordinates": [72.417, 34.931]}, "properties": {"name": "Kalam-Asrit hydroelectric plant", "fuel": "hydro", "mw": 238.0, "country": "PAK", "status": "planned"}}, {"type": "Feature", "id": 465, "geometry": {"type": "Point", "coordinates": [73.607, 33.601]}, "properties": {"name": "Karot hydroelectric plant", "fuel": "hydro", "mw": 720.0, "country": "PAK", "status": "operating"}}, {"type": "Feature", "id": 466, "geometry": {"type": "Point", "coordinates": [72.808, 34.903]}, "properties": {"name": "Khan Khawar hydroelectric plant", "fuel": "hydro", "mw": 72.0, "country": "PAK", "status": "operating"}}, {"type": "Feature", "id": 467, "geometry": {"type": "Point", "coordinates": [72.973, 33.529]}, "properties": {"name": "Kohala hydroelectric plant", "fuel": "hydro", "mw": 1118.0, "country": "PAK", "status": "planned"}}, {"type": "Feature", "id": 468, "geometry": {"type": "Point", "coordinates": [71.268, 33.713]}, "properties": {"name": "Lower Palas Valley hydroelectric plant", "fuel": "hydro", "mw": 665.0, "country": "PAK", "status": "planned"}}, {"type": "Feature", "id": 469, "geometry": {"type": "Point", "coordinates": [71.268, 33.713]}, "properties": {"name": "Lower Spat Gah hydroelectric plant", "fuel": "hydro", "mw": 496.0, "country": "PAK", "status": "planned"}}, {"type": "Feature", "id": 470, "geometry": {"type": "Point", "coordinates": [72.8, 31.25]}, "properties": {"name": "Madian hydroelectric plant", "fuel": "hydro", "mw": 207.0, "country": "PAK", "status": "planned"}}, {"type": "Feature", "id": 471, "geometry": {"type": "Point", "coordinates": [73.797, 33.844]}, "properties": {"name": "Mahl hydroelectric plant", "fuel": "hydro", "mw": 640.0, "country": "PAK", "status": "planned"}}, {"type": "Feature", "id": 472, "geometry": {"type": "Point", "coordinates": [71.919, 34.519]}, "properties": {"name": "Malakand 3 hydroelectric plant", "fuel": "hydro", "mw": 81.0, "country": "PAK", "status": "operating"}}, {"type": "Feature", "id": 473, "geometry": {"type": "Point", "coordinates": [73.644, 33.127]}, "properties": {"name": "Mangla hydroelectric plant", "fuel": "hydro", "mw": 1070.0, "country": "PAK", "status": "operating"}}, {"type": "Feature", "id": 474, "geometry": {"type": "Point", "coordinates": [73.644, 33.127]}, "properties": {"name": "Mangla hydroelectric plant", "fuel": "hydro", "mw": 250.0, "country": "PAK", "status": "construction"}}, {"type": "Feature", "id": 475, "geometry": {"type": "Point", "coordinates": [71.276, 34.534]}, "properties": {"name": "Mohmand hydroelectric plant", "fuel": "hydro", "mw": 800.0, "country": "PAK", "status": "construction"}}, {"type": "Feature", "id": 476, "geometry": {"type": "Point", "coordinates": [73.717, 34.393]}, "properties": {"name": "Neelum Jhelum hydroelectric plant", "fuel": "hydro", "mw": 969.0, "country": "PAK", "status": "operating"}}, {"type": "Feature", "id": 477, "geometry": {"type": "Point", "coordinates": [73.713, 33.091]}, "properties": {"name": "New Bong Escape hydroelectric plant", "fuel": "hydro", "mw": 84.0, "country": "PAK", "status": "operating"}}, {"type": "Feature", "id": 478, "geometry": {"type": "Point", "coordinates": [71.268, 33.713]}, "properties": {"name": "Patan hydroelectric plant", "fuel": "hydro", "mw": 2400.0, "country": "PAK", "status": "planned"}}, {"type": "Feature", "id": 479, "geometry": {"type": "Point", "coordinates": [73.43, 34.341]}, "properties": {"name": "Patrind hydroelectric plant", "fuel": "hydro", "mw": 150.0, "country": "PAK", "status": "operating"}}, {"type": "Feature", "id": 480, "geometry": {"type": "Point", "coordinates": [75.0, 36.0]}, "properties": {"name": "Phandar hydroelectric plant", "fuel": "hydro", "mw": 80.0, "country": "PAK", "status": "planned"}}, {"type": "Feature", "id": 481, "geometry": {"type": "Point", "coordinates": [73.797, 33.844]}, "properties": {"name": "Rajdhani hydroelectric plant", "fuel": "hydro", "mw": 132.0, "country": "PAK", "status": "planned"}}, {"type": "Feature", "id": 482, "geometry": {"type": "Point", "coordinates": [71.79, 35.851]}, "properties": {"name": "Shogo-Sin hydroelectric plant", "fuel": "hydro", "mw": 137.0, "country": "PAK", "status": "planned"}}, {"type": "Feature", "id": 483, "geometry": {"type": "Point", "coordinates": [73.25, 34.5]}, "properties": {"name": "Suki Kinari hydroelectric plant", "fuel": "hydro", "mw": 884.0, "country": "PAK", "status": "operating"}}, {"type": "Feature", "id": 484, "geometry": {"type": "Point", "coordinates": [72.687, 34.09]}, "properties": {"name": "Tarbela 4th Extension hydroelectric plant", "fuel": "hydro", "mw": 1410.0, "country": "PAK", "status": "operating"}}, {"type": "Feature", "id": 485, "geometry": {"type": "Point", "coordinates": [72.7, 34.088]}, "properties": {"name": "Tarbela 5th Extension hydroelectric plant", "fuel": "hydro", "mw": 1530.0, "country": "PAK", "status": "construction"}}, {"type": "Feature", "id": 486, "geometry": {"type": "Point", "coordinates": [72.688, 34.089]}, "properties": {"name": "Tarbela hydroelectric plant", "fuel": "hydro", "mw": 3478.0, "country": "PAK", "status": "operating"}}, {"type": "Feature", "id": 487, "geometry": {"type": "Point", "coordinates": [72.868, 34.912]}, "properties": {"name": "Thakot I hydroelectric plant", "fuel": "hydro", "mw": 2220.0, "country": "PAK", "status": "planned"}}, {"type": "Feature", "id": 488, "geometry": {"type": "Point", "coordinates": [72.868, 34.912]}, "properties": {"name": "Thakot II hydroelectric plant", "fuel": "hydro", "mw": 963.0, "country": "PAK", "status": "planned"}}, {"type": "Feature", "id": 489, "geometry": {"type": "Point", "coordinates": [72.93, 34.788]}, "properties": {"name": "Thakot III hydroelectric plant", "fuel": "hydro", "mw": 1683.0, "country": "PAK", "status": "planned"}}, {"type": "Feature", "id": 490, "geometry": {"type": "Point", "coordinates": [71.79, 35.851]}, "properties": {"name": "Turtonas-Uzghor hydroelectric plant", "fuel": "hydro", "mw": 82.0, "country": "PAK", "status": "planned"}}, {"type": "Feature", "id": 491, "geometry": {"type": "Point", "coordinates": [71.359, 34.164]}, "properties": {"name": "Warsak hydroelectric plant", "fuel": "hydro", "mw": 243.0, "country": "PAK", "status": "operating"}}, {"type": "Feature", "id": 492, "geometry": {"type": "Point", "coordinates": [69.509, 40.208]}, "properties": {"name": "Ayni hydroelectric plant", "fuel": "hydro", "mw": 160.0, "country": "TJK", "status": "planned"}}, {"type": "Feature", "id": 493, "geometry": {"type": "Point", "coordinates": [69.124, 38.267]}, "properties": {"name": "Baipaza hydroelectric plant", "fuel": "hydro", "mw": 600.0, "country": "TJK", "status": "operating"}}, {"type": "Feature", "id": 494, "geometry": {"type": "Point", "coordinates": [68.54, 39.393]}, "properties": {"name": "Fandarya hydroelectric plant", "fuel": "hydro", "mw": 135.0, "country": "TJK", "status": "planned"}}, {"type": "Feature", "id": 495, "geometry": {"type": "Point", "coordinates": [69.815, 40.276]}, "properties": {"name": "Kairakkum hydroelectric plant", "fuel": "hydro", "mw": 126.0, "country": "TJK", "status": "operating"}}, {"type": "Feature", "id": 496, "geometry": {"type": "Point", "coordinates": [69.348, 38.372]}, "properties": {"name": "Nurek hydroelectric plant", "fuel": "hydro", "mw": 2700.0, "country": "TJK", "status": "operating"}}, {"type": "Feature", "id": 497, "geometry": {"type": "Point", "coordinates": [70.086, 38.788]}, "properties": {"name": "Nurobod-1 hydroelectric plant", "fuel": "hydro", "mw": 200.0, "country": "TJK", "status": "planned"}}, {"type": "Feature", "id": 498, "geometry": {"type": "Point", "coordinates": [70.086, 38.788]}, "properties": {"name": "Nurobod-2 hydroelectric plant", "fuel": "hydro", "mw": 160.0, "country": "TJK", "status": "planned"}}, {"type": "Feature", "id": 499, "geometry": {"type": "Point", "coordinates": [69.771, 38.682]}, "properties": {"name": "Rogun hydroelectric plant", "fuel": "hydro", "mw": 1200.0, "country": "TJK", "status": "operating"}}, {"type": "Feature", "id": 500, "geometry": {"type": "Point", "coordinates": [69.058, 38.044]}, "properties": {"name": "Sangtuda-1 hydroelectric plant", "fuel": "hydro", "mw": 670.0, "country": "TJK", "status": "operating"}}, {"type": "Feature", "id": 501, "geometry": {"type": "Point", "coordinates": [69.027, 37.971]}, "properties": {"name": "Sangtuda-2 hydroelectric plant", "fuel": "hydro", "mw": 220.0, "country": "TJK", "status": "operating"}}, {"type": "Feature", "id": 502, "geometry": {"type": "Point", "coordinates": [71.623, 37.415]}, "properties": {"name": "Sanobod hydroelectric plant", "fuel": "hydro", "mw": 200.0, "country": "TJK", "status": "planned"}}, {"type": "Feature", "id": 503, "geometry": {"type": "Point", "coordinates": [68.937, 37.884]}, "properties": {"name": "Sarband hydroelectric plant", "fuel": "hydro", "mw": 240.0, "country": "TJK", "status": "operating"}}, {"type": "Feature", "id": 504, "geometry": {"type": "Point", "coordinates": [68.791, 38.569]}, "properties": {"name": "Shurob hydroelectric plant", "fuel": "hydro", "mw": 850.0, "country": "TJK", "status": "planned"}}, {"type": "Feature", "id": 505, "geometry": {"type": "Point", "coordinates": [73.063, 40.77]}, "properties": {"name": "Andijan-1 hydroelectric plant", "fuel": "hydro", "mw": 140.0, "country": "UZB", "status": "operating"}}, {"type": "Feature", "id": 506, "geometry": {"type": "Point", "coordinates": [69.969, 41.627]}, "properties": {"name": "Charvak hydroelectric plant", "fuel": "hydro", "mw": 666.0, "country": "UZB", "status": "operating"}}, {"type": "Feature", "id": 507, "geometry": {"type": "Point", "coordinates": [69.802, 41.579]}, "properties": {"name": "Gazalkent hydroelectric plant", "fuel": "hydro", "mw": 120.0, "country": "UZB", "status": "operating"}}, {"type": "Feature", "id": 508, "geometry": {"type": "Point", "coordinates": [69.864, 41.6]}, "properties": {"name": "Khodzhikent hydroelectric plant", "fuel": "hydro", "mw": 165.0, "country": "UZB", "status": "operating"}}, {"type": "Feature", "id": 509, "geometry": {"type": "Point", "coordinates": [70.132, 41.545]}, "properties": {"name": "Uzbekistan Lower Chatkal hydroelectric plant", "fuel": "hydro", "mw": 76.0, "country": "UZB", "status": "construction"}}, {"type": "Feature", "id": 510, "geometry": {"type": "Point", "coordinates": [70.359, 41.89]}, "properties": {"name": "Mullalak hydroelectric plant", "fuel": "hydro", "mw": 140.0, "country": "UZB", "status": "planned"}}, {"type": "Feature", "id": 511, "geometry": {"type": "Point", "coordinates": [70.266, 41.825]}, "properties": {"name": "Pskem hydroelectric plant", "fuel": "hydro", "mw": 400.0, "country": "UZB", "status": "construction"}}, {"type": "Feature", "id": 512, "geometry": {"type": "Point", "coordinates": [70.359, 41.89]}, "properties": {"name": "Upper Pskem hydroelectric plant", "fuel": "hydro", "mw": 100.0, "country": "UZB", "status": "planned"}}, {"type": "Feature", "id": 513, "geometry": {"type": "Point", "coordinates": [69.305, 40.194]}, "properties": {"name": "Farkhad hydroelectric plant", "fuel": "hydro", "mw": 127.0, "country": "UZB", "status": "operating"}}, {"type": "Feature", "id": 514, "geometry": {"type": "Point", "coordinates": [61.405, 41.213]}, "properties": {"name": "Tuyamuyun hydroelectric plant", "fuel": "hydro", "mw": 150.0, "country": "UZB", "status": "operating"}}, {"type": "Feature", "id": 515, "geometry": {"type": "Point", "coordinates": [76.41, 41.492]}, "properties": {"name": "Akbulun hydroelectric plant", "fuel": "hydro", "mw": 87.0, "country": "KGZ", "status": "planned"}}, {"type": "Feature", "id": 516, "geometry": {"type": "Point", "coordinates": [75.811, 41.464]}, "properties": {"name": "Atbashin-2 hydroelectric plant", "fuel": "hydro", "mw": 135.0, "country": "KGZ", "status": "planned"}}, {"type": "Feature", "id": 517, "geometry": {"type": "Point", "coordinates": [66.239, 33.768]}, "properties": {"name": "Baghdara hydroelectric plant", "fuel": "hydro", "mw": 227.0, "country": "AFG", "status": "planned"}}, {"type": "Feature", "id": 518, "geometry": {"type": "Point", "coordinates": [70.454, 41.66]}, "properties": {"name": "Barkrau hydroelectric plant", "fuel": "hydro", "mw": 700.0, "country": "KGZ", "status": "planned"}}, {"type": "Feature", "id": 519, "geometry": {"type": "Point", "coordinates": [70.5, 29.833]}, "properties": {"name": "Chakothi Hattian hydroelectric plant", "fuel": "hydro", "mw": 500.0, "country": "PAK", "status": "planned"}}, {"type": "Feature", "id": 520, "geometry": {"type": "Point", "coordinates": [73.195, 35.319]}, "properties": {"name": "Dasu hydroelectric plant", "fuel": "hydro", "mw": 2160.0, "country": "PAK", "status": "planned"}}, {"type": "Feature", "id": 521, "geometry": {"type": "Point", "coordinates": [75.072, 41.426]}, "properties": {"name": "Dzhilanaryk-1 hydroelectric plant", "fuel": "hydro", "mw": 80.0, "country": "KGZ", "status": "planned"}}, {"type": "Feature", "id": 522, "geometry": {"type": "Point", "coordinates": [74.894, 41.422]}, "properties": {"name": "Dzhilanaryk-2 hydroelectric plant", "fuel": "hydro", "mw": 98.0, "country": "KGZ", "status": "planned"}}, {"type": "Feature", "id": 523, "geometry": {"type": "Point", "coordinates": [65.118, 32.323]}, "properties": {"name": "Kajaki 2 hydroelectric plant", "fuel": "hydro", "mw": 100.0, "country": "AFG", "status": "operating"}}, {"type": "Feature", "id": 524, "geometry": {"type": "Point", "coordinates": [73.326, 41.776]}, "properties": {"name": "Kambarata-2 hydroelectric plant", "fuel": "hydro", "mw": 240.0, "country": "KGZ", "status": "planned"}}, {"type": "Feature", "id": 525, "geometry": {"type": "Point", "coordinates": [70.093, 41.7]}, "properties": {"name": "Karateren hydroelectric plant", "fuel": "hydro", "mw": 500.0, "country": "UZB", "status": "planned"}}, {"type": "Feature", "id": 526, "geometry": {"type": "Point", "coordinates": [72.807, 34.903]}, "properties": {"name": "Keyal Khwar hydroelectric plant", "fuel": "hydro", "mw": 128.0, "country": "PAK", "status": "construction"}}, {"type": "Feature", "id": 527, "geometry": {"type": "Point", "coordinates": [69.864, 41.6]}, "properties": {"name": "Khodzhikent hydroelectric plant", "fuel": "hydro", "mw": 200.0, "country": "UZB", "status": "planned"}}, {"type": "Feature", "id": 528, "geometry": {"type": "Point", "coordinates": [70.439, 41.652]}, "properties": {"name": "Kyrgyzstan Lower Chatkal hydroelectric plant", "fuel": "hydro", "mw": 1100.0, "country": "KGZ", "status": "planned"}}, {"type": "Feature", "id": 529, "geometry": {"type": "Point", "coordinates": [69.761, 34.589]}, "properties": {"name": "Sarobi 2 hydroelectric plant", "fuel": "hydro", "mw": 180.0, "country": "AFG", "status": "planned"}}, {"type": "Feature", "id": 530, "geometry": {"type": "Point", "coordinates": [67.801, 38.579]}, "properties": {"name": "Topalang hydroelectric plant", "fuel": "hydro", "mw": 175.0, "country": "UZB", "status": "operating"}}, {"type": "Feature", "id": 531, "geometry": {"type": "Point", "coordinates": [75.771, 41.156]}, "properties": {"name": "Uchkun hydroelectric plant", "fuel": "hydro", "mw": 88.0, "country": "KGZ", "status": "planned"}}, {"type": "Feature", "id": 532, "geometry": {"type": "Point", "coordinates": [70.093, 41.7]}, "properties": {"name": "Verkhne-Psemskaya Pumped Storage 1 hydroelectric plant", "fuel": "hydro", "mw": 200.0, "country": "UZB", "status": "planned"}}, {"type": "Feature", "id": 533, "geometry": {"type": "Point", "coordinates": [70.093, 41.7]}, "properties": {"name": "Verkhne-Psemskaya Pumped Storage 2 hydroelectric plant", "fuel": "hydro", "mw": 120.0, "country": "UZB", "status": "planned"}}, {"type": "Feature", "id": 534, "geometry": {"type": "Point", "coordinates": [72.911, 48.287]}, "properties": {"name": "Akadyr solar farm", "fuel": "solar", "mw": 50.0, "country": "KAZ", "status": "operating"}}, {"type": "Feature", "id": 535, "geometry": {"type": "Point", "coordinates": [72.905, 48.286]}, "properties": {"name": "Akadyr solar farm", "fuel": "solar", "mw": 26.0, "country": "KAZ", "status": "operating"}}, {"type": "Feature", "id": 536, "geometry": {"type": "Point", "coordinates": [63.321, 45.632]}, "properties": {"name": "Baikonur solar farm", "fuel": "solar", "mw": 50.0, "country": "KAZ", "status": "operating"}}, {"type": "Feature", "id": 537, "geometry": {"type": "Point", "coordinates": [70.82, 42.711]}, "properties": {"name": "Burnoye solar farm", "fuel": "solar", "mw": 50.0, "country": "KAZ", "status": "operating"}}, {"type": "Feature", "id": 538, "geometry": {"type": "Point", "coordinates": [70.823, 42.714]}, "properties": {"name": "Burnoye solar farm", "fuel": "solar", "mw": 50.0, "country": "KAZ", "status": "operating"}}, {"type": "Feature", "id": 539, "geometry": {"type": "Point", "coordinates": [71.561, 30.9]}, "properties": {"name": "Chaubara solar farm", "fuel": "solar", "mw": 100.0, "country": "PAK", "status": "operating"}}, {"type": "Feature", "id": 540, "geometry": {"type": "Point", "coordinates": [69.233, 43.748]}, "properties": {"name": "Chulakkurgan solar farm", "fuel": "solar", "mw": 50.0, "country": "KAZ", "status": "operating"}}, {"type": "Feature", "id": 541, "geometry": {"type": "Point", "coordinates": [67.559, 24.711]}, "properties": {"name": "Gharo Mirpur Sakro solar farm", "fuel": "solar", "mw": 50.0, "country": "PAK", "status": "operating"}}, {"type": "Feature", "id": 542, "geometry": {"type": "Point", "coordinates": [74.335, 46.67]}, "properties": {"name": "Gulshat solar farm", "fuel": "solar", "mw": 40.0, "country": "KAZ", "status": "operating"}}, {"type": "Feature", "id": 543, "geometry": {"type": "Point", "coordinates": [65.531, 38.564]}, "properties": {"name": "Guzar solar farm", "fuel": "solar", "mw": 300.0, "country": "UZB", "status": "planned"}}, {"type": "Feature", "id": 544, "geometry": {"type": "Point", "coordinates": [64.605, 25.189]}, "properties": {"name": "Gwadar (ib voght) solar farm", "fuel": "solar", "mw": 62.2, "country": "PAK", "status": "planned"}}, {"type": "Feature", "id": 545, "geometry": {"type": "Point", "coordinates": [67.512, 40.139]}, "properties": {"name": "Jizzakh solar farm", "fuel": "solar", "mw": 220.0, "country": "UZB", "status": "construction"}}, {"type": "Feature", "id": 546, "geometry": {"type": "Point", "coordinates": [76.973, 43.621]}, "properties": {"name": "Kaskelen solar farm", "fuel": "solar", "mw": 50.0, "country": "KAZ", "status": "operating"}}, {"type": "Feature", "id": 547, "geometry": {"type": "Point", "coordinates": [68.53, 43.472]}, "properties": {"name": "Kentau (Hevel) solar farm", "fuel": "solar", "mw": 35.0, "country": "KAZ", "status": "operating"}}, {"type": "Feature", "id": 548, "geometry": {"type": "Point", "coordinates": [73.761, 43.609]}, "properties": {"name": "M-Kat solar farm", "fuel": "solar", "mw": 100.0, "country": "KAZ", "status": "operating"}}, {"type": "Feature", "id": 549, "geometry": {"type": "Point", "coordinates": [69.584, 34.569]}, "properties": {"name": "Naghlu solar farm", "fuel": "solar", "mw": 22.8, "country": "AFG", "status": "planned"}}, {"type": "Feature", "id": 550, "geometry": {"type": "Point", "coordinates": [64.692, 45.098]}, "properties": {"name": "Nomad solar farm", "fuel": "solar", "mw": 28.0, "country": "KAZ", "status": "operating"}}, {"type": "Feature", "id": 551, "geometry": {"type": "Point", "coordinates": [64.989, 40.116]}, "properties": {"name": "Nur Navoi solar farm", "fuel": "solar", "mw": 100.0, "country": "UZB", "status": "operating"}}, {"type": "Feature", "id": 552, "geometry": {"type": "Point", "coordinates": [71.453, 50.793]}, "properties": {"name": "Nura solar farm", "fuel": "solar", "mw": 100.0, "country": "KAZ", "status": "operating"}}, {"type": "Feature", "id": 553, "geometry": {"type": "Point", "coordinates": [77.113, 43.968]}, "properties": {"name": "Nurgisa solar farm", "fuel": "solar", "mw": 100.0, "country": "KAZ", "status": "operating"}}, {"type": "Feature", "id": 554, "geometry": {"type": "Point", "coordinates": [68.367, 42.781]}, "properties": {"name": "Otrar (Eni) solar farm", "fuel": "solar", "mw": 50.0, "country": "KAZ", "status": "operating"}}, {"type": "Feature", "id": 555, "geometry": {"type": "Point", "coordinates": [71.823, 29.321]}, "properties": {"name": "Quaid-E-Azam solar farm", "fuel": "solar", "mw": 100.0, "country": "PAK", "status": "operating"}}, {"type": "Feature", "id": 556, "geometry": {"type": "Point", "coordinates": [71.818, 29.303]}, "properties": {"name": "Quaid-E-Azam solar farm", "fuel": "solar", "mw": 100.0, "country": "PAK", "status": "operating"}}, {"type": "Feature", "id": 557, "geometry": {"type": "Point", "coordinates": [66.446, 39.861]}, "properties": {"name": "Samarkand solar farm", "fuel": "solar", "mw": 220.0, "country": "UZB", "status": "operating"}}, {"type": "Feature", "id": 558, "geometry": {"type": "Point", "coordinates": [72.872, 49.81]}, "properties": {"name": "Saran solar farm", "fuel": "solar", "mw": 100.0, "country": "KAZ", "status": "operating"}}, {"type": "Feature", "id": 559, "geometry": {"type": "Point", "coordinates": [69.035, 41.748]}, "properties": {"name": "Saryagash solar farm", "fuel": "solar", "mw": 20.0, "country": "KAZ", "status": "operating"}}, {"type": "Feature", "id": 560, "geometry": {"type": "Point", "coordinates": [67.019, 37.673]}, "properties": {"name": "Sherabad solar farm", "fuel": "solar", "mw": 457.0, "country": "UZB", "status": "construction"}}, {"type": "Feature", "id": 561, "geometry": {"type": "Point", "coordinates": [68.526, 43.441]}, "properties": {"name": "Shoktas solar farm", "fuel": "solar", "mw": 50.0, "country": "KAZ", "status": "operating"}}, {"type": "Feature", "id": 562, "geometry": {"type": "Point", "coordinates": [69.017, 27.414]}, "properties": {"name": "Sukkur solar farm", "fuel": "solar", "mw": 50.0, "country": "PAK", "status": "operating"}}, {"type": "Feature", "id": 563, "geometry": {"type": "Point", "coordinates": [69.007, 27.402]}, "properties": {"name": "Sukkur solar farm", "fuel": "solar", "mw": 50.0, "country": "PAK", "status": "operating"}}, {"type": "Feature", "id": 564, "geometry": {"type": "Point", "coordinates": [69.013, 27.407]}, "properties": {"name": "Sukkur solar farm", "fuel": "solar", "mw": 50.0, "country": "PAK", "status": "operating"}}, {"type": "Feature", "id": 565, "geometry": {"type": "Point", "coordinates": [72.256, 33.781]}, "properties": {"name": "Tarbela solar farm", "fuel": "solar", "mw": 150.0, "country": "PAK", "status": "planned"}}, {"type": "Feature", "id": 566, "geometry": {"type": "Point", "coordinates": [65.52, 39.693]}, "properties": {"name": "Tutly solar farm", "fuel": "solar", "mw": 100.0, "country": "UZB", "status": "operating"}}, {"type": "Feature", "id": 567, "geometry": {"type": "Point", "coordinates": [81.187, 49.225]}, "properties": {"name": "Zhangiz-Tobe solar farm", "fuel": "solar", "mw": 30.0, "country": "KAZ", "status": "operating"}}, {"type": "Feature", "id": 568, "geometry": {"type": "Point", "coordinates": [71.798, 29.277]}, "properties": {"name": "Zorlu solar farm", "fuel": "solar", "mw": 100.0, "country": "PAK", "status": "planned"}}, {"type": "Feature", "id": 569, "geometry": {"type": "Point", "coordinates": [65.886, 31.465]}, "properties": {"name": "Kandahar solar farm", "fuel": "solar", "mw": 10.0, "country": "AFG", "status": "operating"}}, {"type": "Feature", "id": 570, "geometry": {"type": "Point", "coordinates": [71.076, 42.854]}, "properties": {"name": "Aisha Kunshuak solar farm", "fuel": "solar", "mw": 50.0, "country": "KAZ", "status": "operating"}}, {"type": "Feature", "id": 571, "geometry": {"type": "Point", "coordinates": [77.531, 42.127]}, "properties": {"name": "Issyk-Kul solar farm", "fuel": "solar", "mw": 1000.0, "country": "KGZ", "status": "planned"}}, {"type": "Feature", "id": 572, "geometry": {"type": "Point", "coordinates": [76.427, 42.495]}, "properties": {"name": "Toru-Aigyr solar farm", "fuel": "solar", "mw": 100.0, "country": "KGZ", "status": "planned"}}, {"type": "Feature", "id": 573, "geometry": {"type": "Point", "coordinates": [66.918, 25.123]}, "properties": {"name": "Attock Cement solar farm", "fuel": "solar", "mw": 21.0, "country": "PAK", "status": "operating"}}, {"type": "Feature", "id": 574, "geometry": {"type": "Point", "coordinates": [72.096, 31.166]}, "properties": {"name": "Jhang solar farm", "fuel": "solar", "mw": 600.0, "country": "PAK", "status": "planned"}}, {"type": "Feature", "id": 575, "geometry": {"type": "Point", "coordinates": [71.547, 30.667]}, "properties": {"name": "Layyah solar farm", "fuel": "solar", "mw": 1200.0, "country": "PAK", "status": "planned"}}, {"type": "Feature", "id": 576, "geometry": {"type": "Point", "coordinates": [69.036, 26.445]}, "properties": {"name": "Oracle Green Hydrogen solar farm", "fuel": "solar", "mw": 1000.0, "country": "PAK", "status": "planned"}}, {"type": "Feature", "id": 577, "geometry": {"type": "Point", "coordinates": [71.84, 29.313]}, "properties": {"name": "Quaid-E-Azam solar farm", "fuel": "solar", "mw": 100.0, "country": "PAK", "status": "operating"}}, {"type": "Feature", "id": 578, "geometry": {"type": "Point", "coordinates": [71.837, 29.301]}, "properties": {"name": "Quaid-E-Azam solar farm", "fuel": "solar", "mw": 100.0, "country": "PAK", "status": "operating"}}, {"type": "Feature", "id": 579, "geometry": {"type": "Point", "coordinates": [72.256, 33.781]}, "properties": {"name": "Tarbela solar farm", "fuel": "solar", "mw": 150.0, "country": "PAK", "status": "planned"}}, {"type": "Feature", "id": 580, "geometry": {"type": "Point", "coordinates": [67.626, 24.549]}, "properties": {"name": "Thatta (Siachen) solar farm", "fuel": "solar", "mw": 100.0, "country": "PAK", "status": "planned"}}, {"type": "Feature", "id": 581, "geometry": {"type": "Point", "coordinates": [65.88, 31.465]}, "properties": {"name": "Kandahar (77) solar farm", "fuel": "solar", "mw": 12.0, "country": "AFG", "status": "operating"}}, {"type": "Feature", "id": 582, "geometry": {"type": "Point", "coordinates": [65.875, 31.463]}, "properties": {"name": "Kandahar (Zularistan) solar farm", "fuel": "solar", "mw": 12.0, "country": "AFG", "status": "operating"}}, {"type": "Feature", "id": 583, "geometry": {"type": "Point", "coordinates": [74.942, 46.801]}, "properties": {"name": "Balkhash solar farm", "fuel": "solar", "mw": 50.0, "country": "KAZ", "status": "operating"}}, {"type": "Feature", "id": 584, "geometry": {"type": "Point", "coordinates": [74.942, 46.801]}, "properties": {"name": "Balkhash solar farm", "fuel": "solar", "mw": 50.0, "country": "KAZ", "status": "planned"}}, {"type": "Feature", "id": 585, "geometry": {"type": "Point", "coordinates": [67.625, 47.863]}, "properties": {"name": "Kengir solar project", "fuel": "solar", "mw": 10.0, "country": "KAZ", "status": "operating"}}, {"type": "Feature", "id": 586, "geometry": {"type": "Point", "coordinates": [69.355, 42.306]}, "properties": {"name": "Shymkent solar farm", "fuel": "solar", "mw": 20.0, "country": "KAZ", "status": "operating"}}, {"type": "Feature", "id": 587, "geometry": {"type": "Point", "coordinates": [67.495, 45.168]}, "properties": {"name": "Suzak solar farm", "fuel": "solar", "mw": 63.0, "country": "KAZ", "status": "operating"}}, {"type": "Feature", "id": 588, "geometry": {"type": "Point", "coordinates": [68.759, 42.407]}, "properties": {"name": "Zadarya solar project", "fuel": "solar", "mw": 14.0, "country": "KAZ", "status": "operating"}}, {"type": "Feature", "id": 589, "geometry": {"type": "Point", "coordinates": [67.36, 43.874]}, "properties": {"name": "Zhanakorgan US solar project", "fuel": "solar", "mw": 5.0, "country": "KAZ", "status": "operating"}}, {"type": "Feature", "id": 590, "geometry": {"type": "Point", "coordinates": [76.427, 42.495]}, "properties": {"name": "Kun Bulagi solar farm", "fuel": "solar", "mw": 50.0, "country": "KGZ", "status": "planned"}}, {"type": "Feature", "id": 591, "geometry": {"type": "Point", "coordinates": [75.571, 42.12]}, "properties": {"name": "Kyrgyzstan Pilot Project solar farm", "fuel": "solar", "mw": 100.0, "country": "KGZ", "status": "planned"}}, {"type": "Feature", "id": 592, "geometry": {"type": "Point", "coordinates": [76.427, 42.495]}, "properties": {"name": "Toru-Aigyr solar farm", "fuel": "solar", "mw": 200.0, "country": "KGZ", "status": "planned"}}, {"type": "Feature", "id": 593, "geometry": {"type": "Point", "coordinates": [71.814, 32.094]}, "properties": {"name": "Adhi Kot solar project", "fuel": "solar", "mw": 12.0, "country": "PAK", "status": "operating"}}, {"type": "Feature", "id": 594, "geometry": {"type": "Point", "coordinates": [67.496, 26.173]}, "properties": {"name": "Bhit solar project", "fuel": "solar", "mw": 10.0, "country": "PAK", "status": "operating"}}, {"type": "Feature", "id": 595, "geometry": {"type": "Point", "coordinates": [72.723, 33.691]}, "properties": {"name": "Jhang Bahtar solar project", "fuel": "solar", "mw": 12.5, "country": "PAK", "status": "operating"}}, {"type": "Feature", "id": 596, "geometry": {"type": "Point", "coordinates": [70.738, 32.291]}, "properties": {"name": "Lucky Cement solar farm", "fuel": "solar", "mw": 34.0, "country": "PAK", "status": "operating"}}, {"type": "Feature", "id": 597, "geometry": {"type": "Point", "coordinates": [67.5, 25.056]}, "properties": {"name": "Lucky Cement solar farm", "fuel": "solar", "mw": 25.0, "country": "PAK", "status": "operating"}}, {"type": "Feature", "id": 598, "geometry": {"type": "Point", "coordinates": [70.392, 24.798]}, "properties": {"name": "Thar solar project", "fuel": "solar", "mw": 5.0, "country": "PAK", "status": "operating"}}, {"type": "Feature", "id": 599, "geometry": {"type": "Point", "coordinates": [72.171, 40.777]}, "properties": {"name": "Andijan (PowerChina) solar farm", "fuel": "solar", "mw": 100.0, "country": "UZB", "status": "construction"}}, {"type": "Feature", "id": 600, "geometry": {"type": "Point", "coordinates": [72.171, 40.777]}, "properties": {"name": "Andijan (PowerChina) solar farm", "fuel": "solar", "mw": 300.0, "country": "UZB", "status": "planned"}}, {"type": "Feature", "id": 601, "geometry": {"type": "Point", "coordinates": [64.08, 39.328]}, "properties": {"name": "Nur-Bukhara solar farm", "fuel": "solar", "mw": 250.0, "country": "UZB", "status": "construction"}}, {"type": "Feature", "id": 602, "geometry": {"type": "Point", "coordinates": [64.704, 39.456]}, "properties": {"name": "Karaulbazar solar farm", "fuel": "solar", "mw": 500.0, "country": "UZB", "status": "operating"}}, {"type": "Feature", "id": 603, "geometry": {"type": "Point", "coordinates": [59.001, 43.801]}, "properties": {"name": "Muinak solar project", "fuel": "solar", "mw": 9.0, "country": "UZB", "status": "operating"}}, {"type": "Feature", "id": 604, "geometry": {"type": "Point", "coordinates": [65.579, 38.539]}, "properties": {"name": "Nishan solar farm", "fuel": "solar", "mw": 500.0, "country": "UZB", "status": "operating"}}, {"type": "Feature", "id": 605, "geometry": {"type": "Point", "coordinates": [66.058, 39.631]}, "properties": {"name": "Sazagan solar farm", "fuel": "solar", "mw": 500.0, "country": "UZB", "status": "planned"}}, {"type": "Feature", "id": 606, "geometry": {"type": "Point", "coordinates": [66.058, 39.631]}, "properties": {"name": "Sazagan solar farm", "fuel": "solar", "mw": 500.0, "country": "UZB", "status": "planned"}}, {"type": "Feature", "id": 607, "geometry": {"type": "Point", "coordinates": [69.493, 41.349]}, "properties": {"name": "Tashkent solar farm", "fuel": "solar", "mw": 200.0, "country": "UZB", "status": "planned"}}, {"type": "Feature", "id": 608, "geometry": {"type": "Point", "coordinates": [61.981, 41.048]}, "properties": {"name": "Sarimay solar farm", "fuel": "solar", "mw": 100.0, "country": "UZB", "status": "construction"}}, {"type": "Feature", "id": 609, "geometry": {"type": "Point", "coordinates": [69.526, 41.191]}, "properties": {"name": "Yuqorichirchiq (China Gezhouba) solar farm", "fuel": "solar", "mw": 100.0, "country": "UZB", "status": "construction"}}, {"type": "Feature", "id": 610, "geometry": {"type": "Point", "coordinates": [69.526, 41.191]}, "properties": {"name": "Yuqorichirchiq (China Gezhouba) solar farm", "fuel": "solar", "mw": 600.0, "country": "UZB", "status": "planned"}}, {"type": "Feature", "id": 611, "geometry": {"type": "Point", "coordinates": [62.204, 34.353]}, "properties": {"name": "Herat wind farm", "fuel": "wind", "mw": 200.0, "country": "AFG", "status": "planned"}}, {"type": "Feature", "id": 612, "geometry": {"type": "Point", "coordinates": [64.713, 40.658]}, "properties": {"name": "Bash wind farm", "fuel": "wind", "mw": 500.0, "country": "UZB", "status": "operating"}}, {"type": "Feature", "id": 613, "geometry": {"type": "Point", "coordinates": [67.867, 24.954]}, "properties": {"name": "Artistic Energy wind farm", "fuel": "wind", "mw": 49.0, "country": "PAK", "status": "operating"}}, {"type": "Feature", "id": 614, "geometry": {"type": "Point", "coordinates": [67.868, 24.997]}, "properties": {"name": "Artistic Energy wind farm", "fuel": "wind", "mw": 50.0, "country": "PAK", "status": "operating"}}, {"type": "Feature", "id": 615, "geometry": {"type": "Point", "coordinates": [67.837, 25.106]}, "properties": {"name": "UEP wind farm", "fuel": "wind", "mw": 99.0, "country": "PAK", "status": "operating"}}, {"type": "Feature", "id": 616, "geometry": {"type": "Point", "coordinates": [67.918, 25.118]}, "properties": {"name": "China Three Gorges Second wind farm", "fuel": "wind", "mw": 50.0, "country": "PAK", "status": "operating"}}, {"type": "Feature", "id": 617, "geometry": {"type": "Point", "coordinates": [67.923, 25.129]}, "properties": {"name": "China Three Gorges Third wind farm", "fuel": "wind", "mw": 50.0, "country": "PAK", "status": "operating"}}, {"type": "Feature", "id": 618, "geometry": {"type": "Point", "coordinates": [67.4, 24.61]}, "properties": {"name": "Foundation Wind Energy wind farm", "fuel": "wind", "mw": 50.0, "country": "PAK", "status": "operating"}}, {"type": "Feature", "id": 619, "geometry": {"type": "Point", "coordinates": [67.466, 24.574]}, "properties": {"name": "Foundation Wind Energy wind farm", "fuel": "wind", "mw": 50.0, "country": "PAK", "status": "operating"}}, {"type": "Feature", "id": 620, "geometry": {"type": "Point", "coordinates": [67.995, 25.065]}, "properties": {"name": "FFC Energy wind farm", "fuel": "wind", "mw": 50.0, "country": "PAK", "status": "operating"}}, {"type": "Feature", "id": 621, "geometry": {"type": "Point", "coordinates": [67.477, 24.704]}, "properties": {"name": "Zephyr wind farm", "fuel": "wind", "mw": 50.0, "country": "PAK", "status": "operating"}}, {"type": "Feature", "id": 622, "geometry": {"type": "Point", "coordinates": [67.731, 25.012]}, "properties": {"name": "Lakeside Energy wind farm", "fuel": "wind", "mw": 50.0, "country": "PAK", "status": "operating"}}, {"type": "Feature", "id": 623, "geometry": {"type": "Point", "coordinates": [67.43, 24.613]}, "properties": {"name": "Tenega Generasi wind farm", "fuel": "wind", "mw": 50.0, "country": "PAK", "status": "operating"}}, {"type": "Feature", "id": 624, "geometry": {"type": "Point", "coordinates": [68.055, 25.143]}, "properties": {"name": "Hawa Energy wind farm", "fuel": "wind", "mw": 50.0, "country": "PAK", "status": "operating"}}, {"type": "Feature", "id": 625, "geometry": {"type": "Point", "coordinates": [67.863, 25.122]}, "properties": {"name": "Sapphire wind farm (Pakistan)", "fuel": "wind", "mw": 50.0, "country": "PAK", "status": "operating"}}, {"type": "Feature", "id": 626, "geometry": {"type": "Point", "coordinates": [67.829, 25.054]}, "properties": {"name": "Sapphire-Tricon wind farm", "fuel": "wind", "mw": 150.0, "country": "PAK", "status": "operating"}}, {"type": "Feature", "id": 627, "geometry": {"type": "Point", "coordinates": [67.941, 25.08]}, "properties": {"name": "China Three Gorges First wind farm", "fuel": "wind", "mw": 50.0, "country": "PAK", "status": "operating"}}, {"type": "Feature", "id": 628, "geometry": {"type": "Point", "coordinates": [68.045, 25.138]}, "properties": {"name": "Jhimpir Power (Burj Capital) wind farm", "fuel": "wind", "mw": 50.0, "country": "PAK", "status": "operating"}}, {"type": "Feature", "id": 629, "geometry": {"type": "Point", "coordinates": [67.937, 25.137]}, "properties": {"name": "Sachal wind farm", "fuel": "wind", "mw": 50.0, "country": "PAK", "status": "operating"}}, {"type": "Feature", "id": 630, "geometry": {"type": "Point", "coordinates": [67.969, 25.172]}, "properties": {"name": "Metro Power wind farm", "fuel": "wind", "mw": 50.0, "country": "PAK", "status": "operating"}}, {"type": "Feature", "id": 631, "geometry": {"type": "Point", "coordinates": [67.968, 25.153]}, "properties": {"name": "Gul Ahmed (Hydro China) wind farm", "fuel": "wind", "mw": 50.0, "country": "PAK", "status": "operating"}}, {"type": "Feature", "id": 632, "geometry": {"type": "Point", "coordinates": [67.495, 24.672]}, "properties": {"name": "Hydrochina Dawood wind farm", "fuel": "wind", "mw": 50.0, "country": "PAK", "status": "operating"}}, {"type": "Feature", "id": 633, "geometry": {"type": "Point", "coordinates": [68.125, 25.393]}, "properties": {"name": "Master Green Energy wind farm", "fuel": "wind", "mw": 50.0, "country": "PAK", "status": "operating"}}, {"type": "Feature", "id": 634, "geometry": {"type": "Point", "coordinates": [68.0, 25.089]}, "properties": {"name": "Master Wind Energy wind farm", "fuel": "wind", "mw": 53.0, "country": "PAK", "status": "operating"}}, {"type": "Feature", "id": 635, "geometry": {"type": "Point", "coordinates": [64.317, 41.597]}, "properties": {"name": "Zarafshan wind farm", "fuel": "wind", "mw": 500.0, "country": "UZB", "status": "construction"}}, {"type": "Feature", "id": 636, "geometry": {"type": "Point", "coordinates": [67.95, 25.146]}, "properties": {"name": "Yunus Energy wind farm", "fuel": "wind", "mw": 50.0, "country": "PAK", "status": "operating"}}, {"type": "Feature", "id": 637, "geometry": {"type": "Point", "coordinates": [67.854, 24.952]}, "properties": {"name": "ACT1 Wind Energy wind farm", "fuel": "wind", "mw": 30.0, "country": "PAK", "status": "operating"}}, {"type": "Feature", "id": 638, "geometry": {"type": "Point", "coordinates": [67.839, 24.953]}, "properties": {"name": "ACT2 Wind Energy wind farm", "fuel": "wind", "mw": 50.0, "country": "PAK", "status": "operating"}}, {"type": "Feature", "id": 639, "geometry": {"type": "Point", "coordinates": [67.968, 25.153]}, "properties": {"name": "Gul Ahmed (DL Energy) wind farm", "fuel": "wind", "mw": 50.0, "country": "PAK", "status": "operating"}}, {"type": "Feature", "id": 640, "geometry": {"type": "Point", "coordinates": [67.713, 24.936]}, "properties": {"name": "Indus Wind Energy Farm", "fuel": "wind", "mw": 50.0, "country": "PAK", "status": "operating"}}, {"type": "Feature", "id": 641, "geometry": {"type": "Point", "coordinates": [67.8, 24.935]}, "properties": {"name": "Trans Atlantic wind farm", "fuel": "wind", "mw": 48.0, "country": "PAK", "status": "planned"}}, {"type": "Feature", "id": 642, "geometry": {"type": "Point", "coordinates": [68.065, 25.112]}, "properties": {"name": "Tricom wind farm", "fuel": "wind", "mw": 50.0, "country": "PAK", "status": "operating"}}, {"type": "Feature", "id": 643, "geometry": {"type": "Point", "coordinates": [67.779, 25.086]}, "properties": {"name": "Din Energy wind farm", "fuel": "wind", "mw": 50.0, "country": "PAK", "status": "operating"}}, {"type": "Feature", "id": 644, "geometry": {"type": "Point", "coordinates": [68.045, 25.185]}, "properties": {"name": "Western Energy wind farm", "fuel": "wind", "mw": 50.0, "country": "PAK", "status": "planned"}}, {"type": "Feature", "id": 645, "geometry": {"type": "Point", "coordinates": [67.985, 25.057]}, "properties": {"name": "Zorlu Energy wind farm", "fuel": "wind", "mw": 50.0, "country": "PAK", "status": "operating"}}, {"type": "Feature", "id": 646, "geometry": {"type": "Point", "coordinates": [63.38, 40.884]}, "properties": {"name": "Dzhankeldy wind farm", "fuel": "wind", "mw": 500.0, "country": "UZB", "status": "operating"}}, {"type": "Feature", "id": 647, "geometry": {"type": "Point", "coordinates": [58.579, 43.789]}, "properties": {"name": "Karatau wind farm", "fuel": "wind", "mw": 100.0, "country": "UZB", "status": "planned"}}, {"type": "Feature", "id": 648, "geometry": {"type": "Point", "coordinates": [58.262, 50.49]}, "properties": {"name": "Badamsha wind farm", "fuel": "wind", "mw": 48.0, "country": "KAZ", "status": "operating"}}, {"type": "Feature", "id": 649, "geometry": {"type": "Point", "coordinates": [78.744, 43.712]}, "properties": {"name": "Shelek (Energia Semirechya) wind farm", "fuel": "wind", "mw": 60.0, "country": "KAZ", "status": "operating"}}, {"type": "Feature", "id": 650, "geometry": {"type": "Point", "coordinates": [73.082, 51.596]}, "properties": {"name": "Ereymentau (First Wind Power Plant) wind farm", "fuel": "wind", "mw": 45.0, "country": "KAZ", "status": "operating"}}, {"type": "Feature", "id": 651, "geometry": {"type": "Point", "coordinates": [50.316, 44.458]}, "properties": {"name": "Fort Shevchenko (KT Rare-Metal Unexstroy) wind farm", "fuel": "wind", "mw": 43.0, "country": "KAZ", "status": "operating"}}, {"type": "Feature", "id": 652, "geometry": {"type": "Point", "coordinates": [69.64, 43.506]}, "properties": {"name": "Zhanatas wind farm", "fuel": "wind", "mw": 100.0, "country": "KAZ", "status": "operating"}}, {"type": "Feature", "id": 653, "geometry": {"type": "Point", "coordinates": [71.862, 51.26]}, "properties": {"name": "Astana EXPO-2017 wind farm", "fuel": "wind", "mw": 50.0, "country": "KAZ", "status": "operating"}}, {"type": "Feature", "id": 654, "geometry": {"type": "Point", "coordinates": [71.862, 51.26]}, "properties": {"name": "Astana EXPO-2017 wind farm", "fuel": "wind", "mw": 50.0, "country": "KAZ", "status": "operating"}}, {"type": "Feature", "id": 655, "geometry": {"type": "Point", "coordinates": [79.675, 46.952]}, "properties": {"name": "Aktogay wind farm", "fuel": "wind", "mw": 100.0, "country": "KAZ", "status": "operating"}}, {"type": "Feature", "id": 656, "geometry": {"type": "Point", "coordinates": [79.675, 46.952]}, "properties": {"name": "Aktogay wind farm", "fuel": "wind", "mw": 50.0, "country": "KAZ", "status": "operating"}}, {"type": "Feature", "id": 657, "geometry": {"type": "Point", "coordinates": [63.853, 53.285]}, "properties": {"name": "Ybyray wind farm", "fuel": "wind", "mw": 50.0, "country": "KAZ", "status": "operating"}}, {"type": "Feature", "id": 658, "geometry": {"type": "Point", "coordinates": [58.256, 50.488]}, "properties": {"name": "Badamsha wind farm", "fuel": "wind", "mw": 48.0, "country": "KAZ", "status": "operating"}}, {"type": "Feature", "id": 659, "geometry": {"type": "Point", "coordinates": [70.499, 45.098]}, "properties": {"name": "Shokpar wind farm", "fuel": "wind", "mw": 100.0, "country": "KAZ", "status": "operating"}}, {"type": "Feature", "id": 660, "geometry": {"type": "Point", "coordinates": [72.072, 51.29]}, "properties": {"name": "Borey wind farm", "fuel": "wind", "mw": 100.0, "country": "KAZ", "status": "operating"}}, {"type": "Feature", "id": 661, "geometry": {"type": "Point", "coordinates": [58.433, 50.258]}, "properties": {"name": "Khromtau wind farm", "fuel": "wind", "mw": 155.0, "country": "KAZ", "status": "planned"}}, {"type": "Feature", "id": 662, "geometry": {"type": "Point", "coordinates": [74.933, 43.253]}, "properties": {"name": "Korday (Vetro Invest) wind farm", "fuel": "wind", "mw": 30.7, "country": "KAZ", "status": "operating"}}, {"type": "Feature", "id": 663, "geometry": {"type": "Point", "coordinates": [74.966, 43.335]}, "properties": {"name": "Korday (Vista International) wind farm", "fuel": "wind", "mw": 21.0, "country": "KAZ", "status": "operating"}}, {"type": "Feature", "id": 664, "geometry": {"type": "Point", "coordinates": [50.512, 47.37]}, "properties": {"name": "Manash wind farm", "fuel": "wind", "mw": 52.0, "country": "KAZ", "status": "operating"}}, {"type": "Feature", "id": 665, "geometry": {"type": "Point", "coordinates": [73.86, 44.671]}, "properties": {"name": "Mirny wind farm", "fuel": "wind", "mw": 800.0, "country": "KAZ", "status": "planned"}}, {"type": "Feature", "id": 666, "geometry": {"type": "Point", "coordinates": [76.19, 42.462]}, "properties": {"name": "Ecowind wind farm", "fuel": "wind", "mw": 200.0, "country": "KGZ", "status": "planned"}}, {"type": "Feature", "id": 667, "geometry": {"type": "Point", "coordinates": [69.811, 30.049]}, "properties": {"name": "Helios Power wind farm", "fuel": "wind", "mw": 50.0, "country": "PAK", "status": "operating"}}, {"type": "Feature", "id": 668, "geometry": {"type": "Point", "coordinates": [69.811, 30.049]}, "properties": {"name": "Meridian Energy wind farm", "fuel": "wind", "mw": 50.0, "country": "PAK", "status": "operating"}}, {"type": "Feature", "id": 669, "geometry": {"type": "Point", "coordinates": [67.703, 24.992]}, "properties": {"name": "Metro Wind Power wind farm", "fuel": "wind", "mw": 60.0, "country": "PAK", "status": "operating"}}, {"type": "Feature", "id": 670, "geometry": {"type": "Point", "coordinates": [67.752, 25.006]}, "properties": {"name": "Nasda Green Energy wind farm", "fuel": "wind", "mw": 50.0, "country": "PAK", "status": "operating"}}, {"type": "Feature", "id": 671, "geometry": {"type": "Point", "coordinates": [68.041, 25.153]}, "properties": {"name": "Oracle Green Hydrogen wind farm", "fuel": "wind", "mw": 500.0, "country": "PAK", "status": "planned"}}, {"type": "Feature", "id": 672, "geometry": {"type": "Point", "coordinates": [78.928, 45.552]}, "properties": {"name": "Jetisu wind farm", "fuel": "wind", "mw": 1000.0, "country": "KAZ", "status": "planned"}}, {"type": "Feature", "id": 673, "geometry": {"type": "Point", "coordinates": [57.06, 43.723]}, "properties": {"name": "Kungrad wind farm", "fuel": "wind", "mw": 500.0, "country": "UZB", "status": "planned"}}, {"type": "Feature", "id": 674, "geometry": {"type": "Point", "coordinates": [57.06, 43.723]}, "properties": {"name": "Kungrad wind farm", "fuel": "wind", "mw": 500.0, "country": "UZB", "status": "planned"}}, {"type": "Feature", "id": 675, "geometry": {"type": "Point", "coordinates": [57.06, 43.723]}, "properties": {"name": "Kungrad wind farm", "fuel": "wind", "mw": 500.0, "country": "UZB", "status": "planned"}}, {"type": "Feature", "id": 676, "geometry": {"type": "Point", "coordinates": [71.901, 44.404]}, "properties": {"name": "Zhambyl wind farm", "fuel": "wind", "mw": 500.0, "country": "KAZ", "status": "planned"}}, {"type": "Feature", "id": 677, "geometry": {"type": "Point", "coordinates": [71.901, 44.404]}, "properties": {"name": "Zhambyl wind farm", "fuel": "wind", "mw": 500.0, "country": "KAZ", "status": "planned"}}, {"type": "Feature", "id": 678, "geometry": {"type": "Point", "coordinates": [82.601, 49.908]}, "properties": {"name": "Ust-Kamenogorsk TETS-2 power station", "fuel": "coal", "mw": 360.0, "country": "KAZ", "status": "planned"}}, {"type": "Feature", "id": 679, "geometry": {"type": "Point", "coordinates": [74.949, 46.829]}, "properties": {"name": "Kazakhmys Balkhash power station", "fuel": "coal", "mw": 30.0, "country": "KAZ", "status": "operating"}}, {"type": "Feature", "id": 680, "geometry": {"type": "Point", "coordinates": [68.583, 39.333]}, "properties": {"name": "Fon-Yagnob power station", "fuel": "coal", "mw": 600.0, "country": "TJK", "status": "planned"}}, {"type": "Feature", "id": 681, "geometry": {"type": "Point", "coordinates": [72.992, 40.955]}, "properties": {"name": "Jalal-Abad power station", "fuel": "coal", "mw": 660.0, "country": "KGZ", "status": "planned"}}, {"type": "Feature", "id": 682, "geometry": {"type": "Point", "coordinates": [74.501, 42.829]}, "properties": {"name": "Bishkek 2 power station", "fuel": "gas", "mw": 250.0, "country": "KGZ", "status": "planned"}}, {"type": "Feature", "id": 683, "geometry": {"type": "Point", "coordinates": [74.584, 42.876]}, "properties": {"name": "Bishkekselmash power station", "fuel": "gas", "mw": 340.0, "country": "KGZ", "status": "construction"}}, {"type": "Feature", "id": 684, "geometry": {"type": "Point", "coordinates": [54.852, 39.836]}, "properties": {"name": "Balkan power station", "fuel": "gas", "mw": 787.0, "country": "TKM", "status": "construction"}}, {"type": "Feature", "id": 685, "geometry": {"type": "Point", "coordinates": [69.259, 41.369]}, "properties": {"name": "Yunusabad power station", "fuel": "gas", "mw": 103.2, "country": "UZB", "status": "construction"}}, {"type": "Feature", "id": 686, "geometry": {"type": "Point", "coordinates": [51.926, 47.074]}, "properties": {"name": "Atyrau Oil Refinery power station", "fuel": "gas", "mw": 154.0, "country": "KAZ", "status": "planned"}}, {"type": "Feature", "id": 687, "geometry": {"type": "Point", "coordinates": [51.921, 47.096]}, "properties": {"name": "Atyrau 2 power station", "fuel": "gas", "mw": 250.0, "country": "KAZ", "status": "planned"}}, {"type": "Feature", "id": 688, "geometry": {"type": "Point", "coordinates": [51.942, 47.082]}, "properties": {"name": "Atyrau CHP power station", "fuel": "gas", "mw": 65.0, "country": "KAZ", "status": "operating"}}, {"type": "Feature", "id": 689, "geometry": {"type": "Point", "coordinates": [51.101, 51.267]}, "properties": {"name": "GTPP-500 Uralsk power station", "fuel": "gas", "mw": 100.0, "country": "KAZ", "status": "operating"}}, {"type": "Feature", "id": 690, "geometry": {"type": "Point", "coordinates": [51.101, 51.267]}, "properties": {"name": "GTPP-500 Uralsk power station", "fuel": "gas", "mw": 132.0, "country": "KAZ", "status": "planned"}}, {"type": "Feature", "id": 691, "geometry": {"type": "Point", "coordinates": [51.101, 51.267]}, "properties": {"name": "GTPP-500 Uralsk power station", "fuel": "gas", "mw": 132.0, "country": "KAZ", "status": "planned"}}, {"type": "Feature", "id": 692, "geometry": {"type": "Point", "coordinates": [51.101, 51.267]}, "properties": {"name": "GTPP-500 Uralsk power station", "fuel": "gas", "mw": 132.0, "country": "KAZ", "status": "planned"}}, {"type": "Feature", "id": 693, "geometry": {"type": "Point", "coordinates": [51.394, 51.226]}, "properties": {"name": "Karachaganak power station", "fuel": "gas", "mw": 200.0, "country": "KAZ", "status": "planned"}}, {"type": "Feature", "id": 694, "geometry": {"type": "Point", "coordinates": [52.854, 43.356]}, "properties": {"name": "Eni hybrid power station", "fuel": "gas", "mw": 120.0, "country": "KAZ", "status": "construction"}}, {"type": "Feature", "id": 695, "geometry": {"type": "Point", "coordinates": [71.396, 42.897]}, "properties": {"name": "Taraz power station", "fuel": "gas", "mw": 150.0, "country": "KAZ", "status": "planned"}}, {"type": "Feature", "id": 696, "geometry": {"type": "Point", "coordinates": [64.953, 45.154]}, "properties": {"name": "Kyzylorda 2 power station", "fuel": "gas", "mw": 1100.0, "country": "KAZ", "status": "planned"}}, {"type": "Feature", "id": 697, "geometry": {"type": "Point", "coordinates": [57.203, 50.286]}, "properties": {"name": "Aktobe 2 power station", "fuel": "gas", "mw": 250.0, "country": "KAZ", "status": "planned"}}, {"type": "Feature", "id": 698, "geometry": {"type": "Point", "coordinates": [57.203, 50.286]}, "properties": {"name": "Aktobe 2 power station", "fuel": "gas", "mw": 250.0, "country": "KAZ", "status": "planned"}}, {"type": "Feature", "id": 699, "geometry": {"type": "Point", "coordinates": [67.614, 47.84]}, "properties": {"name": "Zhezkazgan-2 power station", "fuel": "coal", "mw": 500.0, "country": "KAZ", "status": "planned"}}, {"type": "Feature", "id": 700, "geometry": {"type": "Point", "coordinates": [74.76, 41.71]}, "properties": {"name": "Kara-Keche power station", "fuel": "coal", "mw": 600.0, "country": "KGZ", "status": "planned"}}, {"type": "Feature", "id": 701, "geometry": {"type": "Point", "coordinates": [73.541, 42.819]}, "properties": {"name": "Chaldovar power station", "fuel": "gas", "mw": 500.0, "country": "KGZ", "status": "planned"}}, {"type": "Feature", "id": 702, "geometry": {"type": "Point", "coordinates": [73.053, 50.047]}, "properties": {"name": "Karaganda TPS-2 power station", "fuel": "gas", "mw": 100.0, "country": "KAZ", "status": "construction"}}, {"type": "Feature", "id": 703, "geometry": {"type": "Point", "coordinates": [73.053, 50.047]}, "properties": {"name": "Karaganda TPS-2 power station", "fuel": "gas", "mw": 100.0, "country": "KAZ", "status": "construction"}}, {"type": "Feature", "id": 704, "geometry": {"type": "Point", "coordinates": [73.053, 50.047]}, "properties": {"name": "Karaganda TPS-2 power station", "fuel": "gas", "mw": 100.0, "country": "KAZ", "status": "construction"}}, {"type": "Feature", "id": 705, "geometry": {"type": "Point", "coordinates": [74.655, 42.872]}, "properties": {"name": "Bishkek power station", "fuel": "gas", "mw": 86.0, "country": "KGZ", "status": "planned"}}, {"type": "Feature", "id": 706, "geometry": {"type": "Point", "coordinates": [74.655, 42.872]}, "properties": {"name": "Bishkek power station", "fuel": "gas", "mw": 100.0, "country": "KGZ", "status": "planned"}}, {"type": "Feature", "id": 707, "geometry": {"type": "Point", "coordinates": [76.931, 43.281]}, "properties": {"name": "Almaty-1 power station", "fuel": "gas", "mw": 60.0, "country": "KAZ", "status": "operating"}}, {"type": "Feature", "id": 708, "geometry": {"type": "Point", "coordinates": [76.931, 43.281]}, "properties": {"name": "Almaty-1 power station", "fuel": "gas", "mw": 60.0, "country": "KAZ", "status": "operating"}}, {"type": "Feature", "id": 709, "geometry": {"type": "Point", "coordinates": [74.655, 42.872]}, "properties": {"name": "Bishkek power station", "fuel": "gas", "mw": 60.0, "country": "KGZ", "status": "planned"}}, {"type": "Feature", "id": 710, "geometry": {"type": "Point", "coordinates": [73.053, 50.047]}, "properties": {"name": "Karaganda TPS-2 power station", "fuel": "gas", "mw": 135.0, "country": "KAZ", "status": "construction"}}, {"type": "Feature", "id": 711, "geometry": {"type": "Point", "coordinates": [73.022, 50.048]}, "properties": {"name": "Karaganda Steel Works power station", "fuel": "gas", "mw": 65.0, "country": "KAZ", "status": "construction"}}, {"type": "Feature", "id": 712, "geometry": {"type": "Point", "coordinates": [74.655, 42.872]}, "properties": {"name": "Bishkek power station", "fuel": "gas", "mw": 86.0, "country": "KGZ", "status": "planned"}}, {"type": "Feature", "id": 713, "geometry": {"type": "Point", "coordinates": [74.655, 42.872]}, "properties": {"name": "Bishkek power station", "fuel": "gas", "mw": 60.0, "country": "KGZ", "status": "planned"}}, {"type": "Feature", "id": 714, "geometry": {"type": "Point", "coordinates": [74.655, 42.872]}, "properties": {"name": "Bishkek power station", "fuel": "gas", "mw": 86.0, "country": "KGZ", "status": "planned"}}, {"type": "Feature", "id": 715, "geometry": {"type": "Point", "coordinates": [73.022, 50.048]}, "properties": {"name": "Karaganda Steel Works power station", "fuel": "gas", "mw": 60.0, "country": "KAZ", "status": "construction"}}, {"type": "Feature", "id": 716, "geometry": {"type": "Point", "coordinates": [73.022, 50.048]}, "properties": {"name": "Karaganda Steel Works power station", "fuel": "gas", "mw": 60.0, "country": "KAZ", "status": "construction"}}, {"type": "Feature", "id": 717, "geometry": {"type": "Point", "coordinates": [52.896, 43.367]}, "properties": {"name": "Zhanaozen solar farm", "fuel": "solar", "mw": 50.0, "country": "KAZ", "status": "planned"}}, {"type": "Feature", "id": 718, "geometry": {"type": "Point", "coordinates": [55.255, 43.385]}, "properties": {"name": "Hyrasia One solar farm", "fuel": "solar", "mw": 1600.0, "country": "KAZ", "status": "planned"}}, {"type": "Feature", "id": 719, "geometry": {"type": "Point", "coordinates": [54.948, 42.3]}, "properties": {"name": "Hyrasia One solar farm", "fuel": "solar", "mw": 4900.0, "country": "KAZ", "status": "planned"}}, {"type": "Feature", "id": 720, "geometry": {"type": "Point", "coordinates": [53.071, 42.425]}, "properties": {"name": "Hyrasia One solar farm", "fuel": "solar", "mw": 3500.0, "country": "KAZ", "status": "planned"}}, {"type": "Feature", "id": 721, "geometry": {"type": "Point", "coordinates": [52.464, 43.246]}, "properties": {"name": "Hyrasia One solar farm", "fuel": "solar", "mw": 1800.0, "country": "KAZ", "status": "planned"}}, {"type": "Feature", "id": 722, "geometry": {"type": "Point", "coordinates": [52.577, 43.736]}, "properties": {"name": "Hyrasia One solar farm", "fuel": "solar", "mw": 1300.0, "country": "KAZ", "status": "planned"}}, {"type": "Feature", "id": 723, "geometry": {"type": "Point", "coordinates": [70.829, 39.956]}, "properties": {"name": "Kyrgyzstan Pilot Project solar farm", "fuel": "solar", "mw": 100.0, "country": "KGZ", "status": "planned"}}, {"type": "Feature", "id": 724, "geometry": {"type": "Point", "coordinates": [72.209, 42.418]}, "properties": {"name": "Kyrgyzstan Pilot Project solar farm", "fuel": "solar", "mw": 150.0, "country": "KGZ", "status": "planned"}}, {"type": "Feature", "id": 725, "geometry": {"type": "Point", "coordinates": [76.183, 42.485]}, "properties": {"name": "Balykchy solar farm", "fuel": "solar", "mw": 400.0, "country": "KGZ", "status": "planned"}}, {"type": "Feature", "id": 726, "geometry": {"type": "Point", "coordinates": [68.594, 37.206]}, "properties": {"name": "Panj solar farm", "fuel": "solar", "mw": 200.0, "country": "TJK", "status": "planned"}}, {"type": "Feature", "id": 727, "geometry": {"type": "Point", "coordinates": [70.656, 41.254]}, "properties": {"name": "Hyper Partners solar farm", "fuel": "solar", "mw": 500.0, "country": "UZB", "status": "planned"}}, {"type": "Feature", "id": 728, "geometry": {"type": "Point", "coordinates": [70.577, 41.296]}, "properties": {"name": "Tepelen Group solar farm", "fuel": "solar", "mw": 500.0, "country": "UZB", "status": "planned"}}, {"type": "Feature", "id": 729, "geometry": {"type": "Point", "coordinates": [52.757, 43.417]}, "properties": {"name": "Zhanaozen wind farm", "fuel": "wind", "mw": 77.0, "country": "KAZ", "status": "planned"}}, {"type": "Feature", "id": 730, "geometry": {"type": "Point", "coordinates": [55.284, 43.396]}, "properties": {"name": "Hyrasia One wind farm", "fuel": "wind", "mw": 4000.0, "country": "KAZ", "status": "planned"}}, {"type": "Feature", "id": 731, "geometry": {"type": "Point", "coordinates": [54.68, 42.33]}, "properties": {"name": "Hyrasia One wind farm", "fuel": "wind", "mw": 11000.0, "country": "KAZ", "status": "planned"}}, {"type": "Feature", "id": 732, "geometry": {"type": "Point", "coordinates": [53.041, 42.382]}, "properties": {"name": "Hyrasia One wind farm", "fuel": "wind", "mw": 5200.0, "country": "KAZ", "status": "planned"}}, {"type": "Feature", "id": 733, "geometry": {"type": "Point", "coordinates": [52.525, 43.169]}, "properties": {"name": "Hyrasia One wind farm", "fuel": "wind", "mw": 3700.0, "country": "KAZ", "status": "planned"}}, {"type": "Feature", "id": 734, "geometry": {"type": "Point", "coordinates": [52.628, 43.711]}, "properties": {"name": "Hyrasia One wind farm", "fuel": "wind", "mw": 3000.0, "country": "KAZ", "status": "planned"}}, {"type": "Feature", "id": 735, "geometry": {"type": "Point", "coordinates": [72.954, 51.554]}, "properties": {"name": "Golden Energy wind farm", "fuel": "wind", "mw": 30.0, "country": "KAZ", "status": "operating"}}, {"type": "Feature", "id": 736, "geometry": {"type": "Point", "coordinates": [63.536, 51.021]}, "properties": {"name": "EcoWind wind farm", "fuel": "wind", "mw": 200.0, "country": "KAZ", "status": "planned"}}, {"type": "Feature", "id": 737, "geometry": {"type": "Point", "coordinates": [80.071, 48.947]}, "properties": {"name": "Shual wind farm", "fuel": "wind", "mw": 10.0, "country": "KAZ", "status": "planned"}}, {"type": "Feature", "id": 738, "geometry": {"type": "Point", "coordinates": [79.862, 49.32]}, "properties": {"name": "Neptune Wind wind farm", "fuel": "wind", "mw": 90.0, "country": "KAZ", "status": "planned"}}, {"type": "Feature", "id": 739, "geometry": {"type": "Point", "coordinates": [76.464, 42.576]}, "properties": {"name": "Issyk-Kul wind farm", "fuel": "wind", "mw": 100.0, "country": "KGZ", "status": "construction"}}, {"type": "Feature", "id": 740, "geometry": {"type": "Point", "coordinates": [70.868, 39.956]}, "properties": {"name": "Batken wind farm", "fuel": "wind", "mw": 80.0, "country": "KGZ", "status": "planned"}}, {"type": "Feature", "id": 741, "geometry": {"type": "Point", "coordinates": [61.183, 43.238]}, "properties": {"name": "AMEA Karakalpakstan wind farm", "fuel": "wind", "mw": 1000.0, "country": "UZB", "status": "planned"}}, {"type": "Feature", "id": 742, "geometry": {"type": "Point", "coordinates": [64.767, 40.6]}, "properties": {"name": "Gijduvon wind farm", "fuel": "wind", "mw": 52.0, "country": "UZB", "status": "planned"}}, {"type": "Feature", "id": 743, "geometry": {"type": "Point", "coordinates": [64.736, 42.77]}, "properties": {"name": "Navoi wind farm", "fuel": "wind", "mw": 1000.0, "country": "UZB", "status": "planned"}}, {"type": "Feature", "id": 744, "geometry": {"type": "Point", "coordinates": [65.954, 39.716]}, "properties": {"name": "Samarkand wind farm", "fuel": "wind", "mw": 250.0, "country": "UZB", "status": "planned"}}, {"type": "Feature", "id": 745, "geometry": {"type": "Point", "coordinates": [67.576, 40.186]}, "properties": {"name": "Jizzakh wind farm", "fuel": "wind", "mw": 250.0, "country": "UZB", "status": "planned"}}, {"type": "Feature", "id": 746, "geometry": {"type": "Point", "coordinates": [57.06, 43.723]}, "properties": {"name": "Kungrad wind farm", "fuel": "wind", "mw": 500.0, "country": "UZB", "status": "planned"}}, {"type": "Feature", "id": 747, "geometry": {"type": "Point", "coordinates": [60.985, 43.101]}, "properties": {"name": "Aral wind farm", "fuel": "wind", "mw": 1000.0, "country": "UZB", "status": "planned"}}, {"type": "Feature", "id": 748, "geometry": {"type": "Point", "coordinates": [60.985, 43.101]}, "properties": {"name": "Aral wind farm", "fuel": "wind", "mw": 1000.0, "country": "UZB", "status": "planned"}}, {"type": "Feature", "id": 749, "geometry": {"type": "Point", "coordinates": [60.985, 43.101]}, "properties": {"name": "Aral wind farm", "fuel": "wind", "mw": 1000.0, "country": "UZB", "status": "planned"}}, {"type": "Feature", "id": 750, "geometry": {"type": "Point", "coordinates": [60.985, 43.101]}, "properties": {"name": "Aral wind farm", "fuel": "wind", "mw": 1000.0, "country": "UZB", "status": "planned"}}, {"type": "Feature", "id": 751, "geometry": {"type": "Point", "coordinates": [60.985, 43.101]}, "properties": {"name": "Aral wind farm", "fuel": "wind", "mw": 1000.0, "country": "UZB", "status": "planned"}}, {"type": "Feature", "id": 752, "geometry": {"type": "Point", "coordinates": [58.579, 43.789]}, "properties": {"name": "Karatau wind farm", "fuel": "wind", "mw": 200.0, "country": "UZB", "status": "planned"}}, {"type": "Feature", "id": 753, "geometry": {"type": "Point", "coordinates": [72.522, 40.784]}, "properties": {"name": "Andijan (Zarubezhneft) solar farm", "fuel": "solar", "mw": 18.0, "country": "UZB", "status": "planned"}}, {"type": "Feature", "id": 754, "geometry": {"type": "Point", "coordinates": [72.522, 40.784]}, "properties": {"name": "Andijan (Zarubezhneft) solar farm", "fuel": "solar", "mw": 82.0, "country": "UZB", "status": "planned"}}, {"type": "Feature", "id": 755, "geometry": {"type": "Point", "coordinates": [69.321, 28.048]}, "properties": {"name": "JDW Sugar Mill power station", "fuel": "biomass", "mw": 26.6, "country": "PAK", "status": "operating"}}, {"type": "Feature", "id": 756, "geometry": {"type": "Point", "coordinates": [69.321, 28.048]}, "properties": {"name": "JDW Sugar Mill power station", "fuel": "biomass", "mw": 26.6, "country": "PAK", "status": "operating"}}, {"type": "Feature", "id": 757, "geometry": {"type": "Point", "coordinates": [70.744, 28.688]}, "properties": {"name": "Hamza Sugar Biomass power station", "fuel": "biomass", "mw": 60.0, "country": "PAK", "status": "operating"}}, {"type": "Feature", "id": 758, "geometry": {"type": "Point", "coordinates": [67.8, 24.91]}, "properties": {"name": "Liberty wind farm (Pakistan)", "fuel": "wind", "mw": 50.0, "country": "PAK", "status": "operating"}}, {"type": "Feature", "id": 759, "geometry": {"type": "Point", "coordinates": [67.8, 24.91]}, "properties": {"name": "Liberty wind farm (Pakistan)", "fuel": "wind", "mw": 50.0, "country": "PAK", "status": "operating"}}, {"type": "Feature", "id": 760, "geometry": {"type": "Point", "coordinates": [69.479, 34.556]}, "properties": {"name": "Mahipar hydroelectric plant", "fuel": "hydro", "mw": 66.0, "country": "AFG", "status": "operating"}}, {"type": "Feature", "id": 761, "geometry": {"type": "Point", "coordinates": [69.681, 41.554]}, "properties": {"name": "Tavak hydroelectric plant", "fuel": "hydro", "mw": 70.0, "country": "UZB", "status": "operating"}}, {"type": "Feature", "id": 762, "geometry": {"type": "Point", "coordinates": [69.242, 39.753]}, "properties": {"name": "Sughd Region solar farm", "fuel": "solar", "mw": 200.0, "country": "TJK", "status": "planned"}}, {"type": "Feature", "id": 763, "geometry": {"type": "Point", "coordinates": [69.661, 42.3]}, "properties": {"name": "Aksa Enerji Shymkent power station", "fuel": "gas", "mw": 500.0, "country": "KAZ", "status": "planned"}}, {"type": "Feature", "id": 764, "geometry": {"type": "Point", "coordinates": [57.145, 50.355]}, "properties": {"name": "Aktobe Generatsiya steel plant power station", "fuel": "gas", "mw": 85.0, "country": "KAZ", "status": "planned"}}, {"type": "Feature", "id": 765, "geometry": {"type": "Point", "coordinates": [69.537, 42.39]}, "properties": {"name": "Shymkent solar project", "fuel": "solar", "mw": 1.8, "country": "KAZ", "status": "operating"}}, {"type": "Feature", "id": 766, "geometry": {"type": "Point", "coordinates": [75.189, 43.547]}, "properties": {"name": "Qorday District solar project", "fuel": "solar", "mw": 1.4, "country": "KAZ", "status": "operating"}}, {"type": "Feature", "id": 767, "geometry": {"type": "Point", "coordinates": [77.083, 43.893]}, "properties": {"name": "Almaty Region solar project I", "fuel": "solar", "mw": 1.7, "country": "KAZ", "status": "operating"}}, {"type": "Feature", "id": 768, "geometry": {"type": "Point", "coordinates": [69.357, 42.398]}, "properties": {"name": "Shymkent Ordabasy District solar project", "fuel": "solar", "mw": 2.9, "country": "KAZ", "status": "operating"}}, {"type": "Feature", "id": 769, "geometry": {"type": "Point", "coordinates": [77.701, 43.907]}, "properties": {"name": "Almaty Region solar project II", "fuel": "solar", "mw": 5.3, "country": "KAZ", "status": "operating"}}, {"type": "Feature", "id": 770, "geometry": {"type": "Point", "coordinates": [68.316, 40.747]}, "properties": {"name": "Zhetisay District solar project", "fuel": "solar", "mw": 5.3, "country": "KAZ", "status": "operating"}}, {"type": "Feature", "id": 771, "geometry": {"type": "Point", "coordinates": [77.96, 45.243]}, "properties": {"name": "Qaratal District solar project", "fuel": "solar", "mw": 4.5, "country": "KAZ", "status": "operating"}}, {"type": "Feature", "id": 772, "geometry": {"type": "Point", "coordinates": [51.35, 43.594]}, "properties": {"name": "Munaily District solar project", "fuel": "solar", "mw": 3.6, "country": "KAZ", "status": "operating"}}, {"type": "Feature", "id": 773, "geometry": {"type": "Point", "coordinates": [77.156, 43.341]}, "properties": {"name": "Almaty Talgar District solar project", "fuel": "solar", "mw": 1.7, "country": "KAZ", "status": "operating"}}, {"type": "Feature", "id": 774, "geometry": {"type": "Point", "coordinates": [71.783, 40.451]}, "properties": {"name": "Fergana City solar project", "fuel": "solar", "mw": 1.5, "country": "UZB", "status": "operating"}}, {"type": "Feature", "id": 775, "geometry": {"type": "Point", "coordinates": [64.4, 39.0]}, "properties": {"name": "Olot District solar project", "fuel": "solar", "mw": 14.3, "country": "UZB", "status": "operating"}}, {"type": "Feature", "id": 776, "geometry": {"type": "Point", "coordinates": [60.435, 42.165]}, "properties": {"name": "Qara\u00f3zek Rayon\u0131 solar project", "fuel": "solar", "mw": 6.8, "country": "UZB", "status": "operating"}}, {"type": "Feature", "id": 777, "geometry": {"type": "Point", "coordinates": [57.666, 43.209]}, "properties": {"name": "Qo\u0144\u0131rat Rayon\u0131 solar project", "fuel": "solar", "mw": 9.5, "country": "UZB", "status": "operating"}}, {"type": "Feature", "id": 778, "geometry": {"type": "Point", "coordinates": [69.402, 40.915]}, "properties": {"name": "Piskent District solar project", "fuel": "solar", "mw": 7.9, "country": "UZB", "status": "operating"}}, {"type": "Feature", "id": 779, "geometry": {"type": "Point", "coordinates": [67.916, 39.726]}, "properties": {"name": "Baxmal Tumani solar project", "fuel": "solar", "mw": 1.8, "country": "UZB", "status": "operating"}}, {"type": "Feature", "id": 780, "geometry": {"type": "Point", "coordinates": [69.741, 41.314]}, "properties": {"name": "Parkent District solar project", "fuel": "solar", "mw": 1.2, "country": "UZB", "status": "operating"}}, {"type": "Feature", "id": 781, "geometry": {"type": "Point", "coordinates": [61.757, 31.625]}, "properties": {"name": "Kang solar project", "fuel": "solar", "mw": 9.5, "country": "AFG", "status": "operating"}}, {"type": "Feature", "id": 782, "geometry": {"type": "Point", "coordinates": [65.437, 32.922]}, "properties": {"name": "Shahidi Hassas solar project", "fuel": "solar", "mw": 1.0, "country": "AFG", "status": "operating"}}, {"type": "Feature", "id": 783, "geometry": {"type": "Point", "coordinates": [66.062, 34.378]}, "properties": {"name": "La\u2018L Wa Sar Jangal solar project", "fuel": "solar", "mw": 1.4, "country": "AFG", "status": "operating"}}, {"type": "Feature", "id": 784, "geometry": {"type": "Point", "coordinates": [65.854, 31.627]}, "properties": {"name": "Daman solar project", "fuel": "solar", "mw": 12.2, "country": "AFG", "status": "operating"}}, {"type": "Feature", "id": 785, "geometry": {"type": "Point", "coordinates": [62.217, 34.183]}, "properties": {"name": "Guzara solar project", "fuel": "solar", "mw": 1.3, "country": "AFG", "status": "operating"}}, {"type": "Feature", "id": 786, "geometry": {"type": "Point", "coordinates": [71.169, 37.834]}, "properties": {"name": "Shighnan solar project", "fuel": "solar", "mw": 1.0, "country": "AFG", "status": "operating"}}, {"type": "Feature", "id": 787, "geometry": {"type": "Point", "coordinates": [67.835, 34.801]}, "properties": {"name": "Bamian Bamyan solar project", "fuel": "solar", "mw": 1.6, "country": "AFG", "status": "operating"}}, {"type": "Feature", "id": 788, "geometry": {"type": "Point", "coordinates": [72.897, 30.581]}, "properties": {"name": "Harappa solar project", "fuel": "solar", "mw": 18.0, "country": "PAK", "status": "operating"}}, {"type": "Feature", "id": 789, "geometry": {"type": "Point", "coordinates": [72.768, 32.716]}, "properties": {"name": "Pakistan Punjab solar project II", "fuel": "solar", "mw": 14.0, "country": "PAK", "status": "operating"}}, {"type": "Feature", "id": 790, "geometry": {"type": "Point", "coordinates": [72.83, 33.833]}, "properties": {"name": "Haripur District solar project I", "fuel": "solar", "mw": 13.3, "country": "PAK", "status": "operating"}}, {"type": "Feature", "id": 791, "geometry": {"type": "Point", "coordinates": [71.602, 32.901]}, "properties": {"name": "Pakistan Punjab solar project III", "fuel": "solar", "mw": 12.7, "country": "PAK", "status": "operating"}}, {"type": "Feature", "id": 792, "geometry": {"type": "Point", "coordinates": [72.918, 32.72]}, "properties": {"name": "Pakistan Punjab solar project IV", "fuel": "solar", "mw": 12.1, "country": "PAK", "status": "operating"}}, {"type": "Feature", "id": 793, "geometry": {"type": "Point", "coordinates": [70.414, 31.457]}, "properties": {"name": "Dera Ismail Khan District solar project", "fuel": "solar", "mw": 11.3, "country": "PAK", "status": "operating"}}, {"type": "Feature", "id": 794, "geometry": {"type": "Point", "coordinates": [71.92, 33.904]}, "properties": {"name": "Nowshera District solar project", "fuel": "solar", "mw": 11.0, "country": "PAK", "status": "operating"}}, {"type": "Feature", "id": 795, "geometry": {"type": "Point", "coordinates": [72.875, 33.854]}, "properties": {"name": "Haripur District solar project II", "fuel": "solar", "mw": 9.7, "country": "PAK", "status": "operating"}}, {"type": "Feature", "id": 796, "geometry": {"type": "Point", "coordinates": [71.591, 32.83]}, "properties": {"name": "Pakistan Punjab solar project V", "fuel": "solar", "mw": 8.2, "country": "PAK", "status": "operating"}}, {"type": "Feature", "id": 797, "geometry": {"type": "Point", "coordinates": [73.284, 33.216]}, "properties": {"name": "Gujar Khan Rawalpindi District solar project", "fuel": "solar", "mw": 6.6, "country": "PAK", "status": "operating"}}, {"type": "Feature", "id": 798, "geometry": {"type": "Point", "coordinates": [68.406, 27.534]}, "properties": {"name": "Khairpur District solar project I", "fuel": "solar", "mw": 6.5, "country": "PAK", "status": "operating"}}, {"type": "Feature", "id": 799, "geometry": {"type": "Point", "coordinates": [71.539, 33.542]}, "properties": {"name": "Kohat District solar project", "fuel": "solar", "mw": 5.4, "country": "PAK", "status": "operating"}}, {"type": "Feature", "id": 800, "geometry": {"type": "Point", "coordinates": [72.977, 33.614]}, "properties": {"name": "Rawalpindi Rawalpindi District solar project I", "fuel": "solar", "mw": 4.9, "country": "PAK", "status": "operating"}}, {"type": "Feature", "id": 801, "geometry": {"type": "Point", "coordinates": [72.854, 33.694]}, "properties": {"name": "Islamabad Capital Territory solar project", "fuel": "solar", "mw": 4.6, "country": "PAK", "status": "operating"}}, {"type": "Feature", "id": 802, "geometry": {"type": "Point", "coordinates": [72.425, 33.79]}, "properties": {"name": "Attock District solar project", "fuel": "solar", "mw": 4.6, "country": "PAK", "status": "operating"}}, {"type": "Feature", "id": 803, "geometry": {"type": "Point", "coordinates": [67.506, 24.796]}, "properties": {"name": "Thatta District solar project", "fuel": "solar", "mw": 4.4, "country": "PAK", "status": "operating"}}, {"type": "Feature", "id": 804, "geometry": {"type": "Point", "coordinates": [67.99, 26.561]}, "properties": {"name": "Shaheed Benazirabad District solar project", "fuel": "solar", "mw": 4.0, "country": "PAK", "status": "operating"}}, {"type": "Feature", "id": 805, "geometry": {"type": "Point", "coordinates": [68.505, 27.664]}, "properties": {"name": "Khairpur District solar project II", "fuel": "solar", "mw": 4.0, "country": "PAK", "status": "operating"}}, {"type": "Feature", "id": 806, "geometry": {"type": "Point", "coordinates": [66.868, 25.052]}, "properties": {"name": "Hub Hub District solar project", "fuel": "solar", "mw": 3.7, "country": "PAK", "status": "operating"}}, {"type": "Feature", "id": 807, "geometry": {"type": "Point", "coordinates": [73.377, 31.879]}, "properties": {"name": "Pakistan Punjab solar project VI", "fuel": "solar", "mw": 3.6, "country": "PAK", "status": "operating"}}, {"type": "Feature", "id": 808, "geometry": {"type": "Point", "coordinates": [73.811, 31.578]}, "properties": {"name": "Pakistan Punjab solar project VII", "fuel": "solar", "mw": 3.5, "country": "PAK", "status": "operating"}}, {"type": "Feature", "id": 809, "geometry": {"type": "Point", "coordinates": [74.012, 31.257]}, "properties": {"name": "Kasur District solar project", "fuel": "solar", "mw": 3.5, "country": "PAK", "status": "operating"}}, {"type": "Feature", "id": 810, "geometry": {"type": "Point", "coordinates": [72.818, 32.729]}, "properties": {"name": "Pakistan Punjab solar project VIII", "fuel": "solar", "mw": 3.4, "country": "PAK", "status": "operating"}}, {"type": "Feature", "id": 811, "geometry": {"type": "Point", "coordinates": [72.972, 32.635]}, "properties": {"name": "Jhelum District solar project", "fuel": "solar", "mw": 3.4, "country": "PAK", "status": "operating"}}, {"type": "Feature", "id": 812, "geometry": {"type": "Point", "coordinates": [67.048, 30.201]}, "properties": {"name": "Quetta City Tehsil Quetta District solar project", "fuel": "solar", "mw": 3.3, "country": "PAK", "status": "operating"}}, {"type": "Feature", "id": 813, "geometry": {"type": "Point", "coordinates": [71.253, 30.081]}, "properties": {"name": "Muzaffargarh solar project I", "fuel": "solar", "mw": 2.2, "country": "PAK", "status": "operating"}}, {"type": "Feature", "id": 814, "geometry": {"type": "Point", "coordinates": [71.778, 29.379]}, "properties": {"name": "Bahawalpur City Tehsil Bahawalpur District solar project", "fuel": "solar", "mw": 2.2, "country": "PAK", "status": "operating"}}, {"type": "Feature", "id": 815, "geometry": {"type": "Point", "coordinates": [73.315, 31.452]}, "properties": {"name": "Pakistan Punjab solar project IX", "fuel": "solar", "mw": 1.8, "country": "PAK", "status": "operating"}}, {"type": "Feature", "id": 816, "geometry": {"type": "Point", "coordinates": [74.565, 32.534]}, "properties": {"name": "Pakistan Punjab solar project X", "fuel": "solar", "mw": 1.7, "country": "PAK", "status": "operating"}}, {"type": "Feature", "id": 817, "geometry": {"type": "Point", "coordinates": [71.441, 33.553]}, "properties": {"name": "Kohat Kohat District solar project", "fuel": "solar", "mw": 1.6, "country": "PAK", "status": "operating"}}, {"type": "Feature", "id": 818, "geometry": {"type": "Point", "coordinates": [72.931, 33.015]}, "properties": {"name": "Pakistan Punjab solar project XI", "fuel": "solar", "mw": 1.5, "country": "PAK", "status": "operating"}}, {"type": "Feature", "id": 819, "geometry": {"type": "Point", "coordinates": [67.574, 28.949]}, "properties": {"name": "Kachhi District solar project", "fuel": "solar", "mw": 1.5, "country": "PAK", "status": "operating"}}, {"type": "Feature", "id": 820, "geometry": {"type": "Point", "coordinates": [71.175, 30.082]}, "properties": {"name": "Muzaffargarh solar project II", "fuel": "solar", "mw": 1.4, "country": "PAK", "status": "operating"}}, {"type": "Feature", "id": 821, "geometry": {"type": "Point", "coordinates": [71.882, 30.377]}, "properties": {"name": "Pakistan Punjab solar project XII", "fuel": "solar", "mw": 1.4, "country": "PAK", "status": "operating"}}, {"type": "Feature", "id": 822, "geometry": {"type": "Point", "coordinates": [73.171, 31.585]}, "properties": {"name": "Pakistan Punjab solar project XIII", "fuel": "solar", "mw": 1.4, "country": "PAK", "status": "operating"}}, {"type": "Feature", "id": 823, "geometry": {"type": "Point", "coordinates": [74.087, 31.686]}, "properties": {"name": "Pakistan Punjab solar project XIV", "fuel": "solar", "mw": 1.4, "country": "PAK", "status": "operating"}}, {"type": "Feature", "id": 824, "geometry": {"type": "Point", "coordinates": [73.083, 33.559]}, "properties": {"name": "Rawalpindi Rawalpindi District solar project II", "fuel": "solar", "mw": 1.4, "country": "PAK", "status": "operating"}}, {"type": "Feature", "id": 825, "geometry": {"type": "Point", "coordinates": [74.382, 31.397]}, "properties": {"name": "Pakistan Punjab solar project XV", "fuel": "solar", "mw": 1.2, "country": "PAK", "status": "operating"}}, {"type": "Feature", "id": 826, "geometry": {"type": "Point", "coordinates": [71.614, 30.254]}, "properties": {"name": "Multan District solar project", "fuel": "solar", "mw": 1.1, "country": "PAK", "status": "operating"}}, {"type": "Feature", "id": 827, "geometry": {"type": "Point", "coordinates": [73.022, 33.697]}, "properties": {"name": "Islamabad solar project", "fuel": "solar", "mw": 1.0, "country": "PAK", "status": "operating"}}, {"type": "Feature", "id": 828, "geometry": {"type": "Point", "coordinates": [65.287, 39.184]}, "properties": {"name": "Mubarek power station", "fuel": "gas", "mw": 54.0, "country": "UZB", "status": "planned"}}, {"type": "Feature", "id": 829, "geometry": {"type": "Point", "coordinates": [65.287, 39.184]}, "properties": {"name": "Mubarek power station", "fuel": "gas", "mw": 54.0, "country": "UZB", "status": "planned"}}, {"type": "Feature", "id": 830, "geometry": {"type": "Point", "coordinates": [71.782, 40.449]}, "properties": {"name": "Fergana power station", "fuel": "gas", "mw": 100.0, "country": "UZB", "status": "construction"}}, {"type": "Feature", "id": 831, "geometry": {"type": "Point", "coordinates": [69.265, 41.331]}, "properties": {"name": "Uz-Kor Gas Chemical power station", "fuel": "gas", "mw": 96.8, "country": "UZB", "status": "operating"}}, {"type": "Feature", "id": 832, "geometry": {"type": "Point", "coordinates": [67.538, 24.718]}, "properties": {"name": "Oursun solar farm", "fuel": "solar", "mw": 50.0, "country": "PAK", "status": "operating"}}, {"type": "Feature", "id": 833, "geometry": {"type": "Point", "coordinates": [74.949, 46.829]}, "properties": {"name": "Kazakhmys Balkhash power station", "fuel": "coal", "mw": 50.0, "country": "KAZ", "status": "planned"}}, {"type": "Feature", "id": 834, "geometry": {"type": "Point", "coordinates": [72.032, 52.484]}, "properties": {"name": "Stepnogorsk power station", "fuel": "coal", "mw": 39.0, "country": "KAZ", "status": "planned"}}, {"type": "Feature", "id": 835, "geometry": {"type": "Point", "coordinates": [74.655, 42.872]}, "properties": {"name": "Bishkek power station", "fuel": "gas", "mw": 150.0, "country": "KGZ", "status": "planned"}}, {"type": "Feature", "id": 836, "geometry": {"type": "Point", "coordinates": [74.655, 42.872]}, "properties": {"name": "Bishkek power station", "fuel": "gas", "mw": 150.0, "country": "KGZ", "status": "planned"}}, {"type": "Feature", "id": 837, "geometry": {"type": "Point", "coordinates": [69.119, 53.243]}, "properties": {"name": "Yelikti wind farm", "fuel": "wind", "mw": 18.2, "country": "KAZ", "status": "operating"}}, {"type": "Feature", "id": 838, "geometry": {"type": "Point", "coordinates": [66.861, 50.326]}, "properties": {"name": "Arkalyk (Aqmola) wind farm", "fuel": "wind", "mw": 7.0, "country": "KAZ", "status": "operating"}}, {"type": "Feature", "id": 839, "geometry": {"type": "Point", "coordinates": [66.861, 50.326]}, "properties": {"name": "Arkalyk (Aqmola) wind farm", "fuel": "wind", "mw": 10.0, "country": "KAZ", "status": "operating"}}, {"type": "Feature", "id": 840, "geometry": {"type": "Point", "coordinates": [73.142, 51.589]}, "properties": {"name": "Vostok Veter wind farm", "fuel": "wind", "mw": 10.0, "country": "KAZ", "status": "operating"}}, {"type": "Feature", "id": 841, "geometry": {"type": "Point", "coordinates": [72.072, 51.29]}, "properties": {"name": "Energo Trust wind farm", "fuel": "wind", "mw": 50.0, "country": "KAZ", "status": "operating"}}, {"type": "Feature", "id": 842, "geometry": {"type": "Point", "coordinates": [72.072, 51.29]}, "properties": {"name": "Sofievskaya wind farm", "fuel": "wind", "mw": 39.0, "country": "KAZ", "status": "operating"}}, {"type": "Feature", "id": 843, "geometry": {"type": "Point", "coordinates": [72.072, 51.29]}, "properties": {"name": "Jasil Jel Energy wind farm", "fuel": "wind", "mw": 10.0, "country": "KAZ", "status": "operating"}}, {"type": "Feature", "id": 844, "geometry": {"type": "Point", "coordinates": [72.072, 51.29]}, "properties": {"name": "Jasil Jel Energy wind farm", "fuel": "wind", "mw": 5.0, "country": "KAZ", "status": "operating"}}, {"type": "Feature", "id": 845, "geometry": {"type": "Point", "coordinates": [80.455, 46.144]}, "properties": {"name": "Dzhungarskiye Vorota wind farm", "fuel": "wind", "mw": 50.0, "country": "KAZ", "status": "operating"}}, {"type": "Feature", "id": 846, "geometry": {"type": "Point", "coordinates": [66.865, 50.324]}, "properties": {"name": "Arkalyk (Kostanay) wind farm", "fuel": "wind", "mw": 48.0, "country": "KAZ", "status": "operating"}}, {"type": "Feature", "id": 847, "geometry": {"type": "Point", "coordinates": [52.179, 43.448]}, "properties": {"name": "Munayshi wind farm", "fuel": "wind", "mw": 50.0, "country": "KAZ", "status": "planned"}}, {"type": "Feature", "id": 848, "geometry": {"type": "Point", "coordinates": [71.63, 44.158]}, "properties": {"name": "Jambyl solar farm", "fuel": "solar", "mw": 20.0, "country": "KAZ", "status": "operating"}}, {"type": "Feature", "id": 849, "geometry": {"type": "Point", "coordinates": [74.795, 36.29]}, "properties": {"name": "Attabad Lake hydroelectric plant", "fuel": "hydro", "mw": 54.0, "country": "PAK", "status": "planned"}}, {"type": "Feature", "id": 850, "geometry": {"type": "Point", "coordinates": [73.918, 34.593]}, "properties": {"name": "Jaggran-II hydroelectric plant", "fuel": "hydro", "mw": 48.0, "country": "PAK", "status": "construction"}}, {"type": "Feature", "id": 851, "geometry": {"type": "Point", "coordinates": [75.043, 35.776]}, "properties": {"name": "Gilgit KIU hydroelectric plant", "fuel": "hydro", "mw": 100.0, "country": "PAK", "status": "planned"}}, {"type": "Feature", "id": 852, "geometry": {"type": "Point", "coordinates": [72.173, 35.578]}, "properties": {"name": "Artistic I hydroelectric plant", "fuel": "hydro", "mw": 63.0, "country": "PAK", "status": "planned"}}, {"type": "Feature", "id": 853, "geometry": {"type": "Point", "coordinates": [72.678, 35.584]}, "properties": {"name": "Artistic II hydroelectric plant", "fuel": "hydro", "mw": 60.0, "country": "PAK", "status": "planned"}}, {"type": "Feature", "id": 854, "geometry": {"type": "Point", "coordinates": [71.791, 35.559]}, "properties": {"name": "Lawi hydroelectric plant", "fuel": "hydro", "mw": 69.0, "country": "PAK", "status": "construction"}}, {"type": "Feature", "id": 855, "geometry": {"type": "Point", "coordinates": [71.803, 35.594]}, "properties": {"name": "Gahrit-Swir Lasht hydroelectric plant", "fuel": "hydro", "mw": 377.0, "country": "PAK", "status": "planned"}}, {"type": "Feature", "id": 856, "geometry": {"type": "Point", "coordinates": [76.29, 41.45]}, "properties": {"name": "Naryn 1 hydroelectric plant", "fuel": "hydro", "mw": 48.0, "country": "KGZ", "status": "planned"}}, {"type": "Feature", "id": 857, "geometry": {"type": "Point", "coordinates": [76.249, 41.458]}, "properties": {"name": "Naryn 2 hydroelectric plant", "fuel": "hydro", "mw": 48.0, "country": "KGZ", "status": "planned"}}, {"type": "Feature", "id": 858, "geometry": {"type": "Point", "coordinates": [76.23, 41.457]}, "properties": {"name": "Naryn 3 hydroelectric plant", "fuel": "hydro", "mw": 55.0, "country": "KGZ", "status": "planned"}}, {"type": "Feature", "id": 859, "geometry": {"type": "Point", "coordinates": [71.6, 42.665]}, "properties": {"name": "Bala-Saruu hydroelectric plant", "fuel": "hydro", "mw": 25.0, "country": "KGZ", "status": "operating"}}, {"type": "Feature", "id": 860, "geometry": {"type": "Point", "coordinates": [73.062, 40.769]}, "properties": {"name": "Andijan hydroelectric plant", "fuel": "hydro", "mw": 50.0, "country": "UZB", "status": "operating"}}, {"type": "Feature", "id": 861, "geometry": {"type": "Point", "coordinates": [66.458, 39.01]}, "properties": {"name": "Gissarak hydroelectric plant", "fuel": "hydro", "mw": 45.0, "country": "UZB", "status": "operating"}}, {"type": "Feature", "id": 862, "geometry": {"type": "Point", "coordinates": [69.695, 41.538]}, "properties": {"name": "Akbulak hydroelectric plant", "fuel": "hydro", "mw": 60.0, "country": "UZB", "status": "planned"}}, {"type": "Feature", "id": 863, "geometry": {"type": "Point", "coordinates": [57.134, 50.338]}, "properties": {"name": "Aktobe Ferroalloy Plant power station", "fuel": "gas", "mw": 80.0, "country": "KAZ", "status": "planned"}}, {"type": "Feature", "id": 864, "geometry": {"type": "Point", "coordinates": [69.771, 38.682]}, "properties": {"name": "Rogun hydroelectric plant", "fuel": "hydro", "mw": 2400.0, "country": "TJK", "status": "construction"}}, {"type": "Feature", "id": 865, "geometry": {"type": "Point", "coordinates": [65.12, 32.323]}, "properties": {"name": "Kajaki I hydroelectric plant", "fuel": "hydro", "mw": 52.0, "country": "AFG", "status": "operating"}}, {"type": "Feature", "id": 866, "geometry": {"type": "Point", "coordinates": [80.808, 50.355]}, "properties": {"name": "Semipalatinsk hydroelectric plant", "fuel": "hydro", "mw": 300.0, "country": "KAZ", "status": "planned"}}, {"type": "Feature", "id": 867, "geometry": {"type": "Point", "coordinates": [81.071, 50.398]}, "properties": {"name": "Shulbi Stage 2 hydroelectric plant", "fuel": "hydro", "mw": 150.0, "country": "KAZ", "status": "planned"}}, {"type": "Feature", "id": 868, "geometry": {"type": "Point", "coordinates": [76.931, 43.281]}, "properties": {"name": "Almaty-1 power station", "fuel": "gas", "mw": 112.5, "country": "KAZ", "status": "planned"}}, {"type": "Feature", "id": 869, "geometry": {"type": "Point", "coordinates": [71.396, 42.897]}, "properties": {"name": "Taraz power station", "fuel": "gas", "mw": 50.0, "country": "KAZ", "status": "planned"}}, {"type": "Feature", "id": 870, "geometry": {"type": "Point", "coordinates": [76.875, 52.12]}, "properties": {"name": "Aksu power station", "fuel": "coal", "mw": 325.0, "country": "KAZ", "status": "planned"}}, {"type": "Feature", "id": 871, "geometry": {"type": "Point", "coordinates": [75.476, 52.024]}, "properties": {"name": "Ekibastuz-3 power station", "fuel": "coal", "mw": 660.0, "country": "KAZ", "status": "planned"}}, {"type": "Feature", "id": 872, "geometry": {"type": "Point", "coordinates": [75.476, 52.024]}, "properties": {"name": "Ekibastuz-3 power station", "fuel": "coal", "mw": 660.0, "country": "KAZ", "status": "planned"}}, {"type": "Feature", "id": 873, "geometry": {"type": "Point", "coordinates": [82.77, 50.03]}, "properties": {"name": "Sogrinsk power station", "fuel": "coal", "mw": 30.0, "country": "KAZ", "status": "planned"}}, {"type": "Feature", "id": 874, "geometry": {"type": "Point", "coordinates": [69.308, 34.718]}, "properties": {"name": "North West Kabul thermal power plant", "fuel": "gas", "mw": 95.0, "country": "AFG", "status": "operating"}}, {"type": "Feature", "id": 875, "geometry": {"type": "Point", "coordinates": [65.757, 36.685]}, "properties": {"name": "Sheberghan power plant", "fuel": "gas", "mw": 50.0, "country": "AFG", "status": "construction"}}, {"type": "Feature", "id": 876, "geometry": {"type": "Point", "coordinates": [65.46, 37.231]}, "properties": {"name": "Tuti-Maidan power plant", "fuel": "gas", "mw": 100.0, "country": "AFG", "status": "planned"}}, {"type": "Feature", "id": 877, "geometry": {"type": "Point", "coordinates": [67.987, 26.557]}, "properties": {"name": "Al-Noor Sugar Mill power station", "fuel": "biomass", "mw": 22.0, "country": "PAK", "status": "operating"}}, {"type": "Feature", "id": 878, "geometry": {"type": "Point", "coordinates": [68.658, 24.994]}, "properties": {"name": "Ansari Sugar power station", "fuel": "biomass", "mw": 30.0, "country": "PAK", "status": "operating"}}, {"type": "Feature", "id": 879, "geometry": {"type": "Point", "coordinates": [68.317, 26.607]}, "properties": {"name": "Bandhi Sugar Mill power station", "fuel": "biomass", "mw": 12.0, "country": "PAK", "status": "operating"}}, {"type": "Feature", "id": 880, "geometry": {"type": "Point", "coordinates": [70.977, 32.039]}, "properties": {"name": "Almoiz power station", "fuel": "biomass", "mw": 15.0, "country": "PAK", "status": "operating"}}, {"type": "Feature", "id": 881, "geometry": {"type": "Point", "coordinates": [70.977, 32.039]}, "properties": {"name": "Almoiz power station", "fuel": "biomass", "mw": 12.0, "country": "PAK", "status": "operating"}}, {"type": "Feature", "id": 882, "geometry": {"type": "Point", "coordinates": [68.713, 25.488]}, "properties": {"name": "Mehran Sugar power station", "fuel": "biomass", "mw": 26.5, "country": "PAK", "status": "operating"}}, {"type": "Feature", "id": 883, "geometry": {"type": "Point", "coordinates": [70.784, 28.993]}, "properties": {"name": "RYK Sugar Mill power station", "fuel": "biomass", "mw": 18.0, "country": "PAK", "status": "operating"}}, {"type": "Feature", "id": 884, "geometry": {"type": "Point", "coordinates": [73.148, 30.975]}, "properties": {"name": "Tandlianwala Chanar power statin", "fuel": "biomass", "mw": 30.0, "country": "PAK", "status": "operating"}}, {"type": "Feature", "id": 885, "geometry": {"type": "Point", "coordinates": [67.158, 40.708]}, "properties": {"name": "Jizzakh nuclear power plant", "fuel": "nuclear", "mw": 55.0, "country": "UZB", "status": "planned"}}, {"type": "Feature", "id": 886, "geometry": {"type": "Point", "coordinates": [67.158, 40.708]}, "properties": {"name": "Jizzakh nuclear power plant", "fuel": "nuclear", "mw": 55.0, "country": "UZB", "status": "planned"}}, {"type": "Feature", "id": 887, "geometry": {"type": "Point", "coordinates": [67.158, 40.708]}, "properties": {"name": "Jizzakh nuclear power plant", "fuel": "nuclear", "mw": 55.0, "country": "UZB", "status": "planned"}}, {"type": "Feature", "id": 888, "geometry": {"type": "Point", "coordinates": [67.158, 40.708]}, "properties": {"name": "Jizzakh nuclear power plant", "fuel": "nuclear", "mw": 55.0, "country": "UZB", "status": "planned"}}, {"type": "Feature", "id": 889, "geometry": {"type": "Point", "coordinates": [67.158, 40.708]}, "properties": {"name": "Jizzakh nuclear power plant", "fuel": "nuclear", "mw": 55.0, "country": "UZB", "status": "planned"}}, {"type": "Feature", "id": 890, "geometry": {"type": "Point", "coordinates": [67.158, 40.708]}, "properties": {"name": "Jizzakh nuclear power plant", "fuel": "nuclear", "mw": 55.0, "country": "UZB", "status": "planned"}}, {"type": "Feature", "id": 891, "geometry": {"type": "Point", "coordinates": [74.973, 46.859]}, "properties": {"name": "Balkhash nuclear power plant", "fuel": "nuclear", "mw": 1200.0, "country": "KAZ", "status": "planned"}}, {"type": "Feature", "id": 892, "geometry": {"type": "Point", "coordinates": [74.973, 46.859]}, "properties": {"name": "Balkhash nuclear power plant", "fuel": "nuclear", "mw": 1200.0, "country": "KAZ", "status": "planned"}}, {"type": "Feature", "id": 893, "geometry": {"type": "Point", "coordinates": [74.973, 46.859]}, "properties": {"name": "Balkhash nuclear power plant", "fuel": "nuclear", "mw": 1200.0, "country": "KAZ", "status": "planned"}}, {"type": "Feature", "id": 894, "geometry": {"type": "Point", "coordinates": [74.973, 46.859]}, "properties": {"name": "Balkhash nuclear power plant", "fuel": "nuclear", "mw": 1200.0, "country": "KAZ", "status": "planned"}}, {"type": "Feature", "id": 895, "geometry": {"type": "Point", "coordinates": [74.848, 42.88]}, "properties": {"name": "Kyrgyzstan nuclear power plant", "fuel": "nuclear", "mw": 55.0, "country": "KGZ", "status": "planned"}}, {"type": "Feature", "id": 896, "geometry": {"type": "Point", "coordinates": [74.848, 42.88]}, "properties": {"name": "Kyrgyzstan nuclear power plant", "fuel": "nuclear", "mw": 55.0, "country": "KGZ", "status": "planned"}}]}