{"type": "FeatureCollection", "name": "region_admin1_balkans", "source": "World Bank Global Administrative Divisions (WB-GAD), ADM1", "license": "CC BY 4.0", "features": [{"type": "Feature", "properties": {"ISO_A3": "ALB", "name": "Berat", "wb_status": "Member State"}, "geometry": {"type": "Polygon", "coordinates": [[[19.73, 40.8144], [19.7363, 40.7805], [19.7642, 40.7619], [19.7551, 40.742], [19.7526, 40.7149], [19.767, 40.7068], [19.7971, 40.7037], [19.806, 40.6686], [19.8339, 40.6515], [19.8388, 40.6392], [19.8085, 40.6267], [19.8237, 40.616], [19.8327, 40.5935], [19.836, 40.575], [19.8607, 40.5565], [19.8992, 40.5509], [19.904, 40.531], [19.9277, 40.5171], [19.9461, 40.5136], [19.9802, 40.5169], [19.9902, 40.506], [20.0223, 40.4914], [20.0437, 40.503], [20.0626, 40.49], [20.074, 40.5131], [20.0743, 40.5242], [20.0928, 40.5369], [20.0638, 40.5578], [20.0666, 40.5726], [20.0968, 40.5936], [20.0731, 40.5999], [20.0503, 40.6198], [20.0675, 40.6298], [20.0945, 40.6282], [20.1198, 40.6317], [20.1376, 40.6455], [20.1375, 40.6882], [20.1238, 40.7104], [20.1269, 40.7343], [20.1458, 40.7478], [20.1459, 40.7654], [20.1117, 40.7665], [20.101, 40.7721], [20.0808, 40.794], [20.0677, 40.8196], [20.0577, 40.8239], [20.0138, 40.8251], [20.0177, 40.8534], [20.0122, 40.8638], [20.0172, 40.8781], [19.9958, 40.8848], [19.9699, 40.8717], [19.9623, 40.8603], [19.9631, 40.8374], [19.9463, 40.8291], [19.9522, 40.8011], [19.9172, 40.7778], [19.8993, 40.7773], [19.8856, 40.7897], [19.8666, 40.7831], [19.8693, 40.7981], [19.8422, 40.8322], [19.8191, 40.8441], [19.8343, 40.8539], [19.8218, 40.8626], [19.8063, 40.8537], [19.7709, 40.8509], [19.7629, 40.836], [19.7521, 40.8212], [19.73, 40.8144]]]}}, {"type": "Feature", "properties": {"ISO_A3": "ALB", "name": "Bulqize", "wb_status": "Member State"}, "geometry": {"type": "Polygon", "coordinates": [[[20.2098, 41.5598], [20.2028, 41.54], [20.1824, 41.527], [20.1694, 41.5084], [20.1699, 41.4923], [20.186, 41.4759], [20.2113, 41.4699], [20.2021, 41.4619], [20.1731, 41.4607], [20.1308, 41.4534], [20.1201, 41.4243], [20.107, 41.4064], [20.1351, 41.3897], [20.1526, 41.3665], [20.171, 41.3689], [20.2343, 41.3505], [20.2514, 41.3538], [20.2855, 41.376], [20.3081, 41.3778], [20.3191, 41.3707], [20.3623, 41.374], [20.3976, 41.3925], [20.4302, 41.3851], [20.4475, 41.3927], [20.4404, 41.3856], [20.442, 41.3542], [20.4694, 41.3399], [20.4767, 41.3235], [20.4994, 41.3204], [20.4914, 41.3324], [20.5024, 41.3471], [20.5198, 41.3375], [20.5271, 41.3537], [20.5513, 41.3766], [20.5601, 41.4084], [20.5318, 41.4362], [20.5134, 41.4377], [20.4944, 41.491], [20.4694, 41.4973], [20.4543, 41.5227], [20.473, 41.532], [20.4619, 41.5559], [20.4365, 41.5586], [20.4235, 41.5693], [20.4315, 41.5926], [20.4248, 41.6116], [20.4086, 41.6157], [20.3396, 41.614], [20.331, 41.61], [20.3224, 41.602], [20.3154, 41.5751], [20.2827, 41.5722], [20.2374, 41.5614], [20.2098, 41.5598]]]}}, {"type": "Feature", "properties": {"ISO_A3": "ALB", "name": "Delvine", "wb_status": "Member State"}, "geometry": {"type": "Polygon", "coordinates": [[[20.2403, 39.8715], [20.2383, 39.8899], [20.2098, 39.917], [20.2121, 39.9435], [20.1854, 39.9523], [20.1596, 39.9798], [20.1337, 39.9807], [20.1204, 39.986], [20.0957, 40.0158], [20.0556, 40.0402], [20.0486, 40.0496], [19.9907, 40.0647], [19.9623, 40.0525], [19.9385, 40.0721], [19.9239, 40.1084], [19.9234, 40.1156], [19.899, 40.0873], [19.8902, 40.0545], [19.9086, 40.0182], [19.9811, 39.9602], [19.9984, 39.9384], [19.9989, 39.9242], [20.0242, 39.8807], [20.0419, 39.8694], [20.0675, 39.8781], [20.0839, 39.8747], [20.1007, 39.859], [20.1114, 39.8787], [20.1611, 39.8912], [20.1977, 39.874], [20.2403, 39.8715]]]}}, {"type": "Feature", "properties": {"ISO_A3": "ALB", "name": "Devoll", "wb_status": "Member State"}, "geometry": {"type": "MultiPolygon", "coordinates": [[[[19.7458, 40.5912], [19.7468, 40.611], [19.7161, 40.6142], [19.7067, 40.5994], [19.744, 40.5831], [19.7458, 40.5912]]], [[[20.7946, 40.4334], [20.8222, 40.4398], [20.832, 40.4663], [20.8441, 40.4804], [20.874, 40.4719], [20.9055, 40.4764], [20.9318, 40.4625], [20.9556, 40.469], [20.9687, 40.4881], [20.964, 40.5067], [20.9706, 40.5206], [21.0001, 40.5356], [21.0094, 40.5513], [21.0417, 40.56], [21.0463, 40.578], [21.0401, 40.5917], [21.0564, 40.617], [21.0519, 40.6351], [21.0573, 40.6676], [21.0091, 40.7229], [20.9883, 40.7319], [20.9843, 40.746], [20.9003, 40.7588], [20.91, 40.7394], [20.8965, 40.7332], [20.8975, 40.7146], [20.8821, 40.7099], [20.8773, 40.6939], [20.8605, 40.6777], [20.8561, 40.6633], [20.8606, 40.6469], [20.8391, 40.6181], [20.8345, 40.6036], [20.842, 40.5886], [20.832, 40.5626], [20.8467, 40.5299], [20.8256, 40.5177], [20.7855, 40.5227], [20.775, 40.5181], [20.7599, 40.4998], [20.7749, 40.4929], [20.7723, 40.4546], [20.7946, 40.4334]], [[20.9605, 40.6384], [20.9875, 40.6458], [21.0146, 40.6412], [21.0226, 40.6312], [21.0077, 40.6182], [20.9752, 40.626], [20.9701, 40.6136], [20.9478, 40.6127], [20.9605, 40.6384]]]]}}, {"type": "Feature", "properties": {"ISO_A3": "ALB", "name": "Diber", "wb_status": "Member State"}, "geometry": {"type": "Polygon", "coordinates": [[[20.5623, 41.847], [20.5339, 41.8518], [20.5056, 41.84], [20.4748, 41.8602], [20.4375, 41.8612], [20.4022, 41.8517], [20.4123, 41.8403], [20.4066, 41.8281], [20.3842, 41.8213], [20.3562, 41.8218], [20.3323, 41.8504], [20.3357, 41.8922], [20.3218, 41.8982], [20.3104, 41.907], [20.2839, 41.8978], [20.2622, 41.8736], [20.2351, 41.8664], [20.22, 41.8683], [20.2182, 41.893], [20.2075, 41.9023], [20.207, 41.8847], [20.2025, 41.8662], [20.1721, 41.8563], [20.1639, 41.8394], [20.124, 41.8386], [20.1078, 41.832], [20.1635, 41.7994], [20.1647, 41.7705], [20.1545, 41.7666], [20.1622, 41.7411], [20.1586, 41.7206], [20.1636, 41.6971], [20.1858, 41.6729], [20.188, 41.6572], [20.1757, 41.6404], [20.1531, 41.623], [20.1752, 41.6029], [20.1943, 41.5932], [20.2081, 41.5609], [20.2098, 41.5598], [20.2374, 41.5614], [20.2827, 41.5722], [20.3154, 41.5751], [20.3224, 41.602], [20.331, 41.61], [20.3396, 41.614], [20.4086, 41.6157], [20.4248, 41.6116], [20.4315, 41.5926], [20.4235, 41.5693], [20.4365, 41.5586], [20.4619, 41.5559], [20.5255, 41.5662], [20.5576, 41.5816], [20.5448, 41.6217], [20.5259, 41.6405], [20.5165, 41.6619], [20.5297, 41.6868], [20.5272, 41.7047], [20.5146, 41.7304], [20.5312, 41.7645], [20.5317, 41.7767], [20.5638, 41.7861], [20.5734, 41.7977], [20.5612, 41.8271], [20.5623, 41.847]]]}}, {"type": "Feature", "properties": {"ISO_A3": "ALB", "name": "Durres", "wb_status": "Member State"}, "geometry": {"type": "Polygon", "coordinates": [[[19.5589, 41.579], [19.539, 41.5713], [19.5095, 41.5687], [19.4488, 41.5846], [19.469, 41.55], [19.5055, 41.5403], [19.5141, 41.5182], [19.5126, 41.4999], [19.5015, 41.4736], [19.488, 41.4571], [19.4621, 41.4383], [19.4486, 41.4325], [19.4381, 41.4069], [19.4162, 41.3977], [19.4223, 41.3754], [19.4201, 41.3246], [19.4339, 41.3117], [19.4798, 41.3115], [19.4989, 41.297], [19.5186, 41.2643], [19.5307, 41.269], [19.5638, 41.2622], [19.585, 41.2468], [19.5968, 41.2555], [19.6081, 41.2807], [19.64, 41.2987], [19.6393, 41.3291], [19.6348, 41.3427], [19.6447, 41.3635], [19.6257, 41.3678], [19.6152, 41.3821], [19.6195, 41.4081], [19.6197, 41.4408], [19.6183, 41.4505], [19.6023, 41.4703], [19.6064, 41.487], [19.6313, 41.511], [19.6204, 41.5193], [19.59, 41.5608], [19.5846, 41.5743], [19.5589, 41.579]]]}}, {"type": "Feature", "properties": {"ISO_A3": "ALB", "name": "Elbasan", "wb_status": "Member State"}, "geometry": {"type": "Polygon", "coordinates": [[[19.8617, 41.1678], [19.8727, 41.155], [19.8804, 41.133], [19.8746, 41.0997], [19.9, 41.0847], [19.8901, 41.0646], [19.8701, 41.0431], [19.8666, 41.0254], [19.8312, 41.0064], [19.811, 41.0046], [19.8149, 40.983], [19.8019, 40.9736], [19.8057, 40.9458], [19.8011, 40.9085], [19.8218, 40.8797], [19.8397, 40.8794], [19.8678, 40.8716], [19.8806, 40.8772], [19.9069, 40.8721], [19.9202, 40.8659], [19.958, 40.8752], [19.9699, 40.8717], [19.9958, 40.8848], [20.0172, 40.8781], [20.0548, 40.8838], [20.0651, 40.9029], [20.0688, 40.9368], [20.0559, 40.9495], [20.071, 40.9696], [20.0755, 40.9711], [20.0947, 40.9681], [20.1156, 40.952], [20.1807, 40.9617], [20.1974, 40.9448], [20.1976, 40.9303], [20.2303, 40.9454], [20.2627, 40.9436], [20.3066, 40.9573], [20.3203, 40.9755], [20.3427, 40.9925], [20.3321, 41.0108], [20.3372, 41.0363], [20.2965, 41.048], [20.284, 41.064], [20.2393, 41.096], [20.2185, 41.0975], [20.1938, 41.1157], [20.2089, 41.1298], [20.2273, 41.1341], [20.2168, 41.1972], [20.2271, 41.2068], [20.228, 41.228], [20.2159, 41.2538], [20.1976, 41.2652], [20.1911, 41.2832], [20.1669, 41.2848], [20.1494, 41.276], [20.1218, 41.2778], [20.1076, 41.2793], [20.083, 41.2621], [20.0669, 41.2545], [20.0487, 41.2656], [20.0315, 41.2634], [20.0123, 41.2449], [20.0139, 41.2357], [19.9822, 41.2073], [19.9666, 41.1956], [19.9371, 41.1874], [19.925, 41.178], [19.9002, 41.1794], [19.8765, 41.1691], [19.8617, 41.1678]]]}}, {"type": "Feature", "properties": {"ISO_A3": "ALB", "name": "Fier", "wb_status": "Member State"}, "geometry": {"type": "Polygon", "coordinates": [[[19.6321, 40.5554], [19.6572, 40.5901], [19.6498, 40.6316], [19.659, 40.6541], [19.6809, 40.6689], [19.7037, 40.6617], [19.7761, 40.6784], [19.7946, 40.674], [19.806, 40.6686], [19.7971, 40.7037], [19.767, 40.7068], [19.7526, 40.7149], [19.7551, 40.742], [19.7642, 40.7619], [19.7363, 40.7805], [19.73, 40.8144], [19.7195, 40.8135], [19.6919, 40.7785], [19.6798, 40.7757], [19.6623, 40.7894], [19.5907, 40.8155], [19.5837, 40.8485], [19.5907, 40.8654], [19.5139, 40.8657], [19.4938, 40.8731], [19.4741, 40.871], [19.4231, 40.8832], [19.4056, 40.892], [19.3972, 40.859], [19.3876, 40.8409], [19.361, 40.8259], [19.3747, 40.8111], [19.3757, 40.7912], [19.3666, 40.7214], [19.3446, 40.6863], [19.3149, 40.6696], [19.3131, 40.6528], [19.3463, 40.6651], [19.3956, 40.6497], [19.4096, 40.639], [19.4487, 40.654], [19.4675, 40.6333], [19.4757, 40.6135], [19.5125, 40.6082], [19.536, 40.5987], [19.5502, 40.5789], [19.5726, 40.5806], [19.5772, 40.5608], [19.6321, 40.5554]]]}}, {"type": "Feature", "properties": {"ISO_A3": "ALB", "name": "Gjirokaster", "wb_status": "Member State"}, "geometry": {"type": "Polygon", "coordinates": [[[19.9234, 40.1156], [19.9239, 40.1084], [19.9385, 40.0721], [19.9623, 40.0525], [19.9907, 40.0647], [20.0486, 40.0496], [20.0556, 40.0402], [20.0957, 40.0158], [20.1204, 39.986], [20.1337, 39.9807], [20.1596, 39.9798], [20.1854, 39.9523], [20.2121, 39.9435], [20.2098, 39.917], [20.2383, 39.8899], [20.2403, 39.8715], [20.2686, 39.8713], [20.2917, 39.8566], [20.2953, 39.8448], [20.2831, 39.83], [20.3003, 39.8107], [20.3455, 39.8044], [20.3674, 39.7889], [20.3919, 39.7884], [20.4145, 39.8142], [20.4161, 39.838], [20.3894, 39.8684], [20.3644, 39.9088], [20.3397, 39.9215], [20.3398, 39.9336], [20.3448, 39.9473], [20.312, 39.9898], [20.3309, 39.9936], [20.3757, 39.9894], [20.3935, 39.9962], [20.3976, 40.0168], [20.4144, 40.0348], [20.4103, 40.0512], [20.4542, 40.0745], [20.4486, 40.0896], [20.4183, 40.1196], [20.4141, 40.1294], [20.3767, 40.1481], [20.3401, 40.1745], [20.3184, 40.2033], [20.2751, 40.2162], [20.2291, 40.2379], [20.1926, 40.2604], [20.1568, 40.2478], [20.1378, 40.2305], [20.0856, 40.2189], [20.07, 40.2226], [20.0172, 40.2235], [19.9988, 40.213], [19.9849, 40.1961], [19.9412, 40.1962], [19.8929, 40.1861], [19.8723, 40.197], [19.8909, 40.1621], [19.8888, 40.1556], [19.9234, 40.1156]]]}}, {"type": "Feature", "properties": {"ISO_A3": "ALB", "name": "Gramsh", "wb_status": "Member State"}, "geometry": {"type": "Polygon", "coordinates": [[[20.4675, 40.805], [20.4362, 40.8551], [20.4034, 40.8804], [20.3888, 40.9051], [20.3809, 40.9272], [20.3751, 40.9397], [20.3817, 40.9602], [20.3613, 40.9867], [20.3427, 40.9925], [20.3203, 40.9755], [20.3066, 40.9573], [20.2627, 40.9436], [20.2303, 40.9454], [20.1976, 40.9303], [20.1974, 40.9448], [20.1807, 40.9617], [20.1156, 40.952], [20.0947, 40.9681], [20.0755, 40.9711], [20.071, 40.9696], [20.0559, 40.9495], [20.0688, 40.9368], [20.0651, 40.9029], [20.0548, 40.8838], [20.0172, 40.8781], [20.0122, 40.8638], [20.0177, 40.8534], [20.0138, 40.8251], [20.0577, 40.8239], [20.0677, 40.8196], [20.0808, 40.794], [20.101, 40.7721], [20.1117, 40.7665], [20.1459, 40.7654], [20.1458, 40.7478], [20.1724, 40.7326], [20.1989, 40.7377], [20.2151, 40.719], [20.2664, 40.7203], [20.2921, 40.7299], [20.2916, 40.7419], [20.3191, 40.7436], [20.3563, 40.7514], [20.4256, 40.7511], [20.4324, 40.7558], [20.4536, 40.7795], [20.4675, 40.805]]]}}, {"type": "Feature", "properties": {"ISO_A3": "ALB", "name": "Has", "wb_status": "Member State"}, "geometry": {"type": "Polygon", "coordinates": [[[20.2422, 42.1823], [20.2624, 42.1779], [20.278, 42.1725], [20.2909, 42.1551], [20.2841, 42.1344], [20.2944, 42.1303], [20.3088, 42.1054], [20.3356, 42.1048], [20.3423, 42.0952], [20.3642, 42.0986], [20.4017, 42.08], [20.4183, 42.1007], [20.4507, 42.1019], [20.517, 42.1519], [20.5427, 42.1664], [20.5251, 42.2072], [20.5141, 42.2243], [20.4769, 42.2535], [20.4564, 42.2723], [20.4024, 42.2863], [20.3948, 42.2986], [20.3581, 42.309], [20.3172, 42.2918], [20.3087, 42.2749], [20.283, 42.2543], [20.2272, 42.227], [20.2138, 42.1952], [20.2422, 42.1823]]]}}, {"type": "Feature", "properties": {"ISO_A3": "ALB", "name": "Kavaje", "wb_status": "Member State"}, "geometry": {"type": "Polygon", "coordinates": [[[19.5186, 41.2643], [19.5116, 41.228], [19.4837, 41.1981], [19.4747, 41.1732], [19.4608, 41.1494], [19.4367, 41.1461], [19.449, 41.1285], [19.4578, 41.094], [19.4524, 41.0575], [19.4414, 41.0422], [19.4425, 41.0184], [19.4804, 41.0514], [19.4916, 41.0354], [19.5099, 41.046], [19.5141, 41.0528], [19.5519, 41.047], [19.5549, 41.0583], [19.5968, 41.0735], [19.6227, 41.0618], [19.6322, 41.0605], [19.6678, 41.0734], [19.6712, 41.057], [19.6928, 41.0561], [19.7004, 41.0745], [19.6952, 41.0874], [19.7112, 41.0973], [19.7411, 41.104], [19.7453, 41.1269], [19.7439, 41.129], [19.725, 41.1375], [19.7051, 41.1353], [19.6985, 41.1481], [19.6874, 41.1784], [19.6752, 41.1893], [19.6632, 41.2207], [19.6293, 41.2321], [19.5859, 41.2272], [19.585, 41.2468], [19.5638, 41.2622], [19.5307, 41.269], [19.5186, 41.2643]]]}}, {"type": "Feature", "properties": {"ISO_A3": "ALB", "name": "Kolonje", "wb_status": "Member State"}, "geometry": {"type": "Polygon", "coordinates": [[[20.6134, 40.08], [20.6398, 40.0933], [20.6774, 40.0956], [20.677, 40.1237], [20.6935, 40.1512], [20.6742, 40.1685], [20.6781, 40.1892], [20.7077, 40.1999], [20.7256, 40.2238], [20.7206, 40.2332], [20.722, 40.2528], [20.7076, 40.2687], [20.7121, 40.2825], [20.7311, 40.297], [20.733, 40.3081], [20.7643, 40.3223], [20.7608, 40.3395], [20.7904, 40.362], [20.7885, 40.4035], [20.7845, 40.424], [20.7946, 40.4334], [20.7723, 40.4546], [20.7749, 40.4929], [20.7599, 40.4998], [20.7444, 40.5066], [20.7168, 40.5033], [20.6926, 40.4946], [20.6684, 40.4949], [20.6533, 40.4773], [20.6348, 40.4775], [20.6278, 40.4653], [20.5869, 40.468], [20.5556, 40.4671], [20.524, 40.4366], [20.4765, 40.4318], [20.4592, 40.4384], [20.4458, 40.4301], [20.4412, 40.3968], [20.4588, 40.3883], [20.4698, 40.3669], [20.4767, 40.361], [20.4602, 40.326], [20.477, 40.3045], [20.4768, 40.2941], [20.4798, 40.277], [20.5061, 40.261], [20.4886, 40.2434], [20.5054, 40.2024], [20.5335, 40.1785], [20.5201, 40.1625], [20.5576, 40.1327], [20.5575, 40.122], [20.5968, 40.1007], [20.5965, 40.0896], [20.6134, 40.08]]]}}, {"type": "Feature", "properties": {"ISO_A3": "ALB", "name": "Korce", "wb_status": "Member State"}, "geometry": {"type": "Polygon", "coordinates": [[[20.7599, 40.4998], [20.775, 40.5181], [20.7855, 40.5227], [20.8256, 40.5177], [20.8467, 40.5299], [20.832, 40.5626], [20.842, 40.5886], [20.8345, 40.6036], [20.8391, 40.6181], [20.8606, 40.6469], [20.8561, 40.6633], [20.8605, 40.6777], [20.8773, 40.6939], [20.8821, 40.7099], [20.8975, 40.7146], [20.8965, 40.7332], [20.91, 40.7394], [20.9003, 40.7588], [20.9843, 40.746], [20.9823, 40.7609], [20.9594, 40.772], [20.984, 40.7922], [20.9807, 40.854], [20.9794, 40.8975], [20.9479, 40.9221], [20.9157, 40.9236], [20.9113, 40.9175], [20.848, 40.9377], [20.8377, 40.9277], [20.8277, 40.9101], [20.8413, 40.8948], [20.8417, 40.876], [20.8182, 40.8602], [20.805, 40.8488], [20.7426, 40.8335], [20.7197, 40.8207], [20.6929, 40.8373], [20.656, 40.8184], [20.6258, 40.8073], [20.6089, 40.7984], [20.5666, 40.7941], [20.5614, 40.8102], [20.5345, 40.8169], [20.5218, 40.83], [20.4978, 40.832], [20.4675, 40.805], [20.4536, 40.7795], [20.4324, 40.7558], [20.4256, 40.7511], [20.3563, 40.7514], [20.3191, 40.7436], [20.2916, 40.7419], [20.2921, 40.7299], [20.3181, 40.7019], [20.3226, 40.6809], [20.3359, 40.665], [20.3381, 40.645], [20.364, 40.6246], [20.3727, 40.6018], [20.4224, 40.5944], [20.4291, 40.5699], [20.4163, 40.5396], [20.4321, 40.524], [20.4377, 40.5007], [20.4278, 40.4707], [20.4408, 40.4424], [20.4592, 40.4384], [20.4765, 40.4318], [20.524, 40.4366], [20.5556, 40.4671], [20.5869, 40.468], [20.6278, 40.4653], [20.6348, 40.4775], [20.6533, 40.4773], [20.6684, 40.4949], [20.6926, 40.4946], [20.7168, 40.5033], [20.7444, 40.5066], [20.7599, 40.4998]]]}}, {"type": "Feature", "properties": {"ISO_A3": "ALB", "name": "Kruje", "wb_status": "Member State"}, "geometry": {"type": "Polygon", "coordinates": [[[19.5846, 41.5743], [19.59, 41.5608], [19.6204, 41.5193], [19.6313, 41.511], [19.6064, 41.487], [19.6023, 41.4703], [19.6183, 41.4505], [19.6415, 41.4567], [19.6596, 41.4436], [19.6707, 41.4472], [19.6851, 41.4706], [19.6961, 41.4387], [19.7103, 41.4253], [19.7164, 41.4077], [19.7629, 41.416], [19.7725, 41.4268], [19.8035, 41.4434], [19.8336, 41.4489], [19.8409, 41.4597], [19.8576, 41.4463], [19.8947, 41.4728], [19.9077, 41.4949], [19.91, 41.514], [19.9016, 41.5149], [19.8511, 41.5586], [19.8352, 41.568], [19.7988, 41.5706], [19.7806, 41.5928], [19.764, 41.587], [19.7635, 41.5688], [19.7376, 41.5593], [19.7127, 41.5588], [19.7007, 41.5533], [19.6774, 41.5617], [19.6366, 41.5907], [19.6191, 41.5791], [19.5846, 41.5743]]]}}, {"type": "Feature", "properties": {"ISO_A3": "ALB", "name": "Kucove", "wb_status": "Member State"}, "geometry": {"type": "Polygon", "coordinates": [[[19.8343, 40.8539], [19.8191, 40.8441], [19.8422, 40.8322], [19.8693, 40.7981], [19.8666, 40.7831], [19.8856, 40.7897], [19.8993, 40.7773], [19.9172, 40.7778], [19.9522, 40.8011], [19.9463, 40.8291], [19.9631, 40.8374], [19.9623, 40.8603], [19.9699, 40.8717], [19.958, 40.8752], [19.9202, 40.8659], [19.9069, 40.8721], [19.8806, 40.8772], [19.8678, 40.8716], [19.8766, 40.8551], [19.8343, 40.8539]]]}}, {"type": "Feature", "properties": {"ISO_A3": "ALB", "name": "Kukes", "wb_status": "Member State"}, "geometry": {"type": "Polygon", "coordinates": [[[20.2075, 41.9023], [20.2182, 41.893], [20.22, 41.8683], [20.2351, 41.8664], [20.2622, 41.8736], [20.2839, 41.8978], [20.3104, 41.907], [20.3218, 41.8982], [20.3357, 41.8922], [20.3323, 41.8504], [20.3562, 41.8218], [20.3842, 41.8213], [20.4066, 41.8281], [20.4123, 41.8403], [20.4022, 41.8517], [20.4375, 41.8612], [20.4748, 41.8602], [20.5056, 41.84], [20.5339, 41.8518], [20.5623, 41.847], [20.5583, 41.8609], [20.571, 41.8741], [20.5944, 41.8772], [20.5752, 41.9168], [20.6208, 41.942], [20.6243, 41.9742], [20.6116, 41.9867], [20.5972, 42.0203], [20.5947, 42.0428], [20.57, 42.0607], [20.5563, 42.0857], [20.567, 42.0989], [20.5672, 42.1247], [20.5577, 42.1475], [20.5427, 42.1664], [20.517, 42.1519], [20.4507, 42.1019], [20.4183, 42.1007], [20.4017, 42.08], [20.3642, 42.0986], [20.3423, 42.0952], [20.3356, 42.1048], [20.3088, 42.1054], [20.2944, 42.1303], [20.2841, 42.1344], [20.2909, 42.1551], [20.278, 42.1725], [20.2624, 42.1779], [20.2422, 42.1823], [20.2296, 42.1625], [20.1898, 42.144], [20.1512, 42.1002], [20.1525, 42.0882], [20.1702, 42.0798], [20.1521, 42.0617], [20.1781, 42.0619], [20.1888, 42.0402], [20.2116, 42.0267], [20.2438, 42.025], [20.2734, 41.996], [20.2628, 41.9711], [20.2663, 41.9514], [20.2176, 41.9169], [20.2075, 41.9023]]]}}, {"type": "Feature", "properties": {"ISO_A3": "ALB", "name": "Kurbin", "wb_status": "Member State"}, "geometry": {"type": "Polygon", "coordinates": [[[19.5846, 41.5743], [19.6191, 41.5791], [19.6366, 41.5907], [19.6774, 41.5617], [19.7007, 41.5533], [19.7127, 41.5588], [19.7376, 41.5593], [19.7635, 41.5688], [19.764, 41.587], [19.7806, 41.5928], [19.7988, 41.5706], [19.8352, 41.568], [19.8293, 41.5821], [19.8295, 41.6101], [19.8034, 41.6282], [19.8181, 41.6448], [19.8075, 41.6897], [19.8125, 41.7135], [19.8022, 41.7097], [19.7673, 41.7037], [19.7509, 41.7059], [19.7298, 41.7018], [19.6848, 41.6803], [19.6757, 41.687], [19.6499, 41.6746], [19.6216, 41.677], [19.579, 41.651], [19.5895, 41.6379], [19.5716, 41.5906], [19.5589, 41.579], [19.5846, 41.5743]]]}}, {"type": "Feature", "properties": {"ISO_A3": "ALB", "name": "Lezhe", "wb_status": "Member State"}, "geometry": {"type": "Polygon", "coordinates": [[[19.7364, 41.9371], [19.7482, 41.9166], [19.7201, 41.8906], [19.6835, 41.9171], [19.6743, 41.9181], [19.6284, 41.9105], [19.6094, 41.9207], [19.5987, 41.9376], [19.5825, 41.9478], [19.5589, 41.9451], [19.555, 41.9337], [19.5656, 41.9182], [19.5661, 41.8934], [19.5529, 41.8814], [19.5036, 41.9092], [19.4732, 41.9219], [19.4583, 41.9069], [19.4447, 41.8857], [19.5324, 41.8474], [19.5262, 41.8378], [19.5657, 41.8169], [19.5972, 41.8079], [19.6026, 41.7861], [19.6183, 41.7805], [19.6083, 41.7603], [19.5756, 41.7658], [19.5737, 41.745], [19.5804, 41.7214], [19.5821, 41.7008], [19.5713, 41.6653], [19.579, 41.651], [19.6216, 41.677], [19.6499, 41.6746], [19.6757, 41.687], [19.6848, 41.6803], [19.7298, 41.7018], [19.7509, 41.7059], [19.7504, 41.7215], [19.7321, 41.7467], [19.7216, 41.77], [19.7181, 41.7818], [19.7245, 41.8188], [19.7681, 41.8399], [19.7897, 41.8284], [19.8242, 41.8344], [19.8435, 41.843], [19.8407, 41.8852], [19.8522, 41.936], [19.8617, 41.9543], [19.8417, 41.9392], [19.8078, 41.9351], [19.7849, 41.9522], [19.7674, 41.9383], [19.7364, 41.9371]]]}}, {"type": "Feature", "properties": {"ISO_A3": "ALB", "name": "Librazhd", "wb_status": "Member State"}, "geometry": {"type": "Polygon", "coordinates": [[[20.5958, 41.0925], [20.5823, 41.1133], [20.5965, 41.1321], [20.5538, 41.1909], [20.5315, 41.2042], [20.5164, 41.2379], [20.5207, 41.2468], [20.518, 41.2502], [20.5134, 41.2823], [20.4994, 41.3204], [20.4767, 41.3235], [20.4694, 41.3399], [20.442, 41.3542], [20.4404, 41.3856], [20.4475, 41.3927], [20.4302, 41.3851], [20.3976, 41.3925], [20.3623, 41.374], [20.3191, 41.3707], [20.3081, 41.3778], [20.2855, 41.376], [20.2514, 41.3538], [20.2343, 41.3505], [20.2302, 41.329], [20.1693, 41.3208], [20.1346, 41.3033], [20.1218, 41.2778], [20.1494, 41.276], [20.1669, 41.2848], [20.1911, 41.2832], [20.1976, 41.2652], [20.2159, 41.2538], [20.228, 41.228], [20.2271, 41.2068], [20.2168, 41.1972], [20.2273, 41.1341], [20.2089, 41.1298], [20.1938, 41.1157], [20.2185, 41.0975], [20.2393, 41.096], [20.284, 41.064], [20.2965, 41.048], [20.3372, 41.0363], [20.3321, 41.0108], [20.3427, 40.9925], [20.3613, 40.9867], [20.3817, 40.9602], [20.3751, 40.9397], [20.3809, 40.9272], [20.4098, 40.9373], [20.4102, 40.9811], [20.423, 40.9989], [20.4535, 41.0035], [20.5325, 41.0345], [20.5924, 41.0213], [20.6002, 41.0511], [20.593, 41.0674], [20.5958, 41.0925]]]}}, {"type": "Feature", "properties": {"ISO_A3": "ALB", "name": "Lushnje", "wb_status": "Member State"}, "geometry": {"type": "Polygon", "coordinates": [[[19.73, 40.8144], [19.7521, 40.8212], [19.7629, 40.836], [19.7709, 40.8509], [19.8063, 40.8537], [19.8218, 40.8626], [19.8343, 40.8539], [19.8766, 40.8551], [19.8678, 40.8716], [19.8397, 40.8794], [19.8218, 40.8797], [19.8011, 40.9085], [19.8057, 40.9458], [19.8019, 40.9736], [19.8149, 40.983], [19.811, 41.0046], [19.7917, 41.0096], [19.7659, 41.0248], [19.7537, 41.0152], [19.73, 41.0099], [19.7007, 41.017], [19.6717, 41.0441], [19.6712, 41.057], [19.6678, 41.0734], [19.6322, 41.0605], [19.6227, 41.0618], [19.5968, 41.0735], [19.5549, 41.0583], [19.5519, 41.047], [19.5141, 41.0528], [19.5099, 41.046], [19.4916, 41.0354], [19.4804, 41.0514], [19.4425, 41.0184], [19.4515, 40.9893], [19.4746, 40.977], [19.4642, 40.9542], [19.4285, 40.9255], [19.4163, 40.9177], [19.4056, 40.892], [19.4231, 40.8832], [19.4741, 40.871], [19.4938, 40.8731], [19.5139, 40.8657], [19.5907, 40.8654], [19.5837, 40.8485], [19.5907, 40.8155], [19.6623, 40.7894], [19.6798, 40.7757], [19.6919, 40.7785], [19.7195, 40.8135], [19.73, 40.8144]]]}}, {"type": "Feature", "properties": {"ISO_A3": "ALB", "name": "Malesi E Madhe", "wb_status": "Member State"}, "geometry": {"type": "Polygon", "coordinates": [[[19.4018, 42.1033], [19.4446, 42.1068], [19.4977, 42.1179], [19.5406, 42.1206], [19.5772, 42.1311], [19.5742, 42.1564], [19.6038, 42.1995], [19.6166, 42.2467], [19.6295, 42.2725], [19.6524, 42.2877], [19.6963, 42.304], [19.7115, 42.3206], [19.7001, 42.3315], [19.6914, 42.3542], [19.707, 42.3761], [19.7028, 42.4062], [19.7124, 42.4306], [19.722, 42.4431], [19.7619, 42.4643], [19.7883, 42.4868], [19.7665, 42.5016], [19.7436, 42.5449], [19.7544, 42.565], [19.7481, 42.5723], [19.7706, 42.5965], [19.7518, 42.6135], [19.7526, 42.6399], [19.7379, 42.6429], [19.7238, 42.6607], [19.6992, 42.6506], [19.68, 42.6282], [19.663, 42.6287], [19.6504, 42.6147], [19.6102, 42.5755], [19.6159, 42.5469], [19.6036, 42.5314], [19.562, 42.5139], [19.5629, 42.5012], [19.5364, 42.4698], [19.5196, 42.4427], [19.5033, 42.4373], [19.488, 42.413], [19.4672, 42.3892], [19.44, 42.3835], [19.4269, 42.3735], [19.4139, 42.3511], [19.4225, 42.3271], [19.3909, 42.301], [19.3852, 42.2833], [19.36, 42.256], [19.35, 42.2402], [19.2817, 42.1801], [19.4018, 42.1033]]]}}, {"type": "Feature", "properties": {"ISO_A3": "ALB", "name": "Mallakaster", "wb_status": "Member State"}, "geometry": {"type": "MultiPolygon", "coordinates": [[[[20.9605, 40.6384], [20.9478, 40.6127], [20.9701, 40.6136], [20.9752, 40.626], [21.0077, 40.6182], [21.0226, 40.6312], [21.0146, 40.6412], [20.9875, 40.6458], [20.9605, 40.6384]]], [[[19.806, 40.6686], [19.7946, 40.674], [19.7761, 40.6784], [19.7037, 40.6617], [19.6809, 40.6689], [19.659, 40.6541], [19.6498, 40.6316], [19.6572, 40.5901], [19.6321, 40.5554], [19.6622, 40.5412], [19.7111, 40.5302], [19.7241, 40.5208], [19.7165, 40.4998], [19.7399, 40.4931], [19.7361, 40.4686], [19.7421, 40.4544], [19.7411, 40.43], [19.777, 40.4269], [19.7928, 40.4223], [19.8236, 40.4786], [19.8686, 40.504], [19.8737, 40.5196], [19.903, 40.5267], [19.904, 40.531], [19.8992, 40.5509], [19.8607, 40.5565], [19.836, 40.575], [19.8327, 40.5935], [19.8237, 40.616], [19.8085, 40.6267], [19.8388, 40.6392], [19.8339, 40.6515], [19.806, 40.6686]], [[19.7458, 40.5912], [19.744, 40.5831], [19.7067, 40.5994], [19.7161, 40.6142], [19.7468, 40.611], [19.7458, 40.5912]]]]}}, {"type": "Feature", "properties": {"ISO_A3": "ALB", "name": "Mat", "wb_status": "Member State"}, "geometry": {"type": "Polygon", "coordinates": [[[19.8352, 41.568], [19.8511, 41.5586], [19.9016, 41.5149], [19.91, 41.514], [19.9341, 41.5093], [19.9617, 41.4913], [19.9847, 41.4615], [19.9952, 41.4337], [20.0148, 41.4215], [20.0367, 41.4179], [20.0477, 41.3952], [20.0723, 41.3884], [20.076, 41.4116], [20.107, 41.4064], [20.1201, 41.4243], [20.1308, 41.4534], [20.1731, 41.4607], [20.2021, 41.4619], [20.2113, 41.4699], [20.186, 41.4759], [20.1699, 41.4923], [20.1694, 41.5084], [20.1824, 41.527], [20.2028, 41.54], [20.2098, 41.5598], [20.2081, 41.5609], [20.1943, 41.5932], [20.1752, 41.6029], [20.1531, 41.623], [20.1757, 41.6404], [20.188, 41.6572], [20.1858, 41.6729], [20.1636, 41.6971], [20.1586, 41.7206], [20.1622, 41.7411], [20.1545, 41.7666], [20.0823, 41.7407], [20.0562, 41.7372], [20.0304, 41.6998], [19.9738, 41.7088], [19.9349, 41.6878], [19.9142, 41.6955], [19.9109, 41.708], [19.8841, 41.7046], [19.8593, 41.6911], [19.8376, 41.6911], [19.8125, 41.7135], [19.8075, 41.6897], [19.8181, 41.6448], [19.8034, 41.6282], [19.8295, 41.6101], [19.8293, 41.5821], [19.8352, 41.568]]]}}, {"type": "Feature", "properties": {"ISO_A3": "ALB", "name": "Mirdite", "wb_status": "Member State"}, "geometry": {"type": "Polygon", "coordinates": [[[20.2075, 41.9023], [20.2176, 41.9169], [20.2663, 41.9514], [20.2628, 41.9711], [20.2734, 41.996], [20.2438, 42.025], [20.2116, 42.0267], [20.1609, 41.9952], [20.1467, 41.9952], [20.1007, 41.9779], [20.0855, 41.9614], [20.0839, 41.9419], [20.0506, 41.9286], [20.0193, 41.9037], [20.0015, 41.8781], [19.9583, 41.8831], [19.9491, 41.8779], [19.9353, 41.8893], [19.9471, 41.9038], [19.9273, 41.926], [19.9083, 41.9582], [19.896, 41.9669], [19.8742, 41.9658], [19.8617, 41.9543], [19.8522, 41.936], [19.8407, 41.8852], [19.8435, 41.843], [19.8242, 41.8344], [19.7897, 41.8284], [19.7681, 41.8399], [19.7245, 41.8188], [19.7181, 41.7818], [19.7216, 41.77], [19.7321, 41.7467], [19.7504, 41.7215], [19.7509, 41.7059], [19.7673, 41.7037], [19.8022, 41.7097], [19.8125, 41.7135], [19.8376, 41.6911], [19.8593, 41.6911], [19.8841, 41.7046], [19.9109, 41.708], [19.9142, 41.6955], [19.9349, 41.6878], [19.9738, 41.7088], [20.0304, 41.6998], [20.0562, 41.7372], [20.0823, 41.7407], [20.1545, 41.7666], [20.1647, 41.7705], [20.1635, 41.7994], [20.1078, 41.832], [20.124, 41.8386], [20.1639, 41.8394], [20.1721, 41.8563], [20.2025, 41.8662], [20.207, 41.8847], [20.2075, 41.9023]]]}}, {"type": "Feature", "properties": {"ISO_A3": "ALB", "name": "Peqin", "wb_status": "Member State"}, "geometry": {"type": "Polygon", "coordinates": [[[19.6712, 41.057], [19.6717, 41.0441], [19.7007, 41.017], [19.73, 41.0099], [19.7537, 41.0152], [19.7659, 41.0248], [19.7917, 41.0096], [19.811, 41.0046], [19.8312, 41.0064], [19.8666, 41.0254], [19.8701, 41.0431], [19.8901, 41.0646], [19.9, 41.0847], [19.8746, 41.0997], [19.8804, 41.133], [19.8727, 41.155], [19.8617, 41.1678], [19.8315, 41.1503], [19.8497, 41.1375], [19.8261, 41.1217], [19.7714, 41.1285], [19.7453, 41.1269], [19.7411, 41.104], [19.7112, 41.0973], [19.6952, 41.0874], [19.7004, 41.0745], [19.6928, 41.0561], [19.6712, 41.057]]]}}, {"type": "Feature", "properties": {"ISO_A3": "ALB", "name": "Permet", "wb_status": "Member State"}, "geometry": {"type": "Polygon", "coordinates": [[[20.4408, 40.4424], [20.3981, 40.4364], [20.3661, 40.4431], [20.3776, 40.4026], [20.3593, 40.3945], [20.3253, 40.3943], [20.3106, 40.3757], [20.2817, 40.3617], [20.2626, 40.3637], [20.2286, 40.3943], [20.1445, 40.4809], [20.1092, 40.4821], [20.091, 40.503], [20.0767, 40.4641], [20.0458, 40.4459], [20.0586, 40.4209], [20.0628, 40.3973], [20.0707, 40.3746], [20.0935, 40.3466], [20.1201, 40.329], [20.1319, 40.3047], [20.15, 40.2778], [20.1096, 40.2672], [20.1378, 40.2305], [20.1568, 40.2478], [20.1926, 40.2604], [20.2291, 40.2379], [20.2751, 40.2162], [20.3184, 40.2033], [20.3401, 40.1745], [20.3767, 40.1481], [20.4141, 40.1294], [20.4183, 40.1196], [20.4486, 40.0896], [20.4542, 40.0745], [20.4893, 40.0639], [20.5111, 40.0824], [20.5493, 40.0639], [20.5994, 40.0714], [20.6134, 40.08], [20.5965, 40.0896], [20.5968, 40.1007], [20.5575, 40.122], [20.5576, 40.1327], [20.5201, 40.1625], [20.5335, 40.1785], [20.5054, 40.2024], [20.4886, 40.2434], [20.5061, 40.261], [20.4798, 40.277], [20.4768, 40.2941], [20.477, 40.3045], [20.4602, 40.326], [20.4767, 40.361], [20.4698, 40.3669], [20.4588, 40.3883], [20.4412, 40.3968], [20.4458, 40.4301], [20.4592, 40.4384], [20.4408, 40.4424]]]}}, {"type": "Feature", "properties": {"ISO_A3": "ALB", "name": "Pogradec", "wb_status": "Member State"}, "geometry": {"type": "Polygon", "coordinates": [[[20.8277, 40.9101], [20.8119, 40.8989], [20.7944, 40.9017], [20.7586, 40.9029], [20.7326, 40.912], [20.7127, 40.9662], [20.7002, 41.009], [20.6697, 41.0873], [20.6329, 41.0864], [20.5958, 41.0925], [20.593, 41.0674], [20.6002, 41.0511], [20.5924, 41.0213], [20.5325, 41.0345], [20.4535, 41.0035], [20.423, 40.9989], [20.4102, 40.9811], [20.4098, 40.9373], [20.3809, 40.9272], [20.3888, 40.9051], [20.4034, 40.8804], [20.4362, 40.8551], [20.4675, 40.805], [20.4978, 40.832], [20.5218, 40.83], [20.5345, 40.8169], [20.5614, 40.8102], [20.5666, 40.7941], [20.6089, 40.7984], [20.6258, 40.8073], [20.656, 40.8184], [20.6929, 40.8373], [20.7197, 40.8207], [20.7426, 40.8335], [20.805, 40.8488], [20.8182, 40.8602], [20.8417, 40.876], [20.8413, 40.8948], [20.8277, 40.9101]]]}}, {"type": "Feature", "properties": {"ISO_A3": "ALB", "name": "Puke", "wb_status": "Member State"}, "geometry": {"type": "Polygon", "coordinates": [[[20.2138, 42.1952], [20.182, 42.2092], [20.1412, 42.2138], [20.1268, 42.2256], [20.1065, 42.2267], [20.0712, 42.241], [20.0559, 42.2521], [20.0398, 42.2507], [20.021, 42.2672], [19.9718, 42.2623], [19.9371, 42.2684], [19.9187, 42.2655], [19.8971, 42.247], [19.8738, 42.237], [19.8965, 42.2255], [19.8846, 42.1914], [19.8654, 42.1783], [19.883, 42.1621], [19.882, 42.1469], [19.8699, 42.1291], [19.8269, 42.1135], [19.8233, 42.1013], [19.7977, 42.082], [19.7835, 42.076], [19.757, 42.0752], [19.7436, 42.0669], [19.7296, 42.0293], [19.7474, 42.0108], [19.7357, 42.0061], [19.7279, 41.9859], [19.7435, 41.9783], [19.7352, 41.9553], [19.7364, 41.9371], [19.7674, 41.9383], [19.7849, 41.9522], [19.8078, 41.9351], [19.8417, 41.9392], [19.8617, 41.9543], [19.8742, 41.9658], [19.896, 41.9669], [19.9083, 41.9582], [19.9273, 41.926], [19.9471, 41.9038], [19.9353, 41.8893], [19.9491, 41.8779], [19.9583, 41.8831], [20.0015, 41.8781], [20.0193, 41.9037], [20.0506, 41.9286], [20.0839, 41.9419], [20.0855, 41.9614], [20.1007, 41.9779], [20.1467, 41.9952], [20.1609, 41.9952], [20.2116, 42.0267], [20.1888, 42.0402], [20.1781, 42.0619], [20.1521, 42.0617], [20.1702, 42.0798], [20.1525, 42.0882], [20.1512, 42.1002], [20.1898, 42.144], [20.2296, 42.1625], [20.2422, 42.1823], [20.2138, 42.1952]]]}}, {"type": "Feature", "properties": {"ISO_A3": "ALB", "name": "Sarande", "wb_status": "Member State"}, "geometry": {"type": "Polygon", "coordinates": [[[20.2403, 39.8715], [20.1977, 39.874], [20.1611, 39.8912], [20.1114, 39.8787], [20.1007, 39.859], [20.0839, 39.8747], [20.0675, 39.8781], [20.0419, 39.8694], [20.0242, 39.8807], [19.9989, 39.9242], [19.9984, 39.9384], [19.9811, 39.9602], [19.9086, 40.0182], [19.8902, 40.0545], [19.899, 40.0873], [19.9234, 40.1156], [19.8888, 40.1556], [19.8909, 40.1621], [19.8647, 40.1483], [19.8441, 40.1284], [19.8444, 40.0898], [19.8399, 40.08], [19.8496, 40.0604], [19.8395, 40.0498], [19.8733, 40.027], [19.9107, 39.9785], [19.9153, 39.9642], [19.9368, 39.9422], [19.9352, 39.9296], [19.9086, 39.9081], [19.9265, 39.9013], [19.9524, 39.8943], [19.9702, 39.8774], [19.9872, 39.87], [20.0128, 39.8727], [20.0217, 39.8494], [20.009, 39.8369], [20.0111, 39.8164], [19.9998, 39.7997], [20.0076, 39.7796], [19.9847, 39.7696], [19.9731, 39.7539], [19.9954, 39.7462], [19.9988, 39.7365], [19.9808, 39.7042], [19.9831, 39.6889], [20.0086, 39.6917], [20.0279, 39.697], [20.0716, 39.6844], [20.135, 39.6542], [20.1528, 39.6554], [20.19, 39.6454], [20.2205, 39.6461], [20.2201, 39.6683], [20.2354, 39.6853], [20.2598, 39.6725], [20.2659, 39.6948], [20.2797, 39.7061], [20.3006, 39.7141], [20.321, 39.7361], [20.3064, 39.7448], [20.2924, 39.7646], [20.307, 39.7802], [20.2897, 39.8043], [20.3003, 39.8107], [20.2831, 39.83], [20.2953, 39.8448], [20.2917, 39.8566], [20.2686, 39.8713], [20.2403, 39.8715]]]}}, {"type": "Feature", "properties": {"ISO_A3": "ALB", "name": "Shkoder", "wb_status": "Member State"}, "geometry": {"type": "Polygon", "coordinates": [[[19.378, 42.0549], [19.3687, 42.0297], [19.3812, 41.9931], [19.376, 41.975], [19.3838, 41.9621], [19.3508, 41.9554], [19.3509, 41.9398], [19.37, 41.9274], [19.3465, 41.9139], [19.3644, 41.8986], [19.3751, 41.8761], [19.3728, 41.8487], [19.4011, 41.8529], [19.4216, 41.8619], [19.4768, 41.8529], [19.5262, 41.8378], [19.5324, 41.8474], [19.4447, 41.8857], [19.4583, 41.9069], [19.4732, 41.9219], [19.5036, 41.9092], [19.5529, 41.8814], [19.5661, 41.8934], [19.5656, 41.9182], [19.555, 41.9337], [19.5589, 41.9451], [19.5825, 41.9478], [19.5987, 41.9376], [19.6094, 41.9207], [19.6284, 41.9105], [19.6743, 41.9181], [19.6835, 41.9171], [19.7201, 41.8906], [19.7482, 41.9166], [19.7364, 41.9371], [19.7352, 41.9553], [19.7435, 41.9783], [19.7279, 41.9859], [19.7357, 42.0061], [19.7474, 42.0108], [19.7296, 42.0293], [19.7436, 42.0669], [19.757, 42.0752], [19.7835, 42.076], [19.7977, 42.082], [19.8233, 42.1013], [19.8269, 42.1135], [19.8699, 42.1291], [19.882, 42.1469], [19.883, 42.1621], [19.8654, 42.1783], [19.8846, 42.1914], [19.8965, 42.2255], [19.8738, 42.237], [19.858, 42.2353], [19.8251, 42.2475], [19.8432, 42.2957], [19.8226, 42.3377], [19.8093, 42.3506], [19.8175, 42.3841], [19.8073, 42.4009], [19.7889, 42.4136], [19.8302, 42.4666], [19.8073, 42.4733], [19.7883, 42.4868], [19.7619, 42.4643], [19.722, 42.4431], [19.7124, 42.4306], [19.7028, 42.4062], [19.707, 42.3761], [19.6914, 42.3542], [19.7001, 42.3315], [19.7115, 42.3206], [19.6963, 42.304], [19.6524, 42.2877], [19.6295, 42.2725], [19.6166, 42.2467], [19.6038, 42.1995], [19.5742, 42.1564], [19.5772, 42.1311], [19.5406, 42.1206], [19.4977, 42.1179], [19.4446, 42.1068], [19.4018, 42.1033], [19.3846, 42.0787], [19.3774, 42.0574], [19.378, 42.0549]]]}}, {"type": "Feature", "properties": {"ISO_A3": "ALB", "name": "Skrapar", "wb_status": "Member State"}, "geometry": {"type": "Polygon", "coordinates": [[[20.1458, 40.7478], [20.1269, 40.7343], [20.1238, 40.7104], [20.1375, 40.6882], [20.1376, 40.6455], [20.1198, 40.6317], [20.0945, 40.6282], [20.0675, 40.6298], [20.0503, 40.6198], [20.0731, 40.5999], [20.0968, 40.5936], [20.0666, 40.5726], [20.0638, 40.5578], [20.0928, 40.5369], [20.0743, 40.5242], [20.074, 40.5131], [20.091, 40.503], [20.1092, 40.4821], [20.1445, 40.4809], [20.2286, 40.3943], [20.2626, 40.3637], [20.2817, 40.3617], [20.3106, 40.3757], [20.3253, 40.3943], [20.3593, 40.3945], [20.3776, 40.4026], [20.3661, 40.4431], [20.3981, 40.4364], [20.4408, 40.4424], [20.4278, 40.4707], [20.4377, 40.5007], [20.4321, 40.524], [20.4163, 40.5396], [20.4291, 40.5699], [20.4224, 40.5944], [20.3727, 40.6018], [20.364, 40.6246], [20.3381, 40.645], [20.3359, 40.665], [20.3226, 40.6809], [20.3181, 40.7019], [20.2921, 40.7299], [20.2664, 40.7203], [20.2151, 40.719], [20.1989, 40.7377], [20.1724, 40.7326], [20.1458, 40.7478]]]}}, {"type": "Feature", "properties": {"ISO_A3": "ALB", "name": "Tepelene", "wb_status": "Member State"}, "geometry": {"type": "Polygon", "coordinates": [[[20.074, 40.5131], [20.0626, 40.49], [20.0437, 40.503], [20.0223, 40.4914], [19.9902, 40.506], [19.9802, 40.5169], [19.9461, 40.5136], [19.9277, 40.5171], [19.904, 40.531], [19.903, 40.5267], [19.8737, 40.5196], [19.8686, 40.504], [19.8236, 40.4786], [19.7928, 40.4223], [19.777, 40.4269], [19.801, 40.3911], [19.7884, 40.3729], [19.7542, 40.3496], [19.7981, 40.3172], [19.8116, 40.2965], [19.8332, 40.2876], [19.818, 40.2764], [19.8413, 40.2493], [19.8316, 40.2232], [19.852, 40.2155], [19.8723, 40.197], [19.8929, 40.1861], [19.9412, 40.1962], [19.9849, 40.1961], [19.9988, 40.213], [20.0172, 40.2235], [20.07, 40.2226], [20.0856, 40.2189], [20.1378, 40.2305], [20.1096, 40.2672], [20.15, 40.2778], [20.1319, 40.3047], [20.1201, 40.329], [20.0935, 40.3466], [20.0707, 40.3746], [20.0628, 40.3973], [20.0586, 40.4209], [20.0458, 40.4459], [20.0767, 40.4641], [20.091, 40.503], [20.074, 40.5131]]]}}, {"type": "Feature", "properties": {"ISO_A3": "ALB", "name": "Tirane", "wb_status": "Member State"}, "geometry": {"type": "Polygon", "coordinates": [[[19.8617, 41.1678], [19.8765, 41.1691], [19.9002, 41.1794], [19.925, 41.178], [19.9371, 41.1874], [19.9666, 41.1956], [19.9822, 41.2073], [20.0139, 41.2357], [20.0123, 41.2449], [20.0315, 41.2634], [20.0487, 41.2656], [20.0669, 41.2545], [20.083, 41.2621], [20.1076, 41.2793], [20.1218, 41.2778], [20.1346, 41.3033], [20.1693, 41.3208], [20.2302, 41.329], [20.2343, 41.3505], [20.171, 41.3689], [20.1526, 41.3665], [20.1351, 41.3897], [20.107, 41.4064], [20.076, 41.4116], [20.0723, 41.3884], [20.0477, 41.3952], [20.0367, 41.4179], [20.0148, 41.4215], [19.9952, 41.4337], [19.9847, 41.4615], [19.9617, 41.4913], [19.9341, 41.5093], [19.91, 41.514], [19.9077, 41.4949], [19.8947, 41.4728], [19.8576, 41.4463], [19.8409, 41.4597], [19.8336, 41.4489], [19.8035, 41.4434], [19.7725, 41.4268], [19.7629, 41.416], [19.7164, 41.4077], [19.7103, 41.4253], [19.6961, 41.4387], [19.6851, 41.4706], [19.6707, 41.4472], [19.6596, 41.4436], [19.6415, 41.4567], [19.6183, 41.4505], [19.6197, 41.4408], [19.6195, 41.4081], [19.6152, 41.3821], [19.6257, 41.3678], [19.6447, 41.3635], [19.6348, 41.3427], [19.6393, 41.3291], [19.64, 41.2987], [19.6081, 41.2807], [19.5968, 41.2555], [19.585, 41.2468], [19.5859, 41.2272], [19.6293, 41.2321], [19.6632, 41.2207], [19.6752, 41.1893], [19.6874, 41.1784], [19.6985, 41.1481], [19.7051, 41.1353], [19.725, 41.1375], [19.7439, 41.129], [19.7453, 41.1269], [19.7714, 41.1285], [19.8261, 41.1217], [19.8497, 41.1375], [19.8315, 41.1503], [19.8617, 41.1678]]]}}, {"type": "Feature", "properties": {"ISO_A3": "ALB", "name": "Tropoje", "wb_status": "Member State"}, "geometry": {"type": "Polygon", "coordinates": [[[20.3581, 42.309], [20.3391, 42.3277], [20.3055, 42.3149], [20.2928, 42.3235], [20.2576, 42.319], [20.2361, 42.3472], [20.2469, 42.3601], [20.2392, 42.3811], [20.2081, 42.4013], [20.2276, 42.4194], [20.2206, 42.4338], [20.1929, 42.4526], [20.1675, 42.5014], [20.1495, 42.5145], [20.104, 42.5309], [20.0784, 42.5559], [20.0569, 42.5596], [20.0374, 42.547], [20.0175, 42.5441], [20.003, 42.5084], [19.982, 42.5135], [19.952, 42.5115], [19.9429, 42.5184], [19.9061, 42.5075], [19.8855, 42.4943], [19.8553, 42.4848], [19.8302, 42.4666], [19.7889, 42.4136], [19.8073, 42.4009], [19.8175, 42.3841], [19.8093, 42.3506], [19.8226, 42.3377], [19.8432, 42.2957], [19.8251, 42.2475], [19.858, 42.2353], [19.8738, 42.237], [19.8971, 42.247], [19.9187, 42.2655], [19.9371, 42.2684], [19.9718, 42.2623], [20.021, 42.2672], [20.0398, 42.2507], [20.0559, 42.2521], [20.0712, 42.241], [20.1065, 42.2267], [20.1268, 42.2256], [20.1412, 42.2138], [20.182, 42.2092], [20.2138, 42.1952], [20.2272, 42.227], [20.283, 42.2543], [20.3087, 42.2749], [20.3172, 42.2918], [20.3581, 42.309]]]}}, {"type": "Feature", "properties": {"ISO_A3": "ALB", "name": "Vlore", "wb_status": "Member State"}, "geometry": {"type": "Polygon", "coordinates": [[[19.6321, 40.5554], [19.5772, 40.5608], [19.5726, 40.5806], [19.5502, 40.5789], [19.536, 40.5987], [19.5125, 40.6082], [19.4757, 40.6135], [19.4675, 40.6333], [19.4487, 40.654], [19.4096, 40.639], [19.3956, 40.6497], [19.3463, 40.6651], [19.3131, 40.6528], [19.3186, 40.6398], [19.3464, 40.6149], [19.3654, 40.5805], [19.3917, 40.5509], [19.3986, 40.5675], [19.4589, 40.5599], [19.4599, 40.5331], [19.4503, 40.4998], [19.4155, 40.5296], [19.3993, 40.5197], [19.4048, 40.4994], [19.4206, 40.4999], [19.443, 40.4771], [19.4805, 40.4491], [19.491, 40.4489], [19.4951, 40.4397], [19.481, 40.415], [19.4778, 40.3772], [19.483, 40.3454], [19.4516, 40.3257], [19.4249, 40.3209], [19.4073, 40.3405], [19.409, 40.3633], [19.3966, 40.389], [19.3584, 40.4217], [19.3208, 40.4387], [19.2891, 40.423], [19.3302, 40.3889], [19.3679, 40.3444], [19.3717, 40.3081], [19.405, 40.2785], [19.4433, 40.2354], [19.474, 40.2141], [19.5444, 40.1816], [19.5708, 40.1745], [19.5914, 40.1613], [19.6346, 40.1439], [19.6592, 40.1255], [19.6964, 40.1218], [19.7023, 40.113], [19.751, 40.0987], [19.7522, 40.0831], [19.7911, 40.0679], [19.8117, 40.0468], [19.8395, 40.0498], [19.8496, 40.0604], [19.8399, 40.08], [19.8444, 40.0898], [19.8441, 40.1284], [19.8647, 40.1483], [19.8909, 40.1621], [19.8723, 40.197], [19.852, 40.2155], [19.8316, 40.2232], [19.8413, 40.2493], [19.818, 40.2764], [19.8332, 40.2876], [19.8116, 40.2965], [19.7981, 40.3172], [19.7542, 40.3496], [19.7884, 40.3729], [19.801, 40.3911], [19.777, 40.4269], [19.7411, 40.43], [19.7421, 40.4544], [19.7361, 40.4686], [19.7399, 40.4931], [19.7165, 40.4998], [19.7241, 40.5208], [19.7111, 40.5302], [19.6622, 40.5412], [19.6321, 40.5554]]]}}, {"type": "Feature", "properties": {"ISO_A3": "BIH", "name": "Federacija Bosne I Hercegovine", "wb_status": "Member State"}, "geometry": {"type": "MultiPolygon", "coordinates": [[[[18.7857, 44.9657], [18.7936, 44.9946], [18.7644, 44.9996], [18.7274, 44.9967], [18.7366, 45.0181], [18.7137, 45.0379], [18.6921, 45.0407], [18.6703, 45.0583], [18.6872, 45.0799], [18.6723, 45.0949], [18.6541, 45.0748], [18.6606, 45.0607], [18.6133, 45.0619], [18.6116, 45.0801], [18.5865, 45.0917], [18.5436, 45.094], [18.5314, 45.0902], [18.5511, 45.0746], [18.5358, 45.0599], [18.5351, 45.0446], [18.5787, 45.0205], [18.6192, 45.002], [18.701, 44.9738], [18.7457, 44.9505], [18.7857, 44.9657]]], [[[18.4706, 45.0659], [18.4484, 45.0814], [18.4365, 45.0996], [18.4064, 45.1107], [18.3272, 45.1016], [18.3098, 45.1134], [18.2792, 45.1161], [18.2778, 45.1312], [18.2592, 45.1393], [18.2149, 45.1267], [18.2104, 45.1094], [18.2164, 45.0914], [18.2431, 45.0711], [18.242, 45.0576], [18.3178, 45.0113], [18.3596, 45.0046], [18.3806, 45.0132], [18.3888, 45.0266], [18.4407, 45.0539], [18.4706, 45.0659]]], [[[18.3317, 42.6188], [18.2993, 42.6274], [18.2893, 42.6402], [18.2294, 42.6722], [18.1468, 42.7307], [18.1183, 42.7556], [18.0869, 42.7699], [18.0677, 42.7948], [17.995, 42.8618], [17.9858, 42.9223], [17.9547, 42.9532], [17.964, 42.9609], [17.9475, 42.9752], [17.9503, 42.989], [17.9655, 42.9976], [17.9703, 43.0311], [18.0204, 43.0647], [18.039, 43.0883], [17.9542, 43.1216], [17.9346, 43.1524], [17.9581, 43.197], [17.9719, 43.2168], [18.0205, 43.249], [18.0166, 43.3314], [18.0128, 43.3577], [17.984, 43.3706], [17.9662, 43.389], [17.9693, 43.4143], [17.9907, 43.4331], [17.9986, 43.4543], [18.0376, 43.4704], [18.0629, 43.4786], [18.3414, 43.4751], [18.3393, 43.5802], [18.3794, 43.6048], [18.4098, 43.6604], [18.4299, 43.6723], [18.4593, 43.678], [18.4807, 43.6736], [18.4917, 43.6475], [18.5092, 43.6305], [18.5491, 43.6181], [18.6312, 43.6114], [18.6727, 43.5945], [18.7008, 43.5882], [18.7381, 43.5857], [18.7648, 43.5787], [18.7971, 43.5769], [18.8998, 43.5876], [18.9438, 43.5988], [18.9705, 43.612], [19.0027, 43.6477], [19.0018, 43.6823], [18.9705, 43.7131], [18.9455, 43.7223], [18.9307, 43.7242], [18.9105, 43.7635], [18.8738, 43.7719], [18.8159, 43.7693], [18.7791, 43.7743], [18.7613, 43.7661], [18.7195, 43.7241], [18.704, 43.6904], [18.6804, 43.6807], [18.5781, 43.7051], [18.5581, 43.7169], [18.5316, 43.7206], [18.4922, 43.7183], [18.4225, 43.7227], [18.4006, 43.7335], [18.4034, 43.754], [18.3884, 43.765], [18.3527, 43.7745], [18.3353, 43.7996], [18.3588, 43.8215], [18.385, 43.8395], [18.4219, 43.8426], [18.4424, 43.8395], [18.4577, 43.8242], [18.4776, 43.856], [18.4898, 43.8883], [18.4891, 43.9135], [18.5102, 43.9249], [18.5171, 43.9659], [18.5614, 44.0055], [18.6288, 44.0602], [18.663, 44.1014], [18.7601, 44.127], [18.8144, 44.1502], [18.8363, 44.1682], [18.8375, 44.1792], [18.815, 44.2061], [18.8213, 44.222], [18.7936, 44.228], [18.7693, 44.2456], [18.7492, 44.2988], [18.7492, 44.337], [18.7873, 44.3517], [18.8211, 44.358], [18.8706, 44.4059], [18.9149, 44.4083], [18.9611, 44.4316], [18.9652, 44.4576], [18.991, 44.4943], [19.0317, 44.5143], [19.0415, 44.5467], [19.0444, 44.589], [19.0415, 44.6113], [19.0197, 44.6178], [18.9943, 44.6157], [18.9603, 44.5991], [18.9289, 44.5519], [18.9144, 44.5418], [18.8937, 44.54], [18.8688, 44.5442], [18.8142, 44.5741], [18.7781, 44.5982], [18.7352, 44.6223], [18.7327, 44.6431], [18.7458, 44.6557], [18.7653, 44.6907], [18.7856, 44.7049], [18.8335, 44.7172], [18.8402, 44.7464], [18.8292, 44.7644], [18.8014, 44.7727], [18.8033, 44.825], [18.7144, 44.8639], [18.6511, 44.8955], [18.6362, 44.8893], [18.6072, 44.8497], [18.5619, 44.8415], [18.5468, 44.8532], [18.5328, 44.8803], [18.5185, 44.8962], [18.42, 44.9179], [18.3878, 44.9032], [18.3421, 44.8652], [18.3386, 44.8423], [18.344, 44.814], [18.3152, 44.8039], [18.2349, 44.7964], [18.1478, 44.7701], [18.124, 44.7488], [18.1253, 44.7323], [18.1413, 44.7214], [18.1808, 44.7216], [18.2171, 44.7042], [18.2844, 44.6926], [18.3247, 44.6762], [18.3467, 44.6535], [18.4239, 44.6105], [18.4217, 44.6003], [18.3981, 44.5879], [18.3724, 44.5832], [18.34, 44.5743], [18.2938, 44.5729], [18.2472, 44.5863], [18.2134, 44.5868], [18.1557, 44.5792], [18.1178, 44.569], [18.1088, 44.6031], [18.1196, 44.6151], [18.1066, 44.6359], [18.1091, 44.6469], [18.0948, 44.6595], [18.0649, 44.6957], [18.0135, 44.7108], [17.963, 44.7213], [17.9046, 44.6904], [17.884, 44.6737], [17.8843, 44.643], [17.91, 44.5989], [17.9528, 44.5399], [17.95, 44.5169], [17.9185, 44.4967], [17.8979, 44.4689], [17.7382, 44.3927], [17.6813, 44.3711], [17.6125, 44.35], [17.5809, 44.3559], [17.5054, 44.3638], [17.5297, 44.3971], [17.5567, 44.3905], [17.5449, 44.4137], [17.5159, 44.4268], [17.5143, 44.4396], [17.4815, 44.4497], [17.452, 44.4693], [17.4685, 44.4887], [17.4592, 44.51], [17.4325, 44.5132], [17.4268, 44.5351], [17.4039, 44.5478], [17.4018, 44.5625], [17.3728, 44.5703], [17.3354, 44.5476], [17.318, 44.5597], [17.2951, 44.5564], [17.2887, 44.5722], [17.2695, 44.5752], [17.2611, 44.5922], [17.2969, 44.6288], [17.2877, 44.6356], [17.2648, 44.6477], [17.2318, 44.6432], [17.2179, 44.6384], [17.229, 44.6173], [17.2311, 44.597], [17.2229, 44.5866], [17.2622, 44.549], [17.2614, 44.5146], [17.2492, 44.5089], [17.2552, 44.4933], [17.2371, 44.4613], [17.2142, 44.4445], [17.2079, 44.4192], [17.2102, 44.3794], [17.2066, 44.3579], [17.2109, 44.3345], [17.224, 44.3154], [17.2534, 44.2408], [17.2644, 44.2273], [17.2828, 44.2138], [17.2955, 44.1946], [17.3018, 44.1641], [17.3007, 44.1448], [17.2567, 44.083], [17.2624, 44.0772], [17.2517, 44.0653], [17.1721, 44.0656], [17.1325, 44.0767], [17.0899, 44.0991], [17.0772, 44.0947], [17.0493, 44.1209], [16.9789, 44.1501], [16.9202, 44.1893], [16.9042, 44.2094], [16.8913, 44.2371], [16.8482, 44.2497], [16.6539, 44.3458], [16.5609, 44.4182], [16.5284, 44.454], [16.4944, 44.4704], [16.4641, 44.4801], [16.457, 44.5038], [16.4873, 44.5139], [16.5609, 44.5271], [16.5924, 44.5305], [16.6552, 44.5299], [16.7568, 44.519], [16.848, 44.5225], [16.8875, 44.5308], [16.903, 44.541], [16.9057, 44.5555], [16.9014, 44.6013], [16.879, 44.6364], [16.8551, 44.6542], [16.8286, 44.6917], [16.7879, 44.713], [16.7782, 44.7253], [16.7756, 44.7699], [16.7569, 44.8041], [16.7446, 44.8151], [16.7026, 44.828], [16.6703, 44.8287], [16.6121, 44.85], [16.5708, 44.8552], [16.4318, 44.8668], [16.3814, 44.8548], [16.3699, 44.827], [16.353, 44.8255], [16.3343, 44.8394], [16.3102, 44.8662], [16.2807, 44.8912], [16.2319, 44.9141], [16.1975, 44.9548], [16.1993, 44.9813], [16.218, 44.9889], [16.2448, 44.9864], [16.2876, 44.9987], [16.2728, 45.0141], [16.2573, 45.0111], [16.2298, 45.0172], [16.2053, 45.033], [16.1942, 45.0308], [16.1769, 45.0512], [16.1739, 45.0704], [16.1386, 45.0905], [16.1087, 45.0928], [16.0845, 45.1106], [16.0783, 45.1421], [16.0542, 45.1608], [16.0487, 45.1783], [16.0252, 45.1921], [16.0108, 45.2189], [15.9784, 45.2304], [15.9545, 45.2176], [15.9272, 45.2119], [15.9244, 45.2272], [15.8918, 45.2291], [15.8862, 45.2201], [15.8569, 45.2168], [15.8365, 45.2225], [15.7848, 45.1917], [15.765, 45.1665], [15.7777, 45.1308], [15.7892, 45.1199], [15.7716, 45.0768], [15.7485, 45.065], [15.7567, 45.0356], [15.7731, 45.007], [15.7814, 45.0041], [15.7836, 44.9724], [15.7497, 44.9679], [15.7417, 44.9294], [15.7607, 44.8874], [15.7602, 44.8696], [15.7933, 44.8466], [15.7616, 44.8295], [15.7287, 44.8253], [15.7483, 44.7946], [15.7885, 44.7457], [15.8029, 44.7428], [15.8169, 44.7244], [15.8349, 44.7138], [15.8527, 44.7363], [15.8794, 44.7283], [15.8892, 44.7473], [15.9116, 44.7342], [15.9297, 44.7096], [15.9657, 44.6908], [15.9677, 44.6786], [15.9965, 44.6601], [16.0215, 44.6569], [16.0554, 44.6237], [16.0414, 44.5889], [16.0164, 44.5823], [16.0187, 44.5627], [16.0551, 44.5384], [16.1058, 44.5273], [16.1411, 44.4797], [16.1355, 44.4701], [16.1314, 44.4551], [16.1431, 44.4219], [16.1645, 44.4136], [16.1592, 44.395], [16.128, 44.3946], [16.1313, 44.378], [16.1687, 44.3748], [16.1753, 44.367], [16.2062, 44.3601], [16.2187, 44.3481], [16.2002, 44.3308], [16.1887, 44.3095], [16.1907, 44.2736], [16.2016, 44.2503], [16.2182, 44.2399], [16.2121, 44.2169], [16.2055, 44.2182], [16.1852, 44.2153], [16.2072, 44.2172], [16.2238, 44.2094], [16.2722, 44.1708], [16.2898, 44.1624], [16.3097, 44.1432], [16.3083, 44.1267], [16.3185, 44.1145], [16.3593, 44.102], [16.3695, 44.0821], [16.4017, 44.0796], [16.4277, 44.0832], [16.4422, 44.0669], [16.4358, 44.0549], [16.4479, 44.0283], [16.4821, 44.0295], [16.5022, 44.0244], [16.5157, 44.0042], [16.5367, 43.9864], [16.5501, 43.9536], [16.5875, 43.9432], [16.626, 43.902], [16.6636, 43.8774], [16.7102, 43.8548], [16.7182, 43.841], [16.7191, 43.8068], [16.7528, 43.7697], [16.8001, 43.763], [16.825, 43.7324], [16.8726, 43.7066], [16.8854, 43.6859], [16.9085, 43.6748], [16.9318, 43.6438], [16.971, 43.6181], [16.9966, 43.5846], [17.0366, 43.5592], [17.0825, 43.5429], [17.0892, 43.5344], [17.1236, 43.5179], [17.1488, 43.4953], [17.1768, 43.492], [17.1887, 43.4987], [17.2239, 43.498], [17.2786, 43.4716], [17.2861, 43.4631], [17.2838, 43.4346], [17.2525, 43.4005], [17.2655, 43.3727], [17.3108, 43.2984], [17.3275, 43.2856], [17.3421, 43.2536], [17.4002, 43.2444], [17.4234, 43.229], [17.4327, 43.2043], [17.4315, 43.1786], [17.4507, 43.1772], [17.4751, 43.1615], [17.5801, 43.119], [17.6413, 43.0887], [17.669, 43.0358], [17.7121, 42.973], [17.69, 42.9652], [17.6502, 42.9589], [17.6132, 42.9417], [17.5813, 42.9384], [17.6079, 42.9286], [17.5986, 42.9124], [17.6356, 42.9007], [17.6498, 42.8904], [17.678, 42.9204], [17.7239, 42.9192], [17.7649, 42.908], [17.7859, 42.8918], [17.8101, 42.9172], [17.8445, 42.9024], [17.8588, 42.8846], [17.8566, 42.8685], [17.8787, 42.8375], [17.9002, 42.8325], [17.8875, 42.8147], [17.9502, 42.799], [17.9808, 42.7782], [18.0103, 42.7526], [18.0416, 42.7483], [18.0793, 42.7244], [18.0984, 42.7172], [18.1088, 42.7043], [18.1024, 42.6898], [18.1433, 42.6793], [18.1549, 42.6561], [18.1784, 42.6607], [18.1921, 42.6548], [18.2217, 42.6229], [18.2645, 42.6066], [18.2817, 42.6172], [18.311, 42.6148], [18.3317, 42.6188]]]]}}, {"type": "Feature", "properties": {"ISO_A3": "BIH", "name": "Republika Srpska", "wb_status": "Member State"}, "geometry": {"type": "Polygon", "coordinates": [[[16.2876, 44.9987], [16.2448, 44.9864], [16.218, 44.9889], [16.1993, 44.9813], [16.1975, 44.9548], [16.2319, 44.9141], [16.2807, 44.8912], [16.3102, 44.8662], [16.3343, 44.8394], [16.353, 44.8255], [16.3699, 44.827], [16.3814, 44.8548], [16.4318, 44.8668], [16.5708, 44.8552], [16.6121, 44.85], [16.6703, 44.8287], [16.7026, 44.828], [16.7446, 44.8151], [16.7569, 44.8041], [16.7756, 44.7699], [16.7782, 44.7253], [16.7879, 44.713], [16.8286, 44.6917], [16.8551, 44.6542], [16.879, 44.6364], [16.9014, 44.6013], [16.9057, 44.5555], [16.903, 44.541], [16.8875, 44.5308], [16.848, 44.5225], [16.7568, 44.519], [16.6552, 44.5299], [16.5924, 44.5305], [16.5609, 44.5271], [16.4873, 44.5139], [16.457, 44.5038], [16.4641, 44.4801], [16.4944, 44.4704], [16.5284, 44.454], [16.5609, 44.4182], [16.6539, 44.3458], [16.8482, 44.2497], [16.8913, 44.2371], [16.9042, 44.2094], [16.9202, 44.1893], [16.9789, 44.1501], [17.0493, 44.1209], [17.0772, 44.0947], [17.0899, 44.0991], [17.1325, 44.0767], [17.1721, 44.0656], [17.2517, 44.0653], [17.2624, 44.0772], [17.2567, 44.083], [17.3007, 44.1448], [17.3018, 44.1641], [17.2955, 44.1946], [17.2828, 44.2138], [17.2644, 44.2273], [17.2534, 44.2408], [17.224, 44.3154], [17.2109, 44.3345], [17.2066, 44.3579], [17.2102, 44.3794], [17.2079, 44.4192], [17.2142, 44.4445], [17.2371, 44.4613], [17.2552, 44.4933], [17.2492, 44.5089], [17.2614, 44.5146], [17.2622, 44.549], [17.2229, 44.5866], [17.2311, 44.597], [17.229, 44.6173], [17.2179, 44.6384], [17.2318, 44.6432], [17.2648, 44.6477], [17.2877, 44.6356], [17.2969, 44.6288], [17.2611, 44.5922], [17.2695, 44.5752], [17.2887, 44.5722], [17.2951, 44.5564], [17.318, 44.5597], [17.3354, 44.5476], [17.3728, 44.5703], [17.4018, 44.5625], [17.4039, 44.5478], [17.4268, 44.5351], [17.4325, 44.5132], [17.4592, 44.51], [17.4685, 44.4887], [17.452, 44.4693], [17.4815, 44.4497], [17.5143, 44.4396], [17.5159, 44.4268], [17.5449, 44.4137], [17.5567, 44.3905], [17.5297, 44.3971], [17.5054, 44.3638], [17.5809, 44.3559], [17.6125, 44.35], [17.6813, 44.3711], [17.7382, 44.3927], [17.8979, 44.4689], [17.9185, 44.4967], [17.95, 44.5169], [17.9528, 44.5399], [17.91, 44.5989], [17.8843, 44.643], [17.884, 44.6737], [17.9046, 44.6904], [17.963, 44.7213], [18.0135, 44.7108], [18.0649, 44.6957], [18.0948, 44.6595], [18.1091, 44.6469], [18.1066, 44.6359], [18.1196, 44.6151], [18.1088, 44.6031], [18.1178, 44.569], [18.1557, 44.5792], [18.2134, 44.5868], [18.2472, 44.5863], [18.2938, 44.5729], [18.34, 44.5743], [18.3724, 44.5832], [18.3981, 44.5879], [18.4217, 44.6003], [18.4239, 44.6105], [18.3467, 44.6535], [18.3247, 44.6762], [18.2844, 44.6926], [18.2171, 44.7042], [18.1808, 44.7216], [18.1413, 44.7214], [18.1253, 44.7323], [18.124, 44.7488], [18.1478, 44.7701], [18.2349, 44.7964], [18.3152, 44.8039], [18.344, 44.814], [18.3386, 44.8423], [18.3421, 44.8652], [18.3878, 44.9032], [18.42, 44.9179], [18.5185, 44.8962], [18.5328, 44.8803], [18.5468, 44.8532], [18.5619, 44.8415], [18.6072, 44.8497], [18.6362, 44.8893], [18.6511, 44.8955], [18.7144, 44.8639], [18.8033, 44.825], [18.8014, 44.7727], [18.8292, 44.7644], [18.8402, 44.7464], [18.8335, 44.7172], [18.7856, 44.7049], [18.7653, 44.6907], [18.7458, 44.6557], [18.7327, 44.6431], [18.7352, 44.6223], [18.7781, 44.5982], [18.8142, 44.5741], [18.8688, 44.5442], [18.8937, 44.54], [18.9144, 44.5418], [18.9289, 44.5519], [18.9603, 44.5991], [18.9943, 44.6157], [19.0197, 44.6178], [19.0415, 44.6113], [19.0444, 44.589], [19.0415, 44.5467], [19.0317, 44.5143], [18.991, 44.4943], [18.9652, 44.4576], [18.9611, 44.4316], [18.9149, 44.4083], [18.8706, 44.4059], [18.8211, 44.358], [18.7873, 44.3517], [18.7492, 44.337], [18.7492, 44.2988], [18.7693, 44.2456], [18.7936, 44.228], [18.8213, 44.222], [18.815, 44.2061], [18.8375, 44.1792], [18.8363, 44.1682], [18.8144, 44.1502], [18.7601, 44.127], [18.663, 44.1014], [18.6288, 44.0602], [18.5614, 44.0055], [18.5171, 43.9659], [18.5102, 43.9249], [18.4891, 43.9135], [18.4898, 43.8883], [18.4776, 43.856], [18.4577, 43.8242], [18.4424, 43.8395], [18.4219, 43.8426], [18.385, 43.8395], [18.3588, 43.8215], [18.3353, 43.7996], [18.3527, 43.7745], [18.3884, 43.765], [18.4034, 43.754], [18.4006, 43.7335], [18.4225, 43.7227], [18.4922, 43.7183], [18.5316, 43.7206], [18.5581, 43.7169], [18.5781, 43.7051], [18.6804, 43.6807], [18.704, 43.6904], [18.7195, 43.7241], [18.7613, 43.7661], [18.7791, 43.7743], [18.8159, 43.7693], [18.8738, 43.7719], [18.9105, 43.7635], [18.9307, 43.7242], [18.9455, 43.7223], [18.9705, 43.7131], [19.0018, 43.6823], [19.0027, 43.6477], [18.9705, 43.612], [18.9438, 43.5988], [18.8998, 43.5876], [18.7971, 43.5769], [18.7648, 43.5787], [18.7381, 43.5857], [18.7008, 43.5882], [18.6727, 43.5945], [18.6312, 43.6114], [18.5491, 43.6181], [18.5092, 43.6305], [18.4917, 43.6475], [18.4807, 43.6736], [18.4593, 43.678], [18.4299, 43.6723], [18.4098, 43.6604], [18.3794, 43.6048], [18.3393, 43.5802], [18.3414, 43.4751], [18.0629, 43.4786], [18.0376, 43.4704], [17.9986, 43.4543], [17.9907, 43.4331], [17.9693, 43.4143], [17.9662, 43.389], [17.984, 43.3706], [18.0128, 43.3577], [18.0166, 43.3314], [18.0205, 43.249], [17.9719, 43.2168], [17.9581, 43.197], [17.9346, 43.1524], [17.9542, 43.1216], [18.039, 43.0883], [18.0204, 43.0647], [17.9703, 43.0311], [17.9655, 42.9976], [17.9503, 42.989], [17.9475, 42.9752], [17.964, 42.9609], [17.9547, 42.9532], [17.9858, 42.9223], [17.995, 42.8618], [18.0677, 42.7948], [18.0869, 42.7699], [18.1183, 42.7556], [18.1468, 42.7307], [18.2294, 42.6722], [18.2893, 42.6402], [18.2993, 42.6274], [18.3317, 42.6188], [18.3664, 42.6161], [18.3904, 42.5892], [18.4369, 42.5636], [18.4387, 42.5556], [18.4724, 42.5638], [18.4993, 42.5881], [18.5278, 42.5836], [18.5378, 42.5751], [18.5543, 42.5807], [18.548, 42.5952], [18.5201, 42.6184], [18.528, 42.6306], [18.551, 42.6411], [18.5748, 42.6427], [18.5641, 42.6613], [18.5487, 42.6719], [18.5489, 42.6847], [18.5698, 42.7197], [18.5284, 42.7239], [18.4922, 42.7478], [18.474, 42.7538], [18.4481, 42.8154], [18.4755, 42.829], [18.4654, 42.8387], [18.4694, 42.8547], [18.4936, 42.8654], [18.4887, 42.8802], [18.5091, 42.8868], [18.4825, 42.9285], [18.4859, 42.9638], [18.4982, 42.9959], [18.5091, 43.0], [18.5188, 43.02], [18.5417, 43.0326], [18.5918, 43.0329], [18.623, 43.0295], [18.6606, 43.0374], [18.6524, 43.1252], [18.6484, 43.147], [18.6676, 43.2039], [18.7059, 43.2351], [18.6924, 43.2573], [18.733, 43.281], [18.7885, 43.304], [18.8534, 43.3246], [18.839, 43.3441], [18.8635, 43.354], [18.8983, 43.3546], [18.9104, 43.3607], [18.9276, 43.3499], [18.9599, 43.3172], [18.9491, 43.3013], [18.9555, 43.2879], [18.982, 43.2806], [18.9932, 43.2581], [19.0016, 43.2524], [19.0199, 43.2599], [19.0357, 43.2895], [19.0802, 43.2998], [19.0831, 43.319], [19.0611, 43.3522], [19.0413, 43.3638], [19.042, 43.3969], [19.0206, 43.4086], [19.0185, 43.4307], [19.0076, 43.4434], [18.9589, 43.4585], [18.9596, 43.483], [18.9494, 43.4946], [18.917, 43.4941], [18.9354, 43.5137], [18.9825, 43.5324], [18.9884, 43.5554], [19.0069, 43.5562], [19.0435, 43.5244], [19.0421, 43.5069], [19.1031, 43.522], [19.1195, 43.5193], [19.1533, 43.5364], [19.197, 43.5336], [19.2243, 43.5275], [19.2503, 43.5294], [19.2464, 43.5479], [19.253, 43.5804], [19.2726, 43.5969], [19.2637, 43.6071], [19.2878, 43.5958], [19.336, 43.5889], [19.3643, 43.6091], [19.3975, 43.5911], [19.4084, 43.57], [19.4217, 43.5793], [19.446, 43.5819], [19.4812, 43.5717], [19.5114, 43.586], [19.4912, 43.6003], [19.527, 43.652], [19.5319, 43.668], [19.5173, 43.6891], [19.5192, 43.7141], [19.4812, 43.7335], [19.4651, 43.7655], [19.4316, 43.7837], [19.421, 43.7969], [19.3948, 43.7982], [19.3915, 43.8092], [19.3459, 43.8534], [19.3301, 43.8755], [19.3152, 43.8833], [19.2958, 43.9175], [19.2527, 43.9532], [19.2505, 43.9721], [19.2399, 43.9822], [19.2349, 44.01], [19.2513, 44.0126], [19.2686, 43.9999], [19.3132, 43.9948], [19.3326, 43.9835], [19.355, 43.9815], [19.3794, 43.9627], [19.4042, 43.9679], [19.4203, 43.9599], [19.4817, 43.9558], [19.526, 43.956], [19.5385, 43.9731], [19.5683, 43.989], [19.5633, 43.9989], [19.6181, 44.0135], [19.6149, 44.0378], [19.603, 44.0639], [19.5824, 44.0683], [19.57, 44.0492], [19.5518, 44.073], [19.5101, 44.082], [19.4951, 44.1038], [19.4748, 44.1169], [19.4671, 44.1488], [19.4439, 44.1316], [19.4209, 44.1434], [19.4105, 44.1669], [19.3771, 44.1815], [19.3575, 44.1843], [19.349, 44.2308], [19.3298, 44.2499], [19.3206, 44.273], [19.3036, 44.27], [19.2782, 44.2763], [19.2527, 44.2633], [19.2276, 44.2651], [19.2152, 44.289], [19.2015, 44.2918], [19.1825, 44.2801], [19.164, 44.2849], [19.13, 44.3187], [19.1342, 44.3393], [19.1165, 44.3428], [19.103, 44.3711], [19.1126, 44.3997], [19.1455, 44.4131], [19.1493, 44.4544], [19.12, 44.5031], [19.1303, 44.5244], [19.1708, 44.5241], [19.1971, 44.5572], [19.188, 44.5775], [19.206, 44.5911], [19.225, 44.5938], [19.2228, 44.6147], [19.2383, 44.6148], [19.2566, 44.6589], [19.2948, 44.6871], [19.3272, 44.7298], [19.348, 44.7887], [19.3475, 44.8164], [19.3592, 44.8345], [19.3706, 44.8709], [19.3573, 44.8907], [19.3474, 44.8891], [19.3156, 44.9055], [19.2795, 44.9054], [19.2474, 44.9123], [19.2212, 44.8963], [19.2073, 44.9009], [19.1979, 44.9173], [19.1694, 44.9198], [19.1203, 44.8875], [19.0872, 44.879], [19.0745, 44.8653], [19.0213, 44.8553], [19.0115, 44.8554], [18.9819, 44.8502], [18.9364, 44.8497], [18.8623, 44.8527], [18.8453, 44.8566], [18.8194, 44.8784], [18.791, 44.8886], [18.7647, 44.9047], [18.7717, 44.9214], [18.7533, 44.9324], [18.7624, 44.944], [18.7961, 44.935], [18.8026, 44.9475], [18.7857, 44.9657], [18.7457, 44.9505], [18.701, 44.9738], [18.6192, 45.002], [18.5787, 45.0205], [18.5351, 45.0446], [18.5241, 45.0609], [18.5074, 45.0569], [18.4706, 45.0659], [18.4407, 45.0539], [18.3888, 45.0266], [18.3806, 45.0132], [18.3596, 45.0046], [18.3178, 45.0113], [18.242, 45.0576], [18.2431, 45.0711], [18.2164, 45.0914], [18.1943, 45.0779], [18.1718, 45.0772], [18.1464, 45.0857], [18.1234, 45.0803], [18.094, 45.0989], [18.0716, 45.1066], [18.0856, 45.1186], [18.0737, 45.1386], [18.0212, 45.1477], [17.988, 45.1458], [17.968, 45.1161], [17.935, 45.1095], [17.9357, 45.0811], [17.9002, 45.0592], [17.8629, 45.0441], [17.8392, 45.0463], [17.7913, 45.0765], [17.7604, 45.0846], [17.7146, 45.1118], [17.6946, 45.1159], [17.6639, 45.1341], [17.5973, 45.1061], [17.5568, 45.1242], [17.5337, 45.1103], [17.5026, 45.1147], [17.4929, 45.1352], [17.4534, 45.1262], [17.4529, 45.1571], [17.4125, 45.1343], [17.3665, 45.1375], [17.3391, 45.1449], [17.3318, 45.1636], [17.2885, 45.1751], [17.2703, 45.188], [17.2563, 45.1562], [17.2434, 45.1459], [17.2006, 45.1492], [17.1797, 45.1469], [17.1465, 45.1614], [17.0985, 45.1794], [17.0518, 45.2007], [17.0391, 45.2245], [17.0151, 45.2128], [17.0037, 45.2227], [16.9877, 45.2237], [16.9824, 45.2458], [16.961, 45.2319], [16.9369, 45.2289], [16.9394, 45.2474], [16.9526, 45.2522], [16.9387, 45.2738], [16.919, 45.2725], [16.9138, 45.2573], [16.8821, 45.2418], [16.8677, 45.2202], [16.8352, 45.2129], [16.8429, 45.1942], [16.8123, 45.1846], [16.7531, 45.1989], [16.7329, 45.2073], [16.698, 45.1964], [16.6364, 45.2137], [16.595, 45.231], [16.5506, 45.2214], [16.5312, 45.2269], [16.491, 45.2072], [16.4739, 45.1817], [16.4795, 45.1658], [16.4623, 45.1416], [16.4349, 45.1258], [16.3941, 45.1122], [16.4027, 45.0986], [16.387, 45.0828], [16.3833, 45.0535], [16.3559, 45.0293], [16.3585, 45.0117], [16.3482, 45.0011], [16.2876, 44.9987]]]}}, {"type": "Feature", "properties": {"ISO_A3": "KOS", "name": "Ferizaj", "wb_status": "Member State"}, "geometry": {"type": "Polygon", "coordinates": [[[21.2129, 42.1103], [21.2246, 42.0956], [21.2492, 42.0924], [21.2726, 42.0959], [21.2929, 42.1064], [21.3208, 42.1078], [21.3024, 42.1413], [21.3212, 42.1614], [21.3173, 42.1702], [21.3356, 42.1918], [21.3361, 42.2071], [21.3458, 42.2048], [21.3777, 42.2379], [21.3516, 42.2544], [21.33, 42.252], [21.2883, 42.2615], [21.2578, 42.2984], [21.2855, 42.3271], [21.252, 42.3315], [21.244, 42.3459], [21.2608, 42.3669], [21.3081, 42.383], [21.2963, 42.3945], [21.306, 42.4224], [21.2741, 42.4536], [21.2608, 42.4472], [21.2181, 42.4666], [21.1594, 42.4564], [21.1376, 42.462], [21.1311, 42.4735], [21.0971, 42.4709], [21.0843, 42.4775], [21.0528, 42.471], [21.0039, 42.4862], [20.9838, 42.4786], [20.9656, 42.4964], [20.9227, 42.4762], [20.9042, 42.4619], [20.9474, 42.4505], [20.9706, 42.4215], [20.9496, 42.4122], [20.9532, 42.3908], [20.9634, 42.3754], [20.9814, 42.3125], [20.9858, 42.3096], [20.9788, 42.2993], [20.9831, 42.2806], [20.9466, 42.2721], [20.9061, 42.2409], [20.8813, 42.245], [20.8729, 42.235], [20.8734, 42.2006], [20.9587, 42.1889], [20.9727, 42.1806], [20.9848, 42.1607], [20.9822, 42.139], [21.0488, 42.1659], [21.0674, 42.1855], [21.118, 42.2069], [21.1625, 42.1967], [21.1806, 42.1667], [21.195, 42.1531], [21.2169, 42.1241], [21.2129, 42.1103]]]}}, {"type": "Feature", "properties": {"ISO_A3": "KOS", "name": "Gjakov\u00eb", "wb_status": "Member State"}, "geometry": {"type": "Polygon", "coordinates": [[[20.112, 42.6554], [20.0752, 42.6203], [20.0751, 42.6017], [20.088, 42.5792], [20.0784, 42.5559], [20.104, 42.5309], [20.1495, 42.5145], [20.1675, 42.5014], [20.1929, 42.4526], [20.2206, 42.4338], [20.2276, 42.4194], [20.2081, 42.4013], [20.2392, 42.3811], [20.2469, 42.3601], [20.2361, 42.3472], [20.2576, 42.319], [20.2928, 42.3235], [20.3055, 42.3149], [20.3391, 42.3277], [20.3581, 42.309], [20.3948, 42.2986], [20.4024, 42.2863], [20.4564, 42.2723], [20.4769, 42.2535], [20.5127, 42.2679], [20.5405, 42.2837], [20.5589, 42.3029], [20.5871, 42.3092], [20.6003, 42.3187], [20.6169, 42.3011], [20.6411, 42.3119], [20.6746, 42.3426], [20.7077, 42.3208], [20.7065, 42.3409], [20.7202, 42.3502], [20.728, 42.3667], [20.7333, 42.4026], [20.6904, 42.4149], [20.6947, 42.4335], [20.6726, 42.4428], [20.6735, 42.4709], [20.6664, 42.4881], [20.6395, 42.4815], [20.6208, 42.4869], [20.6078, 42.4801], [20.5713, 42.5002], [20.5637, 42.5244], [20.5435, 42.5184], [20.5201, 42.5447], [20.4902, 42.559], [20.4506, 42.5556], [20.4186, 42.561], [20.3766, 42.5483], [20.3571, 42.5543], [20.3423, 42.5786], [20.3494, 42.5866], [20.3305, 42.5998], [20.314, 42.6006], [20.2891, 42.5887], [20.2517, 42.6021], [20.2183, 42.6035], [20.2064, 42.6216], [20.194, 42.6245], [20.2037, 42.6473], [20.1513, 42.6481], [20.1258, 42.6587], [20.112, 42.6554]]]}}, {"type": "Feature", "properties": {"ISO_A3": "KOS", "name": "Gjilan", "wb_status": "Member State"}, "geometry": {"type": "Polygon", "coordinates": [[[21.2741, 42.4536], [21.306, 42.4224], [21.2963, 42.3945], [21.3081, 42.383], [21.2608, 42.3669], [21.244, 42.3459], [21.252, 42.3315], [21.2855, 42.3271], [21.2578, 42.2984], [21.2883, 42.2615], [21.33, 42.252], [21.3516, 42.2544], [21.3777, 42.2379], [21.4015, 42.2492], [21.4437, 42.2358], [21.4325, 42.2593], [21.4449, 42.2779], [21.4692, 42.2801], [21.5014, 42.2713], [21.5188, 42.2627], [21.5213, 42.2415], [21.5496, 42.2536], [21.569, 42.2507], [21.5869, 42.2628], [21.5843, 42.2823], [21.5414, 42.3096], [21.5241, 42.327], [21.5253, 42.342], [21.547, 42.3653], [21.5947, 42.3839], [21.6206, 42.378], [21.6465, 42.4134], [21.6224, 42.4531], [21.6301, 42.4597], [21.6711, 42.4843], [21.6926, 42.5152], [21.7074, 42.5499], [21.7287, 42.5473], [21.7477, 42.5588], [21.747, 42.5817], [21.7342, 42.598], [21.7899, 42.6512], [21.7547, 42.6934], [21.6746, 42.6879], [21.6597, 42.6655], [21.6339, 42.6995], [21.6184, 42.6953], [21.5866, 42.7039], [21.5924, 42.7258], [21.5619, 42.7332], [21.5283, 42.725], [21.5011, 42.7343], [21.4714, 42.6973], [21.4271, 42.7063], [21.4296, 42.6803], [21.4646, 42.6669], [21.4667, 42.6469], [21.5, 42.6207], [21.5212, 42.6391], [21.5328, 42.6329], [21.5456, 42.5969], [21.5353, 42.5787], [21.5058, 42.5849], [21.4876, 42.5651], [21.5001, 42.5533], [21.509, 42.5388], [21.4964, 42.5231], [21.505, 42.496], [21.4796, 42.4827], [21.4544, 42.4831], [21.4376, 42.4658], [21.3935, 42.4714], [21.4127, 42.4819], [21.4187, 42.5074], [21.4086, 42.5233], [21.3898, 42.5369], [21.3576, 42.5129], [21.3448, 42.5302], [21.3417, 42.5609], [21.32, 42.5648], [21.2955, 42.5576], [21.2816, 42.5368], [21.3025, 42.5279], [21.2981, 42.5148], [21.3125, 42.4963], [21.3051, 42.4873], [21.2731, 42.4853], [21.2741, 42.4536]]]}}, {"type": "Feature", "properties": {"ISO_A3": "KOS", "name": "Mitrovic\u00eb", "wb_status": "Member State"}, "geometry": {"type": "Polygon", "coordinates": [[[20.8168, 43.2727], [20.7911, 43.2642], [20.7615, 43.2439], [20.7277, 43.2484], [20.7095, 43.2272], [20.6716, 43.2086], [20.6153, 43.2043], [20.6116, 43.1694], [20.6398, 43.1626], [20.6619, 43.144], [20.6576, 43.1369], [20.6848, 43.1232], [20.6931, 43.1057], [20.6873, 43.0837], [20.6564, 43.0738], [20.6705, 43.057], [20.6696, 43.0366], [20.6551, 43.0349], [20.6299, 43.0091], [20.6064, 43.0173], [20.5814, 43.0128], [20.5649, 42.9847], [20.5519, 42.9756], [20.5298, 42.9751], [20.4962, 42.9523], [20.4863, 42.9291], [20.5055, 42.9053], [20.5379, 42.8829], [20.5692, 42.8906], [20.6245, 42.8698], [20.6307, 42.8435], [20.6533, 42.8411], [20.6461, 42.814], [20.6474, 42.7926], [20.6334, 42.7758], [20.6552, 42.7473], [20.6229, 42.7254], [20.6233, 42.7146], [20.6485, 42.6775], [20.7048, 42.6755], [20.7076, 42.6595], [20.698, 42.6387], [20.7263, 42.6306], [20.7485, 42.6037], [20.7643, 42.6077], [20.7704, 42.6145], [20.7734, 42.6605], [20.7878, 42.6592], [20.8244, 42.6696], [20.8156, 42.691], [20.837, 42.6957], [20.8478, 42.7065], [20.8673, 42.7018], [20.8851, 42.6879], [20.911, 42.7163], [20.9229, 42.7121], [20.9433, 42.7241], [20.97, 42.6945], [20.9903, 42.6891], [21.0489, 42.7279], [21.077, 42.761], [21.0677, 42.7823], [21.085, 42.7962], [21.1187, 42.8056], [21.1129, 42.8243], [21.0882, 42.8392], [21.0769, 42.8589], [21.0736, 42.8895], [21.0583, 42.9027], [21.0803, 42.9385], [21.0778, 42.9451], [21.0857, 42.9713], [21.0568, 43.0177], [21.0316, 43.0362], [21.0283, 43.0486], [21.0008, 43.0727], [21.0034, 43.0972], [20.9697, 43.1134], [20.9645, 43.1246], [20.9335, 43.1345], [20.921, 43.1476], [20.8916, 43.1547], [20.879, 43.1676], [20.8632, 43.1647], [20.8553, 43.1901], [20.8413, 43.2028], [20.8799, 43.2115], [20.8809, 43.2219], [20.8507, 43.2518], [20.8168, 43.2727]]]}}, {"type": "Feature", "properties": {"ISO_A3": "KOS", "name": "Pej\u00eb", "wb_status": "Member State"}, "geometry": {"type": "Polygon", "coordinates": [[[20.7643, 42.6077], [20.7485, 42.6037], [20.7263, 42.6306], [20.698, 42.6387], [20.7076, 42.6595], [20.7048, 42.6755], [20.6485, 42.6775], [20.6233, 42.7146], [20.6229, 42.7254], [20.6552, 42.7473], [20.6334, 42.7758], [20.6474, 42.7926], [20.6461, 42.814], [20.6533, 42.8411], [20.6307, 42.8435], [20.6245, 42.8698], [20.5692, 42.8906], [20.5379, 42.8829], [20.4858, 42.8676], [20.4409, 42.8335], [20.4152, 42.8466], [20.3818, 42.8421], [20.3529, 42.8334], [20.321, 42.8276], [20.298, 42.8362], [20.2736, 42.8199], [20.2628, 42.8042], [20.2664, 42.7794], [20.2504, 42.7592], [20.2103, 42.7469], [20.1897, 42.7464], [20.155, 42.7684], [20.1469, 42.7546], [20.0869, 42.7746], [20.054, 42.7776], [20.0245, 42.7651], [20.0143, 42.741], [20.0225, 42.7133], [20.0318, 42.7037], [20.0542, 42.6848], [20.0834, 42.68], [20.0886, 42.6687], [20.112, 42.6554], [20.1258, 42.6587], [20.1513, 42.6481], [20.2037, 42.6473], [20.194, 42.6245], [20.2064, 42.6216], [20.2183, 42.6035], [20.2517, 42.6021], [20.2891, 42.5887], [20.314, 42.6006], [20.3305, 42.5998], [20.3494, 42.5866], [20.3423, 42.5786], [20.3571, 42.5543], [20.3766, 42.5483], [20.4186, 42.561], [20.4506, 42.5556], [20.4902, 42.559], [20.5201, 42.5447], [20.5435, 42.5184], [20.5637, 42.5244], [20.6111, 42.5237], [20.6485, 42.5286], [20.6485, 42.5464], [20.6651, 42.5633], [20.717, 42.587], [20.7308, 42.5744], [20.7675, 42.6064], [20.7643, 42.6077]]]}}, {"type": "Feature", "properties": {"ISO_A3": "KOS", "name": "Prishtin\u00eb", "wb_status": "Member State"}, "geometry": {"type": "Polygon", "coordinates": [[[20.7643, 42.6077], [20.7675, 42.6064], [20.7864, 42.6082], [20.802, 42.5974], [20.7894, 42.5804], [20.8076, 42.5672], [20.8028, 42.5424], [20.8151, 42.5332], [20.8637, 42.5372], [20.8822, 42.5142], [20.861, 42.5144], [20.8564, 42.4844], [20.8965, 42.4886], [20.9227, 42.4762], [20.9656, 42.4964], [20.9838, 42.4786], [21.0039, 42.4862], [21.0528, 42.471], [21.0843, 42.4775], [21.0971, 42.4709], [21.1311, 42.4735], [21.1376, 42.462], [21.1594, 42.4564], [21.2181, 42.4666], [21.2608, 42.4472], [21.2741, 42.4536], [21.2731, 42.4853], [21.3051, 42.4873], [21.3125, 42.4963], [21.2981, 42.5148], [21.3025, 42.5279], [21.2816, 42.5368], [21.2955, 42.5576], [21.32, 42.5648], [21.3417, 42.5609], [21.3448, 42.5302], [21.3576, 42.5129], [21.3898, 42.5369], [21.4086, 42.5233], [21.4187, 42.5074], [21.4127, 42.4819], [21.3935, 42.4714], [21.4376, 42.4658], [21.4544, 42.4831], [21.4796, 42.4827], [21.505, 42.496], [21.4964, 42.5231], [21.509, 42.5388], [21.5001, 42.5533], [21.4876, 42.5651], [21.5058, 42.5849], [21.5353, 42.5787], [21.5456, 42.5969], [21.5328, 42.6329], [21.5212, 42.6391], [21.5, 42.6207], [21.4667, 42.6469], [21.4646, 42.6669], [21.4296, 42.6803], [21.4271, 42.7063], [21.4714, 42.6973], [21.5011, 42.7343], [21.4752, 42.747], [21.4691, 42.7374], [21.427, 42.7497], [21.4033, 42.7452], [21.3891, 42.7578], [21.4113, 42.7761], [21.4064, 42.7944], [21.4229, 42.8059], [21.4171, 42.8255], [21.4236, 42.8471], [21.437, 42.8515], [21.4343, 42.8673], [21.4344, 42.8727], [21.3611, 42.8723], [21.3436, 42.8979], [21.3309, 42.9026], [21.2917, 42.903], [21.2703, 42.9098], [21.2459, 42.9334], [21.234, 42.9562], [21.2439, 42.9808], [21.2353, 43.0096], [21.2055, 43.0246], [21.1926, 43.0076], [21.1755, 42.9998], [21.1635, 43.0143], [21.1645, 43.0288], [21.1525, 43.0403], [21.153, 43.0598], [21.1398, 43.0822], [21.1488, 43.0892], [21.1358, 43.114], [21.1128, 43.1113], [21.088, 43.1353], [21.0794, 43.1188], [21.0494, 43.1081], [21.0255, 43.1293], [20.9978, 43.1381], [20.9754, 43.1355], [20.9645, 43.1246], [20.9697, 43.1134], [21.0034, 43.0972], [21.0008, 43.0727], [21.0283, 43.0486], [21.0316, 43.0362], [21.0568, 43.0177], [21.0857, 42.9713], [21.0778, 42.9451], [21.0803, 42.9385], [21.0583, 42.9027], [21.0736, 42.8895], [21.0769, 42.8589], [21.0882, 42.8392], [21.1129, 42.8243], [21.1187, 42.8056], [21.085, 42.7962], [21.0677, 42.7823], [21.077, 42.761], [21.0489, 42.7279], [20.9903, 42.6891], [20.97, 42.6945], [20.9433, 42.7241], [20.9229, 42.7121], [20.911, 42.7163], [20.8851, 42.6879], [20.8673, 42.7018], [20.8478, 42.7065], [20.837, 42.6957], [20.8156, 42.691], [20.8244, 42.6696], [20.7878, 42.6592], [20.7734, 42.6605], [20.7704, 42.6145], [20.7643, 42.6077]]]}}, {"type": "Feature", "properties": {"ISO_A3": "KOS", "name": "Prizren", "wb_status": "Member State"}, "geometry": {"type": "Polygon", "coordinates": [[[20.5944, 41.8772], [20.6192, 41.8578], [20.6484, 41.8745], [20.6785, 41.8685], [20.6828, 41.8579], [20.728, 41.8643], [20.7411, 41.8935], [20.7757, 41.9184], [20.7717, 41.9271], [20.7547, 41.9467], [20.7671, 41.9627], [20.7482, 41.9855], [20.7485, 42.0268], [20.7635, 42.0407], [20.7696, 42.0585], [20.7929, 42.0837], [20.834, 42.0859], [20.8432, 42.0986], [20.8916, 42.0975], [20.9284, 42.1276], [20.9441, 42.138], [20.9822, 42.139], [20.9848, 42.1607], [20.9727, 42.1806], [20.9587, 42.1889], [20.8734, 42.2006], [20.8729, 42.235], [20.8813, 42.245], [20.9061, 42.2409], [20.9466, 42.2721], [20.9831, 42.2806], [20.9788, 42.2993], [20.9858, 42.3096], [20.9814, 42.3125], [20.9634, 42.3754], [20.9532, 42.3908], [20.9496, 42.4122], [20.9706, 42.4215], [20.9474, 42.4505], [20.9042, 42.4619], [20.9227, 42.4762], [20.8965, 42.4886], [20.8564, 42.4844], [20.861, 42.5144], [20.8822, 42.5142], [20.8637, 42.5372], [20.8151, 42.5332], [20.8028, 42.5424], [20.8076, 42.5672], [20.7894, 42.5804], [20.802, 42.5974], [20.7864, 42.6082], [20.7675, 42.6064], [20.7308, 42.5744], [20.717, 42.587], [20.6651, 42.5633], [20.6485, 42.5464], [20.6485, 42.5286], [20.6111, 42.5237], [20.5637, 42.5244], [20.5713, 42.5002], [20.6078, 42.4801], [20.6208, 42.4869], [20.6395, 42.4815], [20.6664, 42.4881], [20.6735, 42.4709], [20.6726, 42.4428], [20.6947, 42.4335], [20.6904, 42.4149], [20.7333, 42.4026], [20.728, 42.3667], [20.7202, 42.3502], [20.7065, 42.3409], [20.7077, 42.3208], [20.6746, 42.3426], [20.6411, 42.3119], [20.6169, 42.3011], [20.6003, 42.3187], [20.5871, 42.3092], [20.5589, 42.3029], [20.5405, 42.2837], [20.5127, 42.2679], [20.4769, 42.2535], [20.5141, 42.2243], [20.5251, 42.2072], [20.5427, 42.1664], [20.5577, 42.1475], [20.5672, 42.1247], [20.567, 42.0989], [20.5563, 42.0857], [20.57, 42.0607], [20.5947, 42.0428], [20.5972, 42.0203], [20.6116, 41.9867], [20.6243, 41.9742], [20.6208, 41.942], [20.5752, 41.9168], [20.5944, 41.8772]]]}}, {"type": "Feature", "properties": {"ISO_A3": "MKD", "name": "East", "wb_status": "Member State"}, "geometry": {"type": "Polygon", "coordinates": [[[22.9687, 41.52], [22.9587, 41.5349], [22.9705, 41.5437], [22.9662, 41.5777], [22.9519, 41.5883], [22.9546, 41.6185], [22.9487, 41.6316], [22.9588, 41.6468], [22.9762, 41.6469], [23.0131, 41.6916], [23.0335, 41.7087], [23.0337, 41.7225], [23.0084, 41.7683], [22.9649, 41.773], [22.9405, 41.8174], [22.9372, 41.847], [22.9158, 41.8764], [22.9016, 41.8776], [22.8993, 41.9042], [22.8737, 41.9359], [22.8783, 41.9761], [22.8666, 42.0224], [22.8273, 42.0217], [22.7925, 42.038], [22.7422, 42.0446], [22.7119, 42.068], [22.6801, 42.0635], [22.6206, 42.0959], [22.5998, 42.0981], [22.5485, 42.1345], [22.5292, 42.139], [22.5114, 42.1559], [22.4923, 42.1504], [22.4518, 42.1258], [22.4061, 42.1138], [22.3832, 42.1204], [22.3633, 42.1148], [22.3878, 42.0871], [22.369, 42.0745], [22.361, 42.042], [22.3412, 42.0627], [22.3211, 42.0701], [22.2966, 42.066], [22.2715, 42.0685], [22.2697, 42.0321], [22.2485, 42.0263], [22.2276, 42.0468], [22.2092, 42.0353], [22.199, 42.05], [22.1582, 42.0423], [22.1463, 42.0477], [22.111, 42.0393], [22.0938, 42.0294], [22.0791, 42.0084], [22.0504, 42.0191], [22.0342, 42.0159], [22.0356, 41.9746], [22.0767, 41.9526], [22.0957, 41.921], [22.1148, 41.9018], [22.1114, 41.8854], [22.0968, 41.8584], [22.1088, 41.8332], [22.1007, 41.8211], [22.0782, 41.8078], [22.065, 41.7873], [22.0455, 41.787], [22.058, 41.7622], [22.034, 41.7403], [22.0198, 41.7468], [21.9988, 41.7215], [21.9786, 41.734], [21.9471, 41.7125], [21.9672, 41.6759], [22.0321, 41.6665], [22.0532, 41.6567], [22.0735, 41.6297], [22.0995, 41.6602], [22.1105, 41.6576], [22.1214, 41.6322], [22.1188, 41.6096], [22.1279, 41.5984], [22.1568, 41.6062], [22.1775, 41.6005], [22.1853, 41.5825], [22.2161, 41.5627], [22.2474, 41.549], [22.2664, 41.5564], [22.2821, 41.5701], [22.3287, 41.5937], [22.3413, 41.6109], [22.3167, 41.6243], [22.3273, 41.6352], [22.3101, 41.6544], [22.3092, 41.6756], [22.333, 41.6948], [22.3541, 41.6855], [22.3873, 41.6829], [22.3965, 41.7018], [22.4131, 41.71], [22.4156, 41.729], [22.4351, 41.7444], [22.4366, 41.7675], [22.4656, 41.7873], [22.4994, 41.7665], [22.5275, 41.7637], [22.5641, 41.7711], [22.5942, 41.7619], [22.6122, 41.7475], [22.6264, 41.7498], [22.6372, 41.7278], [22.6476, 41.6825], [22.6397, 41.6655], [22.6416, 41.6409], [22.6737, 41.6446], [22.7071, 41.6241], [22.6975, 41.606], [22.7061, 41.5879], [22.7675, 41.5718], [22.7651, 41.5591], [22.7827, 41.5523], [22.8131, 41.528], [22.8383, 41.5324], [22.8554, 41.5433], [22.8754, 41.5233], [22.8882, 41.5309], [22.9048, 41.5207], [22.9458, 41.5274], [22.9687, 41.52]]]}}, {"type": "Feature", "properties": {"ISO_A3": "MKD", "name": "Northeast", "wb_status": "Member State"}, "geometry": {"type": "Polygon", "coordinates": [[[22.0342, 42.0159], [22.0504, 42.0191], [22.0791, 42.0084], [22.0938, 42.0294], [22.111, 42.0393], [22.1463, 42.0477], [22.1582, 42.0423], [22.199, 42.05], [22.2092, 42.0353], [22.2276, 42.0468], [22.2485, 42.0263], [22.2697, 42.0321], [22.2715, 42.0685], [22.2966, 42.066], [22.3211, 42.0701], [22.3412, 42.0627], [22.361, 42.042], [22.369, 42.0745], [22.3878, 42.0871], [22.3633, 42.1148], [22.3832, 42.1204], [22.4061, 42.1138], [22.4518, 42.1258], [22.4923, 42.1504], [22.5114, 42.1559], [22.5011, 42.187], [22.4861, 42.2013], [22.4707, 42.2017], [22.4336, 42.258], [22.4152, 42.267], [22.3785, 42.3088], [22.3598, 42.3117], [22.3328, 42.3214], [22.291, 42.3525], [22.2597, 42.3659], [22.2302, 42.3361], [22.1983, 42.3408], [22.1817, 42.3328], [22.1666, 42.3125], [22.1455, 42.3213], [22.1328, 42.3073], [22.1179, 42.3148], [22.0663, 42.2986], [22.0513, 42.3076], [22.0319, 42.2984], [21.9932, 42.3228], [21.9462, 42.3443], [21.935, 42.3405], [21.9283, 42.3103], [21.8931, 42.3], [21.882, 42.3135], [21.8516, 42.3256], [21.8152, 42.2937], [21.7956, 42.298], [21.7759, 42.2665], [21.7568, 42.2572], [21.7345, 42.2607], [21.7149, 42.2526], [21.6944, 42.2331], [21.6498, 42.2495], [21.6006, 42.2545], [21.5869, 42.2628], [21.569, 42.2507], [21.5496, 42.2536], [21.5213, 42.2415], [21.5188, 42.2627], [21.5014, 42.2713], [21.4692, 42.2801], [21.4449, 42.2779], [21.4325, 42.2593], [21.4437, 42.2358], [21.4599, 42.2395], [21.4881, 42.224], [21.5027, 42.2226], [21.5207, 42.2041], [21.5139, 42.1729], [21.4892, 42.1567], [21.5061, 42.1427], [21.5122, 42.1262], [21.5291, 42.1064], [21.546, 42.0962], [21.5591, 42.0672], [21.6048, 42.0511], [21.6112, 42.0814], [21.6434, 42.0733], [21.6382, 42.0583], [21.6599, 42.0485], [21.675, 42.0325], [21.7008, 42.0312], [21.6943, 42.001], [21.7111, 41.9994], [21.7412, 41.9736], [21.7957, 41.986], [21.7998, 41.9725], [21.8213, 41.9606], [21.8473, 41.9765], [21.8487, 41.9941], [21.8736, 42.0108], [21.903, 42.0187], [21.9266, 42.0156], [21.9374, 41.994], [21.9854, 42.006], [22.0079, 42.0193], [22.0342, 42.0159]]]}}, {"type": "Feature", "properties": {"ISO_A3": "MKD", "name": "Pelagonia", "wb_status": "Member State"}, "geometry": {"type": "Polygon", "coordinates": [[[20.9807, 40.854], [21.1183, 40.8539], [21.1535, 40.8569], [21.1773, 40.8754], [21.2077, 40.8841], [21.2428, 40.8742], [21.2595, 40.8594], [21.2729, 40.8654], [21.3017, 40.8655], [21.3612, 40.8789], [21.4172, 40.9178], [21.4407, 40.917], [21.4648, 40.9069], [21.503, 40.9106], [21.5256, 40.9102], [21.5665, 40.8664], [21.5932, 40.866], [21.6337, 40.8958], [21.6506, 40.9016], [21.6708, 40.8987], [21.666, 40.9171], [21.6842, 40.9411], [21.7101, 40.9406], [21.7566, 40.9253], [21.7837, 40.9288], [21.8037, 40.9444], [21.8006, 40.9754], [21.8144, 40.9856], [21.8478, 40.9989], [21.8552, 41.0154], [21.8842, 41.0293], [21.9137, 41.051], [21.9101, 41.082], [21.9107, 41.093], [21.9295, 41.1005], [21.9317, 41.1367], [21.9036, 41.1428], [21.8835, 41.1606], [21.8944, 41.1803], [21.8723, 41.2117], [21.8658, 41.2295], [21.8819, 41.2698], [21.8415, 41.2805], [21.8165, 41.3069], [21.8263, 41.3469], [21.8431, 41.3566], [21.823, 41.3837], [21.8179, 41.4082], [21.828, 41.4197], [21.8085, 41.4285], [21.7886, 41.4269], [21.7761, 41.4569], [21.7501, 41.4836], [21.7142, 41.4846], [21.6931, 41.4681], [21.6713, 41.4586], [21.6743, 41.4461], [21.6533, 41.4396], [21.6296, 41.4583], [21.6079, 41.453], [21.5838, 41.4712], [21.5392, 41.485], [21.5386, 41.4955], [21.4926, 41.5053], [21.4783, 41.5047], [21.4595, 41.5313], [21.4638, 41.556], [21.4436, 41.5675], [21.4246, 41.5963], [21.3739, 41.6055], [21.3664, 41.5761], [21.3422, 41.553], [21.3427, 41.5328], [21.3327, 41.5164], [21.289, 41.5086], [21.2847, 41.4957], [21.2628, 41.4942], [21.2644, 41.4721], [21.2281, 41.442], [21.2022, 41.4351], [21.1874, 41.4382], [21.1369, 41.4265], [21.1274, 41.4182], [21.1345, 41.3938], [21.1116, 41.3821], [21.0938, 41.3603], [21.0202, 41.3621], [20.9548, 41.3239], [20.965, 41.296], [20.9932, 41.2868], [21.0135, 41.2622], [21.0179, 41.2421], [21.0391, 41.215], [21.0048, 41.1903], [20.9848, 41.1831], [20.9345, 41.1537], [20.928, 41.1401], [20.903, 41.1249], [20.8925, 41.0834], [20.8952, 41.0586], [20.873, 41.0396], [20.8816, 41.0282], [20.8631, 40.9899], [20.8328, 40.961], [20.8295, 40.943], [20.8377, 40.9277], [20.848, 40.9377], [20.9113, 40.9175], [20.9157, 40.9236], [20.9479, 40.9221], [20.9794, 40.8975], [20.9807, 40.854]]]}}, {"type": "Feature", "properties": {"ISO_A3": "MKD", "name": "Polog", "wb_status": "Member State"}, "geometry": {"type": "Polygon", "coordinates": [[[20.9822, 42.139], [20.9441, 42.138], [20.9284, 42.1276], [20.8916, 42.0975], [20.8432, 42.0986], [20.834, 42.0859], [20.7929, 42.0837], [20.7696, 42.0585], [20.7635, 42.0407], [20.7485, 42.0268], [20.7482, 41.9855], [20.7671, 41.9627], [20.7547, 41.9467], [20.7717, 41.9271], [20.7757, 41.9184], [20.7411, 41.8935], [20.728, 41.8643], [20.6828, 41.8579], [20.6785, 41.8685], [20.6484, 41.8745], [20.6192, 41.8578], [20.5944, 41.8772], [20.571, 41.8741], [20.5583, 41.8609], [20.5623, 41.847], [20.5612, 41.8271], [20.5734, 41.7977], [20.5638, 41.7861], [20.5317, 41.7767], [20.5312, 41.7645], [20.5146, 41.7304], [20.5272, 41.7047], [20.5297, 41.6868], [20.5165, 41.6619], [20.5259, 41.6405], [20.5448, 41.6217], [20.5576, 41.5816], [20.5712, 41.5669], [20.6119, 41.5505], [20.6368, 41.5496], [20.6616, 41.5351], [20.6602, 41.528], [20.6961, 41.5159], [20.729, 41.4935], [20.7453, 41.5095], [20.7566, 41.4945], [20.7731, 41.4933], [20.8008, 41.519], [20.8114, 41.5636], [20.8104, 41.5839], [20.8401, 41.5872], [20.8242, 41.5948], [20.8114, 41.6268], [20.7817, 41.6345], [20.8006, 41.652], [20.8145, 41.6468], [20.8308, 41.6678], [20.8617, 41.6679], [20.902, 41.6753], [20.9531, 41.6578], [20.9613, 41.6432], [20.9764, 41.6415], [21.0031, 41.6529], [21.0164, 41.6523], [21.0427, 41.6651], [21.0521, 41.6606], [21.0537, 41.6956], [21.0392, 41.702], [21.0367, 41.7274], [21.0109, 41.7774], [21.0161, 41.7865], [21.0477, 41.786], [21.088, 41.7922], [21.1087, 41.8034], [21.1137, 41.8162], [21.1331, 41.8278], [21.1426, 41.8424], [21.1907, 41.8477], [21.2045, 41.8532], [21.2154, 41.8355], [21.2379, 41.83], [21.2355, 41.8494], [21.2424, 41.8812], [21.2168, 41.8942], [21.1915, 41.9041], [21.1828, 41.9483], [21.1876, 41.9771], [21.1565, 41.9996], [21.1499, 42.0128], [21.178, 42.0346], [21.1665, 42.0487], [21.1974, 42.0675], [21.1863, 42.091], [21.1619, 42.0963], [21.2129, 42.1103], [21.2169, 42.1241], [21.195, 42.1531], [21.1806, 42.1667], [21.1625, 42.1967], [21.118, 42.2069], [21.0674, 42.1855], [21.0488, 42.1659], [20.9822, 42.139]]]}}, {"type": "Feature", "properties": {"ISO_A3": "MKD", "name": "Skopje", "wb_status": "Member State"}, "geometry": {"type": "Polygon", "coordinates": [[[21.8213, 41.9606], [21.7998, 41.9725], [21.7957, 41.986], [21.7412, 41.9736], [21.7111, 41.9994], [21.6943, 42.001], [21.7008, 42.0312], [21.675, 42.0325], [21.6599, 42.0485], [21.6382, 42.0583], [21.6434, 42.0733], [21.6112, 42.0814], [21.6048, 42.0511], [21.5591, 42.0672], [21.546, 42.0962], [21.5291, 42.1064], [21.5122, 42.1262], [21.5061, 42.1427], [21.4892, 42.1567], [21.5139, 42.1729], [21.5207, 42.2041], [21.5027, 42.2226], [21.4881, 42.224], [21.4599, 42.2395], [21.4437, 42.2358], [21.4015, 42.2492], [21.3777, 42.2379], [21.3458, 42.2048], [21.3361, 42.2071], [21.3356, 42.1918], [21.3173, 42.1702], [21.3212, 42.1614], [21.3024, 42.1413], [21.3208, 42.1078], [21.2929, 42.1064], [21.2726, 42.0959], [21.2492, 42.0924], [21.2246, 42.0956], [21.2129, 42.1103], [21.1619, 42.0963], [21.1863, 42.091], [21.1974, 42.0675], [21.1665, 42.0487], [21.178, 42.0346], [21.1499, 42.0128], [21.1565, 41.9996], [21.1876, 41.9771], [21.1828, 41.9483], [21.1915, 41.9041], [21.2168, 41.8942], [21.2424, 41.8812], [21.2355, 41.8494], [21.2379, 41.83], [21.2561, 41.8215], [21.2609, 41.8066], [21.2905, 41.7729], [21.3428, 41.7313], [21.3674, 41.7407], [21.3935, 41.718], [21.404, 41.7038], [21.4419, 41.7278], [21.4526, 41.7565], [21.5258, 41.7642], [21.5268, 41.7541], [21.5688, 41.7591], [21.5786, 41.7493], [21.6221, 41.772], [21.6409, 41.7981], [21.6312, 41.8189], [21.6356, 41.8352], [21.6466, 41.8265], [21.6747, 41.8345], [21.7013, 41.836], [21.7149, 41.8205], [21.7363, 41.8264], [21.7332, 41.8517], [21.7536, 41.8733], [21.7506, 41.9059], [21.7673, 41.9038], [21.7898, 41.9197], [21.8059, 41.9185], [21.8213, 41.9606]]]}}, {"type": "Feature", "properties": {"ISO_A3": "MKD", "name": "Southeast", "wb_status": "Member State"}, "geometry": {"type": "Polygon", "coordinates": [[[22.2156, 41.1695], [22.2264, 41.1642], [22.2729, 41.1626], [22.3269, 41.1372], [22.4019, 41.1292], [22.4183, 41.1188], [22.453, 41.1213], [22.4654, 41.1168], [22.507, 41.126], [22.5622, 41.1312], [22.576, 41.1185], [22.6057, 41.1266], [22.642, 41.1605], [22.6482, 41.181], [22.6662, 41.1865], [22.6875, 41.1598], [22.7072, 41.1426], [22.7296, 41.1455], [22.7473, 41.1629], [22.7609, 41.266], [22.7559, 41.2754], [22.7659, 41.2924], [22.7572, 41.303], [22.7635, 41.3215], [22.802, 41.3385], [22.8219, 41.3347], [22.9152, 41.3413], [22.9273, 41.3385], [22.9655, 41.3535], [22.9622, 41.3787], [22.9666, 41.3931], [22.9526, 41.4175], [22.9794, 41.4469], [22.964, 41.465], [22.9678, 41.4744], [22.9575, 41.4937], [22.968, 41.503], [22.9687, 41.52], [22.9458, 41.5274], [22.9048, 41.5207], [22.8882, 41.5309], [22.8754, 41.5233], [22.8554, 41.5433], [22.8383, 41.5324], [22.8131, 41.528], [22.7827, 41.5523], [22.7651, 41.5591], [22.7675, 41.5718], [22.7061, 41.5879], [22.6975, 41.606], [22.7071, 41.6241], [22.6737, 41.6446], [22.6416, 41.6409], [22.6397, 41.6655], [22.6476, 41.6825], [22.6372, 41.7278], [22.6264, 41.7498], [22.6122, 41.7475], [22.5942, 41.7619], [22.5641, 41.7711], [22.5275, 41.7637], [22.4994, 41.7665], [22.4656, 41.7873], [22.4366, 41.7675], [22.4351, 41.7444], [22.4156, 41.729], [22.4131, 41.71], [22.3965, 41.7018], [22.3873, 41.6829], [22.3541, 41.6855], [22.333, 41.6948], [22.3092, 41.6756], [22.3101, 41.6544], [22.3273, 41.6352], [22.3167, 41.6243], [22.3413, 41.6109], [22.3287, 41.5937], [22.2821, 41.5701], [22.2664, 41.5564], [22.3112, 41.5111], [22.3142, 41.4969], [22.3468, 41.4847], [22.3489, 41.4748], [22.3333, 41.4455], [22.3441, 41.43], [22.3343, 41.4165], [22.3373, 41.3934], [22.3694, 41.3853], [22.3568, 41.3701], [22.3602, 41.3567], [22.3468, 41.3458], [22.2957, 41.3218], [22.2925, 41.3099], [22.2901, 41.2789], [22.2997, 41.2649], [22.2927, 41.251], [22.2457, 41.2438], [22.268, 41.2297], [22.2695, 41.2176], [22.2437, 41.2005], [22.2245, 41.2022], [22.214, 41.1852], [22.2156, 41.1695]]]}}, {"type": "Feature", "properties": {"ISO_A3": "MKD", "name": "Southwest", "wb_status": "Member State"}, "geometry": {"type": "Polygon", "coordinates": [[[20.4619, 41.5559], [20.473, 41.532], [20.4543, 41.5227], [20.4694, 41.4973], [20.4944, 41.491], [20.5134, 41.4377], [20.5318, 41.4362], [20.5601, 41.4084], [20.5513, 41.3766], [20.5271, 41.3537], [20.5198, 41.3375], [20.5024, 41.3471], [20.4914, 41.3324], [20.4994, 41.3204], [20.5134, 41.2823], [20.518, 41.2502], [20.5207, 41.2468], [20.5164, 41.2379], [20.5315, 41.2042], [20.5538, 41.1909], [20.5965, 41.1321], [20.5823, 41.1133], [20.5958, 41.0925], [20.6329, 41.0864], [20.6697, 41.0873], [20.7002, 41.009], [20.7127, 40.9662], [20.7326, 40.912], [20.7586, 40.9029], [20.7944, 40.9017], [20.8119, 40.8989], [20.8277, 40.9101], [20.8377, 40.9277], [20.8295, 40.943], [20.8328, 40.961], [20.8631, 40.9899], [20.8816, 41.0282], [20.873, 41.0396], [20.8952, 41.0586], [20.8925, 41.0834], [20.903, 41.1249], [20.928, 41.1401], [20.9345, 41.1537], [20.9848, 41.1831], [21.0048, 41.1903], [21.0391, 41.215], [21.0179, 41.2421], [21.0135, 41.2622], [20.9932, 41.2868], [20.965, 41.296], [20.9548, 41.3239], [21.0202, 41.3621], [21.0938, 41.3603], [21.1116, 41.3821], [21.1345, 41.3938], [21.1274, 41.4182], [21.1369, 41.4265], [21.1874, 41.4382], [21.2022, 41.4351], [21.2281, 41.442], [21.2644, 41.4721], [21.2628, 41.4942], [21.2847, 41.4957], [21.289, 41.5086], [21.3327, 41.5164], [21.3427, 41.5328], [21.3422, 41.553], [21.3664, 41.5761], [21.3739, 41.6055], [21.38, 41.6248], [21.3694, 41.6495], [21.3905, 41.655], [21.3974, 41.6662], [21.3835, 41.7108], [21.3935, 41.718], [21.3674, 41.7407], [21.3428, 41.7313], [21.2905, 41.7729], [21.2609, 41.8066], [21.2561, 41.8215], [21.2379, 41.83], [21.2154, 41.8355], [21.2045, 41.8532], [21.1907, 41.8477], [21.1426, 41.8424], [21.1331, 41.8278], [21.1137, 41.8162], [21.1087, 41.8034], [21.088, 41.7922], [21.0477, 41.786], [21.0161, 41.7865], [21.0109, 41.7774], [21.0367, 41.7274], [21.0392, 41.702], [21.0537, 41.6956], [21.0521, 41.6606], [21.0427, 41.6651], [21.0164, 41.6523], [21.0031, 41.6529], [20.9764, 41.6415], [20.9613, 41.6432], [20.9531, 41.6578], [20.902, 41.6753], [20.8617, 41.6679], [20.8308, 41.6678], [20.8145, 41.6468], [20.8006, 41.652], [20.7817, 41.6345], [20.8114, 41.6268], [20.8242, 41.5948], [20.8401, 41.5872], [20.8104, 41.5839], [20.8114, 41.5636], [20.8008, 41.519], [20.7731, 41.4933], [20.7566, 41.4945], [20.7453, 41.5095], [20.729, 41.4935], [20.6961, 41.5159], [20.6602, 41.528], [20.6616, 41.5351], [20.6368, 41.5496], [20.6119, 41.5505], [20.5712, 41.5669], [20.5576, 41.5816], [20.5255, 41.5662], [20.4619, 41.5559]]]}}, {"type": "Feature", "properties": {"ISO_A3": "MKD", "name": "Vardar", "wb_status": "Member State"}, "geometry": {"type": "Polygon", "coordinates": [[[21.3739, 41.6055], [21.4246, 41.5963], [21.4436, 41.5675], [21.4638, 41.556], [21.4595, 41.5313], [21.4783, 41.5047], [21.4926, 41.5053], [21.5386, 41.4955], [21.5392, 41.485], [21.5838, 41.4712], [21.6079, 41.453], [21.6296, 41.4583], [21.6533, 41.4396], [21.6743, 41.4461], [21.6713, 41.4586], [21.6931, 41.4681], [21.7142, 41.4846], [21.7501, 41.4836], [21.7761, 41.4569], [21.7886, 41.4269], [21.8085, 41.4285], [21.828, 41.4197], [21.8179, 41.4082], [21.823, 41.3837], [21.8431, 41.3566], [21.8263, 41.3469], [21.8165, 41.3069], [21.8415, 41.2805], [21.8819, 41.2698], [21.8658, 41.2295], [21.8723, 41.2117], [21.8944, 41.1803], [21.8835, 41.1606], [21.9036, 41.1428], [21.9317, 41.1367], [21.9295, 41.1005], [21.962, 41.1175], [21.9731, 41.1293], [21.9919, 41.1259], [22.0277, 41.1328], [22.0688, 41.1554], [22.0873, 41.1386], [22.1102, 41.1348], [22.1293, 41.1229], [22.1488, 41.128], [22.1725, 41.1574], [22.2055, 41.1615], [22.2156, 41.1695], [22.214, 41.1852], [22.2245, 41.2022], [22.2437, 41.2005], [22.2695, 41.2176], [22.268, 41.2297], [22.2457, 41.2438], [22.2927, 41.251], [22.2997, 41.2649], [22.2901, 41.2789], [22.2925, 41.3099], [22.2957, 41.3218], [22.3468, 41.3458], [22.3602, 41.3567], [22.3568, 41.3701], [22.3694, 41.3853], [22.3373, 41.3934], [22.3343, 41.4165], [22.3441, 41.43], [22.3333, 41.4455], [22.3489, 41.4748], [22.3468, 41.4847], [22.3142, 41.4969], [22.3112, 41.5111], [22.2664, 41.5564], [22.2474, 41.549], [22.2161, 41.5627], [22.1853, 41.5825], [22.1775, 41.6005], [22.1568, 41.6062], [22.1279, 41.5984], [22.1188, 41.6096], [22.1214, 41.6322], [22.1105, 41.6576], [22.0995, 41.6602], [22.0735, 41.6297], [22.0532, 41.6567], [22.0321, 41.6665], [21.9672, 41.6759], [21.9471, 41.7125], [21.9786, 41.734], [21.9988, 41.7215], [22.0198, 41.7468], [22.034, 41.7403], [22.058, 41.7622], [22.0455, 41.787], [22.065, 41.7873], [22.0782, 41.8078], [22.1007, 41.8211], [22.1088, 41.8332], [22.0968, 41.8584], [22.1114, 41.8854], [22.1148, 41.9018], [22.0957, 41.921], [22.0767, 41.9526], [22.0356, 41.9746], [22.0342, 42.0159], [22.0079, 42.0193], [21.9854, 42.006], [21.9374, 41.994], [21.9266, 42.0156], [21.903, 42.0187], [21.8736, 42.0108], [21.8487, 41.9941], [21.8473, 41.9765], [21.8213, 41.9606], [21.8059, 41.9185], [21.7898, 41.9197], [21.7673, 41.9038], [21.7506, 41.9059], [21.7536, 41.8733], [21.7332, 41.8517], [21.7363, 41.8264], [21.7149, 41.8205], [21.7013, 41.836], [21.6747, 41.8345], [21.6466, 41.8265], [21.6356, 41.8352], [21.6312, 41.8189], [21.6409, 41.7981], [21.6221, 41.772], [21.5786, 41.7493], [21.5688, 41.7591], [21.5268, 41.7541], [21.5258, 41.7642], [21.4526, 41.7565], [21.4419, 41.7278], [21.404, 41.7038], [21.3935, 41.718], [21.3835, 41.7108], [21.3974, 41.6662], [21.3905, 41.655], [21.3694, 41.6495], [21.38, 41.6248], [21.3739, 41.6055]]]}}, {"type": "Feature", "properties": {"ISO_A3": "MNE", "name": "Andrijevica", "wb_status": "Member State"}, "geometry": {"type": "Polygon", "coordinates": [[[19.7706, 42.5965], [19.7998, 42.5985], [19.814, 42.613], [19.8302, 42.6445], [19.8627, 42.6782], [19.8875, 42.6897], [19.9441, 42.6983], [19.978, 42.7068], [19.9432, 42.7419], [19.868, 42.7631], [19.7701, 42.776], [19.7086, 42.7904], [19.637, 42.8265], [19.6253, 42.8112], [19.6422, 42.7984], [19.6494, 42.7729], [19.6691, 42.7398], [19.6652, 42.7087], [19.6446, 42.6839], [19.6395, 42.6425], [19.6504, 42.6147], [19.663, 42.6287], [19.68, 42.6282], [19.6992, 42.6506], [19.7238, 42.6607], [19.7379, 42.6429], [19.7526, 42.6399], [19.7518, 42.6135], [19.7706, 42.5965]]]}}, {"type": "Feature", "properties": {"ISO_A3": "MNE", "name": "Bar", "wb_status": "Member State"}, "geometry": {"type": "Polygon", "coordinates": [[[19.4018, 42.1033], [19.2817, 42.1801], [19.1307, 42.2861], [19.1167, 42.3066], [19.0698, 42.2834], [19.0313, 42.2955], [19.0135, 42.2865], [18.984, 42.287], [18.9884, 42.2625], [18.9667, 42.2555], [18.9423, 42.2672], [18.933, 42.2795], [18.9062, 42.2871], [18.9007, 42.2672], [18.9198, 42.2412], [18.9275, 42.2208], [18.9494, 42.201], [18.9667, 42.192], [18.9664, 42.1745], [18.9968, 42.1613], [19.0175, 42.1403], [19.0617, 42.133], [19.0829, 42.1134], [19.0913, 42.0948], [19.0744, 42.0832], [19.1407, 42.0442], [19.1488, 42.0267], [19.1451, 41.9977], [19.1523, 41.9829], [19.1384, 41.9759], [19.1812, 41.9634], [19.2047, 41.9709], [19.2034, 41.9993], [19.1703, 42.0181], [19.1948, 42.0447], [19.1777, 42.0499], [19.1605, 42.0679], [19.1915, 42.0674], [19.2265, 42.0468], [19.2495, 42.0496], [19.2571, 42.0386], [19.2973, 42.0533], [19.3514, 42.0578], [19.378, 42.0549], [19.3774, 42.0574], [19.3846, 42.0787], [19.4018, 42.1033]]]}}, {"type": "Feature", "properties": {"ISO_A3": "MNE", "name": "Berane", "wb_status": "Member State"}, "geometry": {"type": "Polygon", "coordinates": [[[20.054, 42.7776], [20.0359, 42.8004], [20.0374, 42.813], [20.0277, 42.8413], [20.0396, 42.8561], [20.075, 42.8688], [20.081, 42.8883], [20.0937, 42.9002], [20.111, 42.9355], [20.1186, 42.9655], [20.09, 42.9913], [20.0657, 43.0024], [20.0603, 43.0076], [20.0368, 42.9899], [19.9608, 42.9735], [19.9451, 42.9588], [19.9158, 42.9592], [19.8957, 42.9538], [19.8869, 42.9331], [19.8695, 42.9227], [19.8484, 42.9198], [19.8227, 42.9254], [19.8102, 42.9502], [19.7964, 42.9592], [19.7739, 42.9457], [19.7673, 42.9257], [19.7163, 42.9165], [19.661, 42.9023], [19.6264, 42.889], [19.6547, 42.8726], [19.657, 42.8607], [19.6411, 42.8435], [19.637, 42.8265], [19.7086, 42.7904], [19.7701, 42.776], [19.868, 42.7631], [19.9432, 42.7419], [19.978, 42.7068], [20.0318, 42.7037], [20.0225, 42.7133], [20.0143, 42.741], [20.0245, 42.7651], [20.054, 42.7776]]]}}, {"type": "Feature", "properties": {"ISO_A3": "MNE", "name": "Bijelo Polje", "wb_status": "Member State"}, "geometry": {"type": "Polygon", "coordinates": [[[20.0603, 43.0076], [20.0475, 43.0264], [19.9921, 43.0518], [19.9696, 43.0883], [19.9664, 43.1117], [19.9155, 43.0868], [19.9027, 43.0993], [19.8875, 43.0974], [19.8701, 43.1131], [19.8387, 43.094], [19.8292, 43.1179], [19.8126, 43.1153], [19.7911, 43.1235], [19.7693, 43.1657], [19.7409, 43.159], [19.7337, 43.1713], [19.6849, 43.168], [19.6644, 43.1863], [19.6408, 43.1888], [19.6386, 43.2072], [19.6184, 43.2305], [19.5908, 43.2394], [19.5463, 43.2467], [19.5422, 43.2575], [19.5154, 43.2318], [19.4921, 43.2178], [19.4763, 43.2001], [19.4754, 43.1703], [19.4623, 43.1635], [19.4157, 43.1195], [19.3846, 43.115], [19.3876, 43.0879], [19.3788, 43.077], [19.4, 43.0758], [19.416, 43.0608], [19.4796, 43.0526], [19.5376, 43.0286], [19.564, 43.0265], [19.6004, 43.0168], [19.6094, 43.0005], [19.597, 42.9733], [19.6056, 42.9497], [19.6291, 42.9422], [19.6387, 42.9231], [19.6264, 42.889], [19.661, 42.9023], [19.7163, 42.9165], [19.7673, 42.9257], [19.7739, 42.9457], [19.7964, 42.9592], [19.8102, 42.9502], [19.8227, 42.9254], [19.8484, 42.9198], [19.8695, 42.9227], [19.8869, 42.9331], [19.8957, 42.9538], [19.9158, 42.9592], [19.9451, 42.9588], [19.9608, 42.9735], [20.0368, 42.9899], [20.0603, 43.0076]]]}}, {"type": "Feature", "properties": {"ISO_A3": "MNE", "name": "Budva", "wb_status": "Member State"}, "geometry": {"type": "Polygon", "coordinates": [[[18.9062, 42.2871], [18.88, 42.3112], [18.8501, 42.325], [18.7965, 42.3399], [18.7803, 42.3486], [18.7565, 42.3251], [18.7477, 42.2915], [18.7791, 42.2671], [18.7869, 42.2814], [18.8416, 42.284], [18.8786, 42.2805], [18.8922, 42.2692], [18.9056, 42.2216], [18.9294, 42.2067], [18.9494, 42.201], [18.9275, 42.2208], [18.9198, 42.2412], [18.9007, 42.2672], [18.9062, 42.2871]]]}}, {"type": "Feature", "properties": {"ISO_A3": "MNE", "name": "Cetinje", "wb_status": "Member State"}, "geometry": {"type": "Polygon", "coordinates": [[[19.1167, 42.3066], [19.1208, 42.3375], [19.114, 42.3466], [19.0302, 42.3966], [19.0254, 42.4157], [18.999, 42.4163], [18.9963, 42.4369], [18.9449, 42.4708], [18.912, 42.4758], [18.9162, 42.4855], [18.965, 42.4922], [18.9573, 42.516], [18.9808, 42.5481], [18.9728, 42.5668], [18.9239, 42.6027], [18.9277, 42.6149], [18.8888, 42.6449], [18.8444, 42.693], [18.8273, 42.6982], [18.7784, 42.6958], [18.71, 42.7089], [18.7106, 42.6926], [18.6902, 42.6953], [18.6826, 42.674], [18.685, 42.6369], [18.663, 42.6316], [18.6754, 42.616], [18.6861, 42.5887], [18.7065, 42.5779], [18.7027, 42.5529], [18.7377, 42.521], [18.7566, 42.4899], [18.7652, 42.4881], [18.7619, 42.4417], [18.7674, 42.4311], [18.7589, 42.4271], [18.7459, 42.4077], [18.7484, 42.3942], [18.7803, 42.3486], [18.7965, 42.3399], [18.8501, 42.325], [18.88, 42.3112], [18.9062, 42.2871], [18.933, 42.2795], [18.9423, 42.2672], [18.9667, 42.2555], [18.9884, 42.2625], [18.984, 42.287], [19.0135, 42.2865], [19.0313, 42.2955], [19.0698, 42.2834], [19.1167, 42.3066]]]}}, {"type": "Feature", "properties": {"ISO_A3": "MNE", "name": "Danilovgrad", "wb_status": "Member State"}, "geometry": {"type": "Polygon", "coordinates": [[[18.965, 42.4922], [18.9849, 42.4871], [19.0079, 42.4697], [19.0436, 42.4699], [19.056, 42.4648], [19.1299, 42.4765], [19.1654, 42.4679], [19.1833, 42.4985], [19.1807, 42.5284], [19.1855, 42.5418], [19.2127, 42.575], [19.2273, 42.6081], [19.2731, 42.6628], [19.2131, 42.7415], [19.2028, 42.7596], [19.1838, 42.7334], [19.1784, 42.7083], [19.198, 42.7059], [19.1799, 42.6867], [19.1516, 42.6998], [19.1162, 42.6905], [19.0723, 42.6965], [19.0521, 42.6911], [19.022, 42.6963], [18.9797, 42.679], [18.9759, 42.6658], [18.9967, 42.6408], [18.9973, 42.6282], [18.9657, 42.6315], [18.9471, 42.6281], [18.9277, 42.6149], [18.9239, 42.6027], [18.9728, 42.5668], [18.9808, 42.5481], [18.9573, 42.516], [18.965, 42.4922]]]}}, {"type": "Feature", "properties": {"ISO_A3": "MNE", "name": "Herceg Novi", "wb_status": "Member State"}, "geometry": {"type": "Polygon", "coordinates": [[[18.4387, 42.5556], [18.4367, 42.5194], [18.4465, 42.5105], [18.4385, 42.483], [18.4745, 42.4636], [18.496, 42.4394], [18.5237, 42.4203], [18.5078, 42.4425], [18.517, 42.459], [18.5372, 42.4491], [18.5619, 42.4543], [18.5977, 42.433], [18.6319, 42.4409], [18.6746, 42.4594], [18.6529, 42.4688], [18.6116, 42.4718], [18.5653, 42.4682], [18.5514, 42.4883], [18.5778, 42.5034], [18.6283, 42.5101], [18.6275, 42.5289], [18.6005, 42.5324], [18.5602, 42.552], [18.5378, 42.5751], [18.5278, 42.5836], [18.4993, 42.5881], [18.4724, 42.5638], [18.4387, 42.5556]]]}}, {"type": "Feature", "properties": {"ISO_A3": "MNE", "name": "Kolasin", "wb_status": "Member State"}, "geometry": {"type": "Polygon", "coordinates": [[[19.637, 42.8265], [19.6411, 42.8435], [19.657, 42.8607], [19.6547, 42.8726], [19.6264, 42.889], [19.5884, 42.9135], [19.5653, 42.9111], [19.5421, 42.9158], [19.4818, 42.9077], [19.4462, 42.9126], [19.3927, 42.9277], [19.3717, 42.9434], [19.368, 42.9252], [19.2895, 42.9164], [19.2549, 42.9197], [19.2349, 42.9131], [19.2148, 42.8913], [19.2077, 42.8699], [19.2461, 42.8465], [19.2486, 42.833], [19.2319, 42.8198], [19.2203, 42.7824], [19.2028, 42.7596], [19.2131, 42.7415], [19.2731, 42.6628], [19.3425, 42.6643], [19.366, 42.6557], [19.3791, 42.6606], [19.388, 42.6774], [19.4188, 42.6817], [19.4409, 42.703], [19.4748, 42.7061], [19.4949, 42.7002], [19.5311, 42.7065], [19.5694, 42.7029], [19.6013, 42.6908], [19.6077, 42.6756], [19.6446, 42.6839], [19.6652, 42.7087], [19.6691, 42.7398], [19.6494, 42.7729], [19.6422, 42.7984], [19.6253, 42.8112], [19.637, 42.8265]]]}}, {"type": "Feature", "properties": {"ISO_A3": "MNE", "name": "Kotor", "wb_status": "Member State"}, "geometry": {"type": "MultiPolygon", "coordinates": [[[[18.7589, 42.4271], [18.7543, 42.449], [18.7341, 42.4658], [18.6898, 42.4771], [18.6837, 42.4541], [18.719, 42.4229], [18.7459, 42.4077], [18.7589, 42.4271]]], [[[18.5378, 42.5751], [18.5602, 42.552], [18.6005, 42.5324], [18.6275, 42.5289], [18.6283, 42.5101], [18.5778, 42.5034], [18.5514, 42.4883], [18.5653, 42.4682], [18.6116, 42.4718], [18.6529, 42.4688], [18.6746, 42.4594], [18.6869, 42.4789], [18.6494, 42.4896], [18.684, 42.5154], [18.6962, 42.51], [18.6978, 42.4861], [18.7393, 42.4844], [18.7566, 42.4899], [18.7377, 42.521], [18.7027, 42.5529], [18.7065, 42.5779], [18.6861, 42.5887], [18.6754, 42.616], [18.663, 42.6316], [18.6183, 42.632], [18.5841, 42.6228], [18.548, 42.5952], [18.5543, 42.5807], [18.5378, 42.5751]]]]}}, {"type": "Feature", "properties": {"ISO_A3": "MNE", "name": "Mojkovac", "wb_status": "Member State"}, "geometry": {"type": "Polygon", "coordinates": [[[19.3788, 43.077], [19.3717, 43.0649], [19.3471, 43.0484], [19.3238, 43.025], [19.3192, 43.0052], [19.3415, 42.9912], [19.3492, 42.9727], [19.3717, 42.9434], [19.3927, 42.9277], [19.4462, 42.9126], [19.4818, 42.9077], [19.5421, 42.9158], [19.5653, 42.9111], [19.5884, 42.9135], [19.6264, 42.889], [19.6387, 42.9231], [19.6291, 42.9422], [19.6056, 42.9497], [19.597, 42.9733], [19.6094, 43.0005], [19.6004, 43.0168], [19.564, 43.0265], [19.5376, 43.0286], [19.4796, 43.0526], [19.416, 43.0608], [19.4, 43.0758], [19.3788, 43.077]]]}}, {"type": "Feature", "properties": {"ISO_A3": "MNE", "name": "Niksic", "wb_status": "Member State"}, "geometry": {"type": "Polygon", "coordinates": [[[18.6524, 43.1252], [18.6606, 43.0374], [18.623, 43.0295], [18.5918, 43.0329], [18.5417, 43.0326], [18.5188, 43.02], [18.5091, 43.0], [18.4982, 42.9959], [18.4859, 42.9638], [18.4825, 42.9285], [18.5091, 42.8868], [18.4887, 42.8802], [18.4936, 42.8654], [18.4694, 42.8547], [18.4654, 42.8387], [18.4755, 42.829], [18.4481, 42.8154], [18.474, 42.7538], [18.4922, 42.7478], [18.5284, 42.7239], [18.5698, 42.7197], [18.5489, 42.6847], [18.5487, 42.6719], [18.5641, 42.6613], [18.5748, 42.6427], [18.551, 42.6411], [18.528, 42.6306], [18.5201, 42.6184], [18.548, 42.5952], [18.5841, 42.6228], [18.6183, 42.632], [18.663, 42.6316], [18.685, 42.6369], [18.6826, 42.674], [18.6902, 42.6953], [18.7106, 42.6926], [18.71, 42.7089], [18.7784, 42.6958], [18.8273, 42.6982], [18.8444, 42.693], [18.8888, 42.6449], [18.9277, 42.6149], [18.9471, 42.6281], [18.9657, 42.6315], [18.9973, 42.6282], [18.9967, 42.6408], [18.9759, 42.6658], [18.9797, 42.679], [19.022, 42.6963], [19.0521, 42.6911], [19.0723, 42.6965], [19.1162, 42.6905], [19.1516, 42.6998], [19.1799, 42.6867], [19.198, 42.7059], [19.1784, 42.7083], [19.1838, 42.7334], [19.2028, 42.7596], [19.2203, 42.7824], [19.2319, 42.8198], [19.2486, 42.833], [19.2461, 42.8465], [19.2077, 42.8699], [19.1891, 42.8604], [19.1604, 42.8624], [19.1296, 42.8839], [19.1007, 42.8921], [19.0696, 42.9209], [19.0207, 42.9415], [18.9984, 42.9446], [18.8999, 42.9535], [18.8498, 42.9692], [18.822, 42.9879], [18.7844, 43.0223], [18.7712, 43.0593], [18.7584, 43.0819], [18.7272, 43.1061], [18.6992, 43.0998], [18.675, 43.1185], [18.6524, 43.1252]]]}}, {"type": "Feature", "properties": {"ISO_A3": "MNE", "name": "Plav", "wb_status": "Member State"}, "geometry": {"type": "Polygon", "coordinates": [[[19.7883, 42.4868], [19.8073, 42.4733], [19.8302, 42.4666], [19.8553, 42.4848], [19.8855, 42.4943], [19.9061, 42.5075], [19.9429, 42.5184], [19.952, 42.5115], [19.982, 42.5135], [20.003, 42.5084], [20.0175, 42.5441], [20.0374, 42.547], [20.0569, 42.5596], [20.0784, 42.5559], [20.088, 42.5792], [20.0751, 42.6017], [20.0752, 42.6203], [20.112, 42.6554], [20.0886, 42.6687], [20.0834, 42.68], [20.0542, 42.6848], [20.0318, 42.7037], [19.978, 42.7068], [19.9441, 42.6983], [19.8875, 42.6897], [19.8627, 42.6782], [19.8302, 42.6445], [19.814, 42.613], [19.7998, 42.5985], [19.7706, 42.5965], [19.7481, 42.5723], [19.7544, 42.565], [19.7436, 42.5449], [19.7665, 42.5016], [19.7883, 42.4868]]]}}, {"type": "Feature", "properties": {"ISO_A3": "MNE", "name": "Pljevlja", "wb_status": "Member State"}, "geometry": {"type": "Polygon", "coordinates": [[[19.2243, 43.5275], [19.197, 43.5336], [19.1533, 43.5364], [19.1195, 43.5193], [19.1031, 43.522], [19.0421, 43.5069], [19.0435, 43.5244], [19.0069, 43.5562], [18.9884, 43.5554], [18.9825, 43.5324], [18.9354, 43.5137], [18.917, 43.4941], [18.9494, 43.4946], [18.9596, 43.483], [18.9589, 43.4585], [19.0076, 43.4434], [19.0185, 43.4307], [19.0206, 43.4086], [19.042, 43.3969], [19.0413, 43.3638], [19.0611, 43.3522], [19.0831, 43.319], [19.0802, 43.2998], [19.0357, 43.2895], [19.0199, 43.2599], [19.0016, 43.2524], [19.0139, 43.2392], [19.0422, 43.2394], [19.0647, 43.2156], [19.1205, 43.2211], [19.1342, 43.2294], [19.16, 43.228], [19.1989, 43.2008], [19.2292, 43.1931], [19.2633, 43.1672], [19.2925, 43.155], [19.3056, 43.1336], [19.3589, 43.1191], [19.3772, 43.0967], [19.3788, 43.077], [19.3876, 43.0879], [19.3846, 43.115], [19.4157, 43.1195], [19.4623, 43.1635], [19.4754, 43.1703], [19.4763, 43.2001], [19.4921, 43.2178], [19.5154, 43.2318], [19.5422, 43.2575], [19.5274, 43.285], [19.5377, 43.3042], [19.528, 43.3171], [19.4852, 43.3276], [19.461, 43.3448], [19.4505, 43.3673], [19.4485, 43.3881], [19.4121, 43.3927], [19.3857, 43.4116], [19.3594, 43.4115], [19.3219, 43.4413], [19.2882, 43.4458], [19.2534, 43.4614], [19.2214, 43.4832], [19.2276, 43.5125], [19.2243, 43.5275]]]}}, {"type": "Feature", "properties": {"ISO_A3": "MNE", "name": "Pluzine", "wb_status": "Member State"}, "geometry": {"type": "Polygon", "coordinates": [[[18.9932, 43.2581], [18.982, 43.2806], [18.9555, 43.2879], [18.9491, 43.3013], [18.9599, 43.3172], [18.9276, 43.3499], [18.9104, 43.3607], [18.8983, 43.3546], [18.8635, 43.354], [18.839, 43.3441], [18.8534, 43.3246], [18.7885, 43.304], [18.733, 43.281], [18.6924, 43.2573], [18.7059, 43.2351], [18.6676, 43.2039], [18.6484, 43.147], [18.6524, 43.1252], [18.675, 43.1185], [18.6992, 43.0998], [18.7272, 43.1061], [18.7584, 43.0819], [18.7712, 43.0593], [18.7844, 43.0223], [18.822, 42.9879], [18.8498, 42.9692], [18.8999, 42.9535], [18.9984, 42.9446], [19.0223, 42.9719], [18.9925, 42.9923], [18.9342, 43.0039], [18.9423, 43.0314], [18.9684, 43.069], [18.9873, 43.1168], [19.0144, 43.1317], [19.0279, 43.1282], [18.9852, 43.1828], [18.9904, 43.2234], [18.9846, 43.2478], [18.9932, 43.2581]]]}}, {"type": "Feature", "properties": {"ISO_A3": "MNE", "name": "Podgorica", "wb_status": "Member State"}, "geometry": {"type": "Polygon", "coordinates": [[[19.2817, 42.1801], [19.35, 42.2402], [19.36, 42.256], [19.3852, 42.2833], [19.3909, 42.301], [19.4225, 42.3271], [19.4139, 42.3511], [19.4269, 42.3735], [19.44, 42.3835], [19.4672, 42.3892], [19.488, 42.413], [19.5033, 42.4373], [19.5196, 42.4427], [19.5364, 42.4698], [19.5629, 42.5012], [19.562, 42.5139], [19.6036, 42.5314], [19.6159, 42.5469], [19.6102, 42.5755], [19.6504, 42.6147], [19.6395, 42.6425], [19.6446, 42.6839], [19.6077, 42.6756], [19.6013, 42.6908], [19.5694, 42.7029], [19.5311, 42.7065], [19.4949, 42.7002], [19.4748, 42.7061], [19.4409, 42.703], [19.4188, 42.6817], [19.388, 42.6774], [19.3791, 42.6606], [19.366, 42.6557], [19.3425, 42.6643], [19.2731, 42.6628], [19.2273, 42.6081], [19.2127, 42.575], [19.1855, 42.5418], [19.1807, 42.5284], [19.1833, 42.4985], [19.1654, 42.4679], [19.1299, 42.4765], [19.056, 42.4648], [19.0436, 42.4699], [19.0079, 42.4697], [18.9849, 42.4871], [18.965, 42.4922], [18.9162, 42.4855], [18.912, 42.4758], [18.9449, 42.4708], [18.9963, 42.4369], [18.999, 42.4163], [19.0254, 42.4157], [19.0302, 42.3966], [19.114, 42.3466], [19.1208, 42.3375], [19.1167, 42.3066], [19.1307, 42.2861], [19.2817, 42.1801]]]}}, {"type": "Feature", "properties": {"ISO_A3": "MNE", "name": "Rozaj", "wb_status": "Member State"}, "geometry": {"type": "Polygon", "coordinates": [[[20.3529, 42.8334], [20.3421, 42.8693], [20.3497, 42.8956], [20.3464, 42.9085], [20.3104, 42.9174], [20.2516, 42.9402], [20.239, 42.9406], [20.2076, 42.9592], [20.1887, 42.9602], [20.1738, 42.9723], [20.1376, 42.9795], [20.1186, 42.9655], [20.111, 42.9355], [20.0937, 42.9002], [20.081, 42.8883], [20.075, 42.8688], [20.0396, 42.8561], [20.0277, 42.8413], [20.0374, 42.813], [20.0359, 42.8004], [20.054, 42.7776], [20.0869, 42.7746], [20.1469, 42.7546], [20.155, 42.7684], [20.1897, 42.7464], [20.2103, 42.7469], [20.2504, 42.7592], [20.2664, 42.7794], [20.2628, 42.8042], [20.2736, 42.8199], [20.298, 42.8362], [20.321, 42.8276], [20.3529, 42.8334]]]}}, {"type": "Feature", "properties": {"ISO_A3": "MNE", "name": "Savnik", "wb_status": "Member State"}, "geometry": {"type": "Polygon", "coordinates": [[[19.3717, 42.9434], [19.3492, 42.9727], [19.3415, 42.9912], [19.3192, 43.0052], [19.278, 43.0162], [19.2537, 43.018], [19.2561, 43.046], [19.2032, 43.0665], [19.1703, 43.0523], [19.1359, 43.0666], [19.1329, 43.0872], [19.0978, 43.0826], [19.0478, 43.091], [19.0279, 43.1282], [19.0144, 43.1317], [18.9873, 43.1168], [18.9684, 43.069], [18.9423, 43.0314], [18.9342, 43.0039], [18.9925, 42.9923], [19.0223, 42.9719], [18.9984, 42.9446], [19.0207, 42.9415], [19.0696, 42.9209], [19.1007, 42.8921], [19.1296, 42.8839], [19.1604, 42.8624], [19.1891, 42.8604], [19.2077, 42.8699], [19.2148, 42.8913], [19.2349, 42.9131], [19.2549, 42.9197], [19.2895, 42.9164], [19.368, 42.9252], [19.3717, 42.9434]]]}}, {"type": "Feature", "properties": {"ISO_A3": "MNE", "name": "Tivat", "wb_status": "Member State"}, "geometry": {"type": "Polygon", "coordinates": [[[18.7803, 42.3486], [18.7484, 42.3942], [18.7459, 42.4077], [18.719, 42.4229], [18.6837, 42.4541], [18.6938, 42.431], [18.7132, 42.4159], [18.7053, 42.3936], [18.6905, 42.4031], [18.6672, 42.4051], [18.616, 42.4222], [18.5761, 42.432], [18.5464, 42.4214], [18.5585, 42.4053], [18.58, 42.4004], [18.5788, 42.3869], [18.6122, 42.3659], [18.6311, 42.3619], [18.6525, 42.3684], [18.6637, 42.3867], [18.6841, 42.3815], [18.7014, 42.3633], [18.6887, 42.3528], [18.7088, 42.3391], [18.7107, 42.3207], [18.7477, 42.2915], [18.7565, 42.3251], [18.7803, 42.3486]]]}}, {"type": "Feature", "properties": {"ISO_A3": "MNE", "name": "Ulcinj", "wb_status": "Member State"}, "geometry": {"type": "Polygon", "coordinates": [[[19.378, 42.0549], [19.3514, 42.0578], [19.2973, 42.0533], [19.2571, 42.0386], [19.2495, 42.0496], [19.2265, 42.0468], [19.1915, 42.0674], [19.1605, 42.0679], [19.1777, 42.0499], [19.1948, 42.0447], [19.1703, 42.0181], [19.2034, 41.9993], [19.2047, 41.9709], [19.1812, 41.9634], [19.1384, 41.9759], [19.1613, 41.9581], [19.1619, 41.9405], [19.2352, 41.9095], [19.2686, 41.9019], [19.3154, 41.8827], [19.367, 41.8473], [19.3728, 41.8487], [19.3751, 41.8761], [19.3644, 41.8986], [19.3465, 41.9139], [19.37, 41.9274], [19.3509, 41.9398], [19.3508, 41.9554], [19.3838, 41.9621], [19.376, 41.975], [19.3812, 41.9931], [19.3687, 42.0297], [19.378, 42.0549]]]}}, {"type": "Feature", "properties": {"ISO_A3": "MNE", "name": "Zabljak", "wb_status": "Member State"}, "geometry": {"type": "Polygon", "coordinates": [[[18.9932, 43.2581], [18.9846, 43.2478], [18.9904, 43.2234], [18.9852, 43.1828], [19.0279, 43.1282], [19.0478, 43.091], [19.0978, 43.0826], [19.1329, 43.0872], [19.1359, 43.0666], [19.1703, 43.0523], [19.2032, 43.0665], [19.2561, 43.046], [19.2537, 43.018], [19.278, 43.0162], [19.3192, 43.0052], [19.3238, 43.025], [19.3471, 43.0484], [19.3717, 43.0649], [19.3788, 43.077], [19.3772, 43.0967], [19.3589, 43.1191], [19.3056, 43.1336], [19.2925, 43.155], [19.2633, 43.1672], [19.2292, 43.1931], [19.1989, 43.2008], [19.16, 43.228], [19.1342, 43.2294], [19.1205, 43.2211], [19.0647, 43.2156], [19.0422, 43.2394], [19.0139, 43.2392], [19.0016, 43.2524], [18.9932, 43.2581]]]}}, {"type": "Feature", "properties": {"ISO_A3": "SRB", "name": "Borski", "wb_status": "Member State"}, "geometry": {"type": "Polygon", "coordinates": [[[22.5312, 44.0482], [22.5822, 44.0617], [22.6092, 44.0621], [22.6246, 44.073], [22.6198, 44.0977], [22.6103, 44.1073], [22.6204, 44.1506], [22.6163, 44.1697], [22.6363, 44.1764], [22.6474, 44.2046], [22.6758, 44.2158], [22.6728, 44.2304], [22.6862, 44.2538], [22.6777, 44.281], [22.6613, 44.2896], [22.611, 44.2948], [22.5594, 44.3083], [22.5459, 44.3263], [22.5231, 44.3442], [22.5049, 44.378], [22.5, 44.4165], [22.4716, 44.4408], [22.456, 44.4698], [22.4717, 44.481], [22.5137, 44.4751], [22.5444, 44.4813], [22.5558, 44.4916], [22.5619, 44.5262], [22.5859, 44.5496], [22.6192, 44.5515], [22.6409, 44.5447], [22.6894, 44.5175], [22.7073, 44.5171], [22.7551, 44.5349], [22.7641, 44.5462], [22.751, 44.569], [22.7092, 44.6026], [22.6849, 44.608], [22.6703, 44.6186], [22.6375, 44.6145], [22.6139, 44.6173], [22.5747, 44.6366], [22.5429, 44.6628], [22.4789, 44.7087], [22.4613, 44.7142], [22.4258, 44.7082], [22.3977, 44.6837], [22.3741, 44.6734], [22.33, 44.6731], [22.3023, 44.6511], [22.2989, 44.6389], [22.2772, 44.6284], [22.2719, 44.6072], [22.2357, 44.5649], [22.2112, 44.5237], [22.1785, 44.4783], [22.1555, 44.4741], [22.1274, 44.477], [22.0843, 44.5009], [22.0738, 44.5211], [22.0426, 44.5379], [22.0266, 44.5626], [22.0283, 44.5856], [22.0133, 44.5943], [21.9862, 44.569], [21.9785, 44.5404], [21.9505, 44.5317], [21.9502, 44.5076], [21.9401, 44.4892], [21.9355, 44.457], [21.907, 44.4507], [21.8934, 44.4359], [21.8483, 44.4232], [21.821, 44.3783], [21.8286, 44.3463], [21.826, 44.3255], [21.8874, 44.319], [21.9097, 44.3076], [21.905, 44.2909], [21.9188, 44.2773], [21.9112, 44.2667], [21.9213, 44.2403], [21.9342, 44.2353], [21.9617, 44.2443], [21.9635, 44.2249], [21.9747, 44.2013], [21.9691, 44.1768], [21.9569, 44.1638], [21.9675, 44.1378], [21.9607, 44.1283], [21.9109, 44.118], [21.8876, 44.101], [21.8502, 44.0924], [21.8146, 44.0766], [21.7964, 44.0574], [21.7943, 44.0292], [21.812, 44.0143], [21.8598, 44.0128], [21.8841, 44.0173], [21.9039, 44.0097], [21.9384, 43.9787], [21.9913, 43.965], [22.028, 43.9516], [22.0477, 43.9647], [22.0656, 43.9643], [22.0817, 43.9235], [22.1346, 43.9171], [22.152, 43.9092], [22.1846, 43.9258], [22.2052, 43.9592], [22.2044, 43.9887], [22.2147, 44.0197], [22.2381, 44.0607], [22.2385, 44.083], [22.2143, 44.1394], [22.2151, 44.1514], [22.2379, 44.176], [22.2902, 44.1748], [22.3563, 44.1494], [22.3862, 44.1327], [22.406, 44.1299], [22.425, 44.1424], [22.4923, 44.1169], [22.4915, 44.0868], [22.4624, 44.0668], [22.4723, 44.0566], [22.5312, 44.0482]]]}}, {"type": "Feature", "properties": {"ISO_A3": "SRB", "name": "Branicevski", "wb_status": "Member State"}, "geometry": {"type": "Polygon", "coordinates": [[[21.3594, 44.8287], [21.3114, 44.8175], [21.193, 44.7792], [21.1797, 44.7703], [21.1619, 44.7428], [21.1447, 44.7378], [21.1228, 44.7425], [21.0964, 44.7347], [21.0778, 44.72], [21.035, 44.7209], [21.0483, 44.68], [21.0755, 44.6517], [21.0631, 44.6317], [21.0892, 44.6211], [21.0914, 44.5939], [21.13, 44.5922], [21.1319, 44.5644], [21.1445, 44.5511], [21.1211, 44.5217], [21.1414, 44.5217], [21.1417, 44.498], [21.1722, 44.473], [21.1481, 44.4511], [21.1495, 44.4345], [21.1195, 44.413], [21.128, 44.3933], [21.1078, 44.36], [21.128, 44.3553], [21.1367, 44.3367], [21.1302, 44.3261], [21.1486, 44.3125], [21.1963, 44.3048], [21.2276, 44.2874], [21.2379, 44.2733], [21.2713, 44.2557], [21.2903, 44.2574], [21.2942, 44.2839], [21.3156, 44.291], [21.3404, 44.2788], [21.3474, 44.2494], [21.3682, 44.2376], [21.3687, 44.2095], [21.4097, 44.214], [21.4358, 44.2221], [21.4751, 44.2108], [21.5085, 44.2117], [21.5137, 44.1908], [21.5376, 44.1711], [21.5643, 44.1743], [21.5653, 44.1537], [21.5813, 44.1473], [21.6088, 44.1507], [21.6411, 44.1431], [21.6846, 44.1203], [21.7159, 44.1147], [21.733, 44.1196], [21.7485, 44.1069], [21.7896, 44.1015], [21.808, 44.0918], [21.8146, 44.0766], [21.8502, 44.0924], [21.8876, 44.101], [21.9109, 44.118], [21.9607, 44.1283], [21.9675, 44.1378], [21.9569, 44.1638], [21.9691, 44.1768], [21.9747, 44.2013], [21.9635, 44.2249], [21.9617, 44.2443], [21.9342, 44.2353], [21.9213, 44.2403], [21.9112, 44.2667], [21.9188, 44.2773], [21.905, 44.2909], [21.9097, 44.3076], [21.8874, 44.319], [21.826, 44.3255], [21.8286, 44.3463], [21.821, 44.3783], [21.8483, 44.4232], [21.8934, 44.4359], [21.907, 44.4507], [21.9355, 44.457], [21.9401, 44.4892], [21.9502, 44.5076], [21.9505, 44.5317], [21.9785, 44.5404], [21.9862, 44.569], [22.0133, 44.5943], [22.0283, 44.5856], [22.0266, 44.5626], [22.0426, 44.5379], [22.0738, 44.5211], [22.0395, 44.5438], [22.0279, 44.5648], [22.0286, 44.5857], [22.0051, 44.6087], [21.9903, 44.635], [21.9483, 44.6362], [21.9134, 44.6479], [21.8975, 44.6447], [21.8516, 44.6554], [21.8196, 44.6516], [21.7849, 44.6609], [21.725, 44.6533], [21.6922, 44.6641], [21.6366, 44.6595], [21.623, 44.6671], [21.6137, 44.6865], [21.6165, 44.7158], [21.598, 44.7523], [21.5833, 44.7618], [21.5268, 44.7736], [21.4698, 44.7763], [21.4116, 44.7748], [21.3901, 44.7877], [21.3816, 44.8126], [21.3594, 44.8287]]]}}, {"type": "Feature", "properties": {"ISO_A3": "SRB", "name": "Grad Beograd", "wb_status": "Member State"}, "geometry": {"type": "Polygon", "coordinates": [[[20.4241, 45.0941], [20.3831, 45.1003], [20.3619, 45.0927], [20.3328, 45.1003], [20.3144, 45.0936], [20.3464, 45.0661], [20.3586, 45.0478], [20.3573, 45.0208], [20.3375, 45.0067], [20.3036, 44.9959], [20.2939, 44.9844], [20.3023, 44.9475], [20.2853, 44.9275], [20.2364, 44.9241], [20.2205, 44.917], [20.2061, 44.8989], [20.1847, 44.8925], [20.1711, 44.8781], [20.1647, 44.845], [20.1472, 44.8347], [20.1367, 44.7908], [20.1141, 44.78], [20.1153, 44.7692], [20.1416, 44.7511], [20.1114, 44.7361], [20.1272, 44.7134], [20.1061, 44.7011], [20.0453, 44.6836], [20.0164, 44.6672], [19.9794, 44.6372], [19.9863, 44.6064], [19.9964, 44.5908], [20.0005, 44.5644], [20.0339, 44.5483], [20.0588, 44.5294], [20.0735, 44.5282], [20.1033, 44.5474], [20.1333, 44.5383], [20.1559, 44.5217], [20.171, 44.5261], [20.2038, 44.5686], [20.2153, 44.5657], [20.2186, 44.5313], [20.2332, 44.5068], [20.2558, 44.4942], [20.2478, 44.465], [20.2558, 44.4363], [20.2415, 44.4108], [20.2204, 44.3518], [20.233, 44.307], [20.2717, 44.2789], [20.2895, 44.276], [20.3709, 44.3008], [20.3724, 44.3138], [20.3969, 44.3249], [20.4215, 44.3625], [20.4498, 44.3897], [20.422, 44.4139], [20.4275, 44.4339], [20.4574, 44.4529], [20.4856, 44.4323], [20.5176, 44.4369], [20.5535, 44.4243], [20.5564, 44.3963], [20.5697, 44.3939], [20.6169, 44.4059], [20.6282, 44.4029], [20.6299, 44.3804], [20.6732, 44.3623], [20.7248, 44.3606], [20.767, 44.3363], [20.7814, 44.3361], [20.7917, 44.3828], [20.7737, 44.3853], [20.7579, 44.4078], [20.7653, 44.4387], [20.7835, 44.4473], [20.8213, 44.4389], [20.8465, 44.4532], [20.8458, 44.4782], [20.816, 44.4991], [20.8059, 44.5168], [20.7762, 44.5242], [20.7585, 44.5539], [20.7781, 44.5715], [20.8103, 44.5896], [20.7965, 44.6152], [20.7977, 44.6373], [20.8212, 44.6614], [20.7916, 44.662], [20.755, 44.6714], [20.7022, 44.7083], [20.6839, 44.7311], [20.6645, 44.7453], [20.6311, 44.7605], [20.623, 44.7722], [20.6386, 44.8306], [20.642, 44.868], [20.6228, 44.89], [20.6269, 44.9114], [20.6156, 44.9294], [20.6153, 44.9492], [20.5614, 44.9481], [20.5531, 44.9597], [20.525, 44.9697], [20.5116, 44.9908], [20.4855, 44.9975], [20.4675, 45.0161], [20.4317, 45.0377], [20.425, 45.0545], [20.4294, 45.0767], [20.4241, 45.0941]]]}}, {"type": "Feature", "properties": {"ISO_A3": "SRB", "name": "Jablanicki", "wb_status": "Member State"}, "geometry": {"type": "Polygon", "coordinates": [[[22.5163, 42.8581], [22.4861, 42.8715], [22.424, 42.8817], [22.3755, 42.9231], [22.3937, 42.94], [22.3837, 42.956], [22.322, 42.9755], [22.241, 43.0047], [22.2102, 43.0107], [22.222, 43.0362], [22.2662, 43.0591], [22.2335, 43.0694], [22.2019, 43.0509], [22.1429, 43.062], [22.1342, 43.0801], [22.1139, 43.0814], [22.0868, 43.0942], [22.0242, 43.1446], [21.9959, 43.1521], [21.9299, 43.1296], [21.9133, 43.1313], [21.9132, 43.1508], [21.8995, 43.1674], [21.848, 43.1428], [21.8358, 43.1499], [21.8172, 43.143], [21.8236, 43.1328], [21.7832, 43.1077], [21.7483, 43.1019], [21.7113, 43.0883], [21.6948, 43.0736], [21.6702, 43.0629], [21.6372, 43.0645], [21.6127, 43.0481], [21.5738, 43.0419], [21.5482, 43.0327], [21.4812, 42.9933], [21.4587, 42.9877], [21.4757, 42.9629], [21.4813, 42.942], [21.465, 42.9283], [21.4663, 42.9091], [21.459, 42.8836], [21.4343, 42.8673], [21.437, 42.8515], [21.4236, 42.8471], [21.4171, 42.8255], [21.4229, 42.8059], [21.4064, 42.7944], [21.4113, 42.7761], [21.3891, 42.7578], [21.4033, 42.7452], [21.427, 42.7497], [21.4691, 42.7374], [21.4752, 42.747], [21.5011, 42.7343], [21.5283, 42.725], [21.5619, 42.7332], [21.5924, 42.7258], [21.5866, 42.7039], [21.6184, 42.6953], [21.6339, 42.6995], [21.6597, 42.6655], [21.6746, 42.6879], [21.7547, 42.6934], [21.7618, 42.7071], [21.7813, 42.7161], [21.7848, 42.7426], [21.8165, 42.764], [21.8233, 42.7815], [21.864, 42.7835], [21.9568, 42.7921], [21.9737, 42.797], [21.9906, 42.8179], [22.0082, 42.8185], [22.0291, 42.8077], [22.0762, 42.8179], [22.0994, 42.8154], [22.0973, 42.7912], [22.1749, 42.7863], [22.2103, 42.792], [22.2245, 42.7566], [22.2475, 42.7489], [22.2858, 42.7502], [22.3098, 42.7683], [22.3487, 42.775], [22.3821, 42.8053], [22.4068, 42.8132], [22.4395, 42.8171], [22.4419, 42.8254], [22.4752, 42.8318], [22.5163, 42.8581]]]}}, {"type": "Feature", "properties": {"ISO_A3": "SRB", "name": "Juzno-backi", "wb_status": "Member State"}, "geometry": {"type": "Polygon", "coordinates": [[[19.0364, 45.4861], [19.0026, 45.4961], [18.9916, 45.4798], [18.9874, 45.4493], [19.0003, 45.4365], [19.0285, 45.4215], [19.0158, 45.4008], [18.9874, 45.3991], [18.9719, 45.3909], [18.9768, 45.3719], [19.0296, 45.3435], [19.0783, 45.3406], [19.0964, 45.3319], [19.1023, 45.3016], [19.1422, 45.2812], [19.1684, 45.2745], [19.246, 45.2458], [19.2874, 45.2366], [19.348, 45.2315], [19.4211, 45.2337], [19.4274, 45.2175], [19.4474, 45.196], [19.4277, 45.1876], [19.4276, 45.1688], [19.4473, 45.1599], [19.4596, 45.1447], [19.4828, 45.1482], [19.5051, 45.1618], [19.5566, 45.1554], [19.5986, 45.146], [19.6509, 45.1419], [19.6799, 45.1428], [19.7648, 45.1554], [19.7861, 45.1554], [19.8553, 45.1458], [19.9164, 45.1414], [19.9656, 45.1445], [20.0116, 45.1695], [20.0681, 45.175], [20.1094, 45.1714], [20.1631, 45.1855], [20.1875, 45.1836], [20.2409, 45.1631], [20.2769, 45.1389], [20.2839, 45.1772], [20.313, 45.1928], [20.3206, 45.2133], [20.2956, 45.2611], [20.2464, 45.2883], [20.2411, 45.3089], [20.2642, 45.3436], [20.233, 45.3639], [20.2142, 45.37], [20.205, 45.3975], [20.2233, 45.4236], [20.2241, 45.4472], [20.1714, 45.4803], [20.1099, 45.5285], [20.0734, 45.4922], [20.0599, 45.5021], [20.0683, 45.5371], [20.0679, 45.5563], [20.1017, 45.5639], [20.125, 45.5853], [20.1203, 45.5975], [20.0781, 45.5942], [20.0625, 45.6145], [20.0808, 45.6189], [20.1072, 45.6539], [20.1119, 45.6692], [20.0942, 45.6883], [20.0978, 45.7189], [20.0957, 45.7579], [20.0719, 45.7654], [19.9967, 45.7745], [19.9339, 45.7718], [19.8606, 45.756], [19.7741, 45.7307], [19.7782, 45.6987], [19.7535, 45.6703], [19.7505, 45.6409], [19.7139, 45.6157], [19.6201, 45.6434], [19.6026, 45.6512], [19.5771, 45.6212], [19.5649, 45.5799], [19.5266, 45.5598], [19.5219, 45.5345], [19.5065, 45.5248], [19.4862, 45.5241], [19.45, 45.536], [19.4037, 45.5188], [19.4147, 45.4896], [19.4085, 45.4812], [19.3717, 45.4682], [19.3645, 45.4546], [19.3709, 45.4349], [19.3653, 45.4207], [19.3062, 45.424], [19.2779, 45.4343], [19.2325, 45.4257], [19.1975, 45.4276], [19.1508, 45.4459], [19.1331, 45.433], [19.1002, 45.4378], [19.0833, 45.4594], [19.0634, 45.4531], [19.0424, 45.4558], [19.027, 45.4759], [19.0364, 45.4861]]]}}, {"type": "Feature", "properties": {"ISO_A3": "SRB", "name": "Juzno-banatski", "wb_status": "Member State"}, "geometry": {"type": "Polygon", "coordinates": [[[21.3594, 44.8287], [21.3541, 44.8415], [21.3722, 44.8662], [21.4042, 44.8664], [21.4276, 44.8726], [21.4938, 44.8708], [21.5108, 44.88], [21.5597, 44.8891], [21.5466, 44.9303], [21.5197, 44.9379], [21.4692, 44.9584], [21.4382, 44.9605], [21.407, 44.9785], [21.4148, 44.9868], [21.3886, 44.9981], [21.3604, 45.0205], [21.3925, 45.0269], [21.4052, 45.0352], [21.4564, 45.0405], [21.448, 45.0574], [21.4754, 45.087], [21.4709, 45.103], [21.4787, 45.121], [21.5273, 45.1378], [21.5141, 45.1713], [21.4923, 45.1734], [21.4829, 45.192], [21.4374, 45.204], [21.4116, 45.2217], [21.3954, 45.2188], [21.2928, 45.2429], [21.2756, 45.2294], [21.2235, 45.253], [21.2029, 45.2655], [21.2087, 45.2754], [21.1913, 45.2868], [21.1762, 45.3252], [21.1621, 45.3252], [21.1446, 45.3048], [21.0964, 45.2959], [21.0811, 45.3178], [21.0636, 45.3315], [21.0454, 45.3192], [21.0253, 45.3162], [20.9398, 45.3116], [20.8461, 45.2779], [20.8529, 45.263], [20.8733, 45.253], [20.8348, 45.2189], [20.8137, 45.2234], [20.7689, 45.2065], [20.7645, 45.1827], [20.7509, 45.1797], [20.7305, 45.1975], [20.714, 45.1952], [20.6773, 45.2234], [20.6068, 45.2286], [20.5869, 45.2037], [20.5368, 45.1975], [20.5054, 45.1733], [20.4654, 45.1503], [20.4578, 45.1297], [20.4241, 45.0941], [20.4294, 45.0767], [20.425, 45.0545], [20.4317, 45.0377], [20.4675, 45.0161], [20.4855, 44.9975], [20.5116, 44.9908], [20.525, 44.9697], [20.5531, 44.9597], [20.5614, 44.9481], [20.6153, 44.9492], [20.6156, 44.9294], [20.6269, 44.9114], [20.6228, 44.89], [20.642, 44.868], [20.6386, 44.8306], [20.623, 44.7722], [20.6311, 44.7605], [20.6645, 44.7453], [20.6839, 44.7311], [20.7022, 44.7083], [20.755, 44.6714], [20.7916, 44.662], [20.8212, 44.6614], [20.8378, 44.6609], [20.9142, 44.6736], [20.9589, 44.6956], [20.9864, 44.7131], [21.012, 44.7211], [21.035, 44.7209], [21.0778, 44.72], [21.0964, 44.7347], [21.1228, 44.7425], [21.1447, 44.7378], [21.1619, 44.7428], [21.1797, 44.7703], [21.193, 44.7792], [21.3114, 44.8175], [21.3594, 44.8287]]]}}, {"type": "Feature", "properties": {"ISO_A3": "SRB", "name": "Kolubarski", "wb_status": "Member State"}, "geometry": {"type": "Polygon", "coordinates": [[[19.9964, 44.5908], [19.9696, 44.5835], [19.9383, 44.5666], [19.9004, 44.5703], [19.8703, 44.5525], [19.8412, 44.5431], [19.8679, 44.5261], [19.8619, 44.4612], [19.8434, 44.4397], [19.8457, 44.4171], [19.8316, 44.4071], [19.7824, 44.4123], [19.7676, 44.4307], [19.7421, 44.4419], [19.7087, 44.4422], [19.688, 44.4529], [19.6517, 44.4523], [19.6203, 44.4405], [19.6008, 44.4422], [19.581, 44.457], [19.5543, 44.4508], [19.5084, 44.4474], [19.5221, 44.4227], [19.4959, 44.3831], [19.4602, 44.3708], [19.4616, 44.361], [19.486, 44.3557], [19.5073, 44.3352], [19.4619, 44.3251], [19.4635, 44.3085], [19.4433, 44.2977], [19.4334, 44.275], [19.4479, 44.264], [19.4752, 44.2635], [19.494, 44.2534], [19.5277, 44.2482], [19.5686, 44.2217], [19.5807, 44.2018], [19.6159, 44.1653], [19.6396, 44.1679], [19.6713, 44.1559], [19.6983, 44.1332], [19.7356, 44.1239], [19.767, 44.1004], [19.788, 44.069], [19.8061, 44.0684], [19.8165, 44.0984], [19.8028, 44.1377], [19.8415, 44.1269], [19.862, 44.1517], [19.8734, 44.1539], [19.9012, 44.1426], [19.9133, 44.105], [19.9384, 44.0937], [19.9785, 44.0995], [19.9851, 44.1204], [20.0217, 44.1299], [20.0667, 44.1237], [20.0857, 44.1171], [20.1117, 44.1196], [20.1497, 44.108], [20.1599, 44.1184], [20.1508, 44.1344], [20.1782, 44.1365], [20.2383, 44.1486], [20.2757, 44.1496], [20.2928, 44.1589], [20.3102, 44.1575], [20.322, 44.1693], [20.3483, 44.1791], [20.3608, 44.2012], [20.3965, 44.2142], [20.4194, 44.26], [20.4273, 44.2873], [20.4332, 44.3153], [20.4275, 44.3234], [20.3969, 44.3249], [20.3724, 44.3138], [20.3709, 44.3008], [20.2895, 44.276], [20.2717, 44.2789], [20.233, 44.307], [20.2204, 44.3518], [20.2415, 44.4108], [20.2558, 44.4363], [20.2478, 44.465], [20.2558, 44.4942], [20.2332, 44.5068], [20.2186, 44.5313], [20.2153, 44.5657], [20.2038, 44.5686], [20.171, 44.5261], [20.1559, 44.5217], [20.1333, 44.5383], [20.1033, 44.5474], [20.0735, 44.5282], [20.0588, 44.5294], [20.0339, 44.5483], [20.0005, 44.5644], [19.9964, 44.5908]]]}}, {"type": "Feature", "properties": {"ISO_A3": "SRB", "name": "Macvanski", "wb_status": "Member State"}, "geometry": {"type": "Polygon", "coordinates": [[[19.3573, 44.8907], [19.3706, 44.8709], [19.3592, 44.8345], [19.3475, 44.8164], [19.348, 44.7887], [19.3272, 44.7298], [19.2948, 44.6871], [19.2566, 44.6589], [19.2383, 44.6148], [19.2228, 44.6147], [19.225, 44.5938], [19.206, 44.5911], [19.188, 44.5775], [19.1971, 44.5572], [19.1708, 44.5241], [19.1303, 44.5244], [19.12, 44.5031], [19.1493, 44.4544], [19.1455, 44.4131], [19.1126, 44.3997], [19.103, 44.3711], [19.1165, 44.3428], [19.1342, 44.3393], [19.13, 44.3187], [19.164, 44.2849], [19.1825, 44.2801], [19.2015, 44.2918], [19.2152, 44.289], [19.2276, 44.2651], [19.2527, 44.2633], [19.2782, 44.2763], [19.3036, 44.27], [19.3206, 44.273], [19.3298, 44.2499], [19.349, 44.2308], [19.3575, 44.1843], [19.3771, 44.1815], [19.4105, 44.1669], [19.4209, 44.1434], [19.4439, 44.1316], [19.4671, 44.1488], [19.4748, 44.1169], [19.4951, 44.1038], [19.5241, 44.1124], [19.58, 44.1384], [19.6122, 44.1418], [19.6159, 44.1653], [19.5807, 44.2018], [19.5686, 44.2217], [19.5277, 44.2482], [19.494, 44.2534], [19.4752, 44.2635], [19.4479, 44.264], [19.4334, 44.275], [19.4433, 44.2977], [19.4635, 44.3085], [19.4619, 44.3251], [19.5073, 44.3352], [19.486, 44.3557], [19.4616, 44.361], [19.4602, 44.3708], [19.4959, 44.3831], [19.5221, 44.4227], [19.5084, 44.4474], [19.5543, 44.4508], [19.581, 44.457], [19.6008, 44.4422], [19.6203, 44.4405], [19.6517, 44.4523], [19.688, 44.4529], [19.7087, 44.4422], [19.7421, 44.4419], [19.7676, 44.4307], [19.7824, 44.4123], [19.8316, 44.4071], [19.8457, 44.4171], [19.8434, 44.4397], [19.8619, 44.4612], [19.8679, 44.5261], [19.8412, 44.5431], [19.8703, 44.5525], [19.9004, 44.5703], [19.9383, 44.5666], [19.9696, 44.5835], [19.9964, 44.5908], [19.9863, 44.6064], [19.9794, 44.6372], [19.9389, 44.6334], [19.9217, 44.6414], [19.9416, 44.662], [19.9803, 44.6677], [20.0036, 44.6783], [20.0025, 44.6906], [19.9011, 44.6972], [19.8711, 44.7139], [19.8053, 44.7439], [19.7403, 44.7497], [19.7117, 44.7675], [19.7022, 44.8025], [19.7092, 44.8258], [19.7472, 44.8764], [19.76, 44.9025], [19.7514, 44.9142], [19.7186, 44.9159], [19.6958, 44.9278], [19.6733, 44.93], [19.6633, 44.9403], [19.6316, 44.9297], [19.6195, 44.9142], [19.5525, 44.9175], [19.5258, 44.9392], [19.5025, 44.9505], [19.482, 44.9527], [19.4798, 44.9372], [19.4581, 44.9297], [19.4364, 44.9319], [19.3858, 44.9128], [19.3297, 44.9197], [19.3569, 44.9008], [19.3573, 44.8907]]]}}, {"type": "Feature", "properties": {"ISO_A3": "SRB", "name": "Moravicki", "wb_status": "Member State"}, "geometry": {"type": "Polygon", "coordinates": [[[20.0857, 44.1171], [20.0907, 44.089], [20.0856, 44.0711], [20.0938, 44.0409], [20.0747, 44.0048], [20.0963, 43.9714], [20.1274, 43.9572], [20.1177, 43.9304], [20.1263, 43.9196], [20.1639, 43.9067], [20.1754, 43.8967], [20.1345, 43.8883], [20.121, 43.8588], [20.1246, 43.8356], [20.1606, 43.8125], [20.1448, 43.7944], [20.1502, 43.7662], [20.1618, 43.7468], [20.1793, 43.7383], [20.2033, 43.7364], [20.1886, 43.7097], [20.1949, 43.6616], [20.1693, 43.6612], [20.1245, 43.6682], [20.1091, 43.6556], [20.1191, 43.6405], [20.1032, 43.6228], [20.0722, 43.6216], [20.0133, 43.5955], [20.0, 43.5795], [19.9777, 43.5683], [19.9516, 43.5638], [19.9162, 43.585], [19.9041, 43.5716], [19.8957, 43.5488], [19.9131, 43.5248], [19.9492, 43.5179], [19.9661, 43.5012], [19.9995, 43.5083], [20.0338, 43.5032], [20.0506, 43.4538], [20.0858, 43.4016], [20.1061, 43.3902], [20.1105, 43.3692], [20.1224, 43.359], [20.1176, 43.3407], [20.1289, 43.33], [20.153, 43.3229], [20.1917, 43.3264], [20.2677, 43.3419], [20.2833, 43.3354], [20.302, 43.299], [20.3394, 43.2752], [20.3564, 43.2771], [20.3642, 43.3029], [20.3939, 43.3146], [20.4072, 43.3449], [20.4335, 43.3444], [20.4459, 43.3743], [20.4373, 43.3959], [20.4151, 43.3991], [20.4244, 43.4163], [20.4169, 43.4322], [20.4263, 43.4632], [20.394, 43.5096], [20.3636, 43.5242], [20.3493, 43.5416], [20.3512, 43.5605], [20.3875, 43.5904], [20.3955, 43.6093], [20.3845, 43.6411], [20.3999, 43.6686], [20.431, 43.6634], [20.4518, 43.6765], [20.4385, 43.6998], [20.4326, 43.7361], [20.453, 43.7521], [20.4964, 43.7617], [20.5069, 43.7741], [20.5429, 43.7983], [20.5844, 43.8202], [20.5945, 43.8455], [20.6344, 43.8657], [20.6513, 43.879], [20.6431, 43.8938], [20.6256, 43.9021], [20.62, 43.9198], [20.5849, 43.9358], [20.5732, 43.9473], [20.566, 43.9727], [20.5982, 44.0], [20.6264, 44.0295], [20.6482, 44.0301], [20.6639, 44.0451], [20.6612, 44.0571], [20.6115, 44.0843], [20.5845, 44.1055], [20.5681, 44.1291], [20.5273, 44.1688], [20.4901, 44.1818], [20.4718, 44.2056], [20.4679, 44.2487], [20.4491, 44.2721], [20.4273, 44.2873], [20.4194, 44.26], [20.3965, 44.2142], [20.3608, 44.2012], [20.3483, 44.1791], [20.322, 44.1693], [20.3102, 44.1575], [20.2928, 44.1589], [20.2757, 44.1496], [20.2383, 44.1486], [20.1782, 44.1365], [20.1508, 44.1344], [20.1599, 44.1184], [20.1497, 44.108], [20.1117, 44.1196], [20.0857, 44.1171]]]}}, {"type": "Feature", "properties": {"ISO_A3": "SRB", "name": "Nisavski", "wb_status": "Member State"}, "geometry": {"type": "Polygon", "coordinates": [[[22.2335, 43.0694], [22.2625, 43.099], [22.2934, 43.1042], [22.2845, 43.129], [22.288, 43.1404], [22.2718, 43.1507], [22.2373, 43.1466], [22.226, 43.1584], [22.1731, 43.1782], [22.1307, 43.2044], [22.1478, 43.2433], [22.1828, 43.2687], [22.1612, 43.2978], [22.1554, 43.3414], [22.1775, 43.344], [22.227, 43.3343], [22.2522, 43.3223], [22.2929, 43.3183], [22.3327, 43.3239], [22.3411, 43.3458], [22.3424, 43.3719], [22.3419, 43.4074], [22.3543, 43.4295], [22.3342, 43.4486], [22.2963, 43.4579], [22.2778, 43.4385], [22.2208, 43.4717], [22.1719, 43.4607], [22.1554, 43.4632], [22.1227, 43.4897], [22.0938, 43.4958], [22.082, 43.4917], [22.0457, 43.5084], [22.0234, 43.5561], [22.0029, 43.5615], [21.9797, 43.5781], [21.9674, 43.5574], [21.9871, 43.5475], [21.9985, 43.5251], [21.9953, 43.5142], [21.9692, 43.5096], [21.9409, 43.5153], [21.912, 43.4968], [21.8919, 43.5069], [21.9002, 43.519], [21.8936, 43.5353], [21.8627, 43.5459], [21.8687, 43.5743], [21.8196, 43.59], [21.8014, 43.5854], [21.7712, 43.5982], [21.762, 43.6227], [21.7238, 43.6472], [21.6985, 43.7067], [21.7095, 43.7393], [21.6963, 43.754], [21.7211, 43.7635], [21.7194, 43.7768], [21.685, 43.797], [21.6735, 43.8126], [21.6394, 43.8004], [21.586, 43.8051], [21.4916, 43.7655], [21.5069, 43.7476], [21.5012, 43.722], [21.4813, 43.6984], [21.5012, 43.6653], [21.5051, 43.6406], [21.4969, 43.6007], [21.5214, 43.5939], [21.5478, 43.5946], [21.5574, 43.5658], [21.578, 43.5389], [21.5747, 43.5021], [21.5608, 43.4695], [21.5801, 43.4434], [21.564, 43.4138], [21.5305, 43.4085], [21.5142, 43.39], [21.4903, 43.3869], [21.4818, 43.3754], [21.5109, 43.3593], [21.5594, 43.3524], [21.6044, 43.3526], [21.6006, 43.3304], [21.6111, 43.296], [21.6365, 43.2844], [21.6356, 43.2616], [21.6557, 43.2389], [21.6859, 43.2321], [21.7128, 43.2173], [21.7105, 43.2415], [21.7291, 43.2597], [21.7736, 43.2497], [21.7798, 43.239], [21.7804, 43.1893], [21.7951, 43.1785], [21.8035, 43.1461], [21.8172, 43.143], [21.8358, 43.1499], [21.848, 43.1428], [21.8995, 43.1674], [21.9132, 43.1508], [21.9133, 43.1313], [21.9299, 43.1296], [21.9959, 43.1521], [22.0242, 43.1446], [22.0868, 43.0942], [22.1139, 43.0814], [22.1342, 43.0801], [22.1429, 43.062], [22.2019, 43.0509], [22.2335, 43.0694]]]}}, {"type": "Feature", "properties": {"ISO_A3": "SRB", "name": "Pcinjski", "wb_status": "Member State"}, "geometry": {"type": "Polygon", "coordinates": [[[22.3598, 42.3117], [22.3664, 42.321], [22.425, 42.3318], [22.4522, 42.3315], [22.4632, 42.3451], [22.4594, 42.3612], [22.4807, 42.3803], [22.4778, 42.3936], [22.5211, 42.3978], [22.5353, 42.4213], [22.5441, 42.4638], [22.5592, 42.4799], [22.5561, 42.4902], [22.5477, 42.5069], [22.5202, 42.5278], [22.5013, 42.5343], [22.4708, 42.5621], [22.4378, 42.5721], [22.4488, 42.5955], [22.4584, 42.6312], [22.4671, 42.641], [22.4628, 42.6568], [22.4759, 42.6758], [22.4765, 42.7111], [22.4966, 42.7227], [22.4993, 42.7439], [22.4872, 42.7488], [22.46, 42.7779], [22.4557, 42.7939], [22.4409, 42.8058], [22.4419, 42.8254], [22.4395, 42.8171], [22.4068, 42.8132], [22.3821, 42.8053], [22.3487, 42.775], [22.3098, 42.7683], [22.2858, 42.7502], [22.2475, 42.7489], [22.2245, 42.7566], [22.2103, 42.792], [22.1749, 42.7863], [22.0973, 42.7912], [22.0994, 42.8154], [22.0762, 42.8179], [22.0291, 42.8077], [22.0082, 42.8185], [21.9906, 42.8179], [21.9737, 42.797], [21.9568, 42.7921], [21.864, 42.7835], [21.8233, 42.7815], [21.8165, 42.764], [21.7848, 42.7426], [21.7813, 42.7161], [21.7618, 42.7071], [21.7547, 42.6934], [21.7899, 42.6512], [21.7342, 42.598], [21.747, 42.5817], [21.7477, 42.5588], [21.7287, 42.5473], [21.7074, 42.5499], [21.6926, 42.5152], [21.6711, 42.4843], [21.6301, 42.4597], [21.6224, 42.4531], [21.6465, 42.4134], [21.6206, 42.378], [21.5947, 42.3839], [21.547, 42.3653], [21.5253, 42.342], [21.5241, 42.327], [21.5414, 42.3096], [21.5843, 42.2823], [21.5869, 42.2628], [21.6006, 42.2545], [21.6498, 42.2495], [21.6944, 42.2331], [21.7149, 42.2526], [21.7345, 42.2607], [21.7568, 42.2572], [21.7759, 42.2665], [21.7956, 42.298], [21.8152, 42.2937], [21.8516, 42.3256], [21.882, 42.3135], [21.8931, 42.3], [21.9283, 42.3103], [21.935, 42.3405], [21.9462, 42.3443], [21.9932, 42.3228], [22.0319, 42.2984], [22.0513, 42.3076], [22.0663, 42.2986], [22.1179, 42.3148], [22.1328, 42.3073], [22.1455, 42.3213], [22.1666, 42.3125], [22.1817, 42.3328], [22.1983, 42.3408], [22.2302, 42.3361], [22.2597, 42.3659], [22.291, 42.3525], [22.3328, 42.3214], [22.3598, 42.3117]]]}}, {"type": "Feature", "properties": {"ISO_A3": "SRB", "name": "Pirotski", "wb_status": "Member State"}, "geometry": {"type": "Polygon", "coordinates": [[[22.5163, 42.8581], [22.5206, 42.8758], [22.536, 42.8821], [22.5559, 42.8715], [22.5721, 42.8717], [22.584, 42.8916], [22.6194, 42.8961], [22.6402, 42.878], [22.6524, 42.8827], [22.6744, 42.8686], [22.7138, 42.8865], [22.7446, 42.8861], [22.7799, 42.9318], [22.7693, 42.9442], [22.7846, 42.9578], [22.7839, 42.9817], [22.8494, 43.0047], [22.8625, 43.0214], [22.8986, 43.038], [22.9185, 43.0802], [22.9526, 43.0924], [22.9832, 43.1112], [22.9955, 43.1395], [22.9955, 43.1606], [22.9864, 43.1672], [23.0064, 43.1871], [22.9884, 43.1991], [22.9611, 43.2069], [22.9416, 43.2026], [22.9152, 43.2207], [22.8963, 43.2271], [22.8705, 43.2546], [22.8689, 43.2674], [22.8483, 43.276], [22.845, 43.2971], [22.825, 43.3311], [22.7945, 43.343], [22.77, 43.3636], [22.7679, 43.3766], [22.7494, 43.3857], [22.7225, 43.3956], [22.685, 43.3939], [22.6344, 43.378], [22.5798, 43.3344], [22.5832, 43.3124], [22.5301, 43.3243], [22.5001, 43.3375], [22.4818, 43.3518], [22.4533, 43.3357], [22.4132, 43.3548], [22.3793, 43.3668], [22.3424, 43.3719], [22.3411, 43.3458], [22.3327, 43.3239], [22.2929, 43.3183], [22.2522, 43.3223], [22.227, 43.3343], [22.1775, 43.344], [22.1554, 43.3414], [22.1612, 43.2978], [22.1828, 43.2687], [22.1478, 43.2433], [22.1307, 43.2044], [22.1731, 43.1782], [22.226, 43.1584], [22.2373, 43.1466], [22.2718, 43.1507], [22.288, 43.1404], [22.2845, 43.129], [22.2934, 43.1042], [22.2625, 43.099], [22.2335, 43.0694], [22.2662, 43.0591], [22.222, 43.0362], [22.2102, 43.0107], [22.241, 43.0047], [22.322, 42.9755], [22.3837, 42.956], [22.3937, 42.94], [22.3755, 42.9231], [22.424, 42.8817], [22.4861, 42.8715], [22.5163, 42.8581]]]}}, {"type": "Feature", "properties": {"ISO_A3": "SRB", "name": "Podunavski", "wb_status": "Member State"}, "geometry": {"type": "Polygon", "coordinates": [[[21.035, 44.7209], [21.012, 44.7211], [20.9864, 44.7131], [20.9589, 44.6956], [20.9142, 44.6736], [20.8378, 44.6609], [20.8212, 44.6614], [20.7977, 44.6373], [20.7965, 44.6152], [20.8103, 44.5896], [20.7781, 44.5715], [20.7585, 44.5539], [20.7762, 44.5242], [20.8059, 44.5168], [20.816, 44.4991], [20.8458, 44.4782], [20.8465, 44.4532], [20.8213, 44.4389], [20.7835, 44.4473], [20.7653, 44.4387], [20.7579, 44.4078], [20.7737, 44.3853], [20.7917, 44.3828], [20.7814, 44.3361], [20.826, 44.3334], [20.8372, 44.2918], [20.8601, 44.2895], [20.8976, 44.2783], [20.9529, 44.2908], [20.9851, 44.2914], [20.9949, 44.2822], [21.0, 44.2538], [21.0516, 44.2323], [21.0624, 44.2216], [21.1016, 44.2219], [21.1509, 44.2119], [21.1486, 44.2364], [21.1708, 44.253], [21.1514, 44.2592], [21.1214, 44.2861], [21.1192, 44.3094], [21.1486, 44.3125], [21.1302, 44.3261], [21.1367, 44.3367], [21.128, 44.3553], [21.1078, 44.36], [21.128, 44.3933], [21.1195, 44.413], [21.1495, 44.4345], [21.1481, 44.4511], [21.1722, 44.473], [21.1417, 44.498], [21.1414, 44.5217], [21.1211, 44.5217], [21.1445, 44.5511], [21.1319, 44.5644], [21.13, 44.5922], [21.0914, 44.5939], [21.0892, 44.6211], [21.0631, 44.6317], [21.0755, 44.6517], [21.0483, 44.68], [21.035, 44.7209]]]}}, {"type": "Feature", "properties": {"ISO_A3": "SRB", "name": "Pomoravski", "wb_status": "Member State"}, "geometry": {"type": "Polygon", "coordinates": [[[21.8146, 44.0766], [21.808, 44.0918], [21.7896, 44.1015], [21.7485, 44.1069], [21.733, 44.1196], [21.7159, 44.1147], [21.6846, 44.1203], [21.6411, 44.1431], [21.6088, 44.1507], [21.5813, 44.1473], [21.5653, 44.1537], [21.5643, 44.1743], [21.5376, 44.1711], [21.5137, 44.1908], [21.5085, 44.2117], [21.4751, 44.2108], [21.4358, 44.2221], [21.4097, 44.214], [21.3687, 44.2095], [21.3682, 44.2376], [21.3474, 44.2494], [21.3404, 44.2788], [21.3156, 44.291], [21.2942, 44.2839], [21.2903, 44.2574], [21.2713, 44.2557], [21.2379, 44.2733], [21.2276, 44.2874], [21.1963, 44.3048], [21.1486, 44.3125], [21.1192, 44.3094], [21.1214, 44.2861], [21.1514, 44.2592], [21.1708, 44.253], [21.1486, 44.2364], [21.1509, 44.2119], [21.1408, 44.1894], [21.1358, 44.1486], [21.1734, 44.1489], [21.1842, 44.1425], [21.191, 44.1091], [21.1451, 44.1072], [21.1033, 44.0817], [21.0816, 44.0803], [21.1185, 44.0494], [21.0867, 44.0024], [21.0689, 43.9868], [21.0791, 43.9517], [21.0562, 43.9256], [21.0307, 43.9213], [20.9957, 43.8978], [21.0078, 43.8582], [20.9638, 43.8475], [20.9377, 43.836], [20.9326, 43.8084], [20.9433, 43.7858], [20.9597, 43.7779], [20.9484, 43.7519], [20.9748, 43.7455], [21.0043, 43.7476], [21.0806, 43.727], [21.0988, 43.7311], [21.134, 43.7242], [21.1558, 43.7394], [21.1575, 43.7608], [21.1842, 43.7545], [21.22, 43.7631], [21.2342, 43.7779], [21.2549, 43.7837], [21.2744, 43.8043], [21.2697, 43.8274], [21.2829, 43.843], [21.303, 43.8389], [21.2921, 43.7819], [21.3427, 43.7856], [21.3625, 43.7914], [21.3946, 43.7784], [21.3821, 43.7586], [21.4042, 43.7578], [21.4234, 43.7351], [21.4416, 43.7474], [21.4639, 43.7509], [21.4916, 43.7655], [21.586, 43.8051], [21.6394, 43.8004], [21.6735, 43.8126], [21.6984, 43.8453], [21.7026, 43.8595], [21.6921, 43.8841], [21.7028, 43.8999], [21.7255, 43.9037], [21.7541, 43.9179], [21.7669, 43.9694], [21.7868, 43.9839], [21.7923, 43.9978], [21.7834, 44.0215], [21.7943, 44.0292], [21.7964, 44.0574], [21.8146, 44.0766]]]}}, {"type": "Feature", "properties": {"ISO_A3": "SRB", "name": "Rasinski", "wb_status": "Member State"}, "geometry": {"type": "Polygon", "coordinates": [[[20.921, 43.1476], [20.9579, 43.1859], [20.9726, 43.1906], [20.9764, 43.205], [20.9672, 43.2211], [20.9707, 43.2422], [20.9981, 43.2673], [21.0407, 43.2576], [21.0677, 43.2603], [21.0883, 43.2445], [21.1569, 43.2553], [21.1731, 43.2737], [21.1846, 43.3016], [21.2254, 43.3358], [21.234, 43.3661], [21.2819, 43.3757], [21.3042, 43.386], [21.3404, 43.3948], [21.3704, 43.3865], [21.3972, 43.3912], [21.438, 43.3877], [21.4818, 43.3754], [21.4903, 43.3869], [21.5142, 43.39], [21.5305, 43.4085], [21.564, 43.4138], [21.5801, 43.4434], [21.5608, 43.4695], [21.5747, 43.5021], [21.578, 43.5389], [21.5574, 43.5658], [21.5478, 43.5946], [21.5214, 43.5939], [21.4969, 43.6007], [21.5051, 43.6406], [21.5012, 43.6653], [21.4813, 43.6984], [21.5012, 43.722], [21.5069, 43.7476], [21.4916, 43.7655], [21.4639, 43.7509], [21.4416, 43.7474], [21.4234, 43.7351], [21.4042, 43.7578], [21.3821, 43.7586], [21.3946, 43.7784], [21.3625, 43.7914], [21.3427, 43.7856], [21.2921, 43.7819], [21.303, 43.8389], [21.2829, 43.843], [21.2697, 43.8274], [21.2744, 43.8043], [21.2549, 43.7837], [21.2342, 43.7779], [21.22, 43.7631], [21.1842, 43.7545], [21.1575, 43.7608], [21.1558, 43.7394], [21.134, 43.7242], [21.0988, 43.7311], [21.0806, 43.727], [21.0043, 43.7476], [20.9748, 43.7455], [20.9484, 43.7519], [20.9372, 43.7361], [20.9274, 43.6844], [20.9091, 43.6736], [20.902, 43.6586], [20.9445, 43.641], [20.9515, 43.6173], [20.9156, 43.5887], [20.9163, 43.5751], [20.9349, 43.5708], [20.9438, 43.5217], [20.8885, 43.5124], [20.8433, 43.5276], [20.8184, 43.5242], [20.7812, 43.5303], [20.7939, 43.5019], [20.7997, 43.4652], [20.78, 43.4208], [20.7872, 43.4035], [20.8002, 43.3985], [20.8441, 43.4015], [20.8487, 43.3414], [20.8314, 43.3255], [20.8276, 43.2922], [20.8168, 43.2727], [20.8507, 43.2518], [20.8809, 43.2219], [20.8799, 43.2115], [20.8413, 43.2028], [20.8553, 43.1901], [20.8632, 43.1647], [20.879, 43.1676], [20.8916, 43.1547], [20.921, 43.1476]]]}}, {"type": "Feature", "properties": {"ISO_A3": "SRB", "name": "Raski", "wb_status": "Member State"}, "geometry": {"type": "Polygon", "coordinates": [[[20.8168, 43.2727], [20.8276, 43.2922], [20.8314, 43.3255], [20.8487, 43.3414], [20.8441, 43.4015], [20.8002, 43.3985], [20.7872, 43.4035], [20.78, 43.4208], [20.7997, 43.4652], [20.7939, 43.5019], [20.7812, 43.5303], [20.8184, 43.5242], [20.8433, 43.5276], [20.8885, 43.5124], [20.9438, 43.5217], [20.9349, 43.5708], [20.9163, 43.5751], [20.9156, 43.5887], [20.9515, 43.6173], [20.9445, 43.641], [20.902, 43.6586], [20.9091, 43.6736], [20.9274, 43.6844], [20.9372, 43.7361], [20.9484, 43.7519], [20.9597, 43.7779], [20.9433, 43.7858], [20.9326, 43.8084], [20.9377, 43.836], [20.9223, 43.8394], [20.9215, 43.8577], [20.8356, 43.8541], [20.7849, 43.8479], [20.7922, 43.8216], [20.7627, 43.8092], [20.7231, 43.8131], [20.6938, 43.8366], [20.6883, 43.8504], [20.6513, 43.879], [20.6344, 43.8657], [20.5945, 43.8455], [20.5844, 43.8202], [20.5429, 43.7983], [20.5069, 43.7741], [20.4964, 43.7617], [20.453, 43.7521], [20.4326, 43.7361], [20.4385, 43.6998], [20.4518, 43.6765], [20.431, 43.6634], [20.3999, 43.6686], [20.3845, 43.6411], [20.3955, 43.6093], [20.3875, 43.5904], [20.3512, 43.5605], [20.3493, 43.5416], [20.3636, 43.5242], [20.394, 43.5096], [20.4263, 43.4632], [20.4169, 43.4322], [20.4244, 43.4163], [20.4151, 43.3991], [20.4373, 43.3959], [20.4459, 43.3743], [20.4335, 43.3444], [20.4072, 43.3449], [20.3939, 43.3146], [20.3642, 43.3029], [20.3564, 43.2771], [20.3394, 43.2752], [20.302, 43.299], [20.2862, 43.2943], [20.2593, 43.2531], [20.2625, 43.2401], [20.2447, 43.2159], [20.2614, 43.1931], [20.2923, 43.184], [20.3008, 43.1696], [20.291, 43.1591], [20.2415, 43.1504], [20.2091, 43.137], [20.1835, 43.1076], [20.1438, 43.092], [20.1269, 43.0806], [20.09, 43.0202], [20.0657, 43.0024], [20.09, 42.9913], [20.1186, 42.9655], [20.1376, 42.9795], [20.1738, 42.9723], [20.1887, 42.9602], [20.2076, 42.9592], [20.239, 42.9406], [20.2516, 42.9402], [20.3104, 42.9174], [20.3464, 42.9085], [20.3497, 42.8956], [20.3421, 42.8693], [20.3529, 42.8334], [20.3818, 42.8421], [20.4152, 42.8466], [20.4409, 42.8335], [20.4858, 42.8676], [20.5379, 42.8829], [20.5055, 42.9053], [20.4863, 42.9291], [20.4962, 42.9523], [20.5298, 42.9751], [20.5519, 42.9756], [20.5649, 42.9847], [20.5814, 43.0128], [20.6064, 43.0173], [20.6299, 43.0091], [20.6551, 43.0349], [20.6696, 43.0366], [20.6705, 43.057], [20.6564, 43.0738], [20.6873, 43.0837], [20.6931, 43.1057], [20.6848, 43.1232], [20.6576, 43.1369], [20.6619, 43.144], [20.6398, 43.1626], [20.6116, 43.1694], [20.6153, 43.2043], [20.6716, 43.2086], [20.7095, 43.2272], [20.7277, 43.2484], [20.7615, 43.2439], [20.7911, 43.2642], [20.8168, 43.2727]]]}}, {"type": "Feature", "properties": {"ISO_A3": "SRB", "name": "Severno-backi", "wb_status": "Member State"}, "geometry": {"type": "Polygon", "coordinates": [[[19.2991, 45.9893], [19.3118, 45.9783], [19.3489, 45.9311], [19.3486, 45.9196], [19.3253, 45.9086], [19.3244, 45.8948], [19.3428, 45.859], [19.3465, 45.8339], [19.3747, 45.8085], [19.4359, 45.7602], [19.4681, 45.7389], [19.4857, 45.7392], [19.5546, 45.761], [19.5802, 45.7629], [19.6148, 45.7427], [19.5792, 45.7199], [19.5747, 45.7079], [19.6108, 45.6807], [19.6026, 45.6512], [19.6201, 45.6434], [19.7139, 45.6157], [19.7505, 45.6409], [19.7535, 45.6703], [19.7782, 45.6987], [19.7741, 45.7307], [19.8606, 45.756], [19.847, 45.8076], [19.8161, 45.8169], [19.8138, 45.8394], [19.827, 45.8726], [19.7983, 45.9215], [19.7987, 45.9473], [19.8109, 45.9768], [19.8383, 46.01], [19.8603, 46.0437], [19.8927, 46.129], [19.9017, 46.1607], [19.8527, 46.1495], [19.8178, 46.1278], [19.7803, 46.1446], [19.7585, 46.1479], [19.741, 46.1656], [19.7065, 46.1822], [19.6826, 46.1797], [19.6615, 46.1901], [19.6316, 46.1692], [19.5676, 46.1787], [19.5604, 46.1663], [19.5266, 46.1477], [19.5025, 46.1421], [19.5271, 46.1209], [19.509, 46.1107], [19.4644, 46.0953], [19.4665, 46.0816], [19.4398, 46.0672], [19.4154, 46.0457], [19.3802, 46.0358], [19.3642, 46.0522], [19.2816, 46.0145], [19.2991, 45.9893]]]}}, {"type": "Feature", "properties": {"ISO_A3": "SRB", "name": "Severno-banatski", "wb_status": "Member State"}, "geometry": {"type": "Polygon", "coordinates": [[[19.9017, 46.1607], [19.8927, 46.129], [19.8603, 46.0437], [19.8383, 46.01], [19.8109, 45.9768], [19.7987, 45.9473], [19.7983, 45.9215], [19.827, 45.8726], [19.8138, 45.8394], [19.8161, 45.8169], [19.847, 45.8076], [19.8606, 45.756], [19.9339, 45.7718], [19.9967, 45.7745], [20.0719, 45.7654], [20.0957, 45.7579], [20.0978, 45.7189], [20.1261, 45.718], [20.1634, 45.7373], [20.1653, 45.7452], [20.1467, 45.7716], [20.1492, 45.7892], [20.1656, 45.7919], [20.1936, 45.7823], [20.237, 45.7897], [20.2986, 45.7919], [20.3653, 45.7829], [20.3818, 45.774], [20.3932, 45.7311], [20.4158, 45.7231], [20.4299, 45.6935], [20.3965, 45.6694], [20.3629, 45.6746], [20.3696, 45.6547], [20.3647, 45.6327], [20.3989, 45.5891], [20.4189, 45.606], [20.4787, 45.6223], [20.4986, 45.6152], [20.5318, 45.6145], [20.5242, 45.6679], [20.5375, 45.6924], [20.5804, 45.7058], [20.6204, 45.7039], [20.6367, 45.7084], [20.6494, 45.7532], [20.6637, 45.7659], [20.657, 45.8081], [20.6606, 45.8292], [20.6117, 45.864], [20.5816, 45.8696], [20.5694, 45.9103], [20.5498, 45.9001], [20.5158, 45.8921], [20.5019, 45.9105], [20.483, 45.9535], [20.4473, 45.9703], [20.4055, 45.9652], [20.3481, 45.9998], [20.3577, 46.0057], [20.3404, 46.036], [20.3461, 46.0475], [20.3091, 46.0721], [20.3024, 46.0867], [20.2733, 46.0984], [20.2643, 46.1264], [20.2298, 46.1291], [20.1818, 46.1601], [20.1373, 46.1442], [20.1069, 46.1627], [20.0958, 46.1772], [20.0626, 46.146], [20.0314, 46.1485], [20.0163, 46.1766], [19.9352, 46.1762], [19.9017, 46.1607]]]}}, {"type": "Feature", "properties": {"ISO_A3": "SRB", "name": "Srednje-banatski", "wb_status": "Member State"}, "geometry": {"type": "Polygon", "coordinates": [[[20.657, 45.8081], [20.6637, 45.7659], [20.6494, 45.7532], [20.6367, 45.7084], [20.6204, 45.7039], [20.5804, 45.7058], [20.5375, 45.6924], [20.5242, 45.6679], [20.5318, 45.6145], [20.4986, 45.6152], [20.4787, 45.6223], [20.4189, 45.606], [20.3989, 45.5891], [20.3647, 45.6327], [20.3696, 45.6547], [20.3629, 45.6746], [20.3965, 45.6694], [20.4299, 45.6935], [20.4158, 45.7231], [20.3932, 45.7311], [20.3818, 45.774], [20.3653, 45.7829], [20.2986, 45.7919], [20.237, 45.7897], [20.1936, 45.7823], [20.1656, 45.7919], [20.1492, 45.7892], [20.1467, 45.7716], [20.1653, 45.7452], [20.1634, 45.7373], [20.1261, 45.718], [20.0978, 45.7189], [20.0942, 45.6883], [20.1119, 45.6692], [20.1072, 45.6539], [20.0808, 45.6189], [20.0625, 45.6145], [20.0781, 45.5942], [20.1203, 45.5975], [20.125, 45.5853], [20.1017, 45.5639], [20.0679, 45.5563], [20.0683, 45.5371], [20.0599, 45.5021], [20.0734, 45.4922], [20.1099, 45.5285], [20.1714, 45.4803], [20.2241, 45.4472], [20.2233, 45.4236], [20.205, 45.3975], [20.2142, 45.37], [20.233, 45.3639], [20.2642, 45.3436], [20.2411, 45.3089], [20.2464, 45.2883], [20.2956, 45.2611], [20.3206, 45.2133], [20.313, 45.1928], [20.2839, 45.1772], [20.2769, 45.1389], [20.2922, 45.1253], [20.3144, 45.0936], [20.3328, 45.1003], [20.3619, 45.0927], [20.3831, 45.1003], [20.4241, 45.0941], [20.4578, 45.1297], [20.4654, 45.1503], [20.5054, 45.1733], [20.5368, 45.1975], [20.5869, 45.2037], [20.6068, 45.2286], [20.6773, 45.2234], [20.714, 45.1952], [20.7305, 45.1975], [20.7509, 45.1797], [20.7645, 45.1827], [20.7689, 45.2065], [20.8137, 45.2234], [20.8348, 45.2189], [20.8733, 45.253], [20.8529, 45.263], [20.8461, 45.2779], [20.9398, 45.3116], [21.0253, 45.3162], [21.0454, 45.3192], [21.0636, 45.3315], [21.0165, 45.3246], [20.9819, 45.3574], [20.9601, 45.3669], [20.9356, 45.3928], [20.9204, 45.4174], [20.9004, 45.4169], [20.8645, 45.4319], [20.8753, 45.4391], [20.8722, 45.4558], [20.8332, 45.4799], [20.771, 45.4799], [20.7688, 45.5002], [20.8072, 45.5158], [20.8328, 45.5358], [20.8138, 45.5681], [20.7953, 45.5876], [20.772, 45.5828], [20.7659, 45.6126], [20.7793, 45.6223], [20.7886, 45.6453], [20.8049, 45.6572], [20.7964, 45.6871], [20.8027, 45.7376], [20.8176, 45.7521], [20.8231, 45.7751], [20.7835, 45.7859], [20.774, 45.7546], [20.7343, 45.7559], [20.7005, 45.7506], [20.6815, 45.7974], [20.6629, 45.7942], [20.657, 45.8081]]]}}, {"type": "Feature", "properties": {"ISO_A3": "SRB", "name": "Sremski", "wb_status": "Member State"}, "geometry": {"type": "Polygon", "coordinates": [[[19.3573, 44.8907], [19.3569, 44.9008], [19.3297, 44.9197], [19.3858, 44.9128], [19.4364, 44.9319], [19.4581, 44.9297], [19.4798, 44.9372], [19.482, 44.9527], [19.5025, 44.9505], [19.5258, 44.9392], [19.5525, 44.9175], [19.6195, 44.9142], [19.6316, 44.9297], [19.6633, 44.9403], [19.6733, 44.93], [19.6958, 44.9278], [19.7186, 44.9159], [19.7514, 44.9142], [19.76, 44.9025], [19.7472, 44.8764], [19.7092, 44.8258], [19.7022, 44.8025], [19.7117, 44.7675], [19.7403, 44.7497], [19.8053, 44.7439], [19.8711, 44.7139], [19.9011, 44.6972], [20.0025, 44.6906], [20.0036, 44.6783], [19.9803, 44.6677], [19.9416, 44.662], [19.9217, 44.6414], [19.9389, 44.6334], [19.9794, 44.6372], [20.0164, 44.6672], [20.0453, 44.6836], [20.1061, 44.7011], [20.1272, 44.7134], [20.1114, 44.7361], [20.1416, 44.7511], [20.1153, 44.7692], [20.1141, 44.78], [20.1367, 44.7908], [20.1472, 44.8347], [20.1647, 44.845], [20.1711, 44.8781], [20.1847, 44.8925], [20.2061, 44.8989], [20.2205, 44.917], [20.2364, 44.9241], [20.2853, 44.9275], [20.3023, 44.9475], [20.2939, 44.9844], [20.3036, 44.9959], [20.3375, 45.0067], [20.3573, 45.0208], [20.3586, 45.0478], [20.3464, 45.0661], [20.3144, 45.0936], [20.2922, 45.1253], [20.2769, 45.1389], [20.2409, 45.1631], [20.1875, 45.1836], [20.1631, 45.1855], [20.1094, 45.1714], [20.0681, 45.175], [20.0116, 45.1695], [19.9656, 45.1445], [19.9164, 45.1414], [19.8553, 45.1458], [19.7861, 45.1554], [19.7648, 45.1554], [19.6799, 45.1428], [19.6509, 45.1419], [19.5986, 45.146], [19.5566, 45.1554], [19.5051, 45.1618], [19.4828, 45.1482], [19.4596, 45.1447], [19.4473, 45.1599], [19.4276, 45.1688], [19.3871, 45.1733], [19.3471, 45.1716], [19.3298, 45.177], [19.3185, 45.2078], [19.2879, 45.205], [19.2813, 45.1931], [19.2938, 45.1784], [19.2501, 45.1727], [19.2377, 45.1754], [19.191, 45.2011], [19.166, 45.1898], [19.1947, 45.179], [19.187, 45.1659], [19.1421, 45.1299], [19.0864, 45.1455], [19.0766, 45.1141], [19.0933, 45.1017], [19.1059, 45.0793], [19.0953, 45.0586], [19.0945, 45.0375], [19.1028, 45.0109], [19.0926, 44.9947], [19.0544, 44.9799], [19.0753, 44.9712], [19.1096, 44.9699], [19.1381, 44.9809], [19.1476, 44.9754], [19.1431, 44.941], [19.0874, 44.9254], [19.087, 44.9105], [19.0675, 44.9011], [19.0349, 44.9217], [18.9979, 44.9154], [18.9891, 44.9057], [19.0213, 44.8553], [19.0745, 44.8653], [19.0872, 44.879], [19.1203, 44.8875], [19.1694, 44.9198], [19.1979, 44.9173], [19.2073, 44.9009], [19.2212, 44.8963], [19.2474, 44.9123], [19.2795, 44.9054], [19.3156, 44.9055], [19.3474, 44.8891], [19.3573, 44.8907]]]}}, {"type": "Feature", "properties": {"ISO_A3": "SRB", "name": "Sumadijski", "wb_status": "Member State"}, "geometry": {"type": "Polygon", "coordinates": [[[20.3969, 44.3249], [20.4275, 44.3234], [20.4332, 44.3153], [20.4273, 44.2873], [20.4491, 44.2721], [20.4679, 44.2487], [20.4718, 44.2056], [20.4901, 44.1818], [20.5273, 44.1688], [20.5681, 44.1291], [20.5845, 44.1055], [20.6115, 44.0843], [20.6612, 44.0571], [20.6639, 44.0451], [20.6482, 44.0301], [20.6264, 44.0295], [20.5982, 44.0], [20.566, 43.9727], [20.5732, 43.9473], [20.5849, 43.9358], [20.62, 43.9198], [20.6256, 43.9021], [20.6431, 43.8938], [20.6513, 43.879], [20.6883, 43.8504], [20.6938, 43.8366], [20.7231, 43.8131], [20.7627, 43.8092], [20.7922, 43.8216], [20.7849, 43.8479], [20.8356, 43.8541], [20.9215, 43.8577], [20.9223, 43.8394], [20.9377, 43.836], [20.9638, 43.8475], [21.0078, 43.8582], [20.9957, 43.8978], [21.0307, 43.9213], [21.0562, 43.9256], [21.0791, 43.9517], [21.0689, 43.9868], [21.0867, 44.0024], [21.1185, 44.0494], [21.0816, 44.0803], [21.1033, 44.0817], [21.1451, 44.1072], [21.191, 44.1091], [21.1842, 44.1425], [21.1734, 44.1489], [21.1358, 44.1486], [21.1408, 44.1894], [21.1509, 44.2119], [21.1016, 44.2219], [21.0624, 44.2216], [21.0516, 44.2323], [21.0, 44.2538], [20.9949, 44.2822], [20.9851, 44.2914], [20.9529, 44.2908], [20.8976, 44.2783], [20.8601, 44.2895], [20.8372, 44.2918], [20.826, 44.3334], [20.7814, 44.3361], [20.767, 44.3363], [20.7248, 44.3606], [20.6732, 44.3623], [20.6299, 44.3804], [20.6282, 44.4029], [20.6169, 44.4059], [20.5697, 44.3939], [20.5564, 44.3963], [20.5535, 44.4243], [20.5176, 44.4369], [20.4856, 44.4323], [20.4574, 44.4529], [20.4275, 44.4339], [20.422, 44.4139], [20.4498, 44.3897], [20.4215, 44.3625], [20.3969, 44.3249]]]}}, {"type": "Feature", "properties": {"ISO_A3": "SRB", "name": "Toplicki", "wb_status": "Member State"}, "geometry": {"type": "Polygon", "coordinates": [[[20.9645, 43.1246], [20.9754, 43.1355], [20.9978, 43.1381], [21.0255, 43.1293], [21.0494, 43.1081], [21.0794, 43.1188], [21.088, 43.1353], [21.1128, 43.1113], [21.1358, 43.114], [21.1488, 43.0892], [21.1398, 43.0822], [21.153, 43.0598], [21.1525, 43.0403], [21.1645, 43.0288], [21.1635, 43.0143], [21.1755, 42.9998], [21.1926, 43.0076], [21.2055, 43.0246], [21.2353, 43.0096], [21.2439, 42.9808], [21.234, 42.9562], [21.2459, 42.9334], [21.2703, 42.9098], [21.2917, 42.903], [21.3309, 42.9026], [21.3436, 42.8979], [21.3611, 42.8723], [21.4344, 42.8727], [21.4343, 42.8673], [21.459, 42.8836], [21.4663, 42.9091], [21.465, 42.9283], [21.4813, 42.942], [21.4757, 42.9629], [21.4587, 42.9877], [21.4812, 42.9933], [21.5482, 43.0327], [21.5738, 43.0419], [21.6127, 43.0481], [21.6372, 43.0645], [21.6702, 43.0629], [21.6948, 43.0736], [21.7113, 43.0883], [21.7483, 43.1019], [21.7832, 43.1077], [21.8236, 43.1328], [21.8172, 43.143], [21.8035, 43.1461], [21.7951, 43.1785], [21.7804, 43.1893], [21.7798, 43.239], [21.7736, 43.2497], [21.7291, 43.2597], [21.7105, 43.2415], [21.7128, 43.2173], [21.6859, 43.2321], [21.6557, 43.2389], [21.6356, 43.2616], [21.6365, 43.2844], [21.6111, 43.296], [21.6006, 43.3304], [21.6044, 43.3526], [21.5594, 43.3524], [21.5109, 43.3593], [21.4818, 43.3754], [21.438, 43.3877], [21.3972, 43.3912], [21.3704, 43.3865], [21.3404, 43.3948], [21.3042, 43.386], [21.2819, 43.3757], [21.234, 43.3661], [21.2254, 43.3358], [21.1846, 43.3016], [21.1731, 43.2737], [21.1569, 43.2553], [21.0883, 43.2445], [21.0677, 43.2603], [21.0407, 43.2576], [20.9981, 43.2673], [20.9707, 43.2422], [20.9672, 43.2211], [20.9764, 43.205], [20.9726, 43.1906], [20.9579, 43.1859], [20.921, 43.1476], [20.9335, 43.1345], [20.9645, 43.1246]]]}}, {"type": "Feature", "properties": {"ISO_A3": "SRB", "name": "Zajecarski", "wb_status": "Member State"}, "geometry": {"type": "Polygon", "coordinates": [[[22.685, 43.3939], [22.6672, 43.4025], [22.6612, 43.4259], [22.6283, 43.4281], [22.5977, 43.4357], [22.5863, 43.4531], [22.5759, 43.4638], [22.554, 43.4616], [22.5334, 43.4712], [22.5251, 43.494], [22.5065, 43.5163], [22.5028, 43.5413], [22.4877, 43.5687], [22.4966, 43.5835], [22.4819, 43.6255], [22.4918, 43.6392], [22.4765, 43.6576], [22.4602, 43.6588], [22.4217, 43.6838], [22.4079, 43.6959], [22.3992, 43.7543], [22.3775, 43.7752], [22.3572, 43.8095], [22.3716, 43.8356], [22.3779, 43.8441], [22.3944, 43.9078], [22.3914, 43.9301], [22.4089, 43.9397], [22.4132, 43.9723], [22.4095, 44.0042], [22.4679, 44.015], [22.5313, 44.0209], [22.5435, 44.0334], [22.5312, 44.0482], [22.4723, 44.0566], [22.4624, 44.0668], [22.4915, 44.0868], [22.4923, 44.1169], [22.425, 44.1424], [22.406, 44.1299], [22.3862, 44.1327], [22.3563, 44.1494], [22.2902, 44.1748], [22.2379, 44.176], [22.2151, 44.1514], [22.2143, 44.1394], [22.2385, 44.083], [22.2381, 44.0607], [22.2147, 44.0197], [22.2044, 43.9887], [22.2052, 43.9592], [22.1846, 43.9258], [22.152, 43.9092], [22.1346, 43.9171], [22.0817, 43.9235], [22.0656, 43.9643], [22.0477, 43.9647], [22.028, 43.9516], [21.9913, 43.965], [21.9384, 43.9787], [21.9039, 44.0097], [21.8841, 44.0173], [21.8598, 44.0128], [21.812, 44.0143], [21.7943, 44.0292], [21.7834, 44.0215], [21.7923, 43.9978], [21.7868, 43.9839], [21.7669, 43.9694], [21.7541, 43.9179], [21.7255, 43.9037], [21.7028, 43.8999], [21.6921, 43.8841], [21.7026, 43.8595], [21.6984, 43.8453], [21.6735, 43.8126], [21.685, 43.797], [21.7194, 43.7768], [21.7211, 43.7635], [21.6963, 43.754], [21.7095, 43.7393], [21.6985, 43.7067], [21.7238, 43.6472], [21.762, 43.6227], [21.7712, 43.5982], [21.8014, 43.5854], [21.8196, 43.59], [21.8687, 43.5743], [21.8627, 43.5459], [21.8936, 43.5353], [21.9002, 43.519], [21.8919, 43.5069], [21.912, 43.4968], [21.9409, 43.5153], [21.9692, 43.5096], [21.9953, 43.5142], [21.9985, 43.5251], [21.9871, 43.5475], [21.9674, 43.5574], [21.9797, 43.5781], [22.0029, 43.5615], [22.0234, 43.5561], [22.0457, 43.5084], [22.082, 43.4917], [22.0938, 43.4958], [22.1227, 43.4897], [22.1554, 43.4632], [22.1719, 43.4607], [22.2208, 43.4717], [22.2778, 43.4385], [22.2963, 43.4579], [22.3342, 43.4486], [22.3543, 43.4295], [22.3419, 43.4074], [22.3424, 43.3719], [22.3793, 43.3668], [22.4132, 43.3548], [22.4533, 43.3357], [22.4818, 43.3518], [22.5001, 43.3375], [22.5301, 43.3243], [22.5832, 43.3124], [22.5798, 43.3344], [22.6344, 43.378], [22.685, 43.3939]]]}}, {"type": "Feature", "properties": {"ISO_A3": "SRB", "name": "Zapadno-backi", "wb_status": "Member State"}, "geometry": {"type": "Polygon", "coordinates": [[[19.0364, 45.4861], [19.027, 45.4759], [19.0424, 45.4558], [19.0634, 45.4531], [19.0833, 45.4594], [19.1002, 45.4378], [19.1331, 45.433], [19.1508, 45.4459], [19.1975, 45.4276], [19.2325, 45.4257], [19.2779, 45.4343], [19.3062, 45.424], [19.3653, 45.4207], [19.3709, 45.4349], [19.3645, 45.4546], [19.3717, 45.4682], [19.4085, 45.4812], [19.4147, 45.4896], [19.4037, 45.5188], [19.45, 45.536], [19.4862, 45.5241], [19.5065, 45.5248], [19.5219, 45.5345], [19.5266, 45.5598], [19.5649, 45.5799], [19.5771, 45.6212], [19.6026, 45.6512], [19.6108, 45.6807], [19.5747, 45.7079], [19.5792, 45.7199], [19.6148, 45.7427], [19.5802, 45.7629], [19.5546, 45.761], [19.4857, 45.7392], [19.4681, 45.7389], [19.4359, 45.7602], [19.3747, 45.8085], [19.3465, 45.8339], [19.3428, 45.859], [19.3244, 45.8948], [19.3253, 45.9086], [19.3486, 45.9196], [19.3489, 45.9311], [19.3118, 45.9783], [19.2991, 45.9893], [19.2853, 45.9968], [19.2049, 45.9927], [19.1477, 45.9961], [19.1338, 46.0371], [19.1046, 46.04], [19.0657, 46.0], [19.0796, 45.9635], [19.055, 45.9655], [19.0058, 45.9587], [18.988, 45.9322], [18.962, 45.9259], [18.906, 45.9353], [18.8905, 45.9215], [18.8986, 45.9077], [18.877, 45.9018], [18.881, 45.882], [18.9011, 45.8738], [18.8878, 45.8591], [18.8597, 45.862], [18.8485, 45.8148], [18.8765, 45.8074], [18.8936, 45.8263], [18.9149, 45.8199], [18.923, 45.8059], [18.9165, 45.7849], [18.8889, 45.7752], [18.8959, 45.7505], [18.9261, 45.7479], [18.9583, 45.7673], [18.9695, 45.7648], [18.9787, 45.742], [18.9584, 45.7242], [18.9152, 45.7257], [18.9119, 45.7118], [18.9743, 45.7197], [18.9737, 45.699], [18.9441, 45.7044], [18.9282, 45.6893], [18.9506, 45.6853], [18.9758, 45.6563], [18.9361, 45.638], [18.914, 45.6143], [18.943, 45.6138], [18.9317, 45.598], [18.9128, 45.601], [18.8979, 45.5723], [18.9297, 45.5651], [18.9236, 45.5499], [18.9504, 45.5336], [18.9925, 45.5404], [19.0076, 45.555], [19.0257, 45.5537], [19.0404, 45.533], [19.07, 45.531], [19.0956, 45.52], [19.1008, 45.5028], [19.0829, 45.4878], [19.0364, 45.4861]]]}}, {"type": "Feature", "properties": {"ISO_A3": "SRB", "name": "Zlatiborski", "wb_status": "Member State"}, "geometry": {"type": "Polygon", "coordinates": [[[19.4951, 44.1038], [19.5101, 44.082], [19.5518, 44.073], [19.57, 44.0492], [19.5824, 44.0683], [19.603, 44.0639], [19.6149, 44.0378], [19.6181, 44.0135], [19.5633, 43.9989], [19.5683, 43.989], [19.5385, 43.9731], [19.526, 43.956], [19.4817, 43.9558], [19.4203, 43.9599], [19.4042, 43.9679], [19.3794, 43.9627], [19.355, 43.9815], [19.3326, 43.9835], [19.3132, 43.9948], [19.2686, 43.9999], [19.2513, 44.0126], [19.2349, 44.01], [19.2399, 43.9822], [19.2505, 43.9721], [19.2527, 43.9532], [19.2958, 43.9175], [19.3152, 43.8833], [19.3301, 43.8755], [19.3459, 43.8534], [19.3915, 43.8092], [19.3948, 43.7982], [19.421, 43.7969], [19.4316, 43.7837], [19.4651, 43.7655], [19.4812, 43.7335], [19.5192, 43.7141], [19.5173, 43.6891], [19.5319, 43.668], [19.527, 43.652], [19.4912, 43.6003], [19.5114, 43.586], [19.4812, 43.5717], [19.446, 43.5819], [19.4217, 43.5793], [19.4084, 43.57], [19.3975, 43.5911], [19.3643, 43.6091], [19.336, 43.5889], [19.2878, 43.5958], [19.2637, 43.6071], [19.2726, 43.5969], [19.253, 43.5804], [19.2464, 43.5479], [19.2503, 43.5294], [19.2243, 43.5275], [19.2276, 43.5125], [19.2214, 43.4832], [19.2534, 43.4614], [19.2882, 43.4458], [19.3219, 43.4413], [19.3594, 43.4115], [19.3857, 43.4116], [19.4121, 43.3927], [19.4485, 43.3881], [19.4505, 43.3673], [19.461, 43.3448], [19.4852, 43.3276], [19.528, 43.3171], [19.5377, 43.3042], [19.5274, 43.285], [19.5422, 43.2575], [19.5463, 43.2467], [19.5908, 43.2394], [19.6184, 43.2305], [19.6386, 43.2072], [19.6408, 43.1888], [19.6644, 43.1863], [19.6849, 43.168], [19.7337, 43.1713], [19.7409, 43.159], [19.7693, 43.1657], [19.7911, 43.1235], [19.8126, 43.1153], [19.8292, 43.1179], [19.8387, 43.094], [19.8701, 43.1131], [19.8875, 43.0974], [19.9027, 43.0993], [19.9155, 43.0868], [19.9664, 43.1117], [19.9696, 43.0883], [19.9921, 43.0518], [20.0475, 43.0264], [20.0603, 43.0076], [20.0657, 43.0024], [20.09, 43.0202], [20.1269, 43.0806], [20.1438, 43.092], [20.1835, 43.1076], [20.2091, 43.137], [20.2415, 43.1504], [20.291, 43.1591], [20.3008, 43.1696], [20.2923, 43.184], [20.2614, 43.1931], [20.2447, 43.2159], [20.2625, 43.2401], [20.2593, 43.2531], [20.2862, 43.2943], [20.302, 43.299], [20.2833, 43.3354], [20.2677, 43.3419], [20.1917, 43.3264], [20.153, 43.3229], [20.1289, 43.33], [20.1176, 43.3407], [20.1224, 43.359], [20.1105, 43.3692], [20.1061, 43.3902], [20.0858, 43.4016], [20.0506, 43.4538], [20.0338, 43.5032], [19.9995, 43.5083], [19.9661, 43.5012], [19.9492, 43.5179], [19.9131, 43.5248], [19.8957, 43.5488], [19.9041, 43.5716], [19.9162, 43.585], [19.9516, 43.5638], [19.9777, 43.5683], [20.0, 43.5795], [20.0133, 43.5955], [20.0722, 43.6216], [20.1032, 43.6228], [20.1191, 43.6405], [20.1091, 43.6556], [20.1245, 43.6682], [20.1693, 43.6612], [20.1949, 43.6616], [20.1886, 43.7097], [20.2033, 43.7364], [20.1793, 43.7383], [20.1618, 43.7468], [20.1502, 43.7662], [20.1448, 43.7944], [20.1606, 43.8125], [20.1246, 43.8356], [20.121, 43.8588], [20.1345, 43.8883], [20.1754, 43.8967], [20.1639, 43.9067], [20.1263, 43.9196], [20.1177, 43.9304], [20.1274, 43.9572], [20.0963, 43.9714], [20.0747, 44.0048], [20.0938, 44.0409], [20.0856, 44.0711], [20.0907, 44.089], [20.0857, 44.1171], [20.0667, 44.1237], [20.0217, 44.1299], [19.9851, 44.1204], [19.9785, 44.0995], [19.9384, 44.0937], [19.9133, 44.105], [19.9012, 44.1426], [19.8734, 44.1539], [19.862, 44.1517], [19.8415, 44.1269], [19.8028, 44.1377], [19.8165, 44.0984], [19.8061, 44.0684], [19.788, 44.069], [19.767, 44.1004], [19.7356, 44.1239], [19.6983, 44.1332], [19.6713, 44.1559], [19.6396, 44.1679], [19.6159, 44.1653], [19.6122, 44.1418], [19.58, 44.1384], [19.5241, 44.1124], [19.4951, 44.1038]]]}}]}