{"type": "FeatureCollection", "features": [{"type": "Feature", "geometry": {"type": "LineString", "coordinates": [[-68.984, 18.446], [-68.986, 18.471]]}, "properties": {"v": 69000, "nm": "69kV", "op": "CDEEE", "oid": 32043155}}, {"type": "Feature", "geometry": {"type": "LineString", "coordinates": [[-68.984, 18.446], [-69.314, 18.462]]}, "properties": {"v": 138000, "op": "CDEEE", "c": 2, "f": "60", "oid": 32085077}}, {"type": "Feature", "geometry": {"type": "LineString", "coordinates": [[-68.736, 18.625], [-69.05, 18.767]]}, "properties": {"v": 138000, "op": "CDEEE", "f": "60", "oid": 32135271}}, {"type": "Feature", "geometry": {"type": "LineString", "coordinates": [[-68.984, 18.446], [-68.736, 18.625]]}, "properties": {"v": 138000, "op": "CDEEE", "f": "60", "oid": 32043169}}, {"type": "Feature", "geometry": {"type": "LineString", "coordinates": [[-69.35, 18.493], [-69.349, 18.493]]}, "properties": {"v": 230000, "oid": 357562847}}, {"type": "Feature", "geometry": {"type": "LineString", "coordinates": [[-69.344, 18.493], [-69.343, 18.494]]}, "properties": {"v": 138000, "op": "CDEEE", "c": 2, "oid": 32019016}}, {"type": "Feature", "geometry": {"type": "LineString", "coordinates": [[-69.318, 18.45], [-69.314, 18.449]]}, "properties": {"v": 138000, "c": 1, "f": "60", "oid": 884844361}}, {"type": "Feature", "geometry": {"type": "LineString", "coordinates": [[-69.241, 18.763], [-69.247, 18.767]]}, "properties": {"v": 138000, "f": "60", "oid": 781407496}}, {"type": "Feature", "geometry": {"type": "LineString", "coordinates": [[-68.729, 18.623], [-68.736, 18.625]]}, "properties": {"v": 138000, "nm": "138kV", "op": "CDEEE", "oid": 32043640}}, {"type": "Feature", "geometry": {"type": "LineString", "coordinates": [[-69.256, 18.443], [-69.271, 18.443]]}, "properties": {"v": 69000, "nm": "69kV", "op": "CDEEE", "oid": 32082440}}, {"type": "Feature", "geometry": {"type": "LineString", "coordinates": [[-69.257, 18.456], [-69.209, 18.455]]}, "properties": {"v": 69000, "nm": "69kV", "op": "CDEEE", "oid": 32073857}}, {"type": "Feature", "geometry": {"type": "LineString", "coordinates": [[-68.958, 18.45], [-69.343, 18.491]]}, "properties": {"v": 138000, "c": 2, "f": "60", "oid": 262058043}}, {"type": "Feature", "geometry": {"type": "LineString", "coordinates": [[-69.318, 18.45], [-69.343, 18.491]]}, "properties": {"v": 138000, "op": "CDEEE", "c": 2, "f": "60", "oid": 31992774}}, {"type": "Feature", "geometry": {"type": "LineString", "coordinates": [[-69.335, 18.465], [-69.314, 18.448]]}, "properties": {"v": 138000, "c": 1, "f": "60", "oid": 454932568}}, {"type": "Feature", "geometry": {"type": "LineString", "coordinates": [[-69.335, 18.465], [-69.332, 18.467]]}, "properties": {"v": 138000, "c": 2, "f": "60", "oid": 781499112}}, {"type": "Feature", "geometry": {"type": "LineString", "coordinates": [[-69.343, 18.493], [-69.258, 18.583], [-69.241, 18.763]]}, "properties": {"v": 138000, "op": "CDEEE", "f": "60", "oid": 781407497}}, {"type": "Feature", "geometry": {"type": "LineString", "coordinates": [[-69.315, 18.462], [-69.343, 18.493]]}, "properties": {"v": 138000, "op": "CDEEE", "c": 2, "f": "60", "oid": 781407500}}, {"type": "Feature", "geometry": {"type": "LineString", "coordinates": [[-70.09, 18.52], [-70.086, 18.402], [-70.197, 18.292]]}, "properties": {"v": 138000, "op": "CDEEE", "c": 2, "f": "60", "oid": 690608640}}, {"type": "Feature", "geometry": {"type": "LineString", "coordinates": [[-70.282, 18.392], [-70.226, 18.339], [-70.037, 18.508]]}, "properties": {"v": 138000, "op": "CDEEE", "c": 2, "f": "60", "oid": 354061812}}, {"type": "Feature", "geometry": {"type": "LineString", "coordinates": [[-70.028, 18.405], [-70.09, 18.521]]}, "properties": {"v": 138000, "op": "CDEEE", "c": 2, "f": "60", "oid": 348539808}}, {"type": "Feature", "geometry": {"type": "LineString", "coordinates": [[-69.613, 18.511], [-69.648, 18.459]]}, "properties": {"v": 138000, "op": "CDEEE", "f": "60", "oid": 31993268}}, {"type": "Feature", "geometry": {"type": "LineString", "coordinates": [[-69.944, 18.441], [-69.947, 18.454]]}, "properties": {"v": 138000, "op": "CDEEE", "f": "60", "oid": 348539809}}, {"type": "Feature", "geometry": {"type": "LineString", "coordinates": [[-69.408, 18.478], [-69.424, 18.444]]}, "properties": {"v": 138000, "op": "CDEEE", "c": 2, "f": "60", "oid": 32014226}}, {"type": "Feature", "geometry": {"type": "LineString", "coordinates": [[-69.947, 18.454], [-69.952, 18.468]]}, "properties": {"v": 138000, "op": "CDEEE", "f": "60", "oid": 781612810}}, {"type": "Feature", "geometry": {"type": "LineString", "coordinates": [[-69.344, 18.492], [-69.335, 18.465]]}, "properties": {"v": 138000, "op": "CDEEE", "c": 1, "f": "60", "oid": 203591315}}, {"type": "Feature", "geometry": {"type": "LineString", "coordinates": [[-69.591, 18.491], [-69.409, 18.477]]}, "properties": {"v": 138000, "op": "CDEEE", "c": 2, "f": "60", "oid": 776374465}}, {"type": "Feature", "geometry": {"type": "LineString", "coordinates": [[-69.612, 18.51], [-69.344, 18.494]]}, "properties": {"v": 138000, "op": "CDEEE", "c": 2, "f": "60", "oid": 27944737}}, {"type": "Feature", "geometry": {"type": "LineString", "coordinates": [[-69.409, 18.477], [-69.408, 18.478]]}, "properties": {"v": 138000, "op": "CDEEE", "c": 1, "f": "60", "oid": 781503628}}, {"type": "Feature", "geometry": {"type": "LineString", "coordinates": [[-69.409, 18.477], [-69.407, 18.478]]}, "properties": {"v": 138000, "op": "CDEEE", "c": 1, "f": "60", "oid": 781503626}}, {"type": "Feature", "geometry": {"type": "LineString", "coordinates": [[-69.408, 18.478], [-69.407, 18.478]]}, "properties": {"v": 138000, "op": "CDEEE", "c": 1, "f": "60", "oid": 781503625}}, {"type": "Feature", "geometry": {"type": "LineString", "coordinates": [[-69.407, 18.478], [-69.344, 18.493]]}, "properties": {"v": 138000, "op": "CDEEE", "c": 2, "f": "60", "oid": 781503627}}, {"type": "Feature", "geometry": {"type": "LineString", "coordinates": [[-69.92, 18.479], [-70.035, 18.503]]}, "properties": {"v": 138000, "f": "60", "oid": 343884760}}, {"type": "Feature", "geometry": {"type": "LineString", "coordinates": [[-70.027, 18.407], [-70.028, 18.408]]}, "properties": {"v": 138000, "op": "CDEEE", "f": "60", "oid": 781573248}}, {"type": "Feature", "geometry": {"type": "LineString", "coordinates": [[-70.028, 18.405], [-69.978, 18.451]]}, "properties": {"v": 138000, "op": "CDEEE", "f": "60", "oid": 696033278}}, {"type": "Feature", "geometry": {"type": "LineString", "coordinates": [[-70.027, 18.407], [-69.981, 18.45]]}, "properties": {"v": 138000, "op": "CDEEE", "c": 2, "f": "60", "oid": 781573252}}, {"type": "Feature", "geometry": {"type": "LineString", "coordinates": [[-70.02, 18.427], [-69.944, 18.441]]}, "properties": {"v": 138000, "op": "CDEEE", "c": 2, "f": "60", "oid": 348539799}}, {"type": "Feature", "geometry": {"type": "LineString", "coordinates": [[-69.943, 18.441], [-69.924, 18.458]]}, "properties": {"v": 138000, "op": "CDEEE", "f": "60", "oid": 348539789}}, {"type": "Feature", "geometry": {"type": "LineString", "coordinates": [[-70.05, 18.425], [-70.036, 18.509]]}, "properties": {"v": 138000, "op": "CDEEE", "c": 2, "f": "60", "oid": 781543571}}, {"type": "Feature", "geometry": {"type": "LineString", "coordinates": [[-70.05, 18.425], [-70.028, 18.406]]}, "properties": {"v": 138000, "op": "CDEEE", "f": "60", "oid": 781573251}}, {"type": "Feature", "geometry": {"type": "LineString", "coordinates": [[-69.591, 18.491], [-69.619, 18.457]]}, "properties": {"v": 138000, "op": "CDEEE", "c": 2, "f": "60", "oid": 781503624}}, {"type": "Feature", "geometry": {"type": "LineString", "coordinates": [[-69.348, 18.494], [-69.549, 18.577], [-69.56, 18.681], [-69.718, 18.8], [-70.007, 18.943], [-70.153, 18.925]]}, "properties": {"v": 230000, "op": "CDEEE", "c": 2, "oid": 696048989}}, {"type": "Feature", "geometry": {"type": "LineString", "coordinates": [[-69.82, 18.534], [-69.591, 18.491]]}, "properties": {"v": 138000, "op": "CDEEE", "c": 2, "f": "60", "oid": 31993814}}, {"type": "Feature", "geometry": {"type": "LineString", "coordinates": [[-69.344, 18.492], [-69.348, 18.492]]}, "properties": {"v": 138000, "op": "CDEEE", "c": 2, "f": "60", "oid": 1257335220}}, {"type": "Feature", "geometry": {"type": "LineString", "coordinates": [[-69.349, 18.493], [-69.348, 18.494]]}, "properties": {"v": 230000, "op": "CDEEE", "oid": 357562851}}, {"type": "Feature", "geometry": {"type": "LineString", "coordinates": [[-69.349, 18.494], [-69.348, 18.494]]}, "properties": {"v": 230000, "op": "CDEEE", "oid": 357562849}}, {"type": "Feature", "geometry": {"type": "LineString", "coordinates": [[-70.089, 18.521], [-70.035, 18.503]]}, "properties": {"v": 138000, "op": "CDEEE", "c": 2, "f": "60", "oid": 781543572}}, {"type": "Feature", "geometry": {"type": "LineString", "coordinates": [[-69.758, 18.568], [-69.612, 18.51]]}, "properties": {"v": 138000, "op": "CDEEE", "c": 2, "oid": 1176620126}}, {"type": "Feature", "geometry": {"type": "LineString", "coordinates": [[-69.613, 18.511], [-69.746, 18.548]]}, "properties": {"v": 138000, "op": "CDEEE", "c": 2, "oid": 31993524}}, {"type": "Feature", "geometry": {"type": "LineString", "coordinates": [[-70.091, 18.52], [-70.09, 18.522]]}, "properties": {"v": 345000, "op": "CDEEE", "oid": 354061933}}, {"type": "Feature", "geometry": {"type": "LineString", "coordinates": [[-70.091, 18.521], [-70.091, 18.52]]}, "properties": {"v": 345000, "op": "CDEEE", "oid": 354061935}}, {"type": "Feature", "geometry": {"type": "LineString", "coordinates": [[-70.09, 18.522], [-70.091, 18.52]]}, "properties": {"v": 345000, "op": "CDEEE", "oid": 354061932}}, {"type": "Feature", "geometry": {"type": "LineString", "coordinates": [[-70.091, 18.521], [-70.091, 18.52]]}, "properties": {"v": 345000, "op": "CDEEE", "oid": 354061934}}, {"type": "Feature", "geometry": {"type": "LineString", "coordinates": [[-70.091, 18.521], [-70.09, 18.521]]}, "properties": {"v": 345000, "op": "CDEEE", "oid": 354061981}}, {"type": "Feature", "geometry": {"type": "LineString", "coordinates": [[-70.09, 18.521], [-70.091, 18.522]]}, "properties": {"v": 345000, "op": "CDEEE", "oid": 282145071}}, {"type": "Feature", "geometry": {"type": "LineString", "coordinates": [[-70.091, 18.522], [-70.09, 18.522]]}, "properties": {"v": 345000, "op": "CDEEE", "oid": 354061810}}, {"type": "Feature", "geometry": {"type": "LineString", "coordinates": [[-69.755, 18.547], [-69.819, 18.534]]}, "properties": {"v": 138000, "op": "CDEEE", "c": 2, "oid": 1257335221}}, {"type": "Feature", "geometry": {"type": "LineString", "coordinates": [[-69.758, 18.568], [-69.746, 18.548]]}, "properties": {"v": 138000, "op": "CDEEE", "c": 2, "oid": 1176620125}}, {"type": "Feature", "geometry": {"type": "LineString", "coordinates": [[-70.364, 18.911], [-70.326, 18.876]]}, "properties": {"v": 230000, "op": "CDEEE", "c": 2, "oid": 1034666193}}, {"type": "Feature", "geometry": {"type": "LineString", "coordinates": [[-70.326, 18.876], [-70.153, 18.925]]}, "properties": {"v": 230000, "op": "CDEEE", "c": 2, "oid": 354060678}}, {"type": "Feature", "geometry": {"type": "LineString", "coordinates": [[-70.091, 19.201], [-69.951, 19.183], [-69.854, 19.361]]}, "properties": {"v": 138000, "op": "CDEEE", "c": 1, "f": "60", "oid": 696541297}}, {"type": "Feature", "geometry": {"type": "LineString", "coordinates": [[-70.266, 19.279], [-70.091, 19.201]]}, "properties": {"v": 138000, "op": "CDEEE", "c": 1, "f": "60", "oid": 1257335211}}, {"type": "Feature", "geometry": {"type": "LineString", "coordinates": [[-69.619, 19.234], [-69.517, 19.214]]}, "properties": {"v": 138000, "f": "60", "oid": 348631412}}, {"type": "Feature", "geometry": {"type": "LineString", "coordinates": [[-69.51, 19.213], [-69.483, 19.21]]}, "properties": {"v": 138000, "f": "60", "oid": 348631412}}, {"type": "Feature", "geometry": {"type": "LineString", "coordinates": [[-69.48, 19.21], [-69.465, 19.208]]}, "properties": {"v": 138000, "f": "60", "oid": 348631412}}, {"type": "Feature", "geometry": {"type": "LineString", "coordinates": [[-69.449, 19.206], [-69.43, 19.204]]}, "properties": {"v": 138000, "f": "60", "oid": 348631412}}, {"type": "Feature", "geometry": {"type": "LineString", "coordinates": [[-69.397, 19.2], [-69.324, 19.21]]}, "properties": {"v": 138000, "f": "60", "oid": 348631412}}, {"type": "Feature", "geometry": {"type": "LineString", "coordinates": [[-69.619, 19.234], [-69.78, 19.251], [-69.853, 19.36]]}, "properties": {"v": 138000, "op": "CDEEE", "f": "60", "oid": 152250315}}, {"type": "Feature", "geometry": {"type": "LineString", "coordinates": [[-69.854, 19.361], [-69.925, 19.452]]}, "properties": {"v": 138000, "op": "CDEEE", "f": "60", "oid": 781387645}}, {"type": "Feature", "geometry": {"type": "LineString", "coordinates": [[-70.013, 18.557], [-69.99, 18.507]]}, "properties": {"v": 138000, "op": "CDEEE", "c": 2, "f": "60", "oid": 343861081}}, {"type": "Feature", "geometry": {"type": "LineString", "coordinates": [[-70.035, 18.523], [-70.014, 18.557]]}, "properties": {"v": 138000, "op": "CDEEE", "c": 2, "f": "60", "oid": 781543569}}, {"type": "Feature", "geometry": {"type": "LineString", "coordinates": [[-70.014, 18.557], [-70.013, 18.557]]}, "properties": {"v": 138000, "op": "CDEEE", "f": "60", "oid": 781340052}}, {"type": "Feature", "geometry": {"type": "LineString", "coordinates": [[-70.014, 18.557], [-69.82, 18.533]]}, "properties": {"v": 138000, "op": "CDEEE", "c": 2, "f": "60", "oid": 343861090}}, {"type": "Feature", "geometry": {"type": "LineString", "coordinates": [[-70.034, 18.523], [-70.014, 18.557]]}, "properties": {"v": 138000, "op": "CDEEE", "c": 2, "f": "60", "oid": 781543570}}, {"type": "Feature", "geometry": {"type": "LineString", "coordinates": [[-70.089, 18.521], [-70.014, 18.557]]}, "properties": {"v": 138000, "op": "CDEEE", "c": 2, "f": "60", "oid": 282145088}}, {"type": "Feature", "geometry": {"type": "LineString", "coordinates": [[-69.759, 18.567], [-69.755, 18.547]]}, "properties": {"v": 138000, "op": "CDEEE", "c": 2, "oid": 1176620120}}, {"type": "Feature", "geometry": {"type": "LineString", "coordinates": [[-69.256, 18.444], [-69.255, 18.442]]}, "properties": {"v": 69000, "nm": "69kV", "op": "CDEEE", "oid": 32082128}}, {"type": "Feature", "geometry": {"type": "LineString", "coordinates": [[-69.257, 18.456], [-69.257, 18.444]]}, "properties": {"v": 69000, "nm": "69kV", "op": "CDEEE", "oid": 32073861}}, {"type": "Feature", "geometry": {"type": "LineString", "coordinates": [[-69.344, 18.494], [-69.344, 18.493]]}, "properties": {"v": 138000, "op": "CDEEE", "c": 1, "oid": 343884763}}, {"type": "Feature", "geometry": {"type": "LineString", "coordinates": [[-69.343, 18.494], [-69.343, 18.493]]}, "properties": {"v": 138000, "c": 1, "oid": 343884757}}, {"type": "Feature", "geometry": {"type": "LineString", "coordinates": [[-69.759, 18.568], [-69.758, 18.568]]}, "properties": {"v": 138000, "op": "CDEEE", "oid": 1176620121}}, {"type": "Feature", "geometry": {"type": "LineString", "coordinates": [[-69.349, 18.494], [-69.349, 18.493]]}, "properties": {"v": 230000, "oid": 357562859}}, {"type": "Feature", "geometry": {"type": "LineString", "coordinates": [[-69.344, 18.493], [-69.344, 18.492]]}, "properties": {"v": 138000, "c": 1, "f": "60", "oid": 1257335219}}, {"type": "Feature", "geometry": {"type": "LineString", "coordinates": [[-69.35, 18.494], [-69.349, 18.493]]}, "properties": {"v": 230000, "oid": 357562858}}, {"type": "Feature", "geometry": {"type": "LineString", "coordinates": [[-69.344, 18.494], [-69.343, 18.493]]}, "properties": {"v": 138000, "op": "CDEEE", "c": 1, "oid": 343884762}}, {"type": "Feature", "geometry": {"type": "LineString", "coordinates": [[-69.35, 18.493], [-69.349, 18.493]]}, "properties": {"v": 230000, "oid": 357939422}}, {"type": "Feature", "geometry": {"type": "LineString", "coordinates": [[-69.315, 18.462], [-69.314, 18.462]]}, "properties": {"v": 138000, "nm": "138kV", "op": "CDEEE", "oid": 32022802}}, {"type": "Feature", "geometry": {"type": "LineString", "coordinates": [[-69.35, 18.494], [-69.349, 18.494]]}, "properties": {"v": 230000, "oid": 357562846}}, {"type": "Feature", "geometry": {"type": "LineString", "coordinates": [[-69.35, 18.494], [-69.349, 18.494]]}, "properties": {"v": 230000, "oid": 357939421}}, {"type": "Feature", "geometry": {"type": "LineString", "coordinates": [[-69.35, 18.493], [-69.349, 18.493]]}, "properties": {"v": 230000, "oid": 357562848}}, {"type": "Feature", "geometry": {"type": "LineString", "coordinates": [[-69.35, 18.494], [-69.349, 18.494]]}, "properties": {"v": 230000, "oid": 357562850}}, {"type": "Feature", "geometry": {"type": "LineString", "coordinates": [[-68.958, 18.45], [-68.942, 18.519], [-68.635, 18.512], [-68.609, 18.626], [-68.433, 18.662]]}, "properties": {"v": 138000, "f": "60", "oid": 273339824}}, {"type": "Feature", "geometry": {"type": "LineString", "coordinates": [[-70.108, 18.61], [-69.97, 18.636], [-69.76, 18.569]]}, "properties": {"v": 345000, "op": "CDEEE", "oid": 1174843232}}, {"type": "Feature", "geometry": {"type": "LineString", "coordinates": [[-69.946, 18.502], [-69.99, 18.507]]}, "properties": {"v": 138000, "c": 2, "f": "60", "oid": 159481669}}, {"type": "Feature", "geometry": {"type": "LineString", "coordinates": [[-69.924, 18.458], [-69.98, 18.446]]}, "properties": {"v": 138000, "f": "60", "oid": 348539804}}, {"type": "Feature", "geometry": {"type": "LineString", "coordinates": [[-69.959, 18.465], [-69.981, 18.45]]}, "properties": {"v": 138000, "c": 2, "f": "60", "oid": 158653285}}, {"type": "Feature", "geometry": {"type": "LineString", "coordinates": [[-69.953, 18.47], [-69.959, 18.465]]}, "properties": {"v": 138000, "f": "60", "oid": 781612812}}, {"type": "Feature", "geometry": {"type": "LineString", "coordinates": [[-69.953, 18.469], [-69.959, 18.465]]}, "properties": {"v": 138000, "f": "60", "oid": 781612811}}, {"type": "Feature", "geometry": {"type": "LineString", "coordinates": [[-69.945, 18.502], [-69.946, 18.502]]}, "properties": {"v": 138000, "f": "60", "oid": 781340051}}, {"type": "Feature", "geometry": {"type": "LineString", "coordinates": [[-69.945, 18.502], [-69.919, 18.508]]}, "properties": {"v": 138000, "c": 2, "f": "60", "oid": 343861083}}, {"type": "Feature", "geometry": {"type": "LineString", "coordinates": [[-69.924, 18.458], [-69.901, 18.472]]}, "properties": {"v": 138000, "f": "60", "oid": 343884759}}, {"type": "Feature", "geometry": {"type": "LineString", "coordinates": [[-69.919, 18.508], [-69.869, 18.5]]}, "properties": {"v": 138000, "f": "60", "oid": 343861084}}, {"type": "Feature", "geometry": {"type": "LineString", "coordinates": [[-69.92, 18.478], [-69.9, 18.473]]}, "properties": {"v": 138000, "f": "60", "oid": 132951324}}, {"type": "Feature", "geometry": {"type": "LineString", "coordinates": [[-69.884, 18.485], [-69.884, 18.486]]}, "properties": {"v": 138000, "f": "60", "oid": 781719405}}, {"type": "Feature", "geometry": {"type": "LineString", "coordinates": [[-69.878, 18.485], [-69.884, 18.485]]}, "properties": {"v": 138000, "c": 2, "f": "60", "oid": 781719407}}, {"type": "Feature", "geometry": {"type": "LineString", "coordinates": [[-69.878, 18.485], [-69.869, 18.5]]}, "properties": {"v": 138000, "f": "60", "oid": 343861092}}, {"type": "Feature", "geometry": {"type": "LineString", "coordinates": [[-69.858, 18.483], [-69.878, 18.485]]}, "properties": {"v": 138000, "f": "60", "oid": 343861075}}, {"type": "Feature", "geometry": {"type": "LineString", "coordinates": [[-69.82, 18.534], [-69.869, 18.508]]}, "properties": {"v": 138000, "nm": "EDEESTE", "c": 1, "oid": 379002630}}, {"type": "Feature", "geometry": {"type": "LineString", "coordinates": [[-69.867, 18.5], [-69.82, 18.533]]}, "properties": {"v": 138000, "c": 2, "f": "60", "oid": 343861089}}, {"type": "Feature", "geometry": {"type": "LineString", "coordinates": [[-69.858, 18.483], [-69.865, 18.499]]}, "properties": {"v": 138000, "f": "60", "oid": 343861073}}, {"type": "Feature", "geometry": {"type": "LineString", "coordinates": [[-69.857, 18.483], [-69.858, 18.483]]}, "properties": {"v": 138000, "f": "60", "oid": 781719408}}, {"type": "Feature", "geometry": {"type": "LineString", "coordinates": [[-69.857, 18.483], [-69.852, 18.484]]}, "properties": {"v": 138000, "f": "60", "oid": 781860530}}, {"type": "Feature", "geometry": {"type": "LineString", "coordinates": [[-69.857, 18.483], [-69.852, 18.484]]}, "properties": {"v": 138000, "f": "60", "oid": 781860532}}, {"type": "Feature", "geometry": {"type": "LineString", "coordinates": [[-69.855, 18.58], [-69.807, 18.558]]}, "properties": {"v": 138000, "op": "CDEEE", "f": "60", "oid": 781827319}}, {"type": "Feature", "geometry": {"type": "LineString", "coordinates": [[-69.852, 18.484], [-69.82, 18.533]]}, "properties": {"v": 138000, "c": 2, "f": "60", "oid": 781860531}}, {"type": "Feature", "geometry": {"type": "LineString", "coordinates": [[-69.807, 18.558], [-69.82, 18.534]]}, "properties": {"v": 138000, "op": "CDEEE", "f": "60", "oid": 32137146}}, {"type": "Feature", "geometry": {"type": "LineString", "coordinates": [[-77.107, 17.901], [-76.96, 18.015]]}, "properties": {"v": 138000, "f": "50", "oid": 256045341}}, {"type": "Feature", "geometry": {"type": "LineString", "coordinates": [[-77.107, 17.901], [-76.859, 18.026]]}, "properties": {"v": 138000, "f": "50", "oid": 782482557}}, {"type": "Feature", "geometry": {"type": "LineString", "coordinates": [[-77.264, 17.929], [-77.556, 18.005]]}, "properties": {"v": 138000, "f": "50", "oid": 384394761}}, {"type": "Feature", "geometry": {"type": "LineString", "coordinates": [[-77.264, 17.929], [-77.311, 17.945]]}, "properties": {"v": 138000, "f": "50", "oid": 1156837636}}, {"type": "Feature", "geometry": {"type": "LineString", "coordinates": [[-77.311, 17.945], [-77.48, 18.103]]}, "properties": {"v": 138000, "f": "50", "oid": 247350425}}, {"type": "Feature", "geometry": {"type": "LineString", "coordinates": [[-77.556, 18.006], [-77.48, 18.103]]}, "properties": {"v": 138000, "f": "50", "oid": 196032132}}, {"type": "Feature", "geometry": {"type": "LineString", "coordinates": [[-76.96, 18.015], [-77.065, 18.345]]}, "properties": {"v": 138000, "oid": 196032083}}, {"type": "Feature", "geometry": {"type": "LineString", "coordinates": [[-77.48, 18.103], [-77.53, 18.265], [-77.487, 18.395], [-77.56, 18.471]]}, "properties": {"v": 138000, "f": "50", "oid": 196032098}}, {"type": "Feature", "geometry": {"type": "LineString", "coordinates": [[-77.89, 18.13], [-78.013, 18.155]]}, "properties": {"v": 69000, "oid": 196032126}}, {"type": "Feature", "geometry": {"type": "LineString", "coordinates": [[-76.515, 18.17], [-76.795, 18.267]]}, "properties": {"v": 69000, "f": "50", "oid": 196032127}}, {"type": "Feature", "geometry": {"type": "LineString", "coordinates": [[-78.098, 18.231], [-78.026, 18.182]]}, "properties": {"v": 69000, "oid": 196032111}}, {"type": "Feature", "geometry": {"type": "LineString", "coordinates": [[-78.099, 18.257], [-78.231, 18.354]]}, "properties": {"v": 69000, "f": "50", "oid": 196032112}}, {"type": "Feature", "geometry": {"type": "LineString", "coordinates": [[-78.099, 18.257], [-77.925, 18.365]]}, "properties": {"v": 69000, "f": "50", "oid": 196032141}}, {"type": "Feature", "geometry": {"type": "LineString", "coordinates": [[-76.795, 18.267], [-76.972, 18.388]]}, "properties": {"v": 69000, "f": "50", "oid": 196032080}}, {"type": "Feature", "geometry": {"type": "LineString", "coordinates": [[-77.066, 18.345], [-77.56, 18.471]]}, "properties": {"v": 138000, "f": "50", "oid": 196032099}}, {"type": "Feature", "geometry": {"type": "LineString", "coordinates": [[-77.261, 17.93], [-77.236, 17.915]]}, "properties": {"v": 138000, "nm": "2x 138kV", "c": 2, "f": "50", "oid": 1156837649}}, {"type": "Feature", "geometry": {"type": "LineString", "coordinates": [[-77.236, 17.915], [-77.107, 17.901]]}, "properties": {"v": 138000, "nm": "2x 138kV", "c": 2, "f": "50", "oid": 353701399}}, {"type": "Feature", "geometry": {"type": "LineString", "coordinates": [[-77.236, 17.915], [-77.242, 17.896]]}, "properties": {"v": 138000, "f": "50", "oid": 1156837648}}, {"type": "Feature", "geometry": {"type": "LineString", "coordinates": [[-76.931, 18.026], [-76.859, 18.026]]}, "properties": {"v": 138000, "f": "50", "oid": 588366944}}, {"type": "Feature", "geometry": {"type": "LineString", "coordinates": [[-77.919, 18.451], [-77.56, 18.471]]}, "properties": {"v": 138000, "f": "50", "oid": 196032102}}, {"type": "Feature", "geometry": {"type": "LineString", "coordinates": [[-77.917, 18.449], [-78.231, 18.354]]}, "properties": {"v": 69000, "f": "50", "oid": 196032113}}, {"type": "Feature", "geometry": {"type": "LineString", "coordinates": [[-78.231, 18.354], [-78.299, 18.36]]}, "properties": {"v": 69000, "f": "50", "oid": 365360295}}, {"type": "Feature", "geometry": {"type": "LineString", "coordinates": [[-77.925, 18.365], [-77.913, 18.432]]}, "properties": {"v": 69000, "f": "50", "oid": 196032078}}, {"type": "Feature", "geometry": {"type": "LineString", "coordinates": [[-77.065, 18.346], [-76.972, 18.388]]}, "properties": {"v": 69000, "f": "50", "oid": 196032140}}, {"type": "Feature", "geometry": {"type": "LineString", "coordinates": [[-76.972, 18.388], [-76.956, 18.4]]}, "properties": {"v": 69000, "f": "50", "oid": 196032135}}, {"type": "Feature", "geometry": {"type": "LineString", "coordinates": [[-78.098, 18.22], [-78.099, 18.257]]}, "properties": {"v": 69000, "f": "50", "oid": 782815544}}, {"type": "Feature", "geometry": {"type": "LineString", "coordinates": [[-75.886, 20.012], [-75.871, 19.996]]}, "properties": {"v": 110000, "nm": "TE Renté 110 kV", "op": "UNE – SEN", "c": 2, "f": "60", "oid": 319141536}}, {"type": "Feature", "geometry": {"type": "LineString", "coordinates": [[-75.885, 20.012], [-75.871, 19.996]]}, "properties": {"v": 110000, "nm": "TE Renté 110 kV", "op": "UNE – SEN", "c": 1, "f": "60", "oid": 319141532}}, {"type": "Feature", "geometry": {"type": "LineString", "coordinates": [[-75.885, 20.012], [-75.87, 19.996]]}, "properties": {"v": 110000, "nm": "TE Renté 110 kV", "op": "UNE – SEN", "c": 2, "f": "60", "oid": 319141533}}, {"type": "Feature", "geometry": {"type": "LineString", "coordinates": [[-75.955, 20.63], [-75.875, 19.998]]}, "properties": {"v": 220000, "nm": "LTE Cueto - Renté 220 kV", "op": "UNE – SEN", "c": 1, "f": "60", "oid": 147558182}}, {"type": "Feature", "geometry": {"type": "LineString", "coordinates": [[-75.874, 19.998], [-75.951, 20.605]]}, "properties": {"v": 220000, "nm": "LTE Cueto-Renté 220 kV", "op": "UNE – SEN", "f": "60", "oid": 147558184}}, {"type": "Feature", "geometry": {"type": "LineString", "coordinates": [[-75.842, 20.009], [-75.789, 20.052], [-75.859, 20.042]]}, "properties": {"v": 110000, "nm": "Santiago Oeste 110 kV", "op": "UNE – SEN", "c": 2, "f": "60", "oid": 147488651}}, {"type": "Feature", "geometry": {"type": "LineString", "coordinates": [[-75.786, 20.01], [-75.802, 20.014]]}, "properties": {"v": 110000, "nm": "Santiago Este 110 kV", "op": "UNE – SEN", "c": 2, "f": "60", "oid": 687651846}}, {"type": "Feature", "geometry": {"type": "LineString", "coordinates": [[-75.784, 20.012], [-75.786, 20.01]]}, "properties": {"v": 110000, "nm": "Santiago Este 110 kV", "op": "UNE – SEN", "c": 1, "f": "60", "oid": 1257139580}}, {"type": "Feature", "geometry": {"type": "LineString", "coordinates": [[-75.785, 20.012], [-75.786, 20.01]]}, "properties": {"v": 110000, "nm": "Santiago Este 110 kV", "op": "UNE – SEN", "c": 1, "f": "60", "oid": 1257139581}}, {"type": "Feature", "geometry": {"type": "LineString", "coordinates": [[-75.881, 20.028], [-75.884, 20.011]]}, "properties": {"v": 110000, "nm": "TE Renté 110 kV", "op": "UNE – SEN", "oid": 1257139579}}, {"type": "Feature", "geometry": {"type": "LineString", "coordinates": [[-75.886, 20.012], [-75.872, 20.045]]}, "properties": {"v": 110000, "op": "GEYSEL", "c": 2, "f": "60", "oid": 319141540}}, {"type": "Feature", "geometry": {"type": "LineString", "coordinates": [[-75.885, 20.012], [-75.881, 20.032]]}, "properties": {"v": 110000, "nm": "TE Renté 110 kV", "op": "UNE – SEN", "c": 1, "f": "60", "oid": 319141537}}, {"type": "Feature", "geometry": {"type": "LineString", "coordinates": [[-75.885, 20.012], [-75.881, 20.032]]}, "properties": {"v": 110000, "nm": "TE Renté 110 kV", "op": "UNE – SEN", "c": 2, "f": "60", "oid": 319141524}}, {"type": "Feature", "geometry": {"type": "LineString", "coordinates": [[-75.883, 20.027], [-75.978, 20.175], [-76.211, 20.291]]}, "properties": {"v": 110000, "nm": "TE Renté 110 kV", "op": "UNE – SEN", "c": 1, "oid": 692754373}}, {"type": "Feature", "geometry": {"type": "LineString", "coordinates": [[-75.88, 20.033], [-75.862, 20.041]]}, "properties": {"v": 110000, "nm": "TE Renté 110 kV", "op": "UNE – SEN", "oid": 319141528}}, {"type": "Feature", "geometry": {"type": "LineString", "coordinates": [[-75.879, 20.033], [-75.873, 20.036]]}, "properties": {"v": 110000, "nm": "TE Renté 110 kV", "op": "UNE – SEN", "oid": 319141529}}, {"type": "Feature", "geometry": {"type": "LineString", "coordinates": [[-75.88, 20.034], [-75.876, 20.04]]}, "properties": {"v": 110000, "nm": "Santiago Industrial 110 kV", "op": "GEYSEL", "c": 2, "f": "60", "oid": 319141538}}, {"type": "Feature", "geometry": {"type": "LineString", "coordinates": [[-75.988, 20.197], [-75.861, 20.173], [-75.86, 20.041]]}, "properties": {"v": 110000, "op": "UNE – SEN", "c": 1, "f": "60", "oid": 319141539}}, {"type": "Feature", "geometry": {"type": "LineString", "coordinates": [[-75.861, 20.041], [-75.872, 20.045]]}, "properties": {"v": 110000, "nm": "Santiago Industrial 110 kV", "op": "GEYSEL", "c": 2, "f": "60", "oid": 319141527}}, {"type": "Feature", "geometry": {"type": "LineString", "coordinates": [[-75.866, 20.044], [-75.872, 20.044]]}, "properties": {"v": 110000, "nm": "Santiago Industrial 110 kV", "op": "GEYSEL", "c": 2, "f": "60", "oid": 319141526}}, {"type": "Feature", "geometry": {"type": "LineString", "coordinates": [[-75.849, 20.176], [-75.874, 20.044]]}, "properties": {"v": 110000, "nm": "Santiago Industrial 110 kV", "op": "GEYSEL", "c": 2, "oid": 318881385}}, {"type": "Feature", "geometry": {"type": "LineString", "coordinates": [[-75.989, 20.199], [-75.988, 20.196]]}, "properties": {"v": 110000, "c": 1, "f": "60", "oid": 839751001}}, {"type": "Feature", "geometry": {"type": "LineString", "coordinates": [[-75.988, 20.197], [-76.211, 20.291]]}, "properties": {"v": 110000, "nm": "Contramaestre - Santiago 110 kV", "op": "UNE – SEN", "c": 1, "f": "60", "oid": 318881384}}, {"type": "Feature", "geometry": {"type": "LineString", "coordinates": [[-75.989, 20.199], [-75.989, 20.197]]}, "properties": {"v": 110000, "c": 1, "f": "60", "oid": 1100723829}}, {"type": "Feature", "geometry": {"type": "LineString", "coordinates": [[-76.603, 20.351], [-76.211, 20.291]]}, "properties": {"v": 110000, "nm": "Bayamo - Contramaestre 110 kV", "op": "UNE – SEN", "oid": 839777357}}, {"type": "Feature", "geometry": {"type": "LineString", "coordinates": [[-76.516, 20.335], [-76.211, 20.291]]}, "properties": {"v": 110000, "nm": "Bayamo - Contramaestre 110 kV", "op": "UNE – SEN", "oid": 839777360}}, {"type": "Feature", "geometry": {"type": "LineString", "coordinates": [[-75.955, 20.63], [-76.013, 20.476], [-76.582, 20.387]]}, "properties": {"v": 220000, "nm": "Cueto - La Trinidad 220 kV", "op": "UNE – SEN", "f": "60", "oid": 147558176}}, {"type": "Feature", "geometry": {"type": "LineString", "coordinates": [[-75.874, 20.043], [-75.876, 20.04]]}, "properties": {"v": 110000, "nm": "Santiago Industrial 110 kV", "op": "GEYSEL", "c": 1, "f": "60", "oid": 319141534}}, {"type": "Feature", "geometry": {"type": "LineString", "coordinates": [[-75.874, 20.043], [-75.876, 20.04]]}, "properties": {"v": 110000, "nm": "Santiago Industrial 110 kV", "op": "GEYSEL", "c": 1, "f": "60", "oid": 319141535}}, {"type": "Feature", "geometry": {"type": "LineString", "coordinates": [[-75.872, 20.044], [-75.873, 20.043]]}, "properties": {"v": 110000, "nm": "Santiago Industrial 110 kV", "op": "GEYSEL", "c": 1, "f": "60", "oid": 375341446}}, {"type": "Feature", "geometry": {"type": "LineString", "coordinates": [[-75.872, 20.044], [-75.873, 20.043]]}, "properties": {"v": 110000, "nm": "Santiago Industrial 110 kV", "op": "GEYSEL", "c": 1, "f": "60", "oid": 375341445}}, {"type": "Feature", "geometry": {"type": "LineString", "coordinates": [[-75.874, 20.044], [-75.874, 20.043]]}, "properties": {"v": 110000, "nm": "Santiago Industrial 110 kV", "op": "GEYSEL", "c": 1, "f": "60", "oid": 375341444}}, {"type": "Feature", "geometry": {"type": "LineString", "coordinates": [[-75.874, 20.044], [-75.874, 20.043]]}, "properties": {"v": 110000, "nm": "Santiago Industrial 110 kV", "op": "GEYSEL", "c": 1, "f": "60", "oid": 375341443}}, {"type": "Feature", "geometry": {"type": "LineString", "coordinates": [[-75.872, 20.045], [-75.874, 20.043]]}, "properties": {"v": 110000, "op": "GEYSEL", "c": 1, "f": "60", "oid": 1257139584}}, {"type": "Feature", "geometry": {"type": "LineString", "coordinates": [[-75.862, 20.041], [-75.866, 20.044]]}, "properties": {"v": 110000, "c": 1, "f": "60", "oid": 1257139586}}, {"type": "Feature", "geometry": {"type": "LineString", "coordinates": [[-75.862, 20.042], [-75.866, 20.044]]}, "properties": {"v": 110000, "c": 1, "f": "60", "oid": 1257139585}}, {"type": "Feature", "geometry": {"type": "LineString", "coordinates": [[-75.823, 20.049], [-75.819, 20.053]]}, "properties": {"v": 110000, "nm": "Santiago Norte 110 kV", "op": "UNE – SEN", "f": "60", "oid": 147488657}}, {"type": "Feature", "geometry": {"type": "LineString", "coordinates": [[-75.823, 20.049], [-75.819, 20.053]]}, "properties": {"v": 110000, "nm": "Santiago Norte 110 kV", "op": "UNE – SEN", "f": "60", "oid": 147488670}}, {"type": "Feature", "geometry": {"type": "LineString", "coordinates": [[-75.819, 20.053], [-75.819, 20.058]]}, "properties": {"v": 110000, "nm": "Santiago Norte 110 kV", "op": "UNE – SEN", "oid": 147488684}}, {"type": "Feature", "geometry": {"type": "LineString", "coordinates": [[-77.361, 21.069], [-77.573, 20.85]]}, "properties": {"v": 110000, "nm": "Guáimaro - Amancio 110 kV", "op": "UNE – SEN", "f": "60", "oid": 783121805}}, {"type": "Feature", "geometry": {"type": "LineString", "coordinates": [[-77.306, 21.537], [-77.571, 21.462]]}, "properties": {"v": 110000, "nm": "TE Nuevitas 110 kV", "op": "UNE – SEN", "c": 2, "f": "60", "oid": 783142151}}, {"type": "Feature", "geometry": {"type": "LineString", "coordinates": [[-77.57, 20.047], [-77.105, 20.329]]}, "properties": {"v": 110000, "nm": "Manzanillo - Niquero 110 kV", "op": "UNE – SEN", "oid": 849527879}}, {"type": "Feature", "geometry": {"type": "LineString", "coordinates": [[-77.362, 21.069], [-77.318, 21.114], [-77.343, 21.45]]}, "properties": {"v": 110000, "nm": "Nuevitas 110 kV", "op": "UNE – SEN", "f": "60", "oid": 147043604}}, {"type": "Feature", "geometry": {"type": "LineString", "coordinates": [[-76.925, 20.977], [-77.012, 21.058], [-77.361, 21.069]]}, "properties": {"v": 110000, "nm": "Guáimaro - Las Tunas 110 kV", "op": "UNE – SEN", "f": "60", "oid": 147260179}}, {"type": "Feature", "geometry": {"type": "LineString", "coordinates": [[-77.34, 21.528], [-77.338, 21.449]]}, "properties": {"v": 110000, "nm": "Nuevitas 110 kV", "op": "UNE – SEN", "f": "60", "oid": 147043606}}, {"type": "Feature", "geometry": {"type": "LineString", "coordinates": [[-77.343, 21.45], [-77.335, 21.526]]}, "properties": {"v": 110000, "nm": "Nuevitas 110 kV", "op": "UNE – SEN", "f": "60", "oid": 147043603}}, {"type": "Feature", "geometry": {"type": "LineString", "coordinates": [[-77.305, 21.537], [-77.346, 21.498], [-77.309, 21.332], [-76.944, 21.022]]}, "properties": {"v": 220000, "nm": "Nuevitas 220 kV", "op": "UNE – SEN", "c": 1, "f": "60", "oid": 147037126}}, {"type": "Feature", "geometry": {"type": "LineString", "coordinates": [[-76.276, 20.843], [-76.812, 20.914], [-77.309, 21.332], [-77.346, 21.498], [-77.305, 21.536]]}, "properties": {"v": 220000, "nm": "Nuevitas 220 kV", "op": "UNE – SEN", "f": "60", "oid": 147039188}}, {"type": "Feature", "geometry": {"type": "LineString", "coordinates": [[-77.321, 21.431], [-77.281, 21.408]]}, "properties": {"v": 110000, "nm": "Nuevitas 110 kV", "op": "UNE – SEN", "f": "60", "oid": 147156631}}, {"type": "Feature", "geometry": {"type": "LineString", "coordinates": [[-77.281, 21.408], [-77.277, 21.407]]}, "properties": {"v": 110000, "nm": "Nuevitas 110 kV", "op": "UNE – SEN", "f": "60", "oid": 147156626}}, {"type": "Feature", "geometry": {"type": "LineString", "coordinates": [[-77.277, 21.407], [-77.281, 21.408]]}, "properties": {"v": 110000, "nm": "Nuevitas 110 kV", "op": "UNE – SEN", "f": "60", "oid": 147156624}}, {"type": "Feature", "geometry": {"type": "LineString", "coordinates": [[-77.277, 21.407], [-77.156, 21.414]]}, "properties": {"v": 110000, "nm": "Nuevitas 110 kV", "op": "UNE – SEN", "f": "60", "oid": 147156618}}, {"type": "Feature", "geometry": {"type": "LineString", "coordinates": [[-77.156, 21.414], [-77.154, 21.412]]}, "properties": {"v": 110000, "nm": "Nuevitas 110 kV", "op": "UNE – SEN", "f": "60", "oid": 783085976}}, {"type": "Feature", "geometry": {"type": "LineString", "coordinates": [[-77.156, 21.414], [-77.154, 21.412]]}, "properties": {"v": 110000, "nm": "Nuevitas 110 kV", "op": "UNE – SEN", "f": "60", "oid": 783085977}}, {"type": "Feature", "geometry": {"type": "LineString", "coordinates": [[-76.604, 20.351], [-77.105, 20.33]]}, "properties": {"v": 110000, "nm": "Bayamo - Manzanillo 110 kV", "op": "UNE – SEN", "oid": 566452685}}, {"type": "Feature", "geometry": {"type": "LineString", "coordinates": [[-76.604, 20.351], [-77.105, 20.33]]}, "properties": {"v": 110000, "nm": "Bayamo - Manzanillo 110 kV", "op": "UNE – SEN", "oid": 566208352}}, {"type": "Feature", "geometry": {"type": "LineString", "coordinates": [[-76.965, 20.976], [-76.963, 20.977]]}, "properties": {"v": 220000, "nm": "Nuevitas 220 kV", "op": "UNE – SEN", "f": "60", "oid": 147191294}}, {"type": "Feature", "geometry": {"type": "LineString", "coordinates": [[-76.963, 20.977], [-76.965, 20.977]]}, "properties": {"v": 220000, "nm": "Nuevitas 220 kV", "op": "UNE – SEN", "f": "60", "oid": 147191293}}, {"type": "Feature", "geometry": {"type": "LineString", "coordinates": [[-76.949, 21.024], [-76.963, 20.977]]}, "properties": {"v": 220000, "nm": "Nuevitas 220 kV", "op": "UNE – SEN", "c": 2, "f": "60", "oid": 147191290}}, {"type": "Feature", "geometry": {"type": "LineString", "coordinates": [[-76.933, 21.012], [-76.953, 20.978]]}, "properties": {"v": 110000, "f": "60", "oid": 1256802231}}, {"type": "Feature", "geometry": {"type": "LineString", "coordinates": [[-76.931, 21.013], [-76.953, 20.978]]}, "properties": {"v": 110000, "f": "60", "oid": 1256802232}}, {"type": "Feature", "geometry": {"type": "LineString", "coordinates": [[-76.949, 21.024], [-76.949, 21.025]]}, "properties": {"v": 220000, "nm": "Nuevitas 220 kV", "op": "UNE – SEN", "f": "60", "oid": 783093123}}, {"type": "Feature", "geometry": {"type": "LineString", "coordinates": [[-76.948, 21.026], [-76.949, 21.024]]}, "properties": {"v": 220000, "nm": "Nuevitas 220 kV", "op": "UNE – SEN", "f": "60", "oid": 783093122}}, {"type": "Feature", "geometry": {"type": "LineString", "coordinates": [[-76.946, 21.019], [-76.945, 21.017]]}, "properties": {"v": 220000, "c": 1, "f": "60", "oid": 1256802237}}, {"type": "Feature", "geometry": {"type": "LineString", "coordinates": [[-76.944, 21.022], [-76.945, 21.017]]}, "properties": {"v": 220000, "c": 1, "f": "60", "oid": 1256802238}}, {"type": "Feature", "geometry": {"type": "LineString", "coordinates": [[-76.945, 21.017], [-76.944, 21.015]]}, "properties": {"v": 220000, "c": 2, "f": "60", "oid": 1256802236}}, {"type": "Feature", "geometry": {"type": "LineString", "coordinates": [[-76.944, 21.023], [-76.944, 21.022]]}, "properties": {"v": 220000, "c": 1, "f": "60", "oid": 1256802233}}, {"type": "Feature", "geometry": {"type": "LineString", "coordinates": [[-76.944, 21.015], [-76.943, 21.014]]}, "properties": {"v": 220000, "c": 1, "f": "60", "oid": 1256802241}}, {"type": "Feature", "geometry": {"type": "LineString", "coordinates": [[-76.944, 21.015], [-76.943, 21.014]]}, "properties": {"v": 220000, "c": 1, "f": "60", "oid": 1256802240}}, {"type": "Feature", "geometry": {"type": "LineString", "coordinates": [[-75.656, 20.621], [-75.954, 20.623]]}, "properties": {"v": 220000, "nm": "LTE Cueto - Felton 220 kV D/C", "op": "UNE – SEN", "f": "60", "oid": 147558179}}, {"type": "Feature", "geometry": {"type": "LineString", "coordinates": [[-75.951, 20.605], [-75.948, 20.603]]}, "properties": {"v": 220000, "nm": "LTE Cueto-Moa 220 kV", "op": "UNE – SEN", "f": "60", "oid": 772231797}}, {"type": "Feature", "geometry": {"type": "LineString", "coordinates": [[-75.955, 20.629], [-75.948, 20.603]]}, "properties": {"v": 220000, "nm": "LTE Cueto-Moa 220 kV", "op": "UNE – SEN", "f": "60", "oid": 772231803}}, {"type": "Feature", "geometry": {"type": "LineString", "coordinates": [[-75.951, 20.605], [-75.955, 20.629]]}, "properties": {"v": 220000, "nm": "LTE Cueto- Renté y Cueto-Moa 220 kV", "op": "UNE – SEN", "f": "60", "oid": 772231798}}, {"type": "Feature", "geometry": {"type": "LineString", "coordinates": [[-75.954, 20.623], [-75.954, 20.629]]}, "properties": {"v": 220000, "nm": "LTE Cueto - Felton 220 kV", "op": "UNE – SEN", "f": "60", "oid": 1223330808}}, {"type": "Feature", "geometry": {"type": "LineString", "coordinates": [[-75.954, 20.623], [-76.119, 20.817], [-76.275, 20.843]]}, "properties": {"v": 220000, "nm": "LTE Holguin - Felton 220 kV", "op": "UNE – SEN", "f": "60", "oid": 307179526}}, {"type": "Feature", "geometry": {"type": "LineString", "coordinates": [[-75.954, 20.63], [-75.931, 20.707], [-75.832, 20.668]]}, "properties": {"v": 110000, "op": "UNE – SEN", "c": 1, "f": "60", "oid": 147558174}}, {"type": "Feature", "geometry": {"type": "LineString", "coordinates": [[-76.217, 20.85], [-75.935, 20.708], [-75.954, 20.63]]}, "properties": {"v": 110000, "op": "UNE – SEN", "c": 1, "f": "60", "oid": 827183933}}, {"type": "Feature", "geometry": {"type": "LineString", "coordinates": [[-75.615, 20.707], [-75.554, 20.666]]}, "properties": {"v": 110000, "nm": "Nipe 110 kV", "op": "UNE – SEN", "c": 1, "f": "60", "oid": 1256837503}}, {"type": "Feature", "geometry": {"type": "LineString", "coordinates": [[-75.832, 20.668], [-75.834, 20.787], [-75.75, 20.854]]}, "properties": {"v": 110000, "c": 1, "f": "60", "oid": 847261696}}, {"type": "Feature", "geometry": {"type": "LineString", "coordinates": [[-76.274, 20.844], [-76.217, 20.85]]}, "properties": {"v": 110000, "op": "UNE – SEN", "c": 1, "f": "60", "oid": 1256837513}}, {"type": "Feature", "geometry": {"type": "LineString", "coordinates": [[-76.274, 20.844], [-76.262, 20.899]]}, "properties": {"v": 110000, "oid": 845224885}}, {"type": "Feature", "geometry": {"type": "LineString", "coordinates": [[-76.228, 20.867], [-76.216, 20.85]]}, "properties": {"v": 110000, "c": 1, "f": "60", "oid": 1256837507}}, {"type": "Feature", "geometry": {"type": "LineString", "coordinates": [[-76.228, 20.867], [-76.217, 20.85]]}, "properties": {"v": 110000, "c": 1, "f": "60", "oid": 1256837516}}, {"type": "Feature", "geometry": {"type": "LineString", "coordinates": [[-75.896, 21.063], [-76.141, 21.033]]}, "properties": {"v": 110000, "nm": "La Caridad 110 kV", "op": "UNE – SEN", "oid": 845228436}}, {"type": "Feature", "geometry": {"type": "LineString", "coordinates": [[-76.141, 21.033], [-76.352, 21.072]]}, "properties": {"v": 110000, "nm": "La Caridad 110 kV", "op": "UNE – SEN", "oid": 845512734}}, {"type": "Feature", "geometry": {"type": "LineString", "coordinates": [[-75.656, 20.621], [-75.615, 20.707]]}, "properties": {"v": 220000, "nm": "TE Felton 110 kV", "op": "UNE – SEN", "c": 2, "f": "60", "oid": 147580687}}, {"type": "Feature", "geometry": {"type": "LineString", "coordinates": [[-75.656, 20.621], [-75.615, 20.707]]}, "properties": {"v": 220000, "nm": "TE Felton 110 kV", "op": "UNE – SEN", "c": 2, "f": "60", "oid": 147580683}}, {"type": "Feature", "geometry": {"type": "LineString", "coordinates": [[-75.832, 20.668], [-75.615, 20.707]]}, "properties": {"v": 110000, "nm": "Nipe 110 kV", "op": "UNE – SEN", "c": 1, "f": "60", "oid": 171561766}}, {"type": "Feature", "geometry": {"type": "LineString", "coordinates": [[-75.615, 20.707], [-75.596, 20.727]]}, "properties": {"v": 220000, "nm": "TE Felton 110 kV", "op": "UNE – SEN", "c": 2, "f": "60", "oid": 1256837506}}, {"type": "Feature", "geometry": {"type": "LineString", "coordinates": [[-75.596, 20.726], [-75.597, 20.727]]}, "properties": {"v": 110000, "c": 1, "f": "60", "oid": 1256837514}}, {"type": "Feature", "geometry": {"type": "LineString", "coordinates": [[-75.596, 20.726], [-75.595, 20.727]]}, "properties": {"v": 110000, "nm": "TE Felton 110 kV", "op": "UNE – SEN", "c": 1, "f": "60", "oid": 1256837517}}, {"type": "Feature", "geometry": {"type": "LineString", "coordinates": [[-75.562, 20.649], [-75.554, 20.666]]}, "properties": {"v": 220000, "nm": "TAP Nicaro 220 kV", "op": "UNE-SEN", "oid": 1223270242}}, {"type": "Feature", "geometry": {"type": "LineString", "coordinates": [[-75.75, 20.854], [-75.744, 20.854]]}, "properties": {"v": 110000, "c": 1, "f": "60", "oid": 1256837512}}, {"type": "Feature", "geometry": {"type": "LineString", "coordinates": [[-75.955, 20.63], [-76.119, 20.816], [-76.275, 20.843]]}, "properties": {"v": 220000, "nm": "Cueto - Holguín 220 kV", "op": "UNE – SEN", "f": "60", "oid": 307179525}}, {"type": "Feature", "geometry": {"type": "LineString", "coordinates": [[-75.784, 20.929], [-75.75, 20.854]]}, "properties": {"v": 110000, "nm": "Línea de alta tensión", "oid": 847261694}}, {"type": "Feature", "geometry": {"type": "LineString", "coordinates": [[-75.615, 20.707], [-75.596, 20.726]]}, "properties": {"v": 220000, "nm": "TE Felton 110 kV", "op": "UNE – SEN", "c": 2, "f": "60", "oid": 1256837508}}, {"type": "Feature", "geometry": {"type": "LineString", "coordinates": [[-77.94, 21.4], [-77.94, 21.398]]}, "properties": {"v": 110000, "nm": "Camagüey - Planta Mecánica 110 kV", "op": "UNE – SEN", "f": "60", "oid": 783261853}}, {"type": "Feature", "geometry": {"type": "LineString", "coordinates": [[-77.94, 21.4], [-77.94, 21.398]]}, "properties": {"v": 110000, "nm": "Camagüey - Planta Mecánica 110 kV", "op": "UNE – SEN", "f": "60", "oid": 783261852}}, {"type": "Feature", "geometry": {"type": "LineString", "coordinates": [[-77.94, 21.403], [-77.94, 21.4]]}, "properties": {"v": 110000, "nm": "Camagüey - Planta Mecánica 110 kV", "op": "UNE – SEN", "c": 2, "f": "60", "oid": 783261849}}, {"type": "Feature", "geometry": {"type": "LineString", "coordinates": [[-77.91, 20.904], [-77.887, 21.401]]}, "properties": {"v": 110000, "nm": "Camagüey 110 kV", "op": "UNE – SEN", "f": "60", "oid": 310768007}}, {"type": "Feature", "geometry": {"type": "LineString", "coordinates": [[-77.916, 21.421], [-77.915, 21.419]]}, "properties": {"v": 110000, "nm": "Camagüey 110 kV", "op": "UNE – SEN", "f": "60", "oid": 783266337}}, {"type": "Feature", "geometry": {"type": "LineString", "coordinates": [[-77.916, 21.421], [-77.915, 21.419]]}, "properties": {"v": 110000, "nm": "Camagüey 110 kV", "op": "UNE – SEN", "f": "60", "oid": 783266336}}, {"type": "Feature", "geometry": {"type": "LineString", "coordinates": [[-77.915, 21.423], [-77.916, 21.421]]}, "properties": {"v": 110000, "nm": "Camagüey 110 kV", "op": "UNE – SEN", "f": "60", "oid": 783266338}}, {"type": "Feature", "geometry": {"type": "LineString", "coordinates": [[-77.915, 21.419], [-77.914, 21.418]]}, "properties": {"v": 110000, "nm": "Camagüey 110 kV", "op": "UNE – SEN", "f": "60", "oid": 783266334}}, {"type": "Feature", "geometry": {"type": "LineString", "coordinates": [[-77.915, 21.419], [-77.914, 21.418]]}, "properties": {"v": 110000, "nm": "Camagüey 110 kV", "op": "UNE – SEN", "f": "60", "oid": 783266335}}, {"type": "Feature", "geometry": {"type": "LineString", "coordinates": [[-77.898, 21.417], [-77.913, 21.439]]}, "properties": {"v": 110000, "nm": "Camagüey 110 kV", "op": "UNE – SEN", "c": 2, "f": "60", "oid": 783129914}}, {"type": "Feature", "geometry": {"type": "LineString", "coordinates": [[-77.897, 21.414], [-77.898, 21.417]]}, "properties": {"v": 110000, "nm": "Camagüey 110 kV", "op": "UNE – SEN", "f": "60", "oid": 783129915}}, {"type": "Feature", "geometry": {"type": "LineString", "coordinates": [[-77.897, 21.414], [-77.898, 21.417]]}, "properties": {"v": 110000, "nm": "Camagüey 110 kV", "op": "UNE – SEN", "f": "60", "oid": 783129909}}, {"type": "Feature", "geometry": {"type": "LineString", "coordinates": [[-77.887, 21.401], [-77.897, 21.414]]}, "properties": {"v": 110000, "nm": "Camagüey 110 kV", "op": "UNE – SEN", "c": 2, "f": "60", "oid": 783129910}}, {"type": "Feature", "geometry": {"type": "LineString", "coordinates": [[-77.89, 21.389], [-77.888, 21.391]]}, "properties": {"v": 110000, "nm": "Camagüey 110 kV", "op": "UNE – SEN", "f": "60", "oid": 783129912}}, {"type": "Feature", "geometry": {"type": "LineString", "coordinates": [[-77.89, 21.389], [-77.888, 21.391]]}, "properties": {"v": 110000, "nm": "Camagüey 110 kV", "op": "UNE – SEN", "f": "60", "oid": 783129913}}, {"type": "Feature", "geometry": {"type": "LineString", "coordinates": [[-77.888, 21.391], [-77.887, 21.399]]}, "properties": {"v": 110000, "c": 2, "f": "60", "oid": 585290923}}, {"type": "Feature", "geometry": {"type": "LineString", "coordinates": [[-77.887, 21.399], [-77.887, 21.401]]}, "properties": {"v": 110000, "nm": "Camagüey 110 kV", "op": "UNE – SEN", "f": "60", "oid": 783129911}}, {"type": "Feature", "geometry": {"type": "LineString", "coordinates": [[-77.924, 21.437], [-77.92, 21.438]]}, "properties": {"v": 110000, "nm": "Camagüey 110 kV", "op": "UNE – SEN", "f": "60", "oid": 783266342}}, {"type": "Feature", "geometry": {"type": "LineString", "coordinates": [[-77.933, 21.435], [-77.927, 21.438]]}, "properties": {"v": 110000, "nm": "Camagüey 110 kV", "op": "UNE – SEN", "oid": 529716754}}, {"type": "Feature", "geometry": {"type": "LineString", "coordinates": [[-77.924, 21.437], [-77.933, 21.435]]}, "properties": {"v": 110000, "nm": "Camagüey 110 kV", "op": "UNE – SEN", "f": "60", "oid": 529716755}}, {"type": "Feature", "geometry": {"type": "LineString", "coordinates": [[-78.045, 21.412], [-77.928, 21.357]]}, "properties": {"v": 110000, "nm": "Ingenio Viejo 110 kV", "op": "UNE – SEN", "f": "60", "oid": 309952062}}, {"type": "Feature", "geometry": {"type": "LineString", "coordinates": [[-78.034, 21.408], [-78.028, 21.406]]}, "properties": {"v": 110000, "nm": "Ingenio Viejo 110 kV", "op": "UNE – SEN", "f": "60", "oid": 783260498}}, {"type": "Feature", "geometry": {"type": "LineString", "coordinates": [[-78.034, 21.408], [-78.028, 21.406]]}, "properties": {"v": 110000, "nm": "Ingenio Viejo 110 kV", "op": "UNE – SEN", "f": "60", "oid": 783260497}}, {"type": "Feature", "geometry": {"type": "LineString", "coordinates": [[-78.028, 21.406], [-78.026, 21.406]]}, "properties": {"v": 110000, "nm": "Ingenio Viejo 110 kV", "op": "UNE – SEN", "c": 2, "f": "60", "oid": 783260496}}, {"type": "Feature", "geometry": {"type": "LineString", "coordinates": [[-78.026, 21.406], [-78.02, 21.404]]}, "properties": {"v": 110000, "nm": "Ingenio Viejo 110 kV", "op": "UNE – SEN", "f": "60", "oid": 783260495}}, {"type": "Feature", "geometry": {"type": "LineString", "coordinates": [[-78.026, 21.406], [-78.02, 21.404]]}, "properties": {"v": 110000, "nm": "Ingenio Viejo 110 kV", "op": "UNE – SEN", "f": "60", "oid": 366738353}}, {"type": "Feature", "geometry": {"type": "LineString", "coordinates": [[-78.02, 21.404], [-77.992, 21.404]]}, "properties": {"v": 110000, "nm": "Ingenio Viejo 110 kV", "op": "UNE – SEN", "c": 2, "f": "60", "oid": 366738352}}, {"type": "Feature", "geometry": {"type": "LineString", "coordinates": [[-77.992, 21.404], [-77.989, 21.402]]}, "properties": {"v": 110000, "nm": "Ingenio Viejo 110 kV", "op": "UNE – SEN", "f": "60", "oid": 783260494}}, {"type": "Feature", "geometry": {"type": "LineString", "coordinates": [[-77.992, 21.404], [-77.989, 21.402]]}, "properties": {"v": 110000, "nm": "Ingenio Viejo 110 kV", "op": "UNE – SEN", "f": "60", "oid": 783260492}}, {"type": "Feature", "geometry": {"type": "LineString", "coordinates": [[-77.989, 21.402], [-77.984, 21.397]]}, "properties": {"v": 110000, "nm": "Ingenio Viejo 110 kV", "op": "UNE – SEN", "c": 2, "f": "60", "oid": 783260493}}, {"type": "Feature", "geometry": {"type": "LineString", "coordinates": [[-77.981, 21.397], [-77.984, 21.397]]}, "properties": {"v": 110000, "nm": "Ingenio Viejo 110 kV", "op": "UNE – SEN", "oid": 529714333}}, {"type": "Feature", "geometry": {"type": "LineString", "coordinates": [[-77.984, 21.397], [-77.981, 21.397]]}, "properties": {"v": 110000, "nm": "Ingenio Viejo 110 kV", "op": "UNE – SEN", "oid": 529714334}}, {"type": "Feature", "geometry": {"type": "LineString", "coordinates": [[-77.981, 21.397], [-77.973, 21.403]]}, "properties": {"v": 110000, "nm": "Ingenio Viejo 110 kV", "op": "UNE – SEN", "oid": 529714335}}, {"type": "Feature", "geometry": {"type": "LineString", "coordinates": [[-77.971, 21.405], [-77.973, 21.403]]}, "properties": {"v": 110000, "nm": "Ingenio Viejo 110 kV", "op": "UNE – SEN", "oid": 529714100}}, {"type": "Feature", "geometry": {"type": "LineString", "coordinates": [[-77.973, 21.403], [-77.971, 21.405]]}, "properties": {"v": 110000, "nm": "Ingenio Viejo 110 kV", "op": "UNE – SEN", "oid": 529714098}}, {"type": "Feature", "geometry": {"type": "LineString", "coordinates": [[-77.971, 21.405], [-77.968, 21.408]]}, "properties": {"v": 110000, "nm": "Ingenio Viejo 110 kV", "op": "UNE – SEN", "oid": 529714099}}, {"type": "Feature", "geometry": {"type": "LineString", "coordinates": [[-77.968, 21.408], [-77.965, 21.41]]}, "properties": {"v": 110000, "nm": "Ingenio Viejo 110 kV", "op": "UNE – SEN", "oid": 529713687}}, {"type": "Feature", "geometry": {"type": "LineString", "coordinates": [[-77.965, 21.41], [-77.968, 21.408]]}, "properties": {"v": 110000, "nm": "Ingenio Viejo 110 kV", "op": "UNE – SEN", "oid": 529713686}}, {"type": "Feature", "geometry": {"type": "LineString", "coordinates": [[-77.965, 21.41], [-77.963, 21.411]]}, "properties": {"v": 110000, "nm": "Ingenio Viejo 110 kV", "op": "UNE – SEN", "oid": 529713690}}, {"type": "Feature", "geometry": {"type": "LineString", "coordinates": [[-77.963, 21.411], [-77.96, 21.417]]}, "properties": {"v": 110000, "nm": "Camagüey - Ingenio Viejo 110 kV", "op": "UNE – SEN", "oid": 310768003}}, {"type": "Feature", "geometry": {"type": "LineString", "coordinates": [[-77.963, 21.411], [-77.958, 21.414]]}, "properties": {"v": 110000, "nm": "Ingenio Viejo 110 kV", "op": "UNE – SEN", "oid": 529713689}}, {"type": "Feature", "geometry": {"type": "LineString", "coordinates": [[-77.96, 21.417], [-77.958, 21.414]]}, "properties": {"v": 110000, "nm": "Camagüey 110 kV", "op": "UNE – SEN", "oid": 529713684}}, {"type": "Feature", "geometry": {"type": "LineString", "coordinates": [[-77.96, 21.417], [-77.959, 21.42]]}, "properties": {"v": 110000, "nm": "Camagüey 110 kV", "op": "UNE – SEN", "oid": 529713685}}, {"type": "Feature", "geometry": {"type": "LineString", "coordinates": [[-77.957, 21.422], [-77.959, 21.42]]}, "properties": {"v": 110000, "nm": "Camagüey 110 kV", "op": "UNE – SEN", "oid": 529715021}}, {"type": "Feature", "geometry": {"type": "LineString", "coordinates": [[-77.959, 21.42], [-77.957, 21.422]]}, "properties": {"v": 110000, "nm": "Camagüey 110 kV", "op": "UNE – SEN", "oid": 529715023}}, {"type": "Feature", "geometry": {"type": "LineString", "coordinates": [[-77.958, 21.414], [-77.957, 21.413]]}, "properties": {"v": 110000, "nm": "Camagüey 110 kV", "op": "UNE – SEN", "oid": 529713683}}, {"type": "Feature", "geometry": {"type": "LineString", "coordinates": [[-77.957, 21.413], [-77.953, 21.411]]}, "properties": {"v": 110000, "nm": "Camagüey 110 kV", "op": "UNE – SEN", "oid": 529713688}}, {"type": "Feature", "geometry": {"type": "LineString", "coordinates": [[-77.957, 21.413], [-77.953, 21.411]]}, "properties": {"v": 110000, "nm": "Camagüey 110 kV", "op": "UNE – SEN", "oid": 529713682}}, {"type": "Feature", "geometry": {"type": "LineString", "coordinates": [[-77.953, 21.411], [-77.95, 21.411]]}, "properties": {"v": 110000, "nm": "Planta Mecánica 110 kV", "op": "UNE – SEN", "oid": 743674675}}, {"type": "Feature", "geometry": {"type": "LineString", "coordinates": [[-77.953, 21.411], [-77.949, 21.409]]}, "properties": {"v": 110000, "nm": "Camagüey 110 kV", "op": "UNE – SEN", "oid": 783261855}}, {"type": "Feature", "geometry": {"type": "LineString", "coordinates": [[-77.95, 21.411], [-77.949, 21.409]]}, "properties": {"v": 110000, "nm": "Planta Mecánica 110 kV", "op": "UNE – SEN", "oid": 783261854}}, {"type": "Feature", "geometry": {"type": "LineString", "coordinates": [[-77.949, 21.409], [-77.941, 21.405]]}, "properties": {"v": 110000, "nm": "Camagüey - Planta Mecánica 110 kV", "op": "UNE – SEN", "c": 2, "f": "60", "oid": 743674636}}, {"type": "Feature", "geometry": {"type": "LineString", "coordinates": [[-77.941, 21.405], [-77.94, 21.403]]}, "properties": {"v": 110000, "nm": "Camagüey - Planta Mecánica 110 kV", "op": "UNE – SEN", "f": "60", "oid": 783261851}}, {"type": "Feature", "geometry": {"type": "LineString", "coordinates": [[-77.941, 21.405], [-77.94, 21.403]]}, "properties": {"v": 110000, "nm": "Camagüey - Planta Mecánica 110 kV", "op": "UNE – SEN", "f": "60", "oid": 783261850}}, {"type": "Feature", "geometry": {"type": "LineString", "coordinates": [[-78.045, 21.412], [-78.036, 21.41]]}, "properties": {"v": 110000, "nm": "Ingenio Viejo 110 kV", "op": "UNE – SEN", "f": "60", "oid": 783260499}}, {"type": "Feature", "geometry": {"type": "LineString", "coordinates": [[-78.045, 21.412], [-78.034, 21.408]]}, "properties": {"v": 110000, "nm": "Ingenio Viejo 110 kV", "op": "UNE – SEN", "c": 2, "f": "60", "oid": 309952064}}, {"type": "Feature", "geometry": {"type": "LineString", "coordinates": [[-78.045, 21.412], [-78.146, 21.274]]}, "properties": {"v": 110000, "nm": "Ingenio Viejo 110 kV", "op": "UNE – SEN", "f": "60", "oid": 309952065}}, {"type": "Feature", "geometry": {"type": "LineString", "coordinates": [[-78.215, 21.551], [-78.052, 21.494], [-78.045, 21.412]]}, "properties": {"v": 110000, "nm": "Florida 110 kV", "op": "UNE – SEN", "f": "60", "oid": 366982582}}, {"type": "Feature", "geometry": {"type": "LineString", "coordinates": [[-78.046, 21.485], [-78.047, 21.413]]}, "properties": {"v": 220000, "nm": "Nuevitas 220 kV", "op": "UNE – SEN", "f": "60", "oid": 772213293}}, {"type": "Feature", "geometry": {"type": "LineString", "coordinates": [[-78.046, 21.485], [-78.046, 21.486]]}, "properties": {"v": 220000, "nm": "Nuevitas 220 kV", "op": "UNE – SEN", "f": "60", "oid": 772213294}}, {"type": "Feature", "geometry": {"type": "LineString", "coordinates": [[-78.046, 21.486], [-78.695, 21.802]]}, "properties": {"v": 220000, "nm": "Nuevitas 220 kV", "op": "UNE – SEN", "f": "60", "oid": 309960800}}, {"type": "Feature", "geometry": {"type": "LineString", "coordinates": [[-78.046, 21.486], [-78.695, 21.802]]}, "properties": {"v": 220000, "nm": "Nuevitas 220 kV", "op": "UNE – SEN", "f": "60", "oid": 309960798}}, {"type": "Feature", "geometry": {"type": "LineString", "coordinates": [[-78.215, 21.551], [-78.689, 21.811]]}, "properties": {"v": 110000, "nm": "Florida 110 kV", "op": "UNE – SEN", "f": "60", "oid": 147594061}}, {"type": "Feature", "geometry": {"type": "LineString", "coordinates": [[-78.692, 21.807], [-78.695, 21.802]]}, "properties": {"v": 220000, "nm": "Nuevitas 220 kV", "op": "UNE – SEN", "c": 2, "f": "60", "oid": 772213295}}, {"type": "Feature", "geometry": {"type": "LineString", "coordinates": [[-78.712, 21.803], [-78.716, 21.804]]}, "properties": {"v": 110000, "nm": "Jatibonico - Ciego de Ávila 110 kV", "op": "UNE – SEN", "f": "60", "oid": 783342151}}, {"type": "Feature", "geometry": {"type": "LineString", "coordinates": [[-78.712, 21.803], [-78.716, 21.804]]}, "properties": {"v": 110000, "nm": "Jatibonico - Ciego de Ávila 110 kV", "op": "UNE – SEN", "f": "60", "oid": 783342153}}, {"type": "Feature", "geometry": {"type": "LineString", "coordinates": [[-78.7, 21.804], [-78.712, 21.803]]}, "properties": {"v": 110000, "nm": "Jatibonico - Ciego de Ávila 110 kV", "op": "UNE – SEN", "c": 2, "f": "60", "oid": 783342154}}, {"type": "Feature", "geometry": {"type": "LineString", "coordinates": [[-78.716, 21.804], [-78.769, 21.82]]}, "properties": {"v": 110000, "nm": "Jatibonico - Ciego de Ávila 110 kV", "op": "UNE – SEN", "c": 2, "f": "60", "oid": 783342152}}, {"type": "Feature", "geometry": {"type": "LineString", "coordinates": [[-78.697, 21.805], [-78.7, 21.804]]}, "properties": {"v": 110000, "nm": "Jatibonico - Ciego de Ávila 110 kV", "op": "UNE – SEN", "f": "60", "oid": 783342155}}, {"type": "Feature", "geometry": {"type": "LineString", "coordinates": [[-78.697, 21.805], [-78.7, 21.804]]}, "properties": {"v": 110000, "nm": "Jatibonico - Ciego de Ávila 110 kV", "op": "UNE – SEN", "f": "60", "oid": 783342157}}, {"type": "Feature", "geometry": {"type": "LineString", "coordinates": [[-78.696, 21.806], [-78.697, 21.805]]}, "properties": {"v": 110000, "nm": "Jatibonico - Ciego de Ávila 110 kV", "op": "UNE – SEN", "c": 2, "f": "60", "oid": 783342158}}, {"type": "Feature", "geometry": {"type": "LineString", "coordinates": [[-78.689, 21.805], [-78.688, 21.809]]}, "properties": {"v": 110000, "nm": "Vicente 110 kV", "op": "UNE – SEN", "f": "60", "oid": 783254073}}, {"type": "Feature", "geometry": {"type": "LineString", "coordinates": [[-77.306, 21.537], [-77.415, 21.471], [-78.046, 21.485]]}, "properties": {"v": 220000, "nm": "Nuevitas 220 kV", "op": "UNE – SEN", "f": "60", "oid": 163839886}}, {"type": "Feature", "geometry": {"type": "LineString", "coordinates": [[-77.306, 21.538], [-77.415, 21.471], [-78.046, 21.485]]}, "properties": {"v": 220000, "nm": "Nuevitas 220 kV", "op": "UNE – SEN", "f": "60", "oid": 147037079}}, {"type": "Feature", "geometry": {"type": "LineString", "coordinates": [[-77.957, 21.422], [-77.954, 21.423]]}, "properties": {"v": 110000, "nm": "Camagüey 110 kV", "op": "UNE – SEN", "oid": 529715025}}, {"type": "Feature", "geometry": {"type": "LineString", "coordinates": [[-77.953, 21.425], [-77.954, 21.423]]}, "properties": {"v": 110000, "nm": "Camagüey 110 kV", "op": "UNE – SEN", "oid": 529715030}}, {"type": "Feature", "geometry": {"type": "LineString", "coordinates": [[-77.954, 21.423], [-77.953, 21.425]]}, "properties": {"v": 110000, "nm": "Camagüey 110 kV", "op": "UNE – SEN", "oid": 529715027}}, {"type": "Feature", "geometry": {"type": "LineString", "coordinates": [[-77.953, 21.425], [-77.933, 21.435]]}, "properties": {"v": 110000, "nm": "Camagüey 110 kV", "op": "UNE – SEN", "oid": 529715033}}, {"type": "Feature", "geometry": {"type": "LineString", "coordinates": [[-77.928, 21.442], [-77.927, 21.438]]}, "properties": {"v": 110000, "f": "60", "oid": 310768006}}, {"type": "Feature", "geometry": {"type": "LineString", "coordinates": [[-77.926, 21.44], [-77.927, 21.438]]}, "properties": {"v": 110000, "nm": "TE Nuevitas 110 kV", "op": "UNE – SEN", "f": "60", "oid": 783142154}}, {"type": "Feature", "geometry": {"type": "LineString", "coordinates": [[-77.926, 21.44], [-77.927, 21.438]]}, "properties": {"v": 110000, "nm": "TE Nuevitas 110 kV", "op": "UNE – SEN", "f": "60", "oid": 783142153}}, {"type": "Feature", "geometry": {"type": "LineString", "coordinates": [[-77.92, 21.44], [-77.927, 21.437]]}, "properties": {"v": 110000, "nm": "Camagüey 110 kV", "op": "UNE – SEN", "f": "60", "oid": 783266332}}, {"type": "Feature", "geometry": {"type": "LineString", "coordinates": [[-77.92, 21.44], [-77.927, 21.438]]}, "properties": {"v": 110000, "nm": "Camagüey 110 kV", "op": "UNE – SEN", "f": "60", "oid": 783129904}}, {"type": "Feature", "geometry": {"type": "LineString", "coordinates": [[-77.926, 21.438], [-77.924, 21.437]]}, "properties": {"v": 110000, "nm": "Camagüey 110 kV", "op": "UNE – SEN", "f": "60", "oid": 783266344}}, {"type": "Feature", "geometry": {"type": "LineString", "coordinates": [[-77.574, 21.461], [-77.926, 21.44]]}, "properties": {"v": 110000, "nm": "TE Nuevitas 110 kV", "op": "UNE – SEN", "c": 2, "f": "60", "oid": 147041797}}, {"type": "Feature", "geometry": {"type": "LineString", "coordinates": [[-77.916, 21.44], [-77.92, 21.44]]}, "properties": {"v": 110000, "nm": "Camagüey 110 kV", "op": "UNE – SEN", "c": 2, "f": "60", "oid": 783266333}}, {"type": "Feature", "geometry": {"type": "LineString", "coordinates": [[-77.92, 21.438], [-77.919, 21.437]]}, "properties": {"v": 110000, "nm": "Camagüey 110 kV", "op": "UNE – SEN", "f": "60", "oid": 783266343}}, {"type": "Feature", "geometry": {"type": "LineString", "coordinates": [[-77.92, 21.438], [-77.919, 21.437]]}, "properties": {"v": 110000, "nm": "Camagüey 110 kV", "op": "UNE – SEN", "f": "60", "oid": 783266341}}, {"type": "Feature", "geometry": {"type": "LineString", "coordinates": [[-77.919, 21.437], [-77.917, 21.425]]}, "properties": {"v": 110000, "nm": "Camagüey 110 kV", "op": "UNE – SEN", "f": "60", "oid": 783266345}}, {"type": "Feature", "geometry": {"type": "LineString", "coordinates": [[-77.917, 21.425], [-77.915, 21.423]]}, "properties": {"v": 110000, "nm": "Camagüey 110 kV", "op": "UNE – SEN", "oid": 783266340}}, {"type": "Feature", "geometry": {"type": "LineString", "coordinates": [[-77.917, 21.425], [-77.915, 21.423]]}, "properties": {"v": 110000, "nm": "Camagüey 110 kV", "op": "UNE – SEN", "f": "60", "oid": 783266339}}, {"type": "Feature", "geometry": {"type": "LineString", "coordinates": [[-77.913, 21.439], [-77.916, 21.44]]}, "properties": {"v": 110000, "nm": "Camagüey 110 kV", "op": "UNE – SEN", "f": "60", "oid": 783129907}}, {"type": "Feature", "geometry": {"type": "LineString", "coordinates": [[-77.913, 21.439], [-77.916, 21.44]]}, "properties": {"v": 110000, "nm": "Camagüey 110 kV", "op": "UNE – SEN", "f": "60", "oid": 783129908}}, {"type": "Feature", "geometry": {"type": "LineString", "coordinates": [[-77.571, 21.462], [-77.574, 21.461]]}, "properties": {"v": 110000, "nm": "TE Nuevitas 110 kV", "op": "UNE – SEN", "f": "60", "oid": 783142150}}, {"type": "Feature", "geometry": {"type": "LineString", "coordinates": [[-77.571, 21.462], [-77.574, 21.461]]}, "properties": {"v": 110000, "nm": "TE Nuevitas 110 kV", "op": "UNE – SEN", "f": "60", "oid": 783142152}}, {"type": "Feature", "geometry": {"type": "LineString", "coordinates": [[-77.343, 21.45], [-77.338, 21.449]]}, "properties": {"v": 110000, "nm": "Nuevitas 110 kV", "op": "UNE – SEN", "f": "60", "oid": 147156629}}, {"type": "Feature", "geometry": {"type": "LineString", "coordinates": [[-77.34, 21.528], [-77.306, 21.537]]}, "properties": {"v": 110000, "nm": "Nuevitas 110 kV", "op": "UNE – SEN", "f": "60", "oid": 147037057}}, {"type": "Feature", "geometry": {"type": "LineString", "coordinates": [[-77.338, 21.449], [-77.323, 21.433]]}, "properties": {"v": 110000, "nm": "Nuevitas 110 kV", "op": "UNE – SEN", "f": "60", "oid": 147156620}}, {"type": "Feature", "geometry": {"type": "LineString", "coordinates": [[-77.323, 21.433], [-77.321, 21.431]]}, "properties": {"v": 110000, "nm": "Nuevitas 110 kV", "op": "UNE – SEN", "f": "60", "oid": 147156622}}, {"type": "Feature", "geometry": {"type": "LineString", "coordinates": [[-77.323, 21.433], [-77.321, 21.431]]}, "properties": {"v": 110000, "nm": "Nuevitas 110 kV", "op": "UNE – SEN", "f": "60", "oid": 147156628}}, {"type": "Feature", "geometry": {"type": "LineString", "coordinates": [[-77.34, 21.528], [-77.755, 21.705]]}, "properties": {"v": 110000, "nm": "Nuevitas-Sierra de Cubitas 110 kV", "op": "UNE – SEN", "f": "60", "oid": 147043599}}, {"type": "Feature", "geometry": {"type": "LineString", "coordinates": [[-77.53, 25.008], [-77.376, 25.047]]}, "properties": {"v": 132000, "oid": 146981085}}, {"type": "Feature", "geometry": {"type": "LineString", "coordinates": [[-77.366, 25.047], [-77.389, 25.059]]}, "properties": {"v": 132000, "oid": 1408679480}}, {"type": "Feature", "geometry": {"type": "LineString", "coordinates": [[-77.376, 25.047], [-77.352, 25.046]]}, "properties": {"v": 132000, "oid": 816669182}}, {"type": "Feature", "geometry": {"type": "LineString", "coordinates": [[-77.366, 25.047], [-77.35, 25.058]]}, "properties": {"v": 132000, "oid": 816669183}}, {"type": "Feature", "geometry": {"type": "LineString", "coordinates": [[-77.352, 25.046], [-77.35, 25.059]]}, "properties": {"v": 132000, "oid": 815071787}}, {"type": "Feature", "geometry": {"type": "LineString", "coordinates": [[-79.997, 21.799], [-80.106, 21.822]]}, "properties": {"v": 110000, "nm": "Cruces - Trinidad 110KV", "op": "UNE – SEN", "f": "60", "oid": 771762410}}, {"type": "Feature", "geometry": {"type": "LineString", "coordinates": [[-80.31, 22.021], [-80.405, 22.169]]}, "properties": {"v": 110000, "nm": "Cruces - Trinidad 110KV", "op": "UNE – SEN", "f": "60", "oid": 771762410}}, {"type": "Feature", "geometry": {"type": "LineString", "coordinates": [[-80.348, 22.135], [-80.405, 22.169]]}, "properties": {"v": 110000, "nm": "Cruces 110KV", "op": "UNE – SEN", "f": "60", "oid": 697043338}}, {"type": "Feature", "geometry": {"type": "LineString", "coordinates": [[-80.331, 22.141], [-80.348, 22.135]]}, "properties": {"v": 110000, "nm": "Cruces 110KV", "op": "UNE – SEN", "f": "60", "oid": 784031138}}, {"type": "Feature", "geometry": {"type": "LineString", "coordinates": [[-80.327, 22.143], [-80.331, 22.141]]}, "properties": {"v": 110000, "nm": "Cruces 110KV", "op": "UNE – SEN", "f": "60", "oid": 784031140}}, {"type": "Feature", "geometry": {"type": "LineString", "coordinates": [[-80.327, 22.143], [-80.331, 22.141]]}, "properties": {"v": 110000, "nm": "Cruces 110KV", "op": "UNE – SEN", "f": "60", "oid": 784031139}}, {"type": "Feature", "geometry": {"type": "LineString", "coordinates": [[-80.321, 22.15], [-80.322, 22.148]]}, "properties": {"v": 110000, "nm": "Cruces 110KV", "op": "UNE – SEN", "f": "60", "oid": 784031134}}, {"type": "Feature", "geometry": {"type": "LineString", "coordinates": [[-80.321, 22.15], [-80.322, 22.148]]}, "properties": {"v": 110000, "nm": "Cruces 110KV", "op": "UNE – SEN", "f": "60", "oid": 784031157}}, {"type": "Feature", "geometry": {"type": "LineString", "coordinates": [[-80.321, 22.153], [-80.321, 22.151]]}, "properties": {"v": 110000, "nm": "Cruces 110KV", "op": "UNE – SEN", "f": "60", "oid": 784031155}}, {"type": "Feature", "geometry": {"type": "LineString", "coordinates": [[-80.321, 22.151], [-80.321, 22.15]]}, "properties": {"v": 110000, "nm": "Cruces 110KV", "op": "UNE – SEN", "f": "60", "oid": 784031133}}, {"type": "Feature", "geometry": {"type": "LineString", "coordinates": [[-80.321, 22.153], [-80.321, 22.151]]}, "properties": {"v": 110000, "nm": "Cruces 110KV", "op": "UNE – SEN", "f": "60", "oid": 784031156}}, {"type": "Feature", "geometry": {"type": "LineString", "coordinates": [[-80.067, 22.096], [-80.021, 22.159]]}, "properties": {"v": 110000, "nm": "Hanabanilla 110 kV", "op": "UNE – SEN", "f": "60", "oid": 783675824}}, {"type": "Feature", "geometry": {"type": "LineString", "coordinates": [[-80.037, 22.457], [-80.037, 22.454]]}, "properties": {"v": 110000, "nm": "Sagua - Santo Domingo 110 kV", "op": "UNE – SEN", "f": "60", "oid": 783719397}}, {"type": "Feature", "geometry": {"type": "LineString", "coordinates": [[-80.037, 22.454], [-80.036, 22.451]]}, "properties": {"v": 110000, "nm": "Sagua - Santo Domingo 110 kV", "op": "UNE – SEN", "f": "60", "oid": 783719401}}, {"type": "Feature", "geometry": {"type": "LineString", "coordinates": [[-80.037, 22.454], [-80.036, 22.451]]}, "properties": {"v": 110000, "nm": "Sagua - Santo Domingo 110 kV", "op": "UNE – SEN", "f": "60", "oid": 783719400}}, {"type": "Feature", "geometry": {"type": "LineString", "coordinates": [[-80.036, 22.451], [-80.032, 22.445]]}, "properties": {"v": 110000, "nm": "Sagua - Santo Domingo 110 kV", "op": "UNE – SEN", "c": 2, "f": "60", "oid": 783719399}}, {"type": "Feature", "geometry": {"type": "LineString", "coordinates": [[-80.032, 22.445], [-80.017, 22.439]]}, "properties": {"v": 110000, "nm": "Sagua - Santo Domingo 110 kV", "op": "UNE – SEN", "f": "60", "oid": 198221650}}, {"type": "Feature", "geometry": {"type": "LineString", "coordinates": [[-80.032, 22.445], [-80.017, 22.439]]}, "properties": {"v": 110000, "nm": "Sagua - Santo Domingo 110 kV", "op": "UNE – SEN", "f": "60", "oid": 198221651}}, {"type": "Feature", "geometry": {"type": "LineString", "coordinates": [[-80.018, 22.424], [-80.026, 22.413]]}, "properties": {"v": 110000, "nm": "Cruces 110KV", "op": "UNE – SEN", "c": 2, "f": "60", "oid": 503873900}}, {"type": "Feature", "geometry": {"type": "LineString", "coordinates": [[-80.021, 22.159], [-80.018, 22.159]]}, "properties": {"v": 110000, "nm": "Subplanta - Hanabanilla 110 kV", "op": "UNE – SEN", "f": "60", "oid": 783669160}}, {"type": "Feature", "geometry": {"type": "LineString", "coordinates": [[-80.018, 22.159], [-80.016, 22.16]]}, "properties": {"v": 110000, "nm": "Subplanta 110 kV", "op": "UNE – SEN", "f": "60", "oid": 783669161}}, {"type": "Feature", "geometry": {"type": "LineString", "coordinates": [[-80.018, 22.159], [-80.015, 22.16]]}, "properties": {"v": 110000, "nm": "Hanabanilla 110 kV", "op": "UNE – SEN", "f": "60", "oid": 783669159}}, {"type": "Feature", "geometry": {"type": "LineString", "coordinates": [[-78.683, 21.816], [-78.545, 21.849]]}, "properties": {"v": 110000, "nm": "Morón 110 kV", "op": "UNE – SEN", "f": "60", "oid": 783323212}}, {"type": "Feature", "geometry": {"type": "LineString", "coordinates": [[-78.689, 21.805], [-78.688, 21.809]]}, "properties": {"v": 110000, "nm": "Vicente 110 kV", "op": "UNE – SEN", "f": "60", "oid": 783254074}}, {"type": "Feature", "geometry": {"type": "LineString", "coordinates": [[-78.694, 21.808], [-78.696, 21.806]]}, "properties": {"v": 110000, "nm": "Jatibonico - Ciego de Ávila 110 kV", "op": "UNE – SEN", "f": "60", "oid": 783342159}}, {"type": "Feature", "geometry": {"type": "LineString", "coordinates": [[-78.694, 21.808], [-78.696, 21.806]]}, "properties": {"v": 110000, "nm": "Jatibonico - Ciego de Ávila 110 kV", "op": "UNE – SEN", "f": "60", "oid": 783342156}}, {"type": "Feature", "geometry": {"type": "LineString", "coordinates": [[-78.69, 21.81], [-78.692, 21.807]]}, "properties": {"v": 220000, "nm": "Nuevitas 220 kV", "op": "UNE – SEN", "f": "60", "oid": 772213296}}, {"type": "Feature", "geometry": {"type": "LineString", "coordinates": [[-78.69, 21.81], [-78.692, 21.807]]}, "properties": {"v": 220000, "nm": "Nuevitas 220 kV", "op": "UNE – SEN", "f": "60", "oid": 309960801}}, {"type": "Feature", "geometry": {"type": "LineString", "coordinates": [[-78.692, 21.812], [-78.694, 21.808]]}, "properties": {"v": 110000, "nm": "Jatibonico - Ciego de Ávila 110 kV", "op": "UNE – SEN", "c": 2, "f": "60", "oid": 783342161}}, {"type": "Feature", "geometry": {"type": "LineString", "coordinates": [[-78.688, 21.809], [-78.689, 21.81]]}, "properties": {"v": 110000, "nm": "Vicente 110 kV", "op": "UNE – SEN", "c": 2, "f": "60", "oid": 783254070}}, {"type": "Feature", "geometry": {"type": "LineString", "coordinates": [[-78.689, 21.81], [-78.69, 21.811]]}, "properties": {"v": 110000, "nm": "Vicente 110 kV", "op": "UNE – SEN", "f": "60", "oid": 783254072}}, {"type": "Feature", "geometry": {"type": "LineString", "coordinates": [[-78.689, 21.81], [-78.689, 21.811]]}, "properties": {"v": 110000, "nm": "Vicente 110 kV", "op": "UNE – SEN", "f": "60", "oid": 783254071}}, {"type": "Feature", "geometry": {"type": "LineString", "coordinates": [[-78.69, 21.812], [-78.692, 21.812]]}, "properties": {"v": 110000, "nm": "Jatibonico - Ciego de Ávila 110 kV", "op": "UNE – SEN", "f": "60", "oid": 783342162}}, {"type": "Feature", "geometry": {"type": "LineString", "coordinates": [[-78.69, 21.812], [-78.692, 21.812]]}, "properties": {"v": 110000, "nm": "Jatibonico - Ciego de Ávila 110 kV", "op": "UNE – SEN", "f": "60", "oid": 783342160}}, {"type": "Feature", "geometry": {"type": "LineString", "coordinates": [[-78.689, 21.813], [-78.684, 21.815]]}, "properties": {"v": 110000, "nm": "Morón 110 kV", "op": "UNE – SEN", "f": "60", "oid": 783315838}}, {"type": "Feature", "geometry": {"type": "LineString", "coordinates": [[-78.689, 21.813], [-78.681, 21.817]]}, "properties": {"v": 110000, "f": "60", "oid": 783315835}}, {"type": "Feature", "geometry": {"type": "LineString", "coordinates": [[-78.688, 21.813], [-78.684, 21.815]]}, "properties": {"v": 110000, "nm": "Morón 110 kV", "op": "UNE – SEN", "f": "60", "oid": 783315837}}, {"type": "Feature", "geometry": {"type": "LineString", "coordinates": [[-78.684, 21.815], [-78.683, 21.816]]}, "properties": {"v": 110000, "nm": "Morón 110 kV", "op": "UNE – SEN", "f": "60", "oid": 783315836}}, {"type": "Feature", "geometry": {"type": "LineString", "coordinates": [[-78.683, 21.816], [-78.681, 21.817]]}, "properties": {"v": 110000, "nm": "Morón 110 kV", "op": "UNE – SEN", "f": "60", "oid": 783323211}}, {"type": "Feature", "geometry": {"type": "LineString", "coordinates": [[-78.681, 21.817], [-78.633, 22.088]]}, "properties": {"v": 110000, "nm": "Morón 110 kV", "op": "UNE – SEN", "f": "60", "oid": 783315834}}, {"type": "Feature", "geometry": {"type": "LineString", "coordinates": [[-78.776, 21.823], [-78.77, 21.822]]}, "properties": {"v": 110000, "f": "60", "oid": 783342149}}, {"type": "Feature", "geometry": {"type": "LineString", "coordinates": [[-78.545, 21.849], [-78.416, 21.934]]}, "properties": {"v": 110000, "nm": "La Cuba - Primero de Enero 110 kV", "op": "UNE – SEN", "f": "60", "oid": 783327302}}, {"type": "Feature", "geometry": {"type": "LineString", "coordinates": [[-78.707, 21.944], [-78.66, 21.917]]}, "properties": {"v": 110000, "f": "60", "oid": 1290703244}}, {"type": "Feature", "geometry": {"type": "LineString", "coordinates": [[-79.306, 21.986], [-79.154, 21.95]]}, "properties": {"v": 110000, "nm": "Jatibonico 110 kV", "op": "UNE – SEN", "f": "60", "oid": 147586328}}, {"type": "Feature", "geometry": {"type": "LineString", "coordinates": [[-79.42, 22.011], [-79.306, 21.985]]}, "properties": {"v": 110000, "nm": "Tuinicú 110 kV", "op": "UNE – SEN", "f": "60", "oid": 310134896}}, {"type": "Feature", "geometry": {"type": "LineString", "coordinates": [[-79.419, 22.009], [-79.421, 22.008]]}, "properties": {"v": 110000, "nm": "Sancti Spíritus 110 kV", "op": "UNE – SEN", "f": "60", "oid": 783378954}}, {"type": "Feature", "geometry": {"type": "LineString", "coordinates": [[-79.42, 22.01], [-79.421, 22.008]]}, "properties": {"v": 110000, "nm": "Sancti Spíritus 110 kV", "op": "UNE – SEN", "f": "60", "oid": 783378953}}, {"type": "Feature", "geometry": {"type": "LineString", "coordinates": [[-79.421, 22.011], [-79.424, 22.009]]}, "properties": {"v": 220000, "nm": "Tuinicú 220 kV", "op": "UNE – SEN", "c": 2, "f": "60", "oid": 783354296}}, {"type": "Feature", "geometry": {"type": "LineString", "coordinates": [[-79.424, 22.011], [-79.422, 22.012]]}, "properties": {"v": 220000, "nm": "Santa Clara - Sancti Spíritus 220 kV", "op": "UNE – SEN", "c": 2, "f": "60", "oid": 783354295}}, {"type": "Feature", "geometry": {"type": "LineString", "coordinates": [[-79.419, 22.011], [-79.249, 22.322]]}, "properties": {"v": 110000, "nm": "Yaguajay 110 kV", "op": "UNE – SEN", "f": "60", "oid": 783421582}}, {"type": "Feature", "geometry": {"type": "LineString", "coordinates": [[-79.422, 22.012], [-79.421, 22.011]]}, "properties": {"v": 220000, "nm": "Santa Clara - Sancti Spíritus 220 kV", "op": "UNE – SEN", "f": "60", "oid": 783354294}}, {"type": "Feature", "geometry": {"type": "LineString", "coordinates": [[-79.422, 22.012], [-79.421, 22.012]]}, "properties": {"v": 220000, "nm": "Santa Clara - Sancti Spíritus 220 kV", "op": "UNE – SEN", "f": "60", "oid": 783354293}}, {"type": "Feature", "geometry": {"type": "LineString", "coordinates": [[-79.257, 22.269], [-79.244, 22.319]]}, "properties": {"v": 110000, "nm": "Yaguajay 110 kV", "op": "UNE – SEN", "f": "60", "oid": 497973068}}, {"type": "Feature", "geometry": {"type": "LineString", "coordinates": [[-79.249, 22.322], [-79.244, 22.319]]}, "properties": {"v": 110000, "nm": "Yaguajay 110 kV", "op": "UNE – SEN", "f": "60", "oid": 783421580}}, {"type": "Feature", "geometry": {"type": "LineString", "coordinates": [[-78.903, 22.187], [-78.633, 22.087]]}, "properties": {"v": 110000, "nm": "Chambas 110 kV", "op": "UNE – SEN", "oid": 997602259}}, {"type": "Feature", "geometry": {"type": "LineString", "coordinates": [[-79.424, 22.009], [-79.197, 21.87], [-79.061, 21.932], [-78.691, 21.81]]}, "properties": {"v": 220000, "nm": "Sancti Spíritus - Ciego de Ávila 220 kV", "op": "UNE – SEN", "f": "60", "oid": 147587277}}, {"type": "Feature", "geometry": {"type": "LineString", "coordinates": [[-79.424, 22.009], [-79.197, 21.871], [-79.057, 21.932], [-78.691, 21.811]]}, "properties": {"v": 220000, "f": "60", "oid": 309960799}}, {"type": "Feature", "geometry": {"type": "LineString", "coordinates": [[-78.769, 21.82], [-79.154, 21.95]]}, "properties": {"v": 110000, "nm": "Jatibonico - Ciego de Ávila 110 kV", "op": "UNE – SEN", "f": "60", "oid": 147586332}}, {"type": "Feature", "geometry": {"type": "LineString", "coordinates": [[-78.769, 21.82], [-78.77, 21.822]]}, "properties": {"v": 110000, "f": "60", "oid": 783342150}}, {"type": "Feature", "geometry": {"type": "LineString", "coordinates": [[-80.009, 22.443], [-80.008, 22.444]]}, "properties": {"v": 110000, "nm": "Remedios 110 kV", "op": "UNE – SEN", "f": "60", "oid": 338172826}}, {"type": "Feature", "geometry": {"type": "LineString", "coordinates": [[-80.009, 22.443], [-80.008, 22.444]]}, "properties": {"v": 110000, "nm": "Remedios 110 kV", "op": "UNE – SEN", "f": "60", "oid": 338172823}}, {"type": "Feature", "geometry": {"type": "LineString", "coordinates": [[-80.007, 22.444], [-80.008, 22.444]]}, "properties": {"v": 110000, "nm": "Placetas 110 KV", "op": "UNE – SEN", "f": "60", "oid": 338172824}}, {"type": "Feature", "geometry": {"type": "LineString", "coordinates": [[-80.008, 22.444], [-80.007, 22.444]]}, "properties": {"v": 110000, "nm": "Placetas 110 KV", "op": "UNE – SEN", "f": "60", "oid": 338172822}}, {"type": "Feature", "geometry": {"type": "LineString", "coordinates": [[-79.981, 22.446], [-79.871, 22.46], [-79.667, 22.299]]}, "properties": {"v": 110000, "nm": "Placetas 110 KV", "op": "UNE – SEN", "f": "60", "oid": 368681926}}, {"type": "Feature", "geometry": {"type": "LineString", "coordinates": [[-79.971, 22.446], [-79.972, 22.448]]}, "properties": {"v": 110000, "nm": "Remedios 110 kV", "op": "UNE – SEN", "f": "60", "oid": 783719381}}, {"type": "Feature", "geometry": {"type": "LineString", "coordinates": [[-79.968, 22.444], [-79.971, 22.446]]}, "properties": {"v": 110000, "nm": "Remedios 110 kV", "op": "UNE – SEN", "c": 2, "f": "60", "oid": 783719382}}, {"type": "Feature", "geometry": {"type": "LineString", "coordinates": [[-79.966, 22.441], [-79.968, 22.444]]}, "properties": {"v": 110000, "nm": "Remedios 110 kV", "op": "UNE – SEN", "f": "60", "oid": 783719383}}, {"type": "Feature", "geometry": {"type": "LineString", "coordinates": [[-79.966, 22.441], [-79.968, 22.444]]}, "properties": {"v": 110000, "nm": "Remedios 110 kV", "op": "UNE – SEN", "f": "60", "oid": 783719384}}, {"type": "Feature", "geometry": {"type": "LineString", "coordinates": [[-79.965, 22.44], [-79.966, 22.441]]}, "properties": {"v": 110000, "nm": "Remedios 110 kV", "op": "UNE – SEN", "c": 2, "f": "60", "oid": 783719385}}, {"type": "Feature", "geometry": {"type": "LineString", "coordinates": [[-79.962, 22.437], [-79.965, 22.44]]}, "properties": {"v": 110000, "nm": "Remedios 110 kV", "op": "UNE – SEN", "f": "60", "oid": 783719386}}, {"type": "Feature", "geometry": {"type": "LineString", "coordinates": [[-79.962, 22.437], [-79.965, 22.44]]}, "properties": {"v": 110000, "nm": "Remedios 110 kV", "op": "UNE – SEN", "f": "60", "oid": 783719387}}, {"type": "Feature", "geometry": {"type": "LineString", "coordinates": [[-79.95, 22.433], [-79.953, 22.434]]}, "properties": {"v": 110000, "nm": "Remedios 110 kV", "op": "UNE – SEN", "f": "60", "oid": 783719389}}, {"type": "Feature", "geometry": {"type": "LineString", "coordinates": [[-79.95, 22.433], [-79.953, 22.434]]}, "properties": {"v": 110000, "nm": "Remedios 110 kV", "op": "UNE – SEN", "f": "60", "oid": 783719391}}, {"type": "Feature", "geometry": {"type": "LineString", "coordinates": [[-79.948, 22.431], [-79.95, 22.433]]}, "properties": {"v": 110000, "nm": "Remedios 110 kV", "op": "UNE – SEN", "c": 2, "f": "60", "oid": 783719390}}, {"type": "Feature", "geometry": {"type": "LineString", "coordinates": [[-79.946, 22.429], [-79.948, 22.431]]}, "properties": {"v": 110000, "nm": "Remedios 110 kV", "op": "UNE – SEN", "f": "60", "oid": 783719394}}, {"type": "Feature", "geometry": {"type": "LineString", "coordinates": [[-79.946, 22.429], [-79.948, 22.431]]}, "properties": {"v": 110000, "nm": "Remedios 110 kV", "op": "UNE – SEN", "f": "60", "oid": 783719392}}, {"type": "Feature", "geometry": {"type": "LineString", "coordinates": [[-79.938, 22.425], [-79.946, 22.429]]}, "properties": {"v": 110000, "nm": "Remedios 110 kV", "op": "UNE – SEN", "c": 2, "f": "60", "oid": 783719393}}, {"type": "Feature", "geometry": {"type": "LineString", "coordinates": [[-79.937, 22.423], [-79.938, 22.425]]}, "properties": {"v": 110000, "nm": "Santa Clara Industrial 110 kV", "op": "UNE – SEN", "f": "60", "oid": 783719395}}, {"type": "Feature", "geometry": {"type": "LineString", "coordinates": [[-79.933, 22.424], [-79.938, 22.425]]}, "properties": {"v": 110000, "nm": "Remedios 110 kV", "op": "UNE – SEN", "f": "60", "oid": 94527958}}, {"type": "Feature", "geometry": {"type": "LineString", "coordinates": [[-79.937, 22.423], [-79.933, 22.424]]}, "properties": {"v": 110000, "nm": "Santa Clara Industrial 110 kV", "op": "UNE – SEN", "f": "60", "oid": 783719396}}, {"type": "Feature", "geometry": {"type": "LineString", "coordinates": [[-79.936, 22.421], [-79.937, 22.423]]}, "properties": {"v": 110000, "nm": "Santa Clara Industrial 110 kV", "op": "UNE – SEN", "c": 2, "f": "60", "oid": 783719379}}, {"type": "Feature", "geometry": {"type": "LineString", "coordinates": [[-79.936, 22.421], [-79.935, 22.41]]}, "properties": {"v": 110000, "nm": "Santa Clara Industrial 110 kV", "op": "UNE – SEN", "f": "60", "oid": 783719378}}, {"type": "Feature", "geometry": {"type": "LineString", "coordinates": [[-79.935, 22.41], [-79.936, 22.421]]}, "properties": {"v": 110000, "nm": "Santa Clara Industrial 110 kV", "op": "UNE – SEN", "f": "60", "oid": 783719377}}, {"type": "Feature", "geometry": {"type": "LineString", "coordinates": [[-79.933, 22.452], [-79.843, 22.441], [-79.528, 22.048], [-79.424, 22.011]]}, "properties": {"v": 220000, "nm": "Santa Clara - Sancti Spíritus 220 kV", "op": "UNE – SEN", "f": "60", "oid": 783354297}}, {"type": "Feature", "geometry": {"type": "LineString", "coordinates": [[-79.933, 22.452], [-79.843, 22.442], [-79.528, 22.048], [-79.424, 22.011]]}, "properties": {"v": 220000, "nm": "Santa Clara - Sancti Spíritus 220 kV", "op": "UNE – SEN", "f": "60", "oid": 783354298}}, {"type": "Feature", "geometry": {"type": "LineString", "coordinates": [[-79.706, 22.455], [-79.706, 22.456]]}, "properties": {"v": 110000, "f": "60", "oid": 783567226}}, {"type": "Feature", "geometry": {"type": "LineString", "coordinates": [[-79.706, 22.455], [-79.706, 22.456]]}, "properties": {"v": 110000, "f": "60", "oid": 783612854}}, {"type": "Feature", "geometry": {"type": "LineString", "coordinates": [[-79.48, 22.076], [-79.667, 22.299]]}, "properties": {"v": 110000, "nm": "Placetas 110 KV", "op": "UNE – SEN", "f": "60", "oid": 338170018}}, {"type": "Feature", "geometry": {"type": "LineString", "coordinates": [[-79.49, 22.069], [-79.492, 22.069]]}, "properties": {"v": 110000, "nm": "Cabaiguán 110 kV", "op": "UNE – SEN", "f": "60", "oid": 783558256}}, {"type": "Feature", "geometry": {"type": "LineString", "coordinates": [[-79.492, 22.069], [-79.49, 22.069]]}, "properties": {"v": 110000, "nm": "Cabaiguán 110 kV", "op": "UNE – SEN", "f": "60", "oid": 783558257}}, {"type": "Feature", "geometry": {"type": "LineString", "coordinates": [[-79.49, 22.069], [-79.48, 22.076]]}, "properties": {"v": 110000, "nm": "Cabaiguán 110 kV", "op": "UNE – SEN", "c": 2, "f": "60", "oid": 783558259}}, {"type": "Feature", "geometry": {"type": "LineString", "coordinates": [[-79.48, 22.076], [-79.419, 22.014]]}, "properties": {"v": 110000, "nm": "Cabaiguán 110 kV", "op": "UNE – SEN", "f": "60", "oid": 783558258}}, {"type": "Feature", "geometry": {"type": "LineString", "coordinates": [[-79.434, 21.947], [-79.421, 22.008]]}, "properties": {"v": 110000, "nm": "Sancti Spíritus 110 kV", "op": "UNE – SEN", "f": "60", "oid": 783378955}}, {"type": "Feature", "geometry": {"type": "LineString", "coordinates": [[-80.442, 22.192], [-80.522, 22.256], [-80.568, 22.165]]}, "properties": {"v": 220000, "f": "60", "oid": 147108134}}, {"type": "Feature", "geometry": {"type": "LineString", "coordinates": [[-80.584, 22.181], [-80.584, 22.183]]}, "properties": {"v": 110000, "nm": "Yaguaramas 110KV", "op": "UNE – SEN", "f": "60", "oid": 784266887}}, {"type": "Feature", "geometry": {"type": "LineString", "coordinates": [[-80.584, 22.181], [-80.584, 22.183]]}, "properties": {"v": 110000, "nm": "Yaguaramas 110KV", "op": "UNE – SEN", "f": "60", "oid": 784266886}}, {"type": "Feature", "geometry": {"type": "LineString", "coordinates": [[-80.584, 22.183], [-80.57, 22.233]]}, "properties": {"v": 110000, "nm": "Yaguaramas 110KV", "op": "UNE – SEN", "c": 2, "f": "60", "oid": 784266888}}, {"type": "Feature", "geometry": {"type": "LineString", "coordinates": [[-80.534, 22.133], [-80.584, 22.181]]}, "properties": {"v": 110000, "nm": "Yaguaramas 110KV", "op": "UNE – SEN", "c": 2, "f": "60", "oid": 148248290}}, {"type": "Feature", "geometry": {"type": "LineString", "coordinates": [[-80.57, 22.233], [-80.459, 22.188]]}, "properties": {"v": 110000, "nm": "Yaguaramas 110KV", "op": "UNE – SEN", "f": "60", "oid": 183902402}}, {"type": "Feature", "geometry": {"type": "LineString", "coordinates": [[-80.533, 22.126], [-80.534, 22.133]]}, "properties": {"v": 110000, "nm": "Yaguaramas 110KV", "op": "UNE – SEN", "f": "60", "oid": 784266889}}, {"type": "Feature", "geometry": {"type": "LineString", "coordinates": [[-80.516, 22.078], [-80.534, 22.133]]}, "properties": {"v": 110000, "nm": "Yaguaramas 110KV", "op": "UNE – SEN", "f": "60", "oid": 784266890}}, {"type": "Feature", "geometry": {"type": "LineString", "coordinates": [[-80.517, 22.076], [-80.516, 22.078]]}, "properties": {"v": 110000, "nm": "Yaguaramas 110KV", "op": "UNE – SEN", "f": "60", "oid": 784266892}}, {"type": "Feature", "geometry": {"type": "LineString", "coordinates": [[-80.516, 22.076], [-80.516, 22.078]]}, "properties": {"v": 110000, "nm": "Yaguaramas 110KV", "op": "UNE – SEN", "f": "60", "oid": 784266891}}, {"type": "Feature", "geometry": {"type": "LineString", "coordinates": [[-80.488, 22.197], [-80.516, 22.186]]}, "properties": {"v": 110000, "nm": "Refinería entrada 110 kV", "op": "UNE – SEN", "f": "60", "oid": 784266940}}, {"type": "Feature", "geometry": {"type": "LineString", "coordinates": [[-80.488, 22.197], [-80.516, 22.186]]}, "properties": {"v": 110000, "nm": "Refinería entrada 110 kV", "op": "UNE – SEN", "f": "60", "oid": 784266941}}, {"type": "Feature", "geometry": {"type": "LineString", "coordinates": [[-80.487, 22.18], [-80.489, 22.181]]}, "properties": {"v": 110000, "nm": "TE Carlos Manuel de Céspedes 110 kV", "op": "UNE – SEN", "f": "60", "oid": 784266943}}, {"type": "Feature", "geometry": {"type": "LineString", "coordinates": [[-80.487, 22.18], [-80.489, 22.181]]}, "properties": {"v": 110000, "nm": "TE Carlos Manuel de Céspedes 110 kV", "op": "UNE – SEN", "f": "60", "oid": 183881761}}, {"type": "Feature", "geometry": {"type": "LineString", "coordinates": [[-80.483, 22.197], [-80.488, 22.197]]}, "properties": {"v": 110000, "nm": "Refinería 110 kV", "op": "UNE – SEN", "f": "60", "oid": 784266936}}, {"type": "Feature", "geometry": {"type": "LineString", "coordinates": [[-80.483, 22.197], [-80.488, 22.197]]}, "properties": {"v": 110000, "nm": "Refinería 110 kV", "op": "UNE – SEN", "f": "60", "oid": 784266934}}, {"type": "Feature", "geometry": {"type": "LineString", "coordinates": [[-80.486, 22.18], [-80.487, 22.18]]}, "properties": {"v": 110000, "nm": "TE Carlos Manuel de Céspedes 110 kV", "op": "UNE – SEN", "f": "60", "oid": 784266942}}, {"type": "Feature", "geometry": {"type": "LineString", "coordinates": [[-80.483, 22.179], [-80.486, 22.18]]}, "properties": {"v": 110000, "nm": "TE Carlos Manuel de Céspedes 110 kV", "op": "UNE – SEN", "f": "60", "oid": 784266946}}, {"type": "Feature", "geometry": {"type": "LineString", "coordinates": [[-80.483, 22.179], [-80.486, 22.18]]}, "properties": {"v": 110000, "nm": "TE Carlos Manuel de Céspedes 110 kV", "op": "UNE – SEN", "f": "60", "oid": 784266944}}, {"type": "Feature", "geometry": {"type": "LineString", "coordinates": [[-80.482, 22.197], [-80.483, 22.197]]}, "properties": {"v": 110000, "nm": "Refinería 110 kV", "op": "UNE – SEN", "f": "60", "oid": 784266939}}, {"type": "Feature", "geometry": {"type": "LineString", "coordinates": [[-80.483, 22.18], [-80.483, 22.179]]}, "properties": {"v": 110000, "nm": "TE Carlos Manuel de Céspedes 110 kV", "op": "UNE – SEN", "f": "60", "oid": 784266945}}, {"type": "Feature", "geometry": {"type": "LineString", "coordinates": [[-80.479, 22.195], [-80.482, 22.197]]}, "properties": {"v": 110000, "nm": "Refinería 110 kV", "op": "UNE – SEN", "f": "60", "oid": 784266931}}, {"type": "Feature", "geometry": {"type": "LineString", "coordinates": [[-80.47, 22.179], [-80.471, 22.18]]}, "properties": {"v": 110000, "nm": "TE Carlos Manuel de Céspedes 110 kV", "op": "UNE – SEN", "f": "60", "oid": 784266948}}, {"type": "Feature", "geometry": {"type": "LineString", "coordinates": [[-80.477, 22.193], [-80.479, 22.195]]}, "properties": {"v": 110000, "nm": "Refinería 110 kV", "op": "UNE – SEN", "f": "60", "oid": 784266928}}, {"type": "Feature", "geometry": {"type": "LineString", "coordinates": [[-80.477, 22.193], [-80.479, 22.195]]}, "properties": {"v": 110000, "nm": "Refinería 110 kV", "op": "UNE – SEN", "f": "60", "oid": 784266932}}, {"type": "Feature", "geometry": {"type": "LineString", "coordinates": [[-80.477, 22.193], [-80.479, 22.195]]}, "properties": {"v": 110000, "nm": "Refinería 110 kV", "op": "UNE – SEN", "f": "60", "oid": 784266929}}, {"type": "Feature", "geometry": {"type": "LineString", "coordinates": [[-80.476, 22.19], [-80.477, 22.193]]}, "properties": {"v": 110000, "nm": "Refinería 110 kV", "op": "UNE – SEN", "f": "60", "oid": 784266924}}, {"type": "Feature", "geometry": {"type": "LineString", "coordinates": [[-80.472, 22.188], [-80.476, 22.19]]}, "properties": {"v": 110000, "nm": "Refinería 110 kV", "op": "UNE – SEN", "f": "60", "oid": 784266922}}, {"type": "Feature", "geometry": {"type": "LineString", "coordinates": [[-80.472, 22.188], [-80.476, 22.19]]}, "properties": {"v": 110000, "nm": "Refinería 110 kV", "op": "UNE – SEN", "f": "60", "oid": 784266925}}, {"type": "Feature", "geometry": {"type": "LineString", "coordinates": [[-80.472, 22.188], [-80.475, 22.19]]}, "properties": {"v": 110000, "nm": "Refinería 110 kV", "op": "UNE – SEN", "f": "60", "oid": 784266923}}, {"type": "Feature", "geometry": {"type": "LineString", "coordinates": [[-80.472, 22.188], [-80.475, 22.19]]}, "properties": {"v": 110000, "nm": "Refinería 110 kV", "op": "UNE – SEN", "f": "60", "oid": 784266927}}, {"type": "Feature", "geometry": {"type": "LineString", "coordinates": [[-80.477, 22.193], [-80.479, 22.195]]}, "properties": {"v": 110000, "nm": "Refinería 110 kV", "op": "UNE – SEN", "f": "60", "oid": 784266933}}, {"type": "Feature", "geometry": {"type": "LineString", "coordinates": [[-80.482, 22.197], [-80.483, 22.197]]}, "properties": {"v": 110000, "nm": "Refinería 110 kV", "op": "UNE – SEN", "f": "60", "oid": 784266937}}, {"type": "Feature", "geometry": {"type": "LineString", "coordinates": [[-80.479, 22.195], [-80.482, 22.197]]}, "properties": {"v": 110000, "nm": "Refinería 110 kV", "op": "UNE – SEN", "f": "60", "oid": 784266930}}, {"type": "Feature", "geometry": {"type": "LineString", "coordinates": [[-80.482, 22.197], [-80.483, 22.197]]}, "properties": {"v": 110000, "nm": "Refinería 110 kV", "op": "UNE – SEN", "f": "60", "oid": 784266938}}, {"type": "Feature", "geometry": {"type": "LineString", "coordinates": [[-80.482, 22.197], [-80.483, 22.197]]}, "properties": {"v": 110000, "nm": "Refinería 110 kV", "op": "UNE – SEN", "f": "60", "oid": 784266935}}, {"type": "Feature", "geometry": {"type": "LineString", "coordinates": [[-80.442, 22.184], [-80.452, 22.185]]}, "properties": {"v": 110000, "nm": "TE Carlos Manuel de Céspedes 110 kV", "op": "UNE – SEN", "f": "60", "oid": 784266952}}, {"type": "Feature", "geometry": {"type": "LineString", "coordinates": [[-80.455, 22.185], [-80.442, 22.184]]}, "properties": {"v": 110000, "nm": "TE Carlos Manuel de Céspedes 110 kV", "op": "UNE – SEN", "f": "60", "oid": 784266954}}, {"type": "Feature", "geometry": {"type": "LineString", "coordinates": [[-80.427, 22.14], [-80.421, 22.145]]}, "properties": {"v": 110000, "nm": "Cienfuegos 110 kV", "op": "UNE – SEN", "f": "60", "oid": 784031162}}, {"type": "Feature", "geometry": {"type": "LineString", "coordinates": [[-80.427, 22.14], [-80.421, 22.145]]}, "properties": {"v": 110000, "nm": "Cienfuegos 110 kV", "op": "UNE – SEN", "f": "60", "oid": 697042767}}, {"type": "Feature", "geometry": {"type": "LineString", "coordinates": [[-80.326, 22.143], [-80.327, 22.143]]}, "properties": {"v": 110000, "nm": "Cruces 110KV", "op": "UNE – SEN", "f": "60", "oid": 784031136}}, {"type": "Feature", "geometry": {"type": "LineString", "coordinates": [[-80.323, 22.146], [-80.326, 22.143]]}, "properties": {"v": 110000, "nm": "Cruces 110KV", "op": "UNE – SEN", "f": "60", "oid": 784031137}}, {"type": "Feature", "geometry": {"type": "LineString", "coordinates": [[-80.323, 22.146], [-80.326, 22.143]]}, "properties": {"v": 110000, "nm": "Cruces 110KV", "op": "UNE – SEN", "f": "60", "oid": 784031135}}, {"type": "Feature", "geometry": {"type": "LineString", "coordinates": [[-80.421, 22.145], [-80.421, 22.147]]}, "properties": {"v": 110000, "nm": "Cienfuegos 110 kV", "op": "UNE – SEN", "c": 2, "f": "60", "oid": 784031142}}, {"type": "Feature", "geometry": {"type": "LineString", "coordinates": [[-80.322, 22.148], [-80.323, 22.146]]}, "properties": {"v": 110000, "nm": "Cruces 110KV", "op": "UNE – SEN", "f": "60", "oid": 784031132}}, {"type": "Feature", "geometry": {"type": "LineString", "coordinates": [[-80.421, 22.147], [-80.42, 22.15]]}, "properties": {"v": 110000, "nm": "Cienfuegos 110 kV", "op": "UNE – SEN", "f": "60", "oid": 784031143}}, {"type": "Feature", "geometry": {"type": "LineString", "coordinates": [[-80.421, 22.147], [-80.42, 22.15]]}, "properties": {"v": 110000, "nm": "Cienfuegos 110 kV", "op": "UNE – SEN", "f": "60", "oid": 784031141}}, {"type": "Feature", "geometry": {"type": "LineString", "coordinates": [[-80.42, 22.15], [-80.418, 22.16]]}, "properties": {"v": 110000, "nm": "Cienfuegos 110 kV", "op": "UNE – SEN", "c": 2, "f": "60", "oid": 183881752}}, {"type": "Feature", "geometry": {"type": "LineString", "coordinates": [[-79.978, 22.416], [-80.021, 22.159]]}, "properties": {"v": 110000, "nm": "Subplanta 110 kV", "op": "UNE – SEN", "f": "60", "oid": 94530072}}, {"type": "Feature", "geometry": {"type": "LineString", "coordinates": [[-80.418, 22.16], [-80.42, 22.168]]}, "properties": {"v": 110000, "nm": "Cienfuegos 110 kV", "op": "UNE – SEN", "f": "60", "oid": 784031163}}, {"type": "Feature", "geometry": {"type": "LineString", "coordinates": [[-80.418, 22.16], [-80.42, 22.168]]}, "properties": {"v": 110000, "nm": "Cienfuegos 110 kV", "op": "UNE – SEN", "f": "60", "oid": 784031165}}, {"type": "Feature", "geometry": {"type": "LineString", "coordinates": [[-80.419, 22.173], [-80.421, 22.176]]}, "properties": {"v": 110000, "nm": "Cienfuegos 110 kV", "op": "UNE – SEN", "f": "60", "oid": 784031168}}, {"type": "Feature", "geometry": {"type": "LineString", "coordinates": [[-80.419, 22.173], [-80.421, 22.176]]}, "properties": {"v": 110000, "nm": "Cienfuegos 110 kV", "op": "UNE – SEN", "f": "60", "oid": 784031166}}, {"type": "Feature", "geometry": {"type": "LineString", "coordinates": [[-80.26, 22.295], [-80.437, 22.183]]}, "properties": {"v": 110000, "nm": "Cruces 110KV", "op": "UNE – SEN", "f": "60", "oid": 784031177}}, {"type": "Feature", "geometry": {"type": "LineString", "coordinates": [[-80.438, 22.183], [-80.441, 22.184]]}, "properties": {"v": 110000, "nm": "Cienfuegos 110 kV", "op": "UNE – SEN", "f": "60", "oid": 784031170}}, {"type": "Feature", "geometry": {"type": "LineString", "coordinates": [[-80.441, 22.19], [-80.441, 22.187]]}, "properties": {"v": 110000, "c": 2, "f": "60", "oid": 784031147}}, {"type": "Feature", "geometry": {"type": "LineString", "coordinates": [[-80.441, 22.193], [-80.018, 22.442]]}, "properties": {"v": 220000, "nm": "Cienfuegos - Santa Clara 220 kV", "op": "UNE – SEN", "c": 2, "f": "60", "oid": 198221649}}, {"type": "Feature", "geometry": {"type": "LineString", "coordinates": [[-80.272, 22.301], [-80.279, 22.331]]}, "properties": {"v": 110000, "nm": "Cruces 110KV", "op": "UNE – SEN", "c": 2, "f": "60", "oid": 783813119}}, {"type": "Feature", "geometry": {"type": "LineString", "coordinates": [[-80.28, 22.334], [-80.283, 22.339]]}, "properties": {"v": 110000, "nm": "Cruces 110KV", "op": "UNE – SEN", "c": 2, "f": "60", "oid": 783813113}}, {"type": "Feature", "geometry": {"type": "LineString", "coordinates": [[-80.283, 22.339], [-80.281, 22.343]]}, "properties": {"v": 110000, "nm": "Cruces 110KV", "op": "UNE – SEN", "f": "60", "oid": 783813116}}, {"type": "Feature", "geometry": {"type": "LineString", "coordinates": [[-80.283, 22.339], [-80.281, 22.343]]}, "properties": {"v": 110000, "nm": "Cruces 110KV", "op": "UNE – SEN", "f": "60", "oid": 783813115}}, {"type": "Feature", "geometry": {"type": "LineString", "coordinates": [[-79.987, 22.4], [-79.986, 22.4]]}, "properties": {"v": 110000, "f": "60", "oid": 783669164}}, {"type": "Feature", "geometry": {"type": "LineString", "coordinates": [[-79.987, 22.4], [-79.986, 22.4]]}, "properties": {"v": 110000, "f": "60", "oid": 783669163}}, {"type": "Feature", "geometry": {"type": "LineString", "coordinates": [[-80.026, 22.413], [-80.028, 22.411]]}, "properties": {"v": 110000, "nm": "Cruces 110KV", "op": "UNE – SEN", "f": "60", "oid": 783685877}}, {"type": "Feature", "geometry": {"type": "LineString", "coordinates": [[-79.978, 22.416], [-79.981, 22.42]]}, "properties": {"v": 110000, "nm": "Subplanta 110 kV", "op": "UNE – SEN", "f": "60", "oid": 783719403}}, {"type": "Feature", "geometry": {"type": "LineString", "coordinates": [[-79.978, 22.416], [-79.981, 22.42]]}, "properties": {"v": 110000, "nm": "Subplanta 110 kV", "op": "UNE – SEN", "f": "60", "oid": 783719404}}, {"type": "Feature", "geometry": {"type": "LineString", "coordinates": [[-79.978, 22.416], [-79.99, 22.427]]}, "properties": {"v": 110000, "nm": "Subplanta 110 kV", "op": "UNE – SEN", "f": "60", "oid": 783719402}}, {"type": "Feature", "geometry": {"type": "LineString", "coordinates": [[-79.981, 22.42], [-79.997, 22.433]]}, "properties": {"v": 110000, "nm": "Subplanta 110 kV", "op": "UNE – SEN", "c": 2, "f": "60", "oid": 94527982}}, {"type": "Feature", "geometry": {"type": "LineString", "coordinates": [[-79.996, 22.422], [-80.012, 22.433]]}, "properties": {"v": 110000, "f": "60", "oid": 314174168}}, {"type": "Feature", "geometry": {"type": "LineString", "coordinates": [[-80.007, 22.427], [-80.011, 22.424]]}, "properties": {"v": 110000, "f": "60", "oid": 338172830}}, {"type": "Feature", "geometry": {"type": "LineString", "coordinates": [[-80.011, 22.424], [-80.007, 22.427]]}, "properties": {"v": 110000, "f": "60", "oid": 338172828}}, {"type": "Feature", "geometry": {"type": "LineString", "coordinates": [[-80.011, 22.424], [-80.014, 22.429]]}, "properties": {"v": 110000, "f": "60", "oid": 783719414}}, {"type": "Feature", "geometry": {"type": "LineString", "coordinates": [[-80.014, 22.429], [-80.011, 22.424]]}, "properties": {"v": 110000, "f": "60", "oid": 783719416}}, {"type": "Feature", "geometry": {"type": "LineString", "coordinates": [[-80.018, 22.424], [-80.017, 22.426]]}, "properties": {"v": 110000, "nm": "Cruces 110KV", "op": "UNE – SEN", "f": "60", "oid": 503873897}}, {"type": "Feature", "geometry": {"type": "LineString", "coordinates": [[-80.017, 22.426], [-80.018, 22.424]]}, "properties": {"v": 110000, "nm": "Cruces 110KV", "op": "UNE – SEN", "f": "60", "oid": 783691518}}, {"type": "Feature", "geometry": {"type": "LineString", "coordinates": [[-79.997, 22.433], [-80.001, 22.434]]}, "properties": {"v": 110000, "nm": "Subplanta 110 kV", "op": "UNE – SEN", "f": "60", "oid": 783719406}}, {"type": "Feature", "geometry": {"type": "LineString", "coordinates": [[-79.997, 22.433], [-80.001, 22.434]]}, "properties": {"v": 110000, "nm": "Subplanta 110 kV", "op": "UNE – SEN", "f": "60", "oid": 783719407}}, {"type": "Feature", "geometry": {"type": "LineString", "coordinates": [[-80.017, 22.439], [-80.022, 22.436]]}, "properties": {"v": 110000, "nm": "Cruces 110KV", "op": "UNE – SEN", "f": "60", "oid": 338172832}}, {"type": "Feature", "geometry": {"type": "LineString", "coordinates": [[-80.022, 22.436], [-80.017, 22.439]]}, "properties": {"v": 110000, "nm": "Cruces 110KV", "op": "UNE – SEN", "f": "60", "oid": 338172811}}, {"type": "Feature", "geometry": {"type": "LineString", "coordinates": [[-80.018, 22.442], [-80.018, 22.441]]}, "properties": {"v": 220000, "nm": "Cienfuegos - Santa Clara 220 kV", "op": "UNE – SEN", "c": 1, "f": "60", "oid": 350195932}}, {"type": "Feature", "geometry": {"type": "LineString", "coordinates": [[-80.018, 22.442], [-80.018, 22.441]]}, "properties": {"v": 220000, "nm": "Cienfuegos - Santa Clara 220 kV", "op": "UNE – SEN", "c": 1, "f": "60", "oid": 350195931}}, {"type": "Feature", "geometry": {"type": "LineString", "coordinates": [[-80.017, 22.441], [-80.017, 22.442]]}, "properties": {"v": 220000, "nm": "Santa Clara - Sancti Spíritus 220 kV", "op": "UNE – SEN", "c": 2, "f": "60", "oid": 784303798}}, {"type": "Feature", "geometry": {"type": "LineString", "coordinates": [[-80.01, 22.44], [-80.008, 22.444]]}, "properties": {"v": 110000, "nm": "Placetas 110 KV", "op": "UNE – SEN", "f": "60", "oid": 338172831}}, {"type": "Feature", "geometry": {"type": "LineString", "coordinates": [[-80.011, 22.441], [-80.009, 22.443]]}, "properties": {"v": 110000, "nm": "Remedios 110 kV", "op": "UNE – SEN", "f": "60", "oid": 783567224}}, {"type": "Feature", "geometry": {"type": "LineString", "coordinates": [[-80.026, 22.413], [-80.028, 22.411]]}, "properties": {"v": 110000, "nm": "Cruces 110KV", "op": "UNE – SEN", "f": "60", "oid": 503873899}}, {"type": "Feature", "geometry": {"type": "LineString", "coordinates": [[-80.027, 22.411], [-79.987, 22.4]]}, "properties": {"v": 110000, "f": "60", "oid": 783669162}}, {"type": "Feature", "geometry": {"type": "LineString", "coordinates": [[-80.028, 22.411], [-80.26, 22.295]]}, "properties": {"v": 110000, "nm": "Cruces 110KV", "op": "UNE – SEN", "c": 2, "f": "60", "oid": 783685876}}, {"type": "Feature", "geometry": {"type": "LineString", "coordinates": [[-80.455, 22.188], [-80.472, 22.188]]}, "properties": {"v": 110000, "nm": "Refinería 110 kV", "op": "UNE – SEN", "f": "60", "oid": 784266921}}, {"type": "Feature", "geometry": {"type": "LineString", "coordinates": [[-80.455, 22.188], [-80.472, 22.188]]}, "properties": {"v": 110000, "nm": "Refinería 110 kV", "op": "UNE – SEN", "f": "60", "oid": 784266920}}, {"type": "Feature", "geometry": {"type": "LineString", "coordinates": [[-80.467, 22.178], [-80.47, 22.179]]}, "properties": {"v": 110000, "nm": "TE Carlos Manuel de Céspedes 110 kV", "op": "UNE – SEN", "f": "60", "oid": 784266950}}, {"type": "Feature", "geometry": {"type": "LineString", "coordinates": [[-80.467, 22.178], [-80.47, 22.179]]}, "properties": {"v": 110000, "nm": "TE Carlos Manuel de Céspedes 110 kV", "op": "UNE – SEN", "f": "60", "oid": 784266951}}, {"type": "Feature", "geometry": {"type": "LineString", "coordinates": [[-80.466, 22.174], [-80.467, 22.178]]}, "properties": {"v": 110000, "nm": "TE Carlos Manuel de Céspedes 110 kV", "op": "UNE – SEN", "f": "60", "oid": 784266964}}, {"type": "Feature", "geometry": {"type": "LineString", "coordinates": [[-80.466, 22.174], [-80.466, 22.177]]}, "properties": {"v": 110000, "nm": "TE Carlos Manuel de Céspedes 110 kV", "op": "UNE – SEN", "f": "60", "oid": 784266965}}, {"type": "Feature", "geometry": {"type": "LineString", "coordinates": [[-80.466, 22.177], [-80.466, 22.174]]}, "properties": {"v": 110000, "nm": "TE Carlos Manuel de Céspedes 110 kV", "op": "UNE – SEN", "f": "60", "oid": 784266970}}, {"type": "Feature", "geometry": {"type": "LineString", "coordinates": [[-80.452, 22.185], [-80.465, 22.173]]}, "properties": {"v": 110000, "nm": "TE Carlos Manuel de Céspedes 110 kV", "op": "UNE – SEN", "f": "60", "oid": 183881748}}, {"type": "Feature", "geometry": {"type": "LineString", "coordinates": [[-80.442, 22.191], [-80.455, 22.164]]}, "properties": {"v": 220000, "nm": "TE Carlos Manuel de Céspedes 220 kV", "op": "UNE – SEN", "f": "60", "oid": 183881755}}, {"type": "Feature", "geometry": {"type": "LineString", "coordinates": [[-80.452, 22.186], [-80.455, 22.185]]}, "properties": {"v": 110000, "nm": "TE Carlos Manuel de Céspedes 110 kV", "op": "UNE – SEN", "f": "60", "oid": 784266958}}, {"type": "Feature", "geometry": {"type": "LineString", "coordinates": [[-80.444, 22.185], [-80.448, 22.186]]}, "properties": {"v": 110000, "nm": "Yaguaramas 110KV", "op": "UNE – SEN", "f": "60", "oid": 784266898}}, {"type": "Feature", "geometry": {"type": "LineString", "coordinates": [[-80.444, 22.185], [-80.448, 22.186]]}, "properties": {"v": 110000, "nm": "Refinería 110 kV", "op": "UNE – SEN", "f": "60", "oid": 784266915}}, {"type": "Feature", "geometry": {"type": "LineString", "coordinates": [[-80.444, 22.185], [-80.448, 22.185]]}, "properties": {"v": 110000, "nm": "Refinería 110 kV", "op": "UNE – SEN", "f": "60", "oid": 784266914}}, {"type": "Feature", "geometry": {"type": "LineString", "coordinates": [[-80.448, 22.186], [-80.455, 22.188]]}, "properties": {"v": 110000, "nm": "Yaguaramas 110KV", "op": "UNE – SEN", "f": "60", "oid": 784266896}}, {"type": "Feature", "geometry": {"type": "LineString", "coordinates": [[-80.448, 22.186], [-80.455, 22.188]]}, "properties": {"v": 110000, "nm": "Yaguaramas 110KV", "op": "UNE – SEN", "f": "60", "oid": 784266897}}, {"type": "Feature", "geometry": {"type": "LineString", "coordinates": [[-80.448, 22.186], [-80.455, 22.188]]}, "properties": {"v": 110000, "nm": "Refinería 110 kV", "op": "UNE – SEN", "f": "60", "oid": 784266916}}, {"type": "Feature", "geometry": {"type": "LineString", "coordinates": [[-80.448, 22.186], [-80.455, 22.188]]}, "properties": {"v": 110000, "nm": "Refinería 110 kV", "op": "UNE – SEN", "f": "60", "oid": 784266918}}, {"type": "Feature", "geometry": {"type": "LineString", "coordinates": [[-80.448, 22.185], [-80.455, 22.188]]}, "properties": {"v": 110000, "nm": "Refinería 110 kV", "op": "UNE – SEN", "f": "60", "oid": 784266919}}, {"type": "Feature", "geometry": {"type": "LineString", "coordinates": [[-80.448, 22.185], [-80.455, 22.188]]}, "properties": {"v": 110000, "nm": "Refinería 110 kV", "op": "UNE – SEN", "f": "60", "oid": 784266917}}, {"type": "Feature", "geometry": {"type": "LineString", "coordinates": [[-80.445, 22.185], [-80.452, 22.186]]}, "properties": {"v": 110000, "nm": "TE Carlos Manuel de Céspedes 110 kV", "op": "UNE – SEN", "f": "60", "oid": 183881751}}, {"type": "Feature", "geometry": {"type": "LineString", "coordinates": [[-80.452, 22.186], [-80.455, 22.185]]}, "properties": {"v": 110000, "nm": "TE Carlos Manuel de Céspedes 110 kV", "op": "UNE – SEN", "f": "60", "oid": 784266956}}, {"type": "Feature", "geometry": {"type": "LineString", "coordinates": [[-80.455, 22.185], [-80.452, 22.185]]}, "properties": {"v": 110000, "nm": "TE Carlos Manuel de Céspedes 110 kV", "op": "UNE – SEN", "f": "60", "oid": 784266955}}, {"type": "Feature", "geometry": {"type": "LineString", "coordinates": [[-80.455, 22.188], [-80.459, 22.188]]}, "properties": {"v": 110000, "nm": "Yaguaramas 110KV", "op": "UNE – SEN", "f": "60", "oid": 784266894}}, {"type": "Feature", "geometry": {"type": "LineString", "coordinates": [[-80.455, 22.185], [-80.464, 22.18]]}, "properties": {"v": 110000, "nm": "TE Carlos Manuel de Céspedes 110 kV", "op": "UNE – SEN", "f": "60", "oid": 784266957}}, {"type": "Feature", "geometry": {"type": "LineString", "coordinates": [[-80.464, 22.179], [-80.455, 22.185]]}, "properties": {"v": 110000, "nm": "TE Carlos Manuel de Céspedes 110 kV", "op": "UNE – SEN", "f": "60", "oid": 183881764}}, {"type": "Feature", "geometry": {"type": "LineString", "coordinates": [[-80.459, 22.188], [-80.461, 22.188]]}, "properties": {"v": 110000, "f": "60", "oid": 784266895}}, {"type": "Feature", "geometry": {"type": "LineString", "coordinates": [[-80.443, 22.184], [-80.445, 22.185]]}, "properties": {"v": 110000, "nm": "TE Carlos Manuel de Céspedes 110 kV", "op": "UNE – SEN", "f": "60", "oid": 784266953}}, {"type": "Feature", "geometry": {"type": "LineString", "coordinates": [[-80.442, 22.187], [-80.444, 22.185]]}, "properties": {"v": 110000, "nm": "Yaguaramas 110KV", "op": "UNE – SEN", "f": "60", "oid": 784266900}}, {"type": "Feature", "geometry": {"type": "LineString", "coordinates": [[-80.442, 22.187], [-80.444, 22.185]]}, "properties": {"v": 110000, "nm": "Yaguaramas 110KV", "op": "UNE – SEN", "f": "60", "oid": 784266899}}, {"type": "Feature", "geometry": {"type": "LineString", "coordinates": [[-80.42, 22.168], [-80.419, 22.173]]}, "properties": {"v": 110000, "nm": "Cienfuegos 110 kV", "op": "UNE – SEN", "c": 2, "f": "60", "oid": 784031164}}, {"type": "Feature", "geometry": {"type": "LineString", "coordinates": [[-80.465, 22.173], [-80.466, 22.175]]}, "properties": {"v": 110000, "nm": "TE Carlos Manuel de Céspedes 110 kV", "op": "UNE – SEN", "f": "60", "oid": 784266968}}, {"type": "Feature", "geometry": {"type": "LineString", "coordinates": [[-80.466, 22.174], [-80.465, 22.174]]}, "properties": {"v": 110000, "nm": "TE Carlos Manuel de Céspedes 110 kV", "op": "UNE – SEN", "f": "60", "oid": 784266969}}, {"type": "Feature", "geometry": {"type": "LineString", "coordinates": [[-80.405, 22.171], [-80.405, 22.169]]}, "properties": {"v": 110000, "nm": "Cruces 110KV", "op": "UNE – SEN", "c": 2, "f": "60", "oid": 784031158}}, {"type": "Feature", "geometry": {"type": "LineString", "coordinates": [[-80.41, 22.174], [-80.405, 22.171]]}, "properties": {"v": 110000, "nm": "Cruces 110KV", "op": "UNE – SEN", "f": "60", "oid": 784031159}}, {"type": "Feature", "geometry": {"type": "LineString", "coordinates": [[-80.41, 22.174], [-80.405, 22.171]]}, "properties": {"v": 110000, "nm": "Cruces 110KV", "op": "UNE – SEN", "f": "60", "oid": 784031161}}, {"type": "Feature", "geometry": {"type": "LineString", "coordinates": [[-80.412, 22.173], [-80.41, 22.174]]}, "properties": {"v": 110000, "nm": "Cruces 110KV", "op": "UNE – SEN", "c": 2, "f": "60", "oid": 784031160}}, {"type": "Feature", "geometry": {"type": "LineString", "coordinates": [[-80.466, 22.175], [-80.466, 22.176]]}, "properties": {"v": 110000, "nm": "TE Carlos Manuel de Céspedes 110 kV", "op": "UNE – SEN", "f": "60", "oid": 784266966}}, {"type": "Feature", "geometry": {"type": "LineString", "coordinates": [[-80.466, 22.175], [-80.466, 22.176]]}, "properties": {"v": 110000, "nm": "TE Carlos Manuel de Céspedes 110 kV", "op": "UNE – SEN", "f": "60", "oid": 784266967}}, {"type": "Feature", "geometry": {"type": "LineString", "coordinates": [[-80.466, 22.176], [-80.465, 22.178]]}, "properties": {"v": 110000, "nm": "TE Carlos Manuel de Céspedes 110 kV", "op": "UNE – SEN", "f": "60", "oid": 784266962}}, {"type": "Feature", "geometry": {"type": "LineString", "coordinates": [[-80.466, 22.177], [-80.464, 22.18]]}, "properties": {"v": 110000, "nm": "TE Carlos Manuel de Céspedes 110 kV", "op": "UNE – SEN", "f": "60", "oid": 784266959}}, {"type": "Feature", "geometry": {"type": "LineString", "coordinates": [[-80.464, 22.18], [-80.466, 22.177]]}, "properties": {"v": 110000, "nm": "TE Carlos Manuel de Céspedes 110 kV", "op": "UNE – SEN", "f": "60", "oid": 784266963}}, {"type": "Feature", "geometry": {"type": "LineString", "coordinates": [[-80.465, 22.178], [-80.464, 22.179]]}, "properties": {"v": 110000, "nm": "TE Carlos Manuel de Céspedes 110 kV", "op": "UNE – SEN", "f": "60", "oid": 784266961}}, {"type": "Feature", "geometry": {"type": "LineString", "coordinates": [[-80.465, 22.178], [-80.464, 22.179]]}, "properties": {"v": 110000, "nm": "TE Carlos Manuel de Céspedes 110 kV", "op": "UNE – SEN", "f": "60", "oid": 784266960}}, {"type": "Feature", "geometry": {"type": "LineString", "coordinates": [[-80.437, 22.183], [-80.44, 22.184]]}, "properties": {"v": 110000, "nm": "Cruces 110KV", "op": "UNE – SEN", "c": 2, "f": "60", "oid": 784031174}}, {"type": "Feature", "geometry": {"type": "LineString", "coordinates": [[-80.438, 22.183], [-80.441, 22.184]]}, "properties": {"v": 110000, "nm": "Cienfuegos 110 kV", "op": "UNE – SEN", "f": "60", "oid": 784031171}}, {"type": "Feature", "geometry": {"type": "LineString", "coordinates": [[-80.44, 22.184], [-80.442, 22.186]]}, "properties": {"v": 110000, "nm": "Cruces 110KV", "op": "UNE – SEN", "f": "60", "oid": 784031176}}, {"type": "Feature", "geometry": {"type": "LineString", "coordinates": [[-80.44, 22.184], [-80.442, 22.186]]}, "properties": {"v": 110000, "nm": "Cruces 110KV", "op": "UNE – SEN", "f": "60", "oid": 784031175}}, {"type": "Feature", "geometry": {"type": "LineString", "coordinates": [[-80.441, 22.187], [-80.441, 22.184]]}, "properties": {"v": 110000, "f": "60", "oid": 784031146}}, {"type": "Feature", "geometry": {"type": "LineString", "coordinates": [[-80.442, 22.187], [-80.444, 22.185]]}, "properties": {"v": 110000, "nm": "Refinería 110 kV", "op": "UNE – SEN", "f": "60", "oid": 784266913}}, {"type": "Feature", "geometry": {"type": "LineString", "coordinates": [[-80.421, 22.176], [-80.425, 22.179]]}, "properties": {"v": 110000, "nm": "Cienfuegos 110 kV", "op": "UNE – SEN", "c": 2, "f": "60", "oid": 784031167}}, {"type": "Feature", "geometry": {"type": "LineString", "coordinates": [[-80.425, 22.179], [-80.431, 22.182]]}, "properties": {"v": 110000, "nm": "Cienfuegos 110 kV", "op": "UNE – SEN", "f": "60", "oid": 784031145}}, {"type": "Feature", "geometry": {"type": "LineString", "coordinates": [[-80.425, 22.179], [-80.431, 22.182]]}, "properties": {"v": 110000, "nm": "Cienfuegos 110 kV", "op": "UNE – SEN", "f": "60", "oid": 784031144}}, {"type": "Feature", "geometry": {"type": "LineString", "coordinates": [[-80.431, 22.182], [-80.438, 22.183]]}, "properties": {"v": 110000, "nm": "Cienfuegos 110 kV", "op": "UNE – SEN", "c": 2, "f": "60", "oid": 784031169}}, {"type": "Feature", "geometry": {"type": "LineString", "coordinates": [[-80.412, 22.173], [-80.437, 22.183]]}, "properties": {"v": 110000, "nm": "Cruces 110KV", "op": "UNE – SEN", "f": "60", "oid": 183881763}}, {"type": "Feature", "geometry": {"type": "LineString", "coordinates": [[-80.44, 22.184], [-80.412, 22.173]]}, "properties": {"v": 110000, "f": "60", "oid": 183881747}}, {"type": "Feature", "geometry": {"type": "LineString", "coordinates": [[-80.442, 22.187], [-80.444, 22.185]]}, "properties": {"v": 110000, "nm": "Refinería 110 kV", "op": "UNE – SEN", "f": "60", "oid": 784266910}}, {"type": "Feature", "geometry": {"type": "LineString", "coordinates": [[-80.442, 22.187], [-80.444, 22.185]]}, "properties": {"v": 110000, "nm": "Refinería 110 kV", "op": "UNE – SEN", "f": "60", "oid": 784266912}}, {"type": "Feature", "geometry": {"type": "LineString", "coordinates": [[-80.442, 22.187], [-80.444, 22.185]]}, "properties": {"v": 110000, "nm": "Refinería 110 kV", "op": "UNE – SEN", "f": "60", "oid": 784266911}}, {"type": "Feature", "geometry": {"type": "LineString", "coordinates": [[-80.441, 22.19], [-80.442, 22.186]]}, "properties": {"v": 110000, "nm": "Cruces 110KV", "op": "UNE – SEN", "c": 2, "f": "60", "oid": 183881759}}, {"type": "Feature", "geometry": {"type": "LineString", "coordinates": [[-80.442, 22.186], [-80.442, 22.19]]}, "properties": {"v": 110000, "c": 2, "f": "60", "oid": 183881765}}, {"type": "Feature", "geometry": {"type": "LineString", "coordinates": [[-80.442, 22.19], [-80.442, 22.187]]}, "properties": {"v": 110000, "nm": "Refinería 110 kV", "op": "UNE – SEN", "f": "60", "oid": 183881750}}, {"type": "Feature", "geometry": {"type": "LineString", "coordinates": [[-80.442, 22.19], [-80.442, 22.187]]}, "properties": {"v": 110000, "nm": "Yaguaramas 110KV", "op": "UNE – SEN", "f": "60", "oid": 784266901}}, {"type": "Feature", "geometry": {"type": "LineString", "coordinates": [[-80.442, 22.19], [-80.442, 22.187]]}, "properties": {"v": 110000, "nm": "Refinería 110 kV", "op": "UNE – SEN", "f": "60", "oid": 183881766}}, {"type": "Feature", "geometry": {"type": "LineString", "coordinates": [[-80.443, 22.191], [-80.443, 22.188]]}, "properties": {"v": 115000, "oid": 183881754}}, {"type": "Feature", "geometry": {"type": "LineString", "coordinates": [[-79.935, 22.408], [-79.935, 22.41]]}, "properties": {"v": 110000, "nm": "Santa Clara Industrial 110 kV", "op": "UNE – SEN", "c": 2, "f": "60", "oid": 783719376}}, {"type": "Feature", "geometry": {"type": "LineString", "coordinates": [[-80.441, 22.184], [-80.441, 22.187]]}, "properties": {"v": 110000, "f": "60", "oid": 784031148}}, {"type": "Feature", "geometry": {"type": "LineString", "coordinates": [[-80.442, 22.185], [-80.442, 22.186]]}, "properties": {"v": 110000, "f": "60", "oid": 784031154}}, {"type": "Feature", "geometry": {"type": "LineString", "coordinates": [[-79.934, 22.405], [-79.935, 22.408]]}, "properties": {"v": 110000, "nm": "Santa Clara Industrial 110 kV", "op": "UNE – SEN", "f": "60", "oid": 783719374}}, {"type": "Feature", "geometry": {"type": "LineString", "coordinates": [[-80.442, 22.185], [-80.442, 22.186]]}, "properties": {"v": 110000, "f": "60", "oid": 784031153}}, {"type": "Feature", "geometry": {"type": "LineString", "coordinates": [[-79.934, 22.405], [-79.935, 22.408]]}, "properties": {"v": 110000, "nm": "Santa Clara Industrial 110 kV", "op": "UNE – SEN", "f": "60", "oid": 783719375}}, {"type": "Feature", "geometry": {"type": "LineString", "coordinates": [[-80.442, 22.19], [-80.442, 22.191]]}, "properties": {"v": 110000, "nm": "Refinería 110 kV", "op": "UNE – SEN", "f": "60", "oid": 784266906}}, {"type": "Feature", "geometry": {"type": "LineString", "coordinates": [[-80.442, 22.19], [-80.442, 22.191]]}, "properties": {"v": 110000, "f": "60", "oid": 784031151}}, {"type": "Feature", "geometry": {"type": "LineString", "coordinates": [[-80.441, 22.191], [-80.441, 22.19]]}, "properties": {"v": 110000, "nm": "Cruces 110KV", "op": "UNE – SEN", "f": "60", "oid": 784031173}}, {"type": "Feature", "geometry": {"type": "LineString", "coordinates": [[-79.934, 22.401], [-79.934, 22.403]]}, "properties": {"v": 110000, "nm": "Santa Clara Industrial 110 kV", "op": "UNE – SEN", "f": "60", "oid": 783719373}}, {"type": "Feature", "geometry": {"type": "LineString", "coordinates": [[-80.441, 22.191], [-80.441, 22.19]]}, "properties": {"v": 110000, "f": "60", "oid": 784031149}}, {"type": "Feature", "geometry": {"type": "LineString", "coordinates": [[-80.442, 22.191], [-80.442, 22.19]]}, "properties": {"v": 110000, "nm": "Yaguaramas 110KV", "op": "UNE – SEN", "f": "60", "oid": 784266903}}, {"type": "Feature", "geometry": {"type": "LineString", "coordinates": [[-80.442, 22.19], [-80.442, 22.191]]}, "properties": {"v": 110000, "nm": "Refinería 110 kV", "op": "UNE – SEN", "f": "60", "oid": 784266907}}, {"type": "Feature", "geometry": {"type": "LineString", "coordinates": [[-80.442, 22.191], [-80.442, 22.19]]}, "properties": {"v": 110000, "nm": "Refinería 110 kV", "op": "UNE – SEN", "f": "60", "oid": 784266908}}, {"type": "Feature", "geometry": {"type": "LineString", "coordinates": [[-80.442, 22.191], [-80.442, 22.19]]}, "properties": {"v": 110000, "nm": "Yaguaramas 110KV", "op": "UNE – SEN", "f": "60", "oid": 784266902}}, {"type": "Feature", "geometry": {"type": "LineString", "coordinates": [[-80.442, 22.191], [-80.442, 22.19]]}, "properties": {"v": 110000, "nm": "Refinería 110 kV", "op": "UNE – SEN", "f": "60", "oid": 784266909}}, {"type": "Feature", "geometry": {"type": "LineString", "coordinates": [[-80.441, 22.191], [-80.441, 22.19]]}, "properties": {"v": 110000, "nm": "Cruces 110KV", "op": "UNE – SEN", "f": "60", "oid": 784031172}}, {"type": "Feature", "geometry": {"type": "LineString", "coordinates": [[-80.442, 22.19], [-80.442, 22.191]]}, "properties": {"v": 110000, "f": "60", "oid": 784031152}}, {"type": "Feature", "geometry": {"type": "LineString", "coordinates": [[-80.441, 22.191], [-80.441, 22.19]]}, "properties": {"v": 110000, "f": "60", "oid": 784031150}}, {"type": "Feature", "geometry": {"type": "LineString", "coordinates": [[-79.934, 22.401], [-79.934, 22.403]]}, "properties": {"v": 110000, "nm": "Santa Clara Industrial 110 kV", "op": "UNE – SEN", "f": "60", "oid": 783719372}}, {"type": "Feature", "geometry": {"type": "LineString", "coordinates": [[-79.934, 22.403], [-79.934, 22.405]]}, "properties": {"v": 110000, "nm": "Santa Clara Industrial 110 kV", "op": "UNE – SEN", "c": 2, "f": "60", "oid": 783719371}}, {"type": "Feature", "geometry": {"type": "LineString", "coordinates": [[-80.279, 22.331], [-80.28, 22.334]]}, "properties": {"v": 110000, "nm": "Cruces 110KV", "op": "UNE – SEN", "f": "60", "oid": 783813118}}, {"type": "Feature", "geometry": {"type": "LineString", "coordinates": [[-80.279, 22.331], [-80.28, 22.334]]}, "properties": {"v": 110000, "nm": "Cruces 110KV", "op": "UNE – SEN", "f": "60", "oid": 783813117}}, {"type": "Feature", "geometry": {"type": "LineString", "coordinates": [[-80.44, 22.187], [-80.441, 22.191]]}, "properties": {"v": 110000, "f": "60", "oid": 183881760}}, {"type": "Feature", "geometry": {"type": "LineString", "coordinates": [[-79.934, 22.399], [-79.934, 22.401]]}, "properties": {"v": 110000, "nm": "Santa Clara Industrial 110 kV", "op": "UNE – SEN", "c": 2, "f": "60", "oid": 783719368}}, {"type": "Feature", "geometry": {"type": "LineString", "coordinates": [[-80.26, 22.295], [-80.261, 22.295]]}, "properties": {"v": 110000, "nm": "Cruces 110KV", "op": "UNE – SEN", "f": "60", "oid": 783813124}}, {"type": "Feature", "geometry": {"type": "LineString", "coordinates": [[-80.26, 22.295], [-80.261, 22.295]]}, "properties": {"v": 110000, "nm": "Cruces 110KV", "op": "UNE – SEN", "f": "60", "oid": 783813123}}, {"type": "Feature", "geometry": {"type": "LineString", "coordinates": [[-79.936, 22.398], [-79.934, 22.399]]}, "properties": {"v": 110000, "nm": "Santa Clara Industrial 110 kV", "op": "UNE – SEN", "f": "60", "oid": 783719370}}, {"type": "Feature", "geometry": {"type": "LineString", "coordinates": [[-79.936, 22.398], [-79.934, 22.399]]}, "properties": {"v": 110000, "nm": "Santa Clara Industrial 110 kV", "op": "UNE – SEN", "f": "60", "oid": 783719369}}, {"type": "Feature", "geometry": {"type": "LineString", "coordinates": [[-79.937, 22.398], [-79.936, 22.398]]}, "properties": {"v": 110000, "nm": "Santa Clara Industrial 110 kV", "op": "UNE – SEN", "c": 2, "f": "60", "oid": 783719367}}, {"type": "Feature", "geometry": {"type": "LineString", "coordinates": [[-80.27, 22.299], [-80.272, 22.301]]}, "properties": {"v": 110000, "nm": "Cruces 110KV", "op": "UNE – SEN", "f": "60", "oid": 783813121}}, {"type": "Feature", "geometry": {"type": "LineString", "coordinates": [[-80.27, 22.299], [-80.272, 22.301]]}, "properties": {"v": 110000, "nm": "Cruces 110KV", "op": "UNE – SEN", "f": "60", "oid": 783813120}}, {"type": "Feature", "geometry": {"type": "LineString", "coordinates": [[-79.944, 22.393], [-79.937, 22.398]]}, "properties": {"v": 110000, "nm": "Santa Clara Industrial 110 kV", "op": "UNE – SEN", "f": "60", "oid": 94527976}}, {"type": "Feature", "geometry": {"type": "LineString", "coordinates": [[-79.944, 22.393], [-79.937, 22.398]]}, "properties": {"v": 110000, "nm": "Santa Clara Industrial 110 kV", "op": "UNE – SEN", "f": "60", "oid": 783719366}}, {"type": "Feature", "geometry": {"type": "LineString", "coordinates": [[-80.261, 22.295], [-80.27, 22.299]]}, "properties": {"v": 110000, "nm": "Cruces 110KV", "op": "UNE – SEN", "c": 2, "f": "60", "oid": 783813122}}, {"type": "Feature", "geometry": {"type": "LineString", "coordinates": [[-80.475, 22.19], [-80.477, 22.193]]}, "properties": {"v": 110000, "nm": "Refinería 110 kV", "op": "UNE – SEN", "f": "60", "oid": 784266926}}, {"type": "Feature", "geometry": {"type": "LineString", "coordinates": [[-80.441, 22.192], [-80.441, 22.193]]}, "properties": {"v": 220000, "nm": "Cienfuegos - Santa Clara 220 kV", "op": "UNE – SEN", "f": "60", "oid": 784303971}}, {"type": "Feature", "geometry": {"type": "LineString", "coordinates": [[-80.442, 22.192], [-80.441, 22.193]]}, "properties": {"v": 220000, "nm": "Cienfuegos - Santa Clara 220 kV", "op": "UNE – SEN", "f": "60", "oid": 784303972}}, {"type": "Feature", "geometry": {"type": "LineString", "coordinates": [[-80.017, 22.43], [-80.017, 22.426]]}, "properties": {"v": 110000, "nm": "Cruces 110KV", "op": "UNE – SEN", "c": 2, "f": "60", "oid": 783691519}}, {"type": "Feature", "geometry": {"type": "LineString", "coordinates": [[-80.014, 22.429], [-80.012, 22.433]]}, "properties": {"v": 110000, "c": 2, "f": "60", "oid": 503873902}}, {"type": "Feature", "geometry": {"type": "LineString", "coordinates": [[-80.019, 22.432], [-80.022, 22.436]]}, "properties": {"v": 110000, "nm": "Cruces 110KV", "op": "UNE – SEN", "c": 2, "f": "60", "oid": 783685874}}, {"type": "Feature", "geometry": {"type": "LineString", "coordinates": [[-80.012, 22.433], [-80.01, 22.436]]}, "properties": {"v": 110000, "f": "60", "oid": 503873896}}, {"type": "Feature", "geometry": {"type": "LineString", "coordinates": [[-80.007, 22.434], [-80.01, 22.436]]}, "properties": {"v": 110000, "nm": "Subplanta 110 kV", "op": "UNE – SEN", "f": "60", "oid": 314174167}}, {"type": "Feature", "geometry": {"type": "LineString", "coordinates": [[-80.001, 22.434], [-80.007, 22.434]]}, "properties": {"v": 110000, "nm": "Subplanta 110 kV", "op": "UNE – SEN", "f": "60", "oid": 783719409}}, {"type": "Feature", "geometry": {"type": "LineString", "coordinates": [[-80.007, 22.434], [-80.01, 22.436]]}, "properties": {"v": 110000, "nm": "Subplanta 110 kV", "op": "UNE – SEN", "f": "60", "oid": 94528000}}, {"type": "Feature", "geometry": {"type": "LineString", "coordinates": [[-80.017, 22.439], [-80.012, 22.437]]}, "properties": {"v": 110000, "nm": "Subplanta 110 kV", "op": "UNE – SEN", "f": "60", "oid": 338172814}}, {"type": "Feature", "geometry": {"type": "LineString", "coordinates": [[-80.017, 22.439], [-80.012, 22.437]]}, "properties": {"v": 110000, "nm": "Subplanta 110 kV", "op": "UNE – SEN", "f": "60", "oid": 338172812}}, {"type": "Feature", "geometry": {"type": "LineString", "coordinates": [[-80.012, 22.439], [-80.015, 22.439]]}, "properties": {"v": 110000, "nm": "Placetas 110 KV", "op": "UNE – SEN", "c": 2, "f": "60", "oid": 314174166}}, {"type": "Feature", "geometry": {"type": "LineString", "coordinates": [[-80.014, 22.439], [-80.012, 22.439]]}, "properties": {"v": 110000, "nm": "Subplanta 110 kV", "op": "UNE – SEN", "f": "60", "oid": 783719412}}, {"type": "Feature", "geometry": {"type": "LineString", "coordinates": [[-80.014, 22.439], [-80.012, 22.439]]}, "properties": {"v": 110000, "nm": "Subplanta 110 kV", "op": "UNE – SEN", "f": "60", "oid": 783719413}}, {"type": "Feature", "geometry": {"type": "LineString", "coordinates": [[-80.012, 22.439], [-80.01, 22.44]]}, "properties": {"v": 110000, "nm": "Placetas 110 KV", "op": "UNE – SEN", "f": "60", "oid": 338172829}}, {"type": "Feature", "geometry": {"type": "LineString", "coordinates": [[-80.012, 22.439], [-80.01, 22.44]]}, "properties": {"v": 110000, "nm": "Placetas 110 KV", "op": "UNE – SEN", "f": "60", "oid": 338172827}}, {"type": "Feature", "geometry": {"type": "LineString", "coordinates": [[-80.015, 22.439], [-80.013, 22.439]]}, "properties": {"v": 110000, "nm": "Remedios 110 kV", "op": "UNE – SEN", "f": "60", "oid": 783567225}}, {"type": "Feature", "geometry": {"type": "LineString", "coordinates": [[-80.013, 22.439], [-80.011, 22.441]]}, "properties": {"v": 110000, "nm": "Remedios 110 kV", "op": "UNE – SEN", "f": "60", "oid": 338172833}}, {"type": "Feature", "geometry": {"type": "LineString", "coordinates": [[-80.013, 22.439], [-80.011, 22.441]]}, "properties": {"v": 110000, "nm": "Remedios 110 kV", "op": "UNE – SEN", "f": "60", "oid": 783567223}}, {"type": "Feature", "geometry": {"type": "LineString", "coordinates": [[-80.019, 22.432], [-80.017, 22.43]]}, "properties": {"v": 110000, "nm": "Cruces 110KV", "op": "UNE – SEN", "f": "60", "oid": 338172820}}, {"type": "Feature", "geometry": {"type": "LineString", "coordinates": [[-80.017, 22.43], [-80.019, 22.432]]}, "properties": {"v": 110000, "nm": "Cruces 110KV", "op": "UNE – SEN", "f": "60", "oid": 783685875}}, {"type": "Feature", "geometry": {"type": "LineString", "coordinates": [[-80.014, 22.439], [-80.015, 22.439]]}, "properties": {"v": 110000, "nm": "Subplanta 110 kV", "op": "UNE – SEN", "f": "60", "oid": 338172815}}, {"type": "Feature", "geometry": {"type": "LineString", "coordinates": [[-80.017, 22.439], [-80.015, 22.439]]}, "properties": {"v": 110000, "nm": "Subplanta 110 kV", "op": "UNE – SEN", "f": "60", "oid": 338172816}}, {"type": "Feature", "geometry": {"type": "LineString", "coordinates": [[-80.017, 22.439], [-80.015, 22.439]]}, "properties": {"v": 110000, "nm": "Placetas 110 KV", "op": "UNE – SEN", "f": "60", "oid": 338172817}}, {"type": "Feature", "geometry": {"type": "LineString", "coordinates": [[-80.017, 22.439], [-80.015, 22.439]]}, "properties": {"v": 110000, "nm": "Remedios 110 kV", "op": "UNE – SEN", "f": "60", "oid": 338172818}}, {"type": "Feature", "geometry": {"type": "LineString", "coordinates": [[-80.015, 22.439], [-80.017, 22.439]]}, "properties": {"v": 110000, "nm": "Subplanta 110 kV", "op": "UNE – SEN", "f": "60", "oid": 338172819}}, {"type": "Feature", "geometry": {"type": "LineString", "coordinates": [[-80.017, 22.439], [-80.015, 22.439]]}, "properties": {"v": 110000, "nm": "Remedios 110 kV", "op": "UNE – SEN", "f": "60", "oid": 338172813}}, {"type": "Feature", "geometry": {"type": "LineString", "coordinates": [[-80.015, 22.439], [-80.017, 22.439]]}, "properties": {"v": 110000, "nm": "Placetas 110 KV", "op": "UNE – SEN", "f": "60", "oid": 783719410}}, {"type": "Feature", "geometry": {"type": "LineString", "coordinates": [[-80.01, 22.436], [-80.012, 22.439]]}, "properties": {"v": 110000, "nm": "Subplanta 110 kV", "op": "UNE – SEN", "c": 2, "f": "60", "oid": 783719408}}, {"type": "Feature", "geometry": {"type": "LineString", "coordinates": [[-80.01, 22.436], [-80.012, 22.437]]}, "properties": {"v": 110000, "nm": "Subplanta 110 kV", "op": "UNE – SEN", "f": "60", "oid": 783719411}}, {"type": "Feature", "geometry": {"type": "LineString", "coordinates": [[-79.706, 22.455], [-79.526, 22.498]]}, "properties": {"v": 110000, "nm": "Remedios 110 kV", "op": "UNE – SEN", "f": "60", "oid": 783612855}}, {"type": "Feature", "geometry": {"type": "LineString", "coordinates": [[-79.972, 22.448], [-79.706, 22.455]]}, "properties": {"v": 110000, "nm": "Remedios 110 kV", "op": "UNE – SEN", "f": "60", "oid": 94527959}}, {"type": "Feature", "geometry": {"type": "LineString", "coordinates": [[-80.008, 22.444], [-80.001, 22.445]]}, "properties": {"v": 110000, "nm": "Remedios 110 kV", "op": "UNE – SEN", "f": "60", "oid": 94527994}}, {"type": "Feature", "geometry": {"type": "LineString", "coordinates": [[-79.953, 22.434], [-79.962, 22.437]]}, "properties": {"v": 110000, "nm": "Remedios 110 kV", "op": "UNE – SEN", "c": 2, "f": "60", "oid": 783719388}}, {"type": "Feature", "geometry": {"type": "LineString", "coordinates": [[-80.007, 22.444], [-79.981, 22.446]]}, "properties": {"v": 110000, "nm": "Placetas 110 KV", "op": "UNE – SEN", "f": "60", "oid": 94527961}}, {"type": "Feature", "geometry": {"type": "LineString", "coordinates": [[-79.972, 22.448], [-79.999, 22.443]]}, "properties": {"v": 110000, "nm": "Remedios 110 kV", "op": "UNE – SEN", "f": "60", "oid": 94528001}}, {"type": "Feature", "geometry": {"type": "LineString", "coordinates": [[-80.001, 22.445], [-79.972, 22.448]]}, "properties": {"v": 110000, "nm": "Remedios 110 kV", "op": "UNE – SEN", "f": "60", "oid": 783719380}}, {"type": "Feature", "geometry": {"type": "LineString", "coordinates": [[-80.017, 22.442], [-79.933, 22.452]]}, "properties": {"v": 220000, "nm": "Santa Clara - Sancti Spíritus 220 kV", "op": "UNE – SEN", "c": 2, "f": "60", "oid": 772213297}}, {"type": "Feature", "geometry": {"type": "LineString", "coordinates": [[-79.99, 22.427], [-80.032, 22.648]]}, "properties": {"v": 110000, "nm": "Subplanta 110 kV", "op": "UNE – SEN", "f": "60", "oid": 94527991}}, {"type": "Feature", "geometry": {"type": "LineString", "coordinates": [[-80.05, 22.651], [-80.037, 22.457]]}, "properties": {"v": 110000, "nm": "Sagua La Grande 110 kV", "op": "UNE – SEN", "f": "60", "oid": 198221652}}, {"type": "Feature", "geometry": {"type": "LineString", "coordinates": [[-79.939, 22.62], [-79.933, 22.62]]}, "properties": {"v": 110000, "nm": "Calabazar de Sagua 110 kV", "op": "UNE – SEN", "f": "60", "oid": 783719356}}, {"type": "Feature", "geometry": {"type": "LineString", "coordinates": [[-79.939, 22.62], [-79.933, 22.62]]}, "properties": {"v": 110000, "nm": "Calabazar de Sagua 110 kV", "op": "UNE – SEN", "f": "60", "oid": 783719357}}, {"type": "Feature", "geometry": {"type": "LineString", "coordinates": [[-79.971, 22.635], [-79.939, 22.62]]}, "properties": {"v": 110000, "nm": "Calabazar de Sagua 110 kV", "op": "UNE – SEN", "c": 2, "f": "60", "oid": 783719358}}, {"type": "Feature", "geometry": {"type": "LineString", "coordinates": [[-79.933, 22.62], [-79.9, 22.635]]}, "properties": {"v": 110000, "nm": "Calabazar de Sagua 110 kV", "op": "UNE – SEN", "c": 2, "f": "60", "oid": 783719355}}, {"type": "Feature", "geometry": {"type": "LineString", "coordinates": [[-79.976, 22.636], [-79.971, 22.635]]}, "properties": {"v": 110000, "nm": "Calabazar de Sagua 110 kV", "op": "UNE – SEN", "f": "60", "oid": 783719360}}, {"type": "Feature", "geometry": {"type": "LineString", "coordinates": [[-79.976, 22.636], [-79.971, 22.635]]}, "properties": {"v": 110000, "nm": "Calabazar de Sagua 110 kV", "op": "UNE – SEN", "f": "60", "oid": 783719359}}, {"type": "Feature", "geometry": {"type": "LineString", "coordinates": [[-79.9, 22.635], [-79.897, 22.636]]}, "properties": {"v": 110000, "nm": "Calabazar de Sagua 110 kV", "op": "UNE – SEN", "f": "60", "oid": 783719353}}, {"type": "Feature", "geometry": {"type": "LineString", "coordinates": [[-79.9, 22.635], [-79.897, 22.636]]}, "properties": {"v": 110000, "nm": "Calabazar de Sagua 110 kV", "op": "UNE – SEN", "f": "60", "oid": 783719354}}, {"type": "Feature", "geometry": {"type": "LineString", "coordinates": [[-80.027, 22.646], [-79.976, 22.636]]}, "properties": {"v": 110000, "nm": "Calabazar de Sagua 110 kV", "op": "UNE – SEN", "c": 2, "f": "60", "oid": 783719361}}, {"type": "Feature", "geometry": {"type": "LineString", "coordinates": [[-76.944, 21.022], [-76.746, 20.88], [-76.276, 20.843]]}, "properties": {"v": 220000, "nm": "Nuevitas 220 kV", "op": "UNE – SEN", "c": 1, "f": "60", "oid": 1256802234}}, {"type": "Feature", "geometry": {"type": "LineString", "coordinates": [[-76.943, 21.014], [-76.942, 21.013]]}, "properties": {"v": 220000, "c": 2, "f": "60", "oid": 1256802239}}, {"type": "Feature", "geometry": {"type": "LineString", "coordinates": [[-76.942, 21.013], [-76.94, 21.012]]}, "properties": {"v": 220000, "c": 1, "f": "60", "oid": 1256802242}}, {"type": "Feature", "geometry": {"type": "LineString", "coordinates": [[-76.942, 21.013], [-76.94, 21.012]]}, "properties": {"v": 220000, "c": 1, "f": "60", "oid": 1256802243}}, {"type": "Feature", "geometry": {"type": "LineString", "coordinates": [[-76.933, 21.012], [-76.939, 21.012]]}, "properties": {"v": 110000, "f": "60", "oid": 1256802229}}, {"type": "Feature", "geometry": {"type": "LineString", "coordinates": [[-76.933, 21.014], [-76.939, 21.012]]}, "properties": {"v": 110000, "f": "60", "oid": 1256802230}}, {"type": "Feature", "geometry": {"type": "LineString", "coordinates": [[-76.933, 21.014], [-76.933, 21.012]]}, "properties": {"v": 110000, "f": "60", "oid": 1256802228}}, {"type": "Feature", "geometry": {"type": "LineString", "coordinates": [[-76.925, 20.977], [-76.933, 20.974]]}, "properties": {"v": 110000, "nm": "Guáimaro - Delicias - Las Tunas 110 kV", "op": "UNE – SEN", "c": 2, "f": "60", "oid": 783093121}}, {"type": "Feature", "geometry": {"type": "LineString", "coordinates": [[-76.572, 21.161], [-76.925, 20.977]]}, "properties": {"v": 110000, "nm": "Delicias 110 kV", "op": "UNE – SEN", "f": "60", "oid": 578197107}}, {"type": "Feature", "geometry": {"type": "LineString", "coordinates": [[-76.583, 20.387], [-76.742, 20.519], [-76.745, 20.588]]}, "properties": {"v": 110000, "nm": "La Trinidad - Cauto El Paso 110 kV", "op": "UNE – SEN", "f": "60", "oid": 565471285}}, {"type": "Feature", "geometry": {"type": "LineString", "coordinates": [[-76.615, 20.419], [-76.64, 20.401]]}, "properties": {"v": 110000, "nm": "Siboney 110 kV", "op": "UNE – SEN", "oid": 1002045240}}, {"type": "Feature", "geometry": {"type": "LineString", "coordinates": [[-76.583, 20.387], [-76.605, 20.352]]}, "properties": {"v": 110000, "nm": "La Trinidad - Bayamo 110 kV", "op": "UNE – SEN", "f": "60", "oid": 565471277}}, {"type": "Feature", "geometry": {"type": "LineString", "coordinates": [[-76.604, 20.353], [-76.583, 20.386]]}, "properties": {"v": 110000, "nm": "Bayamo 110 kV", "op": "UNE – SEN", "f": "60", "oid": 565471278}}, {"type": "Feature", "geometry": {"type": "LineString", "coordinates": [[-76.524, 20.336], [-76.603, 20.35]]}, "properties": {"v": 110000, "nm": "Bayamo - Cautillo 110 kV", "op": "UNE – SEN", "oid": 839781889}}, {"type": "Feature", "geometry": {"type": "LineString", "coordinates": [[-76.275, 20.844], [-76.356, 21.077], [-76.572, 21.161]]}, "properties": {"v": 110000, "nm": "Delicias - Holguín 110 kV", "op": "UNE – SEN", "oid": 845224886}}, {"type": "Feature", "geometry": {"type": "LineString", "coordinates": [[-75.948, 20.603], [-75.405, 20.677], [-75.238, 20.598], [-75.039, 20.643]]}, "properties": {"v": 220000, "nm": "LTE Cueto-Moa 220 kV D/C", "op": "UNE – SEN", "c": 2, "f": "60", "oid": 38819936}}, {"type": "Feature", "geometry": {"type": "LineString", "coordinates": [[-75.849, 20.176], [-75.239, 20.137]]}, "properties": {"v": 110000, "nm": "San Luis - Guantánamo 110 kV", "op": "UNE – SEN", "c": 2, "oid": 146914459}}, {"type": "Feature", "geometry": {"type": "LineString", "coordinates": [[-75.437, 20.133], [-75.242, 20.126]]}, "properties": {"v": 110000, "nm": "Guantánamo 110 kV", "op": "UNE – SEN", "oid": 146914456}}, {"type": "Feature", "geometry": {"type": "LineString", "coordinates": [[-75.039, 20.645], [-74.976, 20.68]]}, "properties": {"v": 220000, "nm": "LTE Moa 220 kV", "op": "UNE – SEN", "c": 2, "f": "60", "oid": 830597338}}, {"type": "Feature", "geometry": {"type": "LineString", "coordinates": [[-75.039, 20.645], [-75.039, 20.643]]}, "properties": {"v": 220000, "c": 1, "f": "60", "oid": 1256837518}}, {"type": "Feature", "geometry": {"type": "LineString", "coordinates": [[-75.039, 20.643], [-75.039, 20.645]]}, "properties": {"v": 220000, "c": 1, "f": "60", "oid": 1256837505}}, {"type": "Feature", "geometry": {"type": "LineString", "coordinates": [[-75.039, 20.643], [-74.978, 20.646]]}, "properties": {"v": 220000, "nm": "Moa 110 kV", "op": "UNE – SEN", "c": 2, "f": "60", "oid": 1223318250}}, {"type": "Feature", "geometry": {"type": "LineString", "coordinates": [[-74.978, 20.646], [-74.972, 20.68]]}, "properties": {"v": 220000, "nm": "Moa 110 kV", "op": "UNE – SEN", "c": 1, "f": "60", "oid": 733325752}}, {"type": "Feature", "geometry": {"type": "LineString", "coordinates": [[-74.975, 20.645], [-74.972, 20.68]]}, "properties": {"v": 220000, "nm": "Moa 110 kV", "op": "UNE – SEN", "c": 1, "f": "60", "oid": 733325753}}, {"type": "Feature", "geometry": {"type": "LineString", "coordinates": [[-74.969, 20.643], [-74.971, 20.68]]}, "properties": {"v": 110000, "nm": "Moa 110 kV", "op": "UNE – SEN", "oid": 336861376}}, {"type": "Feature", "geometry": {"type": "LineString", "coordinates": [[-74.978, 20.646], [-74.975, 20.645]]}, "properties": {"v": 220000, "nm": "Moa 110 kV", "op": "UNE – SEN", "c": 1, "f": "60", "oid": 772231802}}, {"type": "Feature", "geometry": {"type": "LineString", "coordinates": [[-74.976, 20.68], [-74.972, 20.68]]}, "properties": {"v": 220000, "c": 1, "f": "60", "oid": 1256837502}}, {"type": "Feature", "geometry": {"type": "LineString", "coordinates": [[-74.976, 20.68], [-74.972, 20.68]]}, "properties": {"v": 220000, "c": 1, "f": "60", "oid": 1256837510}}, {"type": "Feature", "geometry": {"type": "LineString", "coordinates": [[-74.975, 20.645], [-74.866, 20.61]]}, "properties": {"v": 220000, "op": "UNE – SEN", "c": 2, "f": "60", "oid": 772231801}}, {"type": "Feature", "geometry": {"type": "LineString", "coordinates": [[-74.972, 20.681], [-74.971, 20.68]]}, "properties": {"v": 220000, "c": 1, "f": "60", "oid": 1256837511}}, {"type": "Feature", "geometry": {"type": "LineString", "coordinates": [[-74.972, 20.681], [-74.971, 20.68]]}, "properties": {"v": 220000, "c": 1, "f": "60", "oid": 1256837515}}, {"type": "Feature", "geometry": {"type": "LineString", "coordinates": [[-74.972, 20.681], [-74.971, 20.68]]}, "properties": {"v": 220000, "c": 1, "f": "60", "oid": 1256837509}}, {"type": "Feature", "geometry": {"type": "LineString", "coordinates": [[-74.972, 20.681], [-74.971, 20.68]]}, "properties": {"v": 220000, "nm": "Moa 110 kV", "op": "UNE – SEN", "c": 1, "f": "60", "oid": 1256837500}}, {"type": "Feature", "geometry": {"type": "LineString", "coordinates": [[-74.969, 20.646], [-74.865, 20.61]]}, "properties": {"v": 110000, "nm": "Moa - Punta Gorda 110 kV", "op": "UNE – SEN", "oid": 38819913}}, {"type": "Feature", "geometry": {"type": "LineString", "coordinates": [[-74.549, 20.394], [-74.53, 20.363]]}, "properties": {"v": 110000, "nm": "Punta Gorda - Mabujabo 110 kV", "op": "UNE – SEN", "oid": 38820060}}, {"type": "Feature", "geometry": {"type": "LineString", "coordinates": [[-72.402, 18.522], [-72.344, 18.522]]}, "properties": {"v": 69000, "op": "EDH", "oid": 447979813}}, {"type": "Feature", "geometry": {"type": "LineString", "coordinates": [[-72.307, 18.521], [-72.344, 18.522]]}, "properties": {"v": 69000, "op": "EDH", "oid": 48686167}}, {"type": "Feature", "geometry": {"type": "LineString", "coordinates": [[-72.327, 18.569], [-72.326, 18.569]]}, "properties": {"v": 69000, "op": "EDH", "oid": 174180184}}, {"type": "Feature", "geometry": {"type": "LineString", "coordinates": [[-72.326, 18.569], [-72.327, 18.569]]}, "properties": {"v": 69000, "op": "EDH", "oid": 174180185}}, {"type": "Feature", "geometry": {"type": "LineString", "coordinates": [[-72.327, 18.568], [-72.296, 18.559]]}, "properties": {"v": 69000, "op": "EDH", "oid": 48655524}}, {"type": "Feature", "geometry": {"type": "LineString", "coordinates": [[-72.296, 18.559], [-72.327, 18.568]]}, "properties": {"v": 69000, "op": "EDH", "oid": 48655525}}, {"type": "Feature", "geometry": {"type": "LineString", "coordinates": [[-72.326, 18.569], [-72.293, 18.56]]}, "properties": {"v": 69000, "op": "EDH", "oid": 48649483}}, {"type": "Feature", "geometry": {"type": "LineString", "coordinates": [[-72.321, 18.539], [-72.31, 18.55]]}, "properties": {"v": 69000, "op": "EDH", "oid": 116786061}}, {"type": "Feature", "geometry": {"type": "LineString", "coordinates": [[-72.296, 18.559], [-72.31, 18.55]]}, "properties": {"v": 69000, "op": "EDH", "oid": 116852932}}, {"type": "Feature", "geometry": {"type": "LineString", "coordinates": [[-72.306, 18.522], [-72.307, 18.521]]}, "properties": {"v": 69000, "op": "EDH", "oid": 447982350}}, {"type": "Feature", "geometry": {"type": "LineString", "coordinates": [[-72.307, 18.521], [-72.306, 18.522]]}, "properties": {"v": 69000, "op": "EDH", "oid": 48902684}}, {"type": "Feature", "geometry": {"type": "LineString", "coordinates": [[-72.293, 18.56], [-72.306, 18.522]]}, "properties": {"v": 69000, "op": "EDH", "oid": 48646962}}, {"type": "Feature", "geometry": {"type": "LineString", "coordinates": [[-72.293, 18.56], [-72.295, 18.559]]}, "properties": {"v": 69000, "op": "EDH", "oid": 48660193}}, {"type": "Feature", "geometry": {"type": "LineString", "coordinates": [[-72.293, 18.561], [-72.293, 18.56]]}, "properties": {"v": 69000, "oid": 48687606}}, {"type": "Feature", "geometry": {"type": "LineString", "coordinates": [[-72.293, 18.56], [-72.292, 18.56]]}, "properties": {"v": 69000, "oid": 174180189}}, {"type": "Feature", "geometry": {"type": "LineString", "coordinates": [[-72.292, 18.56], [-72.293, 18.56]]}, "properties": {"v": 69000, "oid": 48646961}}, {"type": "Feature", "geometry": {"type": "LineString", "coordinates": [[-72.293, 18.56], [-72.292, 18.56]]}, "properties": {"v": 69000, "oid": 174180183}}, {"type": "Feature", "geometry": {"type": "LineString", "coordinates": [[-72.293, 18.56], [-72.292, 18.56]]}, "properties": {"v": 69000, "oid": 48646977}}, {"type": "Feature", "geometry": {"type": "LineString", "coordinates": [[-72.293, 18.561], [-72.292, 18.56]]}, "properties": {"v": 69000, "oid": 48646969}}, {"type": "Feature", "geometry": {"type": "LineString", "coordinates": [[-72.292, 18.56], [-72.293, 18.56]]}, "properties": {"v": 69000, "oid": 48646973}}, {"type": "Feature", "geometry": {"type": "LineString", "coordinates": [[-70.23, 18.272], [-70.619, 18.442], [-70.869, 18.463]]}, "properties": {"v": 138000, "op": "CDEEE", "c": 2, "f": "60", "oid": 192707578}}, {"type": "Feature", "geometry": {"type": "LineString", "coordinates": [[-70.23, 18.271], [-70.62, 18.441], [-70.87, 18.463]]}, "properties": {"v": 138000, "op": "CDEEE", "c": 2, "f": "60", "oid": 781522194}}, {"type": "Feature", "geometry": {"type": "LineString", "coordinates": [[-70.833, 18.352], [-70.87, 18.463]]}, "properties": {"v": 138000, "f": "60", "oid": 781522195}}, {"type": "Feature", "geometry": {"type": "LineString", "coordinates": [[-70.867, 18.464], [-70.767, 18.456]]}, "properties": {"v": 69000, "f": "60", "oid": 781528476}}, {"type": "Feature", "geometry": {"type": "LineString", "coordinates": [[-70.899, 18.518], [-70.869, 18.466]]}, "properties": {"v": 69000, "f": "60", "oid": 692326226}}, {"type": "Feature", "geometry": {"type": "LineString", "coordinates": [[-70.469, 18.355], [-70.493, 18.356]]}, "properties": {"v": 69000, "f": "60", "oid": 781523710}}, {"type": "Feature", "geometry": {"type": "LineString", "coordinates": [[-72.292, 18.56], [-72.292, 18.561]]}, "properties": {"v": 115000, "oid": 48646971}}, {"type": "Feature", "geometry": {"type": "LineString", "coordinates": [[-72.292, 18.56], [-72.291, 18.561]]}, "properties": {"v": 115000, "oid": 174180190}}, {"type": "Feature", "geometry": {"type": "LineString", "coordinates": [[-72.291, 18.561], [-72.292, 18.56]]}, "properties": {"v": 115000, "oid": 48687608}}, {"type": "Feature", "geometry": {"type": "LineString", "coordinates": [[-72.293, 18.561], [-72.241, 18.585], [-72.279, 18.609]]}, "properties": {"v": 69000, "op": "EDH", "oid": 48648871}}, {"type": "Feature", "geometry": {"type": "LineString", "coordinates": [[-72.206, 18.637], [-72.291, 18.561]]}, "properties": {"v": 115000, "nm": "Péligre - Port-au-Prince", "op": "EDH", "oid": 48612802}}, {"type": "Feature", "geometry": {"type": "LineString", "coordinates": [[-72.186, 18.564], [-72.245, 18.582]]}, "properties": {"v": 69000, "op": "EDH", "oid": 48739703}}, {"type": "Feature", "geometry": {"type": "LineString", "coordinates": [[-72.041, 18.902], [-72.16, 18.72]]}, "properties": {"v": 115000, "oid": 49301952}}, {"type": "Feature", "geometry": {"type": "LineString", "coordinates": [[-71.132, 18.236], [-71.087, 18.221]]}, "properties": {"v": 138000, "c": 2, "f": "60", "oid": 781522197}}, {"type": "Feature", "geometry": {"type": "LineString", "coordinates": [[-71.289, 17.873], [-71.319, 17.996], [-71.252, 18.203], [-71.133, 18.236]]}, "properties": {"v": 138000, "c": 2, "f": "60", "oid": 192707564}}, {"type": "Feature", "geometry": {"type": "LineString", "coordinates": [[-70.87, 18.464], [-71.069, 18.468], [-71.153, 18.363], [-71.133, 18.237]]}, "properties": {"v": 138000, "c": 2, "f": "60", "oid": 192707568}}, {"type": "Feature", "geometry": {"type": "LineString", "coordinates": [[-71.289, 17.873], [-71.385, 17.806], [-71.587, 17.954]]}, "properties": {"v": 138000, "oid": 1123938773}}, {"type": "Feature", "geometry": {"type": "LineString", "coordinates": [[-71.587, 17.954], [-71.687, 18.007]]}, "properties": {"v": 138000, "nm": "cableado de alta tension", "oid": 1106175133}}, {"type": "Feature", "geometry": {"type": "LineString", "coordinates": [[-72.206, 18.637], [-72.16, 18.72]]}, "properties": {"v": 115000, "nm": "Péligre - Port-au-Prince", "op": "EDH", "oid": 48648302}}, {"type": "Feature", "geometry": {"type": "LineString", "coordinates": [[-71.739, 19.687], [-71.683, 19.666]]}, "properties": {"v": 138000, "f": "60", "oid": 500675384}}, {"type": "Feature", "geometry": {"type": "LineString", "coordinates": [[-71.671, 19.517], [-71.683, 19.666]]}, "properties": {"v": 138000, "f": "60", "oid": 781372564}}, {"type": "Feature", "geometry": {"type": "LineString", "coordinates": [[-71.683, 19.666], [-71.629, 19.842]]}, "properties": {"v": 138000, "f": "60", "oid": 500697440}}, {"type": "Feature", "geometry": {"type": "LineString", "coordinates": [[-71.671, 19.517], [-71.446, 19.414], [-71.161, 19.496]]}, "properties": {"v": 138000, "f": "60", "oid": 500697454}}, {"type": "Feature", "geometry": {"type": "LineString", "coordinates": [[-71.441, 19.734], [-71.628, 19.843]]}, "properties": {"v": 138000, "op": "CDEEE", "f": "60", "oid": 781372562}}, {"type": "Feature", "geometry": {"type": "LineString", "coordinates": [[-71.381, 19.711], [-71.441, 19.734]]}, "properties": {"v": 138000, "op": "CDEEE", "c": 1, "f": "60", "oid": 1257335218}}, {"type": "Feature", "geometry": {"type": "LineString", "coordinates": [[-71.07, 19.639], [-71.381, 19.711]]}, "properties": {"v": 138000, "op": "CDEEE", "c": 1, "f": "60", "oid": 261713801}}, {"type": "Feature", "geometry": {"type": "LineString", "coordinates": [[-71.103, 19.563], [-71.161, 19.496]]}, "properties": {"v": 138000, "f": "60", "oid": 686203794}}, {"type": "Feature", "geometry": {"type": "LineString", "coordinates": [[-71.161, 19.496], [-71.09, 19.426]]}, "properties": {"v": 138000, "c": 2, "f": "60", "oid": 686192928}}, {"type": "Feature", "geometry": {"type": "LineString", "coordinates": [[-71.07, 19.639], [-71.103, 19.563]]}, "properties": {"v": 138000, "f": "60", "oid": 686342650}}, {"type": "Feature", "geometry": {"type": "LineString", "coordinates": [[-71.091, 19.427], [-71.09, 19.426]]}, "properties": {"v": 138000, "c": 2, "f": "60", "oid": 781372560}}, {"type": "Feature", "geometry": {"type": "LineString", "coordinates": [[-71.07, 19.639], [-70.86, 19.561]]}, "properties": {"v": 138000, "op": "CDEEE", "c": 2, "f": "60", "oid": 156414197}}, {"type": "Feature", "geometry": {"type": "LineString", "coordinates": [[-70.413, 18.322], [-70.469, 18.355]]}, "properties": {"v": 69000, "f": "60", "oid": 781523712}}, {"type": "Feature", "geometry": {"type": "LineString", "coordinates": [[-70.423, 19.35], [-70.266, 19.279]]}, "properties": {"v": 138000, "f": "60", "oid": 696545264}}, {"type": "Feature", "geometry": {"type": "LineString", "coordinates": [[-70.348, 18.28], [-70.413, 18.322]]}, "properties": {"v": 69000, "f": "60", "oid": 781523713}}, {"type": "Feature", "geometry": {"type": "LineString", "coordinates": [[-70.014, 18.557], [-70.37, 18.909]]}, "properties": {"v": 138000, "op": "CDEEE", "c": 2, "f": "60", "oid": 354060662}}, {"type": "Feature", "geometry": {"type": "LineString", "coordinates": [[-70.37, 18.909], [-70.367, 18.91]]}, "properties": {"v": 138000, "f": "60", "oid": 1034666188}}, {"type": "Feature", "geometry": {"type": "LineString", "coordinates": [[-70.367, 18.91], [-70.365, 18.929]]}, "properties": {"v": 138000, "f": "60", "oid": 781390167}}, {"type": "Feature", "geometry": {"type": "LineString", "coordinates": [[-70.091, 18.522], [-70.118, 18.632], [-70.365, 18.909]]}, "properties": {"v": 345000, "op": "CDEEE", "c": 2, "oid": 1034666192}}, {"type": "Feature", "geometry": {"type": "LineString", "coordinates": [[-70.365, 18.911], [-70.364, 18.911]]}, "properties": {"v": 230000, "op": "CDEEE", "c": 1, "oid": 1257335224}}, {"type": "Feature", "geometry": {"type": "LineString", "coordinates": [[-70.365, 18.91], [-70.364, 18.911]]}, "properties": {"v": 230000, "op": "CDEEE", "c": 1, "oid": 1257335225}}, {"type": "Feature", "geometry": {"type": "LineString", "coordinates": [[-70.282, 18.392], [-70.23, 18.272]]}, "properties": {"v": 138000, "op": "CDEEE", "c": 2, "f": "60", "oid": 696035370}}, {"type": "Feature", "geometry": {"type": "LineString", "coordinates": [[-70.091, 18.521], [-70.253, 18.35], [-70.238, 18.237]]}, "properties": {"v": 345000, "op": "CDEEE", "c": 2, "f": "60", "oid": 781342252}}, {"type": "Feature", "geometry": {"type": "LineString", "coordinates": [[-70.238, 18.235], [-70.238, 18.234]]}, "properties": {"v": 345000, "oid": 1198527523}}, {"type": "Feature", "geometry": {"type": "LineString", "coordinates": [[-70.238, 18.237], [-70.238, 18.236]]}, "properties": {"v": 345000, "oid": 888274999}}, {"type": "Feature", "geometry": {"type": "LineString", "coordinates": [[-70.238, 18.237], [-70.238, 18.236]]}, "properties": {"v": 345000, "oid": 888275000}}, {"type": "Feature", "geometry": {"type": "LineString", "coordinates": [[-70.238, 18.235], [-70.237, 18.234]]}, "properties": {"v": 345000, "oid": 1198527524}}, {"type": "Feature", "geometry": {"type": "LineString", "coordinates": [[-70.237, 18.236], [-70.237, 18.235]]}, "properties": {"v": 138000, "c": 1, "oid": 888275001}}, {"type": "Feature", "geometry": {"type": "LineString", "coordinates": [[-70.237, 18.236], [-70.237, 18.235]]}, "properties": {"v": 138000, "c": 1, "oid": 888275002}}, {"type": "Feature", "geometry": {"type": "LineString", "coordinates": [[-70.229, 18.272], [-70.237, 18.236]]}, "properties": {"v": 138000, "op": "CDEEE", "c": 2, "oid": 888275003}}, {"type": "Feature", "geometry": {"type": "LineString", "coordinates": [[-70.198, 18.328], [-70.229, 18.272]]}, "properties": {"v": 138000, "op": "CDEEE", "oid": 1034831445}}, {"type": "Feature", "geometry": {"type": "LineString", "coordinates": [[-70.197, 18.292], [-70.229, 18.272]]}, "properties": {"v": 138000, "op": "CDEEE", "c": 2, "f": "60", "oid": 781533498}}, {"type": "Feature", "geometry": {"type": "LineString", "coordinates": [[-70.141, 18.274], [-70.197, 18.292]]}, "properties": {"v": 138000, "c": 2, "f": "60", "oid": 695887339}}, {"type": "Feature", "geometry": {"type": "LineString", "coordinates": [[-70.153, 18.925], [-70.171, 18.935]]}, "properties": {"v": 230000, "op": "CDEEE", "c": 2, "oid": 1257335226}}, {"type": "Feature", "geometry": {"type": "LineString", "coordinates": [[-70.093, 19.203], [-70.091, 19.201]]}, "properties": {"v": 138000, "op": "CDEEE", "c": 2, "oid": 696541296}}, {"type": "Feature", "geometry": {"type": "LineString", "coordinates": [[-70.37, 18.909], [-70.477, 19.232], [-70.644, 19.416]]}, "properties": {"v": 138000, "op": "CDEEE", "c": 2, "f": "60", "oid": 696463055}}, {"type": "Feature", "geometry": {"type": "LineString", "coordinates": [[-70.423, 19.35], [-70.532, 19.386]]}, "properties": {"v": 138000, "f": "60", "oid": 696757955}}, {"type": "Feature", "geometry": {"type": "LineString", "coordinates": [[-70.366, 18.911], [-70.453, 19.137], [-70.758, 19.408]]}, "properties": {"v": 345000, "op": "CDEEE", "c": 2, "oid": 192707571}}, {"type": "Feature", "geometry": {"type": "LineString", "coordinates": [[-70.859, 19.56], [-70.842, 19.754], [-70.72, 19.795]]}, "properties": {"v": 138000, "op": "CDEEE", "oid": 525938005}}, {"type": "Feature", "geometry": {"type": "LineString", "coordinates": [[-70.76, 19.41], [-70.643, 19.415]]}, "properties": {"v": 138000, "op": "CDEEE", "c": 2, "f": "60", "oid": 192707577}}, {"type": "Feature", "geometry": {"type": "LineString", "coordinates": [[-70.737, 19.324], [-70.644, 19.415]]}, "properties": {"v": 138000, "op": "CDEEE", "c": 2, "f": "60", "oid": 192707563}}, {"type": "Feature", "geometry": {"type": "LineString", "coordinates": [[-70.719, 19.796], [-70.707, 19.804]]}, "properties": {"v": 69000, "oid": 354065507}}, {"type": "Feature", "geometry": {"type": "LineString", "coordinates": [[-70.719, 19.795], [-70.719, 19.796]]}, "properties": {"v": 138000, "op": "CDEEE", "oid": 781372559}}, {"type": "Feature", "geometry": {"type": "LineString", "coordinates": [[-70.71, 19.42], [-70.703, 19.443]]}, "properties": {"v": 138000, "op": "CDEEE", "c": 2, "f": "60", "oid": 32792543}}, {"type": "Feature", "geometry": {"type": "LineString", "coordinates": [[-70.71, 19.42], [-70.644, 19.416]]}, "properties": {"v": 138000, "op": "CDEEE", "c": 2, "f": "60", "oid": 781372555}}, {"type": "Feature", "geometry": {"type": "LineString", "coordinates": [[-70.707, 19.804], [-70.695, 19.801]]}, "properties": {"v": 69000, "nm": "1x 69kV", "op": "CDEEE", "oid": 31972854}}, {"type": "Feature", "geometry": {"type": "LineString", "coordinates": [[-70.644, 19.416], [-70.644, 19.415]]}, "properties": {"v": 138000, "op": "CDEEE", "oid": 31965391}}, {"type": "Feature", "geometry": {"type": "LineString", "coordinates": [[-70.643, 19.415], [-70.644, 19.416]]}, "properties": {"v": 138000, "op": "CDEEE", "oid": 31964646}}, {"type": "Feature", "geometry": {"type": "LineString", "coordinates": [[-70.643, 19.415], [-70.644, 19.416]]}, "properties": {"v": 138000, "op": "CDEEE", "oid": 31964707}}, {"type": "Feature", "geometry": {"type": "LineString", "coordinates": [[-70.644, 19.416], [-70.695, 19.473]]}, "properties": {"v": 138000, "op": "CDEEE", "f": "60", "oid": 781380670}}, {"type": "Feature", "geometry": {"type": "LineString", "coordinates": [[-70.644, 19.416], [-70.643, 19.415]]}, "properties": {"v": 138000, "op": "CDEEE", "oid": 31965387}}, {"type": "Feature", "geometry": {"type": "LineString", "coordinates": [[-70.76, 19.409], [-70.764, 19.499], [-70.859, 19.56]]}, "properties": {"v": 138000, "op": "CDEEE", "c": 2, "f": "60", "oid": 525938004}}, {"type": "Feature", "geometry": {"type": "LineString", "coordinates": [[-70.76, 19.41], [-70.76, 19.409]]}, "properties": {"v": 138000, "op": "CDEEE", "f": "60", "oid": 781372557}}, {"type": "Feature", "geometry": {"type": "LineString", "coordinates": [[-70.736, 19.48], [-70.76, 19.41]]}, "properties": {"v": 138000, "op": "CDEEE", "c": 2, "f": "60", "oid": 31927941}}, {"type": "Feature", "geometry": {"type": "LineString", "coordinates": [[-70.695, 19.473], [-70.736, 19.48]]}, "properties": {"v": 138000, "op": "CDEEE", "f": "60", "oid": 781383020}}, {"type": "Feature", "geometry": {"type": "LineString", "coordinates": [[-70.736, 19.48], [-70.841, 19.567], [-70.842, 19.754], [-70.719, 19.795]]}, "properties": {"v": 138000, "op": "CDEEE", "c": 2, "oid": 525938006}}, {"type": "Feature", "geometry": {"type": "LineString", "coordinates": [[-70.71, 19.42], [-70.736, 19.479]]}, "properties": {"v": 138000, "op": "CDEEE", "c": 2, "f": "60", "oid": 781372556}}, {"type": "Feature", "geometry": {"type": "LineString", "coordinates": [[-70.759, 19.408], [-70.758, 19.408]]}, "properties": {"v": 345000, "op": "CDEEE", "oid": 354061813}}, {"type": "Feature", "geometry": {"type": "LineString", "coordinates": [[-70.532, 19.386], [-70.644, 19.416]]}, "properties": {"v": 138000, "op": "CDEEE", "f": "60", "oid": 696757956}}, {"type": "Feature", "geometry": {"type": "LineString", "coordinates": [[-55.101, 5.588], [-55.101, 5.589]]}, "properties": {"v": 161000, "f": "60", "oid": 807092292}}, {"type": "Feature", "geometry": {"type": "LineString", "coordinates": [[-61.474, 10.145], [-61.581, 10.104], [-61.664, 10.164]]}, "properties": {"v": 66000, "c": 2, "f": "60", "oid": 806781423}}, {"type": "Feature", "geometry": {"type": "LineString", "coordinates": [[-61.463, 10.401], [-61.402, 10.334], [-61.434, 10.224], [-61.612, 10.21]]}, "properties": {"v": 220000, "c": 2, "f": "60", "oid": 806549714}}, {"type": "Feature", "geometry": {"type": "LineString", "coordinates": [[-61.428, 10.616], [-61.476, 10.465]]}, "properties": {"v": 132000, "c": 2, "f": "60", "oid": 806480018}}, {"type": "Feature", "geometry": {"type": "LineString", "coordinates": [[-61.427, 10.616], [-61.475, 10.444]]}, "properties": {"v": 132000, "c": 2, "f": "60", "oid": 806480017}}, {"type": "Feature", "geometry": {"type": "LineString", "coordinates": [[-61.465, 10.216], [-61.459, 10.22]]}, "properties": {"v": 132000, "c": 2, "f": "60", "oid": 806549716}}, {"type": "Feature", "geometry": {"type": "LineString", "coordinates": [[-61.463, 10.401], [-61.422, 10.362]]}, "properties": {"v": 132000, "c": 2, "f": "60", "oid": 806730876}}, {"type": "Feature", "geometry": {"type": "LineString", "coordinates": [[-61.463, 10.403], [-61.395, 10.403], [-61.409, 10.346]]}, "properties": {"v": 132000, "op": "Trinidad and Tobago Electricity Commission", "c": 2, "f": "60", "oid": 806730875}}, {"type": "Feature", "geometry": {"type": "LineString", "coordinates": [[-61.455, 10.222], [-61.458, 10.22]]}, "properties": {"v": 132000, "c": 2, "f": "60", "oid": 806716797}}, {"type": "Feature", "geometry": {"type": "LineString", "coordinates": [[-61.429, 10.307], [-61.457, 10.22]]}, "properties": {"v": 132000, "c": 2, "f": "60", "oid": 806549717}}, {"type": "Feature", "geometry": {"type": "LineString", "coordinates": [[-61.422, 10.359], [-61.429, 10.308]]}, "properties": {"v": 132000, "op": "Trinidad and Tobago Electricity Commission", "c": 2, "f": "60", "oid": 806730873}}, {"type": "Feature", "geometry": {"type": "LineString", "coordinates": [[-61.411, 10.342], [-61.425, 10.306]]}, "properties": {"v": 132000, "c": 2, "f": "60", "oid": 806730869}}, {"type": "Feature", "geometry": {"type": "LineString", "coordinates": [[-61.422, 10.362], [-61.422, 10.359]]}, "properties": {"v": 132000, "f": "60", "oid": 806730874}}, {"type": "Feature", "geometry": {"type": "LineString", "coordinates": [[-61.422, 10.362], [-61.422, 10.359]]}, "properties": {"v": 132000, "f": "60", "oid": 806730872}}, {"type": "Feature", "geometry": {"type": "LineString", "coordinates": [[-61.409, 10.346], [-61.411, 10.342]]}, "properties": {"v": 132000, "f": "60", "oid": 806730871}}, {"type": "Feature", "geometry": {"type": "LineString", "coordinates": [[-61.409, 10.346], [-61.411, 10.342]]}, "properties": {"v": 132000, "f": "60", "oid": 806730870}}, {"type": "Feature", "geometry": {"type": "LineString", "coordinates": [[-61.463, 10.402], [-61.472, 10.412]]}, "properties": {"v": 132000, "c": 2, "f": "60", "oid": 806901488}}, {"type": "Feature", "geometry": {"type": "LineString", "coordinates": [[-61.472, 10.412], [-61.464, 10.403]]}, "properties": {"v": 132000, "c": 2, "f": "60", "oid": 806901489}}, {"type": "Feature", "geometry": {"type": "LineString", "coordinates": [[-61.282, 10.573], [-61.223, 10.619]]}, "properties": {"v": 132000, "c": 2, "f": "60", "oid": 806491491}}, {"type": "Feature", "geometry": {"type": "LineString", "coordinates": [[-61.428, 10.616], [-61.494, 10.644]]}, "properties": {"v": 132000, "c": 2, "f": "60", "oid": 806491496}}, {"type": "Feature", "geometry": {"type": "LineString", "coordinates": [[-61.282, 10.572], [-61.427, 10.616]]}, "properties": {"v": 132000, "c": 2, "f": "60", "oid": 806491495}}, {"type": "Feature", "geometry": {"type": "LineString", "coordinates": [[-61.245, 10.617], [-61.224, 10.62]]}, "properties": {"v": 66000, "c": 2, "f": "60", "oid": 806491490}}, {"type": "Feature", "geometry": {"type": "LineString", "coordinates": [[-61.223, 10.619], [-61.223, 10.62]]}, "properties": {"v": 132000, "f": "60", "oid": 806491488}}, {"type": "Feature", "geometry": {"type": "LineString", "coordinates": [[-61.223, 10.619], [-61.223, 10.62]]}, "properties": {"v": 132000, "f": "60", "oid": 806491489}}, {"type": "Feature", "geometry": {"type": "LineString", "coordinates": [[-82.745, 23.019], [-82.746, 22.813]]}, "properties": {"v": 220000, "nm": "TE Mariel 220 kV", "op": "UNE – SEN", "f": "60", "oid": 146902345}}, {"type": "Feature", "geometry": {"type": "LineString", "coordinates": [[-82.738, 23.017], [-82.744, 22.811]]}, "properties": {"v": 110000, "nm": "TE Mariel 110 kV", "op": "UNE – SEN", "f": "60", "oid": 146902355}}, {"type": "Feature", "geometry": {"type": "LineString", "coordinates": [[-82.46, 22.955], [-82.455, 22.94]]}, "properties": {"v": 110000, "nm": "Pico Rincón 110 kV", "op": "UNE – SEN", "f": "60", "oid": 785157055}}, {"type": "Feature", "geometry": {"type": "LineString", "coordinates": [[-82.457, 22.92], [-82.455, 22.933]]}, "properties": {"v": 110000, "nm": "Cuenca Sur 110 kV", "op": "UNE – SEN", "f": "60", "oid": 785157037}}, {"type": "Feature", "geometry": {"type": "LineString", "coordinates": [[-82.449, 22.815], [-82.455, 22.822]]}, "properties": {"v": 110000, "nm": "Cuenca Sur 110 kV", "op": "UNE – SEN", "f": "60", "oid": 785187976}}, {"type": "Feature", "geometry": {"type": "LineString", "coordinates": [[-82.455, 22.94], [-82.453, 22.938]]}, "properties": {"v": 110000, "nm": "Pico Rincón 110 kV", "op": "UNE – SEN", "f": "60", "oid": 785157054}}, {"type": "Feature", "geometry": {"type": "LineString", "coordinates": [[-82.455, 22.94], [-82.453, 22.938]]}, "properties": {"v": 110000, "nm": "Pico Rincón 110 kV", "op": "UNE – SEN", "f": "60", "oid": 785157053}}, {"type": "Feature", "geometry": {"type": "LineString", "coordinates": [[-82.455, 22.933], [-82.452, 22.938]]}, "properties": {"v": 110000, "nm": "Cuenca Sur 110 kV", "op": "UNE – SEN", "f": "60", "oid": 785157036}}, {"type": "Feature", "geometry": {"type": "LineString", "coordinates": [[-82.455, 22.933], [-82.452, 22.938]]}, "properties": {"v": 110000, "nm": "Cuenca Sur 110 kV", "op": "UNE – SEN", "f": "60", "oid": 785157035}}, {"type": "Feature", "geometry": {"type": "LineString", "coordinates": [[-82.453, 22.938], [-82.452, 22.938]]}, "properties": {"v": 110000, "nm": "Pico Rincón 110 kV", "op": "UNE – SEN", "f": "60", "oid": 785157052}}, {"type": "Feature", "geometry": {"type": "LineString", "coordinates": [[-82.445, 22.813], [-82.449, 22.815]]}, "properties": {"v": 110000, "nm": "Cuenca Sur 110 kV", "op": "UNE – SEN", "f": "60", "oid": 785187973}}, {"type": "Feature", "geometry": {"type": "LineString", "coordinates": [[-82.449, 22.815], [-82.444, 22.814]]}, "properties": {"v": 110000, "nm": "Cuenca Sur 110 kV", "op": "UNE – SEN", "f": "60", "oid": 785187974}}, {"type": "Feature", "geometry": {"type": "LineString", "coordinates": [[-82.424, 22.938], [-82.42, 22.939]]}, "properties": {"v": 110000, "nm": "Pico Rincón 110 kV", "op": "UNE – SEN", "f": "60", "oid": 785157051}}, {"type": "Feature", "geometry": {"type": "LineString", "coordinates": [[-82.424, 22.938], [-82.42, 22.939]]}, "properties": {"v": 110000, "nm": "Pico Rincón 110 kV", "op": "UNE – SEN", "f": "60", "oid": 785157050}}, {"type": "Feature", "geometry": {"type": "LineString", "coordinates": [[-82.42, 22.939], [-82.419, 22.94]]}, "properties": {"v": 110000, "nm": "Pico Rincón 110 kV", "op": "UNE – SEN", "f": "60", "oid": 1211159427}}, {"type": "Feature", "geometry": {"type": "LineString", "coordinates": [[-84.133, 22.128], [-83.893, 22.198], [-83.684, 22.393]]}, "properties": {"v": 110000, "nm": "Martí 110 kV", "op": "UNE – SEN", "f": "60", "oid": 786471352}}, {"type": "Feature", "geometry": {"type": "LineString", "coordinates": [[-83.937, 22.603], [-83.936, 22.598]]}, "properties": {"v": 110000, "nm": "Matahambre 110 kV", "op": "UNE – SEN", "f": "60", "oid": 1211100387}}, {"type": "Feature", "geometry": {"type": "LineString", "coordinates": [[-83.936, 22.598], [-83.881, 22.483], [-83.645, 22.423]]}, "properties": {"v": 110000, "nm": "Matahambre 110 kV", "op": "UNE – SEN", "f": "60", "oid": 339415330}}, {"type": "Feature", "geometry": {"type": "LineString", "coordinates": [[-83.71, 22.387], [-83.715, 22.388]]}, "properties": {"v": 110000, "nm": "Pinar del Río 110 kV", "op": "UNE – SEN", "f": "60", "oid": 786471344}}, {"type": "Feature", "geometry": {"type": "LineString", "coordinates": [[-83.71, 22.387], [-83.715, 22.388]]}, "properties": {"v": 110000, "nm": "Pinar del Río 110 kV", "op": "UNE – SEN", "f": "60", "oid": 786471343}}, {"type": "Feature", "geometry": {"type": "LineString", "coordinates": [[-83.71, 22.383], [-83.71, 22.387]]}, "properties": {"v": 110000, "nm": "Pinar del Río 110 kV", "op": "UNE – SEN", "f": "60", "oid": 786471342}}, {"type": "Feature", "geometry": {"type": "LineString", "coordinates": [[-83.706, 22.381], [-83.71, 22.383]]}, "properties": {"v": 110000, "nm": "Pinar del Río 110 kV", "op": "UNE – SEN", "f": "60", "oid": 786471345}}, {"type": "Feature", "geometry": {"type": "LineString", "coordinates": [[-83.706, 22.381], [-83.71, 22.383]]}, "properties": {"v": 110000, "nm": "Pinar del Río 110 kV", "op": "UNE – SEN", "f": "60", "oid": 786471346}}, {"type": "Feature", "geometry": {"type": "LineString", "coordinates": [[-83.694, 22.383], [-83.706, 22.381]]}, "properties": {"v": 110000, "nm": "Pinar del Río 110 kV", "op": "UNE – SEN", "f": "60", "oid": 786471347}}, {"type": "Feature", "geometry": {"type": "LineString", "coordinates": [[-83.692, 22.385], [-83.694, 22.383]]}, "properties": {"v": 110000, "nm": "Pinar del Río 110 kV", "op": "UNE – SEN", "f": "60", "oid": 786471348}}, {"type": "Feature", "geometry": {"type": "LineString", "coordinates": [[-83.692, 22.385], [-83.694, 22.383]]}, "properties": {"v": 110000, "nm": "Pinar del Río 110 kV", "op": "UNE – SEN", "f": "60", "oid": 786471349}}, {"type": "Feature", "geometry": {"type": "LineString", "coordinates": [[-83.687, 22.389], [-83.692, 22.385]]}, "properties": {"v": 110000, "nm": "Pinar del Río 110 kV", "op": "UNE – SEN", "f": "60", "oid": 786471350}}, {"type": "Feature", "geometry": {"type": "LineString", "coordinates": [[-83.687, 22.389], [-83.684, 22.393]]}, "properties": {"v": 110000, "f": "60", "oid": 786471353}}, {"type": "Feature", "geometry": {"type": "LineString", "coordinates": [[-83.687, 22.404], [-83.687, 22.389]]}, "properties": {"v": 110000, "nm": "Pinar del Río 110 kV", "op": "UNE – SEN", "f": "60", "oid": 786471351}}, {"type": "Feature", "geometry": {"type": "LineString", "coordinates": [[-83.658, 22.423], [-83.687, 22.405]]}, "properties": {"v": 110000, "nm": "Pinar del Río 110 kV", "op": "UNE – SEN", "f": "60", "oid": 337645922}}, {"type": "Feature", "geometry": {"type": "LineString", "coordinates": [[-83.684, 22.405], [-83.687, 22.404]]}, "properties": {"v": 110000, "nm": "Pinar del Río 110 kV", "op": "UNE – SEN", "f": "60", "oid": 786471364}}, {"type": "Feature", "geometry": {"type": "LineString", "coordinates": [[-83.684, 22.405], [-83.687, 22.404]]}, "properties": {"v": 110000, "nm": "Pinar del Río 110 kV", "op": "UNE – SEN", "f": "60", "oid": 786471363}}, {"type": "Feature", "geometry": {"type": "LineString", "coordinates": [[-83.678, 22.408], [-83.684, 22.405]]}, "properties": {"v": 110000, "nm": "Pinar del Río 110 kV", "op": "UNE – SEN", "f": "60", "oid": 786471367}}, {"type": "Feature", "geometry": {"type": "LineString", "coordinates": [[-83.684, 22.393], [-83.674, 22.406]]}, "properties": {"v": 110000, "nm": "Martí 110 kV", "op": "UNE – SEN", "f": "60", "oid": 339415329}}, {"type": "Feature", "geometry": {"type": "LineString", "coordinates": [[-83.674, 22.41], [-83.678, 22.408]]}, "properties": {"v": 110000, "nm": "Pinar del Río 110 kV", "op": "UNE – SEN", "f": "60", "oid": 786471365}}, {"type": "Feature", "geometry": {"type": "LineString", "coordinates": [[-83.674, 22.41], [-83.678, 22.408]]}, "properties": {"v": 110000, "nm": "Pinar del Río 110 kV", "op": "UNE – SEN", "f": "60", "oid": 786471366}}, {"type": "Feature", "geometry": {"type": "LineString", "coordinates": [[-83.658, 22.423], [-83.674, 22.41]]}, "properties": {"v": 110000, "nm": "Pinar del Río 110 kV", "op": "UNE – SEN", "f": "60", "oid": 786471371}}, {"type": "Feature", "geometry": {"type": "LineString", "coordinates": [[-83.674, 22.406], [-83.672, 22.407]]}, "properties": {"v": 110000, "nm": "Martí 110 kV", "op": "UNE – SEN", "f": "60", "oid": 786471354}}, {"type": "Feature", "geometry": {"type": "LineString", "coordinates": [[-83.674, 22.406], [-83.672, 22.407]]}, "properties": {"v": 110000, "nm": "Martí 110 kV", "op": "UNE – SEN", "f": "60", "oid": 786471355}}, {"type": "Feature", "geometry": {"type": "LineString", "coordinates": [[-83.672, 22.407], [-83.658, 22.41]]}, "properties": {"v": 110000, "nm": "Martí 110 kV", "op": "UNE – SEN", "f": "60", "oid": 786471356}}, {"type": "Feature", "geometry": {"type": "LineString", "coordinates": [[-83.645, 22.423], [-83.658, 22.423]]}, "properties": {"v": 110000, "nm": "Pinar del Río 110 kV", "op": "UNE – SEN", "f": "60", "oid": 1256796285}}, {"type": "Feature", "geometry": {"type": "LineString", "coordinates": [[-83.643, 22.424], [-83.645, 22.423]]}, "properties": {"v": 110000, "op": "UNE – SEN", "f": "60", "oid": 786471369}}, {"type": "Feature", "geometry": {"type": "LineString", "coordinates": [[-83.658, 22.41], [-83.654, 22.411]]}, "properties": {"v": 110000, "nm": "Martí 110 kV", "op": "UNE – SEN", "f": "60", "oid": 786471358}}, {"type": "Feature", "geometry": {"type": "LineString", "coordinates": [[-83.658, 22.41], [-83.654, 22.411]]}, "properties": {"v": 110000, "nm": "Martí 110 kV", "op": "UNE – SEN", "f": "60", "oid": 786471357}}, {"type": "Feature", "geometry": {"type": "LineString", "coordinates": [[-83.641, 22.422], [-83.637, 22.423]]}, "properties": {"v": 110000, "nm": "Martí 110 kV", "op": "UNE – SEN", "f": "60", "oid": 786471361}}, {"type": "Feature", "geometry": {"type": "LineString", "coordinates": [[-83.641, 22.422], [-83.637, 22.423]]}, "properties": {"v": 110000, "nm": "Martí 110 kV", "op": "UNE – SEN", "f": "60", "oid": 786471360}}, {"type": "Feature", "geometry": {"type": "LineString", "coordinates": [[-83.637, 22.423], [-83.643, 22.424]]}, "properties": {"v": 110000, "nm": "Pinar del Río 110 kV", "op": "UNE – SEN", "f": "60", "oid": 786471368}}, {"type": "Feature", "geometry": {"type": "LineString", "coordinates": [[-83.637, 22.423], [-83.643, 22.424]]}, "properties": {"v": 110000, "nm": "Matahambre 110 kV", "op": "UNE – SEN", "f": "60", "oid": 786471370}}, {"type": "Feature", "geometry": {"type": "LineString", "coordinates": [[-83.654, 22.411], [-83.641, 22.422]]}, "properties": {"v": 110000, "nm": "Martí 110 kV", "op": "UNE – SEN", "f": "60", "oid": 786471359}}, {"type": "Feature", "geometry": {"type": "LineString", "coordinates": [[-83.306, 22.568], [-83.658, 22.423]]}, "properties": {"v": 110000, "nm": "Pinar del Río 110 kV", "op": "UNE – SEN", "f": "60", "oid": 339415331}}, {"type": "Feature", "geometry": {"type": "LineString", "coordinates": [[-83.301, 22.571], [-83.658, 22.423]]}, "properties": {"v": 110000, "nm": "Pinar del Río 110 kV", "op": "UNE – SEN", "f": "60", "oid": 1211077765}}, {"type": "Feature", "geometry": {"type": "LineString", "coordinates": [[-83.635, 22.422], [-83.635, 22.423]]}, "properties": {"v": 220000, "nm": "TE Mariel 220 kV", "op": "UNE – SEN", "f": "60", "oid": 1210946272}}, {"type": "Feature", "geometry": {"type": "LineString", "coordinates": [[-83.301, 22.57], [-83.306, 22.568]]}, "properties": {"v": 110000, "nm": "Pinar del Río 110 kV", "op": "UNE – SEN", "f": "60", "oid": 1211077764}}, {"type": "Feature", "geometry": {"type": "LineString", "coordinates": [[-83.301, 22.555], [-83.306, 22.568]]}, "properties": {"v": 110000, "oid": 1084109911}}, {"type": "Feature", "geometry": {"type": "LineString", "coordinates": [[-83.301, 22.555], [-83.301, 22.57]]}, "properties": {"v": 110000, "oid": 1084109908}}, {"type": "Feature", "geometry": {"type": "LineString", "coordinates": [[-83.103, 22.693], [-83.301, 22.571]]}, "properties": {"v": 110000, "nm": "Pinar del Río 110 kV", "op": "UNE – SEN", "f": "60", "oid": 1211077763}}, {"type": "Feature", "geometry": {"type": "LineString", "coordinates": [[-83.192, 22.903], [-82.753, 22.952]]}, "properties": {"v": 110000, "nm": "Bahía Honda 110 kV", "op": "UNE – SEN", "f": "60", "oid": 338009840}}, {"type": "Feature", "geometry": {"type": "LineString", "coordinates": [[-83.103, 22.693], [-83.102, 22.691]]}, "properties": {"v": 110000, "f": "60", "oid": 786471374}}, {"type": "Feature", "geometry": {"type": "LineString", "coordinates": [[-83.102, 22.691], [-83.101, 22.689]]}, "properties": {"v": 110000, "f": "60", "oid": 786471375}}, {"type": "Feature", "geometry": {"type": "LineString", "coordinates": [[-83.102, 22.691], [-83.101, 22.689]]}, "properties": {"v": 110000, "f": "60", "oid": 786471376}}, {"type": "Feature", "geometry": {"type": "LineString", "coordinates": [[-83.101, 22.689], [-83.097, 22.683]]}, "properties": {"v": 110000, "f": "60", "oid": 786471380}}, {"type": "Feature", "geometry": {"type": "LineString", "coordinates": [[-83.097, 22.683], [-83.094, 22.682]]}, "properties": {"v": 110000, "f": "60", "oid": 786471378}}, {"type": "Feature", "geometry": {"type": "LineString", "coordinates": [[-83.097, 22.683], [-83.094, 22.682]]}, "properties": {"v": 110000, "f": "60", "oid": 786471379}}, {"type": "Feature", "geometry": {"type": "LineString", "coordinates": [[-83.094, 22.682], [-83.092, 22.682]]}, "properties": {"v": 110000, "f": "60", "oid": 786471373}}, {"type": "Feature", "geometry": {"type": "LineString", "coordinates": [[-83.092, 22.682], [-83.091, 22.682]]}, "properties": {"v": 110000, "f": "60", "oid": 786471372}}, {"type": "Feature", "geometry": {"type": "LineString", "coordinates": [[-83.092, 22.682], [-83.091, 22.682]]}, "properties": {"v": 110000, "f": "60", "oid": 786471377}}, {"type": "Feature", "geometry": {"type": "LineString", "coordinates": [[-82.802, 23.014], [-82.797, 22.988]]}, "properties": {"v": 110000, "f": "60", "oid": 786595160}}, {"type": "Feature", "geometry": {"type": "LineString", "coordinates": [[-82.802, 23.014], [-82.797, 22.988]]}, "properties": {"v": 110000, "f": "60", "oid": 786595161}}, {"type": "Feature", "geometry": {"type": "LineString", "coordinates": [[-82.798, 22.968], [-82.797, 22.988]]}, "properties": {"v": 110000, "f": "60", "oid": 785528257}}, {"type": "Feature", "geometry": {"type": "LineString", "coordinates": [[-82.798, 22.965], [-82.798, 22.968]]}, "properties": {"v": 110000, "f": "60", "oid": 785528252}}, {"type": "Feature", "geometry": {"type": "LineString", "coordinates": [[-82.798, 22.965], [-82.798, 22.968]]}, "properties": {"v": 110000, "f": "60", "oid": 785528254}}, {"type": "Feature", "geometry": {"type": "LineString", "coordinates": [[-82.784, 22.962], [-82.798, 22.965]]}, "properties": {"v": 110000, "f": "60", "oid": 785528253}}, {"type": "Feature", "geometry": {"type": "LineString", "coordinates": [[-82.779, 22.962], [-82.784, 22.962]]}, "properties": {"v": 110000, "f": "60", "oid": 785528249}}, {"type": "Feature", "geometry": {"type": "LineString", "coordinates": [[-82.779, 22.962], [-82.784, 22.962]]}, "properties": {"v": 110000, "f": "60", "oid": 785528250}}, {"type": "Feature", "geometry": {"type": "LineString", "coordinates": [[-82.756, 22.961], [-82.763, 22.962]]}, "properties": {"v": 110000, "f": "60", "oid": 785528248}}, {"type": "Feature", "geometry": {"type": "LineString", "coordinates": [[-82.763, 22.962], [-82.779, 22.962]]}, "properties": {"v": 110000, "f": "60", "oid": 785528251}}, {"type": "Feature", "geometry": {"type": "LineString", "coordinates": [[-82.756, 22.961], [-82.763, 22.962]]}, "properties": {"v": 110000, "f": "60", "oid": 785528246}}, {"type": "Feature", "geometry": {"type": "LineString", "coordinates": [[-82.753, 22.952], [-82.75, 22.956]]}, "properties": {"v": 110000, "f": "60", "oid": 785528245}}, {"type": "Feature", "geometry": {"type": "LineString", "coordinates": [[-82.753, 22.952], [-82.75, 22.955]]}, "properties": {"v": 110000, "nm": "TE Mariel 110 kV", "op": "UNE – SEN", "f": "60", "oid": 785623707}}, {"type": "Feature", "geometry": {"type": "LineString", "coordinates": [[-82.75, 22.957], [-82.756, 22.961]]}, "properties": {"v": 110000, "f": "60", "oid": 785528247}}, {"type": "Feature", "geometry": {"type": "LineString", "coordinates": [[-82.748, 22.804], [-83.635, 22.422]]}, "properties": {"v": 220000, "nm": "TE Mariel 220 kV", "op": "UNE – SEN", "f": "60", "oid": 337645925}}, {"type": "Feature", "geometry": {"type": "LineString", "coordinates": [[-82.751, 22.805], [-83.301, 22.57]]}, "properties": {"v": 110000, "nm": "Pinar del Río 110 kV", "op": "UNE – SEN", "f": "60", "oid": 364980344}}, {"type": "Feature", "geometry": {"type": "LineString", "coordinates": [[-82.75, 22.806], [-83.103, 22.693]]}, "properties": {"v": 110000, "f": "60", "oid": 470100523}}, {"type": "Feature", "geometry": {"type": "LineString", "coordinates": [[-82.75, 22.805], [-82.751, 22.806]]}, "properties": {"v": 110000, "nm": "TE Mariel 110 kV", "op": "UNE – SEN", "f": "60", "oid": 1211100392}}, {"type": "Feature", "geometry": {"type": "LineString", "coordinates": [[-82.751, 22.805], [-82.75, 22.806]]}, "properties": {"v": 110000, "f": "60", "oid": 1211100391}}, {"type": "Feature", "geometry": {"type": "LineString", "coordinates": [[-82.751, 22.806], [-82.75, 22.806]]}, "properties": {"v": 110000, "f": "60", "oid": 1211100393}}, {"type": "Feature", "geometry": {"type": "LineString", "coordinates": [[-82.744, 22.811], [-82.75, 22.805]]}, "properties": {"v": 110000, "nm": "TE Mariel 110 kV", "op": "UNE – SEN", "f": "60", "oid": 1211100395}}, {"type": "Feature", "geometry": {"type": "LineString", "coordinates": [[-82.75, 22.806], [-82.738, 22.952]]}, "properties": {"v": 110000, "f": "60", "oid": 146902351}}, {"type": "Feature", "geometry": {"type": "LineString", "coordinates": [[-82.75, 22.955], [-82.748, 22.956]]}, "properties": {"v": 110000, "nm": "TE Mariel 110 kV", "op": "UNE – SEN", "f": "60", "oid": 785623706}}, {"type": "Feature", "geometry": {"type": "LineString", "coordinates": [[-82.75, 22.956], [-82.75, 22.957]]}, "properties": {"v": 110000, "f": "60", "oid": 785528244}}, {"type": "Feature", "geometry": {"type": "LineString", "coordinates": [[-82.749, 22.957], [-82.75, 22.957]]}, "properties": {"v": 110000, "f": "60", "oid": 785528243}}, {"type": "Feature", "geometry": {"type": "LineString", "coordinates": [[-82.749, 22.956], [-82.748, 22.956]]}, "properties": {"v": 110000, "nm": "TE Mariel 110 kV", "op": "UNE – SEN", "f": "60", "oid": 785623705}}, {"type": "Feature", "geometry": {"type": "LineString", "coordinates": [[-82.746, 22.813], [-82.748, 22.804]]}, "properties": {"v": 220000, "nm": "TE Mariel 220 kV", "op": "UNE – SEN", "f": "60", "oid": 1211100401}}, {"type": "Feature", "geometry": {"type": "LineString", "coordinates": [[-82.748, 22.956], [-82.74, 22.952]]}, "properties": {"v": 110000, "nm": "TE Mariel 110 kV", "op": "UNE – SEN", "f": "60", "oid": 612791689}}, {"type": "Feature", "geometry": {"type": "LineString", "coordinates": [[-82.744, 22.813], [-82.746, 22.813]]}, "properties": {"v": 220000, "op": "UNE – SEN", "f": "60", "oid": 1211100400}}, {"type": "Feature", "geometry": {"type": "LineString", "coordinates": [[-82.746, 22.814], [-82.744, 22.813]]}, "properties": {"v": 220000, "op": "UNE – SEN", "f": "60", "oid": 1211100399}}, {"type": "Feature", "geometry": {"type": "LineString", "coordinates": [[-82.743, 22.813], [-82.744, 22.813]]}, "properties": {"v": 220000, "op": "UNE – SEN", "c": 2, "f": "60", "oid": 1211100398}}, {"type": "Feature", "geometry": {"type": "LineString", "coordinates": [[-82.743, 22.812], [-82.743, 22.813]]}, "properties": {"v": 220000, "op": "UNE – SEN", "f": "60", "oid": 1211100397}}, {"type": "Feature", "geometry": {"type": "LineString", "coordinates": [[-82.743, 22.813], [-82.743, 22.811]]}, "properties": {"v": 220000, "op": "UNE – SEN", "f": "60", "oid": 1211100396}}, {"type": "Feature", "geometry": {"type": "LineString", "coordinates": [[-82.552, 22.933], [-82.552, 22.935]]}, "properties": {"v": 110000, "nm": "Cuenca Sur 110 kV", "op": "UNE – SEN", "f": "60", "oid": 785163191}}, {"type": "Feature", "geometry": {"type": "LineString", "coordinates": [[-82.552, 22.933], [-82.552, 22.935]]}, "properties": {"v": 110000, "nm": "Cuenca Sur 110 kV", "op": "UNE – SEN", "f": "60", "oid": 785163184}}, {"type": "Feature", "geometry": {"type": "LineString", "coordinates": [[-82.552, 22.93], [-82.552, 22.933]]}, "properties": {"v": 110000, "nm": "Cuenca Sur 110 kV", "op": "UNE – SEN", "f": "60", "oid": 785163190}}, {"type": "Feature", "geometry": {"type": "LineString", "coordinates": [[-82.549, 22.926], [-82.552, 22.93]]}, "properties": {"v": 110000, "nm": "Cuenca Sur 110 kV", "op": "UNE – SEN", "f": "60", "oid": 785163188}}, {"type": "Feature", "geometry": {"type": "LineString", "coordinates": [[-82.549, 22.926], [-82.552, 22.93]]}, "properties": {"v": 110000, "nm": "Cuenca Sur 110 kV", "op": "UNE – SEN", "f": "60", "oid": 785163189}}, {"type": "Feature", "geometry": {"type": "LineString", "coordinates": [[-82.543, 22.925], [-82.549, 22.926]]}, "properties": {"v": 110000, "nm": "Cuenca Sur 110 kV", "op": "UNE – SEN", "f": "60", "oid": 785163185}}, {"type": "Feature", "geometry": {"type": "LineString", "coordinates": [[-82.541, 22.926], [-82.543, 22.925]]}, "properties": {"v": 110000, "nm": "Cuenca Sur 110 kV", "op": "UNE – SEN", "f": "60", "oid": 785163187}}, {"type": "Feature", "geometry": {"type": "LineString", "coordinates": [[-82.541, 22.926], [-82.543, 22.925]]}, "properties": {"v": 110000, "nm": "Cuenca Sur 110 kV", "op": "UNE – SEN", "f": "60", "oid": 785163186}}, {"type": "Feature", "geometry": {"type": "LineString", "coordinates": [[-82.54, 22.926], [-82.541, 22.926]]}, "properties": {"v": 110000, "nm": "Cuenca Sur 110 kV", "op": "UNE – SEN", "f": "60", "oid": 785163180}}, {"type": "Feature", "geometry": {"type": "LineString", "coordinates": [[-82.537, 22.927], [-82.54, 22.926]]}, "properties": {"v": 110000, "nm": "Cuenca Sur 110 kV", "op": "UNE – SEN", "f": "60", "oid": 785163181}}, {"type": "Feature", "geometry": {"type": "LineString", "coordinates": [[-82.537, 22.927], [-82.54, 22.926]]}, "properties": {"v": 110000, "nm": "Cuenca Sur 110 kV", "op": "UNE – SEN", "f": "60", "oid": 785163183}}, {"type": "Feature", "geometry": {"type": "LineString", "coordinates": [[-82.535, 22.927], [-82.537, 22.927]]}, "properties": {"v": 110000, "nm": "Cuenca Sur 110 kV", "op": "UNE – SEN", "f": "60", "oid": 785163182}}, {"type": "Feature", "geometry": {"type": "LineString", "coordinates": [[-82.528, 22.926], [-82.535, 22.927]]}, "properties": {"v": 110000, "nm": "Cuenca Sur 110 kV", "op": "UNE – SEN", "f": "60", "oid": 785163179}}, {"type": "Feature", "geometry": {"type": "LineString", "coordinates": [[-82.528, 22.926], [-82.535, 22.927]]}, "properties": {"v": 110000, "nm": "Cuenca Sur 110 kV", "op": "UNE – SEN", "f": "60", "oid": 785163178}}, {"type": "Feature", "geometry": {"type": "LineString", "coordinates": [[-82.519, 22.926], [-82.528, 22.926]]}, "properties": {"v": 110000, "nm": "Cuenca Sur 110 kV", "op": "UNE – SEN", "f": "60", "oid": 785163176}}, {"type": "Feature", "geometry": {"type": "LineString", "coordinates": [[-82.512, 22.92], [-82.519, 22.926]]}, "properties": {"v": 110000, "nm": "Cuenca Sur 110 kV", "op": "UNE – SEN", "f": "60", "oid": 785163177}}, {"type": "Feature", "geometry": {"type": "LineString", "coordinates": [[-82.512, 22.92], [-82.519, 22.926]]}, "properties": {"v": 110000, "nm": "Cuenca Sur 110 kV", "op": "UNE – SEN", "f": "60", "oid": 785163175}}, {"type": "Feature", "geometry": {"type": "LineString", "coordinates": [[-82.502, 22.921], [-82.512, 22.92]]}, "properties": {"v": 110000, "nm": "Cuenca Sur 110 kV", "op": "UNE – SEN", "f": "60", "oid": 785163174}}, {"type": "Feature", "geometry": {"type": "LineString", "coordinates": [[-82.499, 22.921], [-82.502, 22.921]]}, "properties": {"v": 110000, "nm": "Cuenca Sur 110 kV", "op": "UNE – SEN", "f": "60", "oid": 785163172}}, {"type": "Feature", "geometry": {"type": "LineString", "coordinates": [[-82.499, 22.921], [-82.502, 22.921]]}, "properties": {"v": 110000, "nm": "Cuenca Sur 110 kV", "op": "UNE – SEN", "f": "60", "oid": 785163173}}, {"type": "Feature", "geometry": {"type": "LineString", "coordinates": [[-82.49, 22.925], [-82.499, 22.921]]}, "properties": {"v": 110000, "nm": "Cuenca Sur 110 kV", "op": "UNE – SEN", "f": "60", "oid": 785163169}}, {"type": "Feature", "geometry": {"type": "LineString", "coordinates": [[-82.487, 22.925], [-82.49, 22.925]]}, "properties": {"v": 110000, "nm": "Cuenca Sur 110 kV", "op": "UNE – SEN", "f": "60", "oid": 785163171}}, {"type": "Feature", "geometry": {"type": "LineString", "coordinates": [[-82.487, 22.925], [-82.49, 22.925]]}, "properties": {"v": 110000, "nm": "Cuenca Sur 110 kV", "op": "UNE – SEN", "f": "60", "oid": 785163170}}, {"type": "Feature", "geometry": {"type": "LineString", "coordinates": [[-82.471, 22.923], [-82.487, 22.925]]}, "properties": {"v": 110000, "nm": "Cuenca Sur 110 kV", "op": "UNE – SEN", "f": "60", "oid": 785163167}}, {"type": "Feature", "geometry": {"type": "LineString", "coordinates": [[-82.465, 22.921], [-82.471, 22.923]]}, "properties": {"v": 110000, "nm": "Cuenca Sur 110 kV", "op": "UNE – SEN", "f": "60", "oid": 785163168}}, {"type": "Feature", "geometry": {"type": "LineString", "coordinates": [[-82.465, 22.921], [-82.471, 22.923]]}, "properties": {"v": 110000, "nm": "Cuenca Sur 110 kV", "op": "UNE – SEN", "f": "60", "oid": 785163166}}, {"type": "Feature", "geometry": {"type": "LineString", "coordinates": [[-82.458, 22.92], [-82.465, 22.921]]}, "properties": {"v": 110000, "nm": "Cuenca Sur 110 kV", "op": "UNE – SEN", "f": "60", "oid": 594372116}}, {"type": "Feature", "geometry": {"type": "LineString", "coordinates": [[-82.457, 22.92], [-82.458, 22.92]]}, "properties": {"v": 110000, "nm": "Cuenca Sur 110 kV", "op": "UNE – SEN", "f": "60", "oid": 785163164}}, {"type": "Feature", "geometry": {"type": "LineString", "coordinates": [[-82.457, 22.92], [-82.458, 22.92]]}, "properties": {"v": 110000, "nm": "Cuenca Sur 110 kV", "op": "UNE – SEN", "f": "60", "oid": 785163165}}, {"type": "Feature", "geometry": {"type": "LineString", "coordinates": [[-82.456, 22.826], [-82.457, 22.918]]}, "properties": {"v": 110000, "nm": "Cuenca Sur 110 kV", "op": "UNE – SEN", "f": "60", "oid": 538602293}}, {"type": "Feature", "geometry": {"type": "LineString", "coordinates": [[-82.457, 22.918], [-82.457, 22.919]]}, "properties": {"v": 110000, "nm": "Cuenca Sur 110 kV", "op": "UNE – SEN", "f": "60", "oid": 785187979}}, {"type": "Feature", "geometry": {"type": "LineString", "coordinates": [[-82.457, 22.918], [-82.457, 22.919]]}, "properties": {"v": 110000, "nm": "Cuenca Sur 110 kV", "op": "UNE – SEN", "f": "60", "oid": 785187980}}, {"type": "Feature", "geometry": {"type": "LineString", "coordinates": [[-82.457, 22.919], [-82.457, 22.92]]}, "properties": {"v": 110000, "nm": "Cuenca Sur 110 kV", "op": "UNE – SEN", "f": "60", "oid": 785187978}}, {"type": "Feature", "geometry": {"type": "LineString", "coordinates": [[-82.455, 22.822], [-82.456, 22.826]]}, "properties": {"v": 110000, "nm": "Cuenca Sur 110 kV", "op": "UNE – SEN", "f": "60", "oid": 785187977}}, {"type": "Feature", "geometry": {"type": "LineString", "coordinates": [[-82.455, 22.822], [-82.456, 22.826]]}, "properties": {"v": 110000, "nm": "Cuenca Sur 110 kV", "op": "UNE – SEN", "f": "60", "oid": 785187975}}, {"type": "Feature", "geometry": {"type": "LineString", "coordinates": [[-82.743, 23.014], [-82.749, 23.019]]}, "properties": {"v": 110000, "nm": "TE Mariel 110 kV", "op": "UNE – SEN", "f": "60", "oid": 1211100415}}, {"type": "Feature", "geometry": {"type": "LineString", "coordinates": [[-82.743, 23.014], [-82.749, 23.019]]}, "properties": {"v": 110000, "nm": "TE Mariel 110 kV", "op": "UNE – SEN", "f": "60", "oid": 786471385}}, {"type": "Feature", "geometry": {"type": "LineString", "coordinates": [[-82.738, 23.017], [-82.746, 23.018]]}, "properties": {"v": 110000, "nm": "TE Mariel 110 kV", "op": "UNE – SEN", "f": "60", "oid": 146902352}}, {"type": "Feature", "geometry": {"type": "LineString", "coordinates": [[-82.746, 23.018], [-82.749, 23.019]]}, "properties": {"v": 110000, "nm": "TE Mariel 110 kV", "op": "UNE – SEN", "f": "60", "oid": 1211100417}}, {"type": "Feature", "geometry": {"type": "LineString", "coordinates": [[-82.749, 23.019], [-82.746, 23.018]]}, "properties": {"v": 110000, "nm": "TE Mariel 110 kV", "op": "UNE – SEN", "f": "60", "oid": 1211100413}}, {"type": "Feature", "geometry": {"type": "LineString", "coordinates": [[-82.742, 23.018], [-82.741, 23.018]]}, "properties": {"v": 110000, "op": "UNE – SEN", "f": "60", "oid": 1211100416}}, {"type": "Feature", "geometry": {"type": "LineString", "coordinates": [[-82.746, 23.018], [-82.749, 23.019]]}, "properties": {"v": 110000, "nm": "TE Mariel 110 kV", "op": "UNE – SEN", "f": "60", "oid": 1211100414}}, {"type": "Feature", "geometry": {"type": "LineString", "coordinates": [[-82.746, 23.018], [-82.749, 23.019]]}, "properties": {"v": 110000, "nm": "TE Mariel 110 kV", "op": "UNE – SEN", "f": "60", "oid": 786471384}}, {"type": "Feature", "geometry": {"type": "LineString", "coordinates": [[-82.745, 23.018], [-82.748, 23.019]]}, "properties": {"v": 110000, "nm": "TE Mariel 110 kV", "op": "UNE – SEN", "f": "60", "oid": 786471382}}, {"type": "Feature", "geometry": {"type": "LineString", "coordinates": [[-82.745, 23.018], [-82.748, 23.019]]}, "properties": {"v": 110000, "nm": "TE Mariel 110 kV", "op": "UNE – SEN", "f": "60", "oid": 786471383}}, {"type": "Feature", "geometry": {"type": "LineString", "coordinates": [[-82.747, 23.019], [-82.745, 23.019]]}, "properties": {"v": 220000, "nm": "TE Mariel 220 kV", "op": "UNE – SEN", "oid": 38426718}}, {"type": "Feature", "geometry": {"type": "LineString", "coordinates": [[-82.745, 23.019], [-82.747, 23.019]]}, "properties": {"v": 220000, "nm": "TE Mariel 220 kV", "op": "UNE – SEN", "oid": 146902349}}, {"type": "Feature", "geometry": {"type": "LineString", "coordinates": [[-82.742, 23.019], [-82.746, 23.02]]}, "properties": {"v": 220000, "nm": "TE Mariel 220 kV", "op": "UNE – SEN", "oid": 146902350}}, {"type": "Feature", "geometry": {"type": "LineString", "coordinates": [[-82.746, 23.021], [-82.742, 23.019]]}, "properties": {"v": 220000, "nm": "TE Mariel 220 kV", "op": "UNE – SEN", "oid": 38426721}}, {"type": "Feature", "geometry": {"type": "LineString", "coordinates": [[-82.75, 23.019], [-82.749, 23.019]]}, "properties": {"v": 110000, "f": "60", "oid": 1211100402}}, {"type": "Feature", "geometry": {"type": "LineString", "coordinates": [[-82.749, 23.019], [-82.748, 23.02]]}, "properties": {"v": 110000, "f": "60", "oid": 1210946274}}, {"type": "Feature", "geometry": {"type": "LineString", "coordinates": [[-82.749, 23.019], [-82.75, 23.019]]}, "properties": {"v": 110000, "f": "60", "oid": 1211100403}}, {"type": "Feature", "geometry": {"type": "LineString", "coordinates": [[-81.574, 23.003], [-81.409, 22.926]]}, "properties": {"v": 110000, "nm": "Frigorífico 110 kV", "op": "UNE – SEN", "oid": 958270959}}, {"type": "Feature", "geometry": {"type": "LineString", "coordinates": [[-81.575, 23.003], [-81.45, 22.938], [-81.3, 23.057]]}, "properties": {"v": 110000, "f": "60", "oid": 284081759}}, {"type": "Feature", "geometry": {"type": "LineString", "coordinates": [[-81.59, 23.001], [-81.589, 23.0]]}, "properties": {"v": 220000, "f": "60", "oid": 289766899}}, {"type": "Feature", "geometry": {"type": "LineString", "coordinates": [[-81.59, 23.001], [-81.589, 23.001]]}, "properties": {"v": 220000, "f": "60", "oid": 289766888}}, {"type": "Feature", "geometry": {"type": "LineString", "coordinates": [[-81.589, 23.001], [-81.585, 23.003]]}, "properties": {"v": 110000, "nm": "Frigorífico 110 kV", "op": "UNE – SEN", "f": "60", "oid": 289766894}}, {"type": "Feature", "geometry": {"type": "LineString", "coordinates": [[-81.589, 23.001], [-81.589, 23.0]]}, "properties": {"v": 220000, "nm": "Matanzas 220 kV", "op": "UNE – SEN", "f": "60", "oid": 147108783}}, {"type": "Feature", "geometry": {"type": "LineString", "coordinates": [[-81.589, 23.0], [-81.589, 23.001]]}, "properties": {"v": 220000, "nm": "Matanzas 220 kV", "op": "UNE – SEN", "f": "60", "oid": 147108789}}, {"type": "Feature", "geometry": {"type": "LineString", "coordinates": [[-81.589, 23.001], [-81.59, 23.0]]}, "properties": {"v": 220000, "nm": "Guiteras 220 kV", "op": "UNE – SEN", "f": "60", "oid": 147108773}}, {"type": "Feature", "geometry": {"type": "LineString", "coordinates": [[-81.59, 23.0], [-81.589, 23.001]]}, "properties": {"v": 220000, "nm": "Guiteras 220 kV", "op": "UNE – SEN", "f": "60", "oid": 147108775}}, {"type": "Feature", "geometry": {"type": "LineString", "coordinates": [[-81.585, 23.003], [-81.575, 23.003]]}, "properties": {"v": 110000, "nm": "Frigorífico 110 kV", "op": "UNE – SEN", "f": "60", "oid": 147108785}}, {"type": "Feature", "geometry": {"type": "LineString", "coordinates": [[-82.452, 22.938], [-82.424, 22.938]]}, "properties": {"v": 110000, "nm": "Pico Rincón 110 kV", "op": "UNE – SEN", "f": "60", "oid": 541554817}}, {"type": "Feature", "geometry": {"type": "LineString", "coordinates": [[-82.097, 22.939], [-82.155, 23.001]]}, "properties": {"v": 110000, "op": "UNE", "oid": 1162964617}}, {"type": "Feature", "geometry": {"type": "LineString", "coordinates": [[-81.585, 23.003], [-81.589, 23.001]]}, "properties": {"v": 110000, "nm": "Frigorífico 110 kV", "op": "UNE – SEN", "f": "60", "oid": 147108788}}, {"type": "Feature", "geometry": {"type": "LineString", "coordinates": [[-82.21, 23.036], [-82.105, 22.924]]}, "properties": {"v": 110000, "nm": "Ganuza 110 kV", "op": "UNE – SEN", "f": "60", "oid": 146977097}}, {"type": "Feature", "geometry": {"type": "LineString", "coordinates": [[-80.787, 22.973], [-81.099, 22.926]]}, "properties": {"v": 110000, "nm": "Agramonte - Hoyo Colorado 110 kV", "op": "UNE – SEN", "oid": 1015339957}}, {"type": "Feature", "geometry": {"type": "LineString", "coordinates": [[-81.216, 23.035], [-81.1, 22.925]]}, "properties": {"v": 110000, "nm": "Agramonte 110 kV", "op": "UNE – SEN", "f": "60", "oid": 784427539}}, {"type": "Feature", "geometry": {"type": "LineString", "coordinates": [[-81.1, 22.925], [-81.287, 23.055]]}, "properties": {"v": 110000, "nm": "Agramonte 110 kV", "op": "UNE – SEN", "f": "60", "oid": 784427541}}, {"type": "Feature", "geometry": {"type": "LineString", "coordinates": [[-81.215, 23.035], [-81.216, 23.035]]}, "properties": {"v": 110000, "f": "60", "oid": 289770096}}, {"type": "Feature", "geometry": {"type": "LineString", "coordinates": [[-81.298, 23.062], [-81.215, 23.036]]}, "properties": {"v": 110000, "op": "UNE – SEN", "f": "60", "oid": 573351578}}, {"type": "Feature", "geometry": {"type": "LineString", "coordinates": [[-81.287, 23.055], [-81.298, 23.059]]}, "properties": {"v": 110000, "f": "60", "oid": 784427534}}, {"type": "Feature", "geometry": {"type": "LineString", "coordinates": [[-82.419, 22.94], [-82.417, 22.941]]}, "properties": {"v": 110000, "nm": "Pico Rincón 110 kV", "op": "UNE – SEN", "f": "60", "oid": 785157049}}, {"type": "Feature", "geometry": {"type": "LineString", "coordinates": [[-82.419, 22.94], [-82.417, 22.941]]}, "properties": {"v": 110000, "nm": "Pico Rincón 110 kV", "op": "UNE – SEN", "f": "60", "oid": 785157048}}, {"type": "Feature", "geometry": {"type": "LineString", "coordinates": [[-82.417, 22.941], [-82.413, 22.941]]}, "properties": {"v": 110000, "nm": "Pico Rincón 110 kV", "op": "UNE – SEN", "f": "60", "oid": 785157047}}, {"type": "Feature", "geometry": {"type": "LineString", "coordinates": [[-82.413, 22.941], [-82.413, 22.942]]}, "properties": {"v": 110000, "nm": "Pico Rincón 110 kV", "op": "UNE – SEN", "f": "60", "oid": 1211159429}}, {"type": "Feature", "geometry": {"type": "LineString", "coordinates": [[-82.413, 22.942], [-82.413, 22.941]]}, "properties": {"v": 110000, "nm": "Pico Rincón 110 kV", "op": "UNE – SEN", "f": "60", "oid": 1211159428}}, {"type": "Feature", "geometry": {"type": "LineString", "coordinates": [[-82.74, 22.952], [-82.738, 23.017]]}, "properties": {"v": 110000, "nm": "TE Mariel 110 kV", "op": "UNE – SEN", "f": "60", "oid": 786471386}}, {"type": "Feature", "geometry": {"type": "LineString", "coordinates": [[-82.46, 22.958], [-82.46, 22.955]]}, "properties": {"v": 110000, "nm": "Pico Rincón 110 kV", "op": "UNE – SEN", "f": "60", "oid": 785157058}}, {"type": "Feature", "geometry": {"type": "LineString", "coordinates": [[-82.46, 22.958], [-82.46, 22.955]]}, "properties": {"v": 110000, "nm": "Pico Rincón 110 kV", "op": "UNE – SEN", "f": "60", "oid": 785157056}}, {"type": "Feature", "geometry": {"type": "LineString", "coordinates": [[-82.458, 22.969], [-82.46, 22.958]]}, "properties": {"v": 110000, "nm": "Pico Rincón 110 kV", "op": "UNE – SEN", "f": "60", "oid": 785157057}}, {"type": "Feature", "geometry": {"type": "LineString", "coordinates": [[-82.742, 23.019], [-82.615, 22.962], [-82.425, 23.044]]}, "properties": {"v": 220000, "nm": "TE Mariel 220 kV", "op": "UNE – SEN", "oid": 146902343}}, {"type": "Feature", "geometry": {"type": "LineString", "coordinates": [[-82.745, 23.018], [-82.586, 22.992]]}, "properties": {"v": 110000, "nm": "TE Mariel 110 kV", "op": "UNE – SEN", "f": "60", "oid": 146902357}}, {"type": "Feature", "geometry": {"type": "LineString", "coordinates": [[-82.297, 23.09], [-82.256, 23.054]]}, "properties": {"v": 110000, "nm": "Cotorro - Diezmero 110 kV", "op": "UNE – SEN", "oid": 146908957}}, {"type": "Feature", "geometry": {"type": "LineString", "coordinates": [[-82.293, 23.093], [-82.297, 23.09]]}, "properties": {"v": 110000, "nm": "Berroa Guanabacoa - Diezmero 110 kV", "op": "UNE – SEN", "f": "60", "oid": 639520959}}, {"type": "Feature", "geometry": {"type": "LineString", "coordinates": [[-82.297, 23.089], [-82.35, 23.051]]}, "properties": {"v": 110000, "nm": "Diezmero - Planta Naranjito 110 kV", "op": "UNE – SEN", "c": 2, "f": "60", "oid": 689917755}}, {"type": "Feature", "geometry": {"type": "LineString", "coordinates": [[-82.221, 23.04], [-82.297, 23.09]]}, "properties": {"v": 110000, "nm": "Cotorro - Diezmero 110 kV", "op": "UNE – SEN", "oid": 146908223}}, {"type": "Feature", "geometry": {"type": "LineString", "coordinates": [[-82.221, 23.043], [-82.221, 23.04]]}, "properties": {"v": 110000, "nm": "Ganuza 110 kV", "op": "UNE – SEN", "oid": 146908211}}, {"type": "Feature", "geometry": {"type": "LineString", "coordinates": [[-82.221, 23.043], [-82.221, 23.04]]}, "properties": {"v": 110000, "nm": "Ganuza 110 kV", "op": "UNE – SEN", "oid": 146908224}}, {"type": "Feature", "geometry": {"type": "LineString", "coordinates": [[-82.256, 23.054], [-82.221, 23.04]]}, "properties": {"v": 110000, "nm": "Cotorro - Diezmero 110 kV", "op": "UNE – SEN", "oid": 785135871}}, {"type": "Feature", "geometry": {"type": "LineString", "coordinates": [[-82.22, 23.04], [-82.221, 23.038]]}, "properties": {"v": 220000, "oid": 38534048}}, {"type": "Feature", "geometry": {"type": "LineString", "coordinates": [[-82.22, 23.038], [-82.221, 23.038]]}, "properties": {"v": 220000, "nm": "Cotorro - Antillana de Acero 220 kV", "op": "UNE – SEN", "oid": 146908246}}, {"type": "Feature", "geometry": {"type": "LineString", "coordinates": [[-82.221, 23.039], [-82.22, 23.038]]}, "properties": {"v": 220000, "nm": "Cotorro - CUJAE 220 kV", "op": "UNE – SEN", "oid": 146908232}}, {"type": "Feature", "geometry": {"type": "LineString", "coordinates": [[-82.215, 23.04], [-82.21, 23.036]]}, "properties": {"v": 110000, "nm": "Ganuza 110 kV", "op": "UNE – SEN", "f": "60", "oid": 772196864}}, {"type": "Feature", "geometry": {"type": "LineString", "coordinates": [[-82.211, 23.037], [-82.215, 23.04]]}, "properties": {"v": 110000, "nm": "Ganuza 110 kV", "op": "UNE – SEN", "f": "60", "oid": 772196865}}, {"type": "Feature", "geometry": {"type": "LineString", "coordinates": [[-82.22, 23.038], [-82.221, 23.039]]}, "properties": {"v": 220000, "nm": "Cotorro - CUJAE 220 kV", "op": "UNE – SEN", "oid": 1186597338}}, {"type": "Feature", "geometry": {"type": "LineString", "coordinates": [[-82.221, 23.038], [-82.22, 23.038]]}, "properties": {"v": 220000, "nm": "Cotorro - Antillana de Acero 220 kV", "op": "UNE – SEN", "oid": 38492735}}, {"type": "Feature", "geometry": {"type": "LineString", "coordinates": [[-82.221, 23.039], [-82.221, 23.04]]}, "properties": {"v": 110000, "oid": 146908217}}, {"type": "Feature", "geometry": {"type": "LineString", "coordinates": [[-82.22, 23.04], [-82.219, 23.04]]}, "properties": {"v": 220000, "nm": "Boca de Jaruco 220 kV", "op": "UNE – SEN", "oid": 146908230}}, {"type": "Feature", "geometry": {"type": "LineString", "coordinates": [[-82.219, 23.04], [-82.221, 23.04]]}, "properties": {"v": 220000, "nm": "Boca de Jaruco 220 kV", "op": "UNE – SEN", "oid": 146908212}}, {"type": "Feature", "geometry": {"type": "LineString", "coordinates": [[-82.221, 23.043], [-82.215, 23.04]]}, "properties": {"v": 110000, "nm": "Ganuza 110 kV", "op": "UNE – SEN", "f": "60", "oid": 146977095}}, {"type": "Feature", "geometry": {"type": "LineString", "coordinates": [[-82.221, 23.04], [-82.221, 23.039]]}, "properties": {"v": 110000, "oid": 146908226}}, {"type": "Feature", "geometry": {"type": "LineString", "coordinates": [[-82.221, 23.039], [-82.221, 23.04]]}, "properties": {"v": 220000, "oid": 146908242}}, {"type": "Feature", "geometry": {"type": "LineString", "coordinates": [[-82.424, 23.043], [-82.22, 23.038]]}, "properties": {"v": 220000, "nm": "Cotorro - CUJAE 220 kV", "op": "UNE – SEN", "c": 2, "f": "60", "oid": 38537609}}, {"type": "Feature", "geometry": {"type": "LineString", "coordinates": [[-82.439, 22.985], [-82.44, 22.984]]}, "properties": {"v": 110000, "nm": "Pico Rincón 110 kV", "op": "UNE – SEN", "f": "60", "oid": 1211159430}}, {"type": "Feature", "geometry": {"type": "LineString", "coordinates": [[-82.439, 22.986], [-82.439, 22.985]]}, "properties": {"v": 110000, "nm": "Pico Rincón 110 kV", "op": "UNE – SEN", "f": "60", "oid": 785157062}}, {"type": "Feature", "geometry": {"type": "LineString", "coordinates": [[-82.436, 22.997], [-82.439, 22.986]]}, "properties": {"v": 110000, "nm": "Pico Rincón 110 kV", "op": "UNE – SEN", "f": "60", "oid": 785157038}}, {"type": "Feature", "geometry": {"type": "LineString", "coordinates": [[-82.424, 23.044], [-82.424, 23.043]]}, "properties": {"v": 220000, "nm": "Cotorro - CUJAE 220 kV", "op": "UNE – SEN", "oid": 146908237}}, {"type": "Feature", "geometry": {"type": "LineString", "coordinates": [[-82.424, 23.043], [-82.424, 23.044]]}, "properties": {"v": 220000, "nm": "Cotorro - CUJAE 220 kV", "op": "UNE – SEN", "oid": 146908245}}, {"type": "Feature", "geometry": {"type": "LineString", "coordinates": [[-82.418, 23.035], [-82.42, 23.039]]}, "properties": {"v": 110000, "nm": "Pico Rincón 110 kV", "op": "UNE – SEN", "f": "60", "oid": 146904161}}, {"type": "Feature", "geometry": {"type": "LineString", "coordinates": [[-82.424, 23.045], [-82.425, 23.044]]}, "properties": {"v": 220000, "nm": "TE Mariel 220 kV", "op": "UNE – SEN", "oid": 146908221}}, {"type": "Feature", "geometry": {"type": "LineString", "coordinates": [[-82.434, 23.002], [-82.436, 22.997]]}, "properties": {"v": 110000, "f": "60", "oid": 785157039}}, {"type": "Feature", "geometry": {"type": "LineString", "coordinates": [[-82.434, 23.002], [-82.436, 22.997]]}, "properties": {"v": 110000, "nm": "Pico Rincón 110 kV", "op": "UNE – SEN", "f": "60", "oid": 785157040}}, {"type": "Feature", "geometry": {"type": "LineString", "coordinates": [[-82.425, 23.044], [-82.424, 23.044]]}, "properties": {"v": 220000, "nm": "TE Mariel 220 kV", "op": "UNE – SEN", "oid": 146908228}}, {"type": "Feature", "geometry": {"type": "LineString", "coordinates": [[-82.423, 23.045], [-82.424, 23.045]]}, "properties": {"v": 110000, "oid": 146908218}}, {"type": "Feature", "geometry": {"type": "LineString", "coordinates": [[-82.425, 23.045], [-82.424, 23.045]]}, "properties": {"v": 110000, "oid": 146908236}}, {"type": "Feature", "geometry": {"type": "LineString", "coordinates": [[-82.44, 22.984], [-82.441, 22.982]]}, "properties": {"v": 110000, "nm": "Pico Rincón 110 kV", "op": "UNE – SEN", "f": "60", "oid": 785157063}}, {"type": "Feature", "geometry": {"type": "LineString", "coordinates": [[-82.44, 22.984], [-82.441, 22.982]]}, "properties": {"v": 110000, "nm": "Pico Rincón 110 kV", "op": "UNE – SEN", "f": "60", "oid": 785157046}}, {"type": "Feature", "geometry": {"type": "LineString", "coordinates": [[-82.456, 22.971], [-82.458, 22.969]]}, "properties": {"v": 110000, "nm": "Pico Rincón 110 kV", "op": "UNE – SEN", "f": "60", "oid": 785157061}}, {"type": "Feature", "geometry": {"type": "LineString", "coordinates": [[-82.456, 22.971], [-82.458, 22.969]]}, "properties": {"v": 110000, "nm": "Pico Rincón 110 kV", "op": "UNE – SEN", "f": "60", "oid": 785157059}}, {"type": "Feature", "geometry": {"type": "LineString", "coordinates": [[-82.425, 23.045], [-82.424, 23.044]]}, "properties": {"v": 220000, "oid": 146908240}}, {"type": "Feature", "geometry": {"type": "LineString", "coordinates": [[-82.436, 22.986], [-82.434, 22.987]]}, "properties": {"v": 110000, "f": "60", "oid": 785157042}}, {"type": "Feature", "geometry": {"type": "LineString", "coordinates": [[-82.583, 22.992], [-82.582, 22.993]]}, "properties": {"v": 110000, "nm": "TE Mariel 110 kV", "op": "UNE – SEN", "f": "60", "oid": 785197895}}, {"type": "Feature", "geometry": {"type": "LineString", "coordinates": [[-82.42, 23.039], [-82.423, 23.045]]}, "properties": {"v": 110000, "nm": "Pico Rincón 110 kV", "op": "UNE – SEN", "f": "60", "oid": 146904174}}, {"type": "Feature", "geometry": {"type": "LineString", "coordinates": [[-82.423, 23.045], [-82.42, 23.039]]}, "properties": {"v": 110000, "nm": "Pico Rincón 110 kV", "op": "UNE – SEN", "f": "60", "oid": 146904176}}, {"type": "Feature", "geometry": {"type": "LineString", "coordinates": [[-82.582, 22.993], [-82.58, 22.994]]}, "properties": {"v": 110000, "nm": "TE Mariel 110 kV", "op": "UNE – SEN", "f": "60", "oid": 785197897}}, {"type": "Feature", "geometry": {"type": "LineString", "coordinates": [[-82.582, 22.993], [-82.58, 22.994]]}, "properties": {"v": 110000, "nm": "TE Mariel 110 kV", "op": "UNE – SEN", "f": "60", "oid": 785197894}}, {"type": "Feature", "geometry": {"type": "LineString", "coordinates": [[-82.434, 22.987], [-82.432, 22.988]]}, "properties": {"v": 110000, "f": "60", "oid": 785157041}}, {"type": "Feature", "geometry": {"type": "LineString", "coordinates": [[-82.434, 22.987], [-82.432, 22.988]]}, "properties": {"v": 110000, "f": "60", "oid": 785157043}}, {"type": "Feature", "geometry": {"type": "LineString", "coordinates": [[-82.436, 22.986], [-82.439, 22.985]]}, "properties": {"v": 110000, "op": "UNE – SEN", "f": "60", "oid": 785157044}}, {"type": "Feature", "geometry": {"type": "LineString", "coordinates": [[-82.439, 22.986], [-82.436, 22.986]]}, "properties": {"v": 110000, "op": "UNE – SEN", "f": "60", "oid": 785157045}}, {"type": "Feature", "geometry": {"type": "LineString", "coordinates": [[-82.441, 22.982], [-82.456, 22.971]]}, "properties": {"v": 110000, "nm": "Pico Rincón 110 kV", "op": "UNE – SEN", "f": "60", "oid": 785157060}}, {"type": "Feature", "geometry": {"type": "LineString", "coordinates": [[-82.586, 22.992], [-82.583, 22.992]]}, "properties": {"v": 110000, "nm": "TE Mariel 110 kV", "op": "UNE – SEN", "f": "60", "oid": 785197896}}, {"type": "Feature", "geometry": {"type": "LineString", "coordinates": [[-82.586, 22.992], [-82.583, 22.992]]}, "properties": {"v": 110000, "nm": "TE Mariel 110 kV", "op": "UNE – SEN", "f": "60", "oid": 785197898}}, {"type": "Feature", "geometry": {"type": "LineString", "coordinates": [[-82.58, 22.994], [-82.536, 23.047]]}, "properties": {"v": 110000, "nm": "TE Mariel 110 kV", "op": "UNE – SEN", "f": "60", "oid": 785197893}}, {"type": "Feature", "geometry": {"type": "LineString", "coordinates": [[-82.456, 23.069], [-82.457, 23.069]]}, "properties": {"v": 110000, "nm": "TE Mariel 110 kV", "op": "UNE – SEN", "f": "60", "oid": 785197917}}, {"type": "Feature", "geometry": {"type": "LineString", "coordinates": [[-82.449, 23.051], [-82.45, 23.051]]}, "properties": {"v": 110000, "nm": "Fábrica de Oxígeno", "op": "UNE – SEN", "f": "60", "oid": 147215516}}, {"type": "Feature", "geometry": {"type": "LineString", "coordinates": [[-82.449, 23.052], [-82.449, 23.051]]}, "properties": {"v": 110000, "nm": "Fábrica de Oxígeno", "op": "UNE – SEN", "f": "60", "oid": 147215513}}, {"type": "Feature", "geometry": {"type": "LineString", "coordinates": [[-82.449, 23.051], [-82.41, 23.074]]}, "properties": {"v": 110000, "nm": "Fábrica de Oxígeno 110 kV", "op": "UNE – SEN", "f": "60", "oid": 147215515}}, {"type": "Feature", "geometry": {"type": "LineString", "coordinates": [[-82.418, 23.03], [-82.434, 23.002]]}, "properties": {"v": 110000, "nm": "Pico Rincón 110 kV", "op": "UNE – SEN", "f": "60", "oid": 146904144}}, {"type": "Feature", "geometry": {"type": "LineString", "coordinates": [[-82.424, 23.045], [-82.419, 23.042]]}, "properties": {"v": 110000, "nm": "CUJAE - Planta Naranjito 110 kV", "op": "UNE – SEN", "oid": 146904167}}, {"type": "Feature", "geometry": {"type": "LineString", "coordinates": [[-82.419, 23.042], [-82.424, 23.044]]}, "properties": {"v": 110000, "nm": "CUJAE 110 kV", "op": "UNE – SEN", "oid": 146904153}}, {"type": "Feature", "geometry": {"type": "LineString", "coordinates": [[-82.419, 23.042], [-82.423, 23.045]]}, "properties": {"v": 110000, "nm": "CUJAE - Planta Naranjito 110 kV", "op": "UNE – SEN", "oid": 146904131}}, {"type": "Feature", "geometry": {"type": "LineString", "coordinates": [[-82.423, 23.045], [-82.419, 23.042]]}, "properties": {"v": 110000, "nm": "CUJAE 110 kV", "op": "UNE – SEN", "oid": 146904169}}, {"type": "Feature", "geometry": {"type": "LineString", "coordinates": [[-82.419, 23.042], [-82.41, 23.043]]}, "properties": {"v": 110000, "nm": "CUJAE - Planta Naranjito 110 kV", "op": "UNE – SEN", "f": "60", "oid": 146904142}}, {"type": "Feature", "geometry": {"type": "LineString", "coordinates": [[-82.401, 23.038], [-82.419, 23.042]]}, "properties": {"v": 110000, "nm": "CUJAE 110 kV", "op": "UNE – SEN", "oid": 146904152}}, {"type": "Feature", "geometry": {"type": "LineString", "coordinates": [[-82.418, 23.03], [-82.418, 23.035]]}, "properties": {"v": 110000, "nm": "Pico Rincón 110 kV", "op": "UNE – SEN", "f": "60", "oid": 146904150}}, {"type": "Feature", "geometry": {"type": "LineString", "coordinates": [[-82.418, 23.035], [-82.418, 23.03]]}, "properties": {"v": 110000, "nm": "Pico Rincón 110 kV", "op": "UNE – SEN", "f": "60", "oid": 146904132}}, {"type": "Feature", "geometry": {"type": "LineString", "coordinates": [[-82.41, 23.074], [-82.407, 23.074]]}, "properties": {"v": 110000, "nm": "Fábrica de Oxígeno 110 kV", "op": "UNE – SEN", "f": "60", "oid": 1256796275}}, {"type": "Feature", "geometry": {"type": "LineString", "coordinates": [[-82.41, 23.074], [-82.407, 23.074]]}, "properties": {"v": 110000, "f": "60", "oid": 1256796273}}, {"type": "Feature", "geometry": {"type": "LineString", "coordinates": [[-82.41, 23.043], [-82.406, 23.044]]}, "properties": {"v": 110000, "nm": "CUJAE - Planta Naranjito 110 kV", "op": "UNE – SEN", "f": "60", "oid": 146904151}}, {"type": "Feature", "geometry": {"type": "LineString", "coordinates": [[-82.406, 23.044], [-82.41, 23.043]]}, "properties": {"v": 110000, "nm": "CUJAE - Planta Naranjito 110 kV", "op": "UNE – SEN", "f": "60", "oid": 146904158}}, {"type": "Feature", "geometry": {"type": "LineString", "coordinates": [[-82.406, 23.044], [-82.388, 23.078]]}, "properties": {"v": 110000, "nm": "CUJAE - Planta Naranjito 110 kV", "op": "UNE – SEN", "f": "60", "oid": 147213154}}, {"type": "Feature", "geometry": {"type": "LineString", "coordinates": [[-82.454, 23.072], [-82.456, 23.069]]}, "properties": {"v": 110000, "nm": "TE Mariel 110 kV", "op": "UNE – SEN", "f": "60", "oid": 785197915}}, {"type": "Feature", "geometry": {"type": "LineString", "coordinates": [[-82.454, 23.072], [-82.456, 23.069]]}, "properties": {"v": 110000, "nm": "TE Mariel 110 kV", "op": "UNE – SEN", "f": "60", "oid": 785197916}}, {"type": "Feature", "geometry": {"type": "LineString", "coordinates": [[-82.45, 23.074], [-82.454, 23.072]]}, "properties": {"v": 110000, "nm": "TE Mariel 110 kV", "op": "UNE – SEN", "f": "60", "oid": 785197918}}, {"type": "Feature", "geometry": {"type": "LineString", "coordinates": [[-82.448, 23.075], [-82.45, 23.074]]}, "properties": {"v": 110000, "nm": "TE Mariel 110 kV", "op": "UNE – SEN", "f": "60", "oid": 785197913}}, {"type": "Feature", "geometry": {"type": "LineString", "coordinates": [[-82.447, 23.074], [-82.45, 23.074]]}, "properties": {"v": 110000, "nm": "TE Mariel 110 kV", "op": "UNE – SEN", "f": "60", "oid": 785197914}}, {"type": "Feature", "geometry": {"type": "LineString", "coordinates": [[-81.853, 23.004], [-81.925, 23.141]]}, "properties": {"v": 110000, "nm": "Aguacate 110 kV", "op": "UNE – SEN", "f": "60", "oid": 784589473}}, {"type": "Feature", "geometry": {"type": "LineString", "coordinates": [[-81.588, 23.01], [-81.586, 23.012]]}, "properties": {"v": 110000, "nm": "Frigorífico 110 kV", "op": "UNE – SEN", "f": "60", "oid": 147108790}}, {"type": "Feature", "geometry": {"type": "LineString", "coordinates": [[-81.586, 23.012], [-81.588, 23.01]]}, "properties": {"v": 110000, "nm": "Frigorífico 110 kV", "op": "UNE – SEN", "f": "60", "oid": 147108779}}, {"type": "Feature", "geometry": {"type": "LineString", "coordinates": [[-81.583, 23.011], [-81.586, 23.012]]}, "properties": {"v": 110000, "nm": "Frigorífico 110 kV", "op": "UNE – SEN", "f": "60", "oid": 147108771}}, {"type": "Feature", "geometry": {"type": "LineString", "coordinates": [[-81.611, 23.022], [-81.612, 23.023]]}, "properties": {"v": 110000, "nm": "Guiteras 110 kV", "op": "UNE – SEN", "f": "60", "oid": 147108761}}, {"type": "Feature", "geometry": {"type": "LineString", "coordinates": [[-81.612, 23.023], [-81.611, 23.022]]}, "properties": {"v": 110000, "nm": "Guiteras 110 kV", "op": "UNE – SEN", "f": "60", "oid": 147108780}}, {"type": "Feature", "geometry": {"type": "LineString", "coordinates": [[-81.614, 23.028], [-81.612, 23.023]]}, "properties": {"v": 110000, "nm": "Guiteras 110 kV", "op": "UNE – SEN", "c": 2, "f": "60", "oid": 772171931}}, {"type": "Feature", "geometry": {"type": "LineString", "coordinates": [[-81.723, 23.1], [-81.709, 23.142]]}, "properties": {"v": 220000, "oid": 920586190}}, {"type": "Feature", "geometry": {"type": "LineString", "coordinates": [[-81.921, 23.145], [-81.927, 23.141]]}, "properties": {"v": 110000, "nm": "Santa Cruz 110 kV", "op": "UNE – SEN", "f": "60", "oid": 146977102}}, {"type": "Feature", "geometry": {"type": "LineString", "coordinates": [[-81.935, 23.141], [-81.927, 23.141]]}, "properties": {"v": 110000, "nm": "Santa Cruz 110 kV", "op": "UNE – SEN", "f": "60", "oid": 146977091}}, {"type": "Feature", "geometry": {"type": "LineString", "coordinates": [[-81.927, 23.141], [-81.922, 23.145]]}, "properties": {"v": 110000, "nm": "Santa Cruz 110 kV", "op": "UNE – SEN", "f": "60", "oid": 146977099}}, {"type": "Feature", "geometry": {"type": "LineString", "coordinates": [[-81.935, 23.141], [-81.94, 23.144]]}, "properties": {"v": 110000, "nm": "Santa Cruz 110 kV", "op": "UNE – SEN", "f": "60", "oid": 146977103}}, {"type": "Feature", "geometry": {"type": "LineString", "coordinates": [[-81.94, 23.144], [-81.935, 23.141]]}, "properties": {"v": 110000, "nm": "Santa Cruz 110 kV", "op": "UNE – SEN", "f": "60", "oid": 146977089}}, {"type": "Feature", "geometry": {"type": "LineString", "coordinates": [[-81.942, 23.147], [-81.94, 23.144]]}, "properties": {"v": 110000, "nm": "Santa Cruz 110 kV", "op": "UNE – SEN", "f": "60", "oid": 146977105}}, {"type": "Feature", "geometry": {"type": "LineString", "coordinates": [[-81.942, 23.147], [-81.943, 23.148]]}, "properties": {"v": 110000, "nm": "Santa Cruz 110 kV", "op": "UNE – SEN", "f": "60", "oid": 146977093}}, {"type": "Feature", "geometry": {"type": "LineString", "coordinates": [[-81.943, 23.148], [-81.942, 23.147]]}, "properties": {"v": 110000, "nm": "Santa Cruz 110 kV", "op": "UNE – SEN", "f": "60", "oid": 146977104}}, {"type": "Feature", "geometry": {"type": "LineString", "coordinates": [[-81.947, 23.15], [-81.943, 23.148]]}, "properties": {"v": 110000, "nm": "Santa Cruz 110 kV", "op": "UNE – SEN", "f": "60", "oid": 146977098}}, {"type": "Feature", "geometry": {"type": "LineString", "coordinates": [[-81.947, 23.15], [-81.951, 23.15]]}, "properties": {"v": 110000, "nm": "Santa Cruz 110 kV", "op": "UNE – SEN", "f": "60", "oid": 146977092}}, {"type": "Feature", "geometry": {"type": "LineString", "coordinates": [[-81.951, 23.15], [-81.947, 23.15]]}, "properties": {"v": 110000, "nm": "Santa Cruz 110 kV", "op": "UNE – SEN", "f": "60", "oid": 146977107}}, {"type": "Feature", "geometry": {"type": "LineString", "coordinates": [[-81.991, 23.152], [-81.576, 23.099]]}, "properties": {"v": 220000, "nm": "Santa Cruz - Guiteras 220 kV", "op": "UNE – SEN", "oid": 38491781}}, {"type": "Feature", "geometry": {"type": "LineString", "coordinates": [[-82.387, 23.078], [-82.388, 23.078]]}, "properties": {"v": 110000, "c": 1, "f": "60", "oid": 1256796266}}, {"type": "Feature", "geometry": {"type": "LineString", "coordinates": [[-82.387, 23.078], [-82.388, 23.078]]}, "properties": {"v": 110000, "c": 1, "f": "60", "oid": 1256796265}}, {"type": "Feature", "geometry": {"type": "LineString", "coordinates": [[-82.387, 23.077], [-82.387, 23.078]]}, "properties": {"v": 110000, "c": 1, "f": "60", "oid": 1256796263}}, {"type": "Feature", "geometry": {"type": "LineString", "coordinates": [[-82.387, 23.077], [-82.387, 23.078]]}, "properties": {"v": 110000, "c": 1, "f": "60", "oid": 1256796264}}, {"type": "Feature", "geometry": {"type": "LineString", "coordinates": [[-82.365, 23.052], [-82.387, 23.077]]}, "properties": {"v": 110000, "nm": "Diezmero - Planta Naranjito 110 kV", "op": "UNE – SEN", "c": 2, "f": "60", "oid": 1168182611}}, {"type": "Feature", "geometry": {"type": "LineString", "coordinates": [[-82.35, 23.051], [-82.358, 23.052]]}, "properties": {"v": 110000, "nm": "Diezmero - Planta Naranjito 110 kV", "op": "UNE – SEN", "c": 2, "f": "60", "oid": 1211108331}}, {"type": "Feature", "geometry": {"type": "LineString", "coordinates": [[-82.352, 23.085], [-82.352, 23.081]]}, "properties": {"v": 110000, "f": "60", "oid": 485697969}}, {"type": "Feature", "geometry": {"type": "LineString", "coordinates": [[-82.352, 23.081], [-82.351, 23.085]]}, "properties": {"v": 110000, "f": "60", "oid": 485697968}}, {"type": "Feature", "geometry": {"type": "LineString", "coordinates": [[-82.346, 23.053], [-82.35, 23.051]]}, "properties": {"v": 110000, "f": "60", "oid": 772196863}}, {"type": "Feature", "geometry": {"type": "LineString", "coordinates": [[-82.35, 23.051], [-82.346, 23.053]]}, "properties": {"v": 110000, "f": "60", "oid": 772196862}}, {"type": "Feature", "geometry": {"type": "LineString", "coordinates": [[-82.255, 23.054], [-82.261, 23.049]]}, "properties": {"v": 110000, "nm": "Cotorro - Diezmero 110 kV", "op": "UNE – SEN", "f": "60", "oid": 785135872}}, {"type": "Feature", "geometry": {"type": "LineString", "coordinates": [[-82.256, 23.054], [-82.261, 23.049]]}, "properties": {"v": 110000, "nm": "Cotorro - Diezmero 110 kV", "op": "UNE – SEN", "f": "60", "oid": 785135873}}, {"type": "Feature", "geometry": {"type": "LineString", "coordinates": [[-81.357, 23.066], [-81.583, 23.011]]}, "properties": {"v": 110000, "nm": "Frigorífico 110 kV", "op": "UNE – SEN", "f": "60", "oid": 147108778}}, {"type": "Feature", "geometry": {"type": "LineString", "coordinates": [[-81.588, 23.012], [-81.589, 23.013]]}, "properties": {"v": 110000, "nm": "Guiteras 110 kV", "op": "UNE – SEN", "f": "60", "oid": 147108760}}, {"type": "Feature", "geometry": {"type": "LineString", "coordinates": [[-81.589, 23.013], [-81.588, 23.012]]}, "properties": {"v": 110000, "nm": "Guiteras 110 kV", "op": "UNE – SEN", "f": "60", "oid": 147108752}}, {"type": "Feature", "geometry": {"type": "LineString", "coordinates": [[-81.578, 23.008], [-81.583, 23.011]]}, "properties": {"v": 110000, "nm": "Frigorífico 110 kV", "op": "UNE – SEN", "f": "60", "oid": 147108787}}, {"type": "Feature", "geometry": {"type": "LineString", "coordinates": [[-81.6, 23.051], [-81.613, 23.031]]}, "properties": {"v": 110000, "nm": "Guiteras 110 kV", "op": "UNE – SEN", "c": 2, "f": "60", "oid": 147108777}}, {"type": "Feature", "geometry": {"type": "LineString", "coordinates": [[-81.613, 23.031], [-81.614, 23.028]]}, "properties": {"v": 110000, "nm": "Guiteras 110 kV", "op": "UNE – SEN", "f": "60", "oid": 772171932}}, {"type": "Feature", "geometry": {"type": "LineString", "coordinates": [[-81.613, 23.031], [-81.614, 23.028]]}, "properties": {"v": 110000, "nm": "Guiteras 110 kV", "op": "UNE – SEN", "f": "60", "oid": 772171930}}, {"type": "Feature", "geometry": {"type": "LineString", "coordinates": [[-81.597, 23.053], [-81.6, 23.051]]}, "properties": {"v": 110000, "nm": "Guiteras 110 kV", "op": "UNE – SEN", "f": "60", "oid": 772171929}}, {"type": "Feature", "geometry": {"type": "LineString", "coordinates": [[-81.597, 23.053], [-81.6, 23.051]]}, "properties": {"v": 110000, "nm": "Guiteras 110 kV", "op": "UNE – SEN", "f": "60", "oid": 772171928}}, {"type": "Feature", "geometry": {"type": "LineString", "coordinates": [[-81.589, 23.013], [-81.611, 23.022]]}, "properties": {"v": 110000, "nm": "Guiteras 110 kV", "op": "UNE – SEN", "f": "60", "oid": 147108753}}, {"type": "Feature", "geometry": {"type": "LineString", "coordinates": [[-81.546, 23.074], [-81.597, 23.053]]}, "properties": {"v": 110000, "nm": "Guiteras 110 kV", "op": "UNE – SEN", "c": 2, "f": "60", "oid": 569005378}}, {"type": "Feature", "geometry": {"type": "LineString", "coordinates": [[-81.54, 23.071], [-81.543, 23.073]]}, "properties": {"v": 110000, "nm": "Guiteras 110 kV", "op": "UNE – SEN", "c": 2, "f": "60", "oid": 772171923}}, {"type": "Feature", "geometry": {"type": "LineString", "coordinates": [[-81.54, 23.07], [-81.54, 23.071]]}, "properties": {"v": 110000, "nm": "Guiteras 110 kV", "op": "UNE – SEN", "f": "60", "oid": 772171927}}, {"type": "Feature", "geometry": {"type": "LineString", "coordinates": [[-81.54, 23.07], [-81.54, 23.071]]}, "properties": {"v": 110000, "nm": "Guiteras 110 kV", "op": "UNE – SEN", "f": "60", "oid": 772171924}}, {"type": "Feature", "geometry": {"type": "LineString", "coordinates": [[-81.543, 23.073], [-81.546, 23.074]]}, "properties": {"v": 110000, "nm": "Guiteras 110 kV", "op": "UNE – SEN", "f": "60", "oid": 772171926}}, {"type": "Feature", "geometry": {"type": "LineString", "coordinates": [[-81.543, 23.073], [-81.546, 23.074]]}, "properties": {"v": 110000, "nm": "Guiteras 110 kV", "op": "UNE – SEN", "f": "60", "oid": 772171925}}, {"type": "Feature", "geometry": {"type": "LineString", "coordinates": [[-82.358, 23.052], [-82.365, 23.052]]}, "properties": {"v": 110000, "nm": "Diezmero - Planta Naranjito 110 kV", "op": "UNE – SEN", "c": 2, "f": "60", "oid": 1168182612}}, {"type": "Feature", "geometry": {"type": "LineString", "coordinates": [[-82.22, 23.038], [-82.284, 23.039]]}, "properties": {"v": 220000, "nm": "Cotorro - Antillana de Acero 220 kV", "op": "UNE – SEN", "c": 2, "f": "60", "oid": 146908239}}, {"type": "Feature", "geometry": {"type": "LineString", "coordinates": [[-82.749, 23.019], [-82.75, 23.019]]}, "properties": {"v": 110000, "f": "60", "oid": 1211100405}}, {"type": "Feature", "geometry": {"type": "LineString", "coordinates": [[-82.75, 23.02], [-82.749, 23.019]]}, "properties": {"v": 110000, "f": "60", "oid": 1211100407}}, {"type": "Feature", "geometry": {"type": "LineString", "coordinates": [[-82.749, 23.019], [-82.75, 23.02]]}, "properties": {"v": 110000, "f": "60", "oid": 1211100406}}, {"type": "Feature", "geometry": {"type": "LineString", "coordinates": [[-82.749, 23.02], [-82.747, 23.02]]}, "properties": {"v": 220000, "f": "60", "oid": 1211100409}}, {"type": "Feature", "geometry": {"type": "LineString", "coordinates": [[-82.749, 23.02], [-82.748, 23.02]]}, "properties": {"v": 110000, "f": "60", "oid": 1211100404}}, {"type": "Feature", "geometry": {"type": "LineString", "coordinates": [[-82.749, 23.02], [-82.747, 23.02]]}, "properties": {"v": 220000, "f": "60", "oid": 1211100411}}, {"type": "Feature", "geometry": {"type": "LineString", "coordinates": [[-82.746, 23.02], [-82.749, 23.021]]}, "properties": {"v": 220000, "f": "60", "oid": 1211100412}}, {"type": "Feature", "geometry": {"type": "LineString", "coordinates": [[-82.749, 23.021], [-82.746, 23.021]]}, "properties": {"v": 220000, "f": "60", "oid": 1211100410}}, {"type": "Feature", "geometry": {"type": "LineString", "coordinates": [[-82.748, 23.019], [-82.748, 23.02]]}, "properties": {"v": 110000, "f": "60", "oid": 1210946275}}, {"type": "Feature", "geometry": {"type": "LineString", "coordinates": [[-82.748, 23.019], [-82.747, 23.019]]}, "properties": {"v": 220000, "f": "60", "oid": 1210946277}}, {"type": "Feature", "geometry": {"type": "LineString", "coordinates": [[-82.747, 23.019], [-82.748, 23.02]]}, "properties": {"v": 220000, "f": "60", "oid": 1210946276}}, {"type": "Feature", "geometry": {"type": "LineString", "coordinates": [[-82.747, 23.019], [-82.746, 23.021]]}, "properties": {"v": 220000, "oid": 146902348}}, {"type": "Feature", "geometry": {"type": "LineString", "coordinates": [[-82.536, 23.047], [-82.533, 23.049]]}, "properties": {"v": 110000, "nm": "TE Mariel 110 kV", "op": "UNE – SEN", "f": "60", "oid": 785197901}}, {"type": "Feature", "geometry": {"type": "LineString", "coordinates": [[-82.536, 23.047], [-82.533, 23.049]]}, "properties": {"v": 110000, "nm": "TE Mariel 110 kV", "op": "UNE – SEN", "f": "60", "oid": 785197900}}, {"type": "Feature", "geometry": {"type": "LineString", "coordinates": [[-82.533, 23.049], [-82.523, 23.057]]}, "properties": {"v": 110000, "nm": "TE Mariel 110 kV", "op": "UNE – SEN", "f": "60", "oid": 785197899}}, {"type": "Feature", "geometry": {"type": "LineString", "coordinates": [[-82.523, 23.057], [-82.52, 23.059]]}, "properties": {"v": 110000, "nm": "TE Mariel 110 kV", "op": "UNE – SEN", "f": "60", "oid": 785197911}}, {"type": "Feature", "geometry": {"type": "LineString", "coordinates": [[-82.523, 23.057], [-82.52, 23.059]]}, "properties": {"v": 110000, "nm": "TE Mariel 110 kV", "op": "UNE – SEN", "f": "60", "oid": 785197912}}, {"type": "Feature", "geometry": {"type": "LineString", "coordinates": [[-82.52, 23.059], [-82.476, 23.064]]}, "properties": {"v": 110000, "nm": "TE Mariel 110 kV", "op": "UNE – SEN", "f": "60", "oid": 785197910}}, {"type": "Feature", "geometry": {"type": "LineString", "coordinates": [[-82.476, 23.064], [-82.465, 23.061]]}, "properties": {"v": 110000, "nm": "TE Mariel 110 kV", "op": "UNE – SEN", "f": "60", "oid": 785197920}}, {"type": "Feature", "geometry": {"type": "LineString", "coordinates": [[-82.457, 23.069], [-82.476, 23.064]]}, "properties": {"v": 110000, "nm": "TE Mariel 110 kV", "op": "UNE – SEN", "f": "60", "oid": 546945694}}, {"type": "Feature", "geometry": {"type": "LineString", "coordinates": [[-82.465, 23.061], [-82.457, 23.069]]}, "properties": {"v": 110000, "nm": "TE Mariel 110 kV", "op": "UNE – SEN", "f": "60", "oid": 785197919}}, {"type": "Feature", "geometry": {"type": "LineString", "coordinates": [[-82.465, 23.061], [-82.462, 23.059]]}, "properties": {"v": 110000, "nm": "TE Mariel 110 kV", "op": "UNE – SEN", "f": "60", "oid": 785197908}}, {"type": "Feature", "geometry": {"type": "LineString", "coordinates": [[-82.462, 23.059], [-82.46, 23.058]]}, "properties": {"v": 110000, "nm": "TE Mariel 110 kV", "op": "UNE – SEN", "f": "60", "oid": 785197909}}, {"type": "Feature", "geometry": {"type": "LineString", "coordinates": [[-82.462, 23.059], [-82.46, 23.058]]}, "properties": {"v": 110000, "nm": "TE Mariel 110 kV", "op": "UNE – SEN", "f": "60", "oid": 785197907}}, {"type": "Feature", "geometry": {"type": "LineString", "coordinates": [[-82.46, 23.058], [-82.459, 23.058]]}, "properties": {"v": 110000, "nm": "TE Mariel 110 kV", "op": "UNE – SEN", "f": "60", "oid": 785197906}}, {"type": "Feature", "geometry": {"type": "LineString", "coordinates": [[-82.459, 23.058], [-82.454, 23.056]]}, "properties": {"v": 110000, "nm": "TE Mariel 110 kV", "op": "UNE – SEN", "f": "60", "oid": 785197905}}, {"type": "Feature", "geometry": {"type": "LineString", "coordinates": [[-82.459, 23.058], [-82.454, 23.056]]}, "properties": {"v": 110000, "nm": "TE Mariel 110 kV", "op": "UNE – SEN", "f": "60", "oid": 785197904}}, {"type": "Feature", "geometry": {"type": "LineString", "coordinates": [[-82.454, 23.056], [-82.45, 23.053]]}, "properties": {"v": 110000, "nm": "TE Mariel 110 kV", "op": "UNE – SEN", "f": "60", "oid": 785197921}}, {"type": "Feature", "geometry": {"type": "LineString", "coordinates": [[-82.45, 23.053], [-82.449, 23.052]]}, "properties": {"v": 110000, "nm": "TE Mariel 110 kV", "op": "UNE – SEN", "f": "60", "oid": 785197902}}, {"type": "Feature", "geometry": {"type": "LineString", "coordinates": [[-82.45, 23.053], [-82.449, 23.052]]}, "properties": {"v": 110000, "nm": "TE Mariel 110 kV", "op": "UNE – SEN", "f": "60", "oid": 785197903}}, {"type": "Feature", "geometry": {"type": "LineString", "coordinates": [[-82.42, 23.049], [-82.424, 23.045]]}, "properties": {"v": 110000, "nm": "CUJAE", "op": "UNE – SEN", "c": 2, "f": "60", "oid": 147213155}}, {"type": "Feature", "geometry": {"type": "LineString", "coordinates": [[-82.421, 23.05], [-82.42, 23.049]]}, "properties": {"v": 110000, "c": 1, "f": "60", "oid": 1256796256}}, {"type": "Feature", "geometry": {"type": "LineString", "coordinates": [[-82.421, 23.05], [-82.42, 23.049]]}, "properties": {"v": 110000, "c": 1, "f": "60", "oid": 1256796257}}, {"type": "Feature", "geometry": {"type": "LineString", "coordinates": [[-82.402, 23.105], [-82.411, 23.108]]}, "properties": {"v": 110000, "f": "60", "oid": 463569243}}, {"type": "Feature", "geometry": {"type": "LineString", "coordinates": [[-82.407, 23.074], [-82.388, 23.078]]}, "properties": {"v": 110000, "nm": "Fábrica de Oxígeno 110 kV", "op": "UNE – SEN", "f": "60", "oid": 1256796274}}, {"type": "Feature", "geometry": {"type": "LineString", "coordinates": [[-82.402, 23.105], [-82.399, 23.102]]}, "properties": {"v": 110000, "f": "60", "oid": 785280215}}, {"type": "Feature", "geometry": {"type": "LineString", "coordinates": [[-82.396, 23.105], [-82.399, 23.102]]}, "properties": {"v": 110000, "f": "60", "oid": 785280216}}, {"type": "Feature", "geometry": {"type": "LineString", "coordinates": [[-82.399, 23.102], [-82.395, 23.093]]}, "properties": {"v": 110000, "f": "60", "oid": 322535266}}, {"type": "Feature", "geometry": {"type": "LineString", "coordinates": [[-82.388, 23.078], [-82.395, 23.093]]}, "properties": {"v": 110000, "c": 2, "f": "60", "oid": 1256796284}}, {"type": "Feature", "geometry": {"type": "LineString", "coordinates": [[-82.389, 23.094], [-82.395, 23.094]]}, "properties": {"v": 110000, "c": 1, "f": "60", "oid": 1256796260}}, {"type": "Feature", "geometry": {"type": "LineString", "coordinates": [[-82.395, 23.093], [-82.389, 23.094]]}, "properties": {"v": 110000, "c": 1, "f": "60", "oid": 1256796261}}, {"type": "Feature", "geometry": {"type": "LineString", "coordinates": [[-82.388, 23.102], [-82.389, 23.094]]}, "properties": {"v": 110000, "c": 2, "f": "60", "oid": 1256796262}}, {"type": "Feature", "geometry": {"type": "LineString", "coordinates": [[-82.388, 23.078], [-82.356, 23.118]]}, "properties": {"v": 110000, "nm": "Planta Naranjito - Melones 110 kV", "op": "UNE – SEN", "c": 2, "f": "60", "oid": 147213162}}, {"type": "Feature", "geometry": {"type": "LineString", "coordinates": [[-82.386, 23.103], [-82.388, 23.102]]}, "properties": {"v": 110000, "c": 1, "f": "60", "oid": 1256796258}}, {"type": "Feature", "geometry": {"type": "LineString", "coordinates": [[-82.386, 23.103], [-82.388, 23.102]]}, "properties": {"v": 110000, "c": 1, "f": "60", "oid": 1256796259}}, {"type": "Feature", "geometry": {"type": "LineString", "coordinates": [[-82.331, 23.118], [-82.356, 23.118]]}, "properties": {"v": 110000, "nm": "Regla - Melones 110 kV", "op": "UNE – SEN", "f": "60", "oid": 148063172}}, {"type": "Feature", "geometry": {"type": "LineString", "coordinates": [[-82.33, 23.118], [-82.326, 23.107]]}, "properties": {"v": 110000, "nm": "Regla 110 kV", "op": "UNE – SEN", "c": 2, "f": "60", "oid": 353352032}}, {"type": "Feature", "geometry": {"type": "LineString", "coordinates": [[-82.317, 23.102], [-82.326, 23.107]]}, "properties": {"v": 110000, "nm": "Regla 110 kV", "op": "UNE – SEN", "f": "60", "oid": 146972178}}, {"type": "Feature", "geometry": {"type": "LineString", "coordinates": [[-82.317, 23.102], [-82.326, 23.107]]}, "properties": {"v": 110000, "nm": "Regla 110 kV", "op": "UNE – SEN", "f": "60", "oid": 146972175}}, {"type": "Feature", "geometry": {"type": "LineString", "coordinates": [[-82.306, 23.099], [-82.317, 23.102]]}, "properties": {"v": 110000, "nm": "Regla 110 kV", "op": "UNE – SEN", "f": "60", "oid": 146972179}}, {"type": "Feature", "geometry": {"type": "LineString", "coordinates": [[-82.304, 23.097], [-82.306, 23.099]]}, "properties": {"v": 110000, "nm": "Regla 110 kV", "op": "UNE – SEN", "f": "60", "oid": 146972177}}, {"type": "Feature", "geometry": {"type": "LineString", "coordinates": [[-82.306, 23.099], [-82.304, 23.097]]}, "properties": {"v": 110000, "nm": "Regla 110 kV", "op": "UNE – SEN", "f": "60", "oid": 146972176}}, {"type": "Feature", "geometry": {"type": "LineString", "coordinates": [[-82.3, 23.092], [-82.304, 23.097]]}, "properties": {"v": 110000, "nm": "Regla 110 kV", "op": "UNE – SEN", "f": "60", "oid": 146972173}}, {"type": "Feature", "geometry": {"type": "LineString", "coordinates": [[-82.3, 23.092], [-82.297, 23.09]]}, "properties": {"v": 110000, "nm": "Regla 110 kV", "op": "UNE – SEN", "f": "60", "oid": 146972171}}, {"type": "Feature", "geometry": {"type": "LineString", "coordinates": [[-82.297, 23.09], [-82.3, 23.092]]}, "properties": {"v": 110000, "nm": "Regla 110 kV", "op": "UNE – SEN", "f": "60", "oid": 146972181}}, {"type": "Feature", "geometry": {"type": "LineString", "coordinates": [[-82.289, 23.134], [-82.295, 23.135]]}, "properties": {"v": 110000, "nm": "Berroa Guanabacoa 110 kV", "oid": 1241655014}}, {"type": "Feature", "geometry": {"type": "LineString", "coordinates": [[-82.291, 23.094], [-82.293, 23.093]]}, "properties": {"v": 110000, "nm": "Berroa Guanabacoa - Diezmero 110 kV", "op": "UNE – SEN", "f": "60", "oid": 785135874}}, {"type": "Feature", "geometry": {"type": "LineString", "coordinates": [[-82.291, 23.094], [-82.297, 23.09]]}, "properties": {"v": 110000, "nm": "Boca de Jaruco 110 kV", "op": "UNE – SEN", "f": "60", "oid": 785135883}}, {"type": "Feature", "geometry": {"type": "LineString", "coordinates": [[-82.268, 23.136], [-82.315, 23.131]]}, "properties": {"v": 110000, "nm": "Refinería 110 kV", "op": "UNE – SEN", "f": "60", "oid": 785135877}}, {"type": "Feature", "geometry": {"type": "LineString", "coordinates": [[-82.285, 23.135], [-82.315, 23.131]]}, "properties": {"v": 110000, "nm": "Refinería 110 kV", "op": "UNE – SEN", "f": "60", "oid": 785135882}}, {"type": "Feature", "geometry": {"type": "LineString", "coordinates": [[-82.276, 23.136], [-82.279, 23.136]]}, "properties": {"v": 110000, "nm": "Berroa Guanabacoa - Diezmero 110 kV", "op": "UNE – SEN", "f": "60", "oid": 785135903}}, {"type": "Feature", "geometry": {"type": "LineString", "coordinates": [[-82.025, 23.183], [-82.041, 23.122], [-82.291, 23.094]]}, "properties": {"v": 110000, "nm": "Boca de Jaruco 110 kV", "op": "UNE – SEN", "f": "60", "oid": 536482478}}, {"type": "Feature", "geometry": {"type": "LineString", "coordinates": [[-82.291, 23.096], [-82.291, 23.094]]}, "properties": {"v": 110000, "nm": "Berroa Guanabacoa - Diezmero 110 kV", "op": "UNE – SEN", "f": "60", "oid": 785135884}}, {"type": "Feature", "geometry": {"type": "LineString", "coordinates": [[-82.291, 23.096], [-82.291, 23.094]]}, "properties": {"v": 110000, "nm": "Berroa Guanabacoa - Diezmero 110 kV", "op": "UNE – SEN", "f": "60", "oid": 785135885}}, {"type": "Feature", "geometry": {"type": "LineString", "coordinates": [[-82.29, 23.1], [-82.291, 23.096]]}, "properties": {"v": 110000, "nm": "Berroa Guanabacoa - Diezmero 110 kV", "op": "UNE – SEN", "f": "60", "oid": 785135886}}, {"type": "Feature", "geometry": {"type": "LineString", "coordinates": [[-82.284, 23.114], [-82.29, 23.1]]}, "properties": {"v": 110000, "nm": "Berroa Guanabacoa - Diezmero 110 kV", "op": "UNE – SEN", "f": "60", "oid": 785135889}}, {"type": "Feature", "geometry": {"type": "LineString", "coordinates": [[-82.284, 23.114], [-82.29, 23.1]]}, "properties": {"v": 110000, "nm": "Berroa Guanabacoa - Diezmero 110 kV", "op": "UNE – SEN", "f": "60", "oid": 785135887}}, {"type": "Feature", "geometry": {"type": "LineString", "coordinates": [[-82.285, 23.135], [-82.289, 23.134]]}, "properties": {"v": 110000, "nm": "Berroa Guanabacoa 110 kV", "op": "UNE – SEN", "f": "60", "oid": 785135911}}, {"type": "Feature", "geometry": {"type": "LineString", "coordinates": [[-82.285, 23.135], [-82.289, 23.134]]}, "properties": {"v": 110000, "nm": "Berroa Guanabacoa 110 kV", "op": "UNE – SEN", "f": "60", "oid": 785135912}}, {"type": "Feature", "geometry": {"type": "LineString", "coordinates": [[-82.274, 23.137], [-82.285, 23.135]]}, "properties": {"v": 110000, "nm": "Berroa Guanabacoa 110 kV", "op": "UNE – SEN", "f": "60", "oid": 685024381}}, {"type": "Feature", "geometry": {"type": "LineString", "coordinates": [[-82.269, 23.137], [-82.285, 23.135]]}, "properties": {"v": 110000, "nm": "Refinería 110 kV", "op": "UNE – SEN", "f": "60", "oid": 785135906}}, {"type": "Feature", "geometry": {"type": "LineString", "coordinates": [[-82.283, 23.133], [-82.283, 23.129]]}, "properties": {"v": 110000, "nm": "Berroa Guanabacoa - Diezmero 110 kV", "op": "UNE – SEN", "f": "60", "oid": 785135898}}, {"type": "Feature", "geometry": {"type": "LineString", "coordinates": [[-82.283, 23.133], [-82.283, 23.129]]}, "properties": {"v": 110000, "nm": "Berroa Guanabacoa - Diezmero 110 kV", "op": "UNE – SEN", "f": "60", "oid": 785135899}}, {"type": "Feature", "geometry": {"type": "LineString", "coordinates": [[-82.282, 23.116], [-82.284, 23.114]]}, "properties": {"v": 110000, "nm": "Berroa Guanabacoa - Diezmero 110 kV", "op": "UNE – SEN", "f": "60", "oid": 785135888}}, {"type": "Feature", "geometry": {"type": "LineString", "coordinates": [[-82.283, 23.129], [-82.281, 23.127]]}, "properties": {"v": 110000, "nm": "Berroa Guanabacoa - Diezmero 110 kV", "op": "UNE – SEN", "f": "60", "oid": 785135897}}, {"type": "Feature", "geometry": {"type": "LineString", "coordinates": [[-82.281, 23.134], [-82.283, 23.133]]}, "properties": {"v": 110000, "nm": "Berroa Guanabacoa - Diezmero 110 kV", "op": "UNE – SEN", "f": "60", "oid": 785135900}}, {"type": "Feature", "geometry": {"type": "LineString", "coordinates": [[-82.28, 23.117], [-82.282, 23.116]]}, "properties": {"v": 110000, "nm": "Berroa Guanabacoa - Diezmero 110 kV", "op": "UNE – SEN", "f": "60", "oid": 785135891}}, {"type": "Feature", "geometry": {"type": "LineString", "coordinates": [[-82.28, 23.117], [-82.282, 23.116]]}, "properties": {"v": 110000, "nm": "Berroa Guanabacoa - Diezmero 110 kV", "op": "UNE – SEN", "f": "60", "oid": 785135890}}, {"type": "Feature", "geometry": {"type": "LineString", "coordinates": [[-82.279, 23.136], [-82.281, 23.134]]}, "properties": {"v": 110000, "nm": "Berroa Guanabacoa - Diezmero 110 kV", "op": "UNE – SEN", "f": "60", "oid": 785135902}}, {"type": "Feature", "geometry": {"type": "LineString", "coordinates": [[-82.279, 23.136], [-82.281, 23.134]]}, "properties": {"v": 110000, "nm": "Berroa Guanabacoa - Diezmero 110 kV", "op": "UNE – SEN", "f": "60", "oid": 785135901}}, {"type": "Feature", "geometry": {"type": "LineString", "coordinates": [[-82.281, 23.127], [-82.279, 23.125]]}, "properties": {"v": 110000, "nm": "Berroa Guanabacoa - Diezmero 110 kV", "op": "UNE – SEN", "f": "60", "oid": 785135896}}, {"type": "Feature", "geometry": {"type": "LineString", "coordinates": [[-82.281, 23.127], [-82.279, 23.125]]}, "properties": {"v": 110000, "nm": "Berroa Guanabacoa - Diezmero 110 kV", "op": "UNE – SEN", "f": "60", "oid": 785135895}}, {"type": "Feature", "geometry": {"type": "LineString", "coordinates": [[-82.277, 23.122], [-82.28, 23.117]]}, "properties": {"v": 110000, "nm": "Berroa Guanabacoa - Diezmero 110 kV", "op": "UNE – SEN", "f": "60", "oid": 785135892}}, {"type": "Feature", "geometry": {"type": "LineString", "coordinates": [[-82.279, 23.125], [-82.277, 23.122]]}, "properties": {"v": 110000, "nm": "Berroa Guanabacoa - Diezmero 110 kV", "op": "UNE – SEN", "f": "60", "oid": 785135893}}, {"type": "Feature", "geometry": {"type": "LineString", "coordinates": [[-82.278, 23.124], [-82.277, 23.122]]}, "properties": {"v": 110000, "nm": "Berroa Guanabacoa - Diezmero 110 kV", "op": "UNE – SEN", "f": "60", "oid": 785135894}}, {"type": "Feature", "geometry": {"type": "LineString", "coordinates": [[-82.266, 23.136], [-82.276, 23.136]]}, "properties": {"v": 110000, "nm": "Berroa Guanabacoa - Diezmero 110 kV", "op": "UNE – SEN", "f": "60", "oid": 785135904}}, {"type": "Feature", "geometry": {"type": "LineString", "coordinates": [[-82.266, 23.136], [-82.276, 23.136]]}, "properties": {"v": 110000, "nm": "Berroa Guanabacoa - Diezmero 110 kV", "op": "UNE – SEN", "f": "60", "oid": 685024382}}, {"type": "Feature", "geometry": {"type": "LineString", "coordinates": [[-82.271, 23.137], [-82.274, 23.137]]}, "properties": {"v": 110000, "nm": "Berroa Guanabacoa 110 kV", "op": "UNE – SEN", "f": "60", "oid": 785135905}}, {"type": "Feature", "geometry": {"type": "LineString", "coordinates": [[-82.271, 23.137], [-82.274, 23.137]]}, "properties": {"v": 110000, "nm": "Berroa Guanabacoa 110 kV", "op": "UNE – SEN", "f": "60", "oid": 785135910}}, {"type": "Feature", "geometry": {"type": "LineString", "coordinates": [[-82.269, 23.137], [-82.271, 23.137]]}, "properties": {"v": 110000, "nm": "Berroa Guanabacoa 110 kV", "op": "UNE – SEN", "f": "60", "oid": 785135908}}, {"type": "Feature", "geometry": {"type": "LineString", "coordinates": [[-82.269, 23.137], [-82.266, 23.133]]}, "properties": {"v": 110000, "nm": "Santa Cruz 110 kV", "op": "UNE – SEN", "f": "60", "oid": 785135999}}, {"type": "Feature", "geometry": {"type": "LineString", "coordinates": [[-82.268, 23.137], [-82.266, 23.133]]}, "properties": {"v": 110000, "nm": "Santa Cruz 110 kV", "op": "UNE – SEN", "f": "60", "oid": 785136000}}, {"type": "Feature", "geometry": {"type": "LineString", "coordinates": [[-82.268, 23.137], [-82.269, 23.137]]}, "properties": {"v": 110000, "nm": "Berroa Guanabacoa 110 kV", "op": "UNE – SEN", "f": "60", "oid": 785135909}}, {"type": "Feature", "geometry": {"type": "LineString", "coordinates": [[-82.268, 23.137], [-82.269, 23.137]]}, "properties": {"v": 110000, "nm": "Berroa Guanabacoa 110 kV", "op": "UNE – SEN", "f": "60", "oid": 785135907}}, {"type": "Feature", "geometry": {"type": "LineString", "coordinates": [[-82.266, 23.136], [-82.268, 23.136]]}, "properties": {"v": 110000, "nm": "Refinería 110 kV", "op": "UNE – SEN", "f": "60", "oid": 785135875}}, {"type": "Feature", "geometry": {"type": "LineString", "coordinates": [[-82.266, 23.137], [-82.268, 23.136]]}, "properties": {"v": 110000, "nm": "Refinería 110 kV", "op": "UNE – SEN", "f": "60", "oid": 785135876}}, {"type": "Feature", "geometry": {"type": "LineString", "coordinates": [[-82.266, 23.136], [-82.26, 23.135]]}, "properties": {"v": 110000, "nm": "Berroa Guanabacoa - Alamar 110 kV", "op": "UNE – SEN", "f": "60", "oid": 785135925}}, {"type": "Feature", "geometry": {"type": "LineString", "coordinates": [[-82.266, 23.136], [-82.26, 23.135]]}, "properties": {"v": 110000, "nm": "Berroa Guanabacoa - Alamar 110 kV", "op": "UNE – SEN", "f": "60", "oid": 785135926}}, {"type": "Feature", "geometry": {"type": "LineString", "coordinates": [[-82.264, 23.16], [-82.266, 23.162]]}, "properties": {"v": 110000, "nm": "Berroa Guanabacoa - Alamar 110 kV", "op": "UNE – SEN", "f": "60", "oid": 785135914}}, {"type": "Feature", "geometry": {"type": "LineString", "coordinates": [[-82.024, 23.182], [-82.025, 23.183]]}, "properties": {"v": 110000, "nm": "Boca de Jaruco 110 kV", "op": "UNE – SEN", "f": "60", "oid": 785136003}}, {"type": "Feature", "geometry": {"type": "LineString", "coordinates": [[-82.024, 23.182], [-82.025, 23.183]]}, "properties": {"v": 110000, "nm": "Boca de Jaruco 110 kV", "op": "UNE – SEN", "f": "60", "oid": 785136002}}, {"type": "Feature", "geometry": {"type": "LineString", "coordinates": [[-82.219, 23.04], [-82.034, 23.084], [-81.991, 23.152]]}, "properties": {"v": 220000, "nm": "Boca de Jaruco 220 kV", "op": "UNE – SEN", "oid": 38491946}}, {"type": "Feature", "geometry": {"type": "LineString", "coordinates": [[-82.025, 23.183], [-81.991, 23.152]]}, "properties": {"v": 220000, "nm": "Boca de Jaruco 220 kV", "op": "UNE – SEN", "f": "60", "oid": 536482494}}, {"type": "Feature", "geometry": {"type": "LineString", "coordinates": [[-82.025, 23.183], [-81.992, 23.152]]}, "properties": {"v": 220000, "nm": "Boca de Jaruco 220 kV", "op": "UNE – SEN", "f": "60", "oid": 536482493}}, {"type": "Feature", "geometry": {"type": "LineString", "coordinates": [[-82.135, 23.147], [-82.122, 23.152]]}, "properties": {"v": 110000, "nm": "Santa Cruz 110 kV", "op": "UNE – SEN", "f": "60", "oid": 785135953}}, {"type": "Feature", "geometry": {"type": "LineString", "coordinates": [[-82.122, 23.152], [-82.119, 23.152]]}, "properties": {"v": 110000, "nm": "Santa Cruz 110 kV", "op": "UNE – SEN", "f": "60", "oid": 785135952}}, {"type": "Feature", "geometry": {"type": "LineString", "coordinates": [[-82.122, 23.152], [-82.119, 23.152]]}, "properties": {"v": 110000, "nm": "Santa Cruz 110 kV", "op": "UNE – SEN", "f": "60", "oid": 785135951}}, {"type": "Feature", "geometry": {"type": "LineString", "coordinates": [[-82.119, 23.152], [-82.115, 23.151]]}, "properties": {"v": 110000, "nm": "Santa Cruz 110 kV", "op": "UNE – SEN", "f": "60", "oid": 785135949}}, {"type": "Feature", "geometry": {"type": "LineString", "coordinates": [[-82.115, 23.151], [-82.113, 23.15]]}, "properties": {"v": 110000, "nm": "Santa Cruz 110 kV", "op": "UNE – SEN", "f": "60", "oid": 785135948}}, {"type": "Feature", "geometry": {"type": "LineString", "coordinates": [[-82.115, 23.151], [-82.113, 23.15]]}, "properties": {"v": 110000, "nm": "Santa Cruz 110 kV", "op": "UNE – SEN", "f": "60", "oid": 785135950}}, {"type": "Feature", "geometry": {"type": "LineString", "coordinates": [[-82.113, 23.15], [-82.099, 23.136]]}, "properties": {"v": 110000, "nm": "Santa Cruz 110 kV", "op": "UNE – SEN", "f": "60", "oid": 785135944}}, {"type": "Feature", "geometry": {"type": "LineString", "coordinates": [[-82.099, 23.136], [-82.097, 23.135]]}, "properties": {"v": 110000, "nm": "Santa Cruz 110 kV", "op": "UNE – SEN", "f": "60", "oid": 785135945}}, {"type": "Feature", "geometry": {"type": "LineString", "coordinates": [[-82.099, 23.136], [-82.097, 23.135]]}, "properties": {"v": 110000, "nm": "Santa Cruz 110 kV", "op": "UNE – SEN", "f": "60", "oid": 785135943}}, {"type": "Feature", "geometry": {"type": "LineString", "coordinates": [[-82.097, 23.135], [-82.054, 23.123]]}, "properties": {"v": 110000, "nm": "Santa Cruz 110 kV", "op": "UNE – SEN", "f": "60", "oid": 639520966}}, {"type": "Feature", "geometry": {"type": "LineString", "coordinates": [[-82.054, 23.123], [-82.051, 23.123]]}, "properties": {"v": 110000, "nm": "Santa Cruz 110 kV", "op": "UNE – SEN", "f": "60", "oid": 785135941}}, {"type": "Feature", "geometry": {"type": "LineString", "coordinates": [[-82.054, 23.123], [-82.051, 23.123]]}, "properties": {"v": 110000, "nm": "Santa Cruz 110 kV", "op": "UNE – SEN", "f": "60", "oid": 785135942}}, {"type": "Feature", "geometry": {"type": "LineString", "coordinates": [[-82.051, 23.123], [-82.04, 23.122]]}, "properties": {"v": 110000, "nm": "Santa Cruz 110 kV", "op": "UNE – SEN", "f": "60", "oid": 785135940}}, {"type": "Feature", "geometry": {"type": "LineString", "coordinates": [[-82.04, 23.122], [-82.039, 23.123]]}, "properties": {"v": 110000, "nm": "Boca de Jaruco 110 kV", "op": "UNE – SEN", "f": "60", "oid": 785135939}}, {"type": "Feature", "geometry": {"type": "LineString", "coordinates": [[-82.04, 23.122], [-82.038, 23.122]]}, "properties": {"v": 110000, "nm": "Santa Cruz 110 kV", "op": "UNE – SEN", "f": "60", "oid": 785135937}}, {"type": "Feature", "geometry": {"type": "LineString", "coordinates": [[-82.039, 23.123], [-82.038, 23.122]]}, "properties": {"v": 110000, "nm": "Boca de Jaruco 110 kV", "op": "UNE – SEN", "f": "60", "oid": 785135938}}, {"type": "Feature", "geometry": {"type": "LineString", "coordinates": [[-82.039, 23.123], [-82.024, 23.182]]}, "properties": {"v": 110000, "nm": "Boca de Jaruco 110 kV", "op": "UNE – SEN", "f": "60", "oid": 536482477}}, {"type": "Feature", "geometry": {"type": "LineString", "coordinates": [[-82.038, 23.122], [-82.009, 23.121]]}, "properties": {"v": 110000, "nm": "Santa Cruz 110 kV", "op": "UNE – SEN", "f": "60", "oid": 785136001}}, {"type": "Feature", "geometry": {"type": "LineString", "coordinates": [[-82.009, 23.121], [-82.006, 23.122]]}, "properties": {"v": 110000, "nm": "Santa Cruz 110 kV", "op": "UNE – SEN", "f": "60", "oid": 785135936}}, {"type": "Feature", "geometry": {"type": "LineString", "coordinates": [[-82.009, 23.121], [-82.006, 23.122]]}, "properties": {"v": 110000, "nm": "Santa Cruz 110 kV", "op": "UNE – SEN", "f": "60", "oid": 785135935}}, {"type": "Feature", "geometry": {"type": "LineString", "coordinates": [[-82.006, 23.122], [-81.997, 23.13]]}, "properties": {"v": 110000, "nm": "Santa Cruz 110 kV", "op": "UNE – SEN", "f": "60", "oid": 785135934}}, {"type": "Feature", "geometry": {"type": "LineString", "coordinates": [[-81.992, 23.148], [-81.992, 23.138]]}, "properties": {"v": 110000, "nm": "Santa Cruz 110 kV", "op": "UNE – SEN", "f": "60", "oid": 38532421}}, {"type": "Feature", "geometry": {"type": "LineString", "coordinates": [[-81.954, 23.158], [-81.99, 23.15]]}, "properties": {"v": 110000, "nm": "TE Santa Cruz 110 kV", "op": "UNE – SEN", "oid": 38532418}}, {"type": "Feature", "geometry": {"type": "LineString", "coordinates": [[-81.989, 23.15], [-81.953, 23.158]]}, "properties": {"v": 110000, "nm": "TE Santa Cruz 110 kV", "op": "UNE – SEN", "oid": 38532420}}, {"type": "Feature", "geometry": {"type": "LineString", "coordinates": [[-81.976, 23.15], [-81.982, 23.149]]}, "properties": {"v": 110000, "nm": "Santa Cruz 110 kV", "op": "UNE – SEN", "f": "60", "oid": 146977101}}, {"type": "Feature", "geometry": {"type": "LineString", "coordinates": [[-81.982, 23.149], [-81.99, 23.15]]}, "properties": {"v": 110000, "nm": "Santa Cruz 110 kV", "op": "UNE – SEN", "f": "60", "oid": 146977100}}, {"type": "Feature", "geometry": {"type": "LineString", "coordinates": [[-81.99, 23.15], [-81.982, 23.149]]}, "properties": {"v": 110000, "nm": "Santa Cruz 110 kV", "op": "UNE – SEN", "f": "60", "oid": 146977106}}, {"type": "Feature", "geometry": {"type": "LineString", "coordinates": [[-81.961, 23.148], [-81.973, 23.15]]}, "properties": {"v": 110000, "nm": "Santa Cruz 110 kV", "op": "UNE – SEN", "f": "60", "oid": 146977096}}, {"type": "Feature", "geometry": {"type": "LineString", "coordinates": [[-81.992, 23.138], [-81.993, 23.135]]}, "properties": {"v": 110000, "nm": "Santa Cruz 110 kV", "op": "UNE – SEN", "f": "60", "oid": 785135928}}, {"type": "Feature", "geometry": {"type": "LineString", "coordinates": [[-81.991, 23.149], [-81.992, 23.148]]}, "properties": {"v": 110000, "nm": "Santa Cruz 110 kV", "op": "UNE – SEN", "f": "60", "oid": 785135927}}, {"type": "Feature", "geometry": {"type": "LineString", "coordinates": [[-81.99, 23.15], [-81.991, 23.149]]}, "properties": {"v": 110000, "nm": "Santa Cruz 110 kV", "op": "UNE – SEN", "f": "60", "oid": 785135929}}, {"type": "Feature", "geometry": {"type": "LineString", "coordinates": [[-81.99, 23.15], [-81.991, 23.149]]}, "properties": {"v": 110000, "nm": "Santa Cruz 110 kV", "op": "UNE – SEN", "f": "60", "oid": 785135930}}, {"type": "Feature", "geometry": {"type": "LineString", "coordinates": [[-81.992, 23.148], [-81.992, 23.138]]}, "properties": {"v": 110000, "nm": "Santa Cruz 110 kV", "op": "UNE – SEN", "f": "60", "oid": 785135931}}, {"type": "Feature", "geometry": {"type": "LineString", "coordinates": [[-81.993, 23.135], [-81.997, 23.13]]}, "properties": {"v": 110000, "nm": "Santa Cruz 110 kV", "op": "UNE – SEN", "f": "60", "oid": 785135933}}, {"type": "Feature", "geometry": {"type": "LineString", "coordinates": [[-81.993, 23.135], [-81.997, 23.13]]}, "properties": {"v": 110000, "nm": "Santa Cruz 110 kV", "op": "UNE – SEN", "f": "60", "oid": 785135932}}, {"type": "Feature", "geometry": {"type": "LineString", "coordinates": [[-81.973, 23.15], [-81.976, 23.15]]}, "properties": {"v": 110000, "nm": "Santa Cruz 110 kV", "op": "UNE – SEN", "f": "60", "oid": 146977088}}, {"type": "Feature", "geometry": {"type": "LineString", "coordinates": [[-81.973, 23.15], [-81.976, 23.15]]}, "properties": {"v": 110000, "nm": "Santa Cruz 110 kV", "op": "UNE – SEN", "f": "60", "oid": 146977094}}, {"type": "Feature", "geometry": {"type": "LineString", "coordinates": [[-81.956, 23.148], [-81.961, 23.148]]}, "properties": {"v": 110000, "nm": "Santa Cruz 110 kV", "op": "UNE – SEN", "f": "60", "oid": 784589470}}, {"type": "Feature", "geometry": {"type": "LineString", "coordinates": [[-81.956, 23.148], [-81.961, 23.148]]}, "properties": {"v": 110000, "nm": "Santa Cruz 110 kV", "op": "UNE – SEN", "f": "60", "oid": 784589472}}, {"type": "Feature", "geometry": {"type": "LineString", "coordinates": [[-81.951, 23.15], [-81.956, 23.148]]}, "properties": {"v": 110000, "nm": "Santa Cruz 110 kV", "op": "UNE – SEN", "f": "60", "oid": 784589471}}, {"type": "Feature", "geometry": {"type": "LineString", "coordinates": [[-81.991, 23.15], [-81.991, 23.152]]}, "properties": {"v": 220000, "oid": 38532409}}, {"type": "Feature", "geometry": {"type": "LineString", "coordinates": [[-81.991, 23.151], [-81.954, 23.159]]}, "properties": {"v": 220000, "nm": "TE Santa Cruz 220 kV", "op": "UNE – SEN", "oid": 38491626}}, {"type": "Feature", "geometry": {"type": "LineString", "coordinates": [[-82.266, 23.133], [-82.264, 23.134]]}, "properties": {"v": 110000, "nm": "Santa Cruz 110 kV", "op": "UNE – SEN", "f": "60", "oid": 785135998}}, {"type": "Feature", "geometry": {"type": "LineString", "coordinates": [[-82.264, 23.16], [-82.266, 23.162]]}, "properties": {"v": 110000, "nm": "Berroa Guanabacoa - Alamar 110 kV", "op": "UNE – SEN", "f": "60", "oid": 785135913}}, {"type": "Feature", "geometry": {"type": "LineString", "coordinates": [[-82.264, 23.157], [-82.264, 23.16]]}, "properties": {"v": 110000, "nm": "Berroa Guanabacoa - Alamar 110 kV", "op": "UNE – SEN", "f": "60", "oid": 785135915}}, {"type": "Feature", "geometry": {"type": "LineString", "coordinates": [[-82.261, 23.155], [-82.264, 23.157]]}, "properties": {"v": 110000, "nm": "Berroa Guanabacoa - Alamar 110 kV", "op": "UNE – SEN", "f": "60", "oid": 785135917}}, {"type": "Feature", "geometry": {"type": "LineString", "coordinates": [[-82.261, 23.155], [-82.264, 23.157]]}, "properties": {"v": 110000, "nm": "Berroa Guanabacoa - Alamar 110 kV", "op": "UNE – SEN", "f": "60", "oid": 785135919}}, {"type": "Feature", "geometry": {"type": "LineString", "coordinates": [[-82.264, 23.134], [-82.26, 23.135]]}, "properties": {"v": 110000, "nm": "Santa Cruz 110 kV", "op": "UNE – SEN", "f": "60", "oid": 785135996}}, {"type": "Feature", "geometry": {"type": "LineString", "coordinates": [[-82.264, 23.134], [-82.26, 23.135]]}, "properties": {"v": 110000, "nm": "Santa Cruz 110 kV", "op": "UNE – SEN", "f": "60", "oid": 785135997}}, {"type": "Feature", "geometry": {"type": "LineString", "coordinates": [[-82.258, 23.155], [-82.261, 23.155]]}, "properties": {"v": 110000, "nm": "Berroa Guanabacoa - Alamar 110 kV", "op": "UNE – SEN", "f": "60", "oid": 785135916}}, {"type": "Feature", "geometry": {"type": "LineString", "coordinates": [[-82.26, 23.135], [-82.258, 23.135]]}, "properties": {"v": 110000, "nm": "Santa Cruz 110 kV", "op": "UNE – SEN", "f": "60", "oid": 785135995}}, {"type": "Feature", "geometry": {"type": "LineString", "coordinates": [[-82.26, 23.135], [-82.259, 23.136]]}, "properties": {"v": 110000, "nm": "Berroa Guanabacoa - Alamar 110 kV", "op": "UNE – SEN", "f": "60", "oid": 785135922}}, {"type": "Feature", "geometry": {"type": "LineString", "coordinates": [[-82.259, 23.136], [-82.255, 23.149]]}, "properties": {"v": 110000, "nm": "Berroa Guanabacoa - Alamar 110 kV", "op": "UNE – SEN", "f": "60", "oid": 785135924}}, {"type": "Feature", "geometry": {"type": "LineString", "coordinates": [[-82.259, 23.136], [-82.255, 23.149]]}, "properties": {"v": 110000, "nm": "Berroa Guanabacoa - Alamar 110 kV", "op": "UNE – SEN", "f": "60", "oid": 785135923}}, {"type": "Feature", "geometry": {"type": "LineString", "coordinates": [[-82.258, 23.135], [-82.253, 23.138]]}, "properties": {"v": 110000, "nm": "Santa Cruz 110 kV", "op": "UNE – SEN", "f": "60", "oid": 785135994}}, {"type": "Feature", "geometry": {"type": "LineString", "coordinates": [[-82.258, 23.135], [-82.253, 23.138]]}, "properties": {"v": 110000, "nm": "Santa Cruz 110 kV", "op": "UNE – SEN", "f": "60", "oid": 785135993}}, {"type": "Feature", "geometry": {"type": "LineString", "coordinates": [[-82.256, 23.151], [-82.258, 23.155]]}, "properties": {"v": 110000, "nm": "Berroa Guanabacoa - Alamar 110 kV", "op": "UNE – SEN", "f": "60", "oid": 785135918}}, {"type": "Feature", "geometry": {"type": "LineString", "coordinates": [[-82.256, 23.151], [-82.258, 23.155]]}, "properties": {"v": 110000, "nm": "Berroa Guanabacoa - Alamar 110 kV", "op": "UNE – SEN", "f": "60", "oid": 785135921}}, {"type": "Feature", "geometry": {"type": "LineString", "coordinates": [[-82.255, 23.149], [-82.256, 23.151]]}, "properties": {"v": 110000, "nm": "Berroa Guanabacoa - Alamar 110 kV", "op": "UNE – SEN", "f": "60", "oid": 785135920}}, {"type": "Feature", "geometry": {"type": "LineString", "coordinates": [[-82.253, 23.138], [-82.25, 23.141]]}, "properties": {"v": 110000, "nm": "Santa Cruz 110 kV", "op": "UNE – SEN", "f": "60", "oid": 785135992}}, {"type": "Feature", "geometry": {"type": "LineString", "coordinates": [[-82.25, 23.141], [-82.247, 23.143]]}, "properties": {"v": 110000, "nm": "Santa Cruz 110 kV", "op": "UNE – SEN", "f": "60", "oid": 785135991}}, {"type": "Feature", "geometry": {"type": "LineString", "coordinates": [[-82.25, 23.141], [-82.247, 23.143]]}, "properties": {"v": 110000, "nm": "Santa Cruz 110 kV", "op": "UNE – SEN", "f": "60", "oid": 785135990}}, {"type": "Feature", "geometry": {"type": "LineString", "coordinates": [[-82.247, 23.143], [-82.244, 23.144]]}, "properties": {"v": 110000, "nm": "Santa Cruz 110 kV", "op": "UNE – SEN", "f": "60", "oid": 785135988}}, {"type": "Feature", "geometry": {"type": "LineString", "coordinates": [[-82.244, 23.144], [-82.238, 23.145]]}, "properties": {"v": 110000, "nm": "Santa Cruz 110 kV", "op": "UNE – SEN", "f": "60", "oid": 785135987}}, {"type": "Feature", "geometry": {"type": "LineString", "coordinates": [[-82.244, 23.144], [-82.238, 23.145]]}, "properties": {"v": 110000, "nm": "Santa Cruz 110 kV", "op": "UNE – SEN", "f": "60", "oid": 785135989}}, {"type": "Feature", "geometry": {"type": "LineString", "coordinates": [[-82.238, 23.145], [-82.231, 23.147]]}, "properties": {"v": 110000, "nm": "Santa Cruz 110 kV", "op": "UNE – SEN", "f": "60", "oid": 785135986}}, {"type": "Feature", "geometry": {"type": "LineString", "coordinates": [[-82.231, 23.147], [-82.228, 23.148]]}, "properties": {"v": 110000, "nm": "Santa Cruz 110 kV", "op": "UNE – SEN", "f": "60", "oid": 785135985}}, {"type": "Feature", "geometry": {"type": "LineString", "coordinates": [[-82.231, 23.147], [-82.228, 23.148]]}, "properties": {"v": 110000, "nm": "Santa Cruz 110 kV", "op": "UNE – SEN", "f": "60", "oid": 785135984}}, {"type": "Feature", "geometry": {"type": "LineString", "coordinates": [[-82.228, 23.148], [-82.222, 23.148]]}, "properties": {"v": 110000, "nm": "Santa Cruz 110 kV", "op": "UNE – SEN", "f": "60", "oid": 785135982}}, {"type": "Feature", "geometry": {"type": "LineString", "coordinates": [[-82.222, 23.148], [-82.219, 23.149]]}, "properties": {"v": 110000, "nm": "Santa Cruz 110 kV", "op": "UNE – SEN", "f": "60", "oid": 785135981}}, {"type": "Feature", "geometry": {"type": "LineString", "coordinates": [[-82.222, 23.148], [-82.219, 23.149]]}, "properties": {"v": 110000, "nm": "Santa Cruz 110 kV", "op": "UNE – SEN", "f": "60", "oid": 785135983}}, {"type": "Feature", "geometry": {"type": "LineString", "coordinates": [[-82.219, 23.149], [-82.217, 23.15]]}, "properties": {"v": 110000, "nm": "Santa Cruz 110 kV", "op": "UNE – SEN", "f": "60", "oid": 785135980}}, {"type": "Feature", "geometry": {"type": "LineString", "coordinates": [[-82.217, 23.15], [-82.214, 23.15]]}, "properties": {"v": 110000, "nm": "Santa Cruz 110 kV", "op": "UNE – SEN", "f": "60", "oid": 785135979}}, {"type": "Feature", "geometry": {"type": "LineString", "coordinates": [[-82.217, 23.15], [-82.214, 23.15]]}, "properties": {"v": 110000, "nm": "Santa Cruz 110 kV", "op": "UNE – SEN", "f": "60", "oid": 785135978}}, {"type": "Feature", "geometry": {"type": "LineString", "coordinates": [[-82.214, 23.15], [-82.205, 23.147]]}, "properties": {"v": 110000, "nm": "Santa Cruz 110 kV", "op": "UNE – SEN", "f": "60", "oid": 785135976}}, {"type": "Feature", "geometry": {"type": "LineString", "coordinates": [[-82.205, 23.147], [-82.203, 23.146]]}, "properties": {"v": 110000, "nm": "Santa Cruz 110 kV", "op": "UNE – SEN", "f": "60", "oid": 785135977}}, {"type": "Feature", "geometry": {"type": "LineString", "coordinates": [[-82.205, 23.147], [-82.203, 23.146]]}, "properties": {"v": 110000, "nm": "Santa Cruz 110 kV", "op": "UNE – SEN", "f": "60", "oid": 785135975}}, {"type": "Feature", "geometry": {"type": "LineString", "coordinates": [[-82.203, 23.146], [-82.2, 23.142]]}, "properties": {"v": 110000, "nm": "Santa Cruz 110 kV", "op": "UNE – SEN", "f": "60", "oid": 785135974}}, {"type": "Feature", "geometry": {"type": "LineString", "coordinates": [[-82.2, 23.142], [-82.196, 23.141]]}, "properties": {"v": 110000, "nm": "Santa Cruz 110 kV", "op": "UNE – SEN", "f": "60", "oid": 785135972}}, {"type": "Feature", "geometry": {"type": "LineString", "coordinates": [[-82.2, 23.142], [-82.196, 23.141]]}, "properties": {"v": 110000, "nm": "Santa Cruz 110 kV", "op": "UNE – SEN", "f": "60", "oid": 785135973}}, {"type": "Feature", "geometry": {"type": "LineString", "coordinates": [[-82.196, 23.141], [-82.193, 23.141]]}, "properties": {"v": 110000, "nm": "Santa Cruz 110 kV", "op": "UNE – SEN", "f": "60", "oid": 785135971}}, {"type": "Feature", "geometry": {"type": "LineString", "coordinates": [[-82.193, 23.141], [-82.19, 23.141]]}, "properties": {"v": 110000, "nm": "Santa Cruz 110 kV", "op": "UNE – SEN", "f": "60", "oid": 785135970}}, {"type": "Feature", "geometry": {"type": "LineString", "coordinates": [[-82.193, 23.141], [-82.19, 23.141]]}, "properties": {"v": 110000, "nm": "Santa Cruz 110 kV", "op": "UNE – SEN", "f": "60", "oid": 785135969}}, {"type": "Feature", "geometry": {"type": "LineString", "coordinates": [[-82.19, 23.141], [-82.182, 23.138]]}, "properties": {"v": 110000, "nm": "Santa Cruz 110 kV", "op": "UNE – SEN", "f": "60", "oid": 785135968}}, {"type": "Feature", "geometry": {"type": "LineString", "coordinates": [[-82.182, 23.138], [-82.178, 23.138]]}, "properties": {"v": 110000, "nm": "Santa Cruz 110 kV", "op": "UNE – SEN", "f": "60", "oid": 785135967}}, {"type": "Feature", "geometry": {"type": "LineString", "coordinates": [[-82.182, 23.138], [-82.178, 23.138]]}, "properties": {"v": 110000, "nm": "Santa Cruz 110 kV", "op": "UNE – SEN", "f": "60", "oid": 785135966}}, {"type": "Feature", "geometry": {"type": "LineString", "coordinates": [[-82.178, 23.138], [-82.171, 23.138]]}, "properties": {"v": 110000, "nm": "Santa Cruz 110 kV", "op": "UNE – SEN", "f": "60", "oid": 785135965}}, {"type": "Feature", "geometry": {"type": "LineString", "coordinates": [[-82.171, 23.138], [-82.168, 23.139]]}, "properties": {"v": 110000, "nm": "Santa Cruz 110 kV", "op": "UNE – SEN", "f": "60", "oid": 785135963}}, {"type": "Feature", "geometry": {"type": "LineString", "coordinates": [[-82.171, 23.138], [-82.168, 23.139]]}, "properties": {"v": 110000, "nm": "Santa Cruz 110 kV", "op": "UNE – SEN", "f": "60", "oid": 785135964}}, {"type": "Feature", "geometry": {"type": "LineString", "coordinates": [[-82.168, 23.139], [-82.164, 23.142]]}, "properties": {"v": 110000, "nm": "Santa Cruz 110 kV", "op": "UNE – SEN", "f": "60", "oid": 785135962}}, {"type": "Feature", "geometry": {"type": "LineString", "coordinates": [[-82.164, 23.142], [-82.161, 23.145]]}, "properties": {"v": 110000, "nm": "Santa Cruz 110 kV", "op": "UNE – SEN", "f": "60", "oid": 785135961}}, {"type": "Feature", "geometry": {"type": "LineString", "coordinates": [[-82.164, 23.142], [-82.161, 23.145]]}, "properties": {"v": 110000, "nm": "Santa Cruz 110 kV", "op": "UNE – SEN", "f": "60", "oid": 785135960}}, {"type": "Feature", "geometry": {"type": "LineString", "coordinates": [[-82.161, 23.145], [-82.151, 23.148]]}, "properties": {"v": 110000, "nm": "Santa Cruz 110 kV", "op": "UNE – SEN", "f": "60", "oid": 785135959}}, {"type": "Feature", "geometry": {"type": "LineString", "coordinates": [[-82.151, 23.148], [-82.147, 23.149]]}, "properties": {"v": 110000, "nm": "Santa Cruz 110 kV", "op": "UNE – SEN", "f": "60", "oid": 785135958}}, {"type": "Feature", "geometry": {"type": "LineString", "coordinates": [[-82.151, 23.148], [-82.147, 23.149]]}, "properties": {"v": 110000, "nm": "Santa Cruz 110 kV", "op": "UNE – SEN", "f": "60", "oid": 785135957}}, {"type": "Feature", "geometry": {"type": "LineString", "coordinates": [[-82.147, 23.149], [-82.138, 23.147]]}, "properties": {"v": 110000, "nm": "Santa Cruz 110 kV", "op": "UNE – SEN", "f": "60", "oid": 785135955}}, {"type": "Feature", "geometry": {"type": "LineString", "coordinates": [[-82.138, 23.147], [-82.135, 23.147]]}, "properties": {"v": 110000, "nm": "Santa Cruz 110 kV", "op": "UNE – SEN", "f": "60", "oid": 785135956}}, {"type": "Feature", "geometry": {"type": "LineString", "coordinates": [[-82.138, 23.147], [-82.135, 23.147]]}, "properties": {"v": 110000, "nm": "Santa Cruz 110 kV", "op": "UNE – SEN", "f": "60", "oid": 785135954}}, {"type": "Feature", "geometry": {"type": "LineString", "coordinates": [[-82.221, 23.039], [-81.894, 22.824], [-81.593, 22.79]]}, "properties": {"v": 220000, "nm": "Guiteras 220 kV", "op": "UNE – SEN", "f": "60", "oid": 38492692}}, {"type": "Feature", "geometry": {"type": "LineString", "coordinates": [[-82.109, 22.922], [-82.108, 22.921]]}, "properties": {"v": 110000, "op": "UNE – SEN", "oid": 147072066}}, {"type": "Feature", "geometry": {"type": "LineString", "coordinates": [[-82.109, 22.922], [-82.105, 22.924]]}, "properties": {"v": 110000, "nm": "Ganuza 110 kV", "op": "UNE – SEN", "f": "60", "oid": 784433034}}, {"type": "Feature", "geometry": {"type": "LineString", "coordinates": [[-82.109, 22.922], [-82.105, 22.924]]}, "properties": {"v": 110000, "nm": "Ganuza 110 kV", "op": "UNE – SEN", "f": "60", "oid": 784433033}}, {"type": "Feature", "geometry": {"type": "LineString", "coordinates": [[-82.108, 22.921], [-82.105, 22.924]]}, "properties": {"v": 110000, "nm": "Ganuza 110 kV", "op": "UNE – SEN", "f": "60", "oid": 784433036}}, {"type": "Feature", "geometry": {"type": "LineString", "coordinates": [[-81.91, 22.792], [-82.108, 22.921]]}, "properties": {"v": 110000, "nm": "Ganuza 110 kV", "op": "UNE – SEN", "f": "60", "oid": 40897591}}, {"type": "Feature", "geometry": {"type": "LineString", "coordinates": [[-82.108, 22.921], [-82.105, 22.924]]}, "properties": {"v": 110000, "nm": "Ganuza 110 kV", "op": "UNE – SEN", "f": "60", "oid": 784433035}}, {"type": "Feature", "geometry": {"type": "LineString", "coordinates": [[-82.105, 22.924], [-82.103, 23.004]]}, "properties": {"v": 110000, "nm": "Ganuza 110 kV", "op": "UNE – SEN", "f": "60", "oid": 147072073}}, {"type": "Feature", "geometry": {"type": "LineString", "coordinates": [[-81.593, 22.79], [-81.582, 22.992], [-81.632, 23.026], [-81.576, 23.099]]}, "properties": {"v": 220000, "nm": "Guiteras 220 kV", "op": "UNE – SEN", "f": "60", "oid": 284081755}}, {"type": "Feature", "geometry": {"type": "LineString", "coordinates": [[-81.553, 23.099], [-81.632, 23.026], [-81.59, 23.0]]}, "properties": {"v": 220000, "nm": "Guiteras 220 kV", "op": "UNE – SEN", "f": "60", "oid": 147107243}}, {"type": "Feature", "geometry": {"type": "LineString", "coordinates": [[-81.592, 22.789], [-81.589, 23.0]]}, "properties": {"v": 220000, "nm": "Matanzas 220 kV", "op": "UNE – SEN", "f": "60", "oid": 147109147}}, {"type": "Feature", "geometry": {"type": "LineString", "coordinates": [[-81.588, 23.004], [-81.589, 23.002]]}, "properties": {"v": 110000, "nm": "Guiteras 110 kV", "op": "UNE – SEN", "f": "60", "oid": 147108784}}, {"type": "Feature", "geometry": {"type": "LineString", "coordinates": [[-81.589, 23.002], [-81.588, 23.004]]}, "properties": {"v": 110000, "nm": "Guiteras 110 kV", "op": "UNE – SEN", "f": "60", "oid": 147108764}}, {"type": "Feature", "geometry": {"type": "LineString", "coordinates": [[-81.588, 23.004], [-81.589, 23.001]]}, "properties": {"v": 110000, "nm": "Frigorífico 110 kV", "op": "UNE – SEN", "f": "60", "oid": 147108758}}, {"type": "Feature", "geometry": {"type": "LineString", "coordinates": [[-81.589, 23.001], [-81.588, 23.004]]}, "properties": {"v": 110000, "nm": "Frigorífico 110 kV", "op": "UNE – SEN", "f": "60", "oid": 147108776}}, {"type": "Feature", "geometry": {"type": "LineString", "coordinates": [[-81.588, 23.004], [-81.588, 23.012]]}, "properties": {"v": 110000, "nm": "Guiteras 110 kV", "op": "UNE – SEN", "f": "60", "oid": 147108751}}, {"type": "Feature", "geometry": {"type": "LineString", "coordinates": [[-81.588, 23.01], [-81.588, 23.004]]}, "properties": {"v": 110000, "nm": "Frigorífico 110 kV", "op": "UNE – SEN", "f": "60", "oid": 147108769}}, {"type": "Feature", "geometry": {"type": "LineString", "coordinates": [[-81.578, 23.007], [-81.575, 23.003]]}, "properties": {"v": 110000, "nm": "Frigorífico 110 kV", "op": "UNE – SEN", "f": "60", "oid": 784427514}}, {"type": "Feature", "geometry": {"type": "LineString", "coordinates": [[-81.554, 23.1], [-81.576, 23.099]]}, "properties": {"v": 220000, "nm": "Guiteras 220 kV", "op": "UNE – SEN", "f": "60", "oid": 147107242}}, {"type": "Feature", "geometry": {"type": "LineString", "coordinates": [[-81.549, 23.089], [-81.54, 23.071]]}, "properties": {"v": 110000, "nm": "Guiteras 110 kV", "op": "UNE – SEN", "f": "60", "oid": 569005367}}, {"type": "Feature", "geometry": {"type": "LineString", "coordinates": [[-82.221, 23.039], [-81.959, 22.842], [-81.593, 22.79]]}, "properties": {"v": 220000, "nm": "Guiteras 220 kV", "op": "UNE – SEN", "f": "60", "oid": 38492706}}, {"type": "Feature", "geometry": {"type": "LineString", "coordinates": [[-81.134, 22.826], [-81.134, 22.823]]}, "properties": {"v": 110000, "nm": "Agramonte 110 kV", "op": "UNE – SEN", "f": "60", "oid": 784427555}}, {"type": "Feature", "geometry": {"type": "LineString", "coordinates": [[-81.134, 22.826], [-81.134, 22.823]]}, "properties": {"v": 110000, "nm": "Agramonte 110 kV", "op": "UNE – SEN", "f": "60", "oid": 784427557}}, {"type": "Feature", "geometry": {"type": "LineString", "coordinates": [[-81.121, 22.855], [-81.134, 22.826]]}, "properties": {"v": 110000, "nm": "Agramonte 110 kV", "op": "UNE – SEN", "c": 2, "f": "60", "oid": 784427554}}, {"type": "Feature", "geometry": {"type": "LineString", "coordinates": [[-81.134, 22.823], [-81.132, 22.82]]}, "properties": {"v": 110000, "nm": "Agramonte 110 kV", "op": "UNE – SEN", "c": 2, "f": "60", "oid": 784427553}}, {"type": "Feature", "geometry": {"type": "LineString", "coordinates": [[-81.132, 22.82], [-81.13, 22.817]]}, "properties": {"v": 110000, "nm": "Agramonte 110 kV", "op": "UNE – SEN", "f": "60", "oid": 784427558}}, {"type": "Feature", "geometry": {"type": "LineString", "coordinates": [[-81.132, 22.82], [-81.13, 22.817]]}, "properties": {"v": 110000, "nm": "Agramonte 110 kV", "op": "UNE – SEN", "f": "60", "oid": 784427556}}, {"type": "Feature", "geometry": {"type": "LineString", "coordinates": [[-81.13, 22.817], [-81.118, 22.726]]}, "properties": {"v": 110000, "nm": "Agramonte 110 kV", "op": "UNE – SEN", "c": 2, "f": "60", "oid": 148120332}}, {"type": "Feature", "geometry": {"type": "LineString", "coordinates": [[-81.126, 22.785], [-81.125, 22.783]]}, "properties": {"v": 110000, "nm": "Agramonte 110 kV", "op": "UNE – SEN", "f": "60", "oid": 784427559}}, {"type": "Feature", "geometry": {"type": "LineString", "coordinates": [[-81.125, 22.783], [-81.115, 22.707]]}, "properties": {"v": 110000, "nm": "Agramonte 110 kV", "op": "UNE – SEN", "c": 2, "f": "60", "oid": 148120328}}, {"type": "Feature", "geometry": {"type": "LineString", "coordinates": [[-81.118, 22.726], [-81.118, 22.725]]}, "properties": {"v": 110000, "f": "60", "oid": 784427563}}, {"type": "Feature", "geometry": {"type": "LineString", "coordinates": [[-81.118, 22.725], [-81.115, 22.707]]}, "properties": {"v": 110000, "nm": "Agramonte 110 kV", "op": "UNE – SEN", "c": 2, "f": "60", "oid": 148120330}}, {"type": "Feature", "geometry": {"type": "LineString", "coordinates": [[-81.115, 22.703], [-81.115, 22.707]]}, "properties": {"v": 110000, "nm": "Agramonte 110 kV", "op": "UNE – SEN", "f": "60", "oid": 313930495}}, {"type": "Feature", "geometry": {"type": "LineString", "coordinates": [[-81.097, 22.586], [-81.115, 22.703]]}, "properties": {"v": 110000, "nm": "Agramonte 110 kV", "op": "UNE – SEN", "f": "60", "oid": 784297051}}, {"type": "Feature", "geometry": {"type": "LineString", "coordinates": [[-81.115, 22.707], [-81.115, 22.703]]}, "properties": {"v": 110000, "nm": "Agramonte 110 kV", "op": "UNE – SEN", "f": "60", "oid": 784427565}}, {"type": "Feature", "geometry": {"type": "LineString", "coordinates": [[-81.115, 22.707], [-81.115, 22.703]]}, "properties": {"v": 110000, "nm": "Agramonte 110 kV", "op": "UNE – SEN", "f": "60", "oid": 313930496}}, {"type": "Feature", "geometry": {"type": "LineString", "coordinates": [[-81.115, 22.707], [-81.115, 22.703]]}, "properties": {"v": 110000, "nm": "Agramonte 110 kV", "op": "UNE – SEN", "f": "60", "oid": 784427564}}, {"type": "Feature", "geometry": {"type": "LineString", "coordinates": [[-80.921, 22.693], [-81.115, 22.704]]}, "properties": {"v": 110000, "nm": "Colón 110 kV", "op": "UNE – SEN", "oid": 849342087}}, {"type": "Feature", "geometry": {"type": "LineString", "coordinates": [[-81.214, 22.806], [-81.125, 22.783]]}, "properties": {"v": 110000, "nm": "Agramonte 110 kV", "op": "UNE – SEN", "f": "60", "oid": 784427560}}, {"type": "Feature", "geometry": {"type": "LineString", "coordinates": [[-81.456, 22.681], [-81.429, 22.774], [-81.118, 22.725]]}, "properties": {"v": 110000, "nm": "Bolondrón 110 kV", "op": "UNE – SEN", "f": "60", "oid": 148112365}}, {"type": "Feature", "geometry": {"type": "LineString", "coordinates": [[-80.568, 22.165], [-81.035, 22.521], [-81.067, 22.732], [-81.592, 22.789]]}, "properties": {"v": 220000, "nm": "Matanzas 220 kV", "op": "UNE – SEN", "f": "60", "oid": 148238361}}, {"type": "Feature", "geometry": {"type": "LineString", "coordinates": [[-81.592, 22.789], [-81.177, 22.722], [-80.737, 22.761], [-80.239, 22.609], [-80.017, 22.441]]}, "properties": {"v": 220000, "nm": "Matanzas - Santa Clara 220 kV", "op": "UNE – SEN", "f": "60", "oid": 147109148}}, {"type": "Feature", "geometry": {"type": "LineString", "coordinates": [[-80.109, 22.806], [-80.047, 22.659]]}, "properties": {"v": 110000, "nm": "Sagua La Grande 110 kV", "op": "UNE – SEN", "f": "60", "oid": 783719364}}, {"type": "Feature", "geometry": {"type": "LineString", "coordinates": [[-80.05, 22.651], [-80.109, 22.806]]}, "properties": {"v": 110000, "nm": "Sagua La Grande 110 kV", "op": "UNE – SEN", "f": "60", "oid": 783719351}}, {"type": "Feature", "geometry": {"type": "LineString", "coordinates": [[-80.047, 22.659], [-80.032, 22.648]]}, "properties": {"v": 110000, "nm": "Sagua La Grande - Calabazar de Sagua 110 kV", "op": "UNE – SEN", "f": "60", "oid": 783719363}}, {"type": "Feature", "geometry": {"type": "LineString", "coordinates": [[-80.05, 22.658], [-80.027, 22.646]]}, "properties": {"v": 110000, "nm": "Calabazar de Sagua 110 kV", "op": "UNE – SEN", "f": "60", "oid": 1014655967}}, {"type": "Feature", "geometry": {"type": "LineString", "coordinates": [[-80.049, 22.652], [-80.05, 22.651]]}, "properties": {"v": 110000, "nm": "Sagua La Grande 110 kV", "op": "UNE – SEN", "f": "60", "oid": 783719350}}, {"type": "Feature", "geometry": {"type": "LineString", "coordinates": [[-80.032, 22.648], [-80.027, 22.646]]}, "properties": {"v": 110000, "nm": "Calabazar de Sagua 110 kV", "op": "UNE – SEN", "f": "60", "oid": 783719362}}, {"type": "Feature", "geometry": {"type": "LineString", "coordinates": [[-80.247, 22.599], [-80.266, 22.55], [-80.037, 22.457]]}, "properties": {"v": 110000, "nm": "Santo Domingo 110 kV", "op": "UNE – SEN", "f": "60", "oid": 783719398}}, {"type": "Feature", "geometry": {"type": "LineString", "coordinates": [[-80.488, 22.197], [-80.532, 22.202]]}, "properties": {"v": 110000, "nm": "Refinería 110 kV", "op": "UNE – SEN", "f": "60", "oid": 784266904}}, {"type": "Feature", "geometry": {"type": "LineString", "coordinates": [[-80.488, 22.197], [-80.532, 22.202]]}, "properties": {"v": 110000, "nm": "Refinería 110 kV", "op": "UNE – SEN", "f": "60", "oid": 784266905}}, {"type": "Feature", "geometry": {"type": "LineString", "coordinates": [[-80.57, 22.233], [-80.714, 22.257]]}, "properties": {"v": 110000, "nm": "Yaguaramas 110KV", "op": "UNE – SEN", "f": "60", "oid": 339118376}}, {"type": "Feature", "geometry": {"type": "LineString", "coordinates": [[-80.714, 22.257], [-80.916, 22.501], [-81.097, 22.586]]}, "properties": {"v": 110000, "nm": "Yaguaramas 110KV", "op": "UNE – SEN", "f": "60", "oid": 779651906}}, {"type": "Feature", "geometry": {"type": "LineString", "coordinates": [[-81.439, 22.754], [-81.439, 22.755]]}, "properties": {"v": 110000, "nm": "Bolondrón 110 kV", "op": "UNE – SEN", "f": "60", "oid": 784427561}}, {"type": "Feature", "geometry": {"type": "LineString", "coordinates": [[-81.409, 22.926], [-81.215, 22.807]]}, "properties": {"v": 110000, "nm": "Frigorífico 110 kV", "op": "UNE – SEN", "oid": 339004255}}, {"type": "Feature", "geometry": {"type": "LineString", "coordinates": [[-81.298, 23.062], [-81.357, 23.066]]}, "properties": {"v": 110000, "f": "60", "oid": 38811661}}, {"type": "Feature", "geometry": {"type": "LineString", "coordinates": [[-81.3, 23.057], [-81.298, 23.092]]}, "properties": {"v": 110000, "f": "60", "oid": 784427533}}, {"type": "Feature", "geometry": {"type": "LineString", "coordinates": [[-81.298, 23.062], [-81.297, 23.092]]}, "properties": {"v": 110000, "nm": "Energás Varadero 110kV", "op": "UNE – SEN", "f": "60", "oid": 573350664}}, {"type": "Feature", "geometry": {"type": "LineString", "coordinates": [[-81.295, 23.093], [-81.298, 23.059]]}, "properties": {"v": 110000, "nm": "Energás Varadero 110kV", "op": "UNE – SEN", "f": "60", "oid": 784427535}}, {"type": "Feature", "geometry": {"type": "LineString", "coordinates": [[-81.298, 23.092], [-81.297, 23.094]]}, "properties": {"v": 110000, "f": "60", "oid": 784427518}}, {"type": "Feature", "geometry": {"type": "LineString", "coordinates": [[-81.295, 23.093], [-81.297, 23.092]]}, "properties": {"v": 110000, "nm": "Energás Varadero 110kV", "op": "UNE – SEN", "f": "60", "oid": 784427530}}, {"type": "Feature", "geometry": {"type": "LineString", "coordinates": [[-81.297, 23.093], [-81.297, 23.097]]}, "properties": {"v": 110000, "nm": "Energás Varadero 110kV", "op": "UNE – SEN", "f": "60", "oid": 784427526}}, {"type": "Feature", "geometry": {"type": "LineString", "coordinates": [[-81.295, 23.093], [-81.297, 23.093]]}, "properties": {"v": 110000, "nm": "Energás Varadero 110kV", "op": "UNE – SEN", "f": "60", "oid": 784427529}}, {"type": "Feature", "geometry": {"type": "LineString", "coordinates": [[-81.292, 23.104], [-81.295, 23.093]]}, "properties": {"v": 110000, "nm": "Energás Varadero 110kV", "op": "UNE – SEN", "f": "60", "oid": 573351577}}, {"type": "Feature", "geometry": {"type": "LineString", "coordinates": [[-81.297, 23.098], [-81.296, 23.1]]}, "properties": {"v": 110000, "nm": "Energás Varadero 110kV", "op": "UNE – SEN", "f": "60", "oid": 784427524}}, {"type": "Feature", "geometry": {"type": "LineString", "coordinates": [[-81.295, 23.093], [-81.273, 23.089]]}, "properties": {"v": 110000, "nm": "Energás Varadero 110kV", "op": "UNE – SEN", "c": 2, "f": "60", "oid": 573350668}}, {"type": "Feature", "geometry": {"type": "LineString", "coordinates": [[-81.273, 23.089], [-81.295, 23.093]]}, "properties": {"v": 110000, "nm": "Energás Varadero 110kV", "op": "UNE – SEN", "c": 2, "f": "60", "oid": 784427538}}, {"type": "Feature", "geometry": {"type": "LineString", "coordinates": [[-81.292, 23.104], [-81.284, 23.113]]}, "properties": {"v": 110000, "nm": "Energás Varadero 110kV", "op": "UNE – SEN", "f": "60", "oid": 784427519}}, {"type": "Feature", "geometry": {"type": "LineString", "coordinates": [[-81.291, 23.104], [-81.289, 23.106]]}, "properties": {"v": 110000, "nm": "Energás Varadero 110kV", "op": "UNE – SEN", "f": "60", "oid": 784427520}}, {"type": "Feature", "geometry": {"type": "LineString", "coordinates": [[-81.291, 23.104], [-81.289, 23.106]]}, "properties": {"v": 110000, "nm": "Energás Varadero 110kV", "op": "UNE – SEN", "f": "60", "oid": 784427522}}, {"type": "Feature", "geometry": {"type": "LineString", "coordinates": [[-81.289, 23.106], [-81.286, 23.109]]}, "properties": {"v": 110000, "nm": "Energás Varadero 110kV", "op": "UNE – SEN", "f": "60", "oid": 784427516}}, {"type": "Feature", "geometry": {"type": "LineString", "coordinates": [[-81.286, 23.109], [-81.283, 23.113]]}, "properties": {"v": 110000, "nm": "Energás Varadero 110kV", "op": "UNE – SEN", "f": "60", "oid": 573351576}}, {"type": "Feature", "geometry": {"type": "LineString", "coordinates": [[-81.286, 23.109], [-81.283, 23.113]]}, "properties": {"v": 110000, "nm": "Energás Varadero 110kV", "op": "UNE – SEN", "f": "60", "oid": 573350672}}, {"type": "Feature", "geometry": {"type": "LineString", "coordinates": [[-81.273, 23.089], [-81.27, 23.088]]}, "properties": {"v": 110000, "nm": "Energás Varadero 110kV", "op": "UNE – SEN", "f": "60", "oid": 784427531}}, {"type": "Feature", "geometry": {"type": "LineString", "coordinates": [[-81.273, 23.089], [-81.269, 23.088]]}, "properties": {"v": 110000, "nm": "Energás Varadero 110kV", "op": "UNE – SEN", "f": "60", "oid": 784427532}}, {"type": "Feature", "geometry": {"type": "LineString", "coordinates": [[-81.27, 23.088], [-81.273, 23.089]]}, "properties": {"v": 110000, "nm": "Energás Varadero 110kV", "op": "UNE – SEN", "f": "60", "oid": 784427536}}, {"type": "Feature", "geometry": {"type": "LineString", "coordinates": [[-81.27, 23.088], [-81.273, 23.089]]}, "properties": {"v": 110000, "nm": "Energás Varadero 110kV", "op": "UNE – SEN", "f": "60", "oid": 784427537}}, {"type": "Feature", "geometry": {"type": "LineString", "coordinates": [[-81.297, 23.094], [-81.297, 23.097]]}, "properties": {"v": 110000, "f": "60", "oid": 784427517}}, {"type": "Feature", "geometry": {"type": "LineString", "coordinates": [[-81.297, 23.097], [-81.297, 23.098]]}, "properties": {"v": 110000, "nm": "Energás Varadero 110kV", "op": "UNE – SEN", "f": "60", "oid": 784427527}}, {"type": "Feature", "geometry": {"type": "LineString", "coordinates": [[-81.294, 23.102], [-81.291, 23.104]]}, "properties": {"v": 110000, "nm": "Energás Varadero 110kV", "op": "UNE – SEN", "f": "60", "oid": 784427521}}, {"type": "Feature", "geometry": {"type": "LineString", "coordinates": [[-81.296, 23.1], [-81.294, 23.102]]}, "properties": {"v": 110000, "nm": "Energás Varadero 110kV", "op": "UNE – SEN", "f": "60", "oid": 784427523}}, {"type": "Feature", "geometry": {"type": "LineString", "coordinates": [[-81.296, 23.1], [-81.294, 23.102]]}, "properties": {"v": 110000, "nm": "Energás Varadero 110kV", "op": "UNE – SEN", "f": "60", "oid": 784427525}}, {"type": "Feature", "geometry": {"type": "LineString", "coordinates": [[-81.103, 22.897], [-81.104, 22.883]]}, "properties": {"v": 110000, "nm": "Agramonte 110 kV", "op": "UNE – SEN", "f": "60", "oid": 784427544}}, {"type": "Feature", "geometry": {"type": "LineString", "coordinates": [[-81.105, 22.88], [-81.116, 22.862]]}, "properties": {"v": 110000, "nm": "Agramonte 110 kV", "op": "UNE – SEN", "c": 2, "f": "60", "oid": 784427547}}, {"type": "Feature", "geometry": {"type": "LineString", "coordinates": [[-81.119, 22.858], [-81.121, 22.855]]}, "properties": {"v": 110000, "nm": "Agramonte 110 kV", "op": "UNE – SEN", "f": "60", "oid": 784427551}}, {"type": "Feature", "geometry": {"type": "LineString", "coordinates": [[-81.119, 22.858], [-81.121, 22.855]]}, "properties": {"v": 110000, "nm": "Agramonte 110 kV", "op": "UNE – SEN", "f": "60", "oid": 784427552}}, {"type": "Feature", "geometry": {"type": "LineString", "coordinates": [[-81.116, 22.862], [-81.118, 22.859]]}, "properties": {"v": 110000, "nm": "Agramonte 110 kV", "op": "UNE – SEN", "f": "60", "oid": 784427550}}, {"type": "Feature", "geometry": {"type": "LineString", "coordinates": [[-81.118, 22.859], [-81.119, 22.858]]}, "properties": {"v": 110000, "nm": "Agramonte 110 kV", "op": "UNE – SEN", "c": 2, "f": "60", "oid": 784427548}}, {"type": "Feature", "geometry": {"type": "LineString", "coordinates": [[-81.116, 22.862], [-81.118, 22.859]]}, "properties": {"v": 110000, "nm": "Agramonte 110 kV", "op": "UNE – SEN", "f": "60", "oid": 784427549}}, {"type": "Feature", "geometry": {"type": "LineString", "coordinates": [[-81.104, 22.883], [-81.105, 22.88]]}, "properties": {"v": 110000, "nm": "Agramonte 110 kV", "op": "UNE – SEN", "f": "60", "oid": 784427545}}, {"type": "Feature", "geometry": {"type": "LineString", "coordinates": [[-81.104, 22.883], [-81.105, 22.88]]}, "properties": {"v": 110000, "nm": "Agramonte 110 kV", "op": "UNE – SEN", "f": "60", "oid": 784427546}}, {"type": "Feature", "geometry": {"type": "LineString", "coordinates": [[-81.103, 22.902], [-81.103, 22.897]]}, "properties": {"v": 110000, "nm": "Agramonte 110 kV", "op": "UNE – SEN", "f": "60", "oid": 784427540}}, {"type": "Feature", "geometry": {"type": "LineString", "coordinates": [[-81.103, 22.902], [-81.103, 22.897]]}, "properties": {"v": 110000, "nm": "Agramonte 110 kV", "op": "UNE – SEN", "f": "60", "oid": 784427543}}, {"type": "Feature", "geometry": {"type": "LineString", "coordinates": [[-81.1, 22.925], [-81.103, 22.902]]}, "properties": {"v": 110000, "nm": "Agramonte 110 kV", "op": "UNE – SEN", "c": 2, "f": "60", "oid": 784427542}}, {"type": "Feature", "geometry": {"type": "LineString", "coordinates": [[-88.935, 16.319], [-88.939, 16.228], [-88.701, 16.488], [-88.475, 16.533]]}, "properties": {"v": 69000, "nm": "Savannah - Punta Gorda Line", "op": "Belize Electricity Limited", "oid": 251384399}}, {"type": "Feature", "geometry": {"type": "LineString", "coordinates": [[-89.013, 16.863], [-89.043, 16.986]]}, "properties": {"v": 115000, "nm": "15L", "op": "BEL", "oid": 238781209}}, {"type": "Feature", "geometry": {"type": "LineString", "coordinates": [[-88.426, 16.709], [-88.392, 16.673]]}, "properties": {"v": 69000, "nm": "BAPCoL", "op": "BAPCoL", "oid": 265995931}}, {"type": "Feature", "geometry": {"type": "LineString", "coordinates": [[-88.523, 18.236], [-88.526, 18.236]]}, "properties": {"v": 34500, "nm": "30L & 31L", "op": "Belize Electricity Limited", "oid": 1242676105}}, {"type": "Feature", "geometry": {"type": "LineString", "coordinates": [[-88.266, 17.9], [-88.269, 17.9]]}, "properties": {"v": 34500, "nm": "Maskall - San Pedro Line", "op": "Belize Electricity Limited", "oid": 998025177}}, {"type": "Feature", "geometry": {"type": "LineString", "coordinates": [[-88.269, 17.9], [-88.279, 17.894]]}, "properties": {"v": 34500, "nm": "Maskall - San Pedro Line", "op": "Belize Electricity Limited", "oid": 998024660}}, {"type": "Feature", "geometry": {"type": "LineString", "coordinates": [[-88.78, 17.253], [-88.806, 17.258]]}, "properties": {"v": 115000, "nm": "Camalote - Belmopan Line", "op": "BEL", "oid": 1241748880}}, {"type": "Feature", "geometry": {"type": "LineString", "coordinates": [[-88.279, 17.894], [-88.31, 17.882]]}, "properties": {"v": 34500, "nm": "Maskall - San Pedro Line", "op": "Belize Electricity Limited", "oid": 998023903}}, {"type": "Feature", "geometry": {"type": "LineString", "coordinates": [[-88.56, 18.04], [-88.529, 18.039]]}, "properties": {"v": 115000, "nm": "Belcogen Line", "op": "BEL", "oid": 461444275}}, {"type": "Feature", "geometry": {"type": "LineString", "coordinates": [[-88.526, 18.236], [-88.564, 18.217]]}, "properties": {"v": 34500, "nm": "Buena Vista - Orange Walk Line", "op": "Belize Electricity Limited", "oid": 1245418151}}, {"type": "Feature", "geometry": {"type": "LineString", "coordinates": [[-88.296, 17.468], [-88.363, 17.589], [-88.306, 17.879], [-88.535, 18.06], [-88.478, 18.466]]}, "properties": {"v": 115000, "nm": "Mexico - West Lake Sub Line", "op": "Belize Electricity Limited (BEL)", "f": "60", "oid": 636427576}}, {"type": "Feature", "geometry": {"type": "LineString", "coordinates": [[-88.459, 18.413], [-88.403, 18.405]]}, "properties": {"v": 34500, "nm": "Chan Chen - Corozal Line", "op": "Belize Electricity Limited", "oid": 1245557162}}, {"type": "Feature", "geometry": {"type": "LineString", "coordinates": [[-87.962, 17.922], [-87.968, 17.913]]}, "properties": {"v": 34500, "nm": "Maskall - San Pedro Line", "op": "Belize Electricity Limited", "oid": 879948855}}, {"type": "Feature", "geometry": {"type": "LineString", "coordinates": [[-88.201, 17.905], [-88.266, 17.9]]}, "properties": {"v": 34500, "nm": "Maskall - San Pedro Line", "op": "Belize Electricity Limited", "l": "underground", "oid": 998024237}}, {"type": "Feature", "geometry": {"type": "LineString", "coordinates": [[-88.526, 18.236], [-88.399, 18.473]]}, "properties": {"v": 34500, "nm": "Buena Vista - Corozal & Free Zone Line", "op": "Belize Electricity Limited", "oid": 1242676106}}, {"type": "Feature", "geometry": {"type": "LineString", "coordinates": [[-88.296, 17.469], [-88.194, 17.5]]}, "properties": {"v": 115000, "nm": "West Lake - Belize City Line", "op": "BEL", "oid": 203390668}}, {"type": "Feature", "geometry": {"type": "LineString", "coordinates": [[-88.187, 17.903], [-88.201, 17.905]]}, "properties": {"v": 34500, "nm": "Maskall - San Pedro Line", "op": "Belize Electricity Limited", "l": "underground", "oid": 998263658}}, {"type": "Feature", "geometry": {"type": "LineString", "coordinates": [[-89.066, 17.012], [-89.059, 17.021]]}, "properties": {"v": 115000, "nm": "VACA", "op": "BEL", "oid": 254076932}}, {"type": "Feature", "geometry": {"type": "LineString", "coordinates": [[-88.296, 17.468], [-88.503, 17.405], [-88.621, 17.278], [-89.049, 17.212], [-89.131, 17.05], [-89.043, 16.986]]}, "properties": {"v": 115000, "nm": "Westlake - Mollejon Line", "op": "Belize Electricity Limited (BEL)", "oid": 203310963}}, {"type": "Feature", "geometry": {"type": "LineString", "coordinates": [[-88.285, 16.972], [-88.328, 17.158], [-88.556, 17.342]]}, "properties": {"v": 69000, "nm": "Democracia - Dangriga Line", "op": "Belize Electricity Limited", "oid": 860470422}}, {"type": "Feature", "geometry": {"type": "LineString", "coordinates": [[-88.285, 16.972], [-88.497, 16.64], [-88.475, 16.533]]}, "properties": {"v": 69000, "nm": "Dangriga - Savannah Line", "op": "Belize Electricity Limited", "oid": 253911193}}, {"type": "Feature", "geometry": {"type": "LineString", "coordinates": [[-88.475, 16.533], [-88.474, 16.533]]}, "properties": {"v": 69000, "op": "Belize Telemedia Limited (BTL)", "oid": 1242295577}}, {"type": "Feature", "geometry": {"type": "LineString", "coordinates": [[-88.474, 16.533], [-88.447, 16.534]]}, "properties": {"v": 69000, "nm": "Savannah - Independence Line", "op": "Belize Electricity Limited", "oid": 1242295576}}, {"type": "Feature", "geometry": {"type": "LineString", "coordinates": [[-54.993, 4.982], [-55.119, 5.314], [-55.101, 5.588]]}, "properties": {"v": 161000, "f": "60", "oid": 229664199}}, {"type": "Feature", "geometry": {"type": "LineString", "coordinates": [[-55.251, 5.127], [-54.995, 4.985]]}, "properties": {"v": 161000, "f": "60", "oid": 667553474}}, {"type": "Feature", "geometry": {"type": "LineString", "coordinates": [[-55.098, 5.587], [-55.1, 5.589]]}, "properties": {"v": 161000, "f": "60", "oid": 667553470}}, {"type": "Feature", "geometry": {"type": "LineString", "coordinates": [[-55.098, 5.587], [-55.18, 5.783]]}, "properties": {"v": 161000, "f": "60", "oid": 807092293}}, {"type": "Feature", "geometry": {"type": "LineString", "coordinates": [[-68.825, 18.45], [-68.811, 18.466]]}, "properties": {"v": 0, "oid": 1369036634}}, {"type": "Feature", "geometry": {"type": "LineString", "coordinates": [[-68.825, 18.449], [-68.825, 18.46]]}, "properties": {"v": 0, "oid": 1369534011}}, {"type": "Feature", "geometry": {"type": "LineString", "coordinates": [[-69.558, 18.486], [-69.553, 18.499]]}, "properties": {"v": 0, "oid": 1374764237}}, {"type": "Feature", "geometry": {"type": "LineString", "coordinates": [[-69.618, 18.457], [-69.591, 18.491]]}, "properties": {"v": 0, "op": "CDEEE", "f": "60", "oid": 781503623}}, {"type": "Feature", "geometry": {"type": "LineString", "coordinates": [[-69.341, 18.503], [-69.343, 18.493]]}, "properties": {"v": 0, "op": "CDEEE", "oid": 693832097}}, {"type": "Feature", "geometry": {"type": "LineString", "coordinates": [[-69.855, 18.58], [-70.021, 18.759], [-69.791, 18.816]]}, "properties": {"v": 0, "oid": 1235900857}}, {"type": "Feature", "geometry": {"type": "LineString", "coordinates": [[-61.836, 17.136], [-61.824, 17.098]]}, "properties": {"v": 0, "oid": 522244051}}, {"type": "Feature", "geometry": {"type": "LineString", "coordinates": [[-61.758, 17.125], [-61.739, 17.064]]}, "properties": {"v": 0, "oid": 1313109192}}, {"type": "Feature", "geometry": {"type": "LineString", "coordinates": [[-61.796, 17.053], [-61.824, 17.098]]}, "properties": {"v": 0, "oid": 1313109185}}, {"type": "Feature", "geometry": {"type": "LineString", "coordinates": [[-61.824, 17.098], [-61.856, 17.107]]}, "properties": {"v": 0, "oid": 1313109188}}, {"type": "Feature", "geometry": {"type": "LineString", "coordinates": [[-61.739, 17.064], [-61.796, 17.053]]}, "properties": {"v": 0, "oid": 1313109193}}, {"type": "Feature", "geometry": {"type": "LineString", "coordinates": [[-61.763, 17.087], [-61.744, 17.086]]}, "properties": {"v": 0, "oid": 1009391716}}, {"type": "Feature", "geometry": {"type": "LineString", "coordinates": [[-61.808, 17.125], [-61.758, 17.125]]}, "properties": {"v": 0, "oid": 1313109196}}, {"type": "Feature", "geometry": {"type": "LineString", "coordinates": [[-69.942, 18.45], [-69.951, 18.445]]}, "properties": {"v": 0, "nm": "Cableado electrico", "l": "underground", "oid": 1184310609}}, {"type": "Feature", "geometry": {"type": "LineString", "coordinates": [[-77.527, 18.008], [-77.55, 18.005]]}, "properties": {"v": 0, "oid": 196032134}}, {"type": "Feature", "geometry": {"type": "LineString", "coordinates": [[-77.556, 18.006], [-77.598, 18.02]]}, "properties": {"v": 0, "oid": 196032084}}, {"type": "Feature", "geometry": {"type": "LineString", "coordinates": [[-77.89, 18.13], [-77.752, 18.138]]}, "properties": {"v": 0, "oid": 196032081}}, {"type": "Feature", "geometry": {"type": "LineString", "coordinates": [[-76.808, 18.28], [-76.795, 18.268]]}, "properties": {"v": 0, "oid": 196032129}}, {"type": "Feature", "geometry": {"type": "LineString", "coordinates": [[-76.777, 18.27], [-76.795, 18.268]]}, "properties": {"v": 0, "oid": 196032103}}, {"type": "Feature", "geometry": {"type": "LineString", "coordinates": [[-77.376, 18.454], [-77.392, 18.454]]}, "properties": {"v": 0, "oid": 196035445}}, {"type": "Feature", "geometry": {"type": "LineString", "coordinates": [[-77.15, 18.406], [-77.105, 18.396]]}, "properties": {"v": 0, "oid": 196032101}}, {"type": "Feature", "geometry": {"type": "LineString", "coordinates": [[-77.015, 18.255], [-77.0, 18.255]]}, "properties": {"v": 0, "oid": 1332448556}}, {"type": "Feature", "geometry": {"type": "LineString", "coordinates": [[-77.055, 18.344], [-77.015, 18.255]]}, "properties": {"v": 0, "oid": 1332448557}}, {"type": "Feature", "geometry": {"type": "LineString", "coordinates": [[-76.967, 18.266], [-76.979, 18.257]]}, "properties": {"v": 0, "oid": 1332448555}}, {"type": "Feature", "geometry": {"type": "LineString", "coordinates": [[-75.841, 20.011], [-75.871, 20.005]]}, "properties": {"v": 0, "nm": "TE Renté 110 kV", "op": "UNE – SEN", "oid": 687658216}}, {"type": "Feature", "geometry": {"type": "LineString", "coordinates": [[-75.935, 20.654], [-75.961, 20.659]]}, "properties": {"v": 0, "oid": 319142702}}, {"type": "Feature", "geometry": {"type": "LineString", "coordinates": [[-76.265, 20.903], [-76.274, 20.924]]}, "properties": {"v": 0, "oid": 849289318}}, {"type": "Feature", "geometry": {"type": "LineString", "coordinates": [[-75.893, 21.062], [-75.831, 21.045]]}, "properties": {"v": 0, "oid": 760560795}}, {"type": "Feature", "geometry": {"type": "LineString", "coordinates": [[-77.917, 21.43], [-77.907, 21.43]]}, "properties": {"v": 0, "oid": 310768005}}, {"type": "Feature", "geometry": {"type": "LineString", "coordinates": [[-78.566, 21.404], [-78.556, 21.404]]}, "properties": {"v": 0, "oid": 968657732}}, {"type": "Feature", "geometry": {"type": "LineString", "coordinates": [[-77.516, 25.016], [-77.531, 25.008]]}, "properties": {"v": 0, "oid": 146981086}}, {"type": "Feature", "geometry": {"type": "LineString", "coordinates": [[-77.531, 25.008], [-77.503, 25.026]]}, "properties": {"v": 0, "oid": 146981078}}, {"type": "Feature", "geometry": {"type": "LineString", "coordinates": [[-77.53, 25.008], [-77.5, 25.017]]}, "properties": {"v": 0, "oid": 146981090}}, {"type": "Feature", "geometry": {"type": "LineString", "coordinates": [[-77.53, 25.008], [-77.516, 25.015]]}, "properties": {"v": 0, "oid": 146981077}}, {"type": "Feature", "geometry": {"type": "LineString", "coordinates": [[-77.516, 25.016], [-77.503, 25.02]]}, "properties": {"v": 0, "oid": 146981074}}, {"type": "Feature", "geometry": {"type": "LineString", "coordinates": [[-77.493, 25.039], [-77.483, 25.05]]}, "properties": {"v": 0, "oid": 815701744}}, {"type": "Feature", "geometry": {"type": "LineString", "coordinates": [[-77.479, 25.018], [-77.468, 25.009]]}, "properties": {"v": 0, "oid": 146981082}}, {"type": "Feature", "geometry": {"type": "LineString", "coordinates": [[-77.468, 25.009], [-77.479, 25.019]]}, "properties": {"v": 0, "oid": 146981091}}, {"type": "Feature", "geometry": {"type": "LineString", "coordinates": [[-77.458, 25.056], [-77.397, 25.054]]}, "properties": {"v": 0, "oid": 815931609}}, {"type": "Feature", "geometry": {"type": "LineString", "coordinates": [[-78.703, 26.517], [-78.724, 26.517]]}, "properties": {"v": 0, "oid": 938597374}}, {"type": "Feature", "geometry": {"type": "LineString", "coordinates": [[-78.699, 26.523], [-78.663, 26.525]]}, "properties": {"v": 0, "oid": 198181240}}, {"type": "Feature", "geometry": {"type": "LineString", "coordinates": [[-78.676, 26.542], [-78.695, 26.541]]}, "properties": {"v": 0, "oid": 195154135}}, {"type": "Feature", "geometry": {"type": "LineString", "coordinates": [[-78.678, 26.552], [-78.679, 26.54]]}, "properties": {"v": 0, "oid": 195154127}}, {"type": "Feature", "geometry": {"type": "LineString", "coordinates": [[-78.662, 26.525], [-78.677, 26.54]]}, "properties": {"v": 0, "oid": 963046355}}, {"type": "Feature", "geometry": {"type": "LineString", "coordinates": [[-78.638, 26.565], [-78.664, 26.542]]}, "properties": {"v": 0, "oid": 200234819}}, {"type": "Feature", "geometry": {"type": "LineString", "coordinates": [[-78.607, 26.572], [-78.594, 26.566]]}, "properties": {"v": 0, "oid": 256917931}}, {"type": "Feature", "geometry": {"type": "LineString", "coordinates": [[-78.58, 26.576], [-78.57, 26.582]]}, "properties": {"v": 0, "oid": 659431128}}, {"type": "Feature", "geometry": {"type": "LineString", "coordinates": [[-78.572, 26.551], [-78.571, 26.561]]}, "properties": {"v": 0, "oid": 675260661}}, {"type": "Feature", "geometry": {"type": "LineString", "coordinates": [[-79.476, 21.955], [-79.454, 21.929]]}, "properties": {"v": 0, "oid": 1005098593}}, {"type": "Feature", "geometry": {"type": "LineString", "coordinates": [[-79.423, 22.008], [-79.476, 21.955]]}, "properties": {"v": 0, "oid": 1005263903}}, {"type": "Feature", "geometry": {"type": "LineString", "coordinates": [[-80.464, 22.191], [-80.459, 22.183]]}, "properties": {"v": 0, "f": "60", "oid": 784266893}}, {"type": "Feature", "geometry": {"type": "LineString", "coordinates": [[-80.436, 22.172], [-80.42, 22.175]]}, "properties": {"v": 0, "oid": 996145238}}, {"type": "Feature", "geometry": {"type": "LineString", "coordinates": [[-79.998, 22.258], [-79.993, 22.278]]}, "properties": {"v": 0, "oid": 94530069}}, {"type": "Feature", "geometry": {"type": "LineString", "coordinates": [[-80.28, 22.343], [-80.072, 22.402]]}, "properties": {"v": 0, "op": "UNE – SEN", "oid": 857893166}}, {"type": "Feature", "geometry": {"type": "LineString", "coordinates": [[-78.581, 26.542], [-78.57, 26.548]]}, "properties": {"v": 0, "oid": 653638159}}, {"type": "Feature", "geometry": {"type": "LineString", "coordinates": [[-78.639, 26.565], [-78.471, 26.611]]}, "properties": {"v": 0, "oid": 196224200}}, {"type": "Feature", "geometry": {"type": "LineString", "coordinates": [[-76.601, 20.365], [-76.621, 20.376]]}, "properties": {"v": 0, "oid": 680909670}}, {"type": "Feature", "geometry": {"type": "LineString", "coordinates": [[-76.375, 21.251], [-76.442, 21.166], [-76.566, 21.161]]}, "properties": {"v": 0, "nm": "La Herradura 110 kV", "op": "UNE – SEN", "oid": 1106123268}}, {"type": "Feature", "geometry": {"type": "LineString", "coordinates": [[-75.24, 20.138], [-75.26, 20.14]]}, "properties": {"v": 0, "oid": 146914457}}, {"type": "Feature", "geometry": {"type": "LineString", "coordinates": [[-75.242, 20.126], [-75.239, 20.137]]}, "properties": {"v": 0, "nm": "Guantánamo 110 kV", "op": "UNE – SEN", "oid": 146914454}}, {"type": "Feature", "geometry": {"type": "LineString", "coordinates": [[-75.209, 20.121], [-75.24, 20.133]]}, "properties": {"v": 0, "nm": "Guantánamo 110 kV", "op": "UNE – SEN", "oid": 983668529}}, {"type": "Feature", "geometry": {"type": "LineString", "coordinates": [[-75.208, 20.12], [-75.035, 20.016]]}, "properties": {"v": 0, "nm": "Guantánamo 110 kV", "op": "UNE – SEN", "oid": 146919433}}, {"type": "Feature", "geometry": {"type": "LineString", "coordinates": [[-75.149, 20.076], [-75.151, 20.099]]}, "properties": {"v": 0, "oid": 55588038}}, {"type": "Feature", "geometry": {"type": "LineString", "coordinates": [[-72.775, 19.689], [-72.766, 19.695]]}, "properties": {"v": 0, "oid": 1188954001}}, {"type": "Feature", "geometry": {"type": "LineString", "coordinates": [[-72.343, 18.523], [-72.335, 18.528]]}, "properties": {"v": 0, "oid": 48689055}}, {"type": "Feature", "geometry": {"type": "LineString", "coordinates": [[-71.495, 18.372], [-71.843, 18.479]]}, "properties": {"v": 0, "oid": 1181466323}}, {"type": "Feature", "geometry": {"type": "LineString", "coordinates": [[-71.159, 18.349], [-71.135, 18.345]]}, "properties": {"v": 0, "oid": 1257335213}}, {"type": "Feature", "geometry": {"type": "LineString", "coordinates": [[-70.709, 18.441], [-70.715, 18.422]]}, "properties": {"v": 0, "oid": 192707569}}, {"type": "Feature", "geometry": {"type": "LineString", "coordinates": [[-70.937, 18.461], [-70.965, 18.465]]}, "properties": {"v": 0, "oid": 192707561}}, {"type": "Feature", "geometry": {"type": "LineString", "coordinates": [[-72.24, 18.584], [-72.282, 18.602]]}, "properties": {"v": 0, "oid": 48737193}}, {"type": "Feature", "geometry": {"type": "LineString", "coordinates": [[-72.258, 18.648], [-72.231, 18.649]]}, "properties": {"v": 0, "oid": 583615582}}, {"type": "Feature", "geometry": {"type": "LineString", "coordinates": [[-71.091, 18.726], [-71.063, 18.817], [-70.989, 18.801]]}, "properties": {"v": 0, "oid": 786366960}}, {"type": "Feature", "geometry": {"type": "LineString", "coordinates": [[-71.091, 18.726], [-71.051, 18.707]]}, "properties": {"v": 0, "oid": 786366961}}, {"type": "Feature", "geometry": {"type": "LineString", "coordinates": [[-71.207, 18.773], [-71.222, 18.789]]}, "properties": {"v": 0, "oid": 314591452}}, {"type": "Feature", "geometry": {"type": "LineString", "coordinates": [[-72.227, 18.664], [-72.231, 18.649]]}, "properties": {"v": 0, "oid": 607896516}}, {"type": "Feature", "geometry": {"type": "LineString", "coordinates": [[-70.494, 18.26], [-70.487, 18.275]]}, "properties": {"v": 0, "oid": 1034866871}}, {"type": "Feature", "geometry": {"type": "LineString", "coordinates": [[-72.228, 18.649], [-72.215, 18.655]]}, "properties": {"v": 0, "oid": 608035732}}, {"type": "Feature", "geometry": {"type": "LineString", "coordinates": [[-71.757, 18.156], [-71.742, 18.175]]}, "properties": {"v": 0, "oid": 1122814000}}, {"type": "Feature", "geometry": {"type": "LineString", "coordinates": [[-71.687, 18.007], [-71.712, 18.029]]}, "properties": {"v": 0, "oid": 1383082375}}, {"type": "Feature", "geometry": {"type": "LineString", "coordinates": [[-72.104, 19.551], [-72.136, 19.547]]}, "properties": {"v": 0, "oid": 218402551}}, {"type": "Feature", "geometry": {"type": "LineString", "coordinates": [[-72.002, 19.272], [-72.028, 19.256]]}, "properties": {"v": 0, "oid": 248875354}}, {"type": "Feature", "geometry": {"type": "LineString", "coordinates": [[-72.026, 19.24], [-72.026, 19.226]]}, "properties": {"v": 0, "oid": 249454461}}, {"type": "Feature", "geometry": {"type": "LineString", "coordinates": [[-72.026, 19.25], [-72.026, 19.24]]}, "properties": {"v": 0, "oid": 249454470}}, {"type": "Feature", "geometry": {"type": "LineString", "coordinates": [[-71.968, 19.27], [-72.002, 19.272]]}, "properties": {"v": 0, "oid": 249454460}}, {"type": "Feature", "geometry": {"type": "LineString", "coordinates": [[-71.958, 19.27], [-71.968, 19.27]]}, "properties": {"v": 0, "oid": 248863532}}, {"type": "Feature", "geometry": {"type": "LineString", "coordinates": [[-71.814, 19.646], [-71.812, 19.66]]}, "properties": {"v": 0, "oid": 217446164}}, {"type": "Feature", "geometry": {"type": "LineString", "coordinates": [[-71.221, 19.693], [-71.231, 19.683]]}, "properties": {"v": 0, "oid": 782499112}}, {"type": "Feature", "geometry": {"type": "LineString", "coordinates": [[-70.567, 18.885], [-70.37, 18.909]]}, "properties": {"v": 0, "oid": 696513156}}, {"type": "Feature", "geometry": {"type": "LineString", "coordinates": [[-70.784, 19.794], [-70.819, 19.864]]}, "properties": {"v": 0, "oid": 904593751}}, {"type": "Feature", "geometry": {"type": "LineString", "coordinates": [[-70.745, 19.756], [-70.739, 19.772]]}, "properties": {"v": 0, "oid": 1182136865}}, {"type": "Feature", "geometry": {"type": "LineString", "coordinates": [[-70.737, 19.325], [-70.72, 19.366]]}, "properties": {"v": 0, "oid": 192707573}}, {"type": "Feature", "geometry": {"type": "LineString", "coordinates": [[-70.702, 19.44], [-70.696, 19.45]]}, "properties": {"v": 0, "nm": "Torres MCS", "oid": 409847190}}, {"type": "Feature", "geometry": {"type": "LineString", "coordinates": [[-58.165, 6.823], [-58.13, 6.811]]}, "properties": {"v": 0, "oid": 1262173402}}, {"type": "Feature", "geometry": {"type": "LineString", "coordinates": [[-61.516, 10.189], [-61.529, 10.182]]}, "properties": {"v": 0, "oid": 806549712}}, {"type": "Feature", "geometry": {"type": "LineString", "coordinates": [[-61.47, 10.158], [-61.458, 10.22]]}, "properties": {"v": 0, "c": 2, "f": "60", "oid": 806549713}}, {"type": "Feature", "geometry": {"type": "LineString", "coordinates": [[-61.139, 10.66], [-61.007, 10.719]]}, "properties": {"v": 0, "f": "60", "oid": 806878053}}, {"type": "Feature", "geometry": {"type": "LineString", "coordinates": [[-60.95, 10.786], [-60.952, 10.829]]}, "properties": {"v": 0, "f": "60", "oid": 806878053}}, {"type": "Feature", "geometry": {"type": "LineString", "coordinates": [[-61.454, 10.412], [-61.472, 10.413]]}, "properties": {"v": 0, "f": "60", "oid": 806901490}}, {"type": "Feature", "geometry": {"type": "LineString", "coordinates": [[-61.607, 10.713], [-61.574, 10.717]]}, "properties": {"v": 0, "oid": 806948305}}, {"type": "Feature", "geometry": {"type": "LineString", "coordinates": [[-82.297, 22.726], [-82.274, 22.718]]}, "properties": {"v": 0, "oid": 1077555553}}, {"type": "Feature", "geometry": {"type": "LineString", "coordinates": [[-83.936, 22.598], [-83.959, 22.649]]}, "properties": {"v": 0, "oid": 912238490}}, {"type": "Feature", "geometry": {"type": "LineString", "coordinates": [[-83.667, 22.277], [-83.675, 22.296]]}, "properties": {"v": 0, "oid": 977653831}}, {"type": "Feature", "geometry": {"type": "LineString", "coordinates": [[-83.415, 22.526], [-83.422, 22.533]]}, "properties": {"v": 0, "oid": 364980345}}, {"type": "Feature", "geometry": {"type": "LineString", "coordinates": [[-82.954, 22.83], [-82.953, 22.846]]}, "properties": {"v": 0, "oid": 580494676}}, {"type": "Feature", "geometry": {"type": "LineString", "coordinates": [[-82.803, 23.015], [-82.871, 23.003]]}, "properties": {"v": 0, "nm": "Varela", "op": "Mariel Solar S.A.", "oid": 938224851}}, {"type": "Feature", "geometry": {"type": "LineString", "coordinates": [[-82.551, 22.953], [-82.553, 22.935]]}, "properties": {"v": 0, "nm": "Planta Pico", "op": "UNE – SEN", "oid": 926035916}}, {"type": "Feature", "geometry": {"type": "LineString", "coordinates": [[-82.466, 22.943], [-82.419, 22.941]]}, "properties": {"v": 0, "oid": 541554581}}, {"type": "Feature", "geometry": {"type": "LineString", "coordinates": [[-82.439, 22.988], [-82.428, 22.994]]}, "properties": {"v": 0, "oid": 1211159437}}, {"type": "Feature", "geometry": {"type": "LineString", "coordinates": [[-82.434, 22.989], [-82.461, 22.979]]}, "properties": {"v": 0, "oid": 1211159436}}, {"type": "Feature", "geometry": {"type": "LineString", "coordinates": [[-81.577, 23.008], [-81.589, 23.013]]}, "properties": {"v": 0, "oid": 1274394730}}, {"type": "Feature", "geometry": {"type": "LineString", "coordinates": [[-82.414, 23.068], [-82.4, 23.09]]}, "properties": {"v": 0, "c": 1, "f": "60", "oid": 1256796283}}, {"type": "Feature", "geometry": {"type": "LineString", "coordinates": [[-82.414, 23.068], [-82.4, 23.09]]}, "properties": {"v": 0, "c": 1, "f": "60", "oid": 1256796282}}, {"type": "Feature", "geometry": {"type": "LineString", "coordinates": [[-82.396, 23.09], [-82.399, 23.076]]}, "properties": {"v": 0, "oid": 322815088}}, {"type": "Feature", "geometry": {"type": "LineString", "coordinates": [[-82.027, 22.813], [-82.025, 22.829]]}, "properties": {"v": 0, "oid": 147086510}}, {"type": "Feature", "geometry": {"type": "LineString", "coordinates": [[-80.688, 22.796], [-80.676, 22.76]]}, "properties": {"v": 0, "oid": 335983838}}, {"type": "Feature", "geometry": {"type": "LineString", "coordinates": [[-88.81, 16.105], [-88.939, 16.228]]}, "properties": {"v": 0, "op": "Belize Electricity Limited", "oid": 1245425035}}, {"type": "Feature", "geometry": {"type": "LineString", "coordinates": [[-88.919, 16.205], [-88.939, 16.227]]}, "properties": {"v": 0, "oid": 251432987}}, {"type": "Feature", "geometry": {"type": "LineString", "coordinates": [[-88.929, 16.234], [-88.905, 16.246]]}, "properties": {"v": 0, "op": "Belize Electricity Limited", "oid": 1242295579}}, {"type": "Feature", "geometry": {"type": "LineString", "coordinates": [[-89.045, 16.955], [-89.043, 16.986]]}, "properties": {"v": 0, "oid": 638395318}}, {"type": "Feature", "geometry": {"type": "LineString", "coordinates": [[-88.308, 17.009], [-88.293, 17.01]]}, "properties": {"v": 0, "oid": 1302384933}}, {"type": "Feature", "geometry": {"type": "LineString", "coordinates": [[-88.259, 16.961], [-88.283, 16.979]]}, "properties": {"v": 0, "op": "Belize Electricity Limited", "oid": 1349549601}}, {"type": "Feature", "geometry": {"type": "LineString", "coordinates": [[-88.988, 17.226], [-88.987, 17.244]]}, "properties": {"v": 0, "op": "Farmer's Light Plant Corporation", "oid": 697253522}}, {"type": "Feature", "geometry": {"type": "LineString", "coordinates": [[-88.987, 17.244], [-88.99, 17.253]]}, "properties": {"v": 0, "op": "Farmer's Light Plant Corporation", "oid": 979402068}}, {"type": "Feature", "geometry": {"type": "LineString", "coordinates": [[-87.973, 17.932], [-87.965, 17.919]]}, "properties": {"v": 0, "l": "underground", "oid": 1245425036}}, {"type": "Feature", "geometry": {"type": "LineString", "coordinates": [[-88.999, 17.236], [-88.992, 17.229]]}, "properties": {"v": 0, "op": "Farmer's Light Plant Corporation", "oid": 739455268}}, {"type": "Feature", "geometry": {"type": "LineString", "coordinates": [[-88.304, 17.485], [-88.296, 17.491]]}, "properties": {"v": 0, "oid": 1245422153}}, {"type": "Feature", "geometry": {"type": "LineString", "coordinates": [[-88.505, 18.32], [-88.493, 18.322]]}, "properties": {"v": 0, "op": "Belize Electricity Limited", "oid": 1242676107}}, {"type": "Feature", "geometry": {"type": "LineString", "coordinates": [[-88.957, 17.245], [-88.944, 17.239]]}, "properties": {"v": 0, "op": "Farmer's Light Plant Corporation", "oid": 979334604}}, {"type": "Feature", "geometry": {"type": "LineString", "coordinates": [[-88.434, 18.23], [-88.471, 18.229]]}, "properties": {"v": 0, "oid": 875863992}}, {"type": "Feature", "geometry": {"type": "LineString", "coordinates": [[-88.351, 18.303], [-88.305, 18.297]]}, "properties": {"v": 0, "oid": 834869070}}, {"type": "Feature", "geometry": {"type": "LineString", "coordinates": [[-89.048, 17.3], [-89.048, 17.316]]}, "properties": {"v": 0, "op": "Farmer's Light Plant Corporation", "oid": 1204278563}}, {"type": "Feature", "geometry": {"type": "LineString", "coordinates": [[-89.072, 17.321], [-89.063, 17.315]]}, "properties": {"v": 0, "op": "Farmer's Light Plant Corporation", "oid": 1151633688}}, {"type": "Feature", "geometry": {"type": "LineString", "coordinates": [[-89.074, 17.312], [-89.046, 17.315]]}, "properties": {"v": 0, "op": "Farmer's Light Plant Corporation", "oid": 1202441757}}, {"type": "Feature", "geometry": {"type": "LineString", "coordinates": [[-88.987, 17.258], [-88.977, 17.256]]}, "properties": {"v": 0, "op": "Farmer's Light Plant Corporation", "oid": 979402072}}, {"type": "Feature", "geometry": {"type": "LineString", "coordinates": [[-88.975, 17.258], [-88.957, 17.245]]}, "properties": {"v": 0, "op": "Farmer's Light Plant Corporation", "oid": 805181022}}, {"type": "Feature", "geometry": {"type": "LineString", "coordinates": [[-88.988, 17.27], [-89.004, 17.271]]}, "properties": {"v": 0, "op": "Farmer's Light Plant Corporation", "oid": 859046304}}, {"type": "Feature", "geometry": {"type": "LineString", "coordinates": [[-88.438, 16.568], [-88.428, 16.535]]}, "properties": {"v": 0, "oid": 266014173}}, {"type": "Feature", "geometry": {"type": "LineString", "coordinates": [[-88.438, 16.567], [-88.425, 16.594]]}, "properties": {"v": 0, "oid": 266014170}}, {"type": "Feature", "geometry": {"type": "LineString", "coordinates": [[-88.406, 16.605], [-88.418, 16.597]]}, "properties": {"v": 0, "oid": 265972232}}, {"type": "Feature", "geometry": {"type": "LineString", "coordinates": [[-88.406, 16.605], [-88.398, 16.614]]}, "properties": {"v": 0, "oid": 265972231}}, {"type": "Feature", "geometry": {"type": "LineString", "coordinates": [[-88.398, 16.614], [-88.37, 16.587]]}, "properties": {"v": 0, "oid": 265671013}}, {"type": "Feature", "geometry": {"type": "LineString", "coordinates": [[-78.562, 26.568], [-78.555, 26.559]]}, "properties": {"v": 0, "oid": 659431129}}, {"type": "Feature", "geometry": {"type": "LineString", "coordinates": [[-78.471, 26.611], [-78.437, 26.597]]}, "properties": {"v": 0, "oid": 198983910}}, {"type": "Feature", "geometry": {"type": "LineString", "coordinates": [[-78.27, 26.622], [-78.283, 26.622]]}, "properties": {"v": 0, "oid": 729614931}}, {"type": "Feature", "geometry": {"type": "LineString", "coordinates": [[-78.28, 26.627], [-78.304, 26.623]]}, "properties": {"v": 0, "oid": 729614941}}, {"type": "Feature", "geometry": {"type": "LineString", "coordinates": [[-78.304, 26.623], [-78.28, 26.627]]}, "properties": {"v": 0, "oid": 729614942}}]}