{"type": "FeatureCollection", "features": [{"type": "Feature", "id": 0, "geometry": {"type": "Point", "coordinates": [94.079, 23.541]}, "properties": {"name": "\u101b\u102c\u1007\u1002\u103c\u102d\u102f\u101f\u103a\u101b\u1031\u1021\u102c\u1038\u101c\u103b\u103e\u1015\u103a\u1005\u1005\u103a\u1005\u1000\u103a\u101b\u102f\u1036", "fuel": "hydro", "mw": 0.0, "country": "MMR", "status": "operating"}}, {"type": "Feature", "id": 1, "geometry": {"type": "Point", "coordinates": [95.357, 23.305]}, "properties": {"name": "", "fuel": "hydro", "mw": 0.0, "country": "MMR", "status": "operating"}}, {"type": "Feature", "id": 2, "geometry": {"type": "Point", "coordinates": [92.256, 20.982]}, "properties": {"name": "Technaf Solartech Energy", "fuel": "solar", "mw": 20.0, "country": "", "status": "operating"}}, {"type": "Feature", "id": 3, "geometry": {"type": "Point", "coordinates": [92.247, 20.986]}, "properties": {"name": "", "fuel": "solar", "mw": 0.0, "country": "", "status": "operating"}}, {"type": "Feature", "id": 4, "geometry": {"type": "Point", "coordinates": [92.247, 20.985]}, "properties": {"name": "", "fuel": "solar", "mw": 0.0, "country": "", "status": "operating"}}, {"type": "Feature", "id": 5, "geometry": {"type": "Point", "coordinates": [92.247, 20.985]}, "properties": {"name": "", "fuel": "solar", "mw": 0.0, "country": "", "status": "operating"}}, {"type": "Feature", "id": 6, "geometry": {"type": "Point", "coordinates": [92.247, 20.985]}, "properties": {"name": "", "fuel": "solar", "mw": 0.0, "country": "", "status": "operating"}}, {"type": "Feature", "id": 7, "geometry": {"type": "Point", "coordinates": [92.247, 20.985]}, "properties": {"name": "", "fuel": "solar", "mw": 0.0, "country": "", "status": "operating"}}, {"type": "Feature", "id": 8, "geometry": {"type": "Point", "coordinates": [92.247, 20.985]}, "properties": {"name": "", "fuel": "solar", "mw": 0.0, "country": "", "status": "operating"}}, {"type": "Feature", "id": 9, "geometry": {"type": "Point", "coordinates": [93.494, 19.397]}, "properties": {"name": "Kyaukphyu III Power Plant", "fuel": "gas", "mw": 163.7, "country": "", "status": "operating"}}, {"type": "Feature", "id": 10, "geometry": {"type": "Point", "coordinates": [93.5, 19.402]}, "properties": {"name": "Kyaukphyu Combine Cycle Power Plant", "fuel": "gas", "mw": 135.0, "country": "", "status": "operating"}}, {"type": "Feature", "id": 11, "geometry": {"type": "Point", "coordinates": [93.498, 19.403]}, "properties": {"name": "Kyaukphyu Power Plant", "fuel": "gas", "mw": 100.0, "country": "", "status": "operating"}}, {"type": "Feature", "id": 12, "geometry": {"type": "Point", "coordinates": [97.359, 19.555]}, "properties": {"name": "Baluchaung II Power Plant", "fuel": "hydro", "mw": 168.0, "country": "MMR", "status": "operating"}}, {"type": "Feature", "id": 13, "geometry": {"type": "Point", "coordinates": [97.315, 19.569]}, "properties": {"name": "Baluchaung I Power Plant", "fuel": "hydro", "mw": 28.0, "country": "MMR", "status": "operating"}}, {"type": "Feature", "id": 14, "geometry": {"type": "Point", "coordinates": [96.432, 19.752]}, "properties": {"name": "Nancho Hydroelectric Plant", "fuel": "hydro", "mw": 40.0, "country": "MMR", "status": "operating"}}, {"type": "Feature", "id": 15, "geometry": {"type": "Point", "coordinates": [96.593, 19.756]}, "properties": {"name": "Upper Paunglaung Hydroelectric Plant", "fuel": "hydro", "mw": 140.0, "country": "MMR", "status": "operating"}}, {"type": "Feature", "id": 16, "geometry": {"type": "Point", "coordinates": [94.68, 20.054]}, "properties": {"name": "Minbu Solar Power Plant", "fuel": "solar", "mw": 170.0, "country": "MMR", "status": "operating"}}, {"type": "Feature", "id": 17, "geometry": {"type": "Point", "coordinates": [94.839, 20.178]}, "properties": {"name": "Mann Power Plant", "fuel": "gas", "mw": 36.9, "country": "MMR", "status": "operating"}}, {"type": "Feature", "id": 18, "geometry": {"type": "Point", "coordinates": [93.069, 20.181]}, "properties": {"name": "EPC", "fuel": "unknown", "mw": 0.0, "country": "", "status": "operating"}}, {"type": "Feature", "id": 19, "geometry": {"type": "Point", "coordinates": [94.419, 20.332]}, "properties": {"name": "Kyeeon Kyeewa Hydropower Plant", "fuel": "hydro", "mw": 74.0, "country": "MMR", "status": "operating"}}, {"type": "Feature", "id": 20, "geometry": {"type": "Point", "coordinates": [96.703, 20.432]}, "properties": {"name": "Tahyit (Takyit) Coal Power Plant", "fuel": "coal", "mw": 120.0, "country": "MMR", "status": "operating"}}, {"type": "Feature", "id": 21, "geometry": {"type": "Point", "coordinates": [94.254, 20.479]}, "properties": {"name": "Mone Chaung Hydroelectric Plant", "fuel": "hydro", "mw": 75.0, "country": "MMR", "status": "operating"}}, {"type": "Feature", "id": 22, "geometry": {"type": "Point", "coordinates": [96.323, 21.164]}, "properties": {"name": "Kinda Hydropower Plant", "fuel": "hydro", "mw": 56.0, "country": "MMR", "status": "operating"}}, {"type": "Feature", "id": 23, "geometry": {"type": "Point", "coordinates": [94.804, 21.187]}, "properties": {"name": "Kyunchaung gas Engine power plant", "fuel": "gas", "mw": 20.0, "country": "MMR", "status": "operating"}}, {"type": "Feature", "id": 24, "geometry": {"type": "Point", "coordinates": [94.803, 21.188]}, "properties": {"name": "Kyunchaung gas power plant", "fuel": "gas", "mw": 54.3, "country": "MMR", "status": "operating"}}, {"type": "Feature", "id": 25, "geometry": {"type": "Point", "coordinates": [95.371, 21.386]}, "properties": {"name": "Aggreko Myingyan Power Plant", "fuel": "gas", "mw": 95.0, "country": "MMR", "status": "operating"}}, {"type": "Feature", "id": 26, "geometry": {"type": "Point", "coordinates": [95.377, 21.387]}, "properties": {"name": "Sembcorp Myingyan Power Plant", "fuel": "gas", "mw": 225.0, "country": "MMR", "status": "operating"}}, {"type": "Feature", "id": 27, "geometry": {"type": "Point", "coordinates": [95.375, 21.389]}, "properties": {"name": "V Power Myingyan Power Plant", "fuel": "gas", "mw": 133.0, "country": "MMR", "status": "operating"}}, {"type": "Feature", "id": 28, "geometry": {"type": "Point", "coordinates": [96.873, 21.575]}, "properties": {"name": "Zawgyi 2 hydroelectric plant", "fuel": "hydro", "mw": 12.0, "country": "MMR", "status": "operating"}}, {"type": "Feature", "id": 29, "geometry": {"type": "Point", "coordinates": [96.152, 21.668]}, "properties": {"name": "Belin PowerGen Kyaukse Power Plant", "fuel": "gas", "mw": 145.0, "country": "MMR", "status": "operating"}}, {"type": "Feature", "id": 30, "geometry": {"type": "Point", "coordinates": [96.474, 21.673]}, "properties": {"name": "\u101b\u1032\u101b\u103d\u102c\u101b\u1031\u1021\u102c\u1038\u101c\u103b\u103e\u1015\u103a\u1005\u1005\u103a\u1013\u102c\u1010\u103a\u1021\u102c\u1038\u1015\u1031\u1038\u1005\u1000\u103a\u101b", "fuel": "hydro", "mw": 790.0, "country": "MMR", "status": "operating"}}, {"type": "Feature", "id": 31, "geometry": {"type": "Point", "coordinates": [94.036, 21.995]}, "properties": {"name": "Myittha Hydroelectric Plant", "fuel": "hydro", "mw": 40.0, "country": "MMR", "status": "operating"}}, {"type": "Feature", "id": 32, "geometry": {"type": "Point", "coordinates": [96.322, 22.348]}, "properties": {"name": "Sedawgyi Hydroelectric Plant", "fuel": "hydro", "mw": 25.0, "country": "MMR", "status": "operating"}}, {"type": "Feature", "id": 33, "geometry": {"type": "Point", "coordinates": [96.39, 22.387]}, "properties": {"name": "\u1019\u1004\u103a\u1038\u101c\u103e \u101b\u1031\u1021\u102c\u1038\u101c\u103b\u103e\u1015\u103a\u1005\u1005\u103a \u1005\u102e\u1019\u1036\u1000\u102d\u1014\u103a\u1038", "fuel": "hydro", "mw": 0.0, "country": "MMR", "status": "operating"}}, {"type": "Feature", "id": 34, "geometry": {"type": "Point", "coordinates": [97.398, 19.544]}, "properties": {"name": "Baluchaung III Power Plant", "fuel": "hydro", "mw": 52.0, "country": "MMR", "status": "operating"}}, {"type": "Feature", "id": 35, "geometry": {"type": "Point", "coordinates": [96.381, 21.465]}, "properties": {"name": "Myo Gyi hydroelectric plant", "fuel": "hydro", "mw": 30.0, "country": "MMR", "status": "operating"}}, {"type": "Feature", "id": 36, "geometry": {"type": "Point", "coordinates": [96.897, 21.399]}, "properties": {"name": "Zawgyi 1 hydroelectric plant", "fuel": "hydro", "mw": 18.0, "country": "MMR", "status": "operating"}}, {"type": "Feature", "id": 37, "geometry": {"type": "Point", "coordinates": [96.045, 20.6]}, "properties": {"name": "\u101c\u103b\u103e\u1015\u103a\u1005\u1005\u103a\u101b\u102f\u1036\u1038\u101d\u1004\u103a\u1038", "fuel": "unknown", "mw": 0.0, "country": "MMR", "status": "operating"}}, {"type": "Feature", "id": 38, "geometry": {"type": "Point", "coordinates": [96.058, 19.707]}, "properties": {"name": "", "fuel": "solar", "mw": 0.0, "country": "MMR", "status": "operating"}}, {"type": "Feature", "id": 39, "geometry": {"type": "Point", "coordinates": [96.326, 21.18]}, "properties": {"name": "Myanmar Kindar Solar Power Project", "fuel": "solar", "mw": 0.0, "country": "MMR", "status": "operating"}}, {"type": "Feature", "id": 40, "geometry": {"type": "Point", "coordinates": [96.182, 20.2]}, "properties": {"name": "\u1025\u101e\u103b\u103e\u1005\u103a\u1000\u102f\u1014\u103a\u1038\u1013\u102c\u1010\u103a\u1021\u102c\u1038\u1001\u103d\u1032\u101b\u102f\u1036", "fuel": "unknown", "mw": 0.0, "country": "MMR", "status": "operating"}}, {"type": "Feature", "id": 41, "geometry": {"type": "Point", "coordinates": [96.25, 20.013]}, "properties": {"name": "\u101b\u103d\u103e\u1031\u1019\u103c\u102d\u102f\u1037\u1015\u1004\u103a\u1019\u1013\u102c\u1010\u103a\u1021\u102c\u1038\u1001\u103d\u1032\u101b\u102f\u1036", "fuel": "unknown", "mw": 0.0, "country": "MMR", "status": "operating"}}, {"type": "Feature", "id": 42, "geometry": {"type": "Point", "coordinates": [94.468, 20.339]}, "properties": {"name": "\u1006\u102d\u102f\u101c\u102c\u101c\u103b\u103e\u1015\u103a\u1005\u1005\u103a\u1013\u102c\u1010\u103a\u1021\u102c\u1038\u1005\u1000\u103a\u101b\u102f\u1036\u1005\u102e\u1019\u1036\u1000\u102d\u1014\u103a\u1038", "fuel": "solar", "mw": 0.0, "country": "MMR", "status": "operating"}}, {"type": "Feature", "id": 43, "geometry": {"type": "Point", "coordinates": [96.286, 21.449]}, "properties": {"name": "20MW Solar Power Plant Project (Taungtawgwin", "fuel": "solar", "mw": 0.0, "country": "MMR", "status": "operating"}}, {"type": "Feature", "id": 44, "geometry": {"type": "Point", "coordinates": [96.283, 21.447]}, "properties": {"name": "", "fuel": "solar", "mw": 0.0, "country": "MMR", "status": "operating"}}, {"type": "Feature", "id": 45, "geometry": {"type": "Point", "coordinates": [96.285, 21.446]}, "properties": {"name": "", "fuel": "solar", "mw": 0.0, "country": "MMR", "status": "operating"}}, {"type": "Feature", "id": 46, "geometry": {"type": "Point", "coordinates": [96.288, 21.448]}, "properties": {"name": "", "fuel": "solar", "mw": 0.0, "country": "MMR", "status": "operating"}}, {"type": "Feature", "id": 47, "geometry": {"type": "Point", "coordinates": [96.286, 21.444]}, "properties": {"name": "", "fuel": "solar", "mw": 0.0, "country": "MMR", "status": "operating"}}, {"type": "Feature", "id": 48, "geometry": {"type": "Point", "coordinates": [96.288, 21.446]}, "properties": {"name": "", "fuel": "solar", "mw": 0.0, "country": "MMR", "status": "operating"}}, {"type": "Feature", "id": 49, "geometry": {"type": "Point", "coordinates": [96.288, 21.449]}, "properties": {"name": "", "fuel": "solar", "mw": 0.0, "country": "MMR", "status": "operating"}}, {"type": "Feature", "id": 50, "geometry": {"type": "Point", "coordinates": [96.288, 21.448]}, "properties": {"name": "", "fuel": "solar", "mw": 0.0, "country": "MMR", "status": "operating"}}, {"type": "Feature", "id": 51, "geometry": {"type": "Point", "coordinates": [97.895, 16.619]}, "properties": {"name": "\u101b\u102f\u105a\u103a\u1005\u1000\u103a\u1015\u105f\u1010\u103a", "fuel": "unknown", "mw": 0.0, "country": "MMR", "status": "operating"}}, {"type": "Feature", "id": 52, "geometry": {"type": "Point", "coordinates": [96.267, 16.653]}, "properties": {"name": "CNTIC VPower YG2 Power Plant", "fuel": "gas", "mw": 410.2, "country": "", "status": "operating"}}, {"type": "Feature", "id": 53, "geometry": {"type": "Point", "coordinates": [96.266, 16.664]}, "properties": {"name": "Thilawa Power Plant", "fuel": "gas", "mw": 50.0, "country": "", "status": "operating"}}, {"type": "Feature", "id": 54, "geometry": {"type": "Point", "coordinates": [96.13, 16.777]}, "properties": {"name": "Ahlone CCGT Power Plant", "fuel": "gas", "mw": 154.2, "country": "MMR", "status": "operating"}}, {"type": "Feature", "id": 55, "geometry": {"type": "Point", "coordinates": [96.13, 16.777]}, "properties": {"name": "Ahlone Power Plants", "fuel": "unknown", "mw": 0.0, "country": "MMR", "status": "operating"}}, {"type": "Feature", "id": 56, "geometry": {"type": "Point", "coordinates": [96.13, 16.777]}, "properties": {"name": "Myanmar Ahlone Power Plant", "fuel": "gas", "mw": 183.0, "country": "MMR", "status": "operating"}}, {"type": "Feature", "id": 57, "geometry": {"type": "Point", "coordinates": [96.13, 16.779]}, "properties": {"name": "Ahlone Toyo Thai Power Myanmar (TTPM)", "fuel": "gas", "mw": 121.0, "country": "MMR", "status": "operating"}}, {"type": "Feature", "id": 58, "geometry": {"type": "Point", "coordinates": [96.228, 16.811]}, "properties": {"name": "Thaketa Thilawa gas-fired combined cycle power plant", "fuel": "gas", "mw": 106.0, "country": "MMR", "status": "operating"}}, {"type": "Feature", "id": 59, "geometry": {"type": "Point", "coordinates": [96.226, 16.812]}, "properties": {"name": "Thaketa Power Plant", "fuel": "gas", "mw": 92.0, "country": "MMR", "status": "operating"}}, {"type": "Feature", "id": 60, "geometry": {"type": "Point", "coordinates": [96.226, 16.811]}, "properties": {"name": "Thaketa Max Power Power Plant", "fuel": "gas", "mw": 53.6, "country": "MMR", "status": "operating"}}, {"type": "Feature", "id": 61, "geometry": {"type": "Point", "coordinates": [96.225, 16.816]}, "properties": {"name": "Thaketa Gas Engine Power Plant", "fuel": "gas", "mw": 477.1, "country": "MMR", "status": "operating"}}, {"type": "Feature", "id": 62, "geometry": {"type": "Point", "coordinates": [96.131, 16.818]}, "properties": {"name": "", "fuel": "unknown", "mw": 0.0, "country": "MMR", "status": "operating"}}, {"type": "Feature", "id": 63, "geometry": {"type": "Point", "coordinates": [96.089, 16.9]}, "properties": {"name": "Ywama Gas Turbine Power Plant", "fuel": "gas", "mw": 310.3, "country": "MMR", "status": "operating"}}, {"type": "Feature", "id": 64, "geometry": {"type": "Point", "coordinates": [96.09, 16.899]}, "properties": {"name": "Ywama Gas Engine Power Plant", "fuel": "gas", "mw": 52.0, "country": "MMR", "status": "operating"}}, {"type": "Feature", "id": 65, "geometry": {"type": "Point", "coordinates": [94.762, 16.913]}, "properties": {"name": "", "fuel": "coal", "mw": 0.0, "country": "MMR", "status": "operating"}}, {"type": "Feature", "id": 66, "geometry": {"type": "Point", "coordinates": [97.407, 16.964]}, "properties": {"name": "Thaton Power Plant", "fuel": "gas", "mw": 169.8, "country": "MMR", "status": "operating"}}, {"type": "Feature", "id": 67, "geometry": {"type": "Point", "coordinates": [96.123, 16.981]}, "properties": {"name": "Hlawga Gas Engine Power Plant", "fuel": "gas", "mw": 50.0, "country": "MMR", "status": "operating"}}, {"type": "Feature", "id": 68, "geometry": {"type": "Point", "coordinates": [96.125, 16.982]}, "properties": {"name": "Hlawga CCGT Power Plant", "fuel": "gas", "mw": 154.2, "country": "MMR", "status": "operating"}}, {"type": "Feature", "id": 69, "geometry": {"type": "Point", "coordinates": [96.201, 17.755]}, "properties": {"name": "Zaungtu Hydroelectric Plant", "fuel": "hydro", "mw": 20.0, "country": "MMR", "status": "operating"}}, {"type": "Feature", "id": 70, "geometry": {"type": "Point", "coordinates": [96.933, 17.968]}, "properties": {"name": "Shwegyin Hydroelectric Plant", "fuel": "hydro", "mw": 75.0, "country": "MMR", "status": "operating"}}, {"type": "Feature", "id": 71, "geometry": {"type": "Point", "coordinates": [96.448, 18.086]}, "properties": {"name": "Yenwe Hydroelectric Plant", "fuel": "hydro", "mw": 25.0, "country": "MMR", "status": "operating"}}, {"type": "Feature", "id": 72, "geometry": {"type": "Point", "coordinates": [96.385, 18.42]}, "properties": {"name": "Kunchaung Hydroelectric Plant", "fuel": "hydro", "mw": 30.0, "country": "MMR", "status": "operating"}}, {"type": "Feature", "id": 73, "geometry": {"type": "Point", "coordinates": [96.354, 18.508]}, "properties": {"name": "Phyu Hydroelectric Plant", "fuel": "hydro", "mw": 40.0, "country": "MMR", "status": "operating"}}, {"type": "Feature", "id": 74, "geometry": {"type": "Point", "coordinates": [95.229, 18.728]}, "properties": {"name": "Shwedaung OCGT Power Plant", "fuel": "gas", "mw": 55.4, "country": "MMR", "status": "operating"}}, {"type": "Feature", "id": 75, "geometry": {"type": "Point", "coordinates": [96.222, 18.898]}, "properties": {"name": "Kabaung Hydroelectric Plant", "fuel": "hydro", "mw": 30.0, "country": "MMR", "status": "operating"}}, {"type": "Feature", "id": 76, "geometry": {"type": "Point", "coordinates": [97.985, 19.184]}, "properties": {"name": "", "fuel": "solar", "mw": 0.0, "country": "THA", "status": "operating"}}, {"type": "Feature", "id": 77, "geometry": {"type": "Point", "coordinates": [96.616, 18.911]}, "properties": {"name": "Thauk Ye Khat 2 Power Plant", "fuel": "hydro", "mw": 120.0, "country": "MMR", "status": "operating"}}, {"type": "Feature", "id": 78, "geometry": {"type": "Point", "coordinates": [96.182, 16.807]}, "properties": {"name": "", "fuel": "unknown", "mw": 0.0, "country": "MMR", "status": "operating"}}, {"type": "Feature", "id": 79, "geometry": {"type": "Point", "coordinates": [95.228, 18.726]}, "properties": {"name": "Shwedaung OCGT Power Plant", "fuel": "gas", "mw": 0.0, "country": "MMR", "status": "operating"}}, {"type": "Feature", "id": 80, "geometry": {"type": "Point", "coordinates": [97.456, 23.668]}, "properties": {"name": "Shweli I Hydroelectric Power Plant", "fuel": "hydro", "mw": 600.0, "country": "MMR", "status": "operating"}}, {"type": "Feature", "id": 81, "geometry": {"type": "Point", "coordinates": [97.501, 24.404]}, "properties": {"name": "Dapein 1 Hydroelectric Plant", "fuel": "hydro", "mw": 240.0, "country": "MMR", "status": "operating"}}, {"type": "Feature", "id": 82, "geometry": {"type": "Point", "coordinates": [97.543, 24.44]}, "properties": {"name": "Dayingjiang IV hydro power station", "fuel": "hydro", "mw": 875.0, "country": "", "status": "operating"}}, {"type": "Feature", "id": 83, "geometry": {"type": "Point", "coordinates": [97.68, 24.458]}, "properties": {"name": "Dayingjiang III hydro power station", "fuel": "hydro", "mw": 196.0, "country": "", "status": "operating"}}, {"type": "Feature", "id": 84, "geometry": {"type": "Point", "coordinates": [97.553, 22.803]}, "properties": {"name": "\u5357\u82d7\u6c34\u7535\u7ad9", "fuel": "hydro", "mw": 0.0, "country": "MMR", "status": "operating"}}, {"type": "Feature", "id": 85, "geometry": {"type": "Point", "coordinates": [98.081, 25.832]}, "properties": {"name": "\u1001\u103b\u102e\u1016\u103d\u1031\u1004\u101a\u103a\u101b\u1031\u1021\u102c\u1038 \u101c\u103b\u103e\u1015\u103a\u1005\u1005\u103a\u1005\u1000\u103a\u101b\u102f\u1036", "fuel": "hydro", "mw": 99.0, "country": "MMR", "status": "operating"}}, {"type": "Feature", "id": 86, "geometry": {"type": "Point", "coordinates": [98.162, 23.621]}, "properties": {"name": "", "fuel": "hydro", "mw": 0.0, "country": "MMR", "status": "operating"}}, {"type": "Feature", "id": 87, "geometry": {"type": "Point", "coordinates": [98.566, 23.766]}, "properties": {"name": "\u897f\u5e15\u6cb3\u7535\u7ad9", "fuel": "hydro", "mw": 0.0, "country": "MMR", "status": "operating"}}, {"type": "Feature", "id": 88, "geometry": {"type": "Point", "coordinates": [98.656, 24.14]}, "properties": {"name": "", "fuel": "hydro", "mw": 0.0, "country": "", "status": "operating"}}, {"type": "Feature", "id": 89, "geometry": {"type": "Point", "coordinates": [102.368, 19.684]}, "properties": {"name": "\u0ec0\u0e82\u0eb7\u0ec8\u0ead\u0e99\u0ec4\u0e9f\u0e9f\u0ec9\u0eb2 \u0e99\u0ec9\u0eb3\u0e84\u0eb2\u0e99 2", "fuel": "hydro", "mw": 130.0, "country": "LAO", "status": "operating"}}, {"type": "Feature", "id": 90, "geometry": {"type": "Point", "coordinates": [101.279, 19.692]}, "properties": {"name": "Hongsa Lignite Power Plant", "fuel": "coal", "mw": 1878.0, "country": "LAO", "status": "operating"}}, {"type": "Feature", "id": 91, "geometry": {"type": "Point", "coordinates": [102.222, 19.748]}, "properties": {"name": "\u0ec0\u0e82\u0eb7\u0ec8\u0ead\u0e99\u0ec4\u0e9f\u0e9f\u0ec9\u0eb2\u0e99\u0ec9\u0eb3\u0e84\u0eb2\u0e99 3", "fuel": "hydro", "mw": 60.0, "country": "LAO", "status": "operating"}}, {"type": "Feature", "id": 92, "geometry": {"type": "Point", "coordinates": [99.822, 19.911]}, "properties": {"name": "\u0e2a\u0e16\u0e32\u0e19\u0e35\u0e44\u0e1f\u0e1f\u0e49\u0e32\u0e40\u0e0a\u0e35\u0e22\u0e07\u0e23\u0e32\u0e22 2", "fuel": "unknown", "mw": 0.0, "country": "THA", "status": "operating"}}, {"type": "Feature", "id": 93, "geometry": {"type": "Point", "coordinates": [100.025, 20.168]}, "properties": {"name": "Solar Arrays", "fuel": "solar", "mw": 0.0, "country": "THA", "status": "operating"}}, {"type": "Feature", "id": 94, "geometry": {"type": "Point", "coordinates": [100.015, 20.169]}, "properties": {"name": "Solar Arrays", "fuel": "solar", "mw": 0.0, "country": "THA", "status": "operating"}}, {"type": "Feature", "id": 95, "geometry": {"type": "Point", "coordinates": [100.015, 20.172]}, "properties": {"name": "Solar Arrays", "fuel": "solar", "mw": 0.0, "country": "THA", "status": "operating"}}, {"type": "Feature", "id": 96, "geometry": {"type": "Point", "coordinates": [100.376, 20.432]}, "properties": {"name": "\u0ec0\u0e82\u0eb7\u0ec8\u0ead\u0e99\u0ec4\u0e9f\u0e9f\u0ec9\u0eb2 \u0e99\u0ec9\u0eb3\u0e8d\u0ead\u0e99", "fuel": "hydro", "mw": 3.0, "country": "LAO", "status": "operating"}}, {"type": "Feature", "id": 97, "geometry": {"type": "Point", "coordinates": [98.293, 20.586]}, "properties": {"name": "Kengtawng Hydroelectric Plant", "fuel": "hydro", "mw": 54.0, "country": "MMR", "status": "operating"}}, {"type": "Feature", "id": 98, "geometry": {"type": "Point", "coordinates": [102.119, 20.811]}, "properties": {"name": "\u0ec0\u0e82\u0eb7\u0ec8\u0ead\u0e99\u0ec4\u0e9f\u0e9f\u0ec9\u0eb2\u0e99\u0ecd\u0eb2\u0e81\u0ecd", "fuel": "hydro", "mw": 1.5, "country": "LAO", "status": "operating"}}, {"type": "Feature", "id": 99, "geometry": {"type": "Point", "coordinates": [100.899, 20.925]}, "properties": {"name": "\u0ec0\u0e82\u0eb7\u0ec8\u0ead\u0e99\u0ec4\u0e9f\u0e9f\u0ec9\u0eb2\u0e99\u0ecd\u0ec9\u0eb2\u0ea5\u0ead\u0e87", "fuel": "hydro", "mw": 5.5, "country": "LAO", "status": "operating"}}, {"type": "Feature", "id": 100, "geometry": {"type": "Point", "coordinates": [101.408, 21.033]}, "properties": {"name": "\u0ec0\u0e82\u0eb7\u0ec8\u0ead\u0e99\u0ec4\u0e9f\u0e9f\u0ec9\u0eb2\u0e99\u0ec9\u0eb3\u0e97\u0eb2 3", "fuel": "hydro", "mw": 1.2, "country": "LAO", "status": "operating"}}, {"type": "Feature", "id": 101, "geometry": {"type": "Point", "coordinates": [102.345, 21.411]}, "properties": {"name": "\u0ec0\u0e82\u0eb7\u0ec8\u0ead\u0e99\u0ec4\u0e9f\u0e9f\u0ec9\u0eb2 \u0e99\u0ec9\u0eb3\u0ead\u0eb9 5", "fuel": "hydro", "mw": 240.0, "country": "LAO", "status": "operating"}}, {"type": "Feature", "id": 102, "geometry": {"type": "Point", "coordinates": [102.196, 21.77]}, "properties": {"name": "\u0ec0\u0e82\u0eb7\u0ec8\u0ead\u0e99\u0ec4\u0e9f\u0e9f\u0ec9\u0eb2\u0e99\u0ecd\u0ec9\u0eb2\u0ead\u0eb9 6", "fuel": "hydro", "mw": 180.0, "country": "LAO", "status": "operating"}}, {"type": "Feature", "id": 103, "geometry": {"type": "Point", "coordinates": [102.256, 22.608]}, "properties": {"name": "\u571f\u5361\u6cb3\u6c34\u7535\u7ad9", "fuel": "hydro", "mw": 165.0, "country": "", "status": "operating"}}, {"type": "Feature", "id": 104, "geometry": {"type": "Point", "coordinates": [100.899, 20.247]}, "properties": {"name": "\u0ec0\u0e82\u0eb7\u0ec8\u0ead\u0e99\u0ec4\u0e9f\u0e9f\u0ec9\u0eb2\u0e99\u0ec9\u0eb3\u0e97\u0eb2 1", "fuel": "hydro", "mw": 168.0, "country": "LAO", "status": "operating"}}, {"type": "Feature", "id": 105, "geometry": {"type": "Point", "coordinates": [99.104, 19.971]}, "properties": {"name": "\u0e42\u0e23\u0e07\u0e44\u0e1f\u0e1f\u0e49\u0e32\u0e41\u0e21\u0e48\u0e21\u0e32\u0e27", "fuel": "hydro", "mw": 0.0, "country": "THA", "status": "operating"}}, {"type": "Feature", "id": 106, "geometry": {"type": "Point", "coordinates": [100.325, 21.397]}, "properties": {"name": "\u52d0\u74e6\u6c34\u7535\u7ad9", "fuel": "hydro", "mw": 66.0, "country": "MMR", "status": "operating"}}, {"type": "Feature", "id": 107, "geometry": {"type": "Point", "coordinates": [98.838, 23.27]}, "properties": {"name": "", "fuel": "hydro", "mw": 0.0, "country": "MMR", "status": "operating"}}, {"type": "Feature", "id": 108, "geometry": {"type": "Point", "coordinates": [98.843, 23.243]}, "properties": {"name": "", "fuel": "hydro", "mw": 0.0, "country": "MMR", "status": "operating"}}, {"type": "Feature", "id": 109, "geometry": {"type": "Point", "coordinates": [100.005, 21.675]}, "properties": {"name": "", "fuel": "coal", "mw": 0.0, "country": "MMR", "status": "operating"}}, {"type": "Feature", "id": 110, "geometry": {"type": "Point", "coordinates": [100.434, 21.439]}, "properties": {"name": "", "fuel": "hydro", "mw": 0.0, "country": "MMR", "status": "operating"}}, {"type": "Feature", "id": 111, "geometry": {"type": "Point", "coordinates": [101.47, 20.824]}, "properties": {"name": "", "fuel": "hydro", "mw": 0.0, "country": "LAO", "status": "operating"}}, {"type": "Feature", "id": 112, "geometry": {"type": "Point", "coordinates": [101.923, 20.182]}, "properties": {"name": "\u0ec0\u0e82\u0eb7\u0ec8\u0ead\u0e99\u0ec4\u0e9f\u0e9f\u0ec9\u0eb2\u0e99\u0ecd\u0eb2\u0e87\u0eb2 2", "fuel": "hydro", "mw": 14.5, "country": "LAO", "status": "operating"}}, {"type": "Feature", "id": 113, "geometry": {"type": "Point", "coordinates": [101.198, 19.951]}, "properties": {"name": "\u0ec0\u0e82\u0eb7\u0ec8\u0ead\u0e99\u0ec4\u0e9f\u0e9f\u0ec9\u0eb2 \u0e99\u0eb3\u0ec9\u0ec1\u0e9a\u0e87", "fuel": "hydro", "mw": 36.0, "country": "LAO", "status": "operating"}}, {"type": "Feature", "id": 114, "geometry": {"type": "Point", "coordinates": [102.264, 22.079]}, "properties": {"name": "\u0ec0\u0e82\u0eb7\u0ec8\u0ead\u0e99\u0ec4\u0e9f\u0e9f\u0ec9\u0eb2\u0e99\u0ecd\u0ec9\u0eb2\u0ead\u0eb9 7", "fuel": "hydro", "mw": 210.0, "country": "LAO", "status": "operating"}}, {"type": "Feature", "id": 115, "geometry": {"type": "Point", "coordinates": [100.712, 20.242]}, "properties": {"name": "Nam Tha 2 Had Muak Hydro Power Station", "fuel": "hydro", "mw": 0.0, "country": "LAO", "status": "operating"}}, {"type": "Feature", "id": 116, "geometry": {"type": "Point", "coordinates": [100.172, 17.053]}, "properties": {"name": "\u0e42\u0e23\u0e07\u0e44\u0e1f\u0e1f\u0e49\u0e32\u0e40\u0e02\u0e37\u0e48\u0e2d\u0e19\u0e19\u0e40\u0e23\u0e28\u0e27\u0e23", "fuel": "hydro", "mw": 0.0, "country": "THA", "status": "operating"}}, {"type": "Feature", "id": 117, "geometry": {"type": "Point", "coordinates": [99.121, 17.18]}, "properties": {"name": "Solar Arrays", "fuel": "solar", "mw": 0.0, "country": "THA", "status": "operating"}}, {"type": "Feature", "id": 118, "geometry": {"type": "Point", "coordinates": [99.128, 17.183]}, "properties": {"name": "Solar Arrays", "fuel": "solar", "mw": 0.0, "country": "THA", "status": "operating"}}, {"type": "Feature", "id": 119, "geometry": {"type": "Point", "coordinates": [100.413, 17.186]}, "properties": {"name": "\u0e42\u0e23\u0e07\u0e44\u0e1f\u0e1f\u0e49\u0e32\u0e40\u0e02\u0e37\u0e48\u0e2d\u0e19\u0e41\u0e04\u0e27\u0e19\u0e49\u0e2d\u0e22\u0e1a\u0e33\u0e23\u0e38\u0e07\u0e41\u0e14\u0e19", "fuel": "hydro", "mw": 30.0, "country": "THA", "status": "operating"}}, {"type": "Feature", "id": 120, "geometry": {"type": "Point", "coordinates": [101.819, 17.199]}, "properties": {"name": "", "fuel": "solar", "mw": 0.0, "country": "THA", "status": "operating"}}, {"type": "Feature", "id": 121, "geometry": {"type": "Point", "coordinates": [98.973, 17.242]}, "properties": {"name": "\u0e42\u0e23\u0e07\u0e44\u0e1f\u0e1f\u0e49\u0e32\u0e40\u0e02\u0e37\u0e48\u0e2d\u0e19\u0e20\u0e39\u0e21\u0e34\u0e1e\u0e25", "fuel": "hydro", "mw": 779.2, "country": "THA", "status": "operating"}}, {"type": "Feature", "id": 122, "geometry": {"type": "Point", "coordinates": [101.849, 17.304]}, "properties": {"name": "", "fuel": "solar", "mw": 0.0, "country": "THA", "status": "operating"}}, {"type": "Feature", "id": 123, "geometry": {"type": "Point", "coordinates": [99.796, 17.508]}, "properties": {"name": "", "fuel": "solar", "mw": 0.0, "country": "THA", "status": "operating"}}, {"type": "Feature", "id": 124, "geometry": {"type": "Point", "coordinates": [100.27, 17.649]}, "properties": {"name": "\u0e42\u0e23\u0e07\u0e44\u0e1f\u0e1f\u0e49\u0e32\u0e17\u0e49\u0e32\u0e22\u0e40\u0e02\u0e37\u0e48\u0e2d\u0e19\u0e1c\u0e32\u0e08\u0e38\u0e01", "fuel": "hydro", "mw": 14.0, "country": "THA", "status": "operating"}}, {"type": "Feature", "id": 125, "geometry": {"type": "Point", "coordinates": [100.564, 17.761]}, "properties": {"name": "\u0e42\u0e23\u0e07\u0e44\u0e1f\u0e1f\u0e49\u0e32\u0e40\u0e02\u0e37\u0e48\u0e2d\u0e19\u0e2a\u0e34\u0e23\u0e34\u0e01\u0e34\u0e15\u0e34\u0e4c", "fuel": "hydro", "mw": 500.0, "country": "THA", "status": "operating"}}, {"type": "Feature", "id": 126, "geometry": {"type": "Point", "coordinates": [100.127, 18.219]}, "properties": {"name": "", "fuel": "solar", "mw": 0.0, "country": "THA", "status": "operating"}}, {"type": "Feature", "id": 127, "geometry": {"type": "Point", "coordinates": [99.75, 18.295]}, "properties": {"name": "\u0e42\u0e23\u0e07\u0e44\u0e1f\u0e1f\u0e49\u0e32\u0e41\u0e21\u0e48\u0e40\u0e21\u0e32\u0e30", "fuel": "coal", "mw": 2220.0, "country": "THA", "status": "operating"}}, {"type": "Feature", "id": 128, "geometry": {"type": "Point", "coordinates": [99.422, 18.391]}, "properties": {"name": "\u0e1a\u0e23\u0e34\u0e29\u0e31\u0e17 \u0e2d\u0e35\u0e40\u0e2d \u0e42\u0e0b\u0e25\u0e48\u0e32 \u0e25\u0e33\u0e1b\u0e32\u0e07 \u0e08\u0e33\u0e01\u0e31\u0e14", "fuel": "solar", "mw": 128.0, "country": "THA", "status": "operating"}}, {"type": "Feature", "id": 129, "geometry": {"type": "Point", "coordinates": [98.94, 18.757]}, "properties": {"name": "", "fuel": "solar", "mw": 0.0, "country": "THA", "status": "operating"}}, {"type": "Feature", "id": 130, "geometry": {"type": "Point", "coordinates": [98.94, 18.757]}, "properties": {"name": "", "fuel": "solar", "mw": 0.0, "country": "THA", "status": "operating"}}, {"type": "Feature", "id": 131, "geometry": {"type": "Point", "coordinates": [98.94, 18.757]}, "properties": {"name": "", "fuel": "solar", "mw": 0.0, "country": "THA", "status": "operating"}}, {"type": "Feature", "id": 132, "geometry": {"type": "Point", "coordinates": [98.942, 18.758]}, "properties": {"name": "", "fuel": "solar", "mw": 0.0, "country": "THA", "status": "operating"}}, {"type": "Feature", "id": 133, "geometry": {"type": "Point", "coordinates": [98.941, 18.759]}, "properties": {"name": "", "fuel": "solar", "mw": 0.0, "country": "THA", "status": "operating"}}, {"type": "Feature", "id": 134, "geometry": {"type": "Point", "coordinates": [98.941, 18.759]}, "properties": {"name": "", "fuel": "solar", "mw": 0.0, "country": "THA", "status": "operating"}}, {"type": "Feature", "id": 135, "geometry": {"type": "Point", "coordinates": [98.94, 18.759]}, "properties": {"name": "", "fuel": "solar", "mw": 0.0, "country": "THA", "status": "operating"}}, {"type": "Feature", "id": 136, "geometry": {"type": "Point", "coordinates": [102.118, 18.792]}, "properties": {"name": "\u0ec0\u0e82\u0eb7\u0ec8\u0ead\u0e99\u0ec4\u0e9f\u0e9f\u0ec9\u0eb2\u0e99\u0ec9\u0eb3\u0ea5\u0eb5\u0e81 1/2", "fuel": "hydro", "mw": 100.0, "country": "LAO", "status": "operating"}}, {"type": "Feature", "id": 137, "geometry": {"type": "Point", "coordinates": [99.644, 18.807]}, "properties": {"name": "\u0e01\u0e34\u0e48\u0e27\u0e04\u0e2d\u0e2b\u0e21\u0e32", "fuel": "hydro", "mw": 0.0, "country": "THA", "status": "operating"}}, {"type": "Feature", "id": 138, "geometry": {"type": "Point", "coordinates": [99.035, 19.162]}, "properties": {"name": "\u0e42\u0e23\u0e07\u0e44\u0e1f\u0e1f\u0e49\u0e32\u0e1e\u0e25\u0e31\u0e07\u0e19\u0e49\u0e33 \u0e40\u0e02\u0e37\u0e48\u0e2d\u0e19\u0e41\u0e21\u0e48\u0e07\u0e31\u0e14\u0e2a\u0e21\u0e1a\u0e39\u0e23\u0e13\u0e4c\u0e0a\u0e25", "fuel": "hydro", "mw": 9.0, "country": "THA", "status": "operating"}}, {"type": "Feature", "id": 139, "geometry": {"type": "Point", "coordinates": [101.82, 19.245]}, "properties": {"name": "\u0ec0\u0e82\u0eb7\u0ec8\u0ead\u0e99\u0ec4\u0e9f\u0e9f\u0ec9\u0eb2\u0ec4\u0e8a\u0e8d\u0eb0\u0e9a\u0eb9\u0ea5\u0eb5", "fuel": "hydro", "mw": 1285.0, "country": "LAO", "status": "operating"}}, {"type": "Feature", "id": 140, "geometry": {"type": "Point", "coordinates": [101.805, 19.19]}, "properties": {"name": "", "fuel": "hydro", "mw": 0.0, "country": "LAO", "status": "operating"}}, {"type": "Feature", "id": 141, "geometry": {"type": "Point", "coordinates": [102.254, 18.164]}, "properties": {"name": "\u0e9e\u0eb0\u0ea5\u0eb1\u0e87\u0e87\u0eb2\u0e99\u0ec1\u0eaa\u0e87\u0e95\u0eb2\u0ec0\u0ea7\u0eb1\u0e99 (\u0eaa\u0eb1\u0e87\u0e97\u0ead\u0e87)", "fuel": "solar", "mw": 2.0, "country": "LAO", "status": "operating"}}, {"type": "Feature", "id": 142, "geometry": {"type": "Point", "coordinates": [98.875, 19.319]}, "properties": {"name": "", "fuel": "hydro", "mw": 0.0, "country": "THA", "status": "operating"}}, {"type": "Feature", "id": 143, "geometry": {"type": "Point", "coordinates": [100.142, 14.929]}, "properties": {"name": "Solar Power Plant: Dongkorn Branch", "fuel": "solar", "mw": 0.0, "country": "THA", "status": "operating"}}, {"type": "Feature", "id": 144, "geometry": {"type": "Point", "coordinates": [102.177, 14.929]}, "properties": {"name": "Gulf GNVR 1 & 2 Power Plant", "fuel": "unknown", "mw": 0.0, "country": "THA", "status": "operating"}}, {"type": "Feature", "id": 145, "geometry": {"type": "Point", "coordinates": [100.935, 14.934]}, "properties": {"name": "\u0e2d\u0e35\u0e40\u0e2d\u0e42\u0e0b\u0e25\u0e48\u0e32\u0e23\u0e4c(\u0e25\u0e1e\u0e1a\u0e38\u0e23\u0e35) \u0e08\u0e33\u0e01\u0e31\u0e14", "fuel": "solar", "mw": 8.0, "country": "THA", "status": "operating"}}, {"type": "Feature", "id": 146, "geometry": {"type": "Point", "coordinates": [100.714, 15.001]}, "properties": {"name": "", "fuel": "solar", "mw": 0.0, "country": "THA", "status": "operating"}}, {"type": "Feature", "id": 147, "geometry": {"type": "Point", "coordinates": [100.696, 15.001]}, "properties": {"name": "", "fuel": "solar", "mw": 0.0, "country": "THA", "status": "operating"}}, {"type": "Feature", "id": 148, "geometry": {"type": "Point", "coordinates": [100.694, 15.011]}, "properties": {"name": "Sermsang Solar", "fuel": "solar", "mw": 52.0, "country": "THA", "status": "operating"}}, {"type": "Feature", "id": 149, "geometry": {"type": "Point", "coordinates": [100.895, 15.051]}, "properties": {"name": "\u0e25\u0e1e\u0e1a\u0e38\u0e23\u0e35 \u0e42\u0e0b\u0e25\u0e48\u0e32\u0e23\u0e4c", "fuel": "solar", "mw": 55.0, "country": "THA", "status": "operating"}}, {"type": "Feature", "id": 150, "geometry": {"type": "Point", "coordinates": [101.483, 15.134]}, "properties": {"name": "Wayu / Subplu Wind Farms", "fuel": "wind", "mw": 60.0, "country": "THA", "status": "operating"}}, {"type": "Feature", "id": 151, "geometry": {"type": "Point", "coordinates": [101.459, 15.192]}, "properties": {"name": "Korat Wind Farm", "fuel": "wind", "mw": 207.0, "country": "THA", "status": "operating"}}, {"type": "Feature", "id": 152, "geometry": {"type": "Point", "coordinates": [101.501, 15.175]}, "properties": {"name": "Sarahnlom Wind Farm", "fuel": "wind", "mw": 67.5, "country": "THA", "status": "operating"}}, {"type": "Feature", "id": 153, "geometry": {"type": "Point", "coordinates": [100.3, 15.369]}, "properties": {"name": "Nakhon Sawan Solar Power Plant", "fuel": "solar", "mw": 0.0, "country": "THA", "status": "operating"}}, {"type": "Feature", "id": 154, "geometry": {"type": "Point", "coordinates": [101.698, 15.422]}, "properties": {"name": "", "fuel": "solar", "mw": 0.0, "country": "THA", "status": "operating"}}, {"type": "Feature", "id": 155, "geometry": {"type": "Point", "coordinates": [101.728, 15.461]}, "properties": {"name": "\u0e1a\u0e23\u0e34\u0e29\u0e31\u0e17 \u0e1a\u0e32\u0e07\u0e08\u0e32\u0e01 \u0e42\u0e0b\u0e25\u0e32\u0e23\u0e4c\u0e40\u0e2d\u0e47\u0e19\u0e40\u0e19\u0e2d\u0e23\u0e4c\u0e22\u0e35", "fuel": "solar", "mw": 0.0, "country": "THA", "status": "operating"}}, {"type": "Feature", "id": 156, "geometry": {"type": "Point", "coordinates": [101.539, 15.604]}, "properties": {"name": "Chaiyaphum Wind Farm", "fuel": "wind", "mw": 80.0, "country": "THA", "status": "operating"}}, {"type": "Feature", "id": 157, "geometry": {"type": "Point", "coordinates": [101.048, 15.68]}, "properties": {"name": "Solar Electricy Plant", "fuel": "solar", "mw": 0.0, "country": "THA", "status": "operating"}}, {"type": "Feature", "id": 158, "geometry": {"type": "Point", "coordinates": [100.992, 15.827]}, "properties": {"name": "", "fuel": "solar", "mw": 0.0, "country": "THA", "status": "operating"}}, {"type": "Feature", "id": 159, "geometry": {"type": "Point", "coordinates": [99.987, 16.019]}, "properties": {"name": "", "fuel": "solar", "mw": 0.0, "country": "THA", "status": "operating"}}, {"type": "Feature", "id": 160, "geometry": {"type": "Point", "coordinates": [99.888, 16.027]}, "properties": {"name": "", "fuel": "solar", "mw": 0.0, "country": "THA", "status": "operating"}}, {"type": "Feature", "id": 161, "geometry": {"type": "Point", "coordinates": [102.102, 16.057]}, "properties": {"name": "\u0e42\u0e23\u0e07\u0e44\u0e1f\u0e1f\u0e49\u0e32\u0e25\u0e33\u0e1b\u0e30\u0e17\u0e32\u0e27", "fuel": "hydro", "mw": 0.0, "country": "THA", "status": "operating"}}, {"type": "Feature", "id": 162, "geometry": {"type": "Point", "coordinates": [99.409, 16.077]}, "properties": {"name": "", "fuel": "hydro", "mw": 0.0, "country": "THA", "status": "operating"}}, {"type": "Feature", "id": 163, "geometry": {"type": "Point", "coordinates": [101.793, 16.41]}, "properties": {"name": "\u0e40\u0e02\u0e37\u0e48\u0e2d\u0e19\u0e2b\u0e49\u0e27\u0e22\u0e01\u0e38\u0e48\u0e21", "fuel": "hydro", "mw": 1.1, "country": "THA", "status": "operating"}}, {"type": "Feature", "id": 164, "geometry": {"type": "Point", "coordinates": [102.119, 16.483]}, "properties": {"name": "Mitro Biopower Chaiyaphum Power Plant", "fuel": "biomass", "mw": 0.0, "country": "THA", "status": "operating"}}, {"type": "Feature", "id": 165, "geometry": {"type": "Point", "coordinates": [101.685, 16.537]}, "properties": {"name": "\u0e42\u0e23\u0e07\u0e44\u0e1f\u0e1f\u0e49\u0e32\u0e40\u0e02\u0e37\u0e48\u0e2d\u0e19\u0e08\u0e38\u0e2c\u0e32\u0e20\u0e23\u0e13\u0e4c", "fuel": "hydro", "mw": 40.0, "country": "THA", "status": "operating"}}, {"type": "Feature", "id": 166, "geometry": {"type": "Point", "coordinates": [99.871, 16.63]}, "properties": {"name": "\u0e42\u0e23\u0e07\u0e44\u0e1f\u0e1f\u0e49\u0e32\u0e25\u0e32\u0e19\u0e01\u0e23\u0e30\u0e1a\u0e37\u0e2d", "fuel": "gas", "mw": 150.0, "country": "THA", "status": "operating"}}, {"type": "Feature", "id": 167, "geometry": {"type": "Point", "coordinates": [99.602, 16.636]}, "properties": {"name": "Solar Tech Energy CO., LTD.", "fuel": "solar", "mw": 0.0, "country": "THA", "status": "operating"}}, {"type": "Feature", "id": 168, "geometry": {"type": "Point", "coordinates": [99.597, 16.638]}, "properties": {"name": "Nine A Solar CO., LTD.", "fuel": "solar", "mw": 0.0, "country": "THA", "status": "operating"}}, {"type": "Feature", "id": 169, "geometry": {"type": "Point", "coordinates": [99.568, 16.68]}, "properties": {"name": "", "fuel": "solar", "mw": 0.0, "country": "THA", "status": "operating"}}, {"type": "Feature", "id": 170, "geometry": {"type": "Point", "coordinates": [99.559, 16.682]}, "properties": {"name": "\u0e1a\u0e23\u0e34\u0e29\u0e31\u0e17 \u0e1a\u0e36\u0e07\u0e2a\u0e32\u0e21\u0e1e\u0e31\u0e19 \u0e42\u0e0b\u0e25\u0e48\u0e32 \u0e08\u0e33\u0e01\u0e31\u0e14", "fuel": "solar", "mw": 0.0, "country": "THA", "status": "operating"}}, {"type": "Feature", "id": 171, "geometry": {"type": "Point", "coordinates": [100.743, 16.049]}, "properties": {"name": "", "fuel": "solar", "mw": 0.0, "country": "THA", "status": "operating"}}, {"type": "Feature", "id": 172, "geometry": {"type": "Point", "coordinates": [100.142, 16.435]}, "properties": {"name": "", "fuel": "solar", "mw": 0.0, "country": "THA", "status": "operating"}}, {"type": "Feature", "id": 173, "geometry": {"type": "Point", "coordinates": [102.112, 16.606]}, "properties": {"name": "", "fuel": "solar", "mw": 0.0, "country": "THA", "status": "operating"}}, {"type": "Feature", "id": 174, "geometry": {"type": "Point", "coordinates": [102.003, 16.579]}, "properties": {"name": "", "fuel": "solar", "mw": 0.0, "country": "THA", "status": "operating"}}, {"type": "Feature", "id": 175, "geometry": {"type": "Point", "coordinates": [97.862, 9.433]}, "properties": {"name": "", "fuel": "unknown", "mw": 0.0, "country": "THA", "status": "operating"}}, {"type": "Feature", "id": 176, "geometry": {"type": "Point", "coordinates": [98.566, 10.009]}, "properties": {"name": "Kawthaung coal-fired power plant", "fuel": "coal", "mw": 0.0, "country": "", "status": "operating"}}, {"type": "Feature", "id": 177, "geometry": {"type": "Point", "coordinates": [98.807, 8.971]}, "properties": {"name": "\u0e42\u0e23\u0e07\u0e44\u0e1f\u0e1f\u0e49\u0e32\u0e40\u0e02\u0e37\u0e48\u0e2d\u0e19\u0e23\u0e31\u0e0a\u0e0a\u0e1b\u0e23\u0e30\u0e20\u0e32", "fuel": "hydro", "mw": 240.0, "country": "THA", "status": "operating"}}, {"type": "Feature", "id": 178, "geometry": {"type": "Point", "coordinates": [99.049, 7.993]}, "properties": {"name": "\u0e42\u0e23\u0e07\u0e44\u0e1f\u0e1f\u0e49\u0e32\u0e01\u0e23\u0e30\u0e1a\u0e35\u0e48", "fuel": "gas", "mw": 315.0, "country": "THA", "status": "operating"}}, {"type": "Feature", "id": 179, "geometry": {"type": "Point", "coordinates": [99.224, 9.072]}, "properties": {"name": "Surat Thani Power Plant", "fuel": "gas", "mw": 0.0, "country": "THA", "status": "operating"}}, {"type": "Feature", "id": 180, "geometry": {"type": "Point", "coordinates": [99.557, 11.425]}, "properties": {"name": "Thap Sakae Solar Power Plant", "fuel": "solar", "mw": 5.0, "country": "THA", "status": "operating"}}, {"type": "Feature", "id": 181, "geometry": {"type": "Point", "coordinates": [99.631, 12.916]}, "properties": {"name": "\u0e42\u0e23\u0e07\u0e44\u0e1f\u0e1f\u0e49\u0e32\u0e40\u0e02\u0e37\u0e48\u0e2d\u0e19\u0e41\u0e01\u0e48\u0e07\u0e01\u0e23\u0e30\u0e08\u0e32\u0e19", "fuel": "hydro", "mw": 19.0, "country": "THA", "status": "operating"}}, {"type": "Feature", "id": 182, "geometry": {"type": "Point", "coordinates": [99.639, 11.79]}, "properties": {"name": "\u101c\u103b\u103e\u1015\u103a\u1005\u1005\u103a\u1013\u102c\u1010\u103a\u1021\u102c\u1038\u1015\u1031\u1038\u1002\u103b\u1004\u103a\u1014\u101b\u1031\u1010\u102c", "fuel": "unknown", "mw": 0.0, "country": "THA", "status": "operating"}}, {"type": "Feature", "id": 183, "geometry": {"type": "Point", "coordinates": [99.741, 13.536]}, "properties": {"name": "\u0e42\u0e23\u0e07\u0e44\u0e1f\u0e1f\u0e49\u0e32\u0e2b\u0e34\u0e19\u0e01\u0e2d\u0e07", "fuel": "gas", "mw": 0.0, "country": "THA", "status": "operating"}}, {"type": "Feature", "id": 184, "geometry": {"type": "Point", "coordinates": [99.861, 9.237]}, "properties": {"name": "\u0e42\u0e23\u0e07\u0e44\u0e1f\u0e1f\u0e49\u0e32\u0e02\u0e19\u0e2d\u0e21", "fuel": "gas", "mw": 970.0, "country": "THA", "status": "operating"}}, {"type": "Feature", "id": 185, "geometry": {"type": "Point", "coordinates": [99.889, 13.603]}, "properties": {"name": "\u0e42\u0e23\u0e07\u0e44\u0e1f\u0e1f\u0e49\u0e32\u0e23\u0e32\u0e0a\u0e1a\u0e38\u0e23\u0e35", "fuel": "gas", "mw": 5045.0, "country": "THA", "status": "operating"}}, {"type": "Feature", "id": 186, "geometry": {"type": "Point", "coordinates": [99.904, 12.824]}, "properties": {"name": "\u0e42\u0e23\u0e07\u0e44\u0e1f\u0e1f\u0e49\u0e32\u0e2d\u0e34\u0e40\u0e04\u0e27\u0e40\u0e15\u0e2d\u0e23\u0e4c \u0e42\u0e0b\u0e25\u0e32\u0e23\u0e4c \u0e27\u0e31\u0e19", "fuel": "solar", "mw": 10.0, "country": "THA", "status": "operating"}}, {"type": "Feature", "id": 187, "geometry": {"type": "Point", "coordinates": [99.923, 13.363]}, "properties": {"name": "", "fuel": "solar", "mw": 0.0, "country": "THA", "status": "operating"}}, {"type": "Feature", "id": 188, "geometry": {"type": "Point", "coordinates": [99.925, 13.361]}, "properties": {"name": "", "fuel": "solar", "mw": 0.0, "country": "THA", "status": "operating"}}, {"type": "Feature", "id": 189, "geometry": {"type": "Point", "coordinates": [100.507, 13.812]}, "properties": {"name": "\u0e01\u0e32\u0e23\u0e44\u0e1f\u0e1f\u0e49\u0e32\u0e1d\u0e48\u0e32\u0e22\u0e1c\u0e25\u0e34\u0e15\u0e41\u0e2b\u0e48\u0e07\u0e1b\u0e23\u0e30\u0e40\u0e17\u0e28\u0e44\u0e17\u0e22", "fuel": "gas", "mw": 1498.0, "country": "THA", "status": "operating"}}, {"type": "Feature", "id": 190, "geometry": {"type": "Point", "coordinates": [100.51, 13.787]}, "properties": {"name": "\u0e01\u0e32\u0e23\u0e44\u0e1f\u0e1f\u0e49\u0e32\u0e19\u0e04\u0e23\u0e2b\u0e25\u0e27\u0e07\u0e40\u0e02\u0e15\u0e2a\u0e32\u0e21\u0e40\u0e2a\u0e19", "fuel": "unknown", "mw": 0.0, "country": "THA", "status": "operating"}}, {"type": "Feature", "id": 191, "geometry": {"type": "Point", "coordinates": [100.559, 13.619]}, "properties": {"name": "\u0e42\u0e23\u0e07\u0e44\u0e1f\u0e1f\u0e49\u0e32\u0e1e\u0e23\u0e30\u0e19\u0e04\u0e23\u0e43\u0e15\u0e49", "fuel": "gas", "mw": 2492.0, "country": "THA", "status": "operating"}}, {"type": "Feature", "id": 192, "geometry": {"type": "Point", "coordinates": [99.856, 13.839]}, "properties": {"name": "Berkprai Cogeneration Power Plant", "fuel": "gas", "mw": 0.0, "country": "THA", "status": "operating"}}, {"type": "Feature", "id": 193, "geometry": {"type": "Point", "coordinates": [99.222, 8.96]}, "properties": {"name": "SGEC Surat Thani Green Energy", "fuel": "biomass", "mw": 9.9, "country": "THA", "status": "operating"}}, {"type": "Feature", "id": 194, "geometry": {"type": "Point", "coordinates": [99.847, 13.651]}, "properties": {"name": "\u0e42\u0e23\u0e07\u0e44\u0e1f\u0e1f\u0e49\u0e32\u0e23\u0e32\u0e0a\u0e1a\u0e38\u0e23\u0e35\u0e40\u0e27\u0e2d\u0e25\u0e14\u0e4c \u0e42\u0e04\u0e40\u0e08\u0e19\u0e40\u0e19\u0e2d\u0e40\u0e23\u0e0a\u0e31\u0e48\u0e19", "fuel": "gas", "mw": 0.0, "country": "THA", "status": "operating"}}, {"type": "Feature", "id": 195, "geometry": {"type": "Point", "coordinates": [99.856, 13.859]}, "properties": {"name": "BPU Cogeneration Power Project (TP/SK Cogen)", "fuel": "unknown", "mw": 0.0, "country": "THA", "status": "operating"}}, {"type": "Feature", "id": 196, "geometry": {"type": "Point", "coordinates": [99.991, 9.727]}, "properties": {"name": "Trash Burning Factory", "fuel": "waste", "mw": 0.0, "country": "THA", "status": "operating"}}, {"type": "Feature", "id": 197, "geometry": {"type": "Point", "coordinates": [99.597, 11.473]}, "properties": {"name": "Solar Farm", "fuel": "solar", "mw": 0.0, "country": "THA", "status": "operating"}}, {"type": "Feature", "id": 198, "geometry": {"type": "Point", "coordinates": [99.463, 13.574]}, "properties": {"name": "", "fuel": "solar", "mw": 0.0, "country": "THA", "status": "operating"}}, {"type": "Feature", "id": 199, "geometry": {"type": "Point", "coordinates": [100.304, 13.906]}, "properties": {"name": "\u0e42\u0e23\u0e07\u0e44\u0e1f\u0e1f\u0e49\u0e32\u0e1e\u0e25\u0e31\u0e07\u0e07\u0e32\u0e19\u0e41\u0e2a\u0e07\u0e2d\u0e32\u0e17\u0e34\u0e15\u0e22\u0e4c\u0e2b\u0e19\u0e2d\u0e07\u0e40\u0e1e\u0e23\u0e32\u0e07\u0e32\u0e22", "fuel": "solar", "mw": 4.3, "country": "THA", "status": "operating"}}, {"type": "Feature", "id": 200, "geometry": {"type": "Point", "coordinates": [99.502, 13.873]}, "properties": {"name": "", "fuel": "solar", "mw": 0.0, "country": "THA", "status": "operating"}}, {"type": "Feature", "id": 201, "geometry": {"type": "Point", "coordinates": [99.779, 13.275]}, "properties": {"name": "", "fuel": "solar", "mw": 0.0, "country": "THA", "status": "operating"}}, {"type": "Feature", "id": 202, "geometry": {"type": "Point", "coordinates": [99.828, 12.047]}, "properties": {"name": "", "fuel": "solar", "mw": 0.0, "country": "THA", "status": "operating"}}, {"type": "Feature", "id": 203, "geometry": {"type": "Point", "coordinates": [99.637, 13.798]}, "properties": {"name": "", "fuel": "solar", "mw": 0.0, "country": "THA", "status": "operating"}}, {"type": "Feature", "id": 204, "geometry": {"type": "Point", "coordinates": [100.178, 13.549]}, "properties": {"name": "", "fuel": "solar", "mw": 0.0, "country": "THA", "status": "operating"}}, {"type": "Feature", "id": 205, "geometry": {"type": "Point", "coordinates": [99.707, 13.94]}, "properties": {"name": "Wang Sala Mill Power Plant", "fuel": "coal", "mw": 0.0, "country": "THA", "status": "operating"}}, {"type": "Feature", "id": 206, "geometry": {"type": "Point", "coordinates": [99.891, 12.478]}, "properties": {"name": "BSP Bangkok Solar Power Co., Ltd.", "fuel": "solar", "mw": 0.0, "country": "THA", "status": "operating"}}, {"type": "Feature", "id": 207, "geometry": {"type": "Point", "coordinates": [99.518, 11.394]}, "properties": {"name": "\u0e42\u0e23\u0e07\u0e44\u0e1f\u0e1f\u0e49\u0e32\u0e1e\u0e25\u0e31\u0e07\u0e07\u0e32\u0e19\u0e41\u0e2a\u0e07\u0e2d\u0e32\u0e17\u0e34\u0e15\u0e22\u0e4c\u0e0a\u0e31\u0e22\u0e40\u0e01\u0e29\u0e21", "fuel": "solar", "mw": 0.0, "country": "THA", "status": "operating"}}, {"type": "Feature", "id": 208, "geometry": {"type": "Point", "coordinates": [99.832, 12.97]}, "properties": {"name": "WPGE Phetchaburi Co.Ltd.", "fuel": "waste", "mw": 0.0, "country": "THA", "status": "operating"}}, {"type": "Feature", "id": 209, "geometry": {"type": "Point", "coordinates": [100.357, 13.719]}, "properties": {"name": "\u0e42\u0e23\u0e07\u0e01\u0e33\u0e08\u0e31\u0e14\u0e02\u0e22\u0e30\u0e1c\u0e25\u0e34\u0e15\u0e44\u0e1f\u0e1f\u0e49\u0e33\u0e40\u0e1e\u0e37\u0e48\u0e2d\u0e2a\u0e34\u0e48\u0e07\u0e41\u0e27\u0e14\u0e25\u0e49\u0e2d\u0e21\u0e2b\u0e19\u0e2d\u0e07\u0e41\u0e02\u0e21", "fuel": "waste", "mw": 0.0, "country": "THA", "status": "operating"}}, {"type": "Feature", "id": 210, "geometry": {"type": "Point", "coordinates": [100.508, 13.782]}, "properties": {"name": "", "fuel": "unknown", "mw": 0.0, "country": "THA", "status": "operating"}}, {"type": "Feature", "id": 211, "geometry": {"type": "Point", "coordinates": [99.982, 12.958]}, "properties": {"name": "\u0e42\u0e23\u0e07\u0e44\u0e1f\u0e1f\u0e49\u0e32\u0e1e\u0e25\u0e31\u0e07\u0e07\u0e32\u0e19\u0e41\u0e2a\u0e07\u0e2d\u0e32\u0e17\u0e34\u0e15\u0e22\u0e4c \u0e1a\u0e08\u0e01.\u0e1e\u0e31\u0e12\u0e19\u0e32\u0e1e\u0e25\u0e31\u0e07\u0e07\u0e32\u0e19\u0e44\u0e1f\u0e1f\u0e49\u0e32 2", "fuel": "solar", "mw": 8.0, "country": "THA", "status": "operating"}}, {"type": "Feature", "id": 212, "geometry": {"type": "Point", "coordinates": [103.39, 10.892]}, "properties": {"name": "Botum Sakor power station", "fuel": "coal", "mw": 0.0, "country": "KHM", "status": "operating"}}, {"type": "Feature", "id": 213, "geometry": {"type": "Point", "coordinates": [103.506, 10.642]}, "properties": {"name": "Colben Energy", "fuel": "oil", "mw": 0.0, "country": "", "status": "operating"}}, {"type": "Feature", "id": 214, "geometry": {"type": "Point", "coordinates": [103.581, 10.74]}, "properties": {"name": "Cambodia Energy Limited (CEL) power station", "fuel": "coal", "mw": 250.0, "country": "", "status": "operating"}}, {"type": "Feature", "id": 215, "geometry": {"type": "Point", "coordinates": [103.586, 10.736]}, "properties": {"name": "Sihanoukville CIIDG power station", "fuel": "coal", "mw": 405.0, "country": "", "status": "operating"}}, {"type": "Feature", "id": 216, "geometry": {"type": "Point", "coordinates": [103.634, 10.629]}, "properties": {"name": "Sihanoukville Special Economic Zone Coal Power Plant", "fuel": "coal", "mw": 100.0, "country": "KHM", "status": "operating"}}, {"type": "Feature", "id": 217, "geometry": {"type": "Point", "coordinates": [103.78, 11.244]}, "properties": {"name": "Kirirom 3 Hydro Plant", "fuel": "hydro", "mw": 18.0, "country": "KHM", "status": "operating"}}, {"type": "Feature", "id": 218, "geometry": {"type": "Point", "coordinates": [104.021, 11.19]}, "properties": {"name": "Kirirom 1 Hydro Plant", "fuel": "hydro", "mw": 12.0, "country": "KHM", "status": "operating"}}, {"type": "Feature", "id": 219, "geometry": {"type": "Point", "coordinates": [104.119, 10.703]}, "properties": {"name": "", "fuel": "hydro", "mw": 4.0, "country": "KHM", "status": "operating"}}, {"type": "Feature", "id": 220, "geometry": {"type": "Point", "coordinates": [104.121, 10.688]}, "properties": {"name": "\u1791\u17c6\u1793\u1794\u17cb\u179c\u17b6\u179a\u17b8\u17a2\u1782\u17d2\u1782\u17b7\u179f\u1793\u17b8 \u1780\u17c6\u1785\u17b6\u1799", "fuel": "hydro", "mw": 180.0, "country": "KHM", "status": "operating"}}, {"type": "Feature", "id": 221, "geometry": {"type": "Point", "coordinates": [104.126, 10.676]}, "properties": {"name": "", "fuel": "hydro", "mw": 10.1, "country": "KHM", "status": "operating"}}, {"type": "Feature", "id": 222, "geometry": {"type": "Point", "coordinates": [104.674, 11.641]}, "properties": {"name": "SchneiTec Renewable Solar Park", "fuel": "solar", "mw": 80.0, "country": "KHM", "status": "operating"}}, {"type": "Feature", "id": 223, "geometry": {"type": "Point", "coordinates": [104.873, 11.523]}, "properties": {"name": "Cambodia Electricity Private power plant", "fuel": "oil", "mw": 49.2, "country": "KHM", "status": "operating"}}, {"type": "Feature", "id": 224, "geometry": {"type": "Point", "coordinates": [104.875, 11.524]}, "properties": {"name": "Khmer Electrical Power", "fuel": "oil", "mw": 49.2, "country": "KHM", "status": "operating"}}, {"type": "Feature", "id": 225, "geometry": {"type": "Point", "coordinates": [104.914, 11.59]}, "properties": {"name": "\u179a\u17c4\u1784\u1785\u1780\u17d2\u179a\u200b\u17a2\u1782\u17d2\u1782\u17b7\u179f\u1793\u17b8 \u1791\u17b8 \u17e5-\u17e6", "fuel": "oil", "mw": 0.0, "country": "KHM", "status": "operating"}}, {"type": "Feature", "id": 226, "geometry": {"type": "Point", "coordinates": [104.957, 11.452]}, "properties": {"name": "", "fuel": "solar", "mw": 0.0, "country": "KHM", "status": "operating"}}, {"type": "Feature", "id": 227, "geometry": {"type": "Point", "coordinates": [104.967, 10.567]}, "properties": {"name": "Nh\u00e0 m\u00e1y \u0111i\u1ec7n m\u1eb7t tr\u1eddi V\u0103n Gi\u00e1o 1, 2", "fuel": "solar", "mw": 100.0, "country": "VNM", "status": "operating"}}, {"type": "Feature", "id": 228, "geometry": {"type": "Point", "coordinates": [105.061, 9.24]}, "properties": {"name": "Nh\u00e0 m\u00e1y Nhi\u1ec7t \u0111i\u1ec7n C\u00e0 Mau", "fuel": "gas", "mw": 1500.0, "country": "VNM", "status": "operating"}}, {"type": "Feature", "id": 229, "geometry": {"type": "Point", "coordinates": [105.081, 11.536]}, "properties": {"name": "Kandal Dual Fuel Power Plant", "fuel": "oil", "mw": 400.0, "country": "KHM", "status": "operating"}}, {"type": "Feature", "id": 230, "geometry": {"type": "Point", "coordinates": [105.335, 10.452]}, "properties": {"name": "", "fuel": "solar", "mw": 0.0, "country": "VNM", "status": "operating"}}, {"type": "Feature", "id": 231, "geometry": {"type": "Point", "coordinates": [105.013, 10.473]}, "properties": {"name": "Nh\u00e0 m\u00e1y \u0111i\u1ec7n m\u1eb7t tr\u1eddi Sao Mai", "fuel": "solar", "mw": 210.0, "country": "VNM", "status": "operating"}}, {"type": "Feature", "id": 232, "geometry": {"type": "Point", "coordinates": [103.596, 10.734]}, "properties": {"name": "Sihanoukville CIIDG-2 power station", "fuel": "coal", "mw": 700.0, "country": "KHM", "status": "operating"}}, {"type": "Feature", "id": 233, "geometry": {"type": "Point", "coordinates": [108.956, 10.508]}, "properties": {"name": "", "fuel": "solar", "mw": 0.0, "country": "", "status": "operating"}}, {"type": "Feature", "id": 234, "geometry": {"type": "Point", "coordinates": [108.015, 10.906]}, "properties": {"name": "Nh\u00e0 m\u00e1y \u0111i\u1ec7n m\u1eb7t tr\u1eddi H\u00e0m Ki\u1ec7m", "fuel": "solar", "mw": 49.0, "country": "VNM", "status": "operating"}}, {"type": "Feature", "id": 235, "geometry": {"type": "Point", "coordinates": [108.287, 11.065]}, "properties": {"name": "Nh\u00e0 m\u00e1y \u0111i\u1ec7n m\u1eb7t tr\u1eddi H\u1ed3ng Phong 1A", "fuel": "solar", "mw": 0.0, "country": "VNM", "status": "operating"}}, {"type": "Feature", "id": 236, "geometry": {"type": "Point", "coordinates": [108.05, 11.116]}, "properties": {"name": "", "fuel": "solar", "mw": 0.0, "country": "VNM", "status": "operating"}}, {"type": "Feature", "id": 237, "geometry": {"type": "Point", "coordinates": [108.071, 11.156]}, "properties": {"name": "", "fuel": "solar", "mw": 0.0, "country": "VNM", "status": "operating"}}, {"type": "Feature", "id": 238, "geometry": {"type": "Point", "coordinates": [108.677, 11.211]}, "properties": {"name": "Binh Thuan Wind Farm", "fuel": "wind", "mw": 30.0, "country": "", "status": "operating"}}, {"type": "Feature", "id": 239, "geometry": {"type": "Point", "coordinates": [107.833, 11.219]}, "properties": {"name": "Nh\u00e0 m\u00e0y Th\u1ee7y \u0111i\u1ec7n \u0110a Mi", "fuel": "hydro", "mw": 175.0, "country": "VNM", "status": "operating"}}, {"type": "Feature", "id": 240, "geometry": {"type": "Point", "coordinates": [108.636, 11.227]}, "properties": {"name": "", "fuel": "solar", "mw": 0.0, "country": "VNM", "status": "operating"}}, {"type": "Feature", "id": 241, "geometry": {"type": "Point", "coordinates": [108.734, 11.283]}, "properties": {"name": "", "fuel": "solar", "mw": 0.0, "country": "VNM", "status": "operating"}}, {"type": "Feature", "id": 242, "geometry": {"type": "Point", "coordinates": [108.724, 11.29]}, "properties": {"name": "\u0110i\u1ec7n m\u1eb7t tr\u1eddi Tuy Phong", "fuel": "solar", "mw": 30.0, "country": "VNM", "status": "operating"}}, {"type": "Feature", "id": 243, "geometry": {"type": "Point", "coordinates": [107.874, 11.289]}, "properties": {"name": "Nh\u00e0 m\u00e0y Th\u1ee7y \u0111i\u1ec7n H\u00e0m Thu\u1eadn", "fuel": "hydro", "mw": 300.0, "country": "VNM", "status": "operating"}}, {"type": "Feature", "id": 244, "geometry": {"type": "Point", "coordinates": [108.731, 11.295]}, "properties": {"name": "\u0110i\u1ec7n m\u1eb7t tr\u1eddi V\u0129nh H\u1ea3o 4", "fuel": "solar", "mw": 30.0, "country": "VNM", "status": "operating"}}, {"type": "Feature", "id": 245, "geometry": {"type": "Point", "coordinates": [108.802, 11.314]}, "properties": {"name": "Trung t\u00e2m \u0110i\u1ec7n l\u1ef1c V\u0129nh T\u00e2n", "fuel": "unknown", "mw": 0.0, "country": "VNM", "status": "operating"}}, {"type": "Feature", "id": 246, "geometry": {"type": "Point", "coordinates": [108.754, 11.306]}, "properties": {"name": "Nh\u00e0 m\u00e1y \u0111i\u1ec7n m\u1eb7t tr\u1eddi V\u0129nh H\u1ea3o 6", "fuel": "solar", "mw": 50.0, "country": "VNM", "status": "operating"}}, {"type": "Feature", "id": 247, "geometry": {"type": "Point", "coordinates": [108.845, 11.438]}, "properties": {"name": "Nh\u00e0 m\u00e1y \u0111i\u1ec7n m\u1eb7t tr\u1eddi Trung Nam Thu\u1eadn Nam", "fuel": "solar", "mw": 450.0, "country": "VNM", "status": "operating"}}, {"type": "Feature", "id": 248, "geometry": {"type": "Point", "coordinates": [108.851, 11.421]}, "properties": {"name": "Nh\u00e0 m\u00e1y \u0111i\u1ec7n m\u1eb7t tr\u1eddi Thu\u1eadn Nam 19", "fuel": "solar", "mw": 61.0, "country": "VNM", "status": "operating"}}, {"type": "Feature", "id": 249, "geometry": {"type": "Point", "coordinates": [108.803, 11.424]}, "properties": {"name": "Nh\u00e0 m\u00e1y \u0111i\u1ec7n m\u1eb7t tr\u1eddi Nh\u1ecb H\u00e0", "fuel": "solar", "mw": 50.0, "country": "VNM", "status": "operating"}}, {"type": "Feature", "id": 250, "geometry": {"type": "Point", "coordinates": [108.778, 11.441]}, "properties": {"name": "", "fuel": "solar", "mw": 0.0, "country": "VNM", "status": "operating"}}, {"type": "Feature", "id": 251, "geometry": {"type": "Point", "coordinates": [108.899, 11.443]}, "properties": {"name": "", "fuel": "solar", "mw": 0.0, "country": "VNM", "status": "operating"}}, {"type": "Feature", "id": 252, "geometry": {"type": "Point", "coordinates": [108.357, 11.473]}, "properties": {"name": "Nh\u00e0 m\u00e0y Thu\u1ef7 \u0111i\u1ec7n \u0110\u1ea1i Ninh", "fuel": "hydro", "mw": 300.0, "country": "VNM", "status": "operating"}}, {"type": "Feature", "id": 253, "geometry": {"type": "Point", "coordinates": [108.797, 11.309]}, "properties": {"name": "Nh\u00e0 m\u00e1y Nhi\u1ec7t \u0111i\u1ec7n V\u0129nh T\u00e2n 4", "fuel": "coal", "mw": 1800.0, "country": "VNM", "status": "operating"}}, {"type": "Feature", "id": 254, "geometry": {"type": "Point", "coordinates": [108.322, 11.045]}, "properties": {"name": "Nh\u00e0 m\u00e1y \u0111i\u1ec7n m\u1eb7t tr\u1eddi H\u1ed3ng Phong 4", "fuel": "solar", "mw": 48.0, "country": "VNM", "status": "operating"}}, {"type": "Feature", "id": 255, "geometry": {"type": "Point", "coordinates": [107.845, 11.251]}, "properties": {"name": "Da Mi Floating Solar Power Plant", "fuel": "solar", "mw": 47.5, "country": "VNM", "status": "operating"}}, {"type": "Feature", "id": 256, "geometry": {"type": "Point", "coordinates": [108.885, 11.465]}, "properties": {"name": "", "fuel": "solar", "mw": 0.0, "country": "VNM", "status": "operating"}}, {"type": "Feature", "id": 257, "geometry": {"type": "Point", "coordinates": [108.87, 11.402]}, "properties": {"name": "", "fuel": "solar", "mw": 0.0, "country": "VNM", "status": "operating"}}, {"type": "Feature", "id": 258, "geometry": {"type": "Point", "coordinates": [108.885, 11.396]}, "properties": {"name": "", "fuel": "solar", "mw": 0.0, "country": "VNM", "status": "operating"}}, {"type": "Feature", "id": 259, "geometry": {"type": "Point", "coordinates": [108.88, 11.397]}, "properties": {"name": "", "fuel": "solar", "mw": 0.0, "country": "VNM", "status": "operating"}}, {"type": "Feature", "id": 260, "geometry": {"type": "Point", "coordinates": [108.01, 10.906]}, "properties": {"name": "", "fuel": "solar", "mw": 0.0, "country": "VNM", "status": "operating"}}, {"type": "Feature", "id": 261, "geometry": {"type": "Point", "coordinates": [108.01, 10.905]}, "properties": {"name": "", "fuel": "solar", "mw": 0.0, "country": "VNM", "status": "operating"}}, {"type": "Feature", "id": 262, "geometry": {"type": "Point", "coordinates": [108.01, 10.904]}, "properties": {"name": "", "fuel": "solar", "mw": 0.0, "country": "VNM", "status": "operating"}}, {"type": "Feature", "id": 263, "geometry": {"type": "Point", "coordinates": [108.01, 10.903]}, "properties": {"name": "", "fuel": "solar", "mw": 0.0, "country": "VNM", "status": "operating"}}, {"type": "Feature", "id": 264, "geometry": {"type": "Point", "coordinates": [108.003, 10.904]}, "properties": {"name": "", "fuel": "solar", "mw": 0.0, "country": "VNM", "status": "operating"}}, {"type": "Feature", "id": 265, "geometry": {"type": "Point", "coordinates": [107.901, 11.415]}, "properties": {"name": "Nh\u00e0 m\u00e1y Thu\u1ef7 \u0111i\u1ec7n B\u1ea3o L\u1ed9c", "fuel": "hydro", "mw": 24.0, "country": "VNM", "status": "operating"}}, {"type": "Feature", "id": 266, "geometry": {"type": "Point", "coordinates": [107.85, 11.498]}, "properties": {"name": "Nh\u00e0 m\u00e1y Thu\u1ef7 \u0111i\u1ec7n \u0110\u1ea1i B\u00ecnh", "fuel": "hydro", "mw": 0.0, "country": "VNM", "status": "operating"}}, {"type": "Feature", "id": 267, "geometry": {"type": "Point", "coordinates": [108.428, 11.309]}, "properties": {"name": "Nh\u00e0 m\u00e1y \u0111i\u1ec7n m\u1eb7t tr\u1eddi B\u00ecnh An", "fuel": "solar", "mw": 50.0, "country": "VNM", "status": "operating"}}, {"type": "Feature", "id": 268, "geometry": {"type": "Point", "coordinates": [108.355, 11.328]}, "properties": {"name": "Nh\u00e0 m\u00e1y \u0111i\u1ec7n m\u1eb7t tr\u1eddi Ph\u00e2n L\u00e2m 2", "fuel": "solar", "mw": 41.0, "country": "VNM", "status": "operating"}}, {"type": "Feature", "id": 269, "geometry": {"type": "Point", "coordinates": [108.336, 11.437]}, "properties": {"name": "Nh\u00e0 m\u00e1y th\u1ee7y \u0111i\u1ec7n B\u1eafc B\u00ecnh", "fuel": "hydro", "mw": 34.0, "country": "VNM", "status": "operating"}}, {"type": "Feature", "id": 270, "geometry": {"type": "Point", "coordinates": [107.668, 10.661]}, "properties": {"name": "Nh\u00e0 m\u00e1y \u0110i\u1ec7n m\u1eb7t tr\u1eddi S\u01a1n M\u1ef9 3.1", "fuel": "solar", "mw": 50.0, "country": "VNM", "status": "operating"}}, {"type": "Feature", "id": 271, "geometry": {"type": "Point", "coordinates": [108.79, 11.336]}, "properties": {"name": "\u0110i\u1ec7n m\u1eb7t tr\u1eddi V\u0129nh T\u00e2n 2", "fuel": "solar", "mw": 42.6, "country": "VNM", "status": "operating"}}, {"type": "Feature", "id": 272, "geometry": {"type": "Point", "coordinates": [108.804, 11.314]}, "properties": {"name": "Nh\u00e0 m\u00e1y Nhi\u1ec7t \u0111i\u1ec7n V\u0129nh T\u00e2n 2", "fuel": "coal", "mw": 1244.0, "country": "VNM", "status": "operating"}}, {"type": "Feature", "id": 273, "geometry": {"type": "Point", "coordinates": [108.808, 11.317]}, "properties": {"name": "Nh\u00e0 m\u00e1y Nhi\u1ec7t \u0111i\u1ec7n V\u0129nh T\u00e2n 1", "fuel": "coal", "mw": 1200.0, "country": "VNM", "status": "operating"}}, {"type": "Feature", "id": 274, "geometry": {"type": "Point", "coordinates": [108.328, 11.199]}, "properties": {"name": "", "fuel": "solar", "mw": 0.0, "country": "VNM", "status": "operating"}}, {"type": "Feature", "id": 275, "geometry": {"type": "Point", "coordinates": [108.96, 11.422]}, "properties": {"name": "", "fuel": "solar", "mw": 0.0, "country": "VNM", "status": "operating"}}, {"type": "Feature", "id": 276, "geometry": {"type": "Point", "coordinates": [108.278, 11.082]}, "properties": {"name": "Nh\u00e0 m\u00e1y \u0111i\u1ec7n m\u1eb7t tr\u1eddi H\u1ed3ng Phong 5.2", "fuel": "solar", "mw": 41.0, "country": "VNM", "status": "operating"}}, {"type": "Feature", "id": 277, "geometry": {"type": "Point", "coordinates": [108.371, 11.072]}, "properties": {"name": "Thai Hoa Wind Farm", "fuel": "unknown", "mw": 0.0, "country": "VNM", "status": "operating"}}, {"type": "Feature", "id": 278, "geometry": {"type": "Point", "coordinates": [103.08, 11.753]}, "properties": {"name": "Lower Stung Russey Chrum Lower Power Plant", "fuel": "hydro", "mw": 132.0, "country": "KHM", "status": "operating"}}, {"type": "Feature", "id": 279, "geometry": {"type": "Point", "coordinates": [103.18, 11.591]}, "properties": {"name": "Stung Tatay Power Plant", "fuel": "hydro", "mw": 246.0, "country": "KHM", "status": "operating"}}, {"type": "Feature", "id": 280, "geometry": {"type": "Point", "coordinates": [107.014, 11.861]}, "properties": {"name": "Nh\u00e0 m\u00e1y Th\u1ee7y \u0111i\u1ec7n Th\u00e1c M\u01a1 MR", "fuel": "hydro", "mw": 75.0, "country": "VNM", "status": "operating"}}, {"type": "Feature", "id": 281, "geometry": {"type": "Point", "coordinates": [107.554, 11.791]}, "properties": {"name": "Nh\u00e0 m\u00e0y Thu\u1ef7 \u0111i\u1ec7n \u0110\u1ed3ng Nai 5", "fuel": "hydro", "mw": 150.0, "country": "VNM", "status": "operating"}}, {"type": "Feature", "id": 282, "geometry": {"type": "Point", "coordinates": [107.672, 11.913]}, "properties": {"name": "Nh\u00e0 m\u00e1y Th\u1ee7y \u0111i\u1ec7n \u0110\u0103k R'T\u00edh 2", "fuel": "hydro", "mw": 62.0, "country": "VNM", "status": "operating"}}, {"type": "Feature", "id": 283, "geometry": {"type": "Point", "coordinates": [107.673, 11.884]}, "properties": {"name": "Nh\u00e0 m\u00e1y Th\u1ee7y \u0111i\u1ec7n \u0110\u1ed3ng Nai 4", "fuel": "hydro", "mw": 0.0, "country": "VNM", "status": "operating"}}, {"type": "Feature", "id": 284, "geometry": {"type": "Point", "coordinates": [107.673, 11.885]}, "properties": {"name": "Nh\u00e0 m\u00e1y Th\u1ee7y \u0111i\u1ec7n \u0110\u1ed3ng Nai 4", "fuel": "hydro", "mw": 340.0, "country": "VNM", "status": "operating"}}, {"type": "Feature", "id": 285, "geometry": {"type": "Point", "coordinates": [107.84, 11.543]}, "properties": {"name": "Nh\u00e0 m\u00e1y Th\u1ee7y \u0111i\u1ec7n L\u1ed9c Ph\u00e1t", "fuel": "hydro", "mw": 0.6, "country": "VNM", "status": "operating"}}, {"type": "Feature", "id": 286, "geometry": {"type": "Point", "coordinates": [107.867, 11.516]}, "properties": {"name": "Nh\u00e0 m\u00e0y Thu\u1ef7 \u0111i\u1ec7n \u0110\u1ea1i Nga", "fuel": "hydro", "mw": 10.0, "country": "VNM", "status": "operating"}}, {"type": "Feature", "id": 287, "geometry": {"type": "Point", "coordinates": [107.88, 11.871]}, "properties": {"name": "Nh\u00e0 m\u00e1y Thu\u1ef7 \u0111i\u1ec7n \u0110\u1ed3ng Nai 3", "fuel": "hydro", "mw": 180.0, "country": "VNM", "status": "operating"}}, {"type": "Feature", "id": 288, "geometry": {"type": "Point", "coordinates": [108.057, 11.712]}, "properties": {"name": "Nh\u00e0 m\u00e0y Thu\u1ef7 \u0111i\u1ec7n \u0110\u1ed3ng Nai 2", "fuel": "hydro", "mw": 70.0, "country": "VNM", "status": "operating"}}, {"type": "Feature", "id": 289, "geometry": {"type": "Point", "coordinates": [108.244, 11.695]}, "properties": {"name": "Nh\u00e0 m\u00e0y Thu\u1ef7 \u0111i\u1ec7n \u0110\u1ea1 D\u00e2ng 2", "fuel": "hydro", "mw": 34.0, "country": "VNM", "status": "operating"}}, {"type": "Feature", "id": 290, "geometry": {"type": "Point", "coordinates": [108.361, 11.997]}, "properties": {"name": "Nh\u00e0 m\u00e1y th\u1ee7y \u0111i\u1ec7n Ankroet", "fuel": "hydro", "mw": 3.0, "country": "VNM", "status": "operating"}}, {"type": "Feature", "id": 291, "geometry": {"type": "Point", "coordinates": [108.684, 11.833]}, "properties": {"name": "Th\u1ee7y \u0111i\u1ec7n S\u00f4ng Pha", "fuel": "hydro", "mw": 7.5, "country": "VNM", "status": "operating"}}, {"type": "Feature", "id": 292, "geometry": {"type": "Point", "coordinates": [108.691, 11.828]}, "properties": {"name": "Nh\u00e0 m\u00e1y Th\u1ee7y \u0111i\u1ec7n H\u1ea1 S\u00f4ng Pha 1", "fuel": "hydro", "mw": 0.0, "country": "VNM", "status": "operating"}}, {"type": "Feature", "id": 293, "geometry": {"type": "Point", "coordinates": [108.708, 11.832]}, "properties": {"name": "Nh\u00e0 m\u00e1y Th\u1ee7y \u0111i\u1ec7n H\u1ea1 S\u00f4ng Pha 2", "fuel": "hydro", "mw": 0.0, "country": "VNM", "status": "operating"}}, {"type": "Feature", "id": 294, "geometry": {"type": "Point", "coordinates": [107.622, 11.844]}, "properties": {"name": "Nh\u00e0 m\u00e0y th\u1ee7y \u0111i\u1ec7n \u0110a Siat", "fuel": "hydro", "mw": 13.5, "country": "VNM", "status": "operating"}}, {"type": "Feature", "id": 295, "geometry": {"type": "Point", "coordinates": [107.649, 11.526]}, "properties": {"name": "Nh\u00e0 m\u00e0y Thu\u1ef7 \u0111i\u1ec7n \u0110\u1ea1 M'Bri", "fuel": "hydro", "mw": 75.0, "country": "VNM", "status": "operating"}}, {"type": "Feature", "id": 296, "geometry": {"type": "Point", "coordinates": [107.651, 11.679]}, "properties": {"name": "Nh\u00e0 m\u00e1y Thu\u1ef7 \u0111i\u1ec7n \u0110\u1ea1 M'Bol", "fuel": "hydro", "mw": 10.2, "country": "VNM", "status": "operating"}}, {"type": "Feature", "id": 297, "geometry": {"type": "Point", "coordinates": [108.682, 11.837]}, "properties": {"name": "Nh\u00e0 m\u00e1y Th\u1ee7y \u0111i\u1ec7n \u0110a Nhim", "fuel": "hydro", "mw": 240.0, "country": "VNM", "status": "operating"}}, {"type": "Feature", "id": 298, "geometry": {"type": "Point", "coordinates": [108.234, 11.667]}, "properties": {"name": "Nh\u00e0 m\u00e0y Thu\u1ef7 \u0111i\u1ec7n \u0110\u1ea1 D\u00e2ng 3", "fuel": "hydro", "mw": 12.0, "country": "VNM", "status": "operating"}}, {"type": "Feature", "id": 299, "geometry": {"type": "Point", "coordinates": [107.478, 11.79]}, "properties": {"name": "Nh\u00e0 m\u00e1y Thu\u1ef7 \u0111i\u1ec7n \u0110\u0103k Sin 1", "fuel": "hydro", "mw": 28.0, "country": "VNM", "status": "operating"}}, {"type": "Feature", "id": 300, "geometry": {"type": "Point", "coordinates": [104.382, 11.813]}, "properties": {"name": "Trina Solar", "fuel": "solar", "mw": 40.0, "country": "KHM", "status": "operating"}}, {"type": "Feature", "id": 301, "geometry": {"type": "Point", "coordinates": [107.885, 11.516]}, "properties": {"name": "", "fuel": "hydro", "mw": 0.0, "country": "VNM", "status": "operating"}}, {"type": "Feature", "id": 302, "geometry": {"type": "Point", "coordinates": [108.238, 11.886]}, "properties": {"name": "", "fuel": "hydro", "mw": 0.0, "country": "VNM", "status": "operating"}}, {"type": "Feature", "id": 303, "geometry": {"type": "Point", "coordinates": [108.308, 11.958]}, "properties": {"name": "", "fuel": "hydro", "mw": 0.0, "country": "VNM", "status": "operating"}}, {"type": "Feature", "id": 304, "geometry": {"type": "Point", "coordinates": [108.744, 11.82]}, "properties": {"name": "", "fuel": "hydro", "mw": 0.0, "country": "VNM", "status": "operating"}}, {"type": "Feature", "id": 305, "geometry": {"type": "Point", "coordinates": [107.66, 11.946]}, "properties": {"name": "Nh\u00e0 m\u00e1y Th\u1ee7y \u0111i\u1ec7n \u0110\u0103k R\u2019Tih 1", "fuel": "hydro", "mw": 82.0, "country": "VNM", "status": "operating"}}, {"type": "Feature", "id": 306, "geometry": {"type": "Point", "coordinates": [106.757, 11.769]}, "properties": {"name": "Nh\u00e0 m\u00e1y th\u1ee7y \u0111i\u1ec7n Srok Phu Mi\u00eang", "fuel": "hydro", "mw": 51.0, "country": "VNM", "status": "operating"}}, {"type": "Feature", "id": 307, "geometry": {"type": "Point", "coordinates": [104.395, 11.792]}, "properties": {"name": "Prime Road Power", "fuel": "solar", "mw": 60.0, "country": "KHM", "status": "operating"}}, {"type": "Feature", "id": 308, "geometry": {"type": "Point", "coordinates": [103.103, 11.824]}, "properties": {"name": "Lower Stung Russey Chrum Upper Power Plant", "fuel": "hydro", "mw": 206.0, "country": "KHM", "status": "operating"}}, {"type": "Feature", "id": 309, "geometry": {"type": "Point", "coordinates": [107.018, 11.857]}, "properties": {"name": "Nh\u00e0 m\u00e1y \u0110i\u1ec7n m\u1eb7t tr\u1eddi Th\u00e1c M\u01a1", "fuel": "solar", "mw": 50.0, "country": "VNM", "status": "operating"}}, {"type": "Feature", "id": 310, "geometry": {"type": "Point", "coordinates": [107.014, 11.859]}, "properties": {"name": "Nh\u00e0 m\u00e1y Th\u1ee7y \u0111i\u1ec7n Th\u00e1c M\u01a1", "fuel": "hydro", "mw": 150.0, "country": "VNM", "status": "operating"}}, {"type": "Feature", "id": 311, "geometry": {"type": "Point", "coordinates": [106.493, 11.893]}, "properties": {"name": "Nh\u00e0 m\u00e1y \u0110i\u1ec7n m\u1eb7t tr\u1eddi L\u1ed9c Ninh 4", "fuel": "solar", "mw": 200.0, "country": "VNM", "status": "operating"}}, {"type": "Feature", "id": 312, "geometry": {"type": "Point", "coordinates": [106.467, 11.929]}, "properties": {"name": "Nh\u00e0 m\u00e1y \u0110i\u1ec7n m\u1eb7t tr\u1eddi L\u1ed9c Ninh 1-2-3", "fuel": "solar", "mw": 550.0, "country": "VNM", "status": "operating"}}, {"type": "Feature", "id": 313, "geometry": {"type": "Point", "coordinates": [107.379, 11.934]}, "properties": {"name": "Nh\u00e0 m\u00e1y Thu\u1ef7 \u0111i\u1ec7n \u0110\u0103k Ru", "fuel": "hydro", "mw": 6.9, "country": "VNM", "status": "operating"}}, {"type": "Feature", "id": 314, "geometry": {"type": "Point", "coordinates": [103.112, 11.955]}, "properties": {"name": "Stueng Atay Lower Power Plant", "fuel": "hydro", "mw": 100.0, "country": "KHM", "status": "operating"}}, {"type": "Feature", "id": 315, "geometry": {"type": "Point", "coordinates": [107.409, 11.956]}, "properties": {"name": "Nh\u00e0 m\u00e1y Thu\u1ef7 \u0111i\u1ec7n Qu\u1ea3ng T\u00edn", "fuel": "hydro", "mw": 5.0, "country": "VNM", "status": "operating"}}, {"type": "Feature", "id": 316, "geometry": {"type": "Point", "coordinates": [106.843, 11.969]}, "properties": {"name": "Nh\u00e0 m\u00e1y Th\u1ee7y \u0111i\u1ec7n C\u1ea7n \u0110\u01a1n", "fuel": "hydro", "mw": 78.0, "country": "VNM", "status": "operating"}}, {"type": "Feature", "id": 317, "geometry": {"type": "Point", "coordinates": [103.171, 12.018]}, "properties": {"name": "Stueng Atay Upper Power Plant", "fuel": "hydro", "mw": 20.0, "country": "KHM", "status": "operating"}}, {"type": "Feature", "id": 318, "geometry": {"type": "Point", "coordinates": [104.517, 12.086]}, "properties": {"name": "SchneiTec Sustainable Solar Park", "fuel": "solar", "mw": 60.0, "country": "KHM", "status": "operating"}}, {"type": "Feature", "id": 319, "geometry": {"type": "Point", "coordinates": [107.909, 12.65]}, "properties": {"name": "", "fuel": "hydro", "mw": 0.0, "country": "VNM", "status": "operating"}}, {"type": "Feature", "id": 320, "geometry": {"type": "Point", "coordinates": [102.307, 12.755]}, "properties": {"name": "\u0e42\u0e23\u0e07\u0e44\u0e1f\u0e1f\u0e49\u0e32\u0e1e\u0e25\u0e31\u0e07\u0e19\u0e49\u0e33\u0e04\u0e34\u0e23\u0e35\u0e18\u0e32\u0e23", "fuel": "hydro", "mw": 12.8, "country": "THA", "status": "operating"}}, {"type": "Feature", "id": 321, "geometry": {"type": "Point", "coordinates": [102.175, 12.808]}, "properties": {"name": "\u0e42\u0e23\u0e07\u0e44\u0e1f\u0e1f\u0e49\u0e32\u0e04\u0e25\u0e2d\u0e07\u0e17\u0e38\u0e48\u0e07\u0e40\u0e1e\u0e25", "fuel": "hydro", "mw": 9.8, "country": "THA", "status": "operating"}}, {"type": "Feature", "id": 322, "geometry": {"type": "Point", "coordinates": [107.733, 13.306]}, "properties": {"name": "Nh\u00e0 m\u00e1y \u0110i\u1ec7n m\u1eb7t tr\u1eddi Ea S\u00fap", "fuel": "solar", "mw": 600.0, "country": "VNM", "status": "operating"}}, {"type": "Feature", "id": 323, "geometry": {"type": "Point", "coordinates": [103.888, 13.353]}, "properties": {"name": "Siem Reap Power plant", "fuel": "oil", "mw": 0.0, "country": "KHM", "status": "operating"}}, {"type": "Feature", "id": 324, "geometry": {"type": "Point", "coordinates": [102.468, 13.623]}, "properties": {"name": "", "fuel": "solar", "mw": 0.0, "country": "THA", "status": "operating"}}, {"type": "Feature", "id": 325, "geometry": {"type": "Point", "coordinates": [107.975, 13.798]}, "properties": {"name": "Trang tr\u1ea1i phong \u0111i\u1ec7n HBRE Ch\u01b0 Pr\u00f4ng", "fuel": "wind", "mw": 50.0, "country": "VNM", "status": "operating"}}, {"type": "Feature", "id": 326, "geometry": {"type": "Point", "coordinates": [107.859, 12.767]}, "properties": {"name": "Th\u1ee7y \u0111i\u1ec7n S\u00ear\u00eap\u00f4k 3", "fuel": "hydro", "mw": 220.0, "country": "VNM", "status": "operating"}}, {"type": "Feature", "id": 327, "geometry": {"type": "Point", "coordinates": [102.975, 13.159]}, "properties": {"name": "Risen Energy Solar Park", "fuel": "solar", "mw": 60.0, "country": "KHM", "status": "operating"}}, {"type": "Feature", "id": 328, "geometry": {"type": "Point", "coordinates": [108.04, 12.286]}, "properties": {"name": "Th\u1ee7y \u0111i\u1ec7n Bu\u00f4n Tua Srah", "fuel": "hydro", "mw": 86.0, "country": "VNM", "status": "operating"}}, {"type": "Feature", "id": 329, "geometry": {"type": "Point", "coordinates": [104.155, 12.49]}, "properties": {"name": "SchneiTec Sustainable Solar Park", "fuel": "solar", "mw": 60.0, "country": "KHM", "status": "operating"}}, {"type": "Feature", "id": 330, "geometry": {"type": "Point", "coordinates": [103.069, 13.633]}, "properties": {"name": "B Grimm Solar Park", "fuel": "solar", "mw": 30.0, "country": "KHM", "status": "operating"}}, {"type": "Feature", "id": 331, "geometry": {"type": "Point", "coordinates": [106.256, 13.553]}, "properties": {"name": "Lower Sesan 2 Power Station", "fuel": "hydro", "mw": 400.0, "country": "KHM", "status": "operating"}}, {"type": "Feature", "id": 332, "geometry": {"type": "Point", "coordinates": [105.956, 13.944]}, "properties": {"name": "\u0ec0\u0e82\u0eb7\u0ec8\u0ead\u0e99\u0ec4\u0e9f\u0e9f\u0ec9\u0eb2\u0e94\u0ead\u0e99\u0eaa\u0eb0\u0ec2\u0eae\u0e87", "fuel": "hydro", "mw": 260.0, "country": "KHM", "status": "operating"}}, {"type": "Feature", "id": 333, "geometry": {"type": "Point", "coordinates": [104.269, 14.234]}, "properties": {"name": "Oddar Meanchey Coal Power Plant", "fuel": "coal", "mw": 0.0, "country": "KHM", "status": "operating"}}, {"type": "Feature", "id": 334, "geometry": {"type": "Point", "coordinates": [108.284, 12.211]}, "properties": {"name": "Nh\u00e0 m\u00e1y \u0110i\u1ec7n m\u1eb7t tr\u1eddi Kr\u00f4ng N\u00f4 3", "fuel": "hydro", "mw": 18.0, "country": "VNM", "status": "operating"}}, {"type": "Feature", "id": 335, "geometry": {"type": "Point", "coordinates": [107.179, 12.023]}, "properties": {"name": "Nh\u00e0 m\u00e1y Th\u1ee7y \u0111i\u1ec7n \u0110\u0103k Glun", "fuel": "hydro", "mw": 18.0, "country": "VNM", "status": "operating"}}, {"type": "Feature", "id": 336, "geometry": {"type": "Point", "coordinates": [108.434, 12.21]}, "properties": {"name": "Nh\u00e0 M\u00e1y Th\u1ee7y \u0110i\u1ec7n Yantiansien", "fuel": "hydro", "mw": 0.0, "country": "VNM", "status": "operating"}}, {"type": "Feature", "id": 337, "geometry": {"type": "Point", "coordinates": [108.593, 12.056]}, "properties": {"name": "Nh\u00e0 m\u00e0y Thu\u1ef7 \u0111i\u1ec7n \u0110\u1ea1 Khai", "fuel": "hydro", "mw": 8.1, "country": "VNM", "status": "operating"}}, {"type": "Feature", "id": 338, "geometry": {"type": "Point", "coordinates": [107.466, 13.93]}, "properties": {"name": "Nh\u00e0 m\u00e1y th\u1ee7y \u0111i\u1ec7n S\u00ea San 4A", "fuel": "hydro", "mw": 63.0, "country": "VNM", "status": "operating"}}, {"type": "Feature", "id": 339, "geometry": {"type": "Point", "coordinates": [102.311, 13.649]}, "properties": {"name": "", "fuel": "solar", "mw": 0.0, "country": "THA", "status": "operating"}}, {"type": "Feature", "id": 340, "geometry": {"type": "Point", "coordinates": [107.925, 12.576]}, "properties": {"name": "Nh\u00e0 m\u00e1y Th\u1ee7y \u0111i\u1ec7n Bu\u00f4n Ku\u1ed1p", "fuel": "hydro", "mw": 280.0, "country": "VNM", "status": "operating"}}, {"type": "Feature", "id": 341, "geometry": {"type": "Point", "coordinates": [108.342, 12.231]}, "properties": {"name": "Nh\u00e0 m\u00e1y \u0110i\u1ec7n m\u1eb7t tr\u1eddi Kr\u00f4ng N\u00f4 2", "fuel": "hydro", "mw": 30.0, "country": "VNM", "status": "operating"}}, {"type": "Feature", "id": 342, "geometry": {"type": "Point", "coordinates": [108.284, 12.135]}, "properties": {"name": "Nh\u00e0 m\u00e1y Thu\u1ef7 \u0111i\u1ec7n \u0110\u0103k M\u00ea", "fuel": "hydro", "mw": 5.0, "country": "VNM", "status": "operating"}}, {"type": "Feature", "id": 343, "geometry": {"type": "Point", "coordinates": [104.154, 12.485]}, "properties": {"name": "SchneiTec Infinite Solar Park", "fuel": "solar", "mw": 30.0, "country": "KHM", "status": "operating"}}, {"type": "Feature", "id": 344, "geometry": {"type": "Point", "coordinates": [109.29, 12.47]}, "properties": {"name": "Nh\u00e0 m\u00e1y Nhi\u1ec7t \u0111i\u1ec7n V\u00e2n Phong", "fuel": "coal", "mw": 1432.0, "country": "VNM", "status": "operating"}}, {"type": "Feature", "id": 345, "geometry": {"type": "Point", "coordinates": [109.288, 12.472]}, "properties": {"name": "", "fuel": "unknown", "mw": 0.0, "country": "VNM", "status": "operating"}}, {"type": "Feature", "id": 346, "geometry": {"type": "Point", "coordinates": [109.17, 12.585]}, "properties": {"name": "", "fuel": "solar", "mw": 0.0, "country": "VNM", "status": "operating"}}, {"type": "Feature", "id": 347, "geometry": {"type": "Point", "coordinates": [107.926, 12.59]}, "properties": {"name": "Nh\u00e0 m\u00e1y \u0110i\u1ec7n m\u1eb7t tr\u1eddi TTC Tr\u00fac S\u01a1n", "fuel": "solar", "mw": 0.0, "country": "VNM", "status": "operating"}}, {"type": "Feature", "id": 348, "geometry": {"type": "Point", "coordinates": [109.168, 12.592]}, "properties": {"name": "", "fuel": "solar", "mw": 0.0, "country": "VNM", "status": "operating"}}, {"type": "Feature", "id": 349, "geometry": {"type": "Point", "coordinates": [107.871, 12.598]}, "properties": {"name": "", "fuel": "solar", "mw": 0.0, "country": "VNM", "status": "operating"}}, {"type": "Feature", "id": 350, "geometry": {"type": "Point", "coordinates": [109.098, 12.615]}, "properties": {"name": "", "fuel": "solar", "mw": 0.0, "country": "VNM", "status": "operating"}}, {"type": "Feature", "id": 351, "geometry": {"type": "Point", "coordinates": [107.904, 12.676]}, "properties": {"name": "Th\u1ee7y \u0111i\u1ec7n \u0110ray H'Linh", "fuel": "hydro", "mw": 0.0, "country": "VNM", "status": "operating"}}, {"type": "Feature", "id": 352, "geometry": {"type": "Point", "coordinates": [108.899, 12.776]}, "properties": {"name": "", "fuel": "hydro", "mw": 0.0, "country": "VNM", "status": "operating"}}, {"type": "Feature", "id": 353, "geometry": {"type": "Point", "coordinates": [108.366, 12.779]}, "properties": {"name": "", "fuel": "solar", "mw": 0.0, "country": "VNM", "status": "operating"}}, {"type": "Feature", "id": 354, "geometry": {"type": "Point", "coordinates": [107.828, 12.811]}, "properties": {"name": "C\u1ee5m Nh\u00e0 m\u00e1y \u0110i\u1ec7n M\u1eb7t tr\u1eddi Sr\u00eap\u1ed1k 1 v\u00e0 Quang Minh", "fuel": "solar", "mw": 100.0, "country": "VNM", "status": "operating"}}, {"type": "Feature", "id": 355, "geometry": {"type": "Point", "coordinates": [107.856, 12.808]}, "properties": {"name": "Th\u1ee7y \u0111i\u1ec7n S\u00ear\u00eap\u00f4k 4", "fuel": "hydro", "mw": 80.0, "country": "VNM", "status": "operating"}}, {"type": "Feature", "id": 356, "geometry": {"type": "Point", "coordinates": [107.812, 12.894]}, "properties": {"name": "Th\u1ee7y \u0111i\u1ec7n S\u00ear\u00eap\u00f4k 4A", "fuel": "hydro", "mw": 64.0, "country": "VNM", "status": "operating"}}, {"type": "Feature", "id": 357, "geometry": {"type": "Point", "coordinates": [109.018, 12.923]}, "properties": {"name": "Nh\u00e0 m\u00e1y Th\u1ee7y \u0110i\u1ec7n S\u00f4ng Hinh", "fuel": "hydro", "mw": 70.0, "country": "VNM", "status": "operating"}}, {"type": "Feature", "id": 358, "geometry": {"type": "Point", "coordinates": [108.707, 12.957]}, "properties": {"name": "Nh\u00e0 m\u00e1y th\u1ee7y \u0111i\u1ec7n Kr\u00f4ng H\u2019n\u0103ng", "fuel": "hydro", "mw": 64.0, "country": "VNM", "status": "operating"}}, {"type": "Feature", "id": 359, "geometry": {"type": "Point", "coordinates": [109.099, 12.963]}, "properties": {"name": "Nh\u00e0 m\u00e1y \u0111i\u1ec7n m\u1eb7t tr\u1eddi Th\u1ecbnh Long AAA Ph\u00fa Y\u00ean", "fuel": "solar", "mw": 50.0, "country": "VNM", "status": "operating"}}, {"type": "Feature", "id": 360, "geometry": {"type": "Point", "coordinates": [109.099, 12.969]}, "properties": {"name": "Phu Yen TPP", "fuel": "solar", "mw": 0.0, "country": "VNM", "status": "operating"}}, {"type": "Feature", "id": 361, "geometry": {"type": "Point", "coordinates": [109.093, 13.001]}, "properties": {"name": "", "fuel": "solar", "mw": 0.0, "country": "VNM", "status": "operating"}}, {"type": "Feature", "id": 362, "geometry": {"type": "Point", "coordinates": [108.223, 13.062]}, "properties": {"name": "", "fuel": "wind", "mw": 0.0, "country": "VNM", "status": "operating"}}, {"type": "Feature", "id": 363, "geometry": {"type": "Point", "coordinates": [109.095, 13.062]}, "properties": {"name": "Nh\u00e0 M\u00e1y \u0110i\u1ec7n M\u1eb7t Tr\u1eddi H\u00f2a H\u1ed9i 257 MWp (TTPPY)", "fuel": "solar", "mw": 257.0, "country": "VNM", "status": "operating"}}, {"type": "Feature", "id": 364, "geometry": {"type": "Point", "coordinates": [108.913, 13.065]}, "properties": {"name": "Th\u1ee7y \u0111i\u1ec7n S\u00f4ng Ba H\u1ea1", "fuel": "hydro", "mw": 220.0, "country": "VNM", "status": "operating"}}, {"type": "Feature", "id": 365, "geometry": {"type": "Point", "coordinates": [108.209, 13.148]}, "properties": {"name": "\u0110i\u1ec7n gi\u00f3 Ea Nam - \u0110\u1eafk L\u1eafk", "fuel": "wind", "mw": 400.0, "country": "VNM", "status": "operating"}}, {"type": "Feature", "id": 366, "geometry": {"type": "Point", "coordinates": [108.279, 13.162]}, "properties": {"name": "", "fuel": "wind", "mw": 0.0, "country": "VNM", "status": "operating"}}, {"type": "Feature", "id": 367, "geometry": {"type": "Point", "coordinates": [108.66, 13.228]}, "properties": {"name": "Nh\u00e0 m\u00e1y \u0111i\u1ec7n m\u1eb7t tr\u1eddi Kr\u00f4ng Pa", "fuel": "solar", "mw": 49.0, "country": "VNM", "status": "operating"}}, {"type": "Feature", "id": 368, "geometry": {"type": "Point", "coordinates": [108.043, 13.25]}, "properties": {"name": "", "fuel": "hydro", "mw": 0.0, "country": "VNM", "status": "operating"}}, {"type": "Feature", "id": 369, "geometry": {"type": "Point", "coordinates": [107.671, 13.308]}, "properties": {"name": "Nh\u00e0 m\u00e1y \u0110i\u1ec7n M\u1eb7t tr\u1eddi Long Th\u00e0nh 1", "fuel": "solar", "mw": 50.0, "country": "VNM", "status": "operating"}}, {"type": "Feature", "id": 370, "geometry": {"type": "Point", "coordinates": [108.558, 13.337]}, "properties": {"name": "Nh\u00e0 m\u00e1y th\u1ee7y \u0111i\u1ec7n \u0110\u0103k Sr\u00f4ng 3B", "fuel": "hydro", "mw": 19.5, "country": "VNM", "status": "operating"}}, {"type": "Feature", "id": 371, "geometry": {"type": "Point", "coordinates": [108.532, 13.345]}, "properties": {"name": "Nh\u00e0 m\u00e1y th\u1ee7y \u0111i\u1ec7n \u0110\u0103k Sr\u00f4ng 3A", "fuel": "hydro", "mw": 10.2, "country": "VNM", "status": "operating"}}, {"type": "Feature", "id": 372, "geometry": {"type": "Point", "coordinates": [109.175, 13.377]}, "properties": {"name": "NM\u0110MT Xu\u00e2n Th\u1ecd 2", "fuel": "solar", "mw": 0.0, "country": "VNM", "status": "operating"}}, {"type": "Feature", "id": 373, "geometry": {"type": "Point", "coordinates": [109.16, 13.417]}, "properties": {"name": "NM\u0110MT Xu\u00e2n Th\u1ecd 1", "fuel": "solar", "mw": 0.0, "country": "VNM", "status": "operating"}}, {"type": "Feature", "id": 374, "geometry": {"type": "Point", "coordinates": [109.023, 12.951]}, "properties": {"name": "Nh\u00e0 m\u00e1y Th\u1ee7y \u0111i\u1ec7n S\u01a1n Giang", "fuel": "hydro", "mw": 0.0, "country": "VNM", "status": "operating"}}, {"type": "Feature", "id": 375, "geometry": {"type": "Point", "coordinates": [109.024, 12.953]}, "properties": {"name": "N\u0103ng l\u01b0\u1ee3ng M\u1eb7t tr\u1eddi S\u01a1n Giang 2", "fuel": "solar", "mw": 0.0, "country": "VNM", "status": "operating"}}, {"type": "Feature", "id": 376, "geometry": {"type": "Point", "coordinates": [109.024, 12.95]}, "properties": {"name": "N\u0103ng l\u01b0\u1ee3ng M\u1eb7t tr\u1eddi S\u01a1n Giang 1", "fuel": "solar", "mw": 0.0, "country": "VNM", "status": "operating"}}, {"type": "Feature", "id": 377, "geometry": {"type": "Point", "coordinates": [101.16, 12.643]}, "properties": {"name": "\u0e42\u0e23\u0e07\u0e44\u0e1f\u0e1f\u0e49\u0e32 BLCP", "fuel": "coal", "mw": 1434.0, "country": "THA", "status": "operating"}}, {"type": "Feature", "id": 378, "geometry": {"type": "Point", "coordinates": [101.312, 12.656]}, "properties": {"name": "IRPC (Muang Cogeneration I) Power Plant", "fuel": "coal", "mw": 307.0, "country": "THA", "status": "operating"}}, {"type": "Feature", "id": 379, "geometry": {"type": "Point", "coordinates": [101.136, 12.674]}, "properties": {"name": "Gheco One Power Plant", "fuel": "coal", "mw": 660.0, "country": "THA", "status": "operating"}}, {"type": "Feature", "id": 380, "geometry": {"type": "Point", "coordinates": [101.136, 12.675]}, "properties": {"name": "", "fuel": "gas", "mw": 0.0, "country": "THA", "status": "operating"}}, {"type": "Feature", "id": 381, "geometry": {"type": "Point", "coordinates": [101.326, 12.676]}, "properties": {"name": "IRPC Industrial Zone Clean (Muang Cogeneration II) Power Plant", "fuel": "gas", "mw": 240.0, "country": "THA", "status": "operating"}}, {"type": "Feature", "id": 382, "geometry": {"type": "Point", "coordinates": [101.136, 12.677]}, "properties": {"name": "Glow SPP Power Plant Phase 3-5", "fuel": "unknown", "mw": 0.0, "country": "THA", "status": "operating"}}, {"type": "Feature", "id": 383, "geometry": {"type": "Point", "coordinates": [101.145, 12.694]}, "properties": {"name": "Glow Energy Phase 2 Power Plant", "fuel": "gas", "mw": 0.0, "country": "THA", "status": "operating"}}, {"type": "Feature", "id": 384, "geometry": {"type": "Point", "coordinates": [101.12, 12.698]}, "properties": {"name": "B.Grimm Power (AIE-MTP) Ltd.", "fuel": "gas", "mw": 124.0, "country": "THA", "status": "operating"}}, {"type": "Feature", "id": 385, "geometry": {"type": "Point", "coordinates": [101.126, 12.702]}, "properties": {"name": "Rayong CUP-1 Power Plant", "fuel": "gas", "mw": 0.0, "country": "THA", "status": "operating"}}, {"type": "Feature", "id": 386, "geometry": {"type": "Point", "coordinates": [101.139, 12.701]}, "properties": {"name": "", "fuel": "unknown", "mw": 0.0, "country": "THA", "status": "operating"}}, {"type": "Feature", "id": 387, "geometry": {"type": "Point", "coordinates": [101.139, 12.704]}, "properties": {"name": "PTT Olefins Power Stations", "fuel": "unknown", "mw": 0.0, "country": "THA", "status": "operating"}}, {"type": "Feature", "id": 388, "geometry": {"type": "Point", "coordinates": [101.127, 12.703]}, "properties": {"name": "", "fuel": "unknown", "mw": 0.0, "country": "THA", "status": "operating"}}, {"type": "Feature", "id": 389, "geometry": {"type": "Point", "coordinates": [101.126, 12.703]}, "properties": {"name": "", "fuel": "unknown", "mw": 0.0, "country": "THA", "status": "operating"}}, {"type": "Feature", "id": 390, "geometry": {"type": "Point", "coordinates": [101.1, 12.706]}, "properties": {"name": "Rayong Cup-4 Power Plant", "fuel": "gas", "mw": 0.0, "country": "THA", "status": "operating"}}, {"type": "Feature", "id": 391, "geometry": {"type": "Point", "coordinates": [101.152, 12.706]}, "properties": {"name": "Map Ta Phut BKK power station", "fuel": "unknown", "mw": 0.0, "country": "THA", "status": "operating"}}, {"type": "Feature", "id": 392, "geometry": {"type": "Point", "coordinates": [101.117, 12.713]}, "properties": {"name": "", "fuel": "unknown", "mw": 0.0, "country": "THA", "status": "operating"}}, {"type": "Feature", "id": 393, "geometry": {"type": "Point", "coordinates": [101.164, 12.754]}, "properties": {"name": "Rayong Cup-2 Power Plant", "fuel": "gas", "mw": 0.0, "country": "THA", "status": "operating"}}, {"type": "Feature", "id": 394, "geometry": {"type": "Point", "coordinates": [101.154, 12.761]}, "properties": {"name": "\u0e42\u0e23\u0e07\u0e44\u0e1f\u0e1f\u0e49\u0e32\u0e23\u0e30\u0e22\u0e2d\u0e07", "fuel": "unknown", "mw": 0.0, "country": "THA", "status": "operating"}}, {"type": "Feature", "id": 395, "geometry": {"type": "Point", "coordinates": [101.245, 12.791]}, "properties": {"name": "SIPCO I Rayong Power Plant", "fuel": "unknown", "mw": 0.0, "country": "THA", "status": "operating"}}, {"type": "Feature", "id": 396, "geometry": {"type": "Point", "coordinates": [101.249, 12.825]}, "properties": {"name": "Rayong Gulf JP NLL Power Plant", "fuel": "gas", "mw": 123.0, "country": "THA", "status": "operating"}}, {"type": "Feature", "id": 397, "geometry": {"type": "Point", "coordinates": [101.253, 12.829]}, "properties": {"name": "Gulf NLL2 Power Plant", "fuel": "gas", "mw": 126.9, "country": "THA", "status": "operating"}}, {"type": "Feature", "id": 398, "geometry": {"type": "Point", "coordinates": [100.973, 12.88]}, "properties": {"name": "Solar Power", "fuel": "solar", "mw": 0.0, "country": "THA", "status": "operating"}}, {"type": "Feature", "id": 399, "geometry": {"type": "Point", "coordinates": [101.098, 12.935]}, "properties": {"name": "Amata B. Grimm Power (Rayong) 3 & 4", "fuel": "gas", "mw": 266.0, "country": "THA", "status": "operating"}}, {"type": "Feature", "id": 400, "geometry": {"type": "Point", "coordinates": [101.155, 12.956]}, "properties": {"name": "\u0e42\u0e23\u0e07\u0e44\u0e1f\u0e1f\u0e49\u0e32\u0e01\u0e31\u0e25\u0e1f\u0e4c \u0e1e\u0e35\u0e14\u0e35", "fuel": "gas", "mw": 0.0, "country": "THA", "status": "operating"}}, {"type": "Feature", "id": 401, "geometry": {"type": "Point", "coordinates": [101.118, 12.968]}, "properties": {"name": "Amata B. Grimm Power (Rayong) 1 & 2", "fuel": "gas", "mw": 247.0, "country": "THA", "status": "operating"}}, {"type": "Feature", "id": 402, "geometry": {"type": "Point", "coordinates": [101.107, 12.982]}, "properties": {"name": "Rayong Amata 5 (ABPR5) Power Plant", "fuel": "gas", "mw": 133.0, "country": "THA", "status": "operating"}}, {"type": "Feature", "id": 403, "geometry": {"type": "Point", "coordinates": [101.137, 13.001]}, "properties": {"name": "Glow SPP 11 Phase 1 (Pluak Daeng-1) Power Plant", "fuel": "gas", "mw": 0.0, "country": "THA", "status": "operating"}}, {"type": "Feature", "id": 404, "geometry": {"type": "Point", "coordinates": [101.137, 13.002]}, "properties": {"name": "Glow SPP 11 (Pluak Daeng 1 & 2) Power Plants", "fuel": "unknown", "mw": 0.0, "country": "THA", "status": "operating"}}, {"type": "Feature", "id": 405, "geometry": {"type": "Point", "coordinates": [101.173, 13.004]}, "properties": {"name": "\u0e42\u0e23\u0e07\u0e44\u0e1f\u0e1f\u0e49\u0e32 Gulf VTP", "fuel": "gas", "mw": 137.0, "country": "THA", "status": "operating"}}, {"type": "Feature", "id": 406, "geometry": {"type": "Point", "coordinates": [101.137, 13.008]}, "properties": {"name": "Glow SPP 11 Phase 2 (Pluak Daeng-2) Power Plant", "fuel": "gas", "mw": 0.0, "country": "THA", "status": "operating"}}, {"type": "Feature", "id": 407, "geometry": {"type": "Point", "coordinates": [101.195, 13.017]}, "properties": {"name": "Gulf TS1 & TS2 Power Plant", "fuel": "gas", "mw": 268.0, "country": "THA", "status": "operating"}}, {"type": "Feature", "id": 408, "geometry": {"type": "Point", "coordinates": [101.193, 13.049]}, "properties": {"name": "\u0e42\u0e23\u0e07\u0e44\u0e1f\u0e1f\u0e49\u0e32\u0e28\u0e23\u0e35\u0e23\u0e32\u0e0a\u0e32 Gulf SRC", "fuel": "gas", "mw": 1325.0, "country": "THA", "status": "operating"}}, {"type": "Feature", "id": 409, "geometry": {"type": "Point", "coordinates": [101.186, 13.065]}, "properties": {"name": "\u0e42\u0e23\u0e07\u0e44\u0e1f\u0e1f\u0e49\u0e32\u0e15\u0e32\u0e2a\u0e34\u0e17\u0e18\u0e34\u0e4c 3, 4", "fuel": "gas", "mw": 259.8, "country": "THA", "status": "operating"}}, {"type": "Feature", "id": 410, "geometry": {"type": "Point", "coordinates": [101.092, 13.065]}, "properties": {"name": "B. Grimm Power (WHA) 1 Ltd.", "fuel": "gas", "mw": 130.0, "country": "THA", "status": "operating"}}, {"type": "Feature", "id": 411, "geometry": {"type": "Point", "coordinates": [101.139, 12.706]}, "properties": {"name": "", "fuel": "unknown", "mw": 0.0, "country": "THA", "status": "operating"}}, {"type": "Feature", "id": 412, "geometry": {"type": "Point", "coordinates": [101.086, 12.703]}, "properties": {"name": "B.Grimm Power (AIE-MTP) Ltd. Replacements 1 & 2", "fuel": "gas", "mw": 240.0, "country": "THA", "status": "operating"}}, {"type": "Feature", "id": 413, "geometry": {"type": "Point", "coordinates": [101.246, 12.789]}, "properties": {"name": "SIPCO II Rayong Power Plant", "fuel": "unknown", "mw": 0.0, "country": "THA", "status": "operating"}}, {"type": "Feature", "id": 414, "geometry": {"type": "Point", "coordinates": [100.175, 15.161]}, "properties": {"name": "\u0e42\u0e23\u0e07\u0e44\u0e1f\u0e1f\u0e49\u0e32\u0e40\u0e02\u0e37\u0e48\u0e2d\u0e19\u0e40\u0e08\u0e49\u0e32\u0e1e\u0e23\u0e30\u0e22\u0e32", "fuel": "hydro", "mw": 12.0, "country": "THA", "status": "operating"}}, {"type": "Feature", "id": 415, "geometry": {"type": "Point", "coordinates": [100.196, 13.984]}, "properties": {"name": "", "fuel": "solar", "mw": 0.0, "country": "THA", "status": "operating"}}, {"type": "Feature", "id": 416, "geometry": {"type": "Point", "coordinates": [100.2, 14.0]}, "properties": {"name": "", "fuel": "solar", "mw": 0.0, "country": "THA", "status": "operating"}}, {"type": "Feature", "id": 417, "geometry": {"type": "Point", "coordinates": [100.288, 14.093]}, "properties": {"name": "", "fuel": "solar", "mw": 0.0, "country": "THA", "status": "operating"}}, {"type": "Feature", "id": 418, "geometry": {"type": "Point", "coordinates": [100.565, 13.975]}, "properties": {"name": "Amata B. Grimm BIP Bangkadi Power Plant", "fuel": "gas", "mw": 230.0, "country": "THA", "status": "operating"}}, {"type": "Feature", "id": 419, "geometry": {"type": "Point", "coordinates": [100.573, 14.098]}, "properties": {"name": "Gulf CRN power station", "fuel": "gas", "mw": 0.0, "country": "THA", "status": "operating"}}, {"type": "Feature", "id": 420, "geometry": {"type": "Point", "coordinates": [100.587, 14.197]}, "properties": {"name": "Bangpa-In Cogeneration Power Plant", "fuel": "gas", "mw": 0.0, "country": "THA", "status": "operating"}}, {"type": "Feature", "id": 421, "geometry": {"type": "Point", "coordinates": [100.588, 14.252]}, "properties": {"name": "Gulf GBL Power Plant", "fuel": "unknown", "mw": 0.0, "country": "THA", "status": "operating"}}, {"type": "Feature", "id": 422, "geometry": {"type": "Point", "coordinates": [100.597, 14.129]}, "properties": {"name": "\u0e42\u0e23\u0e07\u0e44\u0e1f\u0e1f\u0e49\u0e32\u0e19\u0e27\u0e19\u0e04\u0e23", "fuel": "gas", "mw": 199.0, "country": "THA", "status": "operating"}}, {"type": "Feature", "id": 423, "geometry": {"type": "Point", "coordinates": [100.602, 14.088]}, "properties": {"name": "RATCH Cogeneration Company Limited", "fuel": "gas", "mw": 119.0, "country": "THA", "status": "operating"}}, {"type": "Feature", "id": 424, "geometry": {"type": "Point", "coordinates": [100.603, 14.253]}, "properties": {"name": "Gulf GBP Power Plant", "fuel": "unknown", "mw": 0.0, "country": "THA", "status": "operating"}}, {"type": "Feature", "id": 425, "geometry": {"type": "Point", "coordinates": [100.614, 14.022]}, "properties": {"name": "Klongluang Cogen Power Plant", "fuel": "unknown", "mw": 0.0, "country": "THA", "status": "operating"}}, {"type": "Feature", "id": 426, "geometry": {"type": "Point", "coordinates": [100.614, 14.255]}, "properties": {"name": "", "fuel": "unknown", "mw": 0.0, "country": "THA", "status": "operating"}}, {"type": "Feature", "id": 427, "geometry": {"type": "Point", "coordinates": [100.638, 14.333]}, "properties": {"name": "Wang Noi Rojana Power Plant", "fuel": "gas", "mw": 275.0, "country": "THA", "status": "operating"}}, {"type": "Feature", "id": 428, "geometry": {"type": "Point", "coordinates": [100.66, 14.316]}, "properties": {"name": "", "fuel": "solar", "mw": 0.0, "country": "THA", "status": "operating"}}, {"type": "Feature", "id": 429, "geometry": {"type": "Point", "coordinates": [100.662, 14.31]}, "properties": {"name": "", "fuel": "solar", "mw": 0.0, "country": "THA", "status": "operating"}}, {"type": "Feature", "id": 430, "geometry": {"type": "Point", "coordinates": [100.691, 14.345]}, "properties": {"name": "", "fuel": "unknown", "mw": 0.0, "country": "THA", "status": "operating"}}, {"type": "Feature", "id": 431, "geometry": {"type": "Point", "coordinates": [100.695, 14.332]}, "properties": {"name": "\u0e42\u0e23\u0e07\u0e44\u0e1f\u0e1f\u0e49\u0e32\u0e2d\u0e38\u0e17\u0e31\u0e22", "fuel": "gas", "mw": 1600.0, "country": "THA", "status": "operating"}}, {"type": "Feature", "id": 432, "geometry": {"type": "Point", "coordinates": [100.757, 14.577]}, "properties": {"name": "\u0e42\u0e23\u0e07\u0e44\u0e1f\u0e1f\u0e49\u0e32 SISCO", "fuel": "solar", "mw": 0.0, "country": "THA", "status": "operating"}}, {"type": "Feature", "id": 433, "geometry": {"type": "Point", "coordinates": [100.775, 14.441]}, "properties": {"name": "\u0e42\u0e23\u0e07\u0e44\u0e1f\u0e1f\u0e49\u0e32\u0e2b\u0e19\u0e2d\u0e07\u0e41\u0e0b\u0e07(Gulf JP NS)", "fuel": "gas", "mw": 1600.0, "country": "THA", "status": "operating"}}, {"type": "Feature", "id": 434, "geometry": {"type": "Point", "coordinates": [100.78, 14.231]}, "properties": {"name": "\u0e42\u0e23\u0e07\u0e44\u0e1f\u0e1f\u0e49\u0e32\u0e27\u0e31\u0e07\u0e19\u0e49\u0e2d\u0e22", "fuel": "gas", "mw": 1436.0, "country": "THA", "status": "operating"}}, {"type": "Feature", "id": 435, "geometry": {"type": "Point", "coordinates": [100.836, 14.368]}, "properties": {"name": "Gulf JP NK2 Power Plant", "fuel": "gas", "mw": 133.0, "country": "THA", "status": "operating"}}, {"type": "Feature", "id": 436, "geometry": {"type": "Point", "coordinates": [100.836, 14.367]}, "properties": {"name": "Gulf NPM Power Plant", "fuel": "gas", "mw": 135.2, "country": "THA", "status": "operating"}}, {"type": "Feature", "id": 437, "geometry": {"type": "Point", "coordinates": [100.837, 14.379]}, "properties": {"name": "Nong Khae Power Plant", "fuel": "gas", "mw": 131.0, "country": "THA", "status": "operating"}}, {"type": "Feature", "id": 438, "geometry": {"type": "Point", "coordinates": [100.909, 14.386]}, "properties": {"name": "Gulf JP KP1-KP2 Power Plant", "fuel": "gas", "mw": 228.0, "country": "THA", "status": "operating"}}, {"type": "Feature", "id": 439, "geometry": {"type": "Point", "coordinates": [100.965, 14.558]}, "properties": {"name": "Gulf TLC power station", "fuel": "unknown", "mw": 0.0, "country": "THA", "status": "operating"}}, {"type": "Feature", "id": 440, "geometry": {"type": "Point", "coordinates": [100.968, 14.557]}, "properties": {"name": "", "fuel": "unknown", "mw": 0.0, "country": "THA", "status": "operating"}}, {"type": "Feature", "id": 441, "geometry": {"type": "Point", "coordinates": [100.972, 14.572]}, "properties": {"name": "", "fuel": "gas", "mw": 0.0, "country": "THA", "status": "operating"}}, {"type": "Feature", "id": 442, "geometry": {"type": "Point", "coordinates": [101.022, 14.483]}, "properties": {"name": "Solar Power Arrays", "fuel": "solar", "mw": 0.0, "country": "THA", "status": "operating"}}, {"type": "Feature", "id": 443, "geometry": {"type": "Point", "coordinates": [101.025, 14.605]}, "properties": {"name": "\u0e42\u0e23\u0e07\u0e44\u0e1f\u0e1f\u0e49\u0e32\u0e41\u0e01\u0e48\u0e07\u0e04\u0e2d\u0e222 Gulf Power", "fuel": "gas", "mw": 1468.0, "country": "THA", "status": "operating"}}, {"type": "Feature", "id": 444, "geometry": {"type": "Point", "coordinates": [101.039, 14.493]}, "properties": {"name": "Solar Arrays", "fuel": "solar", "mw": 0.0, "country": "THA", "status": "operating"}}, {"type": "Feature", "id": 445, "geometry": {"type": "Point", "coordinates": [101.078, 14.54]}, "properties": {"name": "", "fuel": "solar", "mw": 0.0, "country": "THA", "status": "operating"}}, {"type": "Feature", "id": 446, "geometry": {"type": "Point", "coordinates": [101.127, 14.647]}, "properties": {"name": "TPI Polene Power Plant", "fuel": "waste", "mw": 440.0, "country": "THA", "status": "operating"}}, {"type": "Feature", "id": 447, "geometry": {"type": "Point", "coordinates": [101.186, 14.028]}, "properties": {"name": "", "fuel": "solar", "mw": 0.0, "country": "THA", "status": "operating"}}, {"type": "Feature", "id": 448, "geometry": {"type": "Point", "coordinates": [100.643, 15.058]}, "properties": {"name": "", "fuel": "solar", "mw": 0.0, "country": "THA", "status": "operating"}}, {"type": "Feature", "id": 449, "geometry": {"type": "Point", "coordinates": [100.851, 14.663]}, "properties": {"name": "", "fuel": "solar", "mw": 0.0, "country": "THA", "status": "operating"}}, {"type": "Feature", "id": 450, "geometry": {"type": "Point", "coordinates": [101.098, 14.779]}, "properties": {"name": "", "fuel": "solar", "mw": 0.0, "country": "THA", "status": "operating"}}, {"type": "Feature", "id": 451, "geometry": {"type": "Point", "coordinates": [101.113, 14.6]}, "properties": {"name": "", "fuel": "solar", "mw": 0.0, "country": "THA", "status": "operating"}}, {"type": "Feature", "id": 452, "geometry": {"type": "Point", "coordinates": [100.466, 14.698]}, "properties": {"name": "B.Grimm Power (Angthong) 2 & 3 power station", "fuel": "gas", "mw": 0.0, "country": "THA", "status": "operating"}}, {"type": "Feature", "id": 453, "geometry": {"type": "Point", "coordinates": [93.371, 14.146]}, "properties": {"name": "", "fuel": "solar", "mw": 0.0, "country": "", "status": "operating"}}, {"type": "Feature", "id": 454, "geometry": {"type": "Point", "coordinates": [98.6, 14.799]}, "properties": {"name": "\u0e42\u0e23\u0e07\u0e44\u0e1f\u0e1f\u0e49\u0e32\u0e40\u0e02\u0e37\u0e48\u0e2d\u0e19\u0e27\u0e0a\u0e34\u0e23\u0e32\u0e25\u0e07\u0e01\u0e23\u0e13", "fuel": "hydro", "mw": 300.0, "country": "THA", "status": "operating"}}, {"type": "Feature", "id": 455, "geometry": {"type": "Point", "coordinates": [99.13, 14.406]}, "properties": {"name": "\u0e42\u0e23\u0e07\u0e44\u0e1f\u0e1f\u0e49\u0e32\u0e40\u0e02\u0e37\u0e48\u0e2d\u0e19\u0e28\u0e23\u0e35\u0e19\u0e04\u0e23\u0e34\u0e19\u0e17\u0e23\u0e4c", "fuel": "hydro", "mw": 720.0, "country": "THA", "status": "operating"}}, {"type": "Feature", "id": 456, "geometry": {"type": "Point", "coordinates": [99.237, 14.234]}, "properties": {"name": "\u0e42\u0e23\u0e07\u0e44\u0e1f\u0e1f\u0e49\u0e32\u0e40\u0e02\u0e37\u0e48\u0e2d\u0e19\u0e17\u0e48\u0e32\u0e17\u0e38\u0e48\u0e07\u0e19\u0e32", "fuel": "hydro", "mw": 39.0, "country": "THA", "status": "operating"}}, {"type": "Feature", "id": 457, "geometry": {"type": "Point", "coordinates": [99.626, 13.953]}, "properties": {"name": "\u0e42\u0e23\u0e07\u0e44\u0e1f\u0e1f\u0e49\u0e32\u0e40\u0e02\u0e37\u0e48\u0e2d\u0e19\u0e41\u0e21\u0e48\u0e01\u0e25\u0e2d\u0e07", "fuel": "hydro", "mw": 12.0, "country": "THA", "status": "operating"}}, {"type": "Feature", "id": 458, "geometry": {"type": "Point", "coordinates": [99.711, 14.51]}, "properties": {"name": "", "fuel": "solar", "mw": 0.0, "country": "THA", "status": "operating"}}, {"type": "Feature", "id": 459, "geometry": {"type": "Point", "coordinates": [100.091, 14.141]}, "properties": {"name": "\u0e42\u0e04\u0e23\u0e07\u0e01\u0e32\u0e23\u0e44\u0e17\u0e23\u0e2b\u0e25\u0e27\u0e07 2-3-9-10", "fuel": "solar", "mw": 30.7, "country": "THA", "status": "operating"}}, {"type": "Feature", "id": 460, "geometry": {"type": "Point", "coordinates": [100.093, 14.149]}, "properties": {"name": "\u0e42\u0e04\u0e23\u0e07\u0e01\u0e32\u0e23\u0e44\u0e17\u0e23\u0e2b\u0e25\u0e27\u0e07 1", "fuel": "solar", "mw": 0.0, "country": "THA", "status": "operating"}}, {"type": "Feature", "id": 461, "geometry": {"type": "Point", "coordinates": [100.105, 14.123]}, "properties": {"name": "\u0e42\u0e04\u0e23\u0e07\u0e01\u0e32\u0e23\u0e44\u0e17\u0e23\u0e09\u0e25\u0e27\u0e22", "fuel": "solar", "mw": 8.0, "country": "THA", "status": "operating"}}, {"type": "Feature", "id": 462, "geometry": {"type": "Point", "coordinates": [100.127, 14.118]}, "properties": {"name": "\u0e42\u0e04\u0e23\u0e07\u0e01\u0e32\u0e23\u0e44\u0e17\u0e23\u0e25\u0e38\u0e49\u0e22\u0e23\u0e34\u0e21\u0e19\u0e49\u0e33", "fuel": "solar", "mw": 8.0, "country": "THA", "status": "operating"}}, {"type": "Feature", "id": 463, "geometry": {"type": "Point", "coordinates": [100.137, 14.155]}, "properties": {"name": "", "fuel": "solar", "mw": 0.0, "country": "THA", "status": "operating"}}, {"type": "Feature", "id": 464, "geometry": {"type": "Point", "coordinates": [100.137, 14.134]}, "properties": {"name": "\u0e42\u0e04\u0e23\u0e07\u0e01\u0e32\u0e23\u0e44\u0e17\u0e23\u0e43\u0e2b\u0e0d\u0e48\u0e2b\u0e19\u0e49\u0e32", "fuel": "solar", "mw": 8.0, "country": "THA", "status": "operating"}}, {"type": "Feature", "id": 465, "geometry": {"type": "Point", "coordinates": [100.145, 14.137]}, "properties": {"name": "", "fuel": "solar", "mw": 0.0, "country": "THA", "status": "operating"}}, {"type": "Feature", "id": 466, "geometry": {"type": "Point", "coordinates": [100.174, 14.109]}, "properties": {"name": "", "fuel": "solar", "mw": 0.0, "country": "THA", "status": "operating"}}, {"type": "Feature", "id": 467, "geometry": {"type": "Point", "coordinates": [100.171, 14.119]}, "properties": {"name": "\u0e42\u0e04\u0e23\u0e07\u0e01\u0e32\u0e23\u0e44\u0e17\u0e23\u0e21\u0e30\u0e19\u0e32\u0e27", "fuel": "solar", "mw": 8.0, "country": "THA", "status": "operating"}}, {"type": "Feature", "id": 468, "geometry": {"type": "Point", "coordinates": [100.461, 14.693]}, "properties": {"name": "\u0e42\u0e23\u0e07\u0e44\u0e1f\u0e1f\u0e49\u0e32\u0e2d\u0e48\u0e32\u0e07\u0e17\u0e2d\u0e07", "fuel": "gas", "mw": 123.0, "country": "THA", "status": "operating"}}, {"type": "Feature", "id": 469, "geometry": {"type": "Point", "coordinates": [100.476, 14.59]}, "properties": {"name": "\u0e1a\u0e23\u0e34\u0e29\u0e31\u0e17\u200b \u0e1a\u0e32\u0e07\u0e01\u0e2d\u0e01\u0e42\u0e0b\u0e25\u0e32\u0e23\u0e4c\u200b \u0e1e\u0e32\u0e27\u0e40\u0e27\u0e2d\u0e23\u0e4c\u200b \u0e08\u0e33\u0e01\u0e31\u0e14", "fuel": "solar", "mw": 0.0, "country": "THA", "status": "operating"}}, {"type": "Feature", "id": 470, "geometry": {"type": "Point", "coordinates": [100.477, 14.012]}, "properties": {"name": "\u0e42\u0e04\u0e23\u0e07\u0e01\u0e32\u0e23\u0e1c\u0e25\u0e34\u0e15\u0e44\u0e1f\u0e1f\u0e49\u0e32\u0e1e\u0e25\u0e31\u0e07\u0e07\u0e32\u0e19\u0e41\u0e2a\u0e07\u0e2d\u0e32\u0e17\u0e34\u0e15\u0e22\u0e4c \u0e1a\u0e32\u0e07\u0e2b\u0e25\u0e27\u0e07", "fuel": "solar", "mw": 5.0, "country": "THA", "status": "operating"}}, {"type": "Feature", "id": 471, "geometry": {"type": "Point", "coordinates": [100.272, 14.026]}, "properties": {"name": "\u0e42\u0e23\u0e07\u0e44\u0e1f\u0e1f\u0e49\u0e32\u0e41\u0e2a\u0e07\u0e2d\u0e32\u0e17\u0e34\u0e15\u0e22\u0e4c \u0e41\u0e2a\u0e01\u0e19\u0e2d\u0e34\u0e19\u0e40\u0e15\u0e2d\u0e23\u0e4c \u0e1a\u0e32\u0e07\u0e20\u0e32\u0e29\u0e35", "fuel": "solar", "mw": 6.7, "country": "THA", "status": "operating"}}, {"type": "Feature", "id": 472, "geometry": {"type": "Point", "coordinates": [100.481, 14.442]}, "properties": {"name": "", "fuel": "solar", "mw": 0.0, "country": "THA", "status": "operating"}}, {"type": "Feature", "id": 473, "geometry": {"type": "Point", "coordinates": [100.431, 14.263]}, "properties": {"name": "", "fuel": "solar", "mw": 0.0, "country": "THA", "status": "operating"}}, {"type": "Feature", "id": 474, "geometry": {"type": "Point", "coordinates": [100.426, 14.269]}, "properties": {"name": "", "fuel": "solar", "mw": 0.0, "country": "THA", "status": "operating"}}, {"type": "Feature", "id": 475, "geometry": {"type": "Point", "coordinates": [100.442, 14.175]}, "properties": {"name": "", "fuel": "solar", "mw": 0.0, "country": "THA", "status": "operating"}}, {"type": "Feature", "id": 476, "geometry": {"type": "Point", "coordinates": [100.402, 14.301]}, "properties": {"name": "", "fuel": "solar", "mw": 0.0, "country": "THA", "status": "operating"}}, {"type": "Feature", "id": 477, "geometry": {"type": "Point", "coordinates": [99.47, 14.355]}, "properties": {"name": "", "fuel": "solar", "mw": 0.0, "country": "THA", "status": "operating"}}, {"type": "Feature", "id": 478, "geometry": {"type": "Point", "coordinates": [99.732, 14.251]}, "properties": {"name": "", "fuel": "solar", "mw": 0.0, "country": "THA", "status": "operating"}}, {"type": "Feature", "id": 479, "geometry": {"type": "Point", "coordinates": [99.734, 14.22]}, "properties": {"name": "", "fuel": "solar", "mw": 0.0, "country": "THA", "status": "operating"}}, {"type": "Feature", "id": 480, "geometry": {"type": "Point", "coordinates": [99.809, 14.849]}, "properties": {"name": "", "fuel": "solar", "mw": 0.0, "country": "THA", "status": "operating"}}, {"type": "Feature", "id": 481, "geometry": {"type": "Point", "coordinates": [99.89, 14.632]}, "properties": {"name": "", "fuel": "solar", "mw": 0.0, "country": "THA", "status": "operating"}}, {"type": "Feature", "id": 482, "geometry": {"type": "Point", "coordinates": [99.832, 14.873]}, "properties": {"name": "", "fuel": "solar", "mw": 0.0, "country": "THA", "status": "operating"}}, {"type": "Feature", "id": 483, "geometry": {"type": "Point", "coordinates": [99.831, 14.399]}, "properties": {"name": "", "fuel": "solar", "mw": 0.0, "country": "THA", "status": "operating"}}, {"type": "Feature", "id": 484, "geometry": {"type": "Point", "coordinates": [99.951, 14.77]}, "properties": {"name": "", "fuel": "solar", "mw": 0.0, "country": "THA", "status": "operating"}}, {"type": "Feature", "id": 485, "geometry": {"type": "Point", "coordinates": [100.113, 14.222]}, "properties": {"name": "", "fuel": "solar", "mw": 0.0, "country": "THA", "status": "operating"}}, {"type": "Feature", "id": 486, "geometry": {"type": "Point", "coordinates": [100.133, 14.739]}, "properties": {"name": "", "fuel": "solar", "mw": 0.0, "country": "THA", "status": "operating"}}, {"type": "Feature", "id": 487, "geometry": {"type": "Point", "coordinates": [105.616, 9.115]}, "properties": {"name": "Nh\u00e0 m\u00e1y \u0111i\u1ec7n gi\u00f3 H\u00f2a B\u00ecnh 2", "fuel": "wind", "mw": 50.0, "country": "", "status": "operating"}}, {"type": "Feature", "id": 488, "geometry": {"type": "Point", "coordinates": [105.712, 9.145]}, "properties": {"name": "Nh\u00e0 m\u00e1y \u0111i\u1ec7n gi\u00f3 H\u00f2a B\u00ecnh 1", "fuel": "wind", "mw": 100.0, "country": "", "status": "operating"}}, {"type": "Feature", "id": 489, "geometry": {"type": "Point", "coordinates": [105.803, 9.222]}, "properties": {"name": "Nh\u00e0 m\u00e1y \u0111i\u1ec7n gi\u00f3 B\u1ea1c Li\u00eau", "fuel": "wind", "mw": 241.2, "country": "", "status": "operating"}}, {"type": "Feature", "id": 490, "geometry": {"type": "Point", "coordinates": [105.848, 9.236]}, "properties": {"name": "Nh\u00e0 m\u00e1y \u0111i\u1ec7n gi\u00f3 S\u00f3c Tr\u0103ng", "fuel": "wind", "mw": 30.0, "country": "", "status": "operating"}}, {"type": "Feature", "id": 491, "geometry": {"type": "Point", "coordinates": [106.451, 9.522]}, "properties": {"name": "\u0111i\u00ea\u0323n gio\u0301 \u0110\u00f4ng Ha\u0309i 1 Tra\u0300 Vinh", "fuel": "wind", "mw": 100.0, "country": "", "status": "operating"}}, {"type": "Feature", "id": 492, "geometry": {"type": "Point", "coordinates": [106.525, 9.582]}, "properties": {"name": "Nh\u00e0 m\u00e1y Nhi\u1ec7t \u0111i\u1ec7n Duy\u00ean H\u1ea3i 1", "fuel": "coal", "mw": 1245.0, "country": "VNM", "status": "operating"}}, {"type": "Feature", "id": 493, "geometry": {"type": "Point", "coordinates": [106.58, 9.625]}, "properties": {"name": "", "fuel": "wind", "mw": 0.0, "country": "", "status": "operating"}}, {"type": "Feature", "id": 494, "geometry": {"type": "Point", "coordinates": [106.529, 9.586]}, "properties": {"name": "Nh\u00e0 m\u00e1y Nhi\u1ec7t \u0111i\u1ec7n Duy\u00ean H\u1ea3i 3", "fuel": "coal", "mw": 1933.0, "country": "VNM", "status": "operating"}}, {"type": "Feature", "id": 495, "geometry": {"type": "Point", "coordinates": [106.532, 9.589]}, "properties": {"name": "Nh\u00e0 m\u00e1y Nhi\u1ec7t \u0111i\u1ec7n Duy\u00ean H\u1ea3i 2", "fuel": "coal", "mw": 1200.0, "country": "VNM", "status": "operating"}}, {"type": "Feature", "id": 496, "geometry": {"type": "Point", "coordinates": [106.497, 9.597]}, "properties": {"name": "\u0110i\u1ec7n M\u1eb7t Tr\u1eddi Trung Nam - Tr\u00e0 Vinh", "fuel": "solar", "mw": 140.0, "country": "VNM", "status": "operating"}}, {"type": "Feature", "id": 497, "geometry": {"type": "Point", "coordinates": [106.085, 9.71]}, "properties": {"name": "Long Ph\u00fa 1 Power Plant", "fuel": "coal", "mw": 1200.0, "country": "", "status": "operating"}}, {"type": "Feature", "id": 498, "geometry": {"type": "Point", "coordinates": [105.874, 9.945]}, "properties": {"name": "Hau Giang Lee & Man power station", "fuel": "coal", "mw": 125.0, "country": "", "status": "operating"}}, {"type": "Feature", "id": 499, "geometry": {"type": "Point", "coordinates": [105.86, 9.951]}, "properties": {"name": "Nh\u00e0 m\u00e1y nhi\u1ec7t \u0111i\u1ec7n S\u00f4ng H\u1eadu", "fuel": "coal", "mw": 1200.0, "country": "VNM", "status": "operating"}}, {"type": "Feature", "id": 500, "geometry": {"type": "Point", "coordinates": [106.212, 10.031]}, "properties": {"name": "Nh\u00e0 m\u00e1y \u0111i\u1ec7n m\u1eb7t tr\u1eddi V\u0129nh Long", "fuel": "unknown", "mw": 49.3, "country": "VNM", "status": "operating"}}, {"type": "Feature", "id": 501, "geometry": {"type": "Point", "coordinates": [106.82, 10.11]}, "properties": {"name": "Binh Dai I Phase 2", "fuel": "wind", "mw": 0.0, "country": "", "status": "operating"}}, {"type": "Feature", "id": 502, "geometry": {"type": "Point", "coordinates": [105.718, 10.099]}, "properties": {"name": "Can Tho Thermal Power Plant", "fuel": "oil", "mw": 0.0, "country": "VNM", "status": "operating"}}, {"type": "Feature", "id": 503, "geometry": {"type": "Point", "coordinates": [105.671, 10.134]}, "properties": {"name": "Nh\u00e0 m\u00e1y Nhi\u1ec7t \u0110i\u1ec7n \u00d4 M\u00f4n", "fuel": "gas", "mw": 660.0, "country": "VNM", "status": "operating"}}, {"type": "Feature", "id": 504, "geometry": {"type": "Point", "coordinates": [106.399, 10.261]}, "properties": {"name": "Nh\u00e0 M\u00e1y X\u1eed L\u00fd R\u00e1c B\u1ebfn Tre", "fuel": "waste", "mw": 0.0, "country": "VNM", "status": "operating"}}, {"type": "Feature", "id": 505, "geometry": {"type": "Point", "coordinates": [101.085, 13.082]}, "properties": {"name": "Chonburi Clean Energy", "fuel": "waste", "mw": 9.6, "country": "THA", "status": "operating"}}, {"type": "Feature", "id": 506, "geometry": {"type": "Point", "coordinates": [101.086, 13.087]}, "properties": {"name": "\u0e42\u0e23\u0e07\u0e44\u0e1f\u0e1f\u0e49\u0e32\u0e1a\u0e48\u0e2d\u0e27\u0e34\u0e19 Glow IPP", "fuel": "gas", "mw": 713.0, "country": "THA", "status": "operating"}}, {"type": "Feature", "id": 507, "geometry": {"type": "Point", "coordinates": [100.895, 13.092]}, "properties": {"name": "Laem Chabang 2 Power Plant", "fuel": "gas", "mw": 60.0, "country": "", "status": "operating"}}, {"type": "Feature", "id": 508, "geometry": {"type": "Point", "coordinates": [100.96, 13.099]}, "properties": {"name": "Sahacogen (Chonburi) Power Plant", "fuel": "unknown", "mw": 0.0, "country": "THA", "status": "operating"}}, {"type": "Feature", "id": 509, "geometry": {"type": "Point", "coordinates": [100.899, 13.105]}, "properties": {"name": "Sriracha Refinery Thail Oil Public Co Power Station", "fuel": "unknown", "mw": 0.0, "country": "", "status": "operating"}}, {"type": "Feature", "id": 510, "geometry": {"type": "Point", "coordinates": [100.909, 13.113]}, "properties": {"name": "\u0e42\u0e23\u0e07\u0e44\u0e1f\u0e1f\u0e49\u0e32GPSC \u0e44\u0e2d\u0e1e\u0e35\u0e17\u0e35", "fuel": "gas", "mw": 700.0, "country": "", "status": "operating"}}, {"type": "Feature", "id": 511, "geometry": {"type": "Point", "coordinates": [101.027, 13.42]}, "properties": {"name": "Amata B.Grimm Power Plant 1 & 2", "fuel": "gas", "mw": 337.0, "country": "THA", "status": "operating"}}, {"type": "Feature", "id": 512, "geometry": {"type": "Point", "coordinates": [101.057, 13.437]}, "properties": {"name": "Amata B.Grimm Power Plant 4 & 5", "fuel": "gas", "mw": 262.0, "country": "THA", "status": "operating"}}, {"type": "Feature", "id": 513, "geometry": {"type": "Point", "coordinates": [101.057, 13.45]}, "properties": {"name": "Amata B.Grimm Power Plant 3", "fuel": "gas", "mw": 133.0, "country": "THA", "status": "operating"}}, {"type": "Feature", "id": 514, "geometry": {"type": "Point", "coordinates": [101.056, 13.455]}, "properties": {"name": "", "fuel": "unknown", "mw": 0.0, "country": "THA", "status": "operating"}}, {"type": "Feature", "id": 515, "geometry": {"type": "Point", "coordinates": [100.842, 13.493]}, "properties": {"name": "\u0e42\u0e23\u0e07\u0e44\u0e1f\u0e1f\u0e49\u0e32\u0e1a\u0e32\u0e07\u0e1a\u0e48\u0e2d", "fuel": "gas", "mw": 325.0, "country": "", "status": "operating"}}, {"type": "Feature", "id": 516, "geometry": {"type": "Point", "coordinates": [101.026, 13.501]}, "properties": {"name": "\u0e42\u0e23\u0e07\u0e44\u0e1f\u0e1f\u0e49\u0e32\u0e1a\u0e32\u0e07\u0e1b\u0e30\u0e01\u0e07", "fuel": "gas", "mw": 1862.0, "country": "THA", "status": "operating"}}, {"type": "Feature", "id": 517, "geometry": {"type": "Point", "coordinates": [101.418, 13.693]}, "properties": {"name": "Koh Khanun Power Plant", "fuel": "unknown", "mw": 0.0, "country": "THA", "status": "operating"}}, {"type": "Feature", "id": 518, "geometry": {"type": "Point", "coordinates": [100.759, 13.714]}, "properties": {"name": "\u0e1a\u0e23\u0e34\u0e29\u0e31\u0e17 \u0e1c\u0e25\u0e34\u0e15\u0e44\u0e1f\u0e1f\u0e49\u0e32\u0e41\u0e25\u0e30\u0e19\u0e49\u0e33\u0e40\u0e22\u0e47\u0e19 \u0e08\u0e33\u0e01\u0e31\u0e14", "fuel": "unknown", "mw": 0.0, "country": "THA", "status": "operating"}}, {"type": "Feature", "id": 519, "geometry": {"type": "Point", "coordinates": [101.015, 13.736]}, "properties": {"name": "\u0e42\u0e23\u0e07\u0e44\u0e1f\u0e1f\u0e49\u0e32 GNNK", "fuel": "gas", "mw": 0.0, "country": "THA", "status": "operating"}}, {"type": "Feature", "id": 520, "geometry": {"type": "Point", "coordinates": [100.789, 13.76]}, "properties": {"name": "Lat Krabang power station", "fuel": "unknown", "mw": 0.0, "country": "THA", "status": "operating"}}, {"type": "Feature", "id": 521, "geometry": {"type": "Point", "coordinates": [101.472, 13.708]}, "properties": {"name": "National Power PP4 Power Plant", "fuel": "biomass", "mw": 0.0, "country": "THA", "status": "operating"}}, {"type": "Feature", "id": 522, "geometry": {"type": "Point", "coordinates": [100.843, 13.822]}, "properties": {"name": "", "fuel": "waste", "mw": 0.0, "country": "THA", "status": "operating"}}, {"type": "Feature", "id": 523, "geometry": {"type": "Point", "coordinates": [100.855, 13.489]}, "properties": {"name": "", "fuel": "solar", "mw": 0.0, "country": "", "status": "operating"}}, {"type": "Feature", "id": 524, "geometry": {"type": "Point", "coordinates": [100.824, 13.748]}, "properties": {"name": "\u0e42\u0e23\u0e07\u0e44\u0e1f\u0e1f\u0e49\u0e32\u0e41\u0e2a\u0e07\u0e2d\u0e32\u0e17\u0e34\u0e15\u0e22\u0e4c\u0e1a\u0e35.\u0e01\u0e23\u0e34\u0e21\u0e42\u0e0b\u0e25\u0e32\u0e23\u0e4c\u0e40\u0e1e\u0e32\u0e40\u0e27\u0e2d\u0e23\u0e4c", "fuel": "solar", "mw": 0.0, "country": "THA", "status": "operating"}}, {"type": "Feature", "id": 525, "geometry": {"type": "Point", "coordinates": [100.885, 13.752]}, "properties": {"name": "", "fuel": "solar", "mw": 0.0, "country": "THA", "status": "operating"}}, {"type": "Feature", "id": 526, "geometry": {"type": "Point", "coordinates": [100.899, 13.108]}, "properties": {"name": "Sriracha Refinery TOC Power Station", "fuel": "unknown", "mw": 0.0, "country": "", "status": "operating"}}, {"type": "Feature", "id": 527, "geometry": {"type": "Point", "coordinates": [100.903, 13.9]}, "properties": {"name": "", "fuel": "solar", "mw": 5.0, "country": "THA", "status": "operating"}}, {"type": "Feature", "id": 528, "geometry": {"type": "Point", "coordinates": [100.9, 13.084]}, "properties": {"name": "Laem Chabang 1 (Replacement) Power Plant", "fuel": "gas", "mw": 140.0, "country": "", "status": "operating"}}, {"type": "Feature", "id": 529, "geometry": {"type": "Point", "coordinates": [100.856, 13.911]}, "properties": {"name": "", "fuel": "solar", "mw": 0.0, "country": "THA", "status": "operating"}}, {"type": "Feature", "id": 530, "geometry": {"type": "Point", "coordinates": [101.286, 13.986]}, "properties": {"name": "", "fuel": "solar", "mw": 0.0, "country": "THA", "status": "operating"}}, {"type": "Feature", "id": 531, "geometry": {"type": "Point", "coordinates": [100.897, 13.634]}, "properties": {"name": "", "fuel": "solar", "mw": 0.0, "country": "THA", "status": "operating"}}, {"type": "Feature", "id": 532, "geometry": {"type": "Point", "coordinates": [100.674, 13.577]}, "properties": {"name": "\u0e42\u0e23\u0e07\u0e44\u0e1f\u0e1f\u0e49\u0e32\u0e40\u0e0a\u0e37\u0e49\u0e2d\u0e40\u0e1e\u0e25\u0e34\u0e07\u0e02\u0e22\u0e30\u0e41\u0e1e\u0e23\u0e01\u0e29\u0e32\u0e43\u0e2b\u0e21\u0e48", "fuel": "waste", "mw": 0.0, "country": "", "status": "operating"}}, {"type": "Feature", "id": 533, "geometry": {"type": "Point", "coordinates": [101.526, 13.882]}, "properties": {"name": "", "fuel": "solar", "mw": 0.0, "country": "THA", "status": "operating"}}, {"type": "Feature", "id": 534, "geometry": {"type": "Point", "coordinates": [101.545, 14.808]}, "properties": {"name": "\u0e42\u0e23\u0e07\u0e44\u0e1f\u0e1f\u0e49\u0e32\u0e25\u0e33\u0e15\u0e30\u0e04\u0e2d\u0e07", "fuel": "hydro", "mw": 1000.0, "country": "THA", "status": "operating"}}, {"type": "Feature", "id": 535, "geometry": {"type": "Point", "coordinates": [101.557, 14.815]}, "properties": {"name": "\u0e25\u0e33\u0e15\u0e30\u0e04\u0e2d\u0e07", "fuel": "wind", "mw": 26.5, "country": "THA", "status": "operating"}}, {"type": "Feature", "id": 536, "geometry": {"type": "Point", "coordinates": [101.582, 13.93]}, "properties": {"name": "National Power PP11 Plant", "fuel": "biomass", "mw": 0.0, "country": "THA", "status": "operating"}}, {"type": "Feature", "id": 537, "geometry": {"type": "Point", "coordinates": [101.585, 13.924]}, "properties": {"name": "National Power PP6 Plant", "fuel": "biomass", "mw": 0.0, "country": "THA", "status": "operating"}}, {"type": "Feature", "id": 538, "geometry": {"type": "Point", "coordinates": [101.585, 13.932]}, "properties": {"name": "National Power PP9 Plant", "fuel": "biomass", "mw": 0.0, "country": "THA", "status": "operating"}}, {"type": "Feature", "id": 539, "geometry": {"type": "Point", "coordinates": [101.588, 13.931]}, "properties": {"name": "\u0e01\u0e32\u0e23\u0e44\u0e1f\u0e1f\u0e49\u0e32\u0e17\u0e48\u0e32\u0e15\u0e39\u0e21", "fuel": "coal", "mw": 328.0, "country": "THA", "status": "operating"}}, {"type": "Feature", "id": 540, "geometry": {"type": "Point", "coordinates": [101.594, 13.931]}, "properties": {"name": "", "fuel": "coal", "mw": 0.0, "country": "THA", "status": "operating"}}, {"type": "Feature", "id": 541, "geometry": {"type": "Point", "coordinates": [101.712, 13.922]}, "properties": {"name": "", "fuel": "solar", "mw": 0.0, "country": "THA", "status": "operating"}}, {"type": "Feature", "id": 542, "geometry": {"type": "Point", "coordinates": [101.712, 14.033]}, "properties": {"name": "Gulf GNC Power Plant", "fuel": "unknown", "mw": 0.0, "country": "THA", "status": "operating"}}, {"type": "Feature", "id": 543, "geometry": {"type": "Point", "coordinates": [101.827, 14.074]}, "properties": {"name": "\u0e2a\u0e16\u0e32\u0e19\u0e35\u0e44\u0e1f\u0e1f\u0e49\u0e32\u0e01\u0e1a\u0e34\u0e19\u0e17\u0e23\u0e4c\u0e1a\u0e38\u0e23\u0e35 1", "fuel": "unknown", "mw": 0.0, "country": "THA", "status": "operating"}}, {"type": "Feature", "id": 544, "geometry": {"type": "Point", "coordinates": [101.833, 13.965]}, "properties": {"name": "", "fuel": "solar", "mw": 0.0, "country": "THA", "status": "operating"}}, {"type": "Feature", "id": 545, "geometry": {"type": "Point", "coordinates": [101.999, 13.894]}, "properties": {"name": "", "fuel": "solar", "mw": 0.0, "country": "THA", "status": "operating"}}, {"type": "Feature", "id": 546, "geometry": {"type": "Point", "coordinates": [102.009, 13.921]}, "properties": {"name": "", "fuel": "solar", "mw": 0.0, "country": "THA", "status": "operating"}}, {"type": "Feature", "id": 547, "geometry": {"type": "Point", "coordinates": [102.012, 13.901]}, "properties": {"name": "", "fuel": "solar", "mw": 0.0, "country": "THA", "status": "operating"}}, {"type": "Feature", "id": 548, "geometry": {"type": "Point", "coordinates": [102.479, 14.7]}, "properties": {"name": "", "fuel": "solar", "mw": 0.0, "country": "THA", "status": "operating"}}, {"type": "Feature", "id": 549, "geometry": {"type": "Point", "coordinates": [102.615, 14.66]}, "properties": {"name": "", "fuel": "solar", "mw": 0.0, "country": "THA", "status": "operating"}}, {"type": "Feature", "id": 550, "geometry": {"type": "Point", "coordinates": [103.012, 14.923]}, "properties": {"name": "", "fuel": "solar", "mw": 0.0, "country": "THA", "status": "operating"}}, {"type": "Feature", "id": 551, "geometry": {"type": "Point", "coordinates": [101.452, 13.888]}, "properties": {"name": "", "fuel": "solar", "mw": 0.0, "country": "THA", "status": "operating"}}, {"type": "Feature", "id": 552, "geometry": {"type": "Point", "coordinates": [103.74, 15.765]}, "properties": {"name": "", "fuel": "solar", "mw": 0.0, "country": "THA", "status": "operating"}}, {"type": "Feature", "id": 553, "geometry": {"type": "Point", "coordinates": [104.814, 14.789]}, "properties": {"name": "", "fuel": "solar", "mw": 0.0, "country": "THA", "status": "operating"}}, {"type": "Feature", "id": 554, "geometry": {"type": "Point", "coordinates": [104.816, 14.793]}, "properties": {"name": "", "fuel": "solar", "mw": 0.0, "country": "THA", "status": "operating"}}, {"type": "Feature", "id": 555, "geometry": {"type": "Point", "coordinates": [102.07, 14.764]}, "properties": {"name": "", "fuel": "solar", "mw": 0.0, "country": "THA", "status": "operating"}}, {"type": "Feature", "id": 556, "geometry": {"type": "Point", "coordinates": [101.734, 15.118]}, "properties": {"name": "", "fuel": "solar", "mw": 0.0, "country": "THA", "status": "operating"}}, {"type": "Feature", "id": 557, "geometry": {"type": "Point", "coordinates": [101.738, 15.133]}, "properties": {"name": "", "fuel": "solar", "mw": 0.0, "country": "THA", "status": "operating"}}, {"type": "Feature", "id": 558, "geometry": {"type": "Point", "coordinates": [102.345, 15.192]}, "properties": {"name": "", "fuel": "solar", "mw": 0.0, "country": "THA", "status": "operating"}}, {"type": "Feature", "id": 559, "geometry": {"type": "Point", "coordinates": [102.343, 15.194]}, "properties": {"name": "", "fuel": "solar", "mw": 0.0, "country": "THA", "status": "operating"}}, {"type": "Feature", "id": 560, "geometry": {"type": "Point", "coordinates": [102.162, 14.818]}, "properties": {"name": "", "fuel": "solar", "mw": 0.0, "country": "THA", "status": "operating"}}, {"type": "Feature", "id": 561, "geometry": {"type": "Point", "coordinates": [102.52, 15.554]}, "properties": {"name": "", "fuel": "solar", "mw": 0.0, "country": "THA", "status": "operating"}}, {"type": "Feature", "id": 562, "geometry": {"type": "Point", "coordinates": [102.516, 15.554]}, "properties": {"name": "", "fuel": "solar", "mw": 0.0, "country": "THA", "status": "operating"}}, {"type": "Feature", "id": 563, "geometry": {"type": "Point", "coordinates": [102.495, 14.999]}, "properties": {"name": "", "fuel": "solar", "mw": 0.0, "country": "THA", "status": "operating"}}, {"type": "Feature", "id": 564, "geometry": {"type": "Point", "coordinates": [101.887, 15.109]}, "properties": {"name": "", "fuel": "solar", "mw": 0.0, "country": "THA", "status": "operating"}}, {"type": "Feature", "id": 565, "geometry": {"type": "Point", "coordinates": [101.809, 14.874]}, "properties": {"name": "", "fuel": "solar", "mw": 0.0, "country": "THA", "status": "operating"}}, {"type": "Feature", "id": 566, "geometry": {"type": "Point", "coordinates": [102.017, 13.819]}, "properties": {"name": "", "fuel": "solar", "mw": 0.0, "country": "THA", "status": "operating"}}, {"type": "Feature", "id": 567, "geometry": {"type": "Point", "coordinates": [101.917, 13.934]}, "properties": {"name": "", "fuel": "solar", "mw": 0.0, "country": "THA", "status": "operating"}}, {"type": "Feature", "id": 568, "geometry": {"type": "Point", "coordinates": [103.886, 15.078]}, "properties": {"name": "", "fuel": "solar", "mw": 0.0, "country": "THA", "status": "operating"}}, {"type": "Feature", "id": 569, "geometry": {"type": "Point", "coordinates": [103.81, 14.628]}, "properties": {"name": "", "fuel": "solar", "mw": 0.0, "country": "THA", "status": "operating"}}, {"type": "Feature", "id": 570, "geometry": {"type": "Point", "coordinates": [103.69, 15.373]}, "properties": {"name": "", "fuel": "solar", "mw": 0.0, "country": "THA", "status": "operating"}}, {"type": "Feature", "id": 571, "geometry": {"type": "Point", "coordinates": [104.915, 15.004]}, "properties": {"name": "", "fuel": "solar", "mw": 0.0, "country": "THA", "status": "operating"}}, {"type": "Feature", "id": 572, "geometry": {"type": "Point", "coordinates": [104.915, 15.007]}, "properties": {"name": "", "fuel": "solar", "mw": 0.0, "country": "THA", "status": "operating"}}, {"type": "Feature", "id": 573, "geometry": {"type": "Point", "coordinates": [101.621, 14.605]}, "properties": {"name": "Ventus Solar", "fuel": "solar", "mw": 0.0, "country": "THA", "status": "operating"}}, {"type": "Feature", "id": 574, "geometry": {"type": "Point", "coordinates": [108.774, 11.871]}, "properties": {"name": "", "fuel": "hydro", "mw": 0.0, "country": "VNM", "status": "operating"}}, {"type": "Feature", "id": 575, "geometry": {"type": "Point", "coordinates": [108.793, 11.665]}, "properties": {"name": "Nh\u00e0 m\u00e1y \u0111i\u1ec7n m\u1eb7t tr\u1eddi M\u1ef9 S\u01a1n 2", "fuel": "solar", "mw": 50.0, "country": "VNM", "status": "operating"}}, {"type": "Feature", "id": 576, "geometry": {"type": "Point", "coordinates": [108.81, 11.669]}, "properties": {"name": "", "fuel": "solar", "mw": 0.0, "country": "VNM", "status": "operating"}}, {"type": "Feature", "id": 577, "geometry": {"type": "Point", "coordinates": [108.808, 11.76]}, "properties": {"name": "", "fuel": "hydro", "mw": 0.0, "country": "VNM", "status": "operating"}}, {"type": "Feature", "id": 578, "geometry": {"type": "Point", "coordinates": [108.827, 11.706]}, "properties": {"name": "CMX RE Sunseap Solar Power Company", "fuel": "solar", "mw": 0.0, "country": "VNM", "status": "operating"}}, {"type": "Feature", "id": 579, "geometry": {"type": "Point", "coordinates": [108.828, 11.624]}, "properties": {"name": "", "fuel": "solar", "mw": 0.0, "country": "VNM", "status": "operating"}}, {"type": "Feature", "id": 580, "geometry": {"type": "Point", "coordinates": [108.843, 11.5]}, "properties": {"name": "", "fuel": "solar", "mw": 0.0, "country": "VNM", "status": "operating"}}, {"type": "Feature", "id": 581, "geometry": {"type": "Point", "coordinates": [108.848, 11.509]}, "properties": {"name": "Nh\u00e0 m\u00e1y \u0111i\u1ec7n m\u1eb7t tr\u1eddi Ph\u01b0\u1edbc H\u1eefu", "fuel": "solar", "mw": 65.0, "country": "VNM", "status": "operating"}}, {"type": "Feature", "id": 582, "geometry": {"type": "Point", "coordinates": [108.861, 11.585]}, "properties": {"name": "Nh\u00e0 m\u00e1y \u0111i\u1ec7n m\u1eb7t tr\u1eddi H\u00e0 \u0110\u00f4 Ninh Ph\u01b0\u1edbc", "fuel": "solar", "mw": 50.0, "country": "VNM", "status": "operating"}}, {"type": "Feature", "id": 583, "geometry": {"type": "Point", "coordinates": [108.863, 11.571]}, "properties": {"name": "", "fuel": "solar", "mw": 0.0, "country": "VNM", "status": "operating"}}, {"type": "Feature", "id": 584, "geometry": {"type": "Point", "coordinates": [108.873, 11.531]}, "properties": {"name": "", "fuel": "solar", "mw": 0.0, "country": "VNM", "status": "operating"}}, {"type": "Feature", "id": 585, "geometry": {"type": "Point", "coordinates": [108.867, 11.55]}, "properties": {"name": "Nh\u00e0 m\u00e1y \u0111i\u1ec7n m\u1eb7t tr\u1eddi Sinenergy Ninh Thu\u1eadn 1", "fuel": "solar", "mw": 50.0, "country": "VNM", "status": "operating"}}, {"type": "Feature", "id": 586, "geometry": {"type": "Point", "coordinates": [108.866, 11.506]}, "properties": {"name": "", "fuel": "solar", "mw": 0.0, "country": "VNM", "status": "operating"}}, {"type": "Feature", "id": 587, "geometry": {"type": "Point", "coordinates": [108.87, 11.513]}, "properties": {"name": "\u0110i\u1ec7n gi\u00f3 S\u1ed1 5 Ninh Thu\u1eadn", "fuel": "wind", "mw": 46.2, "country": "VNM", "status": "operating"}}, {"type": "Feature", "id": 588, "geometry": {"type": "Point", "coordinates": [108.87, 11.578]}, "properties": {"name": "", "fuel": "solar", "mw": 0.0, "country": "VNM", "status": "operating"}}, {"type": "Feature", "id": 589, "geometry": {"type": "Point", "coordinates": [108.871, 11.501]}, "properties": {"name": "", "fuel": "solar", "mw": 0.0, "country": "VNM", "status": "operating"}}, {"type": "Feature", "id": 590, "geometry": {"type": "Point", "coordinates": [109.007, 11.689]}, "properties": {"name": "Nh\u00e0 m\u00e1y \u0110i\u1ec7n m\u1eb7t tr\u1eddi Thu\u1eadn B\u1eafc", "fuel": "solar", "mw": 256.0, "country": "VNM", "status": "operating"}}, {"type": "Feature", "id": 591, "geometry": {"type": "Point", "coordinates": [109.02, 11.697]}, "properties": {"name": "Nh\u00e0 m\u00e1y \u0110i\u1ec7n m\u1eb7t tr\u1eddi Trung Nam", "fuel": "solar", "mw": 204.0, "country": "VNM", "status": "operating"}}, {"type": "Feature", "id": 592, "geometry": {"type": "Point", "coordinates": [109.03, 11.707]}, "properties": {"name": "\u0110i\u1ec7n gi\u00f3 Trung Nam", "fuel": "wind", "mw": 151.9, "country": "VNM", "status": "operating"}}, {"type": "Feature", "id": 593, "geometry": {"type": "Point", "coordinates": [109.025, 11.675]}, "properties": {"name": "", "fuel": "wind", "mw": 0.0, "country": "VNM", "status": "operating"}}, {"type": "Feature", "id": 594, "geometry": {"type": "Point", "coordinates": [109.019, 11.683]}, "properties": {"name": "", "fuel": "solar", "mw": 0.0, "country": "VNM", "status": "operating"}}, {"type": "Feature", "id": 595, "geometry": {"type": "Point", "coordinates": [109.046, 11.66]}, "properties": {"name": "D\u00e2m Nai Wind Farm", "fuel": "wind", "mw": 39.0, "country": "VNM", "status": "operating"}}, {"type": "Feature", "id": 596, "geometry": {"type": "Point", "coordinates": [109.059, 11.823]}, "properties": {"name": "", "fuel": "solar", "mw": 0.0, "country": "VNM", "status": "operating"}}, {"type": "Feature", "id": 597, "geometry": {"type": "Point", "coordinates": [109.067, 11.738]}, "properties": {"name": "", "fuel": "wind", "mw": 0.0, "country": "VNM", "status": "operating"}}, {"type": "Feature", "id": 598, "geometry": {"type": "Point", "coordinates": [109.085, 11.992]}, "properties": {"name": "", "fuel": "solar", "mw": 0.0, "country": "VNM", "status": "operating"}}, {"type": "Feature", "id": 599, "geometry": {"type": "Point", "coordinates": [109.084, 11.979]}, "properties": {"name": "", "fuel": "solar", "mw": 0.0, "country": "VNM", "status": "operating"}}, {"type": "Feature", "id": 600, "geometry": {"type": "Point", "coordinates": [109.088, 12.004]}, "properties": {"name": "", "fuel": "solar", "mw": 0.0, "country": "VNM", "status": "operating"}}, {"type": "Feature", "id": 601, "geometry": {"type": "Point", "coordinates": [109.086, 11.88]}, "properties": {"name": "", "fuel": "solar", "mw": 0.0, "country": "VNM", "status": "operating"}}, {"type": "Feature", "id": 602, "geometry": {"type": "Point", "coordinates": [109.085, 11.981]}, "properties": {"name": "", "fuel": "solar", "mw": 0.0, "country": "VNM", "status": "operating"}}, {"type": "Feature", "id": 603, "geometry": {"type": "Point", "coordinates": [109.091, 11.89]}, "properties": {"name": "", "fuel": "solar", "mw": 0.0, "country": "VNM", "status": "operating"}}, {"type": "Feature", "id": 604, "geometry": {"type": "Point", "coordinates": [109.091, 12.01]}, "properties": {"name": "", "fuel": "solar", "mw": 0.0, "country": "VNM", "status": "operating"}}, {"type": "Feature", "id": 605, "geometry": {"type": "Point", "coordinates": [109.095, 12.011]}, "properties": {"name": "", "fuel": "solar", "mw": 0.0, "country": "VNM", "status": "operating"}}, {"type": "Feature", "id": 606, "geometry": {"type": "Point", "coordinates": [109.129, 11.981]}, "properties": {"name": "", "fuel": "solar", "mw": 0.0, "country": "VNM", "status": "operating"}}, {"type": "Feature", "id": 607, "geometry": {"type": "Point", "coordinates": [109.141, 11.978]}, "properties": {"name": "", "fuel": "solar", "mw": 0.0, "country": "VNM", "status": "operating"}}, {"type": "Feature", "id": 608, "geometry": {"type": "Point", "coordinates": [109.154, 11.979]}, "properties": {"name": "", "fuel": "solar", "mw": 0.0, "country": "", "status": "operating"}}, {"type": "Feature", "id": 609, "geometry": {"type": "Point", "coordinates": [108.784, 11.672]}, "properties": {"name": "Nh\u00e0 m\u00e1y \u0111i\u1ec7n m\u1eb7t tr\u1eddi M\u1ef9 S\u01a1n 1", "fuel": "solar", "mw": 61.0, "country": "VNM", "status": "operating"}}, {"type": "Feature", "id": 610, "geometry": {"type": "Point", "coordinates": [109.015, 11.683]}, "properties": {"name": "", "fuel": "solar", "mw": 0.0, "country": "VNM", "status": "operating"}}, {"type": "Feature", "id": 611, "geometry": {"type": "Point", "coordinates": [108.882, 12.344]}, "properties": {"name": "Nh\u00e0 m\u00e1y th\u1ee7y \u0111i\u1ec7n S\u00f4ng Giang 2", "fuel": "hydro", "mw": 37.0, "country": "VNM", "status": "operating"}}, {"type": "Feature", "id": 612, "geometry": {"type": "Point", "coordinates": [108.811, 11.762]}, "properties": {"name": "", "fuel": "hydro", "mw": 0.0, "country": "VNM", "status": "operating"}}, {"type": "Feature", "id": 613, "geometry": {"type": "Point", "coordinates": [108.967, 11.684]}, "properties": {"name": "Nh\u00e0 m\u00e1y \u0110i\u1ec7n M\u1eb7t tr\u1eddi Thi\u00ean T\u00e2n Solar Ninh Thu\u1eadn", "fuel": "solar", "mw": 1000.0, "country": "VNM", "status": "operating"}}, {"type": "Feature", "id": 614, "geometry": {"type": "Point", "coordinates": [106.829, 15.079]}, "properties": {"name": "\u0ec0\u0e82\u0eb7\u0ec8\u0ead\u0e99\u0ec4\u0e9f\u0e9f\u0ec9\u0eb2\u0eab\u0ec9\u0ea7\u0e8d\u0ec0\u0eab\u0eb2\u0eb0", "fuel": "hydro", "mw": 152.0, "country": "LAO", "status": "operating"}}, {"type": "Feature", "id": 615, "geometry": {"type": "Point", "coordinates": [107.117, 14.89]}, "properties": {"name": "\u0ec0\u0e8a\u0e82\u0eb0\u0edd\u0eb2\u0e99 \u0e8a\u0eb2\u0e99\u0ec4\u0e8a", "fuel": "hydro", "mw": 32.0, "country": "LAO", "status": "operating"}}, {"type": "Feature", "id": 616, "geometry": {"type": "Point", "coordinates": [107.151, 14.959]}, "properties": {"name": "\u0ec0\u0e8a\u0e82\u0eb0\u0edd\u0eb2\u0e99 1", "fuel": "hydro", "mw": 290.0, "country": "LAO", "status": "operating"}}, {"type": "Feature", "id": 617, "geometry": {"type": "Point", "coordinates": [107.485, 15.7]}, "properties": {"name": "Th\u1ee7y \u0111i\u1ec7n S\u00f4ng Bung 2", "fuel": "hydro", "mw": 100.0, "country": "VNM", "status": "operating"}}, {"type": "Feature", "id": 618, "geometry": {"type": "Point", "coordinates": [107.494, 13.969]}, "properties": {"name": "Th\u1ee7y \u0111i\u1ec7n S\u00ea San 4", "fuel": "hydro", "mw": 360.0, "country": "VNM", "status": "operating"}}, {"type": "Feature", "id": 619, "geometry": {"type": "Point", "coordinates": [107.557, 15.636]}, "properties": {"name": "", "fuel": "hydro", "mw": 0.0, "country": "VNM", "status": "operating"}}, {"type": "Feature", "id": 620, "geometry": {"type": "Point", "coordinates": [107.651, 15.726]}, "properties": {"name": "Th\u1ee7y \u0111i\u1ec7n S\u00f4ng Bung 4", "fuel": "hydro", "mw": 156.0, "country": "VNM", "status": "operating"}}, {"type": "Feature", "id": 621, "geometry": {"type": "Point", "coordinates": [107.654, 15.848]}, "properties": {"name": "Nh\u00e0 m\u00e1y th\u1ee7y \u0111i\u1ec7n ZaH\u01b0ng", "fuel": "hydro", "mw": 30.0, "country": "VNM", "status": "operating"}}, {"type": "Feature", "id": 622, "geometry": {"type": "Point", "coordinates": [107.659, 14.106]}, "properties": {"name": "Th\u1ee7y \u0111i\u1ec7n S\u00ea San 3A", "fuel": "hydro", "mw": 108.0, "country": "VNM", "status": "operating"}}, {"type": "Feature", "id": 623, "geometry": {"type": "Point", "coordinates": [107.679, 15.765]}, "properties": {"name": "Nh\u00e0 m\u00e1y th\u1ee7y \u0111i\u1ec7n S\u00f4ng Bung 4A", "fuel": "hydro", "mw": 49.0, "country": "VNM", "status": "operating"}}, {"type": "Feature", "id": 624, "geometry": {"type": "Point", "coordinates": [107.684, 15.776]}, "properties": {"name": "Th\u1ee7y \u0111i\u1ec7n A V\u01b0\u01a1ng", "fuel": "hydro", "mw": 210.0, "country": "VNM", "status": "operating"}}, {"type": "Feature", "id": 625, "geometry": {"type": "Point", "coordinates": [107.712, 14.71]}, "properties": {"name": "", "fuel": "hydro", "mw": 0.0, "country": "VNM", "status": "operating"}}, {"type": "Feature", "id": 626, "geometry": {"type": "Point", "coordinates": [107.721, 14.216]}, "properties": {"name": "Th\u1ee7y \u0111i\u1ec7n S\u00ea San 3", "fuel": "hydro", "mw": 260.0, "country": "VNM", "status": "operating"}}, {"type": "Feature", "id": 627, "geometry": {"type": "Point", "coordinates": [107.78, 15.818]}, "properties": {"name": "Nh\u00e0 m\u00e1y th\u1ee7y \u0111i\u1ec7n S\u00f4ng Bung 6", "fuel": "hydro", "mw": 29.0, "country": "VNM", "status": "operating"}}, {"type": "Feature", "id": 628, "geometry": {"type": "Point", "coordinates": [107.785, 13.969]}, "properties": {"name": "", "fuel": "hydro", "mw": 0.0, "country": "VNM", "status": "operating"}}, {"type": "Feature", "id": 629, "geometry": {"type": "Point", "coordinates": [107.814, 14.213]}, "properties": {"name": "Nh\u00e0 m\u00e1y Th\u1ee7y \u0111i\u1ec7n Ry Ninh 2", "fuel": "hydro", "mw": 0.0, "country": "VNM", "status": "operating"}}, {"type": "Feature", "id": 630, "geometry": {"type": "Point", "coordinates": [107.817, 14.205]}, "properties": {"name": "Nh\u00e0 m\u00e1y Th\u1ee7y \u0111i\u1ec7n Ry Ninh", "fuel": "hydro", "mw": 0.0, "country": "VNM", "status": "operating"}}, {"type": "Feature", "id": 631, "geometry": {"type": "Point", "coordinates": [107.819, 15.295]}, "properties": {"name": "Nh\u00e0 m\u00e1y th\u1ee7y \u0111i\u1ec7n \u0110ak Mi 2", "fuel": "hydro", "mw": 147.0, "country": "VNM", "status": "operating"}}, {"type": "Feature", "id": 632, "geometry": {"type": "Point", "coordinates": [107.819, 15.89]}, "properties": {"name": "Nh\u00e0 m\u00e1y th\u1ee7y \u0111i\u1ec7n S\u00f4ng C\u00f4n 2", "fuel": "hydro", "mw": 60.0, "country": "VNM", "status": "operating"}}, {"type": "Feature", "id": 633, "geometry": {"type": "Point", "coordinates": [107.833, 15.337]}, "properties": {"name": "Nh\u00e0 m\u00e1y th\u1ee7y \u0111i\u1ec7n \u0110ak Mi 3", "fuel": "hydro", "mw": 63.0, "country": "VNM", "status": "operating"}}, {"type": "Feature", "id": 634, "geometry": {"type": "Point", "coordinates": [107.862, 14.407]}, "properties": {"name": "Nh\u00e0 m\u00e1y th\u1ee7y \u0111i\u1ec7n Plei Kr\u00f4ng", "fuel": "hydro", "mw": 100.0, "country": "VNM", "status": "operating"}}, {"type": "Feature", "id": 635, "geometry": {"type": "Point", "coordinates": [107.89, 15.904]}, "properties": {"name": "", "fuel": "hydro", "mw": 0.0, "country": "VNM", "status": "operating"}}, {"type": "Feature", "id": 636, "geometry": {"type": "Point", "coordinates": [107.892, 15.444]}, "properties": {"name": "Nh\u00e0 m\u00e1y th\u1ee7y \u0111i\u1ec7n \u0110\u0103k Mi 4A", "fuel": "hydro", "mw": 148.0, "country": "VNM", "status": "operating"}}, {"type": "Feature", "id": 637, "geometry": {"type": "Point", "coordinates": [107.916, 15.458]}, "properties": {"name": "Nh\u00e0 m\u00e1y th\u1ee7y \u0111i\u1ec7n \u0110\u0103k Mi 4B", "fuel": "hydro", "mw": 42.0, "country": "VNM", "status": "operating"}}, {"type": "Feature", "id": 638, "geometry": {"type": "Point", "coordinates": [107.929, 15.464]}, "properties": {"name": "Nh\u00e0 m\u00e1y th\u1ee7y \u0111i\u1ec7n \u0110\u0103k Mi 4C", "fuel": "hydro", "mw": 18.0, "country": "VNM", "status": "operating"}}, {"type": "Feature", "id": 639, "geometry": {"type": "Point", "coordinates": [107.935, 14.657]}, "properties": {"name": "", "fuel": "hydro", "mw": 0.0, "country": "VNM", "status": "operating"}}, {"type": "Feature", "id": 640, "geometry": {"type": "Point", "coordinates": [107.96, 14.758]}, "properties": {"name": "", "fuel": "hydro", "mw": 0.0, "country": "VNM", "status": "operating"}}, {"type": "Feature", "id": 641, "geometry": {"type": "Point", "coordinates": [107.966, 14.703]}, "properties": {"name": "", "fuel": "hydro", "mw": 0.0, "country": "VNM", "status": "operating"}}, {"type": "Feature", "id": 642, "geometry": {"type": "Point", "coordinates": [107.981, 14.753]}, "properties": {"name": "Nh\u00e0 m\u00e1y Nhi\u1ec7t \u0111i\u1ec7n \u0110\u0103k Psi 3", "fuel": "hydro", "mw": 0.0, "country": "VNM", "status": "operating"}}, {"type": "Feature", "id": 643, "geometry": {"type": "Point", "coordinates": [107.986, 14.715]}, "properties": {"name": "", "fuel": "hydro", "mw": 0.0, "country": "VNM", "status": "operating"}}, {"type": "Feature", "id": 644, "geometry": {"type": "Point", "coordinates": [108.001, 14.789]}, "properties": {"name": "", "fuel": "hydro", "mw": 0.0, "country": "VNM", "status": "operating"}}, {"type": "Feature", "id": 645, "geometry": {"type": "Point", "coordinates": [108.002, 14.059]}, "properties": {"name": "", "fuel": "hydro", "mw": 0.0, "country": "VNM", "status": "operating"}}, {"type": "Feature", "id": 646, "geometry": {"type": "Point", "coordinates": [107.49, 13.974]}, "properties": {"name": "", "fuel": "solar", "mw": 0.0, "country": "VNM", "status": "operating"}}, {"type": "Feature", "id": 647, "geometry": {"type": "Point", "coordinates": [107.907, 14.634]}, "properties": {"name": "", "fuel": "hydro", "mw": 0.0, "country": "VNM", "status": "operating"}}, {"type": "Feature", "id": 648, "geometry": {"type": "Point", "coordinates": [107.988, 14.706]}, "properties": {"name": "", "fuel": "hydro", "mw": 0.0, "country": "VNM", "status": "operating"}}, {"type": "Feature", "id": 649, "geometry": {"type": "Point", "coordinates": [108.005, 14.713]}, "properties": {"name": "", "fuel": "hydro", "mw": 0.0, "country": "VNM", "status": "operating"}}, {"type": "Feature", "id": 650, "geometry": {"type": "Point", "coordinates": [106.912, 14.567]}, "properties": {"name": "\u0e99\u0ecd\u0eb2\u0e81\u0ec9 \u0e87 3", "fuel": "hydro", "mw": 54.0, "country": "LAO", "status": "operating"}}, {"type": "Feature", "id": 651, "geometry": {"type": "Point", "coordinates": [106.821, 14.498]}, "properties": {"name": "\u0e99\u0ecd\u0eb2\u0e81\u0ec9 \u0e87 2", "fuel": "hydro", "mw": 66.0, "country": "LAO", "status": "operating"}}, {"type": "Feature", "id": 652, "geometry": {"type": "Point", "coordinates": [107.81, 14.645]}, "properties": {"name": "Nh\u00e0 m\u00e1y Th\u1ee7y \u0111i\u1ec7n \u0110\u0103k P\u00f4 C\u00f4", "fuel": "hydro", "mw": 16.5, "country": "VNM", "status": "operating"}}, {"type": "Feature", "id": 653, "geometry": {"type": "Point", "coordinates": [107.796, 14.222]}, "properties": {"name": "Nh\u00e0 m\u00e1y Th\u1ee7y \u0111i\u1ec7n Ialy", "fuel": "hydro", "mw": 720.0, "country": "VNM", "status": "operating"}}, {"type": "Feature", "id": 654, "geometry": {"type": "Point", "coordinates": [108.105, 14.239]}, "properties": {"name": "", "fuel": "hydro", "mw": 0.0, "country": "VNM", "status": "operating"}}, {"type": "Feature", "id": 655, "geometry": {"type": "Point", "coordinates": [108.11, 14.192]}, "properties": {"name": "Nh\u00e0 m\u00e1y th\u1ee7y \u0111i\u1ec7n \u0110\u0103k \u0110oa", "fuel": "hydro", "mw": 14.0, "country": "VNM", "status": "operating"}}, {"type": "Feature", "id": 656, "geometry": {"type": "Point", "coordinates": [108.144, 15.444]}, "properties": {"name": "Nh\u00e0 m\u00e1y th\u1ee7y \u0111i\u1ec7n S\u00f4ng Tranh 3", "fuel": "hydro", "mw": 62.0, "country": "VNM", "status": "operating"}}, {"type": "Feature", "id": 657, "geometry": {"type": "Point", "coordinates": [108.148, 15.527]}, "properties": {"name": "Nh\u00e0 m\u00e1y th\u1ee7y \u0111i\u1ec7n S\u00f4ng Tranh 4", "fuel": "hydro", "mw": 48.0, "country": "VNM", "status": "operating"}}, {"type": "Feature", "id": 658, "geometry": {"type": "Point", "coordinates": [108.16, 15.365]}, "properties": {"name": "Nh\u00e0 m\u00e1y th\u1ee7y \u0111i\u1ec7n S\u00f4ng Tranh 2", "fuel": "hydro", "mw": 190.0, "country": "VNM", "status": "operating"}}, {"type": "Feature", "id": 659, "geometry": {"type": "Point", "coordinates": [108.222, 15.784]}, "properties": {"name": "", "fuel": "hydro", "mw": 0.0, "country": "VNM", "status": "operating"}}, {"type": "Feature", "id": 660, "geometry": {"type": "Point", "coordinates": [108.306, 14.566]}, "properties": {"name": "", "fuel": "hydro", "mw": 0.0, "country": "VNM", "status": "operating"}}, {"type": "Feature", "id": 661, "geometry": {"type": "Point", "coordinates": [108.343, 15.009]}, "properties": {"name": "", "fuel": "hydro", "mw": 0.0, "country": "VNM", "status": "operating"}}, {"type": "Feature", "id": 662, "geometry": {"type": "Point", "coordinates": [108.39, 15.018]}, "properties": {"name": "", "fuel": "hydro", "mw": 0.0, "country": "VNM", "status": "operating"}}, {"type": "Feature", "id": 663, "geometry": {"type": "Point", "coordinates": [108.391, 15.017]}, "properties": {"name": "Nh\u00e0 m\u00e1y th\u1ee7y \u0111i\u1ec7n \u0110ak\u0110rinh", "fuel": "hydro", "mw": 125.0, "country": "VNM", "status": "operating"}}, {"type": "Feature", "id": 664, "geometry": {"type": "Point", "coordinates": [108.412, 15.08]}, "properties": {"name": "", "fuel": "hydro", "mw": 0.0, "country": "VNM", "status": "operating"}}, {"type": "Feature", "id": 665, "geometry": {"type": "Point", "coordinates": [108.519, 14.652]}, "properties": {"name": "Nh\u00e0 m\u00e1y th\u1ee7y \u0111i\u1ec7n \u0110\u0103k Re", "fuel": "hydro", "mw": 60.0, "country": "VNM", "status": "operating"}}, {"type": "Feature", "id": 666, "geometry": {"type": "Point", "coordinates": [108.709, 15.331]}, "properties": {"name": "", "fuel": "solar", "mw": 0.0, "country": "VNM", "status": "operating"}}, {"type": "Feature", "id": 667, "geometry": {"type": "Point", "coordinates": [108.715, 14.371]}, "properties": {"name": "Nh\u00e0 m\u00e1y th\u1ee7y \u0111i\u1ec7n V\u0129nh S\u01a1n", "fuel": "hydro", "mw": 66.0, "country": "VNM", "status": "operating"}}, {"type": "Feature", "id": 668, "geometry": {"type": "Point", "coordinates": [108.722, 14.287]}, "properties": {"name": "Nh\u00e0 m\u00e1y th\u1ee7y \u0111i\u1ec7n Tr\u00e0 Xom", "fuel": "hydro", "mw": 20.0, "country": "VNM", "status": "operating"}}, {"type": "Feature", "id": 669, "geometry": {"type": "Point", "coordinates": [108.754, 14.319]}, "properties": {"name": "Nh\u00e0 m\u00e1y th\u1ee7y \u0111i\u1ec7n V\u0129nh S\u01a1n 5", "fuel": "hydro", "mw": 28.0, "country": "VNM", "status": "operating"}}, {"type": "Feature", "id": 670, "geometry": {"type": "Point", "coordinates": [108.774, 14.156]}, "properties": {"name": "Th\u1ee7y \u0110i\u1ec7n \u0110\u1ecbnh B\u00ecnh", "fuel": "hydro", "mw": 0.0, "country": "VNM", "status": "operating"}}, {"type": "Feature", "id": 671, "geometry": {"type": "Point", "coordinates": [108.932, 14.96]}, "properties": {"name": "", "fuel": "solar", "mw": 0.0, "country": "", "status": "operating"}}, {"type": "Feature", "id": 672, "geometry": {"type": "Point", "coordinates": [109.159, 14.303]}, "properties": {"name": "Nh\u00e0 m\u00e1y \u0111i\u1ec7n m\u1eb7t tr\u1eddi Ph\u00f9 M\u1ef9", "fuel": "solar", "mw": 330.0, "country": "", "status": "operating"}}, {"type": "Feature", "id": 673, "geometry": {"type": "Point", "coordinates": [108.756, 14.214]}, "properties": {"name": "", "fuel": "hydro", "mw": 0.0, "country": "VNM", "status": "operating"}}, {"type": "Feature", "id": 674, "geometry": {"type": "Point", "coordinates": [109.012, 14.115]}, "properties": {"name": "", "fuel": "solar", "mw": 0.0, "country": "VNM", "status": "operating"}}, {"type": "Feature", "id": 675, "geometry": {"type": "Point", "coordinates": [109.126, 14.294]}, "properties": {"name": "Nh\u00e0 m\u00e1y \u0111i\u1ec7n m\u1eb7t tr\u1eddi \u0110\u1ea7m Tr\u00e0 \u1ed4", "fuel": "solar", "mw": 50.0, "country": "VNM", "status": "operating"}}, {"type": "Feature", "id": 676, "geometry": {"type": "Point", "coordinates": [108.58, 14.175]}, "properties": {"name": "Nh\u00e0 m\u00e1y th\u1ee7y \u0111i\u1ec7n Kanak", "fuel": "hydro", "mw": 13.0, "country": "VNM", "status": "operating"}}, {"type": "Feature", "id": 677, "geometry": {"type": "Point", "coordinates": [107.167, 10.489]}, "properties": {"name": "Nh\u00e0 m\u00e1y Nhi\u1ec7t \u0111i\u1ec7n B\u00e0 R\u1ecba", "fuel": "gas", "mw": 0.0, "country": "VNM", "status": "operating"}}, {"type": "Feature", "id": 678, "geometry": {"type": "Point", "coordinates": [107.286, 10.579]}, "properties": {"name": "", "fuel": "solar", "mw": 0.0, "country": "VNM", "status": "operating"}}, {"type": "Feature", "id": 679, "geometry": {"type": "Point", "coordinates": [107.185, 10.578]}, "properties": {"name": "Nh\u00e0 m\u00e1y \u0110i\u1ec7n m\u1eb7t tr\u1eddi Ch\u00e2u \u0110\u1ee9c", "fuel": "solar", "mw": 0.0, "country": "VNM", "status": "operating"}}, {"type": "Feature", "id": 680, "geometry": {"type": "Point", "coordinates": [107.042, 10.585]}, "properties": {"name": "", "fuel": "solar", "mw": 0.0, "country": "VNM", "status": "operating"}}, {"type": "Feature", "id": 681, "geometry": {"type": "Point", "coordinates": [107.043, 10.584]}, "properties": {"name": "", "fuel": "solar", "mw": 0.0, "country": "VNM", "status": "operating"}}, {"type": "Feature", "id": 682, "geometry": {"type": "Point", "coordinates": [107.041, 10.584]}, "properties": {"name": "", "fuel": "solar", "mw": 0.0, "country": "VNM", "status": "operating"}}, {"type": "Feature", "id": 683, "geometry": {"type": "Point", "coordinates": [107.043, 10.586]}, "properties": {"name": "", "fuel": "solar", "mw": 0.0, "country": "VNM", "status": "operating"}}, {"type": "Feature", "id": 684, "geometry": {"type": "Point", "coordinates": [107.041, 10.586]}, "properties": {"name": "", "fuel": "solar", "mw": 0.0, "country": "VNM", "status": "operating"}}, {"type": "Feature", "id": 685, "geometry": {"type": "Point", "coordinates": [107.045, 10.588]}, "properties": {"name": "", "fuel": "solar", "mw": 0.0, "country": "VNM", "status": "operating"}}, {"type": "Feature", "id": 686, "geometry": {"type": "Point", "coordinates": [107.045, 10.587]}, "properties": {"name": "", "fuel": "solar", "mw": 0.0, "country": "VNM", "status": "operating"}}, {"type": "Feature", "id": 687, "geometry": {"type": "Point", "coordinates": [107.043, 10.587]}, "properties": {"name": "", "fuel": "solar", "mw": 0.0, "country": "VNM", "status": "operating"}}, {"type": "Feature", "id": 688, "geometry": {"type": "Point", "coordinates": [107.043, 10.588]}, "properties": {"name": "", "fuel": "solar", "mw": 0.0, "country": "VNM", "status": "operating"}}, {"type": "Feature", "id": 689, "geometry": {"type": "Point", "coordinates": [107.045, 10.588]}, "properties": {"name": "", "fuel": "solar", "mw": 0.0, "country": "VNM", "status": "operating"}}, {"type": "Feature", "id": 690, "geometry": {"type": "Point", "coordinates": [106.166, 10.604]}, "properties": {"name": "Nh\u00e0 m\u00e1y \u0111i\u1ec7n m\u1eb7t tr\u1eddi Long An 1,2", "fuel": "solar", "mw": 141.1, "country": "VNM", "status": "operating"}}, {"type": "Feature", "id": 691, "geometry": {"type": "Point", "coordinates": [107.036, 10.603]}, "properties": {"name": "Nh\u00e0 m\u00e1y Nhi\u1ec7t \u0111i\u1ec7n Ph\u00fa M\u1ef9", "fuel": "gas", "mw": 3975.0, "country": "VNM", "status": "operating"}}, {"type": "Feature", "id": 692, "geometry": {"type": "Point", "coordinates": [106.836, 10.64]}, "properties": {"name": "Nh\u00e0 m\u00e1y Nhi\u1ec7t \u0111i\u1ec7n Nh\u01a1n Tr\u1ea1ch 3 v\u00e0 4", "fuel": "gas", "mw": 1500.0, "country": "VNM", "status": "operating"}}, {"type": "Feature", "id": 693, "geometry": {"type": "Point", "coordinates": [106.749, 10.641]}, "properties": {"name": "Nh\u00e0 m\u00e1y \u0111i\u1ec7n kh\u00ed LNG Hi\u1ec7p Ph\u01b0\u1edbc", "fuel": "gas", "mw": 1200.0, "country": "", "status": "operating"}}, {"type": "Feature", "id": 694, "geometry": {"type": "Point", "coordinates": [106.84, 10.643]}, "properties": {"name": "Nh\u00e0 m\u00e1y Nhi\u1ec7t \u0111i\u1ec7n Nh\u01a1n Tr\u1ea1ch 1", "fuel": "gas", "mw": 450.0, "country": "VNM", "status": "operating"}}, {"type": "Feature", "id": 695, "geometry": {"type": "Point", "coordinates": [107.018, 10.664]}, "properties": {"name": "", "fuel": "unknown", "mw": 0.0, "country": "VNM", "status": "operating"}}, {"type": "Feature", "id": 696, "geometry": {"type": "Point", "coordinates": [107.268, 10.699]}, "properties": {"name": "", "fuel": "solar", "mw": 0.0, "country": "VNM", "status": "operating"}}, {"type": "Feature", "id": 697, "geometry": {"type": "Point", "coordinates": [106.311, 10.758]}, "properties": {"name": "Nh\u00e0 m\u00e1y \u0110i\u1ec7n m\u1eb7t tr\u1eddi Solar Park 1", "fuel": "solar", "mw": 50.0, "country": "VNM", "status": "operating"}}, {"type": "Feature", "id": 698, "geometry": {"type": "Point", "coordinates": [106.757, 10.829]}, "properties": {"name": "Nh\u00e0 m\u00e1y Nhi\u1ec7t \u0111i\u1ec7n Th\u1ee7 \u0110\u1ee9c", "fuel": "coal", "mw": 240.0, "country": "VNM", "status": "operating"}}, {"type": "Feature", "id": 699, "geometry": {"type": "Point", "coordinates": [106.258, 10.917]}, "properties": {"name": "", "fuel": "solar", "mw": 0.0, "country": "VNM", "status": "operating"}}, {"type": "Feature", "id": 700, "geometry": {"type": "Point", "coordinates": [106.266, 10.919]}, "properties": {"name": "", "fuel": "solar", "mw": 0.0, "country": "VNM", "status": "operating"}}, {"type": "Feature", "id": 701, "geometry": {"type": "Point", "coordinates": [106.278, 10.924]}, "properties": {"name": "Nh\u00e0 m\u00e1y \u0111i\u1ec7n m\u1eb7t tr\u1eddi Europlast Long An", "fuel": "solar", "mw": 50.0, "country": "VNM", "status": "operating"}}, {"type": "Feature", "id": 702, "geometry": {"type": "Point", "coordinates": [106.282, 11.027]}, "properties": {"name": "Nh\u00e0 m\u00e1y \u0111i\u1ec7n m\u1eb7t tr\u1eddi TTC 01", "fuel": "solar", "mw": 0.0, "country": "VNM", "status": "operating"}}, {"type": "Feature", "id": 703, "geometry": {"type": "Point", "coordinates": [106.06, 11.074]}, "properties": {"name": "Sunseap Asset", "fuel": "solar", "mw": 10.0, "country": "KHM", "status": "operating"}}, {"type": "Feature", "id": 704, "geometry": {"type": "Point", "coordinates": [106.163, 11.098]}, "properties": {"name": "", "fuel": "solar", "mw": 0.0, "country": "VNM", "status": "operating"}}, {"type": "Feature", "id": 705, "geometry": {"type": "Point", "coordinates": [106.983, 11.106]}, "properties": {"name": "Nh\u00e0 m\u00e1y th\u1ee7y \u0111i\u1ec7n Tr\u1ecb An", "fuel": "hydro", "mw": 400.0, "country": "VNM", "status": "operating"}}, {"type": "Feature", "id": 706, "geometry": {"type": "Point", "coordinates": [106.616, 11.105]}, "properties": {"name": "", "fuel": "solar", "mw": 0.0, "country": "VNM", "status": "operating"}}, {"type": "Feature", "id": 707, "geometry": {"type": "Point", "coordinates": [106.218, 11.468]}, "properties": {"name": "Nh\u00e0 m\u00e1y \u0110i\u1ec7n m\u1eb7t tr\u1eddi D\u1ea7u Ti\u1ebfng", "fuel": "solar", "mw": 500.0, "country": "VNM", "status": "operating"}}, {"type": "Feature", "id": 708, "geometry": {"type": "Point", "coordinates": [106.264, 11.475]}, "properties": {"name": "Nh\u00e0 m\u00e1y \u0110i\u1ec7n m\u1eb7t tr\u1eddi T\u00e2n Ch\u00e2u 1", "fuel": "solar", "mw": 50.0, "country": "VNM", "status": "operating"}}, {"type": "Feature", "id": 709, "geometry": {"type": "Point", "coordinates": [106.934, 10.733]}, "properties": {"name": "Nh\u00e0 m\u00e1y Nhi\u1ec7t \u0111i\u1ec7n Formosa \u0110\u1ed3ng Nai", "fuel": "coal", "mw": 450.0, "country": "VNM", "status": "operating"}}, {"type": "Feature", "id": 710, "geometry": {"type": "Point", "coordinates": [106.838, 10.642]}, "properties": {"name": "Nh\u00e0 m\u00e1y Nhi\u1ec7t \u0111i\u1ec7n Nh\u01a1n Tr\u1ea1ch 2", "fuel": "gas", "mw": 750.0, "country": "VNM", "status": "operating"}}, {"type": "Feature", "id": 711, "geometry": {"type": "Point", "coordinates": [106.046, 11.092]}, "properties": {"name": "Green Sustainable Ventures Solar Power Plant", "fuel": "solar", "mw": 20.0, "country": "KHM", "status": "operating"}}, {"type": "Feature", "id": 712, "geometry": {"type": "Point", "coordinates": [101.274, 6.156]}, "properties": {"name": "\u0e42\u0e23\u0e07\u0e44\u0e1f\u0e1f\u0e49\u0e32\u0e40\u0e02\u0e37\u0e48\u0e2d\u0e19\u0e1a\u0e32\u0e07\u0e25\u0e32\u0e07", "fuel": "hydro", "mw": 84.0, "country": "THA", "status": "operating"}}, {"type": "Feature", "id": 713, "geometry": {"type": "Point", "coordinates": [100.139, 6.411]}, "properties": {"name": "", "fuel": "solar", "mw": 0.0, "country": "", "status": "operating"}}, {"type": "Feature", "id": 714, "geometry": {"type": "Point", "coordinates": [101.786, 6.441]}, "properties": {"name": "", "fuel": "solar", "mw": 0.0, "country": "THA", "status": "operating"}}, {"type": "Feature", "id": 715, "geometry": {"type": "Point", "coordinates": [100.428, 6.478]}, "properties": {"name": "", "fuel": "solar", "mw": 0.0, "country": "", "status": "operating"}}, {"type": "Feature", "id": 716, "geometry": {"type": "Point", "coordinates": [100.703, 6.956]}, "properties": {"name": "\u0e42\u0e23\u0e07\u0e44\u0e1f\u0e1f\u0e49\u0e32\u0e08\u0e30\u0e19\u0e30", "fuel": "gas", "mw": 1476.0, "country": "THA", "status": "operating"}}, {"type": "Feature", "id": 717, "geometry": {"type": "Point", "coordinates": [108.072, 13.521]}, "properties": {"name": "Nhon Hoa 1 Windfarm", "fuel": "wind", "mw": 0.0, "country": "VNM", "status": "operating"}}, {"type": "Feature", "id": 718, "geometry": {"type": "Point", "coordinates": [108.077, 13.542]}, "properties": {"name": "Nhon Hoa 2 Windfarm", "fuel": "wind", "mw": 0.0, "country": "VNM", "status": "operating"}}, {"type": "Feature", "id": 719, "geometry": {"type": "Point", "coordinates": [108.255, 13.582]}, "properties": {"name": "", "fuel": "hydro", "mw": 0.0, "country": "VNM", "status": "operating"}}, {"type": "Feature", "id": 720, "geometry": {"type": "Point", "coordinates": [108.562, 13.679]}, "properties": {"name": "Nh\u00e0 m\u00e1y th\u1ee7y \u0111i\u1ec7n \u0110\u0103k Sr\u00f4ng 2A", "fuel": "hydro", "mw": 18.0, "country": "VNM", "status": "operating"}}, {"type": "Feature", "id": 721, "geometry": {"type": "Point", "coordinates": [108.561, 13.695]}, "properties": {"name": "Nh\u00e0 m\u00e1y th\u1ee7y \u0111i\u1ec7n \u0110\u0103k Sr\u00f4ng 2", "fuel": "hydro", "mw": 24.0, "country": "VNM", "status": "operating"}}, {"type": "Feature", "id": 722, "geometry": {"type": "Point", "coordinates": [108.536, 13.753]}, "properties": {"name": "Nh\u00e0 m\u00e1y th\u1ee7y \u0111i\u1ec7n \u0110\u0103k Sr\u00f4ng 1", "fuel": "hydro", "mw": 18.0, "country": "VNM", "status": "operating"}}, {"type": "Feature", "id": 723, "geometry": {"type": "Point", "coordinates": [108.45, 13.78]}, "properties": {"name": "Nh\u00e0 m\u00e1y \u0110i\u1ec7n gi\u00f3 BB Power Gia Lai", "fuel": "wind", "mw": 100.0, "country": "VNM", "status": "operating"}}, {"type": "Feature", "id": 724, "geometry": {"type": "Point", "coordinates": [108.166, 13.776]}, "properties": {"name": "", "fuel": "hydro", "mw": 0.0, "country": "VNM", "status": "operating"}}, {"type": "Feature", "id": 725, "geometry": {"type": "Point", "coordinates": [109.286, 13.847]}, "properties": {"name": "Nh\u00e0 m\u00e1y \u0111i\u1ec7n gi\u00f3 Nh\u01a1n H\u1ed9i", "fuel": "wind", "mw": 60.0, "country": "VNM", "status": "operating"}}, {"type": "Feature", "id": 726, "geometry": {"type": "Point", "coordinates": [108.175, 13.833]}, "properties": {"name": "", "fuel": "hydro", "mw": 0.0, "country": "VNM", "status": "operating"}}, {"type": "Feature", "id": 727, "geometry": {"type": "Point", "coordinates": [108.19, 13.846]}, "properties": {"name": "", "fuel": "hydro", "mw": 0.0, "country": "VNM", "status": "operating"}}, {"type": "Feature", "id": 728, "geometry": {"type": "Point", "coordinates": [109.272, 13.863]}, "properties": {"name": "\u0110i\u1ec7n m\u1eb7t tr\u1eddi Fujiwara", "fuel": "solar", "mw": 0.0, "country": "VNM", "status": "operating"}}, {"type": "Feature", "id": 729, "geometry": {"type": "Point", "coordinates": [108.122, 13.899]}, "properties": {"name": "Nh\u00e0 m\u00e1y \u0111i\u1ec7n gi\u00f3 Ia P\u1ebft \u2013 \u0110ak \u0110oa 1 v\u00e0 2", "fuel": "wind", "mw": 198.0, "country": "VNM", "status": "operating"}}, {"type": "Feature", "id": 730, "geometry": {"type": "Point", "coordinates": [109.248, 13.908]}, "properties": {"name": "Nh\u00e0 m\u00e1y \u0111i\u1ec7n gi\u00f3 Ph\u01b0\u01a1ng Mai 1", "fuel": "wind", "mw": 26.4, "country": "VNM", "status": "operating"}}, {"type": "Feature", "id": 731, "geometry": {"type": "Point", "coordinates": [109.244, 13.919]}, "properties": {"name": "Nh\u00e0 M\u00e1y Phong \u0110i\u1ec7n Ph\u01b0\u01a1ng Mai 3", "fuel": "wind", "mw": 21.0, "country": "VNM", "status": "operating"}}, {"type": "Feature", "id": 732, "geometry": {"type": "Point", "coordinates": [108.232, 13.918]}, "properties": {"name": "", "fuel": "hydro", "mw": 0.0, "country": "VNM", "status": "operating"}}, {"type": "Feature", "id": 733, "geometry": {"type": "Point", "coordinates": [108.873, 13.937]}, "properties": {"name": "Nh\u00e0 m\u00e1y Th\u1ee7y \u0111i\u1ec7n V\u0103n Phong", "fuel": "hydro", "mw": 0.0, "country": "VNM", "status": "operating"}}, {"type": "Feature", "id": 734, "geometry": {"type": "Point", "coordinates": [108.827, 14.0]}, "properties": {"name": "", "fuel": "hydro", "mw": 0.0, "country": "VNM", "status": "operating"}}, {"type": "Feature", "id": 735, "geometry": {"type": "Point", "coordinates": [109.015, 14.009]}, "properties": {"name": "", "fuel": "solar", "mw": 0.0, "country": "VNM", "status": "operating"}}, {"type": "Feature", "id": 736, "geometry": {"type": "Point", "coordinates": [108.772, 14.013]}, "properties": {"name": "Nh\u00e0 m\u00e1y th\u1ee7y \u0111i\u1ec7n An Kh\u00ea", "fuel": "hydro", "mw": 160.0, "country": "VNM", "status": "operating"}}, {"type": "Feature", "id": 737, "geometry": {"type": "Point", "coordinates": [109.021, 14.014]}, "properties": {"name": "", "fuel": "solar", "mw": 0.0, "country": "VNM", "status": "operating"}}, {"type": "Feature", "id": 738, "geometry": {"type": "Point", "coordinates": [109.018, 14.018]}, "properties": {"name": "", "fuel": "solar", "mw": 0.0, "country": "VNM", "status": "operating"}}, {"type": "Feature", "id": 739, "geometry": {"type": "Point", "coordinates": [108.165, 13.804]}, "properties": {"name": "Nh\u00e0 m\u00e1y Th\u1ee7y \u0111i\u1ec7n TTC H'Mun", "fuel": "hydro", "mw": 0.0, "country": "VNM", "status": "operating"}}, {"type": "Feature", "id": 740, "geometry": {"type": "Point", "coordinates": [102.324, 16.5]}, "properties": {"name": "", "fuel": "solar", "mw": 0.0, "country": "THA", "status": "operating"}}, {"type": "Feature", "id": 741, "geometry": {"type": "Point", "coordinates": [102.507, 16.48]}, "properties": {"name": "\u0e42\u0e0b\u0e25\u0e48\u0e32\u0e23\u0e4c\u0e1e\u0e32\u0e27\u0e40\u0e27\u0e2d\u0e23\u0e4c\u0e02\u0e2d\u0e19\u0e41\u0e01\u0e48\u0e19 6", "fuel": "solar", "mw": 0.0, "country": "THA", "status": "operating"}}, {"type": "Feature", "id": 742, "geometry": {"type": "Point", "coordinates": [102.559, 15.604]}, "properties": {"name": "", "fuel": "solar", "mw": 0.0, "country": "THA", "status": "operating"}}, {"type": "Feature", "id": 743, "geometry": {"type": "Point", "coordinates": [102.618, 16.776]}, "properties": {"name": "\u0e42\u0e23\u0e07\u0e44\u0e1f\u0e1f\u0e49\u0e32\u0e40\u0e02\u0e37\u0e48\u0e2d\u0e19\u0e2d\u0e38\u0e1a\u0e25\u0e23\u0e31\u0e15\u0e19\u0e4c", "fuel": "hydro", "mw": 25.2, "country": "THA", "status": "operating"}}, {"type": "Feature", "id": 744, "geometry": {"type": "Point", "coordinates": [102.72, 16.049]}, "properties": {"name": "", "fuel": "solar", "mw": 0.0, "country": "THA", "status": "operating"}}, {"type": "Feature", "id": 745, "geometry": {"type": "Point", "coordinates": [102.741, 16.685]}, "properties": {"name": "\u0e42\u0e23\u0e07\u0e44\u0e1f\u0e1f\u0e49\u0e32\u0e19\u0e49\u0e33\u0e1e\u0e2d\u0e07 2", "fuel": "gas", "mw": 650.0, "country": "THA", "status": "operating"}}, {"type": "Feature", "id": 746, "geometry": {"type": "Point", "coordinates": [102.75, 16.115]}, "properties": {"name": "Solar Electricity Plant", "fuel": "solar", "mw": 0.0, "country": "THA", "status": "operating"}}, {"type": "Feature", "id": 747, "geometry": {"type": "Point", "coordinates": [102.808, 16.464]}, "properties": {"name": "\u0e42\u0e23\u0e07\u0e44\u0e1f\u0e1f\u0e49\u0e32\u0e1e\u0e25\u0e31\u0e07\u0e07\u0e32\u0e19\u0e41\u0e2a\u0e07\u0e2d\u0e32\u0e17\u0e34\u0e15\u0e22\u0e4c \u0e21\u0e2b\u0e32\u0e27\u0e34\u0e17\u0e22\u0e32\u0e25\u0e31\u0e22\u0e02\u0e2d\u0e19\u0e41\u0e01\u0e48\u0e19", "fuel": "solar", "mw": 0.0, "country": "THA", "status": "operating"}}, {"type": "Feature", "id": 748, "geometry": {"type": "Point", "coordinates": [103.063, 14.762]}, "properties": {"name": "", "fuel": "solar", "mw": 0.0, "country": "THA", "status": "operating"}}, {"type": "Feature", "id": 749, "geometry": {"type": "Point", "coordinates": [103.066, 14.718]}, "properties": {"name": "", "fuel": "solar", "mw": 0.0, "country": "THA", "status": "operating"}}, {"type": "Feature", "id": 750, "geometry": {"type": "Point", "coordinates": [103.986, 16.975]}, "properties": {"name": "\u0e42\u0e23\u0e07\u0e44\u0e1f\u0e1f\u0e49\u0e32\u0e19\u0e49\u0e33\u0e1e\u0e38\u0e07", "fuel": "hydro", "mw": 6.0, "country": "THA", "status": "operating"}}, {"type": "Feature", "id": 751, "geometry": {"type": "Point", "coordinates": [104.417, 16.373]}, "properties": {"name": "Rom Klao Wind Farm", "fuel": "wind", "mw": 44.9, "country": "THA", "status": "operating"}}, {"type": "Feature", "id": 752, "geometry": {"type": "Point", "coordinates": [104.412, 16.388]}, "properties": {"name": "Bo Thong Wind Farm", "fuel": "wind", "mw": 16.0, "country": "THA", "status": "operating"}}, {"type": "Feature", "id": 753, "geometry": {"type": "Point", "coordinates": [104.683, 16.894]}, "properties": {"name": "", "fuel": "solar", "mw": 0.0, "country": "THA", "status": "operating"}}, {"type": "Feature", "id": 754, "geometry": {"type": "Point", "coordinates": [104.765, 15.454]}, "properties": {"name": "", "fuel": "solar", "mw": 0.0, "country": "THA", "status": "operating"}}, {"type": "Feature", "id": 755, "geometry": {"type": "Point", "coordinates": [104.929, 15.07]}, "properties": {"name": "", "fuel": "solar", "mw": 0.0, "country": "THA", "status": "operating"}}, {"type": "Feature", "id": 756, "geometry": {"type": "Point", "coordinates": [105.348, 15.299]}, "properties": {"name": "", "fuel": "solar", "mw": 0.0, "country": "THA", "status": "operating"}}, {"type": "Feature", "id": 757, "geometry": {"type": "Point", "coordinates": [105.428, 15.206]}, "properties": {"name": "\u0e42\u0e23\u0e07\u0e44\u0e1f\u0e1f\u0e49\u0e32\u0e40\u0e02\u0e37\u0e48\u0e2d\u0e19\u0e2a\u0e34\u0e23\u0e34\u0e19\u0e18\u0e23", "fuel": "hydro", "mw": 36.0, "country": "THA", "status": "operating"}}, {"type": "Feature", "id": 758, "geometry": {"type": "Point", "coordinates": [105.437, 15.196]}, "properties": {"name": "", "fuel": "solar", "mw": 0.0, "country": "THA", "status": "operating"}}, {"type": "Feature", "id": 759, "geometry": {"type": "Point", "coordinates": [105.467, 15.282]}, "properties": {"name": "\u0e42\u0e23\u0e07\u0e44\u0e1f\u0e1f\u0e49\u0e32\u0e40\u0e02\u0e37\u0e48\u0e2d\u0e19\u0e1b\u0e32\u0e01\u0e21\u0e39\u0e25", "fuel": "hydro", "mw": 136.0, "country": "THA", "status": "operating"}}, {"type": "Feature", "id": 760, "geometry": {"type": "Point", "coordinates": [105.833, 15.354]}, "properties": {"name": "\u0ec0\u0e82\u0eb7\u0ec8\u0ead\u0e99\u0ec4\u0e9f\u0e9f\u0ec9\u0eb2\u0ec1\u0e8a\u0ea5\u0eb0\u0e9a\u0eb3", "fuel": "hydro", "mw": 13.0, "country": "LAO", "status": "operating"}}, {"type": "Feature", "id": 761, "geometry": {"type": "Point", "coordinates": [102.794, 16.512]}, "properties": {"name": "", "fuel": "solar", "mw": 0.0, "country": "THA", "status": "operating"}}, {"type": "Feature", "id": 762, "geometry": {"type": "Point", "coordinates": [102.276, 16.529]}, "properties": {"name": "", "fuel": "solar", "mw": 0.0, "country": "THA", "status": "operating"}}, {"type": "Feature", "id": 763, "geometry": {"type": "Point", "coordinates": [102.835, 16.828]}, "properties": {"name": "", "fuel": "solar", "mw": 0.0, "country": "THA", "status": "operating"}}, {"type": "Feature", "id": 764, "geometry": {"type": "Point", "coordinates": [102.806, 16.76]}, "properties": {"name": "", "fuel": "solar", "mw": 0.0, "country": "THA", "status": "operating"}}, {"type": "Feature", "id": 765, "geometry": {"type": "Point", "coordinates": [102.791, 16.288]}, "properties": {"name": "", "fuel": "solar", "mw": 0.0, "country": "THA", "status": "operating"}}, {"type": "Feature", "id": 766, "geometry": {"type": "Point", "coordinates": [104.45, 17.298]}, "properties": {"name": "", "fuel": "solar", "mw": 0.0, "country": "THA", "status": "operating"}}, {"type": "Feature", "id": 767, "geometry": {"type": "Point", "coordinates": [104.447, 17.299]}, "properties": {"name": "", "fuel": "solar", "mw": 0.0, "country": "THA", "status": "operating"}}, {"type": "Feature", "id": 768, "geometry": {"type": "Point", "coordinates": [104.038, 16.467]}, "properties": {"name": "Mitr Kalasin power station", "fuel": "biomass", "mw": 68.0, "country": "THA", "status": "operating"}}, {"type": "Feature", "id": 769, "geometry": {"type": "Point", "coordinates": [102.794, 17.296]}, "properties": {"name": "", "fuel": "solar", "mw": 0.0, "country": "THA", "status": "operating"}}, {"type": "Feature", "id": 770, "geometry": {"type": "Point", "coordinates": [102.783, 17.299]}, "properties": {"name": "", "fuel": "solar", "mw": 0.0, "country": "THA", "status": "operating"}}, {"type": "Feature", "id": 771, "geometry": {"type": "Point", "coordinates": [102.761, 16.454]}, "properties": {"name": "", "fuel": "solar", "mw": 0.0, "country": "THA", "status": "operating"}}, {"type": "Feature", "id": 772, "geometry": {"type": "Point", "coordinates": [102.388, 18.619]}, "properties": {"name": "\u0ec0\u0e82\u0eb7\u0ec8\u0ead\u0e99\u0ec4\u0e9f\u0e9f\u0ec9\u0eb2\u0e99\u0ec9\u0eb3\u0ea5\u0eb5\u0e81 1", "fuel": "hydro", "mw": 64.0, "country": "LAO", "status": "operating"}}, {"type": "Feature", "id": 773, "geometry": {"type": "Point", "coordinates": [102.459, 18.01]}, "properties": {"name": "\u0e9e\u0eb0\u0ea5\u0eb1\u0e87\u0e87\u0eb2\u0e99\u0ec1\u0eaa\u0e87\u0e95\u0eb2\u0ec0\u0ea7\u0eb1\u0e99 (\u0eaa\u0eb5\u0ec2\u0e84\u0e94\u0e95\u0eb0\u0e9a\u0ead\u0e87)", "fuel": "solar", "mw": 5.2, "country": "LAO", "status": "operating"}}, {"type": "Feature", "id": 774, "geometry": {"type": "Point", "coordinates": [102.458, 18.804]}, "properties": {"name": "\u0ec0\u0e82\u0eb7\u0ec8\u0ead\u0e99\u0ec4\u0e9f\u0e9f\u0ec9\u0eb2\u0e99\u0ec9\u0eb3\u0e8a\u0ead\u0e87", "fuel": "hydro", "mw": 6.0, "country": "LAO", "status": "operating"}}, {"type": "Feature", "id": 775, "geometry": {"type": "Point", "coordinates": [102.498, 17.696]}, "properties": {"name": "", "fuel": "solar", "mw": 0.0, "country": "THA", "status": "operating"}}, {"type": "Feature", "id": 776, "geometry": {"type": "Point", "coordinates": [102.546, 18.532]}, "properties": {"name": "\u0ec0\u0e82\u0eb7\u0ec8\u0ead\u0e99\u0ec4\u0e9f\u0e9f\u0ec9\u0eb2\u0e99\u0ecd\u0ec9\u0eb2\u0e87\u0eb7\u0ec8\u0ea1 1", "fuel": "hydro", "mw": 275.0, "country": "LAO", "status": "operating"}}, {"type": "Feature", "id": 777, "geometry": {"type": "Point", "coordinates": [102.683, 17.886]}, "properties": {"name": "\u0e9e\u0eb0\u0ea5\u0eb1\u0e87\u0e87\u0eb2\u0e99\u0ec1\u0eaa\u0e87\u0e95\u0eb2\u0ec0\u0ea7\u0eb1\u0e99\u0eab\u0eb2\u0e94\u0e8a\u0eb2\u0e8d\u0e9f\u0ead\u0e87 (\u0ec0\u0e97\u0eb4\u0e87\u0edc\u0ec9\u0eb2\u0e99\u0ecd\u0eb2)", "fuel": "solar", "mw": 14.0, "country": "LAO", "status": "operating"}}, {"type": "Feature", "id": 778, "geometry": {"type": "Point", "coordinates": [102.711, 19.36]}, "properties": {"name": "\u0ec0\u0e82\u0eb7\u0ec8\u0ead\u0e99\u0ec4\u0e9f\u0e9f\u0ec9\u0eb2\u0e99\u0ec9\u0eb3\u0e87\u0eb7\u0ec8\u0ea1 5", "fuel": "hydro", "mw": 120.0, "country": "LAO", "status": "operating"}}, {"type": "Feature", "id": 779, "geometry": {"type": "Point", "coordinates": [102.736, 18.332]}, "properties": {"name": "\u0ec0\u0e82\u0eb7\u0ec8\u0ead\u0e99\u0ec4\u0e9f\u0e9f\u0ec9\u0eb2 \u0e99\u0ecd\u0ec9\u0eb2\u0ea1\u0eb1\u0e87 3", "fuel": "hydro", "mw": 40.0, "country": "LAO", "status": "operating"}}, {"type": "Feature", "id": 780, "geometry": {"type": "Point", "coordinates": [102.744, 19.034]}, "properties": {"name": "\u0ec0\u0e82\u0eb7\u0ec8\u0ead\u0e99\u0ec4\u0e9f\u0e9f\u0ec9\u0eb2\u0e99\u0ecd\u0eb2\u0ec4\u0e9c", "fuel": "hydro", "mw": 86.0, "country": "LAO", "status": "operating"}}, {"type": "Feature", "id": 781, "geometry": {"type": "Point", "coordinates": [102.776, 18.75]}, "properties": {"name": "\u0ec0\u0e82\u0eb7\u0ec8\u0ead\u0e99\u0ec4\u0e9f\u0e9f\u0ec9\u0eb2\u0e99\u0ecd\u0ec9\u0eb2\u0e87\u0eb7\u0ea1 2", "fuel": "hydro", "mw": 615.0, "country": "LAO", "status": "operating"}}, {"type": "Feature", "id": 782, "geometry": {"type": "Point", "coordinates": [102.802, 17.577]}, "properties": {"name": "", "fuel": "solar", "mw": 0.0, "country": "THA", "status": "operating"}}, {"type": "Feature", "id": 783, "geometry": {"type": "Point", "coordinates": [102.827, 18.995]}, "properties": {"name": "\u0ec0\u0e82\u0eb7\u0ead\u0e99\u0ec4\u0e9f\u0e9f\u0ec9\u0eb2\u0e99\u0ecd\u0eb2\u0e9c\u0eb2\u0ec3\u0eab\u0e8d\u0ec8", "fuel": "hydro", "mw": 19.2, "country": "LAO", "status": "operating"}}, {"type": "Feature", "id": 784, "geometry": {"type": "Point", "coordinates": [102.863, 18.16]}, "properties": {"name": "\u0e9e\u0eb0\u0ea5\u0eb1\u0e87\u0e87\u0eb2\u0e99\u0ec1\u0eaa\u0e87\u0e95\u0eb2\u0ec0\u0ea7\u0eb1\u0e99 (\u0e9b\u0eb2\u0e81\u0e87\u0ec8 \u0ea1 1+2)", "fuel": "solar", "mw": 15.0, "country": "LAO", "status": "operating"}}, {"type": "Feature", "id": 785, "geometry": {"type": "Point", "coordinates": [102.938, 18.535]}, "properties": {"name": "\u0ec0\u0e82\u0eb7\u0ec8\u0ead\u0e99\u0ec4\u0e9f\u0e9f\u0ec9\u0eb2\u0e99\u0ecd\u0ec9\u0eb2\u0ec0\u0ea5\u0eb4\u0e81", "fuel": "hydro", "mw": 60.0, "country": "LAO", "status": "operating"}}, {"type": "Feature", "id": 786, "geometry": {"type": "Point", "coordinates": [103.173, 18.443]}, "properties": {"name": "\u0ec0\u0e82\u0eb7\u0ec8\u0ead\u0e99\u0ec4\u0e9f\u0e9f\u0ec9\u0eb2\u0e99\u0ecd\u0ec9\u0eb2\u0ea1\u0eb1\u0e87 1", "fuel": "hydro", "mw": 64.0, "country": "LAO", "status": "operating"}}, {"type": "Feature", "id": 787, "geometry": {"type": "Point", "coordinates": [103.188, 19.282]}, "properties": {"name": "\u0ec0\u0e82\u0eb7\u0ec8\u0ead\u0e99\u0ec4\u0e9f\u0e9f\u0ec9\u0eb2\u0e99\u0ecd\u0eb2\u0ec1\u0eaa\u0e99 (\u0e95\u0eb2\u0e94\u0ea5\u0ec8\u0eb2\u0e87)", "fuel": "hydro", "mw": 5.0, "country": "LAO", "status": "operating"}}, {"type": "Feature", "id": 788, "geometry": {"type": "Point", "coordinates": [103.29, 19.137]}, "properties": {"name": "\u0ec0\u0e82\u0eb7\u0ead\u0e99\u0ec4\u0e9f\u0e9f\u0ec9\u0eb2\u0e99\u0ecd\u0eb2\u0ead\u0ec9\u0eb2\u0ea7", "fuel": "hydro", "mw": 15.0, "country": "LAO", "status": "operating"}}, {"type": "Feature", "id": 789, "geometry": {"type": "Point", "coordinates": [103.31, 19.138]}, "properties": {"name": "\u0ec0\u0e82\u0eb7\u0ec8\u0ead\u0e99\u0ec4\u0e9f\u0e9f\u0ec9\u0eb2\u0e99\u0ecd\u0eb2\u0e87\u0ebd\u0e9a 2", "fuel": "hydro", "mw": 180.0, "country": "LAO", "status": "operating"}}, {"type": "Feature", "id": 790, "geometry": {"type": "Point", "coordinates": [103.342, 19.289]}, "properties": {"name": "\u0ec0\u0e82\u0eb7\u0ec8\u0ead\u0e99\u0ec4\u0e9f\u0e9f\u0ec9\u0eb2\u0e99\u0ecd\u0eb2\u0e87\u0ebd\u0e9a 3A", "fuel": "hydro", "mw": 44.0, "country": "LAO", "status": "operating"}}, {"type": "Feature", "id": 791, "geometry": {"type": "Point", "coordinates": [103.348, 20.07]}, "properties": {"name": "", "fuel": "hydro", "mw": 0.0, "country": "LAO", "status": "operating"}}, {"type": "Feature", "id": 792, "geometry": {"type": "Point", "coordinates": [103.348, 19.158]}, "properties": {"name": "Nam Ngiep 2B hydro power station", "fuel": "hydro", "mw": 18.0, "country": "LAO", "status": "operating"}}, {"type": "Feature", "id": 793, "geometry": {"type": "Point", "coordinates": [103.356, 19.187]}, "properties": {"name": "Nam Ngiep 2C hydro power station", "fuel": "hydro", "mw": 14.6, "country": "LAO", "status": "operating"}}, {"type": "Feature", "id": 794, "geometry": {"type": "Point", "coordinates": [103.493, 17.533]}, "properties": {"name": "", "fuel": "solar", "mw": 0.0, "country": "THA", "status": "operating"}}, {"type": "Feature", "id": 795, "geometry": {"type": "Point", "coordinates": [103.522, 19.066]}, "properties": {"name": "\u0ec0\u0e82\u0eb7\u0ec8\u0ead\u0e99\u0ec4\u0e9f\u0e9f\u0ec9\u0eb2\u0e99\u0ecd\u0eb2\u0e88\u0ebd\u0e99", "fuel": "hydro", "mw": 104.0, "country": "LAO", "status": "operating"}}, {"type": "Feature", "id": 796, "geometry": {"type": "Point", "coordinates": [103.526, 18.646]}, "properties": {"name": "\u0ec0\u0e82\u0eb7\u0ec8\u0ead\u0e99\u0ec4\u0e9f\u0e9f\u0ec9\u0eb2\u0e99\u0ecd\u0eb2\u0e87\u0ebd\u0e9a 1", "fuel": "hydro", "mw": 272.0, "country": "LAO", "status": "operating"}}, {"type": "Feature", "id": 797, "geometry": {"type": "Point", "coordinates": [103.598, 18.357]}, "properties": {"name": "", "fuel": "solar", "mw": 0.0, "country": "THA", "status": "operating"}}, {"type": "Feature", "id": 798, "geometry": {"type": "Point", "coordinates": [103.726, 17.435]}, "properties": {"name": "\u0e42\u0e0b\u0e25\u0e48\u0e32\u0e40\u0e1e\u0e32\u0e40\u0e27\u0e2d\u0e23\u0e4c \u0e2a\u0e01\u0e25\u0e19\u0e04\u0e23 2", "fuel": "solar", "mw": 7.4, "country": "THA", "status": "operating"}}, {"type": "Feature", "id": 799, "geometry": {"type": "Point", "coordinates": [103.893, 19.979]}, "properties": {"name": "\u0ec0\u0e82\u0eb7\u0ec8\u0ead\u0e99\u0ec4\u0e9f\u0e9f\u0ec9\u0eb2\u0e99\u0ecd\u0eb2\u0ec0\u0e9b\u0eb5\u0e99 1", "fuel": "hydro", "mw": 25.6, "country": "LAO", "status": "operating"}}, {"type": "Feature", "id": 800, "geometry": {"type": "Point", "coordinates": [104.006, 17.945]}, "properties": {"name": "", "fuel": "solar", "mw": 0.0, "country": "THA", "status": "operating"}}, {"type": "Feature", "id": 801, "geometry": {"type": "Point", "coordinates": [104.107, 19.406]}, "properties": {"name": "", "fuel": "hydro", "mw": 0.0, "country": "VNM", "status": "operating"}}, {"type": "Feature", "id": 802, "geometry": {"type": "Point", "coordinates": [103.655, 19.006]}, "properties": {"name": "Nam Tay hydro power station", "fuel": "hydro", "mw": 27.0, "country": "LAO", "status": "operating"}}, {"type": "Feature", "id": 803, "geometry": {"type": "Point", "coordinates": [103.6, 19.016]}, "properties": {"name": "\u0ec0\u0e82\u0eb7\u0ec8\u0ead\u0e99\u0ec4\u0e9f\u0e9f\u0ec9\u0eb2\u0e99\u0ecd\u0eb2\u0e8a\u0eb1\u0e99 3B", "fuel": "hydro", "mw": 45.0, "country": "LAO", "status": "operating"}}, {"type": "Feature", "id": 804, "geometry": {"type": "Point", "coordinates": [103.627, 19.088]}, "properties": {"name": "\u0ec0\u0e82\u0eb7\u0ec8\u0ead\u0e99\u0ec4\u0e9f\u0e9f\u0ec9\u0eb2\u0e99\u0ecd\u0eb2\u0e8a\u0eb1\u0e99 3A", "fuel": "hydro", "mw": 69.0, "country": "LAO", "status": "operating"}}, {"type": "Feature", "id": 805, "geometry": {"type": "Point", "coordinates": [103.505, 19.048]}, "properties": {"name": "\u0ec0\u0e82\u0eb7\u0ec8\u0ead\u0e99\u0ec4\u0e9f\u0e9f\u0ec9\u0eb2\u0e99\u0ecd\u0eb2\u0ec1\u0e88 1", "fuel": "hydro", "mw": 15.0, "country": "LAO", "status": "operating"}}, {"type": "Feature", "id": 806, "geometry": {"type": "Point", "coordinates": [102.316, 20.149]}, "properties": {"name": "\u0ec0\u0e82\u0eb7\u0ec8\u0ead\u0e99\u0ec4\u0e9f\u0e9f\u0ec9\u0eb2\u0e99\u0ecd\u0ec9\u0eb2\u0ead\u0eb9 1", "fuel": "hydro", "mw": 180.0, "country": "LAO", "status": "operating"}}, {"type": "Feature", "id": 807, "geometry": {"type": "Point", "coordinates": [102.449, 20.388]}, "properties": {"name": "\u0ec0\u0e82\u0eb7\u0ec8\u0ead\u0e99\u0ec4\u0e9f\u0e9f\u0ec9\u0eb2\u0e99\u0ecd\u0ec9\u0eb2\u0ead\u0eb9 2", "fuel": "hydro", "mw": 120.0, "country": "LAO", "status": "operating"}}, {"type": "Feature", "id": 808, "geometry": {"type": "Point", "coordinates": [104.148, 18.351]}, "properties": {"name": "\u0ec0\u0e82\u0eb7\u0ec8\u0ead\u0e99\u0ec4\u0e9f\u0e9f\u0ec9\u0eb2\u0e99\u0ec9\u0eb3\u0ec0\u0e97\u0eb5\u0e99 1", "fuel": "hydro", "mw": 650.0, "country": "LAO", "status": "operating"}}, {"type": "Feature", "id": 809, "geometry": {"type": "Point", "coordinates": [103.572, 18.648]}, "properties": {"name": "\u0ec0\u0e82\u0eb7\u0ec8\u0ead\u0e99\u0ec4\u0e9f\u0e9f\u0ec9\u0eb2\u0e99\u0ecd\u0eb2\u0e87\u0ebd\u0e9a1 (\u0e9d\u0eb2\u0e8d\u0e97\u0e94\u0e99\u0ecd\u0eb2\u0ea5\u0ec9 \u0ec8 \u0ea1\u0ec0\u0e82\u0eb7\u0ec8\u0ead\u0e99)", "fuel": "hydro", "mw": 18.0, "country": "LAO", "status": "operating"}}, {"type": "Feature", "id": 810, "geometry": {"type": "Point", "coordinates": [102.504, 18.162]}, "properties": {"name": "\u0e9e\u0eb0\u0ea5\u0eb1\u0e87\u0e87\u0eb2\u0e99\u0ec1\u0eaa\u0e87\u0e95\u0eb2\u0ec0\u0ea7\u0eb1\u0e99 (\u0e99\u0eb2\u0e8a\u0eb2\u0e8d\u0e97\u0ead\u0e87 1 & 2)", "fuel": "solar", "mw": 9.8, "country": "LAO", "status": "operating"}}, {"type": "Feature", "id": 811, "geometry": {"type": "Point", "coordinates": [102.311, 19.204]}, "properties": {"name": "\u0ec0\u0e82\u0eb7\u0ec8\u0ead\u0e99\u0ec4\u0e9f\u0e9f\u0ec9\u0eb2\u0e99\u0ec9\u0eb3\u0eaa\u0eb0\u0e99\u0eb2", "fuel": "hydro", "mw": 14.0, "country": "LAO", "status": "operating"}}, {"type": "Feature", "id": 812, "geometry": {"type": "Point", "coordinates": [102.85, 19.423]}, "properties": {"name": "\u0ec0\u0e82\u0eb7\u0ec8\u0ead\u0e99\u0ec4\u0e9f\u0e9f\u0ec9\u0eb2\u0e99\u0eb3\u0ec9\u0e87\u0eb7\u0ec8\u0ea1 4", "fuel": "hydro", "mw": 0.0, "country": "LAO", "status": "operating"}}, {"type": "Feature", "id": 813, "geometry": {"type": "Point", "coordinates": [103.983, 20.038]}, "properties": {"name": "\u0ec0\u0e82\u0eb7\u0ec8\u0ead\u0e99\u0ec4\u0e9f\u0e9f\u0ec9\u0eb2\u0e99\u0ecd\u0eb2\u0ec0\u0e9b\u0eb5\u0e99 2", "fuel": "hydro", "mw": 12.0, "country": "LAO", "status": "operating"}}, {"type": "Feature", "id": 814, "geometry": {"type": "Point", "coordinates": [103.577, 19.596]}, "properties": {"name": "\u0ec0\u0e82\u0eb7\u0ec8\u0ead\u0e99\u0ec4\u0e9f\u0e9f\u0ec9\u0eb2\u0e99\u0ecd\u0eb2\u0ec1\u0e97\u0ec9", "fuel": "hydro", "mw": 15.0, "country": "LAO", "status": "operating"}}, {"type": "Feature", "id": 815, "geometry": {"type": "Point", "coordinates": [102.75, 19.019]}, "properties": {"name": "\u0ec0\u0e82\u0eb7\u0ead\u0e99\u0ec4\u0e9f\u0e9f\u0ec9\u0eb2\u0e99\u0ecd\u0eb2\u0e81\u0eb2\u0e9a", "fuel": "hydro", "mw": 12.0, "country": "LAO", "status": "operating"}}, {"type": "Feature", "id": 816, "geometry": {"type": "Point", "coordinates": [103.615, 17.779]}, "properties": {"name": "\u0e1a\u0e23\u0e34\u0e29\u0e31\u0e17 \u0e20\u0e39\u0e1e\u0e32\u0e19\u0e40\u0e17\u0e04\u0e42\u0e19\u0e42\u0e25\u0e22\u0e35\u0e49 \u0e08\u0e33\u0e01\u0e31\u0e14 \u0e42\u0e23\u0e07\u0e07\u0e32\u0e19\u0e1e\u0e25\u0e31\u0e07\u0e07\u0e32\u0e19\u0e1c\u0e25\u0e34\u0e15\u0e44\u0e1f\u0e1f\u0e49\u0e32\u0e41\u0e2a\u0e07\u0e2d\u0e32\u0e17\u0e34\u0e15\u0e22\u0e4c", "fuel": "solar", "mw": 0.0, "country": "THA", "status": "operating"}}, {"type": "Feature", "id": 817, "geometry": {"type": "Point", "coordinates": [104.84, 20.61]}, "properties": {"name": "Th\u1ee7y \u0111i\u1ec7n Trung S\u01a1n", "fuel": "hydro", "mw": 260.0, "country": "VNM", "status": "operating"}}, {"type": "Feature", "id": 818, "geometry": {"type": "Point", "coordinates": [102.667, 20.82]}, "properties": {"name": "\u0ec0\u0e82\u0eb7\u0ec8\u0ead\u0e99\u0ec4\u0e9f\u0e9f\u0ec9\u0eb2\u0e99\u0ecd\u0ec9\u0eb2\u0ead\u0eb9 3", "fuel": "hydro", "mw": 210.0, "country": "LAO", "status": "operating"}}, {"type": "Feature", "id": 819, "geometry": {"type": "Point", "coordinates": [103.666, 21.019]}, "properties": {"name": "", "fuel": "hydro", "mw": 0.0, "country": "VNM", "status": "operating"}}, {"type": "Feature", "id": 820, "geometry": {"type": "Point", "coordinates": [103.084, 21.456]}, "properties": {"name": "", "fuel": "hydro", "mw": 0.0, "country": "VNM", "status": "operating"}}, {"type": "Feature", "id": 821, "geometry": {"type": "Point", "coordinates": [103.071, 21.463]}, "properties": {"name": "", "fuel": "hydro", "mw": 0.0, "country": "VNM", "status": "operating"}}, {"type": "Feature", "id": 822, "geometry": {"type": "Point", "coordinates": [104.08, 21.48]}, "properties": {"name": "Nh\u00e0 m\u00e1y th\u1ee7y \u0111i\u1ec7n N\u1eadm Chi\u1ebfn 2", "fuel": "hydro", "mw": 32.0, "country": "VNM", "status": "operating"}}, {"type": "Feature", "id": 823, "geometry": {"type": "Point", "coordinates": [103.997, 21.496]}, "properties": {"name": "Nh\u00e0 m\u00e1y th\u1ee7y \u0111i\u1ec7n S\u01a1n La", "fuel": "hydro", "mw": 2400.0, "country": "VNM", "status": "operating"}}, {"type": "Feature", "id": 824, "geometry": {"type": "Point", "coordinates": [103.997, 21.497]}, "properties": {"name": "Nh\u00e0 m\u00e1y Thu\u1ef7 \u0111i\u1ec7n S\u01a1n La", "fuel": "hydro", "mw": 2400.0, "country": "VNM", "status": "operating"}}, {"type": "Feature", "id": 825, "geometry": {"type": "Point", "coordinates": [104.097, 21.507]}, "properties": {"name": "", "fuel": "hydro", "mw": 0.0, "country": "VNM", "status": "operating"}}, {"type": "Feature", "id": 826, "geometry": {"type": "Point", "coordinates": [104.103, 21.515]}, "properties": {"name": "Nh\u00e0 m\u00e1y th\u1ee7y \u0111i\u1ec7n N\u1eadm Chi\u1ebfn 1", "fuel": "hydro", "mw": 200.0, "country": "VNM", "status": "operating"}}, {"type": "Feature", "id": 827, "geometry": {"type": "Point", "coordinates": [103.986, 21.644]}, "properties": {"name": "", "fuel": "hydro", "mw": 0.0, "country": "VNM", "status": "operating"}}, {"type": "Feature", "id": 828, "geometry": {"type": "Point", "coordinates": [103.878, 21.697]}, "properties": {"name": "\u0110\u1eadp th\u1ee7y \u0111i\u1ec7n Hu\u1ed9i Qu\u1ea3ng", "fuel": "hydro", "mw": 0.0, "country": "VNM", "status": "operating"}}, {"type": "Feature", "id": 829, "geometry": {"type": "Point", "coordinates": [103.828, 21.861]}, "properties": {"name": "Th\u1ee7y \u0111i\u1ec7n B\u1ea3n Ch\u00e1t", "fuel": "hydro", "mw": 220.0, "country": "VNM", "status": "operating"}}, {"type": "Feature", "id": 830, "geometry": {"type": "Point", "coordinates": [103.829, 21.86]}, "properties": {"name": "Th\u1ee7y \u0111i\u1ec7n B\u1ea3n Ch\u00e1t", "fuel": "hydro", "mw": 220.0, "country": "VNM", "status": "operating"}}, {"type": "Feature", "id": 831, "geometry": {"type": "Point", "coordinates": [104.0, 21.868]}, "properties": {"name": "Nh\u00e0 m\u00e0y Thu\u1ef7 \u0111i\u1ec7n Khao Mang Th\u01b0\u1ee3ng", "fuel": "hydro", "mw": 24.5, "country": "VNM", "status": "operating"}}, {"type": "Feature", "id": 832, "geometry": {"type": "Point", "coordinates": [103.925, 21.875]}, "properties": {"name": "", "fuel": "hydro", "mw": 0.0, "country": "VNM", "status": "operating"}}, {"type": "Feature", "id": 833, "geometry": {"type": "Point", "coordinates": [103.892, 21.876]}, "properties": {"name": "", "fuel": "hydro", "mw": 0.0, "country": "VNM", "status": "operating"}}, {"type": "Feature", "id": 834, "geometry": {"type": "Point", "coordinates": [103.95, 21.882]}, "properties": {"name": "Nh\u00e0 m\u00e0y Thu\u1ef7 \u0111i\u1ec7n Khao Mang", "fuel": "hydro", "mw": 30.0, "country": "VNM", "status": "operating"}}, {"type": "Feature", "id": 835, "geometry": {"type": "Point", "coordinates": [103.877, 21.883]}, "properties": {"name": "", "fuel": "hydro", "mw": 0.0, "country": "VNM", "status": "operating"}}, {"type": "Feature", "id": 836, "geometry": {"type": "Point", "coordinates": [105.023, 21.747]}, "properties": {"name": "\u0110\u1eadp Th\u1ee7y \u0110i\u1ec7n Th\u00e1c B\u00e0", "fuel": "hydro", "mw": 120.0, "country": "VNM", "status": "operating"}}, {"type": "Feature", "id": 837, "geometry": {"type": "Point", "coordinates": [105.053, 20.446]}, "properties": {"name": "Nh\u00e0 m\u00e1y th\u1ee7y \u0111i\u1ec7n H\u1ed3i Xu\u00e2n", "fuel": "hydro", "mw": 102.0, "country": "VNM", "status": "operating"}}, {"type": "Feature", "id": 838, "geometry": {"type": "Point", "coordinates": [104.579, 21.549]}, "properties": {"name": "", "fuel": "hydro", "mw": 0.0, "country": "VNM", "status": "operating"}}, {"type": "Feature", "id": 839, "geometry": {"type": "Point", "coordinates": [104.581, 21.685]}, "properties": {"name": "Nh\u00e0 m\u00e1y th\u1ee7y \u0111i\u1ec7n V\u0103n Ch\u1ea5n", "fuel": "hydro", "mw": 57.0, "country": "VNM", "status": "operating"}}, {"type": "Feature", "id": 840, "geometry": {"type": "Point", "coordinates": [104.504, 21.231]}, "properties": {"name": "Nh\u00e0 m\u00e0y Thu\u1ef7 \u0111i\u1ec7n Su\u1ed1i S\u1eadp 2A", "fuel": "hydro", "mw": 49.6, "country": "VNM", "status": "operating"}}, {"type": "Feature", "id": 841, "geometry": {"type": "Point", "coordinates": [104.501, 21.198]}, "properties": {"name": "Nh\u00e0 m\u00e0y Thu\u1ef7 \u0111i\u1ec7n Su\u1ed1i S\u1eadp 3", "fuel": "hydro", "mw": 0.0, "country": "VNM", "status": "operating"}}, {"type": "Feature", "id": 842, "geometry": {"type": "Point", "coordinates": [104.508, 21.174]}, "properties": {"name": "", "fuel": "hydro", "mw": 0.0, "country": "VNM", "status": "operating"}}, {"type": "Feature", "id": 843, "geometry": {"type": "Point", "coordinates": [104.48, 21.287]}, "properties": {"name": "Nh\u00e0 m\u00e0y Thu\u1ef7 \u0111i\u1ec7n H\u00e1ng \u0110\u1ed3ng A", "fuel": "hydro", "mw": 16.0, "country": "VNM", "status": "operating"}}, {"type": "Feature", "id": 844, "geometry": {"type": "Point", "coordinates": [104.514, 21.278]}, "properties": {"name": "Nh\u00e0 m\u00e0y Thu\u1ef7 \u0111i\u1ec7n H\u00e1ng \u0110\u1ed3ng A1", "fuel": "hydro", "mw": 8.4, "country": "VNM", "status": "operating"}}, {"type": "Feature", "id": 845, "geometry": {"type": "Point", "coordinates": [104.536, 21.257]}, "properties": {"name": "Nh\u00e0 m\u00e0y Thu\u1ef7 \u0111i\u1ec7n Su\u1ed1i S\u1eadp 1", "fuel": "hydro", "mw": 19.5, "country": "VNM", "status": "operating"}}, {"type": "Feature", "id": 846, "geometry": {"type": "Point", "coordinates": [104.04, 21.476]}, "properties": {"name": "", "fuel": "hydro", "mw": 0.0, "country": "VNM", "status": "operating"}}, {"type": "Feature", "id": 847, "geometry": {"type": "Point", "coordinates": [103.217, 21.712]}, "properties": {"name": "Nh\u00e0 m\u00e1y th\u1ee7y \u0111i\u1ec7n Long T\u1ea1o", "fuel": "hydro", "mw": 44.0, "country": "VNM", "status": "operating"}}, {"type": "Feature", "id": 848, "geometry": {"type": "Point", "coordinates": [103.294, 21.799]}, "properties": {"name": "Nh\u00e0 m\u00e1y th\u1ee7y \u0111i\u1ec7n N\u1eadm M\u1ee9c", "fuel": "hydro", "mw": 44.0, "country": "VNM", "status": "operating"}}, {"type": "Feature", "id": 849, "geometry": {"type": "Point", "coordinates": [104.656, 21.822]}, "properties": {"name": "Nh\u00e0 m\u00e1y th\u1ee7y \u0111i\u1ec7n \u0110\u1ed3ng Sung", "fuel": "hydro", "mw": 20.0, "country": "VNM", "status": "operating"}}, {"type": "Feature", "id": 850, "geometry": {"type": "Point", "coordinates": [104.644, 21.741]}, "properties": {"name": "Nh\u00e0 m\u00e0y Thu\u1ef7 \u0111i\u1ec7n Th\u00e1c C\u00e1 2", "fuel": "hydro", "mw": 14.5, "country": "VNM", "status": "operating"}}, {"type": "Feature", "id": 851, "geometry": {"type": "Point", "coordinates": [104.632, 21.698]}, "properties": {"name": "Nh\u00e0 m\u00e0y Thu\u1ef7 \u0111i\u1ec7n Th\u00e1c C\u00e1 1", "fuel": "hydro", "mw": 27.0, "country": "VNM", "status": "operating"}}, {"type": "Feature", "id": 852, "geometry": {"type": "Point", "coordinates": [104.907, 20.589]}, "properties": {"name": "Nh\u00e0 m\u00e1y th\u1ee7y \u0111i\u1ec7n Th\u00e0nh S\u01a1n", "fuel": "hydro", "mw": 30.0, "country": "VNM", "status": "operating"}}, {"type": "Feature", "id": 853, "geometry": {"type": "Point", "coordinates": [102.499, 21.106]}, "properties": {"name": "\u0ec0\u0e82\u0eb7\u0ec8\u0ead\u0e99\u0ec4\u0e9f\u0e9f\u0ec9\u0eb2\u0e99\u0ecd\u0ec9\u0eb2\u0ead\u0eb9 4", "fuel": "hydro", "mw": 132.0, "country": "LAO", "status": "operating"}}, {"type": "Feature", "id": 854, "geometry": {"type": "Point", "coordinates": [102.508, 22.573]}, "properties": {"name": "", "fuel": "hydro", "mw": 0.0, "country": "VNM", "status": "operating"}}, {"type": "Feature", "id": 855, "geometry": {"type": "Point", "coordinates": [102.518, 22.571]}, "properties": {"name": "Nh\u00e0 m\u00e1y th\u1ee7y \u0111i\u1ec7n P\u1eafc Ma", "fuel": "hydro", "mw": 140.0, "country": "VNM", "status": "operating"}}, {"type": "Feature", "id": 856, "geometry": {"type": "Point", "coordinates": [102.579, 22.518]}, "properties": {"name": "Nh\u00e0 m\u00e1y th\u1ee7y \u0111i\u1ec7n N\u1eadm C\u1ee7m 4", "fuel": "hydro", "mw": 54.0, "country": "VNM", "status": "operating"}}, {"type": "Feature", "id": 857, "geometry": {"type": "Point", "coordinates": [102.623, 22.563]}, "properties": {"name": "", "fuel": "hydro", "mw": 0.0, "country": "VNM", "status": "operating"}}, {"type": "Feature", "id": 858, "geometry": {"type": "Point", "coordinates": [102.646, 22.606]}, "properties": {"name": "", "fuel": "hydro", "mw": 0.0, "country": "VNM", "status": "operating"}}, {"type": "Feature", "id": 859, "geometry": {"type": "Point", "coordinates": [102.808, 22.392]}, "properties": {"name": "Nh\u00e0 m\u00e1y Thu\u1ef7 \u0111i\u1ec7n N\u1eadm C\u1ea5u", "fuel": "hydro", "mw": 0.0, "country": "VNM", "status": "operating"}}, {"type": "Feature", "id": 860, "geometry": {"type": "Point", "coordinates": [102.833, 22.391]}, "properties": {"name": "", "fuel": "hydro", "mw": 0.0, "country": "VNM", "status": "operating"}}, {"type": "Feature", "id": 861, "geometry": {"type": "Point", "coordinates": [102.834, 22.383]}, "properties": {"name": "Nh\u00e0 m\u00e1y Thu\u1ef7 \u0111i\u1ec7n N\u1eadm S\u00ec L\u01b0\u1eddng 4", "fuel": "hydro", "mw": 20.0, "country": "VNM", "status": "operating"}}, {"type": "Feature", "id": 862, "geometry": {"type": "Point", "coordinates": [102.896, 22.383]}, "properties": {"name": "", "fuel": "hydro", "mw": 0.0, "country": "VNM", "status": "operating"}}, {"type": "Feature", "id": 863, "geometry": {"type": "Point", "coordinates": [102.95, 22.395]}, "properties": {"name": "Nh\u00e0 m\u00e1y Thu\u1ef7 \u0111i\u1ec7n N\u1eadm Ngh\u1eb9", "fuel": "hydro", "mw": 0.0, "country": "VNM", "status": "operating"}}, {"type": "Feature", "id": 864, "geometry": {"type": "Point", "coordinates": [102.953, 22.395]}, "properties": {"name": "", "fuel": "hydro", "mw": 0.0, "country": "VNM", "status": "operating"}}, {"type": "Feature", "id": 865, "geometry": {"type": "Point", "coordinates": [102.954, 22.417]}, "properties": {"name": "", "fuel": "hydro", "mw": 0.0, "country": "VNM", "status": "operating"}}, {"type": "Feature", "id": 866, "geometry": {"type": "Point", "coordinates": [102.985, 22.14]}, "properties": {"name": "Nh\u00e0 m\u00e1y Thu\u1ef7 \u0111i\u1ec7n Lai Ch\u00e2u", "fuel": "hydro", "mw": 1200.0, "country": "VNM", "status": "operating"}}, {"type": "Feature", "id": 867, "geometry": {"type": "Point", "coordinates": [103.134, 21.968]}, "properties": {"name": "Nh\u00e0 m\u00e1y Thu\u1ef7 \u0111i\u1ec7n N\u1eadm He", "fuel": "hydro", "mw": 0.0, "country": "VNM", "status": "operating"}}, {"type": "Feature", "id": 868, "geometry": {"type": "Point", "coordinates": [103.16, 22.298]}, "properties": {"name": "Nh\u00e0 m\u00e1y th\u1ee7y \u0111i\u1ec7n N\u1eadm Na 3", "fuel": "hydro", "mw": 84.0, "country": "VNM", "status": "operating"}}, {"type": "Feature", "id": 869, "geometry": {"type": "Point", "coordinates": [103.234, 22.493]}, "properties": {"name": "Nh\u00e0 m\u00e1y th\u1ee7y \u0111i\u1ec7n N\u1eadm Na 2", "fuel": "hydro", "mw": 66.0, "country": "VNM", "status": "operating"}}, {"type": "Feature", "id": 870, "geometry": {"type": "Point", "coordinates": [103.256, 21.939]}, "properties": {"name": "", "fuel": "hydro", "mw": 0.0, "country": "VNM", "status": "operating"}}, {"type": "Feature", "id": 871, "geometry": {"type": "Point", "coordinates": [103.261, 22.595]}, "properties": {"name": "Nh\u00e0 m\u00e1y th\u1ee7y \u0111i\u1ec7n N\u1eadm Na 1", "fuel": "hydro", "mw": 30.0, "country": "VNM", "status": "operating"}}, {"type": "Feature", "id": 872, "geometry": {"type": "Point", "coordinates": [103.288, 22.603]}, "properties": {"name": "", "fuel": "hydro", "mw": 0.0, "country": "VNM", "status": "operating"}}, {"type": "Feature", "id": 873, "geometry": {"type": "Point", "coordinates": [102.809, 22.42]}, "properties": {"name": "Nh\u00e0 m\u00e1y Thu\u1ef7 \u0111i\u1ec7n N\u1eadm C\u1ea5u Th\u01b0\u1ee3ng", "fuel": "hydro", "mw": 0.0, "country": "VNM", "status": "operating"}}, {"type": "Feature", "id": 874, "geometry": {"type": "Point", "coordinates": [104.422, 19.296]}, "properties": {"name": "", "fuel": "hydro", "mw": 0.0, "country": "VNM", "status": "operating"}}, {"type": "Feature", "id": 875, "geometry": {"type": "Point", "coordinates": [104.488, 19.341]}, "properties": {"name": "Th\u1ee7y \u0111i\u1ec7n B\u1ea3n V\u1ebd", "fuel": "hydro", "mw": 320.0, "country": "VNM", "status": "operating"}}, {"type": "Feature", "id": 876, "geometry": {"type": "Point", "coordinates": [104.539, 18.21]}, "properties": {"name": "\u0ec0\u0e82\u0eb7\u0ec8\u0ead\u0e99\u0ec4\u0e9f\u0e9f\u0ec9\u0eb2\u0ec0\u0e97\u0eb5\u0e99-\u0eab\u0eb5\u0e99\u0e9a\u0eb9\u0e99", "fuel": "hydro", "mw": 440.0, "country": "LAO", "status": "operating"}}, {"type": "Feature", "id": 877, "geometry": {"type": "Point", "coordinates": [104.562, 20.082]}, "properties": {"name": "Nam Sum 3 Hydropower Plants", "fuel": "hydro", "mw": 0.0, "country": "LAO", "status": "operating"}}, {"type": "Feature", "id": 878, "geometry": {"type": "Point", "coordinates": [104.571, 17.728]}, "properties": {"name": "\u0ec0\u0e82\u0eb7\u0ec8\u0ead\u0e99\u0ec4\u0e9f\u0e9f\u0ec9\u0eb2\u0e99\u0ecd\u0eb2\u0eab\u0eb5\u0ec9 \u0e99\u0e9a\u0eb9 \u0e99-\u0e95\u0ead\u0e99\u0ea5\u0ec8 \u0ea1", "fuel": "hydro", "mw": 15.0, "country": "LAO", "status": "operating"}}, {"type": "Feature", "id": 879, "geometry": {"type": "Point", "coordinates": [104.637, 18.294]}, "properties": {"name": "\u0ec0\u0e82\u0eb7\u0ec8\u0ead\u0e99\u0ec4\u0e9f\u0e9f\u0ec9\u0eb2\u0e99\u0ecd\u0eb2\u0e8d\u0ea7\u0e87", "fuel": "hydro", "mw": 60.0, "country": "LAO", "status": "operating"}}, {"type": "Feature", "id": 880, "geometry": {"type": "Point", "coordinates": [104.664, 19.181]}, "properties": {"name": "Nh\u00e0 m\u00e1y th\u1ee7y \u0111i\u1ec7n Khe B\u1ed1", "fuel": "hydro", "mw": 100.0, "country": "VNM", "status": "operating"}}, {"type": "Feature", "id": 881, "geometry": {"type": "Point", "coordinates": [104.725, 19.129]}, "properties": {"name": "", "fuel": "hydro", "mw": 0.0, "country": "VNM", "status": "operating"}}, {"type": "Feature", "id": 882, "geometry": {"type": "Point", "coordinates": [104.802, 19.087]}, "properties": {"name": "Nh\u00e0 m\u00e1y th\u1ee7y \u0111i\u1ec7n Chi Kh\u00ea", "fuel": "hydro", "mw": 41.0, "country": "VNM", "status": "operating"}}, {"type": "Feature", "id": 883, "geometry": {"type": "Point", "coordinates": [105.135, 18.363]}, "properties": {"name": "\u0ec0\u0e82\u0eb7\u0ec8\u0ead\u0e99\u0ec4\u0e9f\u0e9f\u0ec9\u0eb2\u0e99\u0ecd\u0eb2\u0e9e\u0eb2\u0ea7", "fuel": "hydro", "mw": 1.7, "country": "LAO", "status": "operating"}}, {"type": "Feature", "id": 884, "geometry": {"type": "Point", "coordinates": [105.153, 17.681]}, "properties": {"name": "\u0ec0\u0e82\u0eb7\u0ec8\u0ead\u0e99\u0ec4\u0e9f\u0e9f\u0ec9\u0eb2\u0e99\u0ec9\u0eb3\u0ec0\u0e97\u0eb5\u0e99 2", "fuel": "hydro", "mw": 1080.0, "country": "LAO", "status": "operating"}}, {"type": "Feature", "id": 885, "geometry": {"type": "Point", "coordinates": [105.274, 19.875]}, "properties": {"name": "Nh\u00e0 m\u00e1y th\u1ee7y \u0111i\u1ec7n C\u1eeda \u0110\u1ea1t", "fuel": "hydro", "mw": 97.0, "country": "VNM", "status": "operating"}}, {"type": "Feature", "id": 886, "geometry": {"type": "Point", "coordinates": [105.779, 19.275]}, "properties": {"name": "Nh\u00e0 m\u00e1y Nhi\u1ec7t \u0111i\u1ec7n Qu\u1ef3nh L\u1eadp", "fuel": "coal", "mw": 2400.0, "country": "VNM", "status": "operating"}}, {"type": "Feature", "id": 887, "geometry": {"type": "Point", "coordinates": [105.797, 19.323]}, "properties": {"name": "Nh\u00e0 m\u00e1y Nhi\u1ec7t \u0111i\u1ec7n Nghi S\u01a1n 2", "fuel": "coal", "mw": 1330.0, "country": "VNM", "status": "operating"}}, {"type": "Feature", "id": 888, "geometry": {"type": "Point", "coordinates": [105.8, 19.316]}, "properties": {"name": "Nh\u00e0 m\u00e1y Nhi\u1ec7t \u0111i\u1ec7n Nghi S\u01a1n 1", "fuel": "coal", "mw": 600.0, "country": "VNM", "status": "operating"}}, {"type": "Feature", "id": 889, "geometry": {"type": "Point", "coordinates": [105.834, 18.046]}, "properties": {"name": "", "fuel": "hydro", "mw": 0.0, "country": "VNM", "status": "operating"}}, {"type": "Feature", "id": 890, "geometry": {"type": "Point", "coordinates": [105.928, 18.196]}, "properties": {"name": "", "fuel": "hydro", "mw": 0.0, "country": "VNM", "status": "operating"}}, {"type": "Feature", "id": 891, "geometry": {"type": "Point", "coordinates": [105.987, 20.254]}, "properties": {"name": "Nh\u00e0 m\u00e1y nhi\u1ec7t \u0111i\u1ec7n Ninh B\u00ecnh", "fuel": "coal", "mw": 0.0, "country": "VNM", "status": "operating"}}, {"type": "Feature", "id": 892, "geometry": {"type": "Point", "coordinates": [105.998, 18.209]}, "properties": {"name": "", "fuel": "solar", "mw": 0.0, "country": "VNM", "status": "operating"}}, {"type": "Feature", "id": 893, "geometry": {"type": "Point", "coordinates": [106.02, 18.334]}, "properties": {"name": "", "fuel": "solar", "mw": 0.0, "country": "VNM", "status": "operating"}}, {"type": "Feature", "id": 894, "geometry": {"type": "Point", "coordinates": [106.381, 18.096]}, "properties": {"name": "Nh\u00e0 m\u00e1y Nhi\u1ec7t \u0111i\u1ec7n V\u0169ng \u00c1ng 1", "fuel": "coal", "mw": 1200.0, "country": "", "status": "operating"}}, {"type": "Feature", "id": 895, "geometry": {"type": "Point", "coordinates": [106.444, 18.029]}, "properties": {"name": "Ha Tinh Formosa Plastics Power Station", "fuel": "coal", "mw": 676.0, "country": "VNM", "status": "operating"}}, {"type": "Feature", "id": 896, "geometry": {"type": "Point", "coordinates": [106.565, 20.483]}, "properties": {"name": "Nh\u00e0 m\u00e1y Nhi\u1ec7t \u0111i\u1ec7n Th\u00e1i B\u00ecnh 2", "fuel": "coal", "mw": 1200.0, "country": "", "status": "operating"}}, {"type": "Feature", "id": 897, "geometry": {"type": "Point", "coordinates": [106.559, 20.479]}, "properties": {"name": "Nh\u00e0 m\u00e1y Nhi\u1ec7t \u0111i\u1ec7n Th\u00e1i B\u00ecnh 1", "fuel": "coal", "mw": 600.0, "country": "", "status": "operating"}}, {"type": "Feature", "id": 898, "geometry": {"type": "Point", "coordinates": [105.328, 20.32]}, "properties": {"name": "Nh\u00e0 m\u00e1y th\u1ee7y \u0111i\u1ec7n B\u00e1 Th\u01b0\u1edbc 2", "fuel": "hydro", "mw": 80.0, "country": "VNM", "status": "operating"}}, {"type": "Feature", "id": 899, "geometry": {"type": "Point", "coordinates": [104.973, 19.555]}, "properties": {"name": "Nh\u00e0 m\u00e1y th\u1ee7y \u0111i\u1ec7n Nh\u1ea1n H\u1ea1c A", "fuel": "hydro", "mw": 55.0, "country": "VNM", "status": "operating"}}, {"type": "Feature", "id": 900, "geometry": {"type": "Point", "coordinates": [105.101, 19.871]}, "properties": {"name": "Nh\u00e0 m\u00e1y th\u1ee7y \u0111i\u1ec7n H\u1ee7a Na", "fuel": "hydro", "mw": 180.0, "country": "VNM", "status": "operating"}}, {"type": "Feature", "id": 901, "geometry": {"type": "Point", "coordinates": [105.172, 20.321]}, "properties": {"name": "Nh\u00e0 m\u00e1y th\u1ee7y \u0111i\u1ec7n B\u00e1 Th\u01b0\u1edbc 1", "fuel": "hydro", "mw": 60.0, "country": "VNM", "status": "operating"}}, {"type": "Feature", "id": 902, "geometry": {"type": "Point", "coordinates": [105.131, 19.892]}, "properties": {"name": "Nh\u00e0 m\u00e1y th\u1ee7y \u0111i\u1ec7n \u0110\u1ed3ng V\u0103n", "fuel": "hydro", "mw": 28.0, "country": "VNM", "status": "operating"}}, {"type": "Feature", "id": 903, "geometry": {"type": "Point", "coordinates": [105.405, 20.236]}, "properties": {"name": "Nh\u00e0 m\u00e1y th\u1ee7y \u0111i\u1ec7n C\u1ea9m Th\u1ee7y 1", "fuel": "hydro", "mw": 28.6, "country": "VNM", "status": "operating"}}, {"type": "Feature", "id": 904, "geometry": {"type": "Point", "coordinates": [105.167, 18.431]}, "properties": {"name": "Nh\u00e0 m\u00e1y th\u1ee7y \u0111i\u1ec7n H\u01b0\u01a1ng S\u01a1n", "fuel": "hydro", "mw": 33.0, "country": "VNM", "status": "operating"}}, {"type": "Feature", "id": 905, "geometry": {"type": "Point", "coordinates": [105.061, 19.552]}, "properties": {"name": "Nh\u00e0 m\u00e1y th\u1ee7y \u0111i\u1ec7n N\u1eadm P\u00f4ng", "fuel": "hydro", "mw": 30.0, "country": "VNM", "status": "operating"}}, {"type": "Feature", "id": 906, "geometry": {"type": "Point", "coordinates": [104.973, 19.558]}, "properties": {"name": "Nh\u00e0 m\u00e1y th\u1ee7y \u0111i\u1ec7n Nh\u1ea1n H\u1ea1c B", "fuel": "hydro", "mw": 4.0, "country": "VNM", "status": "operating"}}, {"type": "Feature", "id": 907, "geometry": {"type": "Point", "coordinates": [104.424, 18.025]}, "properties": {"name": "", "fuel": "hydro", "mw": 0.0, "country": "LAO", "status": "operating"}}, {"type": "Feature", "id": 908, "geometry": {"type": "Point", "coordinates": [104.387, 20.359]}, "properties": {"name": "", "fuel": "hydro", "mw": 0.0, "country": "LAO", "status": "operating"}}, {"type": "Feature", "id": 909, "geometry": {"type": "Point", "coordinates": [104.454, 18.605]}, "properties": {"name": "\u0ec0\u0e82\u0eb7\u0ec8\u0ead\u0e99\u0ec4\u0e9f\u0e9f\u0ec9\u0eb2\u0e99\u0ecd\u0eb2\u0e8a\u0ecd\u0ec9 \u0ec9", "fuel": "hydro", "mw": 5.0, "country": "LAO", "status": "operating"}}, {"type": "Feature", "id": 910, "geometry": {"type": "Point", "coordinates": [105.53, 23.11]}, "properties": {"name": "Nh\u00e0 m\u00e1y th\u1ee7y \u0111i\u1ec7n Nho Qu\u1ebf 3", "fuel": "hydro", "mw": 110.0, "country": "VNM", "status": "operating"}}, {"type": "Feature", "id": 911, "geometry": {"type": "Point", "coordinates": [105.431, 23.23]}, "properties": {"name": "Nh\u00e0 m\u00e1y th\u1ee7y \u0111i\u1ec7n Nho Qu\u1ebf 1", "fuel": "hydro", "mw": 32.0, "country": "VNM", "status": "operating"}}, {"type": "Feature", "id": 912, "geometry": {"type": "Point", "coordinates": [105.499, 23.17]}, "properties": {"name": "Nh\u00e0 m\u00e1y th\u1ee7y \u0111i\u1ec7n Nho Qu\u1ebf 2", "fuel": "hydro", "mw": 48.0, "country": "VNM", "status": "operating"}}, {"type": "Feature", "id": 913, "geometry": {"type": "Point", "coordinates": [106.758, 20.94]}, "properties": {"name": "Nh\u00e0 m\u00e1y Nhi\u1ec7t \u0111i\u1ec7n H\u1ea3i Ph\u00f2ng", "fuel": "coal", "mw": 1200.0, "country": "", "status": "operating"}}, {"type": "Feature", "id": 914, "geometry": {"type": "Point", "coordinates": [105.946, 20.985]}, "properties": {"name": "", "fuel": "solar", "mw": 0.0, "country": "VNM", "status": "operating"}}, {"type": "Feature", "id": 915, "geometry": {"type": "Point", "coordinates": [107.358, 21.008]}, "properties": {"name": "Nh\u00e0 m\u00e1y Nhi\u1ec7t \u0111i\u1ec7n C\u1ea9m Ph\u1ea3", "fuel": "coal", "mw": 670.0, "country": "", "status": "operating"}}, {"type": "Feature", "id": 916, "geometry": {"type": "Point", "coordinates": [107.128, 21.012]}, "properties": {"name": "Nh\u00e0 m\u00e1y Nhi\u1ec7t \u0111i\u1ec7n Qu\u1ea3ng Ninh", "fuel": "coal", "mw": 1200.0, "country": "VNM", "status": "operating"}}, {"type": "Feature", "id": 917, "geometry": {"type": "Point", "coordinates": [107.048, 21.021]}, "properties": {"name": "Nh\u00e0 m\u00e1y Nhi\u1ec7t \u0111i\u1ec7n Th\u0103ng Long", "fuel": "coal", "mw": 620.0, "country": "", "status": "operating"}}, {"type": "Feature", "id": 918, "geometry": {"type": "Point", "coordinates": [106.415, 21.033]}, "properties": {"name": "Nh\u00e0 m\u00e1y Nhi\u1ec7t \u0111i\u1ec7n H\u1ea3i D\u01b0\u01a1ng 1", "fuel": "coal", "mw": 1200.0, "country": "VNM", "status": "operating"}}, {"type": "Feature", "id": 919, "geometry": {"type": "Point", "coordinates": [106.787, 21.041]}, "properties": {"name": "Nh\u00e0 m\u00e1y Nhi\u1ec7t \u0111i\u1ec7n U\u00f4ng B\u00ed", "fuel": "coal", "mw": 620.0, "country": "VNM", "status": "operating"}}, {"type": "Feature", "id": 920, "geometry": {"type": "Point", "coordinates": [107.35, 21.073]}, "properties": {"name": "Nh\u00e0 m\u00e1y Nhi\u1ec7t \u0111i\u1ec7n M\u00f4ng D\u01b0\u01a1ng 2", "fuel": "coal", "mw": 1200.0, "country": "VNM", "status": "operating"}}, {"type": "Feature", "id": 921, "geometry": {"type": "Point", "coordinates": [107.346, 21.073]}, "properties": {"name": "Nh\u00e0 m\u00e1y Nhi\u1ec7t \u0111i\u1ec7n M\u00f4ng D\u01b0\u01a1ng 1", "fuel": "coal", "mw": 1080.0, "country": "VNM", "status": "operating"}}, {"type": "Feature", "id": 922, "geometry": {"type": "Point", "coordinates": [106.577, 21.091]}, "properties": {"name": "Nh\u00e0 m\u00e1y Nhi\u1ec7t \u0111i\u1ec7n M\u1ea1o Kh\u00ea", "fuel": "coal", "mw": 440.0, "country": "VNM", "status": "operating"}}, {"type": "Feature", "id": 923, "geometry": {"type": "Point", "coordinates": [106.306, 21.118]}, "properties": {"name": "Nh\u00e0 m\u00e1y Nhi\u1ec7t \u0111i\u1ec7n Ph\u1ea3 L\u1ea1i", "fuel": "coal", "mw": 1040.0, "country": "VNM", "status": "operating"}}, {"type": "Feature", "id": 924, "geometry": {"type": "Point", "coordinates": [106.78, 21.179]}, "properties": {"name": "Nh\u00e0 m\u00e1y Nhi\u1ec7t \u0111i\u1ec7n S\u01a1n \u0110\u1ed9ng", "fuel": "coal", "mw": 220.0, "country": "VNM", "status": "operating"}}, {"type": "Feature", "id": 925, "geometry": {"type": "Point", "coordinates": [106.509, 21.543]}, "properties": {"name": "", "fuel": "hydro", "mw": 0.0, "country": "VNM", "status": "operating"}}, {"type": "Feature", "id": 926, "geometry": {"type": "Point", "coordinates": [105.768, 21.598]}, "properties": {"name": "Nh\u00e0 m\u00e1y Nhi\u1ec7t \u0111i\u1ec7n An Kh\u00e1nh I", "fuel": "coal", "mw": 120.0, "country": "VNM", "status": "operating"}}, {"type": "Feature", "id": 927, "geometry": {"type": "Point", "coordinates": [105.814, 21.612]}, "properties": {"name": "Nh\u00e0 m\u00e1y Nhi\u1ec7t \u0111i\u1ec7n Cao Ng\u1ea1n", "fuel": "coal", "mw": 115.0, "country": "VNM", "status": "operating"}}, {"type": "Feature", "id": 928, "geometry": {"type": "Point", "coordinates": [106.975, 21.699]}, "properties": {"name": "Nh\u00e0 m\u00e1y Nhi\u1ec7t \u0111i\u1ec7n Na D\u01b0\u01a1ng", "fuel": "coal", "mw": 111.2, "country": "VNM", "status": "operating"}}, {"type": "Feature", "id": 929, "geometry": {"type": "Point", "coordinates": [108.37, 14.728]}, "properties": {"name": "", "fuel": "hydro", "mw": 0.0, "country": "VNM", "status": "operating"}}, {"type": "Feature", "id": 930, "geometry": {"type": "Point", "coordinates": [108.395, 14.774]}, "properties": {"name": "", "fuel": "hydro", "mw": 0.0, "country": "VNM", "status": "operating"}}, {"type": "Feature", "id": 931, "geometry": {"type": "Point", "coordinates": [108.028, 14.823]}, "properties": {"name": "", "fuel": "hydro", "mw": 0.0, "country": "VNM", "status": "operating"}}, {"type": "Feature", "id": 932, "geometry": {"type": "Point", "coordinates": [106.731, 14.842]}, "properties": {"name": "\u0ec0\u0e82\u0eb7\u0ec8\u0ead\u0e99\u0ec4\u0e9f\u0ec9\u0e9f\u0eb2\u0ec0\u0e8a\u0e9b\u0ebd\u0e99-\u0ec0\u0e8a\u0e99\u0ec9\u0eb3\u0e99\u0ec9\u0ead\u0e8d", "fuel": "hydro", "mw": 410.0, "country": "LAO", "status": "operating"}}, {"type": "Feature", "id": 933, "geometry": {"type": "Point", "coordinates": [108.02, 14.859]}, "properties": {"name": "", "fuel": "hydro", "mw": 0.0, "country": "VNM", "status": "operating"}}, {"type": "Feature", "id": 934, "geometry": {"type": "Point", "coordinates": [106.087, 15.059]}, "properties": {"name": "Nam Phak Hydropower Project", "fuel": "hydro", "mw": 168.0, "country": "LAO", "status": "operating"}}, {"type": "Feature", "id": 935, "geometry": {"type": "Point", "coordinates": [106.641, 15.122]}, "properties": {"name": "\u0ec0\u0e82\u0eb7\u0ec8\u0ead\u0e99\u0ec4\u0e9f\u0e9f\u0ec9\u0eb2\u0ec0\u0e8a\u0e81\u0eb0\u0e95\u0ecd\u0eb2-\u0ec0\u0e8a\u0e99\u0ecd\u0eb2\u0e99\u0ec9\u0ec9 \u0ead\u0e8d 2", "fuel": "hydro", "mw": 13.4, "country": "LAO", "status": "operating"}}, {"type": "Feature", "id": 936, "geometry": {"type": "Point", "coordinates": [106.644, 15.137]}, "properties": {"name": "\u0ec0\u0e82\u0eb7\u0ec8\u0ead\u0e99\u0ec4\u0e9f\u0e9f\u0ec9\u0eb2\u0ec0\u0e8a\u0e99\u0ecd\u0eb2\u0e99\u0ec9\u0ec9 \u0ead\u0e8d 6", "fuel": "hydro", "mw": 5.0, "country": "LAO", "status": "operating"}}, {"type": "Feature", "id": 937, "geometry": {"type": "Point", "coordinates": [106.718, 15.153]}, "properties": {"name": "\u0ec0\u0e8a\u0e99\u0ecd\u0eb2\u0e99\u0ec9\u0ead\u0e8d 1", "fuel": "hydro", "mw": 14.8, "country": "LAO", "status": "operating"}}, {"type": "Feature", "id": 938, "geometry": {"type": "Point", "coordinates": [106.075, 15.205]}, "properties": {"name": "\u0ec0\u0e82\u0eb7\u0ead\u0e99\u0ec4\u0e9f\u0e9f\u0ec9\u0eb2\u0eab\u0ec9\u0ea7\u0e8d\u0e88\u0ebd\u0e94", "fuel": "hydro", "mw": 8.0, "country": "LAO", "status": "operating"}}, {"type": "Feature", "id": 939, "geometry": {"type": "Point", "coordinates": [106.631, 15.32]}, "properties": {"name": "\u0ec0\u0e82\u0eb7\u0ec8\u0ead\u0e99\u0ec4\u0e9f\u0e9f\u0ec9\u0eb2\u0eab\u0ec9\u0ea7\u0e8d\u0ea5\u0ecd\u0eb2\u0e9e\u0eb1\u0e99\u0e95\u0ead\u0e99\u0ea5\u0eb8\u0ec8\u0ea1", "fuel": "hydro", "mw": 15.0, "country": "LAO", "status": "operating"}}, {"type": "Feature", "id": 940, "geometry": {"type": "Point", "coordinates": [106.586, 15.357]}, "properties": {"name": "\u0ec0\u0e82\u0eb7\u0ec8\u0ead\u0e99\u0ec4\u0e9f\u0e9f\u0ec9\u0eb2\u0eab\u0ec9\u0ea7\u0e8d\u0ea5\u0eb3\u0e9e\u0eb1\u0e99\u0ec3\u0eab\u0e8d", "fuel": "hydro", "mw": 88.0, "country": "LAO", "status": "operating"}}, {"type": "Feature", "id": 941, "geometry": {"type": "Point", "coordinates": [106.146, 15.367]}, "properties": {"name": "", "fuel": "hydro", "mw": 0.0, "country": "LAO", "status": "operating"}}, {"type": "Feature", "id": 942, "geometry": {"type": "Point", "coordinates": [106.296, 15.37]}, "properties": {"name": "\u0ec0\u0e82\u0eb7\u0ec8\u0ead\u0e99\u0ec4\u0e9f\u0e9f\u0ec9\u0eb2\u0ec0\u0e8a\u0ec0\u0eaa\u0eb1\u0e94 3", "fuel": "hydro", "mw": 23.0, "country": "LAO", "status": "operating"}}, {"type": "Feature", "id": 943, "geometry": {"type": "Point", "coordinates": [107.406, 15.375]}, "properties": {"name": "\u0ec0\u0e82\u0eb7\u0ec8\u0ead\u0e99\u0ec4\u0e9f\u0e9f\u0ec9\u0eb2\u0ec0\u0e8a\u0e82\u0eb0\u0edd\u0eb2\u0e99 3", "fuel": "hydro", "mw": 250.0, "country": "LAO", "status": "operating"}}, {"type": "Feature", "id": 944, "geometry": {"type": "Point", "coordinates": [106.283, 15.488]}, "properties": {"name": "\u0ec0\u0e82\u0eb7\u0ec8\u0ead\u0e99\u0ec4\u0e9f\u0e9f\u0ec9\u0eb2\u0ec0\u0e8a\u0ec0\u0eaa\u0eb1\u0e94 2", "fuel": "hydro", "mw": 76.0, "country": "LAO", "status": "operating"}}, {"type": "Feature", "id": 945, "geometry": {"type": "Point", "coordinates": [106.276, 15.503]}, "properties": {"name": "\u0ec0\u0e82\u0eb7\u0ec8\u0ead\u0e99\u0ec4\u0e9f\u0e9f\u0ec9\u0eb2\u0ec0\u0e8a\u0ec0\u0eaa\u0eb1\u0e94 1", "fuel": "hydro", "mw": 45.0, "country": "LAO", "status": "operating"}}, {"type": "Feature", "id": 946, "geometry": {"type": "Point", "coordinates": [106.97, 15.573]}, "properties": {"name": "", "fuel": "hydro", "mw": 0.0, "country": "LAO", "status": "operating"}}, {"type": "Feature", "id": 947, "geometry": {"type": "Point", "coordinates": [106.223, 15.576]}, "properties": {"name": "\u0ec0\u0e82\u0eb7\u0ec8\u0ead\u0e99\u0ec4\u0e9f\u0e9f\u0ec9\u0eb2\u0eab\u0ec9\u0ea7\u0e8d\u0ec0\u0e9b\u0eb2\u0eb0", "fuel": "hydro", "mw": 15.0, "country": "LAO", "status": "operating"}}, {"type": "Feature", "id": 948, "geometry": {"type": "Point", "coordinates": [106.7, 22.859]}, "properties": {"name": "Nh\u00e0 m\u00e1y Thu\u1ef7 \u0111i\u1ec7n B\u1ea3n Gi\u1ed1c", "fuel": "hydro", "mw": 0.0, "country": "", "status": "operating"}}, {"type": "Feature", "id": 949, "geometry": {"type": "Point", "coordinates": [104.772, 22.997]}, "properties": {"name": "\u9a6c\u9e7f\u5858\u671f\u6c34\u7535\u7ad9", "fuel": "hydro", "mw": 400.0, "country": "", "status": "operating"}}, {"type": "Feature", "id": 950, "geometry": {"type": "Point", "coordinates": [104.788, 22.982]}, "properties": {"name": "", "fuel": "hydro", "mw": 0.0, "country": "VNM", "status": "operating"}}, {"type": "Feature", "id": 951, "geometry": {"type": "Point", "coordinates": [104.801, 22.979]}, "properties": {"name": "", "fuel": "hydro", "mw": 0.0, "country": "VNM", "status": "operating"}}, {"type": "Feature", "id": 952, "geometry": {"type": "Point", "coordinates": [104.847, 22.555]}, "properties": {"name": "", "fuel": "hydro", "mw": 0.0, "country": "VNM", "status": "operating"}}, {"type": "Feature", "id": 953, "geometry": {"type": "Point", "coordinates": [104.874, 22.55]}, "properties": {"name": "", "fuel": "hydro", "mw": 0.0, "country": "VNM", "status": "operating"}}, {"type": "Feature", "id": 954, "geometry": {"type": "Point", "coordinates": [104.891, 22.534]}, "properties": {"name": "Nh\u00e0 m\u00e1y th\u1ee7y \u0111i\u1ec7n N\u1eadm Mu", "fuel": "hydro", "mw": 12.0, "country": "VNM", "status": "operating"}}, {"type": "Feature", "id": 955, "geometry": {"type": "Point", "coordinates": [104.92, 22.619]}, "properties": {"name": "Nh\u00e0 m\u00e1y th\u1ee7y \u0111i\u1ec7n N\u1eadm Ng\u1ea7n", "fuel": "hydro", "mw": 13.5, "country": "VNM", "status": "operating"}}, {"type": "Feature", "id": 956, "geometry": {"type": "Point", "coordinates": [104.996, 22.889]}, "properties": {"name": "Nh\u00e0 m\u00e1y Thu\u1ef7 \u0111i\u1ec7n S\u00f4ng Mi\u1ec7n 5A", "fuel": "hydro", "mw": 9.0, "country": "VNM", "status": "operating"}}, {"type": "Feature", "id": 957, "geometry": {"type": "Point", "coordinates": [105.006, 22.922]}, "properties": {"name": "Nh\u00e0 m\u00e1y Thu\u1ef7 \u0111i\u1ec7n S\u00f4ng Mi\u1ec7n 5", "fuel": "hydro", "mw": 16.5, "country": "VNM", "status": "operating"}}, {"type": "Feature", "id": 958, "geometry": {"type": "Point", "coordinates": [105.018, 23.158]}, "properties": {"name": "", "fuel": "hydro", "mw": 0.0, "country": "VNM", "status": "operating"}}, {"type": "Feature", "id": 959, "geometry": {"type": "Point", "coordinates": [105.047, 22.974]}, "properties": {"name": "Nh\u00e0 m\u00e1y th\u1ee7y \u0111i\u1ec7n Th\u00e1i An", "fuel": "hydro", "mw": 82.0, "country": "VNM", "status": "operating"}}, {"type": "Feature", "id": 960, "geometry": {"type": "Point", "coordinates": [105.173, 21.906]}, "properties": {"name": "Nh\u00e0 m\u00e1y th\u1ee7y \u0111i\u1ec7n S\u00f4ng L\u00f4 8B", "fuel": "hydro", "mw": 0.0, "country": "VNM", "status": "operating"}}, {"type": "Feature", "id": 961, "geometry": {"type": "Point", "coordinates": [105.329, 22.196]}, "properties": {"name": "Nh\u00e0 m\u00e1y th\u1ee7y \u0111i\u1ec7n Chi\u00eam H\u00f3a", "fuel": "hydro", "mw": 48.0, "country": "VNM", "status": "operating"}}, {"type": "Feature", "id": 962, "geometry": {"type": "Point", "coordinates": [105.397, 22.362]}, "properties": {"name": "Nh\u00e0 m\u00e1y th\u1ee7y \u0111i\u1ec7n Tuy\u00ean Quang", "fuel": "hydro", "mw": 342.0, "country": "VNM", "status": "operating"}}, {"type": "Feature", "id": 963, "geometry": {"type": "Point", "coordinates": [104.916, 22.291]}, "properties": {"name": "Nh\u00e0 m\u00e1y th\u1ee7y \u0111i\u1ec7n S\u00f4ng L\u00f4 6", "fuel": "hydro", "mw": 48.0, "country": "VNM", "status": "operating"}}, {"type": "Feature", "id": 964, "geometry": {"type": "Point", "coordinates": [104.974, 22.722]}, "properties": {"name": "Nh\u00e0 m\u00e1y th\u1ee7y \u0111i\u1ec7n S\u00f4ng L\u00f4 2", "fuel": "hydro", "mw": 28.0, "country": "VNM", "status": "operating"}}, {"type": "Feature", "id": 965, "geometry": {"type": "Point", "coordinates": [105.019, 22.952]}, "properties": {"name": "Nh\u00e0 m\u00e1y th\u1ee7y \u0111i\u1ec7n Thu\u1eadn H\u00f2a", "fuel": "hydro", "mw": 42.0, "country": "VNM", "status": "operating"}}, {"type": "Feature", "id": 966, "geometry": {"type": "Point", "coordinates": [104.717, 22.416]}, "properties": {"name": "Nh\u00e0 m\u00e1y th\u1ee7y \u0111i\u1ec7n S\u00f4ng B\u1ea1c", "fuel": "hydro", "mw": 42.0, "country": "VNM", "status": "operating"}}, {"type": "Feature", "id": 967, "geometry": {"type": "Point", "coordinates": [104.908, 22.542]}, "properties": {"name": "Nh\u00e0 m\u00e1y th\u1ee7y \u0111i\u1ec7n S\u00f4ng L\u00f4 4", "fuel": "hydro", "mw": 24.0, "country": "VNM", "status": "operating"}}, {"type": "Feature", "id": 968, "geometry": {"type": "Point", "coordinates": [105.504, 22.863]}, "properties": {"name": "", "fuel": "hydro", "mw": 0.0, "country": "VNM", "status": "operating"}}, {"type": "Feature", "id": 969, "geometry": {"type": "Point", "coordinates": [105.404, 22.738]}, "properties": {"name": "Nh\u00e0 m\u00e1y th\u1ee7y \u0111i\u1ec7n B\u1eafc M\u00ea", "fuel": "hydro", "mw": 45.5, "country": "VNM", "status": "operating"}}, {"type": "Feature", "id": 970, "geometry": {"type": "Point", "coordinates": [105.598, 22.952]}, "properties": {"name": "Nh\u00e0 m\u00e1y th\u1ee7y \u0111i\u1ec7n B\u1ea3o L\u1ea1c B", "fuel": "hydro", "mw": 18.0, "country": "VNM", "status": "operating"}}, {"type": "Feature", "id": 971, "geometry": {"type": "Point", "coordinates": [105.478, 23.01]}, "properties": {"name": "Nh\u00e0 m\u00e1y th\u1ee7y \u0111i\u1ec7n S\u00f4ng Nhi\u1ec7m 4", "fuel": "hydro", "mw": 6.0, "country": "VNM", "status": "operating"}}, {"type": "Feature", "id": 972, "geometry": {"type": "Point", "coordinates": [105.489, 23.013]}, "properties": {"name": "Nh\u00e0 m\u00e1y th\u1ee7y \u0111i\u1ec7n B\u1ea3o L\u00e2m 3", "fuel": "hydro", "mw": 46.0, "country": "VNM", "status": "operating"}}, {"type": "Feature", "id": 973, "geometry": {"type": "Point", "coordinates": [105.52, 22.976]}, "properties": {"name": "Nh\u00e0 m\u00e1y th\u1ee7y \u0111i\u1ec7n B\u1ea3o L\u00e2m 3A", "fuel": "hydro", "mw": 8.0, "country": "VNM", "status": "operating"}}, {"type": "Feature", "id": 974, "geometry": {"type": "Point", "coordinates": [105.55, 22.942]}, "properties": {"name": "Nh\u00e0 m\u00e1y th\u1ee7y \u0111i\u1ec7n B\u1ea3o L\u00e2m 1", "fuel": "hydro", "mw": 30.0, "country": "VNM", "status": "operating"}}, {"type": "Feature", "id": 975, "geometry": {"type": "Point", "coordinates": [107.748, 15.809]}, "properties": {"name": "Nh\u00e0 m\u00e1y th\u1ee7y \u0111i\u1ec7n S\u00f4ng Bung 5", "fuel": "hydro", "mw": 57.0, "country": "VNM", "status": "operating"}}, {"type": "Feature", "id": 976, "geometry": {"type": "Point", "coordinates": [107.094, 15.843]}, "properties": {"name": "Houay LaNgae hydro power station", "fuel": "hydro", "mw": 0.0, "country": "LAO", "status": "operating"}}, {"type": "Feature", "id": 977, "geometry": {"type": "Point", "coordinates": [107.791, 15.984]}, "properties": {"name": "Nh\u00e0 m\u00e1y th\u1ee7y \u0111i\u1ec7n S\u00f4ng C\u00f4n 1", "fuel": "hydro", "mw": 3.0, "country": "VNM", "status": "operating"}}, {"type": "Feature", "id": 978, "geometry": {"type": "Point", "coordinates": [107.397, 16.135]}, "properties": {"name": "", "fuel": "hydro", "mw": 0.0, "country": "VNM", "status": "operating"}}, {"type": "Feature", "id": 979, "geometry": {"type": "Point", "coordinates": [107.371, 16.248]}, "properties": {"name": "", "fuel": "hydro", "mw": 0.0, "country": "VNM", "status": "operating"}}, {"type": "Feature", "id": 980, "geometry": {"type": "Point", "coordinates": [107.362, 16.276]}, "properties": {"name": "Th\u1ee7y \u0111i\u1ec7n A L\u01b0\u1edbi", "fuel": "hydro", "mw": 170.0, "country": "VNM", "status": "operating"}}, {"type": "Feature", "id": 981, "geometry": {"type": "Point", "coordinates": [107.634, 16.316]}, "properties": {"name": "Nh\u00e0 m\u00e1y th\u1ee7y \u0111i\u1ec7n T\u1ea3 Tr\u1ea1ch", "fuel": "hydro", "mw": 21.0, "country": "VNM", "status": "operating"}}, {"type": "Feature", "id": 982, "geometry": {"type": "Point", "coordinates": [107.5, 16.319]}, "properties": {"name": "Nh\u00e0 m\u00e1y th\u1ee7y \u0111i\u1ec7n B\u00ecnh \u0110i\u1ec1n", "fuel": "hydro", "mw": 44.0, "country": "VNM", "status": "operating"}}, {"type": "Feature", "id": 983, "geometry": {"type": "Point", "coordinates": [106.238, 16.357]}, "properties": {"name": "\u0ec0\u0e82\u0eb7\u0ec8\u0ead\u0e99\u0ec4\u0e9f\u0e9f\u0ec9\u0eb2\u0ec0\u0e8a\u0ea5\u0eb0\u0e99\u0ead\u0e87 1", "fuel": "hydro", "mw": 70.0, "country": "LAO", "status": "operating"}}, {"type": "Feature", "id": 984, "geometry": {"type": "Point", "coordinates": [107.298, 16.397]}, "properties": {"name": "", "fuel": "hydro", "mw": 0.0, "country": "VNM", "status": "operating"}}, {"type": "Feature", "id": 985, "geometry": {"type": "Point", "coordinates": [107.2, 16.402]}, "properties": {"name": "", "fuel": "hydro", "mw": 0.0, "country": "VNM", "status": "operating"}}, {"type": "Feature", "id": 986, "geometry": {"type": "Point", "coordinates": [107.224, 16.41]}, "properties": {"name": "Nh\u00e0 m\u00e1y Thu\u1ef7 \u0111i\u1ec7n A Lin B2", "fuel": "hydro", "mw": 0.0, "country": "VNM", "status": "operating"}}, {"type": "Feature", "id": 987, "geometry": {"type": "Point", "coordinates": [107.425, 16.46]}, "properties": {"name": "Nh\u00e0 m\u00e1y th\u1ee7y \u0111i\u1ec7n H\u01b0\u01a1ng \u0110i\u1ec1n", "fuel": "hydro", "mw": 81.0, "country": "VNM", "status": "operating"}}, {"type": "Feature", "id": 988, "geometry": {"type": "Point", "coordinates": [106.955, 16.561]}, "properties": {"name": "Nh\u00e0 m\u00e1y th\u1ee7y \u0111i\u1ec7n \u0110akr\u00f4ng 3", "fuel": "hydro", "mw": 0.0, "country": "VNM", "status": "operating"}}, {"type": "Feature", "id": 989, "geometry": {"type": "Point", "coordinates": [106.755, 16.578]}, "properties": {"name": "Wind Farm T\u00e0i T\u00e2m", "fuel": "wind", "mw": 0.0, "country": "VNM", "status": "operating"}}, {"type": "Feature", "id": 990, "geometry": {"type": "Point", "coordinates": [106.771, 16.591]}, "properties": {"name": "Wind Farm Ho\u00e0ng H\u1ea3i", "fuel": "wind", "mw": 0.0, "country": "VNM", "status": "operating"}}, {"type": "Feature", "id": 991, "geometry": {"type": "Point", "coordinates": [106.675, 16.598]}, "properties": {"name": "Nh\u00e0 m\u00e1y thu\u1ef7 \u0111i\u1ec7n La La", "fuel": "hydro", "mw": 0.0, "country": "VNM", "status": "operating"}}, {"type": "Feature", "id": 992, "geometry": {"type": "Point", "coordinates": [107.403, 16.609]}, "properties": {"name": "", "fuel": "solar", "mw": 0.0, "country": "VNM", "status": "operating"}}, {"type": "Feature", "id": 993, "geometry": {"type": "Point", "coordinates": [106.791, 16.606]}, "properties": {"name": "Nh\u00e0 m\u00e1y th\u1ee7y \u0111i\u1ec7n Khe Gi\u00f4ng", "fuel": "hydro", "mw": 0.0, "country": "VNM", "status": "operating"}}, {"type": "Feature", "id": 994, "geometry": {"type": "Point", "coordinates": [106.776, 16.646]}, "properties": {"name": "Nh\u00e0 m\u00e1y th\u1ee7y \u0111i\u1ec7n H\u1ea1 R\u00e0o Qu\u00e1n", "fuel": "hydro", "mw": 0.0, "country": "VNM", "status": "operating"}}, {"type": "Feature", "id": 995, "geometry": {"type": "Point", "coordinates": [106.746, 16.65]}, "properties": {"name": "Nh\u00e0 m\u00e1y Th\u1ee7y \u0111i\u1ec7n Qu\u1ea3ng Tr\u1ecb", "fuel": "hydro", "mw": 64.0, "country": "VNM", "status": "operating"}}, {"type": "Feature", "id": 996, "geometry": {"type": "Point", "coordinates": [106.813, 16.655]}, "properties": {"name": "Nh\u00e0 m\u00e1y th\u1ee7y \u0111i\u1ec7n \u0110akr\u00f4ng 2", "fuel": "hydro", "mw": 0.0, "country": "VNM", "status": "operating"}}, {"type": "Feature", "id": 997, "geometry": {"type": "Point", "coordinates": [106.793, 16.659]}, "properties": {"name": "", "fuel": "hydro", "mw": 0.0, "country": "VNM", "status": "operating"}}, {"type": "Feature", "id": 998, "geometry": {"type": "Point", "coordinates": [106.692, 16.668]}, "properties": {"name": "Huong Tan Windfarm", "fuel": "wind", "mw": 0.0, "country": "VNM", "status": "operating"}}, {"type": "Feature", "id": 999, "geometry": {"type": "Point", "coordinates": [106.676, 16.679]}, "properties": {"name": "Tan Linh Windfarm", "fuel": "wind", "mw": 0.0, "country": "VNM", "status": "operating"}}, {"type": "Feature", "id": 1000, "geometry": {"type": "Point", "coordinates": [107.432, 16.693]}, "properties": {"name": "", "fuel": "solar", "mw": 0.0, "country": "VNM", "status": "operating"}}, {"type": "Feature", "id": 1001, "geometry": {"type": "Point", "coordinates": [106.779, 16.719]}, "properties": {"name": "\u0110i\u1ec7n gi\u00f3 H\u01b0\u1edbng Linh", "fuel": "wind", "mw": 60.0, "country": "VNM", "status": "operating"}}, {"type": "Feature", "id": 1002, "geometry": {"type": "Point", "coordinates": [106.485, 16.739]}, "properties": {"name": "\u0ec0\u0e82\u0eb7\u0ec8\u0ead\u0e99\u0ec4\u0e9f\u0e9f\u0ec9\u0eb2\u0e95\u0eb2\u0e94\u0eaa\u0eb0\u0ec1\u0ea5\u0e99", "fuel": "hydro", "mw": 3.2, "country": "LAO", "status": "operating"}}, {"type": "Feature", "id": 1003, "geometry": {"type": "Point", "coordinates": [107.149, 16.917]}, "properties": {"name": "Nh\u00e0 m\u00e1y \u0111i\u1ec7n m\u1eb7t tr\u1eddi Gio Th\u00e0nh 1,2", "fuel": "solar", "mw": 100.0, "country": "", "status": "operating"}}, {"type": "Feature", "id": 1004, "geometry": {"type": "Point", "coordinates": [107.154, 16.916]}, "properties": {"name": "Nh\u00e0 m\u00e1y \u0110i\u1ec7n M\u1eb7t tr\u1eddi Lig Qu\u1ea3ng Tr\u1ecb", "fuel": "solar", "mw": 49.5, "country": "", "status": "operating"}}, {"type": "Feature", "id": 1005, "geometry": {"type": "Point", "coordinates": [106.831, 17.259]}, "properties": {"name": "Trang tr\u1ea1i \u0111i\u1ec7n gi\u00f3 BT2", "fuel": "wind", "mw": 0.0, "country": "VNM", "status": "operating"}}, {"type": "Feature", "id": 1006, "geometry": {"type": "Point", "coordinates": [106.872, 17.229]}, "properties": {"name": "Dohwa L\u1ec7 Th\u1ee7y", "fuel": "solar", "mw": 0.0, "country": "VNM", "status": "operating"}}, {"type": "Feature", "id": 1007, "geometry": {"type": "Point", "coordinates": [106.627, 17.276]}, "properties": {"name": "", "fuel": "hydro", "mw": 0.0, "country": "VNM", "status": "operating"}}, {"type": "Feature", "id": 1008, "geometry": {"type": "Point", "coordinates": [106.861, 16.615]}, "properties": {"name": "Nh\u00e0 m\u00e1y th\u1ee7y \u0111i\u1ec7n \u0110akr\u00f4ng 4", "fuel": "hydro", "mw": 0.0, "country": "VNM", "status": "operating"}}, {"type": "Feature", "id": 1009, "geometry": {"type": "Point", "coordinates": [106.97, 16.505]}, "properties": {"name": "NMT\u0110 \u0110akr\u00f4ng 1", "fuel": "hydro", "mw": 0.0, "country": "VNM", "status": "operating"}}, {"type": "Feature", "id": 1010, "geometry": {"type": "Point", "coordinates": [103.686, 22.503]}, "properties": {"name": "", "fuel": "hydro", "mw": 0.0, "country": "VNM", "status": "operating"}}, {"type": "Feature", "id": 1011, "geometry": {"type": "Point", "coordinates": [103.699, 22.526]}, "properties": {"name": "", "fuel": "hydro", "mw": 0.0, "country": "VNM", "status": "operating"}}, {"type": "Feature", "id": 1012, "geometry": {"type": "Point", "coordinates": [103.727, 22.731]}, "properties": {"name": "", "fuel": "hydro", "mw": 0.0, "country": "", "status": "operating"}}, {"type": "Feature", "id": 1013, "geometry": {"type": "Point", "coordinates": [103.74, 22.541]}, "properties": {"name": "", "fuel": "hydro", "mw": 0.0, "country": "VNM", "status": "operating"}}, {"type": "Feature", "id": 1014, "geometry": {"type": "Point", "coordinates": [103.792, 22.181]}, "properties": {"name": "", "fuel": "hydro", "mw": 0.0, "country": "VNM", "status": "operating"}}, {"type": "Feature", "id": 1015, "geometry": {"type": "Point", "coordinates": [103.797, 22.604]}, "properties": {"name": "Nh\u00e0 m\u00e1y th\u1ee7y \u0111i\u1ec7n Ng\u00f2i Ph\u00e1t", "fuel": "hydro", "mw": 84.0, "country": "VNM", "status": "operating"}}, {"type": "Feature", "id": 1016, "geometry": {"type": "Point", "coordinates": [103.939, 22.271]}, "properties": {"name": "Nh\u00e0 m\u00e1y th\u1ee7y \u0111i\u1ec7n S\u1eed P\u00e1n 1", "fuel": "hydro", "mw": 30.0, "country": "VNM", "status": "operating"}}, {"type": "Feature", "id": 1017, "geometry": {"type": "Point", "coordinates": [103.962, 22.263]}, "properties": {"name": "Nh\u00e0 m\u00e1y th\u1ee7y \u0111i\u1ec7n N\u1eadm To\u00f3ng", "fuel": "hydro", "mw": 34.0, "country": "VNM", "status": "operating"}}, {"type": "Feature", "id": 1018, "geometry": {"type": "Point", "coordinates": [103.963, 22.264]}, "properties": {"name": "Nh\u00e0 m\u00e1y th\u1ee7y \u0111i\u1ec7n S\u1eed P\u00e1n 2", "fuel": "hydro", "mw": 34.0, "country": "VNM", "status": "operating"}}, {"type": "Feature", "id": 1019, "geometry": {"type": "Point", "coordinates": [103.976, 22.261]}, "properties": {"name": "", "fuel": "hydro", "mw": 0.0, "country": "VNM", "status": "operating"}}, {"type": "Feature", "id": 1020, "geometry": {"type": "Point", "coordinates": [103.993, 22.041]}, "properties": {"name": "", "fuel": "hydro", "mw": 0.0, "country": "VNM", "status": "operating"}}, {"type": "Feature", "id": 1021, "geometry": {"type": "Point", "coordinates": [103.999, 22.039]}, "properties": {"name": "", "fuel": "hydro", "mw": 0.0, "country": "VNM", "status": "operating"}}, {"type": "Feature", "id": 1022, "geometry": {"type": "Point", "coordinates": [104.006, 22.29]}, "properties": {"name": "", "fuel": "hydro", "mw": 0.0, "country": "VNM", "status": "operating"}}, {"type": "Feature", "id": 1023, "geometry": {"type": "Point", "coordinates": [104.012, 22.293]}, "properties": {"name": "", "fuel": "hydro", "mw": 0.0, "country": "VNM", "status": "operating"}}, {"type": "Feature", "id": 1024, "geometry": {"type": "Point", "coordinates": [104.027, 22.037]}, "properties": {"name": "", "fuel": "hydro", "mw": 0.0, "country": "VNM", "status": "operating"}}, {"type": "Feature", "id": 1025, "geometry": {"type": "Point", "coordinates": [104.057, 22.324]}, "properties": {"name": "Nh\u00e0 m\u00e1y th\u1ee7y \u0111i\u1ec7n T\u00e0 Th\u00e0ng", "fuel": "hydro", "mw": 60.0, "country": "VNM", "status": "operating"}}, {"type": "Feature", "id": 1026, "geometry": {"type": "Point", "coordinates": [104.075, 22.009]}, "properties": {"name": "", "fuel": "hydro", "mw": 0.0, "country": "VNM", "status": "operating"}}, {"type": "Feature", "id": 1027, "geometry": {"type": "Point", "coordinates": [104.084, 22.036]}, "properties": {"name": "", "fuel": "hydro", "mw": 0.0, "country": "VNM", "status": "operating"}}, {"type": "Feature", "id": 1028, "geometry": {"type": "Point", "coordinates": [104.11, 22.06]}, "properties": {"name": "", "fuel": "hydro", "mw": 0.0, "country": "VNM", "status": "operating"}}, {"type": "Feature", "id": 1029, "geometry": {"type": "Point", "coordinates": [104.116, 22.057]}, "properties": {"name": "", "fuel": "hydro", "mw": 0.0, "country": "VNM", "status": "operating"}}, {"type": "Feature", "id": 1030, "geometry": {"type": "Point", "coordinates": [104.195, 22.507]}, "properties": {"name": "Th\u1ee7y \u0111i\u1ec7n B\u1eafc H\u00e0", "fuel": "hydro", "mw": 90.0, "country": "VNM", "status": "operating"}}, {"type": "Feature", "id": 1031, "geometry": {"type": "Point", "coordinates": [104.27, 22.742]}, "properties": {"name": "", "fuel": "hydro", "mw": 0.0, "country": "VNM", "status": "operating"}}, {"type": "Feature", "id": 1032, "geometry": {"type": "Point", "coordinates": [104.543, 22.2]}, "properties": {"name": "", "fuel": "hydro", "mw": 0.0, "country": "VNM", "status": "operating"}}, {"type": "Feature", "id": 1033, "geometry": {"type": "Point", "coordinates": [103.692, 22.353]}, "properties": {"name": "Nh\u00e0 m\u00e1y Thu\u1ef7 \u0111i\u1ec7n N\u1eadm Thi 2", "fuel": "hydro", "mw": 0.0, "country": "VNM", "status": "operating"}}, {"type": "Feature", "id": 1034, "geometry": {"type": "Point", "coordinates": [107.382, 21.365]}, "properties": {"name": "", "fuel": "hydro", "mw": 0.0, "country": "VNM", "status": "operating"}}, {"type": "Feature", "id": 1035, "geometry": {"type": "Point", "coordinates": [106.101, 22.619]}, "properties": {"name": "Thu\u1ef7 \u0111i\u1ec7n Hoa Th\u00e1m", "fuel": "hydro", "mw": 0.0, "country": "VNM", "status": "operating"}}, {"type": "Feature", "id": 1036, "geometry": {"type": "Point", "coordinates": [106.59, 22.664]}, "properties": {"name": "", "fuel": "hydro", "mw": 0.0, "country": "VNM", "status": "operating"}}, {"type": "Feature", "id": 1037, "geometry": {"type": "Point", "coordinates": [108.321, 10.999]}, "properties": {"name": "Nh\u00e0 m\u00e1y \u0111i\u1ec7n m\u1eb7t tr\u1eddi M\u0169i N\u00e9", "fuel": "solar", "mw": 40.0, "country": "VNM", "status": "operating"}}, {"type": "Feature", "id": 1038, "geometry": {"type": "Point", "coordinates": [108.324, 11.014]}, "properties": {"name": "Hong Phong\u00a01 wind farm", "fuel": "wind", "mw": 42.4, "country": "VNM", "status": "operating"}}, {"type": "Feature", "id": 1039, "geometry": {"type": "Point", "coordinates": [108.409, 11.051]}, "properties": {"name": "Thuan Nhien Phong wind farm", "fuel": "wind", "mw": 0.0, "country": "VNM", "status": "operating"}}, {"type": "Feature", "id": 1040, "geometry": {"type": "Point", "coordinates": [108.386, 11.064]}, "properties": {"name": "Hoa Thang 1.2 wind farm", "fuel": "wind", "mw": 0.0, "country": "VNM", "status": "operating"}}, {"type": "Feature", "id": 1041, "geometry": {"type": "Point", "coordinates": [108.691, 11.224]}, "properties": {"name": "Phu Lac I wind farm", "fuel": "wind", "mw": 0.0, "country": "VNM", "status": "operating"}}, {"type": "Feature", "id": 1042, "geometry": {"type": "Point", "coordinates": [108.69, 11.234]}, "properties": {"name": "Phu Lac II wind farm", "fuel": "wind", "mw": 0.0, "country": "VNM", "status": "operating"}}, {"type": "Feature", "id": 1043, "geometry": {"type": "Point", "coordinates": [108.678, 11.239]}, "properties": {"name": "", "fuel": "solar", "mw": 0.0, "country": "VNM", "status": "operating"}}, {"type": "Feature", "id": 1044, "geometry": {"type": "Point", "coordinates": [108.722, 11.298]}, "properties": {"name": "", "fuel": "solar", "mw": 0.0, "country": "VNM", "status": "operating"}}, {"type": "Feature", "id": 1045, "geometry": {"type": "Point", "coordinates": [108.811, 11.314]}, "properties": {"name": "\u0110i\u1ec7n m\u1eb7t tr\u1eddi V\u0129nh T\u00e2n 1", "fuel": "solar", "mw": 6.2, "country": "VNM", "status": "operating"}}, {"type": "Feature", "id": 1046, "geometry": {"type": "Point", "coordinates": [108.361, 11.329]}, "properties": {"name": "Nh\u00e0 m\u00e1y \u0111i\u1ec7n m\u1eb7t tr\u1eddi Phan L\u00e2m 1", "fuel": "solar", "mw": 36.7, "country": "VNM", "status": "operating"}}, {"type": "Feature", "id": 1047, "geometry": {"type": "Point", "coordinates": [108.871, 11.438]}, "properties": {"name": "", "fuel": "solar", "mw": 0.0, "country": "VNM", "status": "operating"}}, {"type": "Feature", "id": 1048, "geometry": {"type": "Point", "coordinates": [108.997, 11.435]}, "properties": {"name": "", "fuel": "solar", "mw": 0.0, "country": "VNM", "status": "operating"}}, {"type": "Feature", "id": 1049, "geometry": {"type": "Point", "coordinates": [108.798, 11.461]}, "properties": {"name": "", "fuel": "solar", "mw": 0.0, "country": "VNM", "status": "operating"}}, {"type": "Feature", "id": 1050, "geometry": {"type": "Point", "coordinates": [108.965, 11.469]}, "properties": {"name": "", "fuel": "solar", "mw": 0.0, "country": "VNM", "status": "operating"}}]}