{"type": "FeatureCollection", "features": [{"type": "Feature", "id": 0, "geometry": {"type": "Point", "coordinates": [-76.735, -12.544]}, "properties": {"name": "Planta Termoel\u00e9ctrica Fenix Power", "fuel": "gas", "mw": 570.0, "country": "", "status": "operating"}}, {"type": "Feature", "id": 1, "geometry": {"type": "Point", "coordinates": [-76.717, -12.521]}, "properties": {"name": "Central T\u00e9rmica Las Flores", "fuel": "gas", "mw": 325.0, "country": "", "status": "operating"}}, {"type": "Feature", "id": 2, "geometry": {"type": "Point", "coordinates": [-76.729, -12.503]}, "properties": {"name": "Central Termoel\u00e9ctrica Chilca Uno", "fuel": "gas", "mw": 862.0, "country": "", "status": "operating"}}, {"type": "Feature", "id": 3, "geometry": {"type": "Point", "coordinates": [-76.729, -12.498]}, "properties": {"name": "Central Termoel\u00e9ctrica Kallpa", "fuel": "gas", "mw": 908.0, "country": "", "status": "operating"}}, {"type": "Feature", "id": 4, "geometry": {"type": "Point", "coordinates": [-76.716, -12.494]}, "properties": {"name": "Central Termoel\u00e9ctrica Santo Domingo de los Olleros", "fuel": "gas", "mw": 300.0, "country": "PER", "status": "operating"}}, {"type": "Feature", "id": 5, "geometry": {"type": "Point", "coordinates": [-77.011, -12.04]}, "properties": {"name": "Central Termo El\u00e9ctrica Santa Rosa", "fuel": "gas", "mw": 414.6, "country": "PER", "status": "operating"}}, {"type": "Feature", "id": 6, "geometry": {"type": "Point", "coordinates": [-77.061, -11.977]}, "properties": {"name": "Llamagas", "fuel": "gas", "mw": 0.0, "country": "PER", "status": "operating"}}, {"type": "Feature", "id": 7, "geometry": {"type": "Point", "coordinates": [-77.119, -11.938]}, "properties": {"name": "Central T\u00e9rmica Ciclo Combinado Ventanilla", "fuel": "gas", "mw": 485.0, "country": "PER", "status": "operating"}}, {"type": "Feature", "id": 8, "geometry": {"type": "Point", "coordinates": [-76.624, -11.837]}, "properties": {"name": "Central de Energ\u00eda Hidroel\u00e9ctrica de Callahuanca", "fuel": "hydro", "mw": 84.2, "country": "PER", "status": "operating"}}, {"type": "Feature", "id": 9, "geometry": {"type": "Point", "coordinates": [-76.614, -11.76]}, "properties": {"name": "Central Hidroel\u00e9ctrica Huinco", "fuel": "hydro", "mw": 270.0, "country": "PER", "status": "operating"}}, {"type": "Feature", "id": 10, "geometry": {"type": "Point", "coordinates": [-76.502, -11.661]}, "properties": {"name": "Central Hidroel\u00e9ctrica Carhuac", "fuel": "hydro", "mw": 20.0, "country": "PER", "status": "operating"}}, {"type": "Feature", "id": 11, "geometry": {"type": "Point", "coordinates": [-76.482, -11.657]}, "properties": {"name": "Central Hidroel\u00e9ctrica Huanza", "fuel": "hydro", "mw": 96.8, "country": "PER", "status": "operating"}}, {"type": "Feature", "id": 12, "geometry": {"type": "Point", "coordinates": [-76.74, -11.259]}, "properties": {"name": "Central Hidroel\u00e9ctrica Chancay", "fuel": "hydro", "mw": 19.2, "country": "PER", "status": "operating"}}, {"type": "Feature", "id": 13, "geometry": {"type": "Point", "coordinates": [-77.097, -11.038]}, "properties": {"name": "", "fuel": "solar", "mw": 0.0, "country": "PER", "status": "operating"}}, {"type": "Feature", "id": 14, "geometry": {"type": "Point", "coordinates": [-76.78, -10.648]}, "properties": {"name": "Central Hidroel\u00e9ctrica Cashaucro", "fuel": "hydro", "mw": 4.1, "country": "PER", "status": "operating"}}, {"type": "Feature", "id": 15, "geometry": {"type": "Point", "coordinates": [-76.75, -9.565]}, "properties": {"name": "Hidroelectrica Mara\u00f1on", "fuel": "hydro", "mw": 19.2, "country": "PER", "status": "operating"}}, {"type": "Feature", "id": 16, "geometry": {"type": "Point", "coordinates": [-77.829, -8.925]}, "properties": {"name": "", "fuel": "hydro", "mw": 0.0, "country": "PER", "status": "operating"}}, {"type": "Feature", "id": 17, "geometry": {"type": "Point", "coordinates": [-77.845, -8.921]}, "properties": {"name": "", "fuel": "hydro", "mw": 0.0, "country": "PER", "status": "operating"}}, {"type": "Feature", "id": 18, "geometry": {"type": "Point", "coordinates": [-78.45, -8.725]}, "properties": {"name": "Micro Central Hidroel\u00e9ctrica Tunguche", "fuel": "hydro", "mw": 0.3, "country": "PER", "status": "operating"}}, {"type": "Feature", "id": 19, "geometry": {"type": "Point", "coordinates": [-77.909, -6.184]}, "properties": {"name": "Central Hidroel\u00e9ctrica Caclic", "fuel": "hydro", "mw": 5.0, "country": "PER", "status": "operating"}}, {"type": "Feature", "id": 20, "geometry": {"type": "Point", "coordinates": [-78.334, -8.666]}, "properties": {"name": "Micro Central Hidroel\u00e9ctrica Desarenador", "fuel": "hydro", "mw": 0.3, "country": "PER", "status": "operating"}}, {"type": "Feature", "id": 21, "geometry": {"type": "Point", "coordinates": [-77.306, -11.189]}, "properties": {"name": "Central Hidroel\u00e9ctrica Santa Rosa I", "fuel": "hydro", "mw": 1.1, "country": "PER", "status": "operating"}}, {"type": "Feature", "id": 22, "geometry": {"type": "Point", "coordinates": [-77.313, -11.2]}, "properties": {"name": "Central Hidroel\u00e9ctrica Santa Rosa II", "fuel": "hydro", "mw": 1.5, "country": "PER", "status": "operating"}}, {"type": "Feature", "id": 23, "geometry": {"type": "Point", "coordinates": [-77.317, -11.213]}, "properties": {"name": "Central Hidroel\u00e9ctrica Santa Rosa III", "fuel": "hydro", "mw": 1.5, "country": "PER", "status": "operating"}}, {"type": "Feature", "id": 24, "geometry": {"type": "Point", "coordinates": [-77.831, -8.867]}, "properties": {"name": "", "fuel": "hydro", "mw": 0.0, "country": "PER", "status": "operating"}}, {"type": "Feature", "id": 25, "geometry": {"type": "Point", "coordinates": [-77.852, -8.81]}, "properties": {"name": "Central Hidroel\u00e9ctrica Ca\u00f1on del Pato", "fuel": "hydro", "mw": 266.0, "country": "PER", "status": "operating"}}, {"type": "Feature", "id": 26, "geometry": {"type": "Point", "coordinates": [-77.852, -8.803]}, "properties": {"name": "Central Hidroel\u00e9ctrica Quitaracsa", "fuel": "hydro", "mw": 115.0, "country": "PER", "status": "operating"}}, {"type": "Feature", "id": 27, "geometry": {"type": "Point", "coordinates": [-79.49, -7.551]}, "properties": {"name": "Planta E\u00f3lica Cupisnique", "fuel": "wind", "mw": 81.0, "country": "PER", "status": "operating"}}, {"type": "Feature", "id": 28, "geometry": {"type": "Point", "coordinates": [-79.213, -7.238]}, "properties": {"name": "Central Hidroel\u00e9ctrica de Gallito Ciego", "fuel": "hydro", "mw": 38.1, "country": "PER", "status": "operating"}}, {"type": "Feature", "id": 29, "geometry": {"type": "Point", "coordinates": [-79.79, -6.885]}, "properties": {"name": "Planta de Reserva Fr\u00eda de Generaci\u00f3n \u00c9ten", "fuel": "oil", "mw": 235.6, "country": "PER", "status": "operating"}}, {"type": "Feature", "id": 30, "geometry": {"type": "Point", "coordinates": [-79.792, -6.879]}, "properties": {"name": "Central T\u00e9rmica Recka", "fuel": "gas", "mw": 181.3, "country": "PER", "status": "operating"}}, {"type": "Feature", "id": 31, "geometry": {"type": "Point", "coordinates": [-79.101, -6.869]}, "properties": {"name": "Central Hidroel\u00e9ctrica Buenos Aires Niepos", "fuel": "hydro", "mw": 1.0, "country": "PER", "status": "operating"}}, {"type": "Feature", "id": 32, "geometry": {"type": "Point", "coordinates": [-79.14, -6.866]}, "properties": {"name": "", "fuel": "hydro", "mw": 0.0, "country": "PER", "status": "operating"}}, {"type": "Feature", "id": 33, "geometry": {"type": "Point", "coordinates": [-79.791, -6.65]}, "properties": {"name": "Central El\u00e9ctrica ENSA", "fuel": "unknown", "mw": 0.0, "country": "PER", "status": "operating"}}, {"type": "Feature", "id": 34, "geometry": {"type": "Point", "coordinates": [-79.205, -6.625]}, "properties": {"name": "Central Hidroel\u00e9ctrica Carhuaquero", "fuel": "hydro", "mw": 111.0, "country": "PER", "status": "operating"}}, {"type": "Feature", "id": 35, "geometry": {"type": "Point", "coordinates": [-80.174, -5.141]}, "properties": {"name": "Central T\u00e9rmica Huapalas", "fuel": "unknown", "mw": 2.0, "country": "PER", "status": "operating"}}, {"type": "Feature", "id": 36, "geometry": {"type": "Point", "coordinates": [-81.102, -5.086]}, "properties": {"name": "ENOSA", "fuel": "unknown", "mw": 0.0, "country": "PER", "status": "operating"}}, {"type": "Feature", "id": 37, "geometry": {"type": "Point", "coordinates": [-80.631, -5.038]}, "properties": {"name": "Central Hidroel\u00e9ctrica Curumuy", "fuel": "hydro", "mw": 12.6, "country": "PER", "status": "operating"}}, {"type": "Feature", "id": 38, "geometry": {"type": "Point", "coordinates": [-81.04, -4.99]}, "properties": {"name": "Estaci\u00f3n Olympic Lote XIII - Tablazo", "fuel": "oil", "mw": 0.0, "country": "PER", "status": "operating"}}, {"type": "Feature", "id": 39, "geometry": {"type": "Point", "coordinates": [-79.096, -4.848]}, "properties": {"name": "Hidroelectrica Isimanchi", "fuel": "hydro", "mw": 2.2, "country": "ECU", "status": "operating"}}, {"type": "Feature", "id": 40, "geometry": {"type": "Point", "coordinates": [-80.509, -4.685]}, "properties": {"name": "Central Hidroel\u00e9ctrica de Poechos 2", "fuel": "hydro", "mw": 10.0, "country": "PER", "status": "operating"}}, {"type": "Feature", "id": 41, "geometry": {"type": "Point", "coordinates": [-80.525, -4.684]}, "properties": {"name": "Central Hidroel\u00e9ctrica de Poechos 1", "fuel": "hydro", "mw": 16.4, "country": "PER", "status": "operating"}}, {"type": "Feature", "id": 42, "geometry": {"type": "Point", "coordinates": [-79.89, -4.668]}, "properties": {"name": "Central Hidroel\u00e9ctrica Quiroz", "fuel": "hydro", "mw": 0.0, "country": "PER", "status": "operating"}}, {"type": "Feature", "id": 43, "geometry": {"type": "Point", "coordinates": [-81.285, -4.576]}, "properties": {"name": "Petroper\u00fa Talara Refinery Thermal Power Plant", "fuel": "unknown", "mw": 0.0, "country": "PER", "status": "operating"}}, {"type": "Feature", "id": 44, "geometry": {"type": "Point", "coordinates": [-81.197, -4.564]}, "properties": {"name": "Planta E\u00f3lica Talara", "fuel": "wind", "mw": 30.6, "country": "PER", "status": "operating"}}, {"type": "Feature", "id": 45, "geometry": {"type": "Point", "coordinates": [-81.266, -4.537]}, "properties": {"name": "Central T\u00e9rmica de Malacas", "fuel": "diesel", "mw": 0.0, "country": "PER", "status": "operating"}}, {"type": "Feature", "id": 46, "geometry": {"type": "Point", "coordinates": [-78.984, -4.045]}, "properties": {"name": "Central Hidroel\u00e9ctrica Delsitanisagua", "fuel": "hydro", "mw": 180.0, "country": "ECU", "status": "operating"}}, {"type": "Feature", "id": 47, "geometry": {"type": "Point", "coordinates": [-79.259, -4.002]}, "properties": {"name": "Parque E\u00f3lico de Villonaco", "fuel": "wind", "mw": 16.5, "country": "ECU", "status": "operating"}}, {"type": "Feature", "id": 48, "geometry": {"type": "Point", "coordinates": [-80.02, -3.532]}, "properties": {"name": "Parque Solar San Antonio", "fuel": "solar", "mw": 3.0, "country": "ECU", "status": "operating"}}, {"type": "Feature", "id": 49, "geometry": {"type": "Point", "coordinates": [-79.599, -3.31]}, "properties": {"name": "Central Hidroel\u00e9ctrica Minas San Francisco", "fuel": "hydro", "mw": 270.0, "country": "ECU", "status": "operating"}}, {"type": "Feature", "id": 50, "geometry": {"type": "Point", "coordinates": [-79.879, -3.116]}, "properties": {"name": "Termogas Machala", "fuel": "gas", "mw": 119.0, "country": "ECU", "status": "operating"}}, {"type": "Feature", "id": 51, "geometry": {"type": "Point", "coordinates": [-78.824, -5.709]}, "properties": {"name": "", "fuel": "solar", "mw": 0.0, "country": "PER", "status": "operating"}}, {"type": "Feature", "id": 52, "geometry": {"type": "Point", "coordinates": [-78.81, -5.688]}, "properties": {"name": "", "fuel": "unknown", "mw": 0.0, "country": "PER", "status": "operating"}}, {"type": "Feature", "id": 53, "geometry": {"type": "Point", "coordinates": [-79.371, -3.977]}, "properties": {"name": "Central Termica Catamayo", "fuel": "oil", "mw": 19.7, "country": "ECU", "status": "operating"}}, {"type": "Feature", "id": 54, "geometry": {"type": "Point", "coordinates": [-79.002, -4.037]}, "properties": {"name": "Hidroelectrica Sabanilla", "fuel": "hydro", "mw": 0.0, "country": "ECU", "status": "operating"}}, {"type": "Feature", "id": 55, "geometry": {"type": "Point", "coordinates": [-79.588, -2.134]}, "properties": {"name": "CNEL-EP", "fuel": "hydro", "mw": 0.0, "country": "ECU", "status": "operating"}}, {"type": "Feature", "id": 56, "geometry": {"type": "Point", "coordinates": [-79.491, -1.05]}, "properties": {"name": "La Central Termoel\u00e9ctrica Quevedo II", "fuel": "oil", "mw": 102.0, "country": "ECU", "status": "operating"}}, {"type": "Feature", "id": 57, "geometry": {"type": "Point", "coordinates": [-79.458, -0.686]}, "properties": {"name": "CELEC EP HIDRONACION Bodegas Baba", "fuel": "hydro", "mw": 0.0, "country": "ECU", "status": "operating"}}, {"type": "Feature", "id": 58, "geometry": {"type": "Point", "coordinates": [-79.458, -0.684]}, "properties": {"name": "CELEC EP HIDRONACION Oficinas y Campamento Baba", "fuel": "hydro", "mw": 0.0, "country": "ECU", "status": "operating"}}, {"type": "Feature", "id": 59, "geometry": {"type": "Point", "coordinates": [-79.361, -1.446]}, "properties": {"name": "Central Hidroel\u00e9ctrica Hidrosibimbe", "fuel": "hydro", "mw": 15.4, "country": "ECU", "status": "operating"}}, {"type": "Feature", "id": 60, "geometry": {"type": "Point", "coordinates": [-79.351, -2.442]}, "properties": {"name": "", "fuel": "biomass", "mw": 29.8, "country": "ECU", "status": "operating"}}, {"type": "Feature", "id": 61, "geometry": {"type": "Point", "coordinates": [-79.246, -2.5]}, "properties": {"name": "Central Hidroelectrica Oca\u00f1a", "fuel": "hydro", "mw": 26.1, "country": "ECU", "status": "operating"}}, {"type": "Feature", "id": 62, "geometry": {"type": "Point", "coordinates": [-79.239, -0.994]}, "properties": {"name": "La Central Hidroel\u00e9ctrica Calope", "fuel": "hydro", "mw": 16.5, "country": "ECU", "status": "operating"}}, {"type": "Feature", "id": 63, "geometry": {"type": "Point", "coordinates": [-79.209, -1.957]}, "properties": {"name": "Hidroelectrica \"Hidrotambo\"", "fuel": "hydro", "mw": 8.0, "country": "ECU", "status": "operating"}}, {"type": "Feature", "id": 64, "geometry": {"type": "Point", "coordinates": [-79.013, -2.755]}, "properties": {"name": "CENTRAL HIDROEL\u00c9CTRICA SAUCAY", "fuel": "hydro", "mw": 0.0, "country": "ECU", "status": "operating"}}, {"type": "Feature", "id": 65, "geometry": {"type": "Point", "coordinates": [-79.008, -2.8]}, "properties": {"name": "", "fuel": "hydro", "mw": 0.0, "country": "ECU", "status": "operating"}}, {"type": "Feature", "id": 66, "geometry": {"type": "Point", "coordinates": [-78.933, -2.859]}, "properties": {"name": "CELEC EP", "fuel": "unknown", "mw": 0.0, "country": "ECU", "status": "operating"}}, {"type": "Feature", "id": 67, "geometry": {"type": "Point", "coordinates": [-78.925, -1.129]}, "properties": {"name": "", "fuel": "hydro", "mw": 0.3, "country": "ECU", "status": "operating"}}, {"type": "Feature", "id": 68, "geometry": {"type": "Point", "coordinates": [-78.913, 0.215]}, "properties": {"name": "Central Hidroel\u00e9ctrica Manduriacu", "fuel": "hydro", "mw": 0.0, "country": "ECU", "status": "operating"}}, {"type": "Feature", "id": 69, "geometry": {"type": "Point", "coordinates": [-78.875, -2.838]}, "properties": {"name": "Central Termoel\u00e9ctrica El Descanso", "fuel": "diesel", "mw": 19.2, "country": "ECU", "status": "operating"}}, {"type": "Feature", "id": 70, "geometry": {"type": "Point", "coordinates": [-78.683, 0.157]}, "properties": {"name": "Hidroel\u00e9ctrica Palmira-Nanegal", "fuel": "hydro", "mw": 10.4, "country": "ECU", "status": "operating"}}, {"type": "Feature", "id": 71, "geometry": {"type": "Point", "coordinates": [-78.657, -2.573]}, "properties": {"name": "Alaz\u00e1n", "fuel": "hydro", "mw": 6.2, "country": "ECU", "status": "operating"}}, {"type": "Feature", "id": 72, "geometry": {"type": "Point", "coordinates": [-78.649, -1.659]}, "properties": {"name": "", "fuel": "unknown", "mw": 0.0, "country": "ECU", "status": "operating"}}, {"type": "Feature", "id": 73, "geometry": {"type": "Point", "coordinates": [-78.616, -2.593]}, "properties": {"name": "CASA DE MAQUINAS", "fuel": "hydro", "mw": 170.0, "country": "ECU", "status": "operating"}}, {"type": "Feature", "id": 74, "geometry": {"type": "Point", "coordinates": [-78.603, -1.24]}, "properties": {"name": "Central Hidroel\u00e9ctrica el Bat\u00e1n", "fuel": "hydro", "mw": 3.3, "country": "ECU", "status": "operating"}}, {"type": "Feature", "id": 75, "geometry": {"type": "Point", "coordinates": [-78.551, -0.464]}, "properties": {"name": "La Galera", "fuel": "hydro", "mw": 2.0, "country": "ECU", "status": "operating"}}, {"type": "Feature", "id": 76, "geometry": {"type": "Point", "coordinates": [-78.54, -0.363]}, "properties": {"name": "Central Termoel\u00e9ctrica Santa Rosa", "fuel": "oil", "mw": 51.0, "country": "ECU", "status": "operating"}}, {"type": "Feature", "id": 77, "geometry": {"type": "Point", "coordinates": [-78.529, -0.919]}, "properties": {"name": "Central hidroel\u00e9ctrica Illuchi N. 1", "fuel": "hydro", "mw": 4.2, "country": "ECU", "status": "operating"}}, {"type": "Feature", "id": 78, "geometry": {"type": "Point", "coordinates": [-78.51, -2.576]}, "properties": {"name": "Central hidroel\u00e9ctrica Molino", "fuel": "hydro", "mw": 1100.0, "country": "ECU", "status": "operating"}}, {"type": "Feature", "id": 79, "geometry": {"type": "Point", "coordinates": [-78.481, -0.428]}, "properties": {"name": "Pasachoa", "fuel": "hydro", "mw": 4.5, "country": "ECU", "status": "operating"}}, {"type": "Feature", "id": 80, "geometry": {"type": "Point", "coordinates": [-78.467, -2.591]}, "properties": {"name": "Sopladora", "fuel": "hydro", "mw": 487.0, "country": "ECU", "status": "operating"}}, {"type": "Feature", "id": 81, "geometry": {"type": "Point", "coordinates": [-78.454, -1.08]}, "properties": {"name": "Central Hidroel\u00e9ctrica Pucar\u00e1", "fuel": "hydro", "mw": 73.0, "country": "ECU", "status": "operating"}}, {"type": "Feature", "id": 82, "geometry": {"type": "Point", "coordinates": [-78.454, -0.261]}, "properties": {"name": "Central Hidroel\u00e9ctrica Guangopolo", "fuel": "hydro", "mw": 20.9, "country": "ECU", "status": "operating"}}, {"type": "Feature", "id": 83, "geometry": {"type": "Point", "coordinates": [-78.451, -0.271]}, "properties": {"name": "Central Termoel\u00e9ctrica Guangopolo", "fuel": "diesel", "mw": 33.0, "country": "ECU", "status": "operating"}}, {"type": "Feature", "id": 84, "geometry": {"type": "Point", "coordinates": [-78.419, -0.186]}, "properties": {"name": "Central hidroel\u00e9ctrica Cumbaya", "fuel": "hydro", "mw": 40.0, "country": "ECU", "status": "operating"}}, {"type": "Feature", "id": 85, "geometry": {"type": "Point", "coordinates": [-78.417, -0.375]}, "properties": {"name": "Los Chillos", "fuel": "hydro", "mw": 1.8, "country": "ECU", "status": "operating"}}, {"type": "Feature", "id": 86, "geometry": {"type": "Point", "coordinates": [-78.413, -0.308]}, "properties": {"name": "", "fuel": "unknown", "mw": 0.0, "country": "ECU", "status": "operating"}}, {"type": "Feature", "id": 87, "geometry": {"type": "Point", "coordinates": [-78.413, -0.164]}, "properties": {"name": "Central Hidroel\u00e9ctrica Nay\u00f3n", "fuel": "hydro", "mw": 29.7, "country": "ECU", "status": "operating"}}, {"type": "Feature", "id": 88, "geometry": {"type": "Point", "coordinates": [-78.408, 0.004]}, "properties": {"name": "Vindobona", "fuel": "hydro", "mw": 5.9, "country": "ECU", "status": "operating"}}, {"type": "Feature", "id": 89, "geometry": {"type": "Point", "coordinates": [-78.372, -2.724]}, "properties": {"name": "Hidroel\u00e9ctrico San Bartolo", "fuel": "hydro", "mw": 0.0, "country": "ECU", "status": "operating"}}, {"type": "Feature", "id": 90, "geometry": {"type": "Point", "coordinates": [-78.54, -1.662]}, "properties": {"name": "Central Hidroel\u00e9ctrica Rio Blanco", "fuel": "hydro", "mw": 0.0, "country": "ECU", "status": "operating"}}, {"type": "Feature", "id": 91, "geometry": {"type": "Point", "coordinates": [-78.461, -2.591]}, "properties": {"name": "Central Hidroel\u00e9ctrica SOPLADORA", "fuel": "hydro", "mw": 0.0, "country": "ECU", "status": "operating"}}, {"type": "Feature", "id": 92, "geometry": {"type": "Point", "coordinates": [-79.006, -2.904]}, "properties": {"name": "05-013-2023", "fuel": "solar", "mw": 0.0, "country": "ECU", "status": "operating"}}, {"type": "Feature", "id": 93, "geometry": {"type": "Point", "coordinates": [-78.807, -1.56]}, "properties": {"name": "Chimborazo", "fuel": "hydro", "mw": 0.0, "country": "ECU", "status": "operating"}}, {"type": "Feature", "id": 94, "geometry": {"type": "Point", "coordinates": [-90.958, -0.947]}, "properties": {"name": "Sistema H\u00edbrido Isabela", "fuel": "solar", "mw": 0.9, "country": "ECU", "status": "operating"}}, {"type": "Feature", "id": 95, "geometry": {"type": "Point", "coordinates": [-89.615, -0.909]}, "properties": {"name": "", "fuel": "solar", "mw": 0.0, "country": "", "status": "operating"}}, {"type": "Feature", "id": 96, "geometry": {"type": "Point", "coordinates": [-89.499, -0.892]}, "properties": {"name": "Parque E\u00f3lico San Cristobal", "fuel": "wind", "mw": 2.4, "country": "ECU", "status": "operating"}}, {"type": "Feature", "id": 97, "geometry": {"type": "Point", "coordinates": [-80.846, -2.241]}, "properties": {"name": "Termoel\u00e9ctrica Santa Elena", "fuel": "oil", "mw": 90.0, "country": "ECU", "status": "operating"}}, {"type": "Feature", "id": 98, "geometry": {"type": "Point", "coordinates": [-80.722, -0.958]}, "properties": {"name": "Central Termica Miraflores", "fuel": "diesel", "mw": 0.0, "country": "", "status": "operating"}}, {"type": "Feature", "id": 99, "geometry": {"type": "Point", "coordinates": [-80.679, -0.962]}, "properties": {"name": "Central Termoel\u00e9ctrica Manta", "fuel": "oil", "mw": 20.4, "country": "ECU", "status": "operating"}}, {"type": "Feature", "id": 100, "geometry": {"type": "Point", "coordinates": [-80.642, -0.981]}, "properties": {"name": "Termoelectrica Jaramij\u00f3", "fuel": "oil", "mw": 140.0, "country": "ECU", "status": "operating"}}, {"type": "Feature", "id": 101, "geometry": {"type": "Point", "coordinates": [-80.249, -2.343]}, "properties": {"name": "", "fuel": "solar", "mw": 2.0, "country": "ECU", "status": "operating"}}, {"type": "Feature", "id": 102, "geometry": {"type": "Point", "coordinates": [-80.133, -2.824]}, "properties": {"name": "Central T\u00e9rmica Campo Alegre", "fuel": "diesel", "mw": 0.3, "country": "ECU", "status": "operating"}}, {"type": "Feature", "id": 103, "geometry": {"type": "Point", "coordinates": [-79.954, -2.197]}, "properties": {"name": "Central Termoel\u00e9ctrica \u201cIng. Gonzalo Cevallos Guzm\u00e1n\u201d", "fuel": "oil", "mw": 166.0, "country": "ECU", "status": "operating"}}, {"type": "Feature", "id": 104, "geometry": {"type": "Point", "coordinates": [-79.948, -2.052]}, "properties": {"name": "Central Dr. Enrique Garc\u00eda", "fuel": "oil", "mw": 102.0, "country": "ECU", "status": "operating"}}, {"type": "Feature", "id": 105, "geometry": {"type": "Point", "coordinates": [-79.91, -2.251]}, "properties": {"name": "Central Trinitaria", "fuel": "oil", "mw": 133.0, "country": "ECU", "status": "operating"}}, {"type": "Feature", "id": 106, "geometry": {"type": "Point", "coordinates": [-79.861, -2.263]}, "properties": {"name": "Termoguayas Barge Power Stations", "fuel": "unknown", "mw": 0.0, "country": "", "status": "operating"}}, {"type": "Feature", "id": 107, "geometry": {"type": "Point", "coordinates": [-79.753, -0.928]}, "properties": {"name": "Central Hidroel\u00e9ctrica Marcel Laniado de Wind", "fuel": "hydro", "mw": 213.0, "country": "ECU", "status": "operating"}}, {"type": "Feature", "id": 108, "geometry": {"type": "Point", "coordinates": [-79.712, -1.908]}, "properties": {"name": "Sansau", "fuel": "solar", "mw": 1.0, "country": "ECU", "status": "operating"}}, {"type": "Feature", "id": 109, "geometry": {"type": "Point", "coordinates": [-79.707, 0.945]}, "properties": {"name": "", "fuel": "solar", "mw": 0.0, "country": "ECU", "status": "operating"}}, {"type": "Feature", "id": 110, "geometry": {"type": "Point", "coordinates": [-79.689, 0.926]}, "properties": {"name": "Central T\u00e9rmica Esmeraldas", "fuel": "oil", "mw": 232.0, "country": "ECU", "status": "operating"}}, {"type": "Feature", "id": 111, "geometry": {"type": "Point", "coordinates": [-79.862, -2.262]}, "properties": {"name": "Termoguayas Barge Power Station", "fuel": "unknown", "mw": 0.0, "country": "", "status": "operating"}}, {"type": "Feature", "id": 112, "geometry": {"type": "Point", "coordinates": [-79.861, -2.263]}, "properties": {"name": "Termoguayas Barge Power Station", "fuel": "oil", "mw": 0.0, "country": "", "status": "operating"}}, {"type": "Feature", "id": 113, "geometry": {"type": "Point", "coordinates": [-79.861, -2.266]}, "properties": {"name": "Victoria-II Barge Power Plant", "fuel": "unknown", "mw": 0.0, "country": "", "status": "operating"}}, {"type": "Feature", "id": 114, "geometry": {"type": "Point", "coordinates": [-80.148, -1.89]}, "properties": {"name": "", "fuel": "biogas", "mw": 0.0, "country": "ECU", "status": "operating"}}, {"type": "Feature", "id": 115, "geometry": {"type": "Point", "coordinates": [-90.321, -0.744]}, "properties": {"name": "", "fuel": "solar", "mw": 1.5, "country": "ECU", "status": "operating"}}, {"type": "Feature", "id": 116, "geometry": {"type": "Point", "coordinates": [-90.322, -0.74]}, "properties": {"name": "Planta El\u00e9ctrica ELECGALAPAGOS", "fuel": "oil", "mw": 4.2, "country": "ECU", "status": "operating"}}, {"type": "Feature", "id": 117, "geometry": {"type": "Point", "coordinates": [-90.268, -0.443]}, "properties": {"name": "Fotovoltaico Baltra", "fuel": "solar", "mw": 1.0, "country": "", "status": "operating"}}, {"type": "Feature", "id": 118, "geometry": {"type": "Point", "coordinates": [-90.266, -0.442]}, "properties": {"name": "Parque E\u00f3lico Baltra-Santa Cruz", "fuel": "wind", "mw": 2.2, "country": "", "status": "operating"}}, {"type": "Feature", "id": 119, "geometry": {"type": "Point", "coordinates": [-77.276, 8.504]}, "properties": {"name": "", "fuel": "diesel", "mw": 0.0, "country": "COL", "status": "operating"}}, {"type": "Feature", "id": 120, "geometry": {"type": "Point", "coordinates": [-77.37, 8.667]}, "properties": {"name": "", "fuel": "solar", "mw": 0.0, "country": "", "status": "operating"}}, {"type": "Feature", "id": 121, "geometry": {"type": "Point", "coordinates": [-81.729, 12.553]}, "properties": {"name": "Punta Evans", "fuel": "diesel", "mw": 55.0, "country": "", "status": "operating"}}, {"type": "Feature", "id": 122, "geometry": {"type": "Point", "coordinates": [-78.176, -2.262]}, "properties": {"name": "ESTACI\u00d3N HIDROABANICO", "fuel": "hydro", "mw": 38.5, "country": "ECU", "status": "operating"}}, {"type": "Feature", "id": 123, "geometry": {"type": "Point", "coordinates": [-78.269, -2.226]}, "properties": {"name": "Hidronormandia", "fuel": "hydro", "mw": 0.0, "country": "ECU", "status": "operating"}}, {"type": "Feature", "id": 124, "geometry": {"type": "Point", "coordinates": [-78.264, -1.409]}, "properties": {"name": "Central Hidroel\u00e9ctrica San Francisco", "fuel": "hydro", "mw": 0.0, "country": "ECU", "status": "operating"}}, {"type": "Feature", "id": 125, "geometry": {"type": "Point", "coordinates": [-78.36, -1.398]}, "properties": {"name": "Central Hidroelectrica Agoy\u00e1n", "fuel": "hydro", "mw": 0.0, "country": "ECU", "status": "operating"}}, {"type": "Feature", "id": 126, "geometry": {"type": "Point", "coordinates": [-77.62, -0.995]}, "properties": {"name": "Hidroel\u00e9ctrica Pusuno, Casa de M\u00e1quinas 1", "fuel": "hydro", "mw": 38.2, "country": "ECU", "status": "operating"}}, {"type": "Feature", "id": 127, "geometry": {"type": "Point", "coordinates": [-76.887, -0.708]}, "properties": {"name": "Estaci\u00f3n Auca Sur", "fuel": "oil", "mw": 0.0, "country": "ECU", "status": "operating"}}, {"type": "Feature", "id": 128, "geometry": {"type": "Point", "coordinates": [-76.881, -0.373]}, "properties": {"name": "Estacion Sacha Sur", "fuel": "oil", "mw": 0.0, "country": "ECU", "status": "operating"}}, {"type": "Feature", "id": 129, "geometry": {"type": "Point", "coordinates": [-76.876, -0.334]}, "properties": {"name": "La Central Termoel\u00e9ctrica Sacha", "fuel": "gas", "mw": 20.4, "country": "ECU", "status": "operating"}}, {"type": "Feature", "id": 130, "geometry": {"type": "Point", "coordinates": [-78.357, -0.293]}, "properties": {"name": "", "fuel": "biogas", "mw": 5.5, "country": "ECU", "status": "operating"}}, {"type": "Feature", "id": 131, "geometry": {"type": "Point", "coordinates": [-77.686, -0.198]}, "properties": {"name": "Coca Codo Sinclair", "fuel": "hydro", "mw": 1500.0, "country": "ECU", "status": "operating"}}, {"type": "Feature", "id": 132, "geometry": {"type": "Point", "coordinates": [-76.832, -0.184]}, "properties": {"name": "La Central de Generaci\u00f3n Termoel\u00e9ctrica Jivino", "fuel": "oil", "mw": 44.0, "country": "ECU", "status": "operating"}}, {"type": "Feature", "id": 133, "geometry": {"type": "Point", "coordinates": [-77.394, 0.038]}, "properties": {"name": "Hidroel\u00e9ctrico Due", "fuel": "hydro", "mw": 49.7, "country": "ECU", "status": "operating"}}, {"type": "Feature", "id": 134, "geometry": {"type": "Point", "coordinates": [-77.942, 0.416]}, "properties": {"name": "Fotovoltaica Paragachi", "fuel": "solar", "mw": 1.0, "country": "ECU", "status": "operating"}}, {"type": "Feature", "id": 135, "geometry": {"type": "Point", "coordinates": [-78.174, 0.484]}, "properties": {"name": "Salinas y Tren de Salinas", "fuel": "solar", "mw": 3.0, "country": "ECU", "status": "operating"}}, {"type": "Feature", "id": 136, "geometry": {"type": "Point", "coordinates": [-76.885, 0.683]}, "properties": {"name": "", "fuel": "unknown", "mw": 0.0, "country": "COL", "status": "operating"}}, {"type": "Feature", "id": 137, "geometry": {"type": "Point", "coordinates": [-77.335, 1.172]}, "properties": {"name": "GRANJA EOLICA", "fuel": "wind", "mw": 0.0, "country": "COL", "status": "operating"}}, {"type": "Feature", "id": 138, "geometry": {"type": "Point", "coordinates": [-77.047, 1.672]}, "properties": {"name": "Central Hidroel\u00e9ctrica R\u00edo Mayo", "fuel": "hydro", "mw": 19.8, "country": "COL", "status": "operating"}}, {"type": "Feature", "id": 139, "geometry": {"type": "Point", "coordinates": [-77.884, 2.567]}, "properties": {"name": "Energuapi", "fuel": "diesel", "mw": 0.0, "country": "COL", "status": "operating"}}, {"type": "Feature", "id": 140, "geometry": {"type": "Point", "coordinates": [-77.663, 2.77]}, "properties": {"name": "", "fuel": "unknown", "mw": 0.0, "country": "COL", "status": "operating"}}, {"type": "Feature", "id": 141, "geometry": {"type": "Point", "coordinates": [-76.705, 2.944]}, "properties": {"name": "Central hidroel\u00e9ctrica Salvajina", "fuel": "hydro", "mw": 285.0, "country": "COL", "status": "operating"}}, {"type": "Feature", "id": 142, "geometry": {"type": "Point", "coordinates": [-76.529, 3.386]}, "properties": {"name": "", "fuel": "gas", "mw": 0.0, "country": "COL", "status": "operating"}}, {"type": "Feature", "id": 143, "geometry": {"type": "Point", "coordinates": [-76.569, 3.449]}, "properties": {"name": "Central Hidroel\u00e9ctrica R\u00edo Cali", "fuel": "hydro", "mw": 1.8, "country": "COL", "status": "operating"}}, {"type": "Feature", "id": 144, "geometry": {"type": "Point", "coordinates": [-76.583, 3.454]}, "properties": {"name": "Planta 2 EPSA", "fuel": "hydro", "mw": 0.0, "country": "COL", "status": "operating"}}, {"type": "Feature", "id": 145, "geometry": {"type": "Point", "coordinates": [-76.469, 3.56]}, "properties": {"name": "Termoemcali I", "fuel": "gas", "mw": 213.0, "country": "COL", "status": "operating"}}, {"type": "Feature", "id": 146, "geometry": {"type": "Point", "coordinates": [-76.453, 3.565]}, "properties": {"name": "Termovalle", "fuel": "gas", "mw": 241.0, "country": "COL", "status": "operating"}}, {"type": "Feature", "id": 147, "geometry": {"type": "Point", "coordinates": [-76.892, 3.608]}, "properties": {"name": "Central hidroel\u00e9ctrica Alto Anchicay\u00e1", "fuel": "hydro", "mw": 355.0, "country": "COL", "status": "operating"}}, {"type": "Feature", "id": 148, "geometry": {"type": "Point", "coordinates": [-76.918, 3.609]}, "properties": {"name": "Central hidroel\u00e9ctrica Bajo Anchicay\u00e1", "fuel": "hydro", "mw": 74.0, "country": "COL", "status": "operating"}}, {"type": "Feature", "id": 149, "geometry": {"type": "Point", "coordinates": [-76.56, 3.881]}, "properties": {"name": "Central hidroel\u00e9ctrica Calima", "fuel": "hydro", "mw": 132.0, "country": "COL", "status": "operating"}}, {"type": "Feature", "id": 150, "geometry": {"type": "Point", "coordinates": [-77.069, 3.888]}, "properties": {"name": "", "fuel": "coal", "mw": 0.0, "country": "", "status": "operating"}}, {"type": "Feature", "id": 151, "geometry": {"type": "Point", "coordinates": [-77.474, 5.554]}, "properties": {"name": "Micro Central Hidroel\u00e9ctrica Arus\u00ed", "fuel": "hydro", "mw": 0.0, "country": "COL", "status": "operating"}}, {"type": "Feature", "id": 152, "geometry": {"type": "Point", "coordinates": [-77.313, 6.043]}, "properties": {"name": "Peque\u00f1a Central Hidroel\u00e9ctrica de Mutat\u00e1", "fuel": "hydro", "mw": 1.9, "country": "COL", "status": "operating"}}, {"type": "Feature", "id": 153, "geometry": {"type": "Point", "coordinates": [-77.414, 6.772]}, "properties": {"name": "Peque\u00f1a Central Hidroel\u00e9ctrica de Cupica", "fuel": "hydro", "mw": 0.0, "country": "COL", "status": "operating"}}, {"type": "Feature", "id": 154, "geometry": {"type": "Point", "coordinates": [-72.358, -15.141]}, "properties": {"name": "", "fuel": "unknown", "mw": 0.0, "country": "PER", "status": "operating"}}, {"type": "Feature", "id": 155, "geometry": {"type": "Point", "coordinates": [-71.996, -17.026]}, "properties": {"name": "Central T\u00e9rmica Mollendo", "fuel": "unknown", "mw": 0.0, "country": "PER", "status": "operating"}}, {"type": "Feature", "id": 156, "geometry": {"type": "Point", "coordinates": [-71.978, -17.038]}, "properties": {"name": "Central Termoel\u00e9ctrica Puerto Bravo", "fuel": "diesel", "mw": 616.0, "country": "PER", "status": "operating"}}, {"type": "Feature", "id": 157, "geometry": {"type": "Point", "coordinates": [-71.972, -13.53]}, "properties": {"name": "Central T\u00e9rmica Dolorespata", "fuel": "oil", "mw": 15.6, "country": "PER", "status": "operating"}}, {"type": "Feature", "id": 158, "geometry": {"type": "Point", "coordinates": [-71.818, -16.576]}, "properties": {"name": "Central El\u00e9ctrica Fotovoltaica Repartici\u00f3n", "fuel": "solar", "mw": 22.0, "country": "PER", "status": "operating"}}, {"type": "Feature", "id": 159, "geometry": {"type": "Point", "coordinates": [-71.8, -16.415]}, "properties": {"name": "Central Hidroel\u00e9ctrica La Joya", "fuel": "hydro", "mw": 10.4, "country": "PER", "status": "operating"}}, {"type": "Feature", "id": 160, "geometry": {"type": "Point", "coordinates": [-70.335, -17.995]}, "properties": {"name": "Planta Solar Fotovoltaica Tacna", "fuel": "solar", "mw": 20.0, "country": "PER", "status": "operating"}}, {"type": "Feature", "id": 161, "geometry": {"type": "Point", "coordinates": [-68.761, -10.981]}, "properties": {"name": "", "fuel": "solar", "mw": 0.0, "country": "", "status": "operating"}}, {"type": "Feature", "id": 162, "geometry": {"type": "Point", "coordinates": [-68.182, -16.566]}, "properties": {"name": "Planta Termoel\u00e9ctrica El Kenko", "fuel": "gas", "mw": 17.5, "country": "BOL", "status": "operating"}}, {"type": "Feature", "id": 163, "geometry": {"type": "Point", "coordinates": [-67.325, -16.926]}, "properties": {"name": "Hidroelectrica Miguillas", "fuel": "hydro", "mw": 0.0, "country": "BOL", "status": "operating"}}, {"type": "Feature", "id": 164, "geometry": {"type": "Point", "coordinates": [-66.117, -17.429]}, "properties": {"name": "Central Termoel\u00e9ctrica Valle Hermoso", "fuel": "gas", "mw": 60.0, "country": "BOL", "status": "operating"}}, {"type": "Feature", "id": 165, "geometry": {"type": "Point", "coordinates": [-65.874, -17.213]}, "properties": {"name": "Central Hidroel\u00e9ctrica Corani", "fuel": "hydro", "mw": 64.0, "country": "BOL", "status": "operating"}}, {"type": "Feature", "id": 166, "geometry": {"type": "Point", "coordinates": [-65.629, -17.004]}, "properties": {"name": "", "fuel": "unknown", "mw": 0.0, "country": "BOL", "status": "operating"}}, {"type": "Feature", "id": 167, "geometry": {"type": "Point", "coordinates": [-65.276, -17.462]}, "properties": {"name": "Proyecto Hidroel\u00e9ctrico Ivirizu", "fuel": "hydro", "mw": 290.0, "country": "BOL", "status": "operating"}}, {"type": "Feature", "id": 168, "geometry": {"type": "Point", "coordinates": [-65.279, -17.632]}, "properties": {"name": "Parque E\u00f3lico Qollpana", "fuel": "wind", "mw": 27.9, "country": "BOL", "status": "operating"}}, {"type": "Feature", "id": 169, "geometry": {"type": "Point", "coordinates": [-64.541, -17.243]}, "properties": {"name": "Termoel\u00e9ctrica Central Bulo Bulo", "fuel": "gas", "mw": 90.0, "country": "BOL", "status": "operating"}}, {"type": "Feature", "id": 170, "geometry": {"type": "Point", "coordinates": [-64.527, -17.214]}, "properties": {"name": "Complejo Termoel\u00e9ctrico de Entre R\u00edos", "fuel": "gas", "mw": 0.0, "country": "BOL", "status": "operating"}}, {"type": "Feature", "id": 171, "geometry": {"type": "Point", "coordinates": [-64.519, -17.2]}, "properties": {"name": "", "fuel": "gas", "mw": 0.0, "country": "BOL", "status": "operating"}}, {"type": "Feature", "id": 172, "geometry": {"type": "Point", "coordinates": [-64.207, -18.106]}, "properties": {"name": "Sistemas Valles Cruce\u00f1os", "fuel": "unknown", "mw": 0.0, "country": "BOL", "status": "operating"}}, {"type": "Feature", "id": 173, "geometry": {"type": "Point", "coordinates": [-63.153, -17.787]}, "properties": {"name": "Planta de Generacion Electrica Guarachi", "fuel": "gas", "mw": 0.0, "country": "BOL", "status": "operating"}}, {"type": "Feature", "id": 174, "geometry": {"type": "Point", "coordinates": [-63.13, -17.523]}, "properties": {"name": "Parque E\u00f3lico Warnes", "fuel": "wind", "mw": 14.4, "country": "BOL", "status": "operating"}}, {"type": "Feature", "id": 175, "geometry": {"type": "Point", "coordinates": [-62.842, -17.817]}, "properties": {"name": "Parque E\u00f3lico San Juli\u00e1n", "fuel": "wind", "mw": 39.6, "country": "BOL", "status": "operating"}}, {"type": "Feature", "id": 176, "geometry": {"type": "Point", "coordinates": [-66.262, -17.315]}, "properties": {"name": "Central Hidroel\u00e9ctrica Misicuni", "fuel": "hydro", "mw": 588.0, "country": "BOL", "status": "operating"}}, {"type": "Feature", "id": 177, "geometry": {"type": "Point", "coordinates": [-70.86, -17.231]}, "properties": {"name": "Central Solar Intipampa", "fuel": "solar", "mw": 44.5, "country": "PER", "status": "operating"}}, {"type": "Feature", "id": 178, "geometry": {"type": "Point", "coordinates": [-70.198, -14.911]}, "properties": {"name": "Oficina de EPS Nor Puno", "fuel": "unknown", "mw": 0.0, "country": "PER", "status": "operating"}}, {"type": "Feature", "id": 179, "geometry": {"type": "Point", "coordinates": [-68.769, -11.082]}, "properties": {"name": "Planta Solar Fotovolt\u00e1ica Cobija", "fuel": "solar", "mw": 5.0, "country": "", "status": "operating"}}, {"type": "Feature", "id": 180, "geometry": {"type": "Point", "coordinates": [-65.218, -17.631]}, "properties": {"name": "Estaci\u00f3n Generadora Totora", "fuel": "unknown", "mw": 0.0, "country": "BOL", "status": "operating"}}, {"type": "Feature", "id": 181, "geometry": {"type": "Point", "coordinates": [-65.823, -17.192]}, "properties": {"name": "Hidroel\u00e9ctrica Santa Isabel", "fuel": "hydro", "mw": 54.0, "country": "BOL", "status": "operating"}}, {"type": "Feature", "id": 182, "geometry": {"type": "Point", "coordinates": [-65.786, -17.169]}, "properties": {"name": "Central Hidroel\u00e9ctrica San Jos\u00e9 1", "fuel": "hydro", "mw": 55.0, "country": "BOL", "status": "operating"}}, {"type": "Feature", "id": 183, "geometry": {"type": "Point", "coordinates": [-65.785, -17.103]}, "properties": {"name": "Central Hidroel\u00e9ctrica San Jose 2", "fuel": "hydro", "mw": 69.0, "country": "BOL", "status": "operating"}}, {"type": "Feature", "id": 184, "geometry": {"type": "Point", "coordinates": [-69.482, -17.596]}, "properties": {"name": "", "fuel": "solar", "mw": 0.0, "country": "", "status": "operating"}}, {"type": "Feature", "id": 185, "geometry": {"type": "Point", "coordinates": [-68.777, -11.046]}, "properties": {"name": "ENDE", "fuel": "diesel", "mw": 0.0, "country": "", "status": "operating"}}, {"type": "Feature", "id": 186, "geometry": {"type": "Point", "coordinates": [-67.247, -11.492]}, "properties": {"name": "Planta Solar Fotovoltaica El Sena", "fuel": "solar", "mw": 0.4, "country": "BOL", "status": "operating"}}, {"type": "Feature", "id": 187, "geometry": {"type": "Point", "coordinates": [-75.239, -10.967]}, "properties": {"name": "Central Hidroelectrica RenovAndes H1", "fuel": "hydro", "mw": 0.0, "country": "PER", "status": "operating"}}, {"type": "Feature", "id": 188, "geometry": {"type": "Point", "coordinates": [-78.053, -6.966]}, "properties": {"name": "", "fuel": "hydro", "mw": 0.0, "country": "PER", "status": "operating"}}, {"type": "Feature", "id": 189, "geometry": {"type": "Point", "coordinates": [-75.727, -11.417]}, "properties": {"name": "Planta Hidroelectrica Paccha", "fuel": "hydro", "mw": 0.2, "country": "PER", "status": "operating"}}, {"type": "Feature", "id": 190, "geometry": {"type": "Point", "coordinates": [-78.521, -9.049]}, "properties": {"name": "PE Chinecas", "fuel": "unknown", "mw": 0.0, "country": "PER", "status": "operating"}}, {"type": "Feature", "id": 191, "geometry": {"type": "Point", "coordinates": [-75.559, -11.261]}, "properties": {"name": "", "fuel": "hydro", "mw": 0.0, "country": "PER", "status": "operating"}}, {"type": "Feature", "id": 192, "geometry": {"type": "Point", "coordinates": [-76.308, -11.781]}, "properties": {"name": "Central Hidroel\u00e9ctrica Huanchor", "fuel": "hydro", "mw": 20.0, "country": "PER", "status": "operating"}}, {"type": "Feature", "id": 193, "geometry": {"type": "Point", "coordinates": [-75.237, -10.963]}, "properties": {"name": "Central Hidroelectrica RenovAndes H1", "fuel": "hydro", "mw": 0.0, "country": "PER", "status": "operating"}}, {"type": "Feature", "id": 194, "geometry": {"type": "Point", "coordinates": [-75.539, -11.247]}, "properties": {"name": "Central Hidroel\u00e9ctrica Carpapata III", "fuel": "hydro", "mw": 0.0, "country": "PER", "status": "operating"}}, {"type": "Feature", "id": 195, "geometry": {"type": "Point", "coordinates": [-76.036, -11.418]}, "properties": {"name": "Central Hidroel\u00e9ctrica Malpaso", "fuel": "hydro", "mw": 54.4, "country": "PER", "status": "operating"}}, {"type": "Feature", "id": 196, "geometry": {"type": "Point", "coordinates": [-74.533, -8.392]}, "properties": {"name": "Maple Gas Corporation del Peru S.R.L.", "fuel": "oil", "mw": 0.0, "country": "PER", "status": "operating"}}, {"type": "Feature", "id": 197, "geometry": {"type": "Point", "coordinates": [-75.426, -11.161]}, "properties": {"name": "Central Hidroel\u00e9ctrica La Virgen", "fuel": "hydro", "mw": 93.7, "country": "PER", "status": "operating"}}, {"type": "Feature", "id": 198, "geometry": {"type": "Point", "coordinates": [-74.656, -12.354]}, "properties": {"name": "Central Hidroel\u00e9ctrica Santiago Ant\u00fanez de Mayolo", "fuel": "hydro", "mw": 798.0, "country": "PER", "status": "operating"}}, {"type": "Feature", "id": 199, "geometry": {"type": "Point", "coordinates": [-75.536, -10.743]}, "properties": {"name": "Central Hidroel\u00e9ctrica Yaupi", "fuel": "hydro", "mw": 113.7, "country": "PER", "status": "operating"}}, {"type": "Feature", "id": 200, "geometry": {"type": "Point", "coordinates": [-73.581, -4.504]}, "properties": {"name": "", "fuel": "unknown", "mw": 0.0, "country": "PER", "status": "operating"}}, {"type": "Feature", "id": 201, "geometry": {"type": "Point", "coordinates": [-75.887, -9.599]}, "properties": {"name": "Central Hidroel\u00e9ctrica Chaglla", "fuel": "hydro", "mw": 456.0, "country": "PER", "status": "operating"}}, {"type": "Feature", "id": 202, "geometry": {"type": "Point", "coordinates": [-78.723, -8.41]}, "properties": {"name": "Central Hidroelectrica Viru", "fuel": "hydro", "mw": 7.5, "country": "PER", "status": "operating"}}, {"type": "Feature", "id": 203, "geometry": {"type": "Point", "coordinates": [-75.827, -12.338]}, "properties": {"name": "", "fuel": "hydro", "mw": 0.0, "country": "PER", "status": "operating"}}, {"type": "Feature", "id": 204, "geometry": {"type": "Point", "coordinates": [-76.656, -11.223]}, "properties": {"name": "Central Hidroel\u00e9ctica \"Tingo\"", "fuel": "hydro", "mw": 0.0, "country": "PER", "status": "operating"}}, {"type": "Feature", "id": 205, "geometry": {"type": "Point", "coordinates": [-76.907, -12.196]}, "properties": {"name": "GEA Generaci\u00f3n El\u00e9ctrica de Atocongo", "fuel": "gas", "mw": 41.8, "country": "PER", "status": "operating"}}, {"type": "Feature", "id": 206, "geometry": {"type": "Point", "coordinates": [-75.466, -11.187]}, "properties": {"name": "Cemtral Hidroelectrica Yanango", "fuel": "hydro", "mw": 42.3, "country": "PER", "status": "operating"}}, {"type": "Feature", "id": 207, "geometry": {"type": "Point", "coordinates": [-76.872, -11.932]}, "properties": {"name": "Central T\u00e9rmica de Biomasa Huaycoloro", "fuel": "biomass", "mw": 4.0, "country": "PER", "status": "operating"}}, {"type": "Feature", "id": 208, "geometry": {"type": "Point", "coordinates": [-76.689, -11.928]}, "properties": {"name": "Central Hidroelectrica Juan Carosio Moyopampa", "fuel": "hydro", "mw": 75.4, "country": "PER", "status": "operating"}}, {"type": "Feature", "id": 209, "geometry": {"type": "Point", "coordinates": [-76.357, -6.492]}, "properties": {"name": "", "fuel": "diesel", "mw": 18.0, "country": "PER", "status": "operating"}}, {"type": "Feature", "id": 210, "geometry": {"type": "Point", "coordinates": [-76.942, -9.902]}, "properties": {"name": "Central Hidroelectrica de Huallanca", "fuel": "hydro", "mw": 0.0, "country": "PER", "status": "operating"}}, {"type": "Feature", "id": 211, "geometry": {"type": "Point", "coordinates": [-76.456, -11.886]}, "properties": {"name": "Central Hidroel\u00e9ctrica Matucana", "fuel": "hydro", "mw": 120.0, "country": "PER", "status": "operating"}}, {"type": "Feature", "id": 212, "geometry": {"type": "Point", "coordinates": [-75.493, -9.029]}, "properties": {"name": "Central T\u00e9rmica de Aguayt\u00eda", "fuel": "gas", "mw": 172.0, "country": "PER", "status": "operating"}}, {"type": "Feature", "id": 213, "geometry": {"type": "Point", "coordinates": [-72.56, -13.174]}, "properties": {"name": "Central Hidroel\u00e9ctrica Machupicchu", "fuel": "hydro", "mw": 192.4, "country": "PER", "status": "operating"}}, {"type": "Feature", "id": 214, "geometry": {"type": "Point", "coordinates": [-69.942, -4.224]}, "properties": {"name": "Termoel\u00e9ctrica Leticia", "fuel": "unknown", "mw": 0.0, "country": "", "status": "operating"}}, {"type": "Feature", "id": 215, "geometry": {"type": "Point", "coordinates": [-76.775, -11.973]}, "properties": {"name": "Central Hidroel\u00e9ctrica de Huampan\u00ed", "fuel": "hydro", "mw": 30.0, "country": "PER", "status": "operating"}}, {"type": "Feature", "id": 216, "geometry": {"type": "Point", "coordinates": [-76.731, -12.504]}, "properties": {"name": "Central Termoel\u00e9ctrica Chilca Dos", "fuel": "gas", "mw": 112.0, "country": "", "status": "operating"}}, {"type": "Feature", "id": 217, "geometry": {"type": "Point", "coordinates": [-75.976, -12.838]}, "properties": {"name": "Central Hidroel\u00e9ctrica El Platanal", "fuel": "hydro", "mw": 220.0, "country": "PER", "status": "operating"}}, {"type": "Feature", "id": 218, "geometry": {"type": "Point", "coordinates": [-75.968, -13.715]}, "properties": {"name": "Central T\u00e9rmica Independencia Pisco", "fuel": "gas", "mw": 24.0, "country": "PER", "status": "operating"}}, {"type": "Feature", "id": 219, "geometry": {"type": "Point", "coordinates": [-75.969, -13.716]}, "properties": {"name": "Central T\u00e9rmica Pisco", "fuel": "gas", "mw": 71.0, "country": "PER", "status": "operating"}}, {"type": "Feature", "id": 220, "geometry": {"type": "Point", "coordinates": [-75.903, -14.633]}, "properties": {"name": "Parque E\u00f3lico Punta Lomitas", "fuel": "wind", "mw": 296.4, "country": "", "status": "operating"}}, {"type": "Feature", "id": 221, "geometry": {"type": "Point", "coordinates": [-76.342, -10.835]}, "properties": {"name": "Hidroel\u00e9ctrica Rio Blanco", "fuel": "hydro", "mw": 0.0, "country": "PER", "status": "operating"}}, {"type": "Feature", "id": 222, "geometry": {"type": "Point", "coordinates": [-76.036, -11.622]}, "properties": {"name": "Central Hidroel\u00e9ctrica Pachachaca", "fuel": "hydro", "mw": 9.0, "country": "PER", "status": "operating"}}, {"type": "Feature", "id": 223, "geometry": {"type": "Point", "coordinates": [-62.094, -13.612]}, "properties": {"name": "Planta Solar H\u00edbrida Cerro San Simon", "fuel": "solar", "mw": 0.0, "country": "BOL", "status": "operating"}}, {"type": "Feature", "id": 224, "geometry": {"type": "Point", "coordinates": [-61.881, -13.528]}, "properties": {"name": "Planta H\u00edbrida Solar Remanso", "fuel": "solar", "mw": 0.2, "country": "BOL", "status": "operating"}}, {"type": "Feature", "id": 225, "geometry": {"type": "Point", "coordinates": [-61.881, -13.528]}, "properties": {"name": "", "fuel": "solar", "mw": 0.2, "country": "BOL", "status": "operating"}}, {"type": "Feature", "id": 226, "geometry": {"type": "Point", "coordinates": [-61.888, -13.496]}, "properties": {"name": "Planta H\u00edbrida Solar Puerto Villaz\u00f3n", "fuel": "solar", "mw": 0.2, "country": "BOL", "status": "operating"}}, {"type": "Feature", "id": 227, "geometry": {"type": "Point", "coordinates": [-61.888, -13.496]}, "properties": {"name": "", "fuel": "solar", "mw": 0.2, "country": "BOL", "status": "operating"}}, {"type": "Feature", "id": 228, "geometry": {"type": "Point", "coordinates": [-75.564, 2.453]}, "properties": {"name": "Central hidroel\u00e9ctrica El Quimbo", "fuel": "hydro", "mw": 400.0, "country": "COL", "status": "operating"}}, {"type": "Feature", "id": 229, "geometry": {"type": "Point", "coordinates": [-76.37, 2.619]}, "properties": {"name": "", "fuel": "gas", "mw": 0.0, "country": "COL", "status": "operating"}}, {"type": "Feature", "id": 230, "geometry": {"type": "Point", "coordinates": [-75.43, 2.708]}, "properties": {"name": "Central hidroel\u00e9ctrica Betania", "fuel": "hydro", "mw": 560.0, "country": "COL", "status": "operating"}}, {"type": "Feature", "id": 231, "geometry": {"type": "Point", "coordinates": [-76.414, 3.415]}, "properties": {"name": "Celsia Solar El Carmelo", "fuel": "solar", "mw": 0.0, "country": "COL", "status": "operating"}}, {"type": "Feature", "id": 232, "geometry": {"type": "Point", "coordinates": [-74.891, 3.755]}, "properties": {"name": "Hidroel\u00e9ctrica Prado", "fuel": "hydro", "mw": 0.0, "country": "COL", "status": "operating"}}, {"type": "Feature", "id": 233, "geometry": {"type": "Point", "coordinates": [-74.921, 3.861]}, "properties": {"name": "HOCOL", "fuel": "unknown", "mw": 0.0, "country": "COL", "status": "operating"}}, {"type": "Feature", "id": 234, "geometry": {"type": "Point", "coordinates": [-73.682, 3.877]}, "properties": {"name": "", "fuel": "solar", "mw": 0.0, "country": "COL", "status": "operating"}}, {"type": "Feature", "id": 235, "geometry": {"type": "Point", "coordinates": [-74.882, 4.156]}, "properties": {"name": "Celsia Solar Espinal", "fuel": "solar", "mw": 10.0, "country": "COL", "status": "operating"}}, {"type": "Feature", "id": 236, "geometry": {"type": "Point", "coordinates": [-76.322, 4.165]}, "properties": {"name": "Central hidroel\u00e9ctrica Riofr\u00edo II", "fuel": "hydro", "mw": 10.0, "country": "COL", "status": "operating"}}, {"type": "Feature", "id": 237, "geometry": {"type": "Point", "coordinates": [-74.274, 4.543]}, "properties": {"name": "Hidroelectrica El Charquito", "fuel": "hydro", "mw": 19.4, "country": "COL", "status": "operating"}}, {"type": "Feature", "id": 238, "geometry": {"type": "Point", "coordinates": [-74.288, 4.565]}, "properties": {"name": "Central hidroel\u00e9ctrica Canoas", "fuel": "hydro", "mw": 0.0, "country": "COL", "status": "operating"}}, {"type": "Feature", "id": 239, "geometry": {"type": "Point", "coordinates": [-74.403, 4.572]}, "properties": {"name": "Central hidroel\u00e9ctrica El Para\u00edso", "fuel": "hydro", "mw": 276.0, "country": "COL", "status": "operating"}}, {"type": "Feature", "id": 240, "geometry": {"type": "Point", "coordinates": [-74.308, 4.582]}, "properties": {"name": "Central hidroel\u00e9ctrica El Salto", "fuel": "hydro", "mw": 55.0, "country": "COL", "status": "operating"}}, {"type": "Feature", "id": 241, "geometry": {"type": "Point", "coordinates": [-74.46, 4.589]}, "properties": {"name": "Central hidroel\u00e9ctrica La Guaca", "fuel": "hydro", "mw": 324.0, "country": "COL", "status": "operating"}}, {"type": "Feature", "id": 242, "geometry": {"type": "Point", "coordinates": [-74.333, 4.592]}, "properties": {"name": "Central hidroel\u00e9ctrica Laguneta", "fuel": "hydro", "mw": 18.0, "country": "COL", "status": "operating"}}, {"type": "Feature", "id": 243, "geometry": {"type": "Point", "coordinates": [-74.432, 4.602]}, "properties": {"name": "Central hidroel\u00e9ctrica Dar\u00edo Valencia", "fuel": "hydro", "mw": 150.0, "country": "COL", "status": "operating"}}, {"type": "Feature", "id": 244, "geometry": {"type": "Point", "coordinates": [-73.997, 4.691]}, "properties": {"name": "", "fuel": "unknown", "mw": 0.0, "country": "COL", "status": "operating"}}, {"type": "Feature", "id": 245, "geometry": {"type": "Point", "coordinates": [-73.352, 4.736]}, "properties": {"name": "Central Hidroel\u00e9ctrica del Guavio", "fuel": "hydro", "mw": 1250.0, "country": "COL", "status": "operating"}}, {"type": "Feature", "id": 246, "geometry": {"type": "Point", "coordinates": [-73.717, 4.806]}, "properties": {"name": "Planta Hidroel\u00e9ctrica de Sueva 2", "fuel": "hydro", "mw": 6.0, "country": "COL", "status": "operating"}}, {"type": "Feature", "id": 247, "geometry": {"type": "Point", "coordinates": [-73.74, 4.808]}, "properties": {"name": "Planta Hidroel\u00e9ctrica de Sueva 1", "fuel": "hydro", "mw": 0.0, "country": "COL", "status": "operating"}}, {"type": "Feature", "id": 248, "geometry": {"type": "Point", "coordinates": [-75.748, 4.815]}, "properties": {"name": "Granja Solar Energ\u00eda de Pereira", "fuel": "solar", "mw": 6.2, "country": "COL", "status": "operating"}}, {"type": "Feature", "id": 249, "geometry": {"type": "Point", "coordinates": [-75.678, 4.835]}, "properties": {"name": "Central Hidroelectrica de Caldas CHEC", "fuel": "hydro", "mw": 0.0, "country": "COL", "status": "operating"}}, {"type": "Feature", "id": 250, "geometry": {"type": "Point", "coordinates": [-73.232, 4.882]}, "properties": {"name": "Central Hidroel\u00e9ctrica de Chivor", "fuel": "hydro", "mw": 1000.0, "country": "COL", "status": "operating"}}, {"type": "Feature", "id": 251, "geometry": {"type": "Point", "coordinates": [-73.948, 4.97]}, "properties": {"name": "Central Termoel\u00e9ctrica Mart\u00edn del Corral", "fuel": "coal", "mw": 235.5, "country": "COL", "status": "operating"}}, {"type": "Feature", "id": 252, "geometry": {"type": "Point", "coordinates": [-75.728, 5.04]}, "properties": {"name": "Central Hidroel\u00e9ctrica La Esmeralda", "fuel": "hydro", "mw": 30.0, "country": "COL", "status": "operating"}}, {"type": "Feature", "id": 253, "geometry": {"type": "Point", "coordinates": [-75.743, 5.05]}, "properties": {"name": "Central Hidroel\u00e9ctrica San Francisco", "fuel": "hydro", "mw": 135.0, "country": "COL", "status": "operating"}}, {"type": "Feature", "id": 254, "geometry": {"type": "Point", "coordinates": [-75.207, 4.424]}, "properties": {"name": "Central Hidroelectrica Mirolindo", "fuel": "hydro", "mw": 0.0, "country": "COL", "status": "operating"}}, {"type": "Feature", "id": 255, "geometry": {"type": "Point", "coordinates": [-73.811, 5.037]}, "properties": {"name": "", "fuel": "hydro", "mw": 0.0, "country": "COL", "status": "operating"}}, {"type": "Feature", "id": 256, "geometry": {"type": "Point", "coordinates": [-75.813, 5.189]}, "properties": {"name": "Casa Maquinas Morro Azul", "fuel": "hydro", "mw": 19.9, "country": "COL", "status": "operating"}}, {"type": "Feature", "id": 257, "geometry": {"type": "Point", "coordinates": [-76.179, 3.616]}, "properties": {"name": "", "fuel": "hydro", "mw": 19.9, "country": "COL", "status": "operating"}}, {"type": "Feature", "id": 258, "geometry": {"type": "Point", "coordinates": [-76.179, 3.614]}, "properties": {"name": "", "fuel": "hydro", "mw": 0.0, "country": "COL", "status": "operating"}}, {"type": "Feature", "id": 259, "geometry": {"type": "Point", "coordinates": [-75.805, 2.271]}, "properties": {"name": "La Granja Municipal", "fuel": "wind", "mw": 0.0, "country": "COL", "status": "operating"}}, {"type": "Feature", "id": 260, "geometry": {"type": "Point", "coordinates": [-75.586, 3.811]}, "properties": {"name": "Amoya", "fuel": "hydro", "mw": 80.0, "country": "COL", "status": "operating"}}, {"type": "Feature", "id": 261, "geometry": {"type": "Point", "coordinates": [-76.436, 3.522]}, "properties": {"name": "", "fuel": "solar", "mw": 0.0, "country": "COL", "status": "operating"}}, {"type": "Feature", "id": 262, "geometry": {"type": "Point", "coordinates": [-76.032, 4.463]}, "properties": {"name": "", "fuel": "solar", "mw": 0.0, "country": "COL", "status": "operating"}}, {"type": "Feature", "id": 263, "geometry": {"type": "Point", "coordinates": [-76.09, 4.32]}, "properties": {"name": "Riopaila power station", "fuel": "biomass", "mw": 36.0, "country": "COL", "status": "operating"}}, {"type": "Feature", "id": 264, "geometry": {"type": "Point", "coordinates": [-76.305, 3.935]}, "properties": {"name": "Buga 1 solar farm", "fuel": "solar", "mw": 9.9, "country": "COL", "status": "operating"}}, {"type": "Feature", "id": 265, "geometry": {"type": "Point", "coordinates": [-76.429, 3.597]}, "properties": {"name": "Quantum solar farm", "fuel": "solar", "mw": 19.9, "country": "COL", "status": "operating"}}, {"type": "Feature", "id": 266, "geometry": {"type": "Point", "coordinates": [-71.333, 10.199]}, "properties": {"name": "Las Morochas Power Plant", "fuel": "unknown", "mw": 0.0, "country": "VEN", "status": "operating"}}, {"type": "Feature", "id": 267, "geometry": {"type": "Point", "coordinates": [-71.195, 9.973]}, "properties": {"name": "Pueblo Viejo Marav Power Plant", "fuel": "unknown", "mw": 0.0, "country": "", "status": "operating"}}, {"type": "Feature", "id": 268, "geometry": {"type": "Point", "coordinates": [-71.092, 9.914]}, "properties": {"name": "", "fuel": "unknown", "mw": 0.0, "country": "VEN", "status": "operating"}}, {"type": "Feature", "id": 269, "geometry": {"type": "Point", "coordinates": [-71.071, 9.787]}, "properties": {"name": "Planta El\u00e9ctrica de San Lorenzo", "fuel": "unknown", "mw": 0.0, "country": "", "status": "operating"}}, {"type": "Feature", "id": 270, "geometry": {"type": "Point", "coordinates": [-71.062, 9.784]}, "properties": {"name": "Termoel\u00e9ctrica de San Timoteo", "fuel": "gas", "mw": 0.0, "country": "VEN", "status": "operating"}}, {"type": "Feature", "id": 271, "geometry": {"type": "Point", "coordinates": [-70.235, 11.809]}, "properties": {"name": "Parque E\u00f3lico Paraguan\u00e1", "fuel": "wind", "mw": 100.3, "country": "VEN", "status": "operating"}}, {"type": "Feature", "id": 272, "geometry": {"type": "Point", "coordinates": [-70.219, 11.638]}, "properties": {"name": "Cardon Genevapca Power Plant", "fuel": "unknown", "mw": 0.0, "country": "VEN", "status": "operating"}}, {"type": "Feature", "id": 273, "geometry": {"type": "Point", "coordinates": [-70.209, 8.698]}, "properties": {"name": "TermoBarrancas", "fuel": "gas", "mw": 0.0, "country": "VEN", "status": "operating"}}, {"type": "Feature", "id": 274, "geometry": {"type": "Point", "coordinates": [-70.187, 11.683]}, "properties": {"name": "Punto Fijo Power Plant", "fuel": "unknown", "mw": 0.0, "country": "VEN", "status": "operating"}}, {"type": "Feature", "id": 275, "geometry": {"type": "Point", "coordinates": [-70.171, 11.752]}, "properties": {"name": "Planta Josefa Camejo", "fuel": "gas", "mw": 450.0, "country": "VEN", "status": "operating"}}, {"type": "Feature", "id": 276, "geometry": {"type": "Point", "coordinates": [-70.126, 8.412]}, "properties": {"name": "Santa Ines Cominsi (Agroindustrial Complex) Power Plant", "fuel": "unknown", "mw": 0.0, "country": "VEN", "status": "operating"}}, {"type": "Feature", "id": 277, "geometry": {"type": "Point", "coordinates": [-70.04, 8.892]}, "properties": {"name": "Central Hidroel\u00e9ctrica Juan Antonio Rodr\u00edguez Dom\u00ednguez", "fuel": "hydro", "mw": 80.0, "country": "VEN", "status": "operating"}}, {"type": "Feature", "id": 278, "geometry": {"type": "Point", "coordinates": [-69.715, 11.381]}, "properties": {"name": "Coro Power Plant", "fuel": "unknown", "mw": 0.0, "country": "VEN", "status": "operating"}}, {"type": "Feature", "id": 279, "geometry": {"type": "Point", "coordinates": [-69.214, 10.012]}, "properties": {"name": "Planta Argimiro Gabald\u00f3n", "fuel": "diesel", "mw": 0.0, "country": "VEN", "status": "operating"}}, {"type": "Feature", "id": 280, "geometry": {"type": "Point", "coordinates": [-68.155, 10.491]}, "properties": {"name": "Planta Centro", "fuel": "gas", "mw": 2600.0, "country": "VEN", "status": "operating"}}, {"type": "Feature", "id": 281, "geometry": {"type": "Point", "coordinates": [-68.149, 10.484]}, "properties": {"name": "Planta TermoCarabobo II", "fuel": "gas", "mw": 680.0, "country": "VEN", "status": "operating"}}, {"type": "Feature", "id": 282, "geometry": {"type": "Point", "coordinates": [-67.97, 10.18]}, "properties": {"name": "Planta del Este Power Plant", "fuel": "gas", "mw": 0.0, "country": "VEN", "status": "operating"}}, {"type": "Feature", "id": 283, "geometry": {"type": "Point", "coordinates": [-67.953, 10.188]}, "properties": {"name": "Castillito Power Plant", "fuel": "gas", "mw": 0.0, "country": "VEN", "status": "operating"}}, {"type": "Feature", "id": 284, "geometry": {"type": "Point", "coordinates": [-67.946, 10.177]}, "properties": {"name": "Pedro Camejo", "fuel": "unknown", "mw": 0.0, "country": "VEN", "status": "operating"}}, {"type": "Feature", "id": 285, "geometry": {"type": "Point", "coordinates": [-70.071, 10.159]}, "properties": {"name": "Enelbar Power Station", "fuel": "unknown", "mw": 0.0, "country": "VEN", "status": "operating"}}, {"type": "Feature", "id": 286, "geometry": {"type": "Point", "coordinates": [-71.419, 10.336]}, "properties": {"name": "Punta Gorda Power Plant", "fuel": "unknown", "mw": 0.0, "country": "VEN", "status": "operating"}}, {"type": "Feature", "id": 287, "geometry": {"type": "Point", "coordinates": [-70.099, 8.836]}, "properties": {"name": "Central Hidroelectrica Masparro", "fuel": "hydro", "mw": 0.0, "country": "VEN", "status": "operating"}}, {"type": "Feature", "id": 288, "geometry": {"type": "Point", "coordinates": [-69.399, 10.069]}, "properties": {"name": "Planta III", "fuel": "gas", "mw": 90.0, "country": "VEN", "status": "operating"}}, {"type": "Feature", "id": 289, "geometry": {"type": "Point", "coordinates": [-72.633, 7.847]}, "properties": {"name": "Termotasajero", "fuel": "coal", "mw": 333.0, "country": "COL", "status": "operating"}}, {"type": "Feature", "id": 290, "geometry": {"type": "Point", "coordinates": [-71.715, 7.853]}, "properties": {"name": "Central Hidroel\u00e9ctrica Leonardo Ruiz Pineda - San Agat\u00f3n", "fuel": "hydro", "mw": 300.0, "country": "VEN", "status": "operating"}}, {"type": "Feature", "id": 291, "geometry": {"type": "Point", "coordinates": [-76.205, 8.015]}, "properties": {"name": "CHE Urr\u00e1", "fuel": "hydro", "mw": 340.0, "country": "COL", "status": "operating"}}, {"type": "Feature", "id": 292, "geometry": {"type": "Point", "coordinates": [-73.461, 9.559]}, "properties": {"name": "Drummond Pribbenow Mine Power Station", "fuel": "gas", "mw": 0.0, "country": "COL", "status": "operating"}}, {"type": "Feature", "id": 293, "geometry": {"type": "Point", "coordinates": [-73.723, 9.789]}, "properties": {"name": "Parque Solar Cuatro Vientos", "fuel": "solar", "mw": 0.0, "country": "COL", "status": "operating"}}, {"type": "Feature", "id": 294, "geometry": {"type": "Point", "coordinates": [-75.51, 10.356]}, "properties": {"name": "Termocartagena", "fuel": "gas", "mw": 180.0, "country": "COL", "status": "operating"}}, {"type": "Feature", "id": 295, "geometry": {"type": "Point", "coordinates": [-75.486, 10.359]}, "properties": {"name": "Termocandelaria", "fuel": "gas", "mw": 314.0, "country": "COL", "status": "operating"}}, {"type": "Feature", "id": 296, "geometry": {"type": "Point", "coordinates": [-71.636, 10.488]}, "properties": {"name": "Termozulia II Power Plant", "fuel": "unknown", "mw": 0.0, "country": "VEN", "status": "operating"}}, {"type": "Feature", "id": 297, "geometry": {"type": "Point", "coordinates": [-71.635, 10.491]}, "properties": {"name": "Termozulia I Power Plant", "fuel": "oil", "mw": 0.0, "country": "VEN", "status": "operating"}}, {"type": "Feature", "id": 298, "geometry": {"type": "Point", "coordinates": [-71.615, 10.599]}, "properties": {"name": "Planta Termoel\u00e9ctrica Ram\u00f3n Laguna", "fuel": "oil", "mw": 0.0, "country": "VEN", "status": "operating"}}, {"type": "Feature", "id": 299, "geometry": {"type": "Point", "coordinates": [-74.763, 10.937]}, "properties": {"name": "Termobarranquila", "fuel": "gas", "mw": 918.0, "country": "COL", "status": "operating"}}, {"type": "Feature", "id": 300, "geometry": {"type": "Point", "coordinates": [-71.889, 11.225]}, "properties": {"name": "Parque E\u00f3lico La Guajira", "fuel": "wind", "mw": 25.2, "country": "VEN", "status": "operating"}}, {"type": "Feature", "id": 301, "geometry": {"type": "Point", "coordinates": [-73.414, 11.259]}, "properties": {"name": "Termoguajira", "fuel": "coal", "mw": 290.0, "country": "COL", "status": "operating"}}, {"type": "Feature", "id": 302, "geometry": {"type": "Point", "coordinates": [-72.051, 11.576]}, "properties": {"name": "Parque E\u00f3lico Windpeshi", "fuel": "wind", "mw": 184.5, "country": "COL", "status": "operating"}}, {"type": "Feature", "id": 303, "geometry": {"type": "Point", "coordinates": [-72.033, 12.233]}, "properties": {"name": "Parque E\u00f3lico Jep\u00edrachi", "fuel": "wind", "mw": 19.5, "country": "", "status": "operating"}}, {"type": "Feature", "id": 304, "geometry": {"type": "Point", "coordinates": [-71.633, 10.486]}, "properties": {"name": "Termozulia III Power Plant", "fuel": "unknown", "mw": 0.0, "country": "VEN", "status": "operating"}}, {"type": "Feature", "id": 305, "geometry": {"type": "Point", "coordinates": [-74.812, 11.026]}, "properties": {"name": "Central El\u00e9ctrica Termoflores", "fuel": "gas", "mw": 605.0, "country": "COL", "status": "operating"}}, {"type": "Feature", "id": 306, "geometry": {"type": "Point", "coordinates": [-71.836, 10.632]}, "properties": {"name": "", "fuel": "unknown", "mw": 0.0, "country": "VEN", "status": "operating"}}, {"type": "Feature", "id": 307, "geometry": {"type": "Point", "coordinates": [-71.679, 10.704]}, "properties": {"name": "", "fuel": "diesel", "mw": 0.0, "country": "VEN", "status": "operating"}}, {"type": "Feature", "id": 308, "geometry": {"type": "Point", "coordinates": [-71.649, 10.503]}, "properties": {"name": "Bajo Grande Power Plant", "fuel": "gas", "mw": 90.0, "country": "VEN", "status": "operating"}}, {"type": "Feature", "id": 309, "geometry": {"type": "Point", "coordinates": [-75.595, 7.991]}, "properties": {"name": "Gecelca 3", "fuel": "coal", "mw": 437.0, "country": "COL", "status": "operating"}}, {"type": "Feature", "id": 310, "geometry": {"type": "Point", "coordinates": [-74.868, 11.015]}, "properties": {"name": "", "fuel": "solar", "mw": 0.0, "country": "COL", "status": "operating"}}, {"type": "Feature", "id": 311, "geometry": {"type": "Point", "coordinates": [-71.529, 10.769]}, "properties": {"name": "", "fuel": "unknown", "mw": 0.0, "country": "VEN", "status": "operating"}}, {"type": "Feature", "id": 312, "geometry": {"type": "Point", "coordinates": [-71.536, 10.765]}, "properties": {"name": "Complejo el Tablazo Power Station", "fuel": "unknown", "mw": 0.0, "country": "VEN", "status": "operating"}}, {"type": "Feature", "id": 313, "geometry": {"type": "Point", "coordinates": [-71.769, 8.56]}, "properties": {"name": "Don Luis Zambrano Power Plant", "fuel": "unknown", "mw": 0.0, "country": "VEN", "status": "operating"}}, {"type": "Feature", "id": 314, "geometry": {"type": "Point", "coordinates": [-74.103, 11.26]}, "properties": {"name": "Termonorte", "fuel": "gas", "mw": 88.0, "country": "COL", "status": "operating"}}, {"type": "Feature", "id": 315, "geometry": {"type": "Point", "coordinates": [-74.228, 11.178]}, "properties": {"name": "", "fuel": "solar", "mw": 0.0, "country": "", "status": "operating"}}, {"type": "Feature", "id": 316, "geometry": {"type": "Point", "coordinates": [-71.633, 10.488]}, "properties": {"name": "Termozulia IV Power Plant", "fuel": "unknown", "mw": 0.0, "country": "VEN", "status": "operating"}}, {"type": "Feature", "id": 317, "geometry": {"type": "Point", "coordinates": [-71.634, 10.489]}, "properties": {"name": "Termozulia Rafael Urdaneta Thermoelectric Complex", "fuel": "unknown", "mw": 0.0, "country": "VEN", "status": "operating"}}, {"type": "Feature", "id": 318, "geometry": {"type": "Point", "coordinates": [-75.493, 10.351]}, "properties": {"name": "Proel\u00e9ctrica Mamonal", "fuel": "gas", "mw": 90.0, "country": "COL", "status": "operating"}}, {"type": "Feature", "id": 319, "geometry": {"type": "Point", "coordinates": [-75.405, 8.943]}, "properties": {"name": "Estaci\u00f3n de Promigas", "fuel": "gas", "mw": 0.0, "country": "COL", "status": "operating"}}, {"type": "Feature", "id": 320, "geometry": {"type": "Point", "coordinates": [-73.637, 9.602]}, "properties": {"name": "Parque Solar La Loma", "fuel": "solar", "mw": 0.0, "country": "COL", "status": "operating"}}, {"type": "Feature", "id": 321, "geometry": {"type": "Point", "coordinates": [-62.848, 6.244]}, "properties": {"name": "", "fuel": "hydro", "mw": 0.0, "country": "VEN", "status": "operating"}}, {"type": "Feature", "id": 322, "geometry": {"type": "Point", "coordinates": [-63.0, 7.767]}, "properties": {"name": "Guri", "fuel": "hydro", "mw": 10235.0, "country": "VEN", "status": "operating"}}, {"type": "Feature", "id": 323, "geometry": {"type": "Point", "coordinates": [-63.03, 7.908]}, "properties": {"name": "Tocoma", "fuel": "hydro", "mw": 2300.0, "country": "VEN", "status": "operating"}}, {"type": "Feature", "id": 324, "geometry": {"type": "Point", "coordinates": [-63.527, 8.109]}, "properties": {"name": "sub-estaci\u00f3n La Canderaria", "fuel": "gasoline", "mw": 0.0, "country": "VEN", "status": "operating"}}, {"type": "Feature", "id": 325, "geometry": {"type": "Point", "coordinates": [-63.538, 8.134]}, "properties": {"name": "", "fuel": "unknown", "mw": 0.0, "country": "VEN", "status": "operating"}}, {"type": "Feature", "id": 326, "geometry": {"type": "Point", "coordinates": [-62.797, 8.159]}, "properties": {"name": "Caruachi", "fuel": "hydro", "mw": 2160.0, "country": "VEN", "status": "operating"}}, {"type": "Feature", "id": 327, "geometry": {"type": "Point", "coordinates": [-62.665, 8.301]}, "properties": {"name": "Macagua I", "fuel": "hydro", "mw": 384.0, "country": "VEN", "status": "operating"}}, {"type": "Feature", "id": 328, "geometry": {"type": "Point", "coordinates": [-62.68, 8.303]}, "properties": {"name": "Macagua III", "fuel": "hydro", "mw": 176.0, "country": "VEN", "status": "operating"}}, {"type": "Feature", "id": 329, "geometry": {"type": "Point", "coordinates": [-62.668, 8.305]}, "properties": {"name": "Macagua II", "fuel": "hydro", "mw": 2592.0, "country": "VEN", "status": "operating"}}, {"type": "Feature", "id": 330, "geometry": {"type": "Point", "coordinates": [-63.104, 8.84]}, "properties": {"name": "Morichal PDVSA Petrolera Sinovensa Power Station", "fuel": "unknown", "mw": 0.0, "country": "VEN", "status": "operating"}}, {"type": "Feature", "id": 331, "geometry": {"type": "Point", "coordinates": [-63.468, 9.701]}, "properties": {"name": "Planta de Generaci\u00f3n El\u00e9ctrica El Furrial", "fuel": "gas", "mw": 200.0, "country": "VEN", "status": "operating"}}, {"type": "Feature", "id": 332, "geometry": {"type": "Point", "coordinates": [-62.31, 10.562]}, "properties": {"name": "Juan Manuel Valdez Power Plant", "fuel": "gas", "mw": 0.0, "country": "VEN", "status": "operating"}}, {"type": "Feature", "id": 333, "geometry": {"type": "Point", "coordinates": [-74.887, 5.56]}, "properties": {"name": "Central hidroel\u00e9ctrica Miel I", "fuel": "hydro", "mw": 396.0, "country": "COL", "status": "operating"}}, {"type": "Feature", "id": 334, "geometry": {"type": "Point", "coordinates": [-73.153, 5.764]}, "properties": {"name": "TermoPaipa", "fuel": "coal", "mw": 338.0, "country": "COL", "status": "operating"}}, {"type": "Feature", "id": 335, "geometry": {"type": "Point", "coordinates": [-75.726, 5.832]}, "properties": {"name": "CENTRAL HIDROEL\u00c9CTRICA AGUA FRESCA", "fuel": "hydro", "mw": 7.5, "country": "COL", "status": "operating"}}, {"type": "Feature", "id": 336, "geometry": {"type": "Point", "coordinates": [-72.982, 5.874]}, "properties": {"name": "Empresa de energia EBSA", "fuel": "unknown", "mw": 0.0, "country": "COL", "status": "operating"}}, {"type": "Feature", "id": 337, "geometry": {"type": "Point", "coordinates": [-74.561, 6.235]}, "properties": {"name": "Termoel\u00e9ctrica La Sierra", "fuel": "gas", "mw": 353.0, "country": "COL", "status": "operating"}}, {"type": "Feature", "id": 338, "geometry": {"type": "Point", "coordinates": [-74.688, 6.291]}, "properties": {"name": "Micro central Argos", "fuel": "hydro", "mw": 0.0, "country": "COL", "status": "operating"}}, {"type": "Feature", "id": 339, "geometry": {"type": "Point", "coordinates": [-75.586, 6.312]}, "properties": {"name": "Hidroel\u00e9ctrica #1", "fuel": "hydro", "mw": 0.0, "country": "COL", "status": "operating"}}, {"type": "Feature", "id": 340, "geometry": {"type": "Point", "coordinates": [-75.429, 6.413]}, "properties": {"name": "Central Hidroel\u00e9ctrica la Tasajera", "fuel": "hydro", "mw": 306.0, "country": "COL", "status": "operating"}}, {"type": "Feature", "id": 341, "geometry": {"type": "Point", "coordinates": [-74.381, 6.444]}, "properties": {"name": "Central T\u00e9rmica Termocentro", "fuel": "gas", "mw": 272.0, "country": "COL", "status": "operating"}}, {"type": "Feature", "id": 342, "geometry": {"type": "Point", "coordinates": [-75.252, 6.52]}, "properties": {"name": "Central Hidroel\u00e9ctrica Carlos Lleras", "fuel": "hydro", "mw": 78.0, "country": "COL", "status": "operating"}}, {"type": "Feature", "id": 343, "geometry": {"type": "Point", "coordinates": [-75.363, 6.543]}, "properties": {"name": "Central Hidroel\u00e9ctrica R\u00edo Grande 1", "fuel": "hydro", "mw": 19.0, "country": "COL", "status": "operating"}}, {"type": "Feature", "id": 344, "geometry": {"type": "Point", "coordinates": [-75.5, 6.616]}, "properties": {"name": "Central Hidroel\u00e9ctrica Las Palmas", "fuel": "hydro", "mw": 0.0, "country": "COL", "status": "operating"}}, {"type": "Feature", "id": 345, "geometry": {"type": "Point", "coordinates": [-75.325, 6.646]}, "properties": {"name": "Hidroel\u00e9ctrica Caruquia planta", "fuel": "hydro", "mw": 9.5, "country": "COL", "status": "operating"}}, {"type": "Feature", "id": 346, "geometry": {"type": "Point", "coordinates": [-76.09, 6.731]}, "properties": {"name": "La vuelta", "fuel": "hydro", "mw": 11.8, "country": "COL", "status": "operating"}}, {"type": "Feature", "id": 347, "geometry": {"type": "Point", "coordinates": [-75.227, 6.793]}, "properties": {"name": "Guadalupe III", "fuel": "hydro", "mw": 270.0, "country": "COL", "status": "operating"}}, {"type": "Feature", "id": 348, "geometry": {"type": "Point", "coordinates": [-76.081, 6.803]}, "properties": {"name": "La Herradura", "fuel": "hydro", "mw": 19.8, "country": "COL", "status": "operating"}}, {"type": "Feature", "id": 349, "geometry": {"type": "Point", "coordinates": [-75.189, 6.839]}, "properties": {"name": "Guadalupe IV", "fuel": "hydro", "mw": 216.0, "country": "COL", "status": "operating"}}, {"type": "Feature", "id": 350, "geometry": {"type": "Point", "coordinates": [-75.436, 6.875]}, "properties": {"name": "Minicentral Pajarito", "fuel": "hydro", "mw": 4.9, "country": "COL", "status": "operating"}}, {"type": "Feature", "id": 351, "geometry": {"type": "Point", "coordinates": [-73.82, 7.054]}, "properties": {"name": "Meril\u00e9ctrica", "fuel": "gas", "mw": 164.0, "country": "COL", "status": "operating"}}, {"type": "Feature", "id": 352, "geometry": {"type": "Point", "coordinates": [-73.874, 7.064]}, "properties": {"name": "", "fuel": "oil", "mw": 0.0, "country": "COL", "status": "operating"}}, {"type": "Feature", "id": 353, "geometry": {"type": "Point", "coordinates": [-73.875, 7.064]}, "properties": {"name": "", "fuel": "oil", "mw": 0.0, "country": "COL", "status": "operating"}}, {"type": "Feature", "id": 354, "geometry": {"type": "Point", "coordinates": [-73.874, 7.065]}, "properties": {"name": "", "fuel": "oil", "mw": 0.0, "country": "COL", "status": "operating"}}, {"type": "Feature", "id": 355, "geometry": {"type": "Point", "coordinates": [-73.875, 7.066]}, "properties": {"name": "", "fuel": "oil", "mw": 0.0, "country": "COL", "status": "operating"}}, {"type": "Feature", "id": 356, "geometry": {"type": "Point", "coordinates": [-73.869, 7.075]}, "properties": {"name": "Planta Viscorreductora 4", "fuel": "oil", "mw": 0.0, "country": "COL", "status": "operating"}}, {"type": "Feature", "id": 357, "geometry": {"type": "Point", "coordinates": [-73.867, 7.076]}, "properties": {"name": "Planta Viscorreductora 2", "fuel": "oil", "mw": 0.0, "country": "COL", "status": "operating"}}, {"type": "Feature", "id": 358, "geometry": {"type": "Point", "coordinates": [-73.867, 7.077]}, "properties": {"name": "", "fuel": "oil", "mw": 0.0, "country": "COL", "status": "operating"}}, {"type": "Feature", "id": 359, "geometry": {"type": "Point", "coordinates": [-73.865, 7.077]}, "properties": {"name": "Planta Viscorreductora 0", "fuel": "oil", "mw": 0.0, "country": "COL", "status": "operating"}}, {"type": "Feature", "id": 360, "geometry": {"type": "Point", "coordinates": [-74.675, 5.445]}, "properties": {"name": "Termodorada", "fuel": "gas", "mw": 45.0, "country": "COL", "status": "operating"}}, {"type": "Feature", "id": 361, "geometry": {"type": "Point", "coordinates": [-72.45, 5.46]}, "properties": {"name": "Termo Mechero Morro", "fuel": "gas", "mw": 57.9, "country": "COL", "status": "operating"}}, {"type": "Feature", "id": 362, "geometry": {"type": "Point", "coordinates": [-72.454, 5.444]}, "properties": {"name": "Termoyopal", "fuel": "gas", "mw": 186.0, "country": "COL", "status": "operating"}}, {"type": "Feature", "id": 363, "geometry": {"type": "Point", "coordinates": [-75.291, 6.673]}, "properties": {"name": "Hidroel\u00e9ctrica Guanaquitas", "fuel": "hydro", "mw": 9.5, "country": "COL", "status": "operating"}}, {"type": "Feature", "id": 364, "geometry": {"type": "Point", "coordinates": [-75.248, 6.781]}, "properties": {"name": "Central hidroel\u00e9ctrica Troneras", "fuel": "hydro", "mw": 40.0, "country": "COL", "status": "operating"}}, {"type": "Feature", "id": 365, "geometry": {"type": "Point", "coordinates": [-75.061, 7.017]}, "properties": {"name": "Central hidroel\u00e9ctrica Porce III", "fuel": "hydro", "mw": 700.0, "country": "COL", "status": "operating"}}, {"type": "Feature", "id": 366, "geometry": {"type": "Point", "coordinates": [-75.491, 6.093]}, "properties": {"name": "", "fuel": "hydro", "mw": 0.0, "country": "COL", "status": "operating"}}, {"type": "Feature", "id": 367, "geometry": {"type": "Point", "coordinates": [-73.231, 7.227]}, "properties": {"name": "", "fuel": "hydro", "mw": 0.0, "country": "COL", "status": "operating"}}, {"type": "Feature", "id": 368, "geometry": {"type": "Point", "coordinates": [-75.892, 5.908]}, "properties": {"name": "Central Hidroelectrica Barroso", "fuel": "hydro", "mw": 19.9, "country": "COL", "status": "operating"}}, {"type": "Feature", "id": 369, "geometry": {"type": "Point", "coordinates": [-67.676, 10.254]}, "properties": {"name": "La Cabrera (Jos\u00e9 F\u00e9lix Ribas) Power Plant", "fuel": "unknown", "mw": 0.0, "country": "VEN", "status": "operating"}}, {"type": "Feature", "id": 370, "geometry": {"type": "Point", "coordinates": [-67.607, 10.227]}, "properties": {"name": "Turboven", "fuel": "oil", "mw": 0.0, "country": "VEN", "status": "operating"}}, {"type": "Feature", "id": 371, "geometry": {"type": "Point", "coordinates": [-67.601, 5.703]}, "properties": {"name": "Planta Sidor", "fuel": "unknown", "mw": 0.0, "country": "VEN", "status": "operating"}}, {"type": "Feature", "id": 372, "geometry": {"type": "Point", "coordinates": [-67.599, 5.68]}, "properties": {"name": "", "fuel": "diesel", "mw": 0.0, "country": "VEN", "status": "operating"}}, {"type": "Feature", "id": 373, "geometry": {"type": "Point", "coordinates": [-67.08, 10.588]}, "properties": {"name": "Central El\u00e9ctrica Josefa Joaquina S\u00e1nchez Bastidas", "fuel": "unknown", "mw": 0.0, "country": "", "status": "operating"}}, {"type": "Feature", "id": 374, "geometry": {"type": "Point", "coordinates": [-67.079, 10.592]}, "properties": {"name": "MARGARITA/RUFINA BARGE", "fuel": "unknown", "mw": 0.0, "country": "", "status": "operating"}}, {"type": "Feature", "id": 375, "geometry": {"type": "Point", "coordinates": [-66.955, 10.421]}, "properties": {"name": "Planta Termoel\u00e9ctrica Jos\u00e9 Maria Espa\u00f1a", "fuel": "gas", "mw": 450.0, "country": "VEN", "status": "operating"}}, {"type": "Feature", "id": 376, "geometry": {"type": "Point", "coordinates": [-66.791, 10.256]}, "properties": {"name": "Planta Termoel\u00e9ctrica La Raiza", "fuel": "oil", "mw": 100.0, "country": "VEN", "status": "operating"}}, {"type": "Feature", "id": 377, "geometry": {"type": "Point", "coordinates": [-66.781, 10.436]}, "properties": {"name": "Antigua Planta Hidroel\u00e9ctrica Los Naranjos", "fuel": "hydro", "mw": 0.4, "country": "VEN", "status": "operating"}}, {"type": "Feature", "id": 378, "geometry": {"type": "Point", "coordinates": [-66.681, 10.289]}, "properties": {"name": "Termocentro El Sitio", "fuel": "gas", "mw": 1080.0, "country": "VEN", "status": "operating"}}, {"type": "Feature", "id": 379, "geometry": {"type": "Point", "coordinates": [-66.567, 10.472]}, "properties": {"name": "Guarenas Power Plant", "fuel": "gas", "mw": 100.0, "country": "VEN", "status": "operating"}}, {"type": "Feature", "id": 380, "geometry": {"type": "Point", "coordinates": [-64.614, 10.222]}, "properties": {"name": "Alberto Lovera Power Plant", "fuel": "gas", "mw": 0.0, "country": "VEN", "status": "operating"}}, {"type": "Feature", "id": 381, "geometry": {"type": "Point", "coordinates": [-64.581, 10.235]}, "properties": {"name": "Guanta Power Plant", "fuel": "gas", "mw": 0.0, "country": "VEN", "status": "operating"}}, {"type": "Feature", "id": 382, "geometry": {"type": "Point", "coordinates": [-64.497, 9.37]}, "properties": {"name": "", "fuel": "gas", "mw": 0.0, "country": "VEN", "status": "operating"}}, {"type": "Feature", "id": 383, "geometry": {"type": "Point", "coordinates": [-64.453, 9.391]}, "properties": {"name": "Alfredo Salazar Power Plant", "fuel": "gas", "mw": 0.0, "country": "VEN", "status": "operating"}}, {"type": "Feature", "id": 384, "geometry": {"type": "Point", "coordinates": [-64.166, 10.4]}, "properties": {"name": "Planta Termoel\u00e9ctrica Antonio Jos\u00e9 de Sucre", "fuel": "gas", "mw": 300.0, "country": "VEN", "status": "operating"}}, {"type": "Feature", "id": 385, "geometry": {"type": "Point", "coordinates": [-64.034, 10.878]}, "properties": {"name": "Planta El\u00e9ctrica Juan Bautista Arismendi", "fuel": "gas", "mw": 0.0, "country": "VEN", "status": "operating"}}, {"type": "Feature", "id": 386, "geometry": {"type": "Point", "coordinates": [-63.889, 10.938]}, "properties": {"name": "Planta de Energia El\u00e9ctrica Luisa C\u00e1ceres de Arismendi", "fuel": "gas", "mw": 0.0, "country": "VEN", "status": "operating"}}, {"type": "Feature", "id": 387, "geometry": {"type": "Point", "coordinates": [-64.861, 10.071]}, "properties": {"name": "Complejo Jose Antonio Power Station", "fuel": "gas", "mw": 0.0, "country": "VEN", "status": "operating"}}, {"type": "Feature", "id": 388, "geometry": {"type": "Point", "coordinates": [-66.267, 9.847]}, "properties": {"name": "Ezequiel Zamora Power Plant", "fuel": "gas", "mw": 0.0, "country": "VEN", "status": "operating"}}, {"type": "Feature", "id": 389, "geometry": {"type": "Point", "coordinates": [-66.763, 10.496]}, "properties": {"name": "Hidroel\u00e9ctrica Ayala", "fuel": "hydro", "mw": 0.0, "country": "VEN", "status": "operating"}}, {"type": "Feature", "id": 390, "geometry": {"type": "Point", "coordinates": [-67.918, 3.877]}, "properties": {"name": "", "fuel": "unknown", "mw": 0.0, "country": "COL", "status": "operating"}}, {"type": "Feature", "id": 391, "geometry": {"type": "Point", "coordinates": [-71.524, -16.324]}, "properties": {"name": "Central Hidroel\u00e9ctrica Charcani II", "fuel": "hydro", "mw": 0.8, "country": "PER", "status": "operating"}}, {"type": "Feature", "id": 392, "geometry": {"type": "Point", "coordinates": [-71.519, -16.321]}, "properties": {"name": "Central Hidroel\u00e9ctrica Charcani I", "fuel": "hydro", "mw": 1.8, "country": "PER", "status": "operating"}}, {"type": "Feature", "id": 393, "geometry": {"type": "Point", "coordinates": [-71.512, -16.318]}, "properties": {"name": "Central Hidroel\u00e9ctrica Charcani III", "fuel": "hydro", "mw": 5.0, "country": "PER", "status": "operating"}}, {"type": "Feature", "id": 394, "geometry": {"type": "Point", "coordinates": [-71.801, -16.706]}, "properties": {"name": "Central Solar San Mart\u00edn", "fuel": "solar", "mw": 252.4, "country": "PER", "status": "operating"}}, {"type": "Feature", "id": 395, "geometry": {"type": "Point", "coordinates": [-75.071, -15.411]}, "properties": {"name": "Parque E\u00f3lico Marcona", "fuel": "wind", "mw": 32.1, "country": "PER", "status": "operating"}}, {"type": "Feature", "id": 396, "geometry": {"type": "Point", "coordinates": [-75.069, -15.385]}, "properties": {"name": "Parque E\u00f3lico Tres Hermanas", "fuel": "wind", "mw": 97.2, "country": "PER", "status": "operating"}}, {"type": "Feature", "id": 397, "geometry": {"type": "Point", "coordinates": [-75.05, -15.04]}, "properties": {"name": "Planta E\u00f3lica Wayra", "fuel": "wind", "mw": 132.3, "country": "PER", "status": "operating"}}, {"type": "Feature", "id": 398, "geometry": {"type": "Point", "coordinates": [-74.684, -12.291]}, "properties": {"name": "Minicentral hidroel\u00e9ctrica Cerro del \u00c1guila", "fuel": "hydro", "mw": 10.0, "country": "PER", "status": "operating"}}, {"type": "Feature", "id": 399, "geometry": {"type": "Point", "coordinates": [-75.306, -11.307]}, "properties": {"name": "Central Hidroel\u00e9ctrica Chimay", "fuel": "hydro", "mw": 142.8, "country": "PER", "status": "operating"}}, {"type": "Feature", "id": 400, "geometry": {"type": "Point", "coordinates": [-75.564, 2.453]}, "properties": {"name": "Casa de M\u00e1quinas (C.H.B. El Quimbo)", "fuel": "hydro", "mw": 400.0, "country": "COL", "status": "operating"}}, {"type": "Feature", "id": 401, "geometry": {"type": "Point", "coordinates": [-75.318, 6.548]}, "properties": {"name": "Central Hidroelectrica Hidromonta\u00f1ita", "fuel": "hydro", "mw": 19.9, "country": "COL", "status": "operating"}}, {"type": "Feature", "id": 402, "geometry": {"type": "Point", "coordinates": [-75.175, 6.837]}, "properties": {"name": "CASA DE MAQUINAS PORCE II", "fuel": "hydro", "mw": 392.0, "country": "COL", "status": "operating"}}, {"type": "Feature", "id": 403, "geometry": {"type": "Point", "coordinates": [-75.35, -12.053]}, "properties": {"name": "Central Hidroel\u00e9ctrica Sicaya Huarisca", "fuel": "hydro", "mw": 3.8, "country": "PER", "status": "operating"}}, {"type": "Feature", "id": 404, "geometry": {"type": "Point", "coordinates": [-74.812, 10.615]}, "properties": {"name": "Parque Solar Guayepo I & II", "fuel": "solar", "mw": 486.0, "country": "COL", "status": "operating"}}, {"type": "Feature", "id": 405, "geometry": {"type": "Point", "coordinates": [-74.859, 4.249]}, "properties": {"name": "Celsia Solar Dulima", "fuel": "solar", "mw": 20.0, "country": "COL", "status": "operating"}}, {"type": "Feature", "id": 406, "geometry": {"type": "Point", "coordinates": [-74.861, 4.256]}, "properties": {"name": "Celsia Solar Yuma", "fuel": "solar", "mw": 10.0, "country": "COL", "status": "operating"}}, {"type": "Feature", "id": 407, "geometry": {"type": "Point", "coordinates": [-74.876, 4.244]}, "properties": {"name": "Celsia Solar Flandes", "fuel": "solar", "mw": 20.0, "country": "COL", "status": "operating"}}, {"type": "Feature", "id": 408, "geometry": {"type": "Point", "coordinates": [-74.739, 4.214]}, "properties": {"name": "Celsia Solar Lanceros", "fuel": "solar", "mw": 10.0, "country": "COL", "status": "operating"}}, {"type": "Feature", "id": 409, "geometry": {"type": "Point", "coordinates": [-75.417, 9.147]}, "properties": {"name": "Parque Fotovoltaico La Tolua SAS", "fuel": "solar", "mw": 0.0, "country": "COL", "status": "operating"}}, {"type": "Feature", "id": 410, "geometry": {"type": "Point", "coordinates": [-75.008, 10.661]}, "properties": {"name": "GRANJA SOLAR IL", "fuel": "solar", "mw": 0.0, "country": "COL", "status": "operating"}}, {"type": "Feature", "id": 411, "geometry": {"type": "Point", "coordinates": [-75.267, 6.233]}, "properties": {"name": "", "fuel": "hydro", "mw": 0.0, "country": "COL", "status": "operating"}}, {"type": "Feature", "id": 412, "geometry": {"type": "Point", "coordinates": [-75.112, 9.224]}, "properties": {"name": "", "fuel": "solar", "mw": 0.0, "country": "COL", "status": "operating"}}, {"type": "Feature", "id": 413, "geometry": {"type": "Point", "coordinates": [-73.514, -13.765]}, "properties": {"name": "Central Hidroel\u00e9ctrica Huancaray", "fuel": "hydro", "mw": 0.6, "country": "PER", "status": "operating"}}, {"type": "Feature", "id": 414, "geometry": {"type": "Point", "coordinates": [-73.219, -3.641]}, "properties": {"name": "Estaci\u00f3n Termoel\u00e9ctrica Iquitos Nueva", "fuel": "gas", "mw": 77.7, "country": "PER", "status": "operating"}}, {"type": "Feature", "id": 415, "geometry": {"type": "Point", "coordinates": [-73.243, -3.737]}, "properties": {"name": "Electro Oriente", "fuel": "coal", "mw": 0.0, "country": "PER", "status": "operating"}}, {"type": "Feature", "id": 416, "geometry": {"type": "Point", "coordinates": [-73.149, 6.56]}, "properties": {"name": "Planta Hidroel\u00e9crica La Cascada", "fuel": "hydro", "mw": 0.0, "country": "COL", "status": "operating"}}, {"type": "Feature", "id": 417, "geometry": {"type": "Point", "coordinates": [-73.277, 9.706]}, "properties": {"name": "electricidad", "fuel": "unknown", "mw": 0.0, "country": "COL", "status": "operating"}}, {"type": "Feature", "id": 418, "geometry": {"type": "Point", "coordinates": [-73.363, 6.285]}, "properties": {"name": "", "fuel": "hydro", "mw": 0.0, "country": "COL", "status": "operating"}}, {"type": "Feature", "id": 419, "geometry": {"type": "Point", "coordinates": [-73.868, 7.076]}, "properties": {"name": "Planta Viscorreductora 3", "fuel": "oil", "mw": 0.0, "country": "COL", "status": "operating"}}, {"type": "Feature", "id": 420, "geometry": {"type": "Point", "coordinates": [-73.895, 7.097]}, "properties": {"name": "Termobarranca Power Station", "fuel": "unknown", "mw": 0.0, "country": "COL", "status": "operating"}}, {"type": "Feature", "id": 421, "geometry": {"type": "Point", "coordinates": [-73.689, 3.89]}, "properties": {"name": "", "fuel": "solar", "mw": 0.0, "country": "COL", "status": "operating"}}, {"type": "Feature", "id": 422, "geometry": {"type": "Point", "coordinates": [-73.851, -5.087]}, "properties": {"name": "Planta Solar Fotovoltaica Requena", "fuel": "solar", "mw": 10.0, "country": "PER", "status": "operating"}}, {"type": "Feature", "id": 423, "geometry": {"type": "Point", "coordinates": [-74.217, 4.694]}, "properties": {"name": "paneles solares", "fuel": "solar", "mw": 0.0, "country": "COL", "status": "operating"}}, {"type": "Feature", "id": 424, "geometry": {"type": "Point", "coordinates": [-74.217, 4.694]}, "properties": {"name": "paneles solares", "fuel": "solar", "mw": 0.0, "country": "COL", "status": "operating"}}, {"type": "Feature", "id": 425, "geometry": {"type": "Point", "coordinates": [-73.612, 8.586]}, "properties": {"name": "La Mata solar farm", "fuel": "solar", "mw": 0.0, "country": "COL", "status": "operating"}}, {"type": "Feature", "id": 426, "geometry": {"type": "Point", "coordinates": [-73.709, 4.079]}, "properties": {"name": "", "fuel": "solar", "mw": 0.0, "country": "COL", "status": "operating"}}, {"type": "Feature", "id": 427, "geometry": {"type": "Point", "coordinates": [-73.782, 5.241]}, "properties": {"name": "Parque Solar Jeques", "fuel": "solar", "mw": 9.9, "country": "COL", "status": "operating"}}, {"type": "Feature", "id": 428, "geometry": {"type": "Point", "coordinates": [-74.457, 4.295]}, "properties": {"name": "Unigas", "fuel": "gas", "mw": 0.0, "country": "COL", "status": "operating"}}, {"type": "Feature", "id": 429, "geometry": {"type": "Point", "coordinates": [-74.418, 9.227]}, "properties": {"name": "", "fuel": "unknown", "mw": 0.0, "country": "COL", "status": "operating"}}, {"type": "Feature", "id": 430, "geometry": {"type": "Point", "coordinates": [-72.229, 8.168]}, "properties": {"name": "Planta de Generaci\u00f3n Tach\u00edra", "fuel": "oil", "mw": 0.0, "country": "VEN", "status": "operating"}}, {"type": "Feature", "id": 431, "geometry": {"type": "Point", "coordinates": [-72.566, 8.679]}, "properties": {"name": "Planta Termoel\u00e9ctrica Casigua", "fuel": "unknown", "mw": 0.0, "country": "VEN", "status": "operating"}}, {"type": "Feature", "id": 432, "geometry": {"type": "Point", "coordinates": [-72.556, 5.177]}, "properties": {"name": "", "fuel": "unknown", "mw": 0.0, "country": "COL", "status": "operating"}}, {"type": "Feature", "id": 433, "geometry": {"type": "Point", "coordinates": [-71.754, 5.309]}, "properties": {"name": "Planta de Exploracion Cedrillos E1", "fuel": "oil", "mw": 30.0, "country": "COL", "status": "operating"}}, {"type": "Feature", "id": 434, "geometry": {"type": "Point", "coordinates": [-71.898, 8.966]}, "properties": {"name": "Planta Termoel\u00e9ctrica San Carlos del Zulia", "fuel": "oil", "mw": 20.0, "country": "VEN", "status": "operating"}}, {"type": "Feature", "id": 435, "geometry": {"type": "Point", "coordinates": [-71.637, 10.494]}, "properties": {"name": "Old Rafael Urdaneta power station", "fuel": "gas", "mw": 0.0, "country": "VEN", "status": "operating"}}, {"type": "Feature", "id": 436, "geometry": {"type": "Point", "coordinates": [-72.03, 4.212]}, "properties": {"name": "Los Llanos Solar Forest", "fuel": "solar", "mw": 19.9, "country": "COL", "status": "operating"}}, {"type": "Feature", "id": 437, "geometry": {"type": "Point", "coordinates": [-72.033, 12.233]}, "properties": {"name": "Parque E\u00f3lico Jep\u00edrachi", "fuel": "wind", "mw": 0.0, "country": "", "status": "operating"}}, {"type": "Feature", "id": 438, "geometry": {"type": "Point", "coordinates": [-71.361, -17.501]}, "properties": {"name": "Central T\u00e9rmica Ilo 1 - Engie", "fuel": "diesel", "mw": 206.0, "country": "PER", "status": "operating"}}, {"type": "Feature", "id": 439, "geometry": {"type": "Point", "coordinates": [-71.185, -17.251]}, "properties": {"name": "Central Solar Rub\u00ed", "fuel": "solar", "mw": 144.5, "country": "PER", "status": "operating"}}, {"type": "Feature", "id": 440, "geometry": {"type": "Point", "coordinates": [-71.534, -16.382]}, "properties": {"name": "", "fuel": "unknown", "mw": 0.0, "country": "PER", "status": "operating"}}, {"type": "Feature", "id": 441, "geometry": {"type": "Point", "coordinates": [-71.288, -15.396]}, "properties": {"name": "Represa Condoroma", "fuel": "unknown", "mw": 0.0, "country": "PER", "status": "operating"}}, {"type": "Feature", "id": 442, "geometry": {"type": "Point", "coordinates": [-71.299, -14.359]}, "properties": {"name": "", "fuel": "hydro", "mw": 0.0, "country": "PER", "status": "operating"}}, {"type": "Feature", "id": 443, "geometry": {"type": "Point", "coordinates": [-71.283, -14.343]}, "properties": {"name": "", "fuel": "hydro", "mw": 0.0, "country": "PER", "status": "operating"}}, {"type": "Feature", "id": 444, "geometry": {"type": "Point", "coordinates": [-71.035, -17.545]}, "properties": {"name": "Central Panamericana Solar", "fuel": "solar", "mw": 20.0, "country": "PER", "status": "operating"}}, {"type": "Feature", "id": 445, "geometry": {"type": "Point", "coordinates": [-71.023, -17.542]}, "properties": {"name": "Central Solar Moquegua F.V.", "fuel": "solar", "mw": 16.0, "country": "PER", "status": "operating"}}, {"type": "Feature", "id": 446, "geometry": {"type": "Point", "coordinates": [-72.222, -16.435]}, "properties": {"name": "Planta Fotovaltica de Majes", "fuel": "solar", "mw": 20.0, "country": "PER", "status": "operating"}}, {"type": "Feature", "id": 447, "geometry": {"type": "Point", "coordinates": [-71.442, -16.262]}, "properties": {"name": "Central Hidroel\u00e9ctrica Charcani V", "fuel": "hydro", "mw": 145.0, "country": "PER", "status": "operating"}}, {"type": "Feature", "id": 448, "geometry": {"type": "Point", "coordinates": [-71.474, -16.292]}, "properties": {"name": "Central Hidroel\u00e9ctrica Charcani IV", "fuel": "hydro", "mw": 14.4, "country": "PER", "status": "operating"}}, {"type": "Feature", "id": 449, "geometry": {"type": "Point", "coordinates": [-71.489, -16.304]}, "properties": {"name": "Central Hidroel\u00e9ctrica Charcani VI", "fuel": "hydro", "mw": 9.0, "country": "PER", "status": "operating"}}, {"type": "Feature", "id": 450, "geometry": {"type": "Point", "coordinates": [-71.187, -17.777]}, "properties": {"name": "Central T\u00e9rmica Reserva Fr\u00eda Ilo", "fuel": "oil", "mw": 568.6, "country": "PER", "status": "operating"}}, {"type": "Feature", "id": 451, "geometry": {"type": "Point", "coordinates": [-71.186, -17.778]}, "properties": {"name": "Central T\u00e9rmica Nepi", "fuel": "oil", "mw": 719.0, "country": "PER", "status": "operating"}}, {"type": "Feature", "id": 452, "geometry": {"type": "Point", "coordinates": [-71.189, -17.776]}, "properties": {"name": "Central T\u00e9rmica Ilo 2", "fuel": "coal", "mw": 135.0, "country": "PER", "status": "operating"}}, {"type": "Feature", "id": 453, "geometry": {"type": "Point", "coordinates": [-70.334, -18.351]}, "properties": {"name": "", "fuel": "solar", "mw": 0.0, "country": "", "status": "operating"}}, {"type": "Feature", "id": 454, "geometry": {"type": "Point", "coordinates": [-70.398, -17.421]}, "properties": {"name": "Central Hidroel\u00e9ctrica Aricota 2", "fuel": "hydro", "mw": 11.9, "country": "PER", "status": "operating"}}, {"type": "Feature", "id": 455, "geometry": {"type": "Point", "coordinates": [-70.356, -17.399]}, "properties": {"name": "Central Hidroel\u00e9ctrica Aricota 1", "fuel": "hydro", "mw": 23.8, "country": "PER", "status": "operating"}}, {"type": "Feature", "id": 456, "geometry": {"type": "Point", "coordinates": [-70.124, -15.51]}, "properties": {"name": "Planta T\u00e9rmica de Taparachi", "fuel": "unknown", "mw": 0.0, "country": "PER", "status": "operating"}}, {"type": "Feature", "id": 457, "geometry": {"type": "Point", "coordinates": [-70.254, -18.351]}, "properties": {"name": "PMGD PFV Arica", "fuel": "solar", "mw": 3.9, "country": "", "status": "operating"}}, {"type": "Feature", "id": 458, "geometry": {"type": "Point", "coordinates": [-69.711, -15.658]}, "properties": {"name": "", "fuel": "solar", "mw": 0.0, "country": "PER", "status": "operating"}}, {"type": "Feature", "id": 459, "geometry": {"type": "Point", "coordinates": [-67.754, -22.427]}, "properties": {"name": "Planta Geot\u00e9rmica Laguna Colorada", "fuel": "geothermal", "mw": 100.0, "country": "BOL", "status": "operating"}}, {"type": "Feature", "id": 460, "geometry": {"type": "Point", "coordinates": [-63.561, -21.694]}, "properties": {"name": "Planta Termoel\u00e9ctrica del Sur", "fuel": "gas", "mw": 480.0, "country": "BOL", "status": "operating"}}, {"type": "Feature", "id": 461, "geometry": {"type": "Point", "coordinates": [-68.251, -21.232]}, "properties": {"name": "Planta H\u00edbrida de Ollag\u00fce", "fuel": "solar", "mw": 0.2, "country": "BOL", "status": "operating"}}, {"type": "Feature", "id": 462, "geometry": {"type": "Point", "coordinates": [-66.145, -21.167]}, "properties": {"name": "Estaci\u00f3n Generadora (Ruinas)", "fuel": "unknown", "mw": 0.0, "country": "BOL", "status": "operating"}}, {"type": "Feature", "id": 463, "geometry": {"type": "Point", "coordinates": [-66.769, -20.577]}, "properties": {"name": "Planta Solar Fotovolt\u00e1ica Uyuni", "fuel": "solar", "mw": 60.0, "country": "BOL", "status": "operating"}}, {"type": "Feature", "id": 464, "geometry": {"type": "Point", "coordinates": [-67.364, -20.578]}, "properties": {"name": "Planta de Generaci\u00f3n de Energ\u00eda El\u00e9ctrica", "fuel": "gas", "mw": 0.0, "country": "BOL", "status": "operating"}}, {"type": "Feature", "id": 465, "geometry": {"type": "Point", "coordinates": [-64.719, -21.602]}, "properties": {"name": "Planta Hidroel\u00e9ctrica San Jacinto", "fuel": "hydro", "mw": 7.6, "country": "BOL", "status": "operating"}}, {"type": "Feature", "id": 466, "geometry": {"type": "Point", "coordinates": [-64.73, -21.527]}, "properties": {"name": "SETAR", "fuel": "unknown", "mw": 0.0, "country": "BOL", "status": "operating"}}, {"type": "Feature", "id": 467, "geometry": {"type": "Point", "coordinates": [-66.136, -20.046]}, "properties": {"name": "CHE Punutuma", "fuel": "hydro", "mw": 0.0, "country": "BOL", "status": "operating"}}, {"type": "Feature", "id": 468, "geometry": {"type": "Point", "coordinates": [-66.191, -19.977]}, "properties": {"name": "Visigza", "fuel": "hydro", "mw": 0.0, "country": "BOL", "status": "operating"}}, {"type": "Feature", "id": 469, "geometry": {"type": "Point", "coordinates": [-66.321, -19.817]}, "properties": {"name": "Central Hidroel\u00e9ctricas Landana", "fuel": "hydro", "mw": 0.0, "country": "BOL", "status": "operating"}}, {"type": "Feature", "id": 470, "geometry": {"type": "Point", "coordinates": [-66.348, -19.782]}, "properties": {"name": "Central Hidroel\u00e9ctrica Kilpani", "fuel": "hydro", "mw": 0.0, "country": "BOL", "status": "operating"}}, {"type": "Feature", "id": 471, "geometry": {"type": "Point", "coordinates": [-65.889, -19.552]}, "properties": {"name": "CHE Cayara", "fuel": "hydro", "mw": 0.0, "country": "BOL", "status": "operating"}}, {"type": "Feature", "id": 472, "geometry": {"type": "Point", "coordinates": [-65.898, -19.386]}, "properties": {"name": "", "fuel": "hydro", "mw": 0.0, "country": "BOL", "status": "operating"}}, {"type": "Feature", "id": 473, "geometry": {"type": "Point", "coordinates": [-65.426, -19.014]}, "properties": {"name": "", "fuel": "hydro", "mw": 0.0, "country": "BOL", "status": "operating"}}, {"type": "Feature", "id": 474, "geometry": {"type": "Point", "coordinates": [-63.121, -18.376]}, "properties": {"name": "Parque E\u00f3lico El Dorado", "fuel": "wind", "mw": 54.0, "country": "BOL", "status": "operating"}}, {"type": "Feature", "id": 475, "geometry": {"type": "Point", "coordinates": [-67.434, -17.771]}, "properties": {"name": "Planta Solar Fotovoltaica Oruro", "fuel": "solar", "mw": 100.0, "country": "BOL", "status": "operating"}}, {"type": "Feature", "id": 476, "geometry": {"type": "Point", "coordinates": [-63.14, -17.755]}, "properties": {"name": "Santa Cruz CHP", "fuel": "gas", "mw": 44.0, "country": "BOL", "status": "operating"}}, {"type": "Feature", "id": 477, "geometry": {"type": "Point", "coordinates": [-63.147, -17.534]}, "properties": {"name": "Planta Termoel\u00e9ctrica de Warnes", "fuel": "gas", "mw": 200.0, "country": "BOL", "status": "operating"}}, {"type": "Feature", "id": 478, "geometry": {"type": "Point", "coordinates": [-64.515, -17.197]}, "properties": {"name": "Termoelectrica Entre Rios", "fuel": "unknown", "mw": 0.0, "country": "BOL", "status": "operating"}}, {"type": "Feature", "id": 479, "geometry": {"type": "Point", "coordinates": [-67.256, -16.998]}, "properties": {"name": "CHE Pongo", "fuel": "hydro", "mw": 0.0, "country": "BOL", "status": "operating"}}, {"type": "Feature", "id": 480, "geometry": {"type": "Point", "coordinates": [-67.326, -16.926]}, "properties": {"name": "", "fuel": "hydro", "mw": 0.0, "country": "BOL", "status": "operating"}}, {"type": "Feature", "id": 481, "geometry": {"type": "Point", "coordinates": [-68.181, -16.565]}, "properties": {"name": "El Alto Ende power station", "fuel": "gas", "mw": 0.0, "country": "BOL", "status": "operating"}}, {"type": "Feature", "id": 482, "geometry": {"type": "Point", "coordinates": [-68.063, -16.539]}, "properties": {"name": "Seguidor Solar Fotovoltaico", "fuel": "solar", "mw": 0.0, "country": "BOL", "status": "operating"}}, {"type": "Feature", "id": 483, "geometry": {"type": "Point", "coordinates": [-68.063, -16.538]}, "properties": {"name": "Campo de Entrenamiento Solar", "fuel": "solar", "mw": 0.0, "country": "BOL", "status": "operating"}}, {"type": "Feature", "id": 484, "geometry": {"type": "Point", "coordinates": [-68.062, -16.538]}, "properties": {"name": "", "fuel": "solar", "mw": 0.0, "country": "BOL", "status": "operating"}}, {"type": "Feature", "id": 485, "geometry": {"type": "Point", "coordinates": [-67.521, -16.44]}, "properties": {"name": "Generador de Energ\u00eda PELTON", "fuel": "hydro", "mw": 0.0, "country": "BOL", "status": "operating"}}, {"type": "Feature", "id": 486, "geometry": {"type": "Point", "coordinates": [-68.109, -16.132]}, "properties": {"name": "Hidroel\u00e9ctrica Santa Rosa I", "fuel": "hydro", "mw": 300.0, "country": "BOL", "status": "operating"}}, {"type": "Feature", "id": 487, "geometry": {"type": "Point", "coordinates": [-68.217, -16.256]}, "properties": {"name": "", "fuel": "hydro", "mw": 0.0, "country": "BOL", "status": "operating"}}, {"type": "Feature", "id": 488, "geometry": {"type": "Point", "coordinates": [-65.263, -17.408]}, "properties": {"name": "Juntas", "fuel": "hydro", "mw": 92.0, "country": "BOL", "status": "operating"}}, {"type": "Feature", "id": 489, "geometry": {"type": "Point", "coordinates": [-65.259, -17.385]}, "properties": {"name": "Central Hidroelectrica Sehuencas", "fuel": "hydro", "mw": 200.0, "country": "BOL", "status": "operating"}}, {"type": "Feature", "id": 490, "geometry": {"type": "Point", "coordinates": [-68.139, -16.538]}, "properties": {"name": "Sistema de Regulaci\u00f3n Municipal (Siremu)", "fuel": "waste", "mw": 0.0, "country": "BOL", "status": "operating"}}, {"type": "Feature", "id": 491, "geometry": {"type": "Point", "coordinates": [-63.157, -17.664]}, "properties": {"name": "", "fuel": "solar", "mw": 0.0, "country": "BOL", "status": "operating"}}, {"type": "Feature", "id": 492, "geometry": {"type": "Point", "coordinates": [-57.89, -19.144]}, "properties": {"name": "Central El\u00e9ctrica Mut\u00fan", "fuel": "gas", "mw": 0.0, "country": "BOL", "status": "operating"}}, {"type": "Feature", "id": 493, "geometry": {"type": "Point", "coordinates": [-60.184, -18.047]}, "properties": {"name": "", "fuel": "unknown", "mw": 0.0, "country": "BOL", "status": "operating"}}]}