{"type": "FeatureCollection", "features": [{"type": "Feature", "geometry": {"type": "LineString", "coordinates": [[-80.701, 8.196], [-80.471, 8.619]]}, "properties": {"v": 230000, "f": "60", "oid": 674484155}}, {"type": "Feature", "geometry": {"type": "LineString", "coordinates": [[-80.556, 8.279], [-80.701, 8.196]]}, "properties": {"v": 230000, "nm": "2x 230kV", "oid": 192365427}}, {"type": "Feature", "geometry": {"type": "LineString", "coordinates": [[-80.699, 8.195], [-80.554, 8.28]]}, "properties": {"v": 230000, "nm": "2x 230kV", "oid": 192365426}}, {"type": "Feature", "geometry": {"type": "LineString", "coordinates": [[-81.077, 8.174], [-80.846, 8.143], [-80.701, 8.195]]}, "properties": {"v": 230000, "c": 2, "f": "60", "oid": 388322406}}, {"type": "Feature", "geometry": {"type": "LineString", "coordinates": [[-80.699, 8.195], [-80.848, 8.054], [-80.972, 8.093]]}, "properties": {"v": 115000, "f": "60", "oid": 674479124}}, {"type": "Feature", "geometry": {"type": "LineString", "coordinates": [[-80.699, 8.196], [-80.552, 8.264]]}, "properties": {"v": 115000, "f": "60", "oid": 674482655}}, {"type": "Feature", "geometry": {"type": "LineString", "coordinates": [[-80.701, 8.195], [-80.761, 8.148], [-80.998, 8.164]]}, "properties": {"v": 230000, "f": "60", "oid": 674486421}}, {"type": "Feature", "geometry": {"type": "LineString", "coordinates": [[-80.698, 8.196], [-80.688, 8.131]]}, "properties": {"v": 115000, "f": "60", "oid": 674479478}}, {"type": "Feature", "geometry": {"type": "LineString", "coordinates": [[-80.698, 8.196], [-80.672, 8.181]]}, "properties": {"v": 115000, "f": "60", "oid": 957201135}}, {"type": "Feature", "geometry": {"type": "LineString", "coordinates": [[-79.274, 9.108], [-78.975, 9.229], [-78.886, 9.177]]}, "properties": {"v": 230000, "c": 2, "f": "60", "oid": 244105240}}, {"type": "Feature", "geometry": {"type": "LineString", "coordinates": [[-79.461, 9.048], [-79.433, 9.095]]}, "properties": {"v": 115000, "c": 2, "f": "60", "oid": 330663176}}, {"type": "Feature", "geometry": {"type": "LineString", "coordinates": [[-79.514, 9.053], [-79.431, 9.095]]}, "properties": {"v": 230000, "c": 2, "f": "60", "oid": 330663177}}, {"type": "Feature", "geometry": {"type": "LineString", "coordinates": [[-79.433, 9.095], [-79.41, 9.079]]}, "properties": {"v": 115000, "c": 2, "f": "60", "oid": 193406163}}, {"type": "Feature", "geometry": {"type": "LineString", "coordinates": [[-79.274, 9.108], [-79.431, 9.096]]}, "properties": {"v": 230000, "c": 2, "f": "60", "oid": 193406166}}, {"type": "Feature", "geometry": {"type": "LineString", "coordinates": [[-79.274, 9.106], [-79.274, 9.108]]}, "properties": {"v": 230000, "f": "60", "oid": 244105241}}, {"type": "Feature", "geometry": {"type": "LineString", "coordinates": [[-79.274, 9.108], [-79.274, 9.106]]}, "properties": {"v": 230000, "f": "60", "oid": 692382770}}, {"type": "Feature", "geometry": {"type": "LineString", "coordinates": [[-79.274, 9.106], [-79.273, 9.106]]}, "properties": {"v": 230000, "f": "60", "oid": 692382766}}, {"type": "Feature", "geometry": {"type": "LineString", "coordinates": [[-79.273, 9.106], [-79.274, 9.106]]}, "properties": {"v": 230000, "f": "60", "oid": 692382769}}, {"type": "Feature", "geometry": {"type": "LineString", "coordinates": [[-78.884, 9.177], [-78.886, 9.177]]}, "properties": {"v": 230000, "c": 1, "f": "60", "oid": 1256475105}}, {"type": "Feature", "geometry": {"type": "LineString", "coordinates": [[-78.885, 9.178], [-78.886, 9.177]]}, "properties": {"v": 230000, "c": 1, "f": "60", "oid": 1256475104}}, {"type": "Feature", "geometry": {"type": "LineString", "coordinates": [[-80.368, 8.403], [-80.113, 8.422], [-80.018, 8.496]]}, "properties": {"v": 230000, "c": 2, "f": "60", "oid": 192368391}}, {"type": "Feature", "geometry": {"type": "LineString", "coordinates": [[-80.364, 8.403], [-80.05, 8.463]]}, "properties": {"v": 230000, "c": 2, "f": "60", "oid": 192368390}}, {"type": "Feature", "geometry": {"type": "LineString", "coordinates": [[-80.05, 8.463], [-80.049, 8.463]]}, "properties": {"v": 230000, "c": 2, "f": "60", "oid": 771962483}}, {"type": "Feature", "geometry": {"type": "LineString", "coordinates": [[-80.05, 8.463], [-80.047, 8.465]]}, "properties": {"v": 230000, "c": 2, "f": "60", "oid": 771962485}}, {"type": "Feature", "geometry": {"type": "LineString", "coordinates": [[-80.048, 8.464], [-80.047, 8.465]]}, "properties": {"v": 230000, "c": 2, "f": "60", "oid": 771962482}}, {"type": "Feature", "geometry": {"type": "LineString", "coordinates": [[-80.047, 8.465], [-80.018, 8.495]]}, "properties": {"v": 230000, "c": 2, "f": "60", "oid": 771962484}}, {"type": "Feature", "geometry": {"type": "LineString", "coordinates": [[-79.88, 8.703], [-80.085, 8.431], [-80.335, 8.417], [-80.701, 8.196]]}, "properties": {"v": 230000, "c": 2, "f": "60", "oid": 674482660}}, {"type": "Feature", "geometry": {"type": "LineString", "coordinates": [[-79.778, 8.91], [-80.018, 8.495]]}, "properties": {"v": 230000, "c": 2, "f": "60", "oid": 192994699}}, {"type": "Feature", "geometry": {"type": "LineString", "coordinates": [[-80.018, 8.496], [-79.876, 8.664], [-79.869, 8.863], [-79.629, 9.038], [-79.432, 9.096]]}, "properties": {"v": 230000, "c": 2, "f": "60", "oid": 192747099}}, {"type": "Feature", "geometry": {"type": "LineString", "coordinates": [[-79.778, 8.91], [-79.828, 8.928], [-79.889, 8.779]]}, "properties": {"v": 230000, "c": 2, "f": "60", "oid": 821945780}}, {"type": "Feature", "geometry": {"type": "LineString", "coordinates": [[-79.791, 9.319], [-79.814, 9.341]]}, "properties": {"v": 230000, "c": 2, "f": "60", "oid": 1028146813}}, {"type": "Feature", "geometry": {"type": "LineString", "coordinates": [[-79.523, 9.032], [-79.802, 9.346]]}, "properties": {"v": 115000, "c": 2, "f": "60", "oid": 192770752}}, {"type": "Feature", "geometry": {"type": "LineString", "coordinates": [[-79.794, 9.327], [-79.627, 9.205], [-79.526, 9.038]]}, "properties": {"v": 115000, "c": 2, "f": "60", "oid": 192770754}}, {"type": "Feature", "geometry": {"type": "LineString", "coordinates": [[-79.432, 9.096], [-79.791, 9.319]]}, "properties": {"v": 230000, "c": 2, "f": "60", "oid": 1028146817}}, {"type": "Feature", "geometry": {"type": "LineString", "coordinates": [[-79.778, 8.91], [-79.782, 8.909]]}, "properties": {"v": 230000, "c": 1, "f": "60", "oid": 821945779}}, {"type": "Feature", "geometry": {"type": "LineString", "coordinates": [[-79.778, 8.91], [-79.711, 9.002], [-79.526, 9.039]]}, "properties": {"v": 230000, "c": 2, "f": "60", "oid": 771962480}}, {"type": "Feature", "geometry": {"type": "LineString", "coordinates": [[-79.776, 8.911], [-79.609, 8.996], [-79.629, 9.036], [-79.526, 9.039]]}, "properties": {"v": 230000, "c": 2, "f": "60", "oid": 192747097}}, {"type": "Feature", "geometry": {"type": "LineString", "coordinates": [[-79.54, 9.166], [-79.621, 9.194]]}, "properties": {"v": 115000, "f": "60", "oid": 674140621}}, {"type": "Feature", "geometry": {"type": "LineString", "coordinates": [[-79.59, 9.002], [-79.523, 9.031]]}, "properties": {"v": 115000, "c": 2, "oid": 179141244}}, {"type": "Feature", "geometry": {"type": "LineString", "coordinates": [[-79.526, 9.037], [-79.53, 9.027]]}, "properties": {"v": 115000, "c": 2, "f": "60", "oid": 1284429401}}, {"type": "Feature", "geometry": {"type": "LineString", "coordinates": [[-79.523, 9.031], [-79.53, 9.027]]}, "properties": {"v": 115000, "c": 2, "oid": 1284429404}}, {"type": "Feature", "geometry": {"type": "LineString", "coordinates": [[-79.524, 9.032], [-79.526, 9.037]]}, "properties": {"v": 115000, "c": 2, "f": "60", "oid": 179141262}}, {"type": "Feature", "geometry": {"type": "LineString", "coordinates": [[-79.526, 9.038], [-79.514, 9.053]]}, "properties": {"v": 230000, "oid": 192770753}}, {"type": "Feature", "geometry": {"type": "LineString", "coordinates": [[-79.512, 9.056], [-79.526, 9.037]]}, "properties": {"v": 115000, "c": 2, "f": "60", "oid": 192770759}}, {"type": "Feature", "geometry": {"type": "LineString", "coordinates": [[-79.523, 9.032], [-79.524, 9.032]]}, "properties": {"v": 115000, "c": 2, "f": "60", "oid": 1313098517}}, {"type": "Feature", "geometry": {"type": "LineString", "coordinates": [[-79.535, 9.023], [-79.54, 8.988]]}, "properties": {"v": 115000, "c": 2, "f": "60", "oid": 179141260}}, {"type": "Feature", "geometry": {"type": "LineString", "coordinates": [[-79.535, 9.023], [-79.538, 8.989]]}, "properties": {"v": 115000, "c": 2, "oid": 179141263}}, {"type": "Feature", "geometry": {"type": "LineString", "coordinates": [[-79.54, 8.988], [-79.539, 8.989]]}, "properties": {"v": 115000, "oid": 772158118}}, {"type": "Feature", "geometry": {"type": "LineString", "coordinates": [[-79.54, 8.988], [-79.538, 8.989]]}, "properties": {"v": 115000, "oid": 772158119}}, {"type": "Feature", "geometry": {"type": "LineString", "coordinates": [[-90.506, 14.595], [-90.509, 14.628]]}, "properties": {"v": 69000, "c": 1, "f": "60", "oid": 1250498582}}, {"type": "Feature", "geometry": {"type": "LineString", "coordinates": [[-90.511, 14.572], [-90.51, 14.578]]}, "properties": {"v": 69000, "c": 1, "f": "60", "oid": 1249969582}}, {"type": "Feature", "geometry": {"type": "LineString", "coordinates": [[-90.457, 14.559], [-90.458, 14.558]]}, "properties": {"v": 69000, "c": 1, "f": "60", "oid": 1249969588}}, {"type": "Feature", "geometry": {"type": "LineString", "coordinates": [[-90.541, 14.595], [-90.54, 14.594]]}, "properties": {"v": 69000, "c": 1, "f": "60", "oid": 1249149258}}, {"type": "Feature", "geometry": {"type": "LineString", "coordinates": [[-90.466, 14.602], [-90.467, 14.602]]}, "properties": {"v": 69000, "c": 1, "f": "60", "oid": 1247752606}}, {"type": "Feature", "geometry": {"type": "LineString", "coordinates": [[-90.51, 14.578], [-90.509, 14.581]]}, "properties": {"v": 69000, "c": 2, "f": "60", "oid": 1250498587}}, {"type": "Feature", "geometry": {"type": "LineString", "coordinates": [[-90.466, 14.602], [-90.467, 14.602]]}, "properties": {"v": 69000, "c": 1, "f": "60", "oid": 1247752607}}, {"type": "Feature", "geometry": {"type": "LineString", "coordinates": [[-90.458, 14.558], [-90.457, 14.559]]}, "properties": {"v": 69000, "c": 1, "f": "60", "oid": 1249969587}}, {"type": "Feature", "geometry": {"type": "LineString", "coordinates": [[-90.54, 14.594], [-90.541, 14.594]]}, "properties": {"v": 69000, "c": 1, "f": "60", "oid": 1250859546}}, {"type": "Feature", "geometry": {"type": "LineString", "coordinates": [[-90.586, 14.526], [-90.585, 14.543]]}, "properties": {"v": 69000, "c": 1, "f": "60", "oid": 1248854063}}, {"type": "Feature", "geometry": {"type": "LineString", "coordinates": [[-90.459, 14.556], [-90.458, 14.558]]}, "properties": {"v": 69000, "c": 1, "f": "60", "oid": 1249969597}}, {"type": "Feature", "geometry": {"type": "LineString", "coordinates": [[-90.459, 14.556], [-90.458, 14.558]]}, "properties": {"v": 69000, "c": 1, "f": "60", "oid": 1249969596}}, {"type": "Feature", "geometry": {"type": "LineString", "coordinates": [[-90.508, 14.591], [-90.506, 14.595]]}, "properties": {"v": 69000, "c": 1, "f": "60", "oid": 1250498583}}, {"type": "Feature", "geometry": {"type": "LineString", "coordinates": [[-90.511, 14.572], [-90.512, 14.573]]}, "properties": {"v": 69000, "f": "60", "oid": 1249969583}}, {"type": "Feature", "geometry": {"type": "LineString", "coordinates": [[-90.509, 14.581], [-90.506, 14.59]]}, "properties": {"v": 69000, "c": 1, "f": "60", "oid": 1250498585}}, {"type": "Feature", "geometry": {"type": "LineString", "coordinates": [[-90.506, 14.59], [-90.509, 14.591]]}, "properties": {"v": 69000, "c": 1, "f": "60", "oid": 1250498584}}, {"type": "Feature", "geometry": {"type": "LineString", "coordinates": [[-90.542, 14.587], [-90.539, 14.586]]}, "properties": {"v": 69000, "c": 1, "f": "60", "oid": 1249583145}}, {"type": "Feature", "geometry": {"type": "LineString", "coordinates": [[-90.482, 14.645], [-90.486, 14.629]]}, "properties": {"v": 69000, "c": 1, "f": "60", "oid": 1250859549}}, {"type": "Feature", "geometry": {"type": "LineString", "coordinates": [[-90.509, 14.581], [-90.503, 14.587]]}, "properties": {"v": 69000, "c": 1, "f": "60", "oid": 1250498586}}, {"type": "Feature", "geometry": {"type": "LineString", "coordinates": [[-90.51, 14.578], [-90.518, 14.564]]}, "properties": {"v": 69000, "c": 2, "f": "60", "oid": 1249969584}}, {"type": "Feature", "geometry": {"type": "LineString", "coordinates": [[-90.454, 14.544], [-90.446, 14.543]]}, "properties": {"v": 69000, "c": 1, "f": "60", "oid": 1249969594}}, {"type": "Feature", "geometry": {"type": "LineString", "coordinates": [[-90.457, 14.559], [-90.466, 14.602]]}, "properties": {"v": 69000, "c": 2, "f": "60", "oid": 1249969586}}, {"type": "Feature", "geometry": {"type": "LineString", "coordinates": [[-90.551, 14.6], [-90.541, 14.592]]}, "properties": {"v": 69000, "c": 1, "f": "60", "oid": 1250859547}}, {"type": "Feature", "geometry": {"type": "LineString", "coordinates": [[-90.471, 14.539], [-90.459, 14.556]]}, "properties": {"v": 69000, "c": 2, "f": "60", "oid": 765154866}}, {"type": "Feature", "geometry": {"type": "LineString", "coordinates": [[-90.562, 14.6], [-90.551, 14.6]]}, "properties": {"v": 69000, "c": 2, "f": "60", "oid": 1115595388}}, {"type": "Feature", "geometry": {"type": "LineString", "coordinates": [[-90.518, 14.564], [-90.528, 14.566]]}, "properties": {"v": 69000, "c": 1, "f": "60", "oid": 1249969604}}, {"type": "Feature", "geometry": {"type": "LineString", "coordinates": [[-90.538, 14.565], [-90.528, 14.566]]}, "properties": {"v": 69000, "c": 1, "f": "60", "oid": 1249969605}}, {"type": "Feature", "geometry": {"type": "LineString", "coordinates": [[-90.366, 14.06], [-90.355, 14.053]]}, "properties": {"v": 138000, "c": 1, "f": "60", "oid": 1254686245}}, {"type": "Feature", "geometry": {"type": "LineString", "coordinates": [[-90.539, 14.61], [-90.551, 14.6]]}, "properties": {"v": 69000, "c": 1, "f": "60", "oid": 1250859548}}, {"type": "Feature", "geometry": {"type": "LineString", "coordinates": [[-90.585, 14.543], [-90.596, 14.542]]}, "properties": {"v": 69000, "c": 2, "f": "60", "oid": 1248854068}}, {"type": "Feature", "geometry": {"type": "LineString", "coordinates": [[-90.447, 14.551], [-90.46, 14.591]]}, "properties": {"v": 69000, "oid": 1136284243}}, {"type": "Feature", "geometry": {"type": "LineString", "coordinates": [[-90.566, 14.6], [-90.582, 14.554]]}, "properties": {"v": 69000, "c": 1, "f": "60", "oid": 1115595387}}, {"type": "Feature", "geometry": {"type": "LineString", "coordinates": [[-90.448, 14.644], [-90.471, 14.538]]}, "properties": {"v": 230000, "c": 2, "f": "60", "oid": 329948659}}, {"type": "Feature", "geometry": {"type": "LineString", "coordinates": [[-90.471, 14.539], [-90.458, 14.558]]}, "properties": {"v": 69000, "c": 1, "f": "60", "oid": 1249969595}}, {"type": "Feature", "geometry": {"type": "LineString", "coordinates": [[-90.552, 14.525], [-90.534, 14.606]]}, "properties": {"v": 69000, "c": 1, "f": "60", "oid": 1248854044}}, {"type": "Feature", "geometry": {"type": "LineString", "coordinates": [[-90.566, 14.601], [-90.587, 14.547]]}, "properties": {"v": 69000, "c": 2, "f": "60", "oid": 904770381}}, {"type": "Feature", "geometry": {"type": "LineString", "coordinates": [[-90.547, 14.561], [-90.518, 14.564]]}, "properties": {"v": 69000, "c": 1, "f": "60", "oid": 1249149268}}, {"type": "Feature", "geometry": {"type": "LineString", "coordinates": [[-90.471, 14.539], [-90.511, 14.572]]}, "properties": {"v": 69000, "c": 2, "f": "60", "oid": 1249969603}}, {"type": "Feature", "geometry": {"type": "LineString", "coordinates": [[-90.507, 14.589], [-90.458, 14.558]]}, "properties": {"v": 69000, "c": 1, "f": "60", "oid": 1250498574}}, {"type": "Feature", "geometry": {"type": "LineString", "coordinates": [[-90.52, 14.476], [-90.582, 14.554]]}, "properties": {"v": 69000, "c": 1, "f": "60", "oid": 1248854051}}, {"type": "Feature", "geometry": {"type": "LineString", "coordinates": [[-90.473, 14.537], [-90.588, 14.546]]}, "properties": {"v": 230000, "c": 2, "f": "60", "oid": 329948656}}, {"type": "Feature", "geometry": {"type": "LineString", "coordinates": [[-90.595, 14.098], [-90.366, 14.06]]}, "properties": {"v": 138000, "c": 1, "f": "60", "oid": 1254686243}}, {"type": "Feature", "geometry": {"type": "LineString", "coordinates": [[-90.54, 14.594], [-90.531, 14.61]]}, "properties": {"v": 69000, "c": 1, "f": "60", "oid": 1249583144}}, {"type": "Feature", "geometry": {"type": "LineString", "coordinates": [[-86.729, 12.2], [-86.762, 12.18]]}, "properties": {"v": 230000, "c": 2, "f": "60", "oid": 389879440}}, {"type": "Feature", "geometry": {"type": "LineString", "coordinates": [[-86.763, 12.181], [-86.748, 12.185]]}, "properties": {"v": 230000, "f": "60", "oid": 775584273}}, {"type": "Feature", "geometry": {"type": "LineString", "coordinates": [[-86.731, 12.197], [-86.729, 12.2]]}, "properties": {"v": 230000, "f": "60", "oid": 775584270}}, {"type": "Feature", "geometry": {"type": "LineString", "coordinates": [[-86.731, 12.197], [-86.729, 12.2]]}, "properties": {"v": 230000, "f": "60", "oid": 775584269}}, {"type": "Feature", "geometry": {"type": "LineString", "coordinates": [[-86.729, 12.201], [-86.662, 12.3]]}, "properties": {"v": 230000, "f": "60", "oid": 329514528}}, {"type": "Feature", "geometry": {"type": "LineString", "coordinates": [[-86.662, 12.3], [-86.872, 12.457]]}, "properties": {"v": 230000, "f": "60", "oid": 305166811}}, {"type": "Feature", "geometry": {"type": "LineString", "coordinates": [[-86.872, 12.458], [-86.898, 12.806], [-86.843, 12.948], [-86.953, 13.06]]}, "properties": {"v": 230000, "f": "60", "oid": 329501452}}, {"type": "Feature", "geometry": {"type": "LineString", "coordinates": [[-86.798, 12.501], [-86.871, 12.458]]}, "properties": {"v": 138000, "f": "60", "oid": 772700954}}, {"type": "Feature", "geometry": {"type": "LineString", "coordinates": [[-86.871, 12.459], [-87.121, 12.659]]}, "properties": {"v": 138000, "c": 1, "f": "60", "oid": 1095567572}}, {"type": "Feature", "geometry": {"type": "LineString", "coordinates": [[-86.667, 12.604], [-86.798, 12.501]]}, "properties": {"v": 138000, "c": 1, "f": "60", "oid": 305179332}}, {"type": "Feature", "geometry": {"type": "LineString", "coordinates": [[-86.798, 12.501], [-86.774, 12.608]]}, "properties": {"v": 138000, "c": 2, "f": "60", "oid": 772700955}}, {"type": "Feature", "geometry": {"type": "LineString", "coordinates": [[-87.021, 12.574], [-87.033, 12.581]]}, "properties": {"v": 138000, "c": 1, "f": "60", "oid": 1255523997}}, {"type": "Feature", "geometry": {"type": "LineString", "coordinates": [[-87.038, 12.588], [-87.026, 12.581]]}, "properties": {"v": 69000, "f": "60", "oid": 1095567580}}, {"type": "Feature", "geometry": {"type": "LineString", "coordinates": [[-86.666, 12.605], [-86.633, 12.583]]}, "properties": {"v": 138000, "f": "60", "oid": 1255505096}}, {"type": "Feature", "geometry": {"type": "LineString", "coordinates": [[-86.646, 12.333], [-86.673, 12.347]]}, "properties": {"v": 69000, "oid": 1095567587}}, {"type": "Feature", "geometry": {"type": "LineString", "coordinates": [[-86.876, 12.462], [-86.96, 12.537]]}, "properties": {"v": 69000, "oid": 1095567571}}, {"type": "Feature", "geometry": {"type": "LineString", "coordinates": [[-87.025, 12.581], [-86.981, 12.552]]}, "properties": {"v": 69000, "f": "60", "oid": 1095567573}}, {"type": "Feature", "geometry": {"type": "LineString", "coordinates": [[-86.959, 13.051], [-86.843, 12.948], [-86.898, 12.806], [-86.886, 12.518], [-86.662, 12.3], [-86.728, 12.201]]}, "properties": {"v": 230000, "f": "60", "oid": 305169483}}, {"type": "Feature", "geometry": {"type": "LineString", "coordinates": [[-86.673, 12.347], [-86.871, 12.457]]}, "properties": {"v": 69000, "oid": 1095567584}}, {"type": "Feature", "geometry": {"type": "LineString", "coordinates": [[-87.122, 12.624], [-87.038, 12.588]]}, "properties": {"v": 69000, "oid": 1095567574}}, {"type": "Feature", "geometry": {"type": "LineString", "coordinates": [[-86.959, 13.051], [-87.174, 13.148], [-87.231, 13.311], [-87.342, 13.408]]}, "properties": {"v": 230000, "c": 1, "f": "60", "oid": 329431774}}, {"type": "Feature", "geometry": {"type": "LineString", "coordinates": [[-87.203, 13.284], [-86.956, 13.382]]}, "properties": {"v": 230000, "nm": "LT Chinchayote - Santa Lucia", "c": 1, "f": "60", "oid": 770455740}}, {"type": "Feature", "geometry": {"type": "LineString", "coordinates": [[-87.202, 13.285], [-87.319, 13.405]]}, "properties": {"v": 230000, "f": "60", "oid": 770705797}}, {"type": "Feature", "geometry": {"type": "LineString", "coordinates": [[-86.956, 13.382], [-86.927, 13.421]]}, "properties": {"v": 230000, "c": 1, "f": "60", "oid": 1025987850}}, {"type": "Feature", "geometry": {"type": "LineString", "coordinates": [[-87.322, 13.401], [-87.319, 13.405]]}, "properties": {"v": 230000, "oid": 770705796}}, {"type": "Feature", "geometry": {"type": "LineString", "coordinates": [[-87.342, 13.408], [-87.326, 13.406]]}, "properties": {"v": 230000, "f": "60", "oid": 1255280663}}, {"type": "Feature", "geometry": {"type": "LineString", "coordinates": [[-87.326, 13.406], [-87.387, 13.649], [-87.264, 13.839], [-87.234, 14.026]]}, "properties": {"v": 230000, "c": 2, "f": "60", "oid": 769990022}}, {"type": "Feature", "geometry": {"type": "LineString", "coordinates": [[-87.319, 13.406], [-87.345, 13.688]]}, "properties": {"v": 230000, "f": "60", "oid": 770017527}}, {"type": "Feature", "geometry": {"type": "LineString", "coordinates": [[-87.556, 13.516], [-87.55, 13.513]]}, "properties": {"v": 230000, "f": "60", "oid": 769939822}}, {"type": "Feature", "geometry": {"type": "LineString", "coordinates": [[-87.345, 13.688], [-87.232, 13.932]]}, "properties": {"v": 230000, "f": "60", "oid": 777511261}}, {"type": "Feature", "geometry": {"type": "LineString", "coordinates": [[-87.232, 13.932], [-87.151, 14.071]]}, "properties": {"v": 230000, "f": "60", "oid": 777533091}}, {"type": "Feature", "geometry": {"type": "LineString", "coordinates": [[-87.152, 14.058], [-87.025, 14.012]]}, "properties": {"v": 69000, "oid": 1104815234}}, {"type": "Feature", "geometry": {"type": "LineString", "coordinates": [[-87.194, 14.045], [-87.234, 14.026]]}, "properties": {"v": 138000, "f": "60", "oid": 778183147}}, {"type": "Feature", "geometry": {"type": "LineString", "coordinates": [[-87.235, 14.029], [-87.236, 14.029]]}, "properties": {"v": 230000, "c": 1, "f": "60", "oid": 822794319}}, {"type": "Feature", "geometry": {"type": "LineString", "coordinates": [[-87.236, 14.029], [-87.237, 14.096]]}, "properties": {"v": 138000, "f": "60", "oid": 777840168}}, {"type": "Feature", "geometry": {"type": "LineString", "coordinates": [[-87.194, 14.046], [-87.185, 14.069]]}, "properties": {"v": 138000, "f": "60", "oid": 778348873}}, {"type": "Feature", "geometry": {"type": "LineString", "coordinates": [[-87.185, 14.069], [-87.201, 14.069]]}, "properties": {"v": 138000, "f": "60", "oid": 778348872}}, {"type": "Feature", "geometry": {"type": "LineString", "coordinates": [[-87.158, 14.093], [-87.142, 14.144], [-87.309, 14.153], [-87.371, 14.221]]}, "properties": {"v": 230000, "c": 2, "f": "60", "oid": 770038687}}, {"type": "Feature", "geometry": {"type": "LineString", "coordinates": [[-87.18, 14.131], [-87.237, 14.101]]}, "properties": {"v": 138000, "f": "60", "oid": 777912859}}, {"type": "Feature", "geometry": {"type": "LineString", "coordinates": [[-87.155, 14.103], [-87.18, 14.131]]}, "properties": {"v": 138000, "f": "60", "oid": 777912860}}, {"type": "Feature", "geometry": {"type": "LineString", "coordinates": [[-87.15, 14.075], [-87.158, 14.093]]}, "properties": {"v": 230000, "f": "60", "oid": 777533090}}, {"type": "Feature", "geometry": {"type": "LineString", "coordinates": [[-87.185, 14.069], [-87.16, 14.069]]}, "properties": {"v": 138000, "f": "60", "oid": 778478132}}, {"type": "Feature", "geometry": {"type": "LineString", "coordinates": [[-87.159, 14.091], [-87.15, 14.075]]}, "properties": {"v": 138000, "c": 1, "f": "60", "oid": 798615316}}, {"type": "Feature", "geometry": {"type": "LineString", "coordinates": [[-87.16, 14.091], [-87.166, 14.094]]}, "properties": {"v": 138000, "c": 1, "f": "60", "oid": 1255280664}}, {"type": "Feature", "geometry": {"type": "LineString", "coordinates": [[-86.953, 13.06], [-87.132, 13.147]]}, "properties": {"v": 230000, "f": "60", "oid": 329572722}}, {"type": "Feature", "geometry": {"type": "LineString", "coordinates": [[-87.132, 13.148], [-87.202, 13.285]]}, "properties": {"v": 230000, "f": "60", "oid": 330033812}}, {"type": "Feature", "geometry": {"type": "LineString", "coordinates": [[-87.236, 14.029], [-87.307, 14.059], [-87.371, 14.222]]}, "properties": {"v": 230000, "c": 2, "f": "60", "oid": 770038688}}, {"type": "Feature", "geometry": {"type": "LineString", "coordinates": [[-88.193, 13.488], [-88.198, 13.413], [-87.881, 13.325]]}, "properties": {"v": 115000, "f": "60", "oid": 254687756}}, {"type": "Feature", "geometry": {"type": "LineString", "coordinates": [[-88.193, 13.488], [-88.238, 13.387], [-88.503, 13.367]]}, "properties": {"v": 115000, "f": "60", "oid": 673974664}}, {"type": "Feature", "geometry": {"type": "LineString", "coordinates": [[-87.342, 13.408], [-87.783, 13.541]]}, "properties": {"v": 230000, "c": 1, "f": "60", "oid": 329572720}}, {"type": "Feature", "geometry": {"type": "LineString", "coordinates": [[-88.198, 13.488], [-88.193, 13.488]]}, "properties": {"v": 115000, "f": "60", "oid": 769136823}}, {"type": "Feature", "geometry": {"type": "LineString", "coordinates": [[-88.198, 13.488], [-88.193, 13.488]]}, "properties": {"v": 115000, "f": "60", "oid": 769136824}}, {"type": "Feature", "geometry": {"type": "LineString", "coordinates": [[-88.507, 13.569], [-88.204, 13.488]]}, "properties": {"v": 115000, "f": "60", "oid": 769136825}}, {"type": "Feature", "geometry": {"type": "LineString", "coordinates": [[-88.204, 13.488], [-88.198, 13.488]]}, "properties": {"v": 115000, "c": 2, "f": "60", "oid": 769136826}}, {"type": "Feature", "geometry": {"type": "LineString", "coordinates": [[-88.562, 13.621], [-88.204, 13.488]]}, "properties": {"v": 115000, "f": "60", "oid": 769142352}}, {"type": "Feature", "geometry": {"type": "LineString", "coordinates": [[-88.564, 13.627], [-88.417, 13.666], [-88.24, 13.625], [-88.108, 13.512], [-87.783, 13.541]]}, "properties": {"v": 230000, "f": "60", "oid": 329652804}}, {"type": "Feature", "geometry": {"type": "LineString", "coordinates": [[-87.766, 13.593], [-87.557, 13.516]]}, "properties": {"v": 230000, "f": "60", "oid": 329572719}}, {"type": "Feature", "geometry": {"type": "LineString", "coordinates": [[-88.564, 13.627], [-88.208, 13.537], [-88.009, 13.63], [-87.766, 13.593]]}, "properties": {"v": 230000, "f": "60", "oid": 329580971}}, {"type": "Feature", "geometry": {"type": "LineString", "coordinates": [[-88.563, 13.624], [-88.518, 13.811], [-88.357, 13.867]]}, "properties": {"v": 115000, "c": 1, "f": "60", "oid": 1023691170}}, {"type": "Feature", "geometry": {"type": "LineString", "coordinates": [[-87.364, 14.226], [-87.242, 14.108]]}, "properties": {"v": 138000, "f": "60", "oid": 777298543}}, {"type": "Feature", "geometry": {"type": "LineString", "coordinates": [[-87.55, 13.513], [-87.342, 13.408]]}, "properties": {"v": 230000, "f": "60", "oid": 769939825}}, {"type": "Feature", "geometry": {"type": "LineString", "coordinates": [[-88.503, 13.367], [-88.796, 13.527]]}, "properties": {"v": 115000, "c": 1, "f": "60", "oid": 673981717}}, {"type": "Feature", "geometry": {"type": "LineString", "coordinates": [[-89.139, 13.645], [-89.013, 13.471]]}, "properties": {"v": 115000, "f": "60", "oid": 769096153}}, {"type": "Feature", "geometry": {"type": "LineString", "coordinates": [[-88.796, 13.527], [-88.787, 13.587]]}, "properties": {"v": 115000, "c": 1, "f": "60", "oid": 1023691195}}, {"type": "Feature", "geometry": {"type": "LineString", "coordinates": [[-88.785, 13.587], [-88.787, 13.587]]}, "properties": {"v": 115000, "c": 2, "f": "60", "oid": 1023691196}}, {"type": "Feature", "geometry": {"type": "LineString", "coordinates": [[-88.787, 13.587], [-88.877, 13.746]]}, "properties": {"v": 115000, "f": "60", "oid": 673984969}}, {"type": "Feature", "geometry": {"type": "LineString", "coordinates": [[-88.877, 13.746], [-88.644, 13.605], [-88.564, 13.624]]}, "properties": {"v": 115000, "c": 1, "f": "60", "oid": 769366122}}, {"type": "Feature", "geometry": {"type": "LineString", "coordinates": [[-89.067, 13.739], [-88.869, 13.75], [-88.644, 13.606], [-88.564, 13.624]]}, "properties": {"v": 115000, "c": 2, "f": "60", "oid": 769366121}}, {"type": "Feature", "geometry": {"type": "LineString", "coordinates": [[-88.565, 13.627], [-88.688, 13.778], [-89.24, 13.838]]}, "properties": {"v": 230000, "c": 2, "f": "60", "oid": 313323765}}, {"type": "Feature", "geometry": {"type": "LineString", "coordinates": [[-89.276, 13.657], [-89.147, 13.656]]}, "properties": {"v": 115000, "op": "CEL", "f": "60", "oid": 769096151}}, {"type": "Feature", "geometry": {"type": "LineString", "coordinates": [[-89.139, 13.645], [-89.14, 13.645]]}, "properties": {"v": 115000, "c": 1, "f": "60", "oid": 1255174613}}, {"type": "Feature", "geometry": {"type": "LineString", "coordinates": [[-89.139, 13.645], [-89.14, 13.645]]}, "properties": {"v": 115000, "c": 1, "f": "60", "oid": 769096154}}, {"type": "Feature", "geometry": {"type": "LineString", "coordinates": [[-89.14, 13.645], [-89.147, 13.656]]}, "properties": {"v": 115000, "f": "60", "oid": 769096152}}, {"type": "Feature", "geometry": {"type": "LineString", "coordinates": [[-89.147, 13.656], [-89.067, 13.738]]}, "properties": {"v": 115000, "c": 1, "f": "60", "oid": 769096150}}, {"type": "Feature", "geometry": {"type": "LineString", "coordinates": [[-89.276, 13.657], [-89.277, 13.657]]}, "properties": {"v": 115000, "op": "CEL", "f": "60", "oid": 1255174607}}, {"type": "Feature", "geometry": {"type": "LineString", "coordinates": [[-89.277, 13.657], [-89.277, 13.705]]}, "properties": {"v": 115000, "f": "60", "oid": 387793906}}, {"type": "Feature", "geometry": {"type": "LineString", "coordinates": [[-89.24, 13.838], [-89.249, 13.815]]}, "properties": {"v": 230000, "f": "60", "oid": 329670152}}, {"type": "Feature", "geometry": {"type": "LineString", "coordinates": [[-88.51, 13.53], [-88.507, 13.569]]}, "properties": {"v": 115000, "c": 2, "f": "60", "oid": 769136821}}, {"type": "Feature", "geometry": {"type": "LineString", "coordinates": [[-88.509, 13.526], [-88.51, 13.53]]}, "properties": {"v": 115000, "f": "60", "oid": 769136819}}, {"type": "Feature", "geometry": {"type": "LineString", "coordinates": [[-88.51, 13.53], [-88.509, 13.526]]}, "properties": {"v": 115000, "f": "60", "oid": 769136820}}, {"type": "Feature", "geometry": {"type": "LineString", "coordinates": [[-88.561, 13.623], [-88.563, 13.624]]}, "properties": {"v": 115000, "c": 2, "f": "60", "oid": 769142348}}, {"type": "Feature", "geometry": {"type": "LineString", "coordinates": [[-88.56, 13.623], [-88.561, 13.623]]}, "properties": {"v": 115000, "f": "60", "oid": 769142350}}, {"type": "Feature", "geometry": {"type": "LineString", "coordinates": [[-88.565, 13.62], [-88.507, 13.569]]}, "properties": {"v": 115000, "f": "60", "oid": 769142351}}, {"type": "Feature", "geometry": {"type": "LineString", "coordinates": [[-88.56, 13.623], [-88.561, 13.623]]}, "properties": {"v": 115000, "f": "60", "oid": 769142349}}, {"type": "Feature", "geometry": {"type": "LineString", "coordinates": [[-88.564, 13.626], [-88.563, 13.624]]}, "properties": {"v": 230000, "f": "60", "oid": 329652806}}, {"type": "Feature", "geometry": {"type": "LineString", "coordinates": [[-88.564, 13.627], [-88.563, 13.624]]}, "properties": {"v": 230000, "f": "60", "oid": 329652805}}, {"type": "Feature", "geometry": {"type": "LineString", "coordinates": [[-88.758, 13.991], [-88.876, 13.747]]}, "properties": {"v": 115000, "f": "60", "oid": 769433864}}, {"type": "Feature", "geometry": {"type": "LineString", "coordinates": [[-88.901, 13.935], [-88.758, 13.991]]}, "properties": {"v": 115000, "c": 1, "f": "60", "oid": 769419755}}, {"type": "Feature", "geometry": {"type": "LineString", "coordinates": [[-89.067, 13.739], [-88.877, 13.746]]}, "properties": {"v": 115000, "f": "60", "oid": 769456310}}, {"type": "Feature", "geometry": {"type": "LineString", "coordinates": [[-89.187, 13.807], [-88.902, 13.935]]}, "properties": {"v": 115000, "c": 2, "f": "60", "oid": 329670158}}, {"type": "Feature", "geometry": {"type": "LineString", "coordinates": [[-88.901, 13.936], [-88.916, 13.978]]}, "properties": {"v": 115000, "oid": 1023691206}}, {"type": "Feature", "geometry": {"type": "LineString", "coordinates": [[-89.791, 13.618], [-89.828, 13.582]]}, "properties": {"v": 230000, "op": "ETESAL", "c": 2, "oid": 1128127948}}, {"type": "Feature", "geometry": {"type": "LineString", "coordinates": [[-89.8, 13.609], [-89.826, 13.58]]}, "properties": {"v": 115000, "c": 2, "f": "60", "oid": 772679664}}, {"type": "Feature", "geometry": {"type": "LineString", "coordinates": [[-89.826, 13.58], [-89.826, 13.581]]}, "properties": {"v": 115000, "f": "60", "oid": 772679662}}, {"type": "Feature", "geometry": {"type": "LineString", "coordinates": [[-89.426, 13.733], [-89.693, 13.732], [-89.826, 13.58]]}, "properties": {"v": 115000, "f": "60", "oid": 461758531}}, {"type": "Feature", "geometry": {"type": "LineString", "coordinates": [[-89.686, 13.736], [-89.8, 13.609]]}, "properties": {"v": 115000, "f": "60", "oid": 473476556}}, {"type": "Feature", "geometry": {"type": "LineString", "coordinates": [[-89.792, 13.618], [-89.791, 13.618]]}, "properties": {"v": 230000, "op": "ETESAL", "c": 2, "oid": 1128127947}}, {"type": "Feature", "geometry": {"type": "LineString", "coordinates": [[-89.429, 13.737], [-89.686, 13.736]]}, "properties": {"v": 115000, "f": "60", "oid": 461757816}}, {"type": "Feature", "geometry": {"type": "LineString", "coordinates": [[-89.429, 13.737], [-89.428, 13.736]]}, "properties": {"v": 115000, "c": 1, "f": "60", "oid": 1255174604}}, {"type": "Feature", "geometry": {"type": "LineString", "coordinates": [[-89.428, 13.736], [-89.429, 13.737]]}, "properties": {"v": 115000, "c": 1, "f": "60", "oid": 1255174603}}, {"type": "Feature", "geometry": {"type": "LineString", "coordinates": [[-89.348, 13.877], [-89.686, 13.736]]}, "properties": {"v": 115000, "f": "60", "oid": 461757819}}, {"type": "Feature", "geometry": {"type": "LineString", "coordinates": [[-89.8, 13.609], [-89.686, 13.736]]}, "properties": {"v": 115000, "f": "60", "oid": 473476557}}, {"type": "Feature", "geometry": {"type": "LineString", "coordinates": [[-89.686, 13.736], [-89.818, 13.921]]}, "properties": {"v": 115000, "f": "60", "oid": 714970087}}, {"type": "Feature", "geometry": {"type": "LineString", "coordinates": [[-89.819, 13.85], [-89.808, 13.858]]}, "properties": {"v": 230000, "op": "ETESAL", "c": 2, "l": "underground", "oid": 1128119189}}, {"type": "Feature", "geometry": {"type": "LineString", "coordinates": [[-89.792, 13.618], [-89.819, 13.85]]}, "properties": {"v": 230000, "op": "ETESAL", "c": 2, "oid": 1128081155}}, {"type": "Feature", "geometry": {"type": "LineString", "coordinates": [[-89.286, 13.701], [-89.356, 13.701]]}, "properties": {"v": 115000, "c": 2, "f": "60", "oid": 387796815}}, {"type": "Feature", "geometry": {"type": "LineString", "coordinates": [[-89.281, 13.703], [-89.286, 13.701]]}, "properties": {"v": 115000, "c": 1, "f": "60", "oid": 1255174610}}, {"type": "Feature", "geometry": {"type": "LineString", "coordinates": [[-89.281, 13.703], [-89.286, 13.701]]}, "properties": {"v": 115000, "c": 1, "f": "60", "oid": 1255174612}}, {"type": "Feature", "geometry": {"type": "LineString", "coordinates": [[-89.356, 13.701], [-89.416, 13.729]]}, "properties": {"v": 115000, "c": 1, "f": "60", "oid": 387796823}}, {"type": "Feature", "geometry": {"type": "LineString", "coordinates": [[-89.356, 13.701], [-89.426, 13.733]]}, "properties": {"v": 115000, "f": "60", "oid": 387796821}}, {"type": "Feature", "geometry": {"type": "LineString", "coordinates": [[-89.277, 13.705], [-89.281, 13.703]]}, "properties": {"v": 115000, "c": 2, "f": "60", "oid": 1255174611}}, {"type": "Feature", "geometry": {"type": "LineString", "coordinates": [[-89.277, 13.705], [-89.232, 13.727]]}, "properties": {"v": 115000, "c": 1, "f": "60", "oid": 387791046}}, {"type": "Feature", "geometry": {"type": "LineString", "coordinates": [[-89.163, 13.708], [-89.205, 13.774]]}, "properties": {"v": 115000, "c": 1, "f": "60", "oid": 441357632}}, {"type": "Feature", "geometry": {"type": "LineString", "coordinates": [[-89.418, 13.726], [-89.416, 13.729]]}, "properties": {"v": 115000, "c": 1, "f": "60", "oid": 1023691200}}, {"type": "Feature", "geometry": {"type": "LineString", "coordinates": [[-89.418, 13.726], [-89.416, 13.729]]}, "properties": {"v": 115000, "c": 1, "f": "60", "oid": 1023691199}}, {"type": "Feature", "geometry": {"type": "LineString", "coordinates": [[-89.232, 13.728], [-89.206, 13.774]]}, "properties": {"v": 115000, "c": 1, "f": "60", "oid": 387791047}}, {"type": "Feature", "geometry": {"type": "LineString", "coordinates": [[-89.416, 13.729], [-89.429, 13.737]]}, "properties": {"v": 115000, "c": 1, "f": "60", "oid": 1255174605}}, {"type": "Feature", "geometry": {"type": "LineString", "coordinates": [[-89.426, 13.733], [-89.428, 13.736]]}, "properties": {"v": 115000, "c": 2, "f": "60", "oid": 387796820}}, {"type": "Feature", "geometry": {"type": "LineString", "coordinates": [[-89.205, 13.774], [-89.087, 13.733]]}, "properties": {"v": 115000, "c": 1, "f": "60", "oid": 441357633}}, {"type": "Feature", "geometry": {"type": "LineString", "coordinates": [[-89.067, 13.739], [-89.08, 13.736]]}, "properties": {"v": 115000, "f": "60", "oid": 769616857}}, {"type": "Feature", "geometry": {"type": "LineString", "coordinates": [[-89.253, 13.81], [-89.205, 13.776]]}, "properties": {"v": 230000, "f": "60", "oid": 329670154}}, {"type": "Feature", "geometry": {"type": "LineString", "coordinates": [[-89.249, 13.815], [-89.253, 13.81]]}, "properties": {"v": 230000, "f": "60", "oid": 329670156}}, {"type": "Feature", "geometry": {"type": "LineString", "coordinates": [[-89.249, 13.815], [-89.253, 13.81]]}, "properties": {"v": 230000, "f": "60", "oid": 329670155}}, {"type": "Feature", "geometry": {"type": "LineString", "coordinates": [[-89.08, 13.736], [-89.067, 13.739]]}, "properties": {"v": 115000, "c": 1, "f": "60", "oid": 769616856}}, {"type": "Feature", "geometry": {"type": "LineString", "coordinates": [[-89.205, 13.774], [-89.199, 13.8]]}, "properties": {"v": 115000, "c": 1, "f": "60", "oid": 1255174616}}, {"type": "Feature", "geometry": {"type": "LineString", "coordinates": [[-89.205, 13.774], [-89.188, 13.805]]}, "properties": {"v": 115000, "c": 2, "f": "60", "oid": 1255174618}}, {"type": "Feature", "geometry": {"type": "LineString", "coordinates": [[-89.205, 13.776], [-89.205, 13.775]]}, "properties": {"v": 230000, "f": "60", "oid": 768853600}}, {"type": "Feature", "geometry": {"type": "LineString", "coordinates": [[-89.205, 13.776], [-89.205, 13.775]]}, "properties": {"v": 230000, "f": "60", "oid": 768853601}}, {"type": "Feature", "geometry": {"type": "LineString", "coordinates": [[-89.187, 13.807], [-89.19, 13.807]]}, "properties": {"v": 115000, "c": 1, "f": "60", "oid": 1023691204}}, {"type": "Feature", "geometry": {"type": "LineString", "coordinates": [[-89.188, 13.805], [-89.187, 13.807]]}, "properties": {"v": 115000, "c": 1, "f": "60", "oid": 1255174617}}, {"type": "Feature", "geometry": {"type": "LineString", "coordinates": [[-89.19, 13.807], [-89.188, 13.805]]}, "properties": {"v": 115000, "c": 1, "f": "60", "oid": 1023691203}}, {"type": "Feature", "geometry": {"type": "LineString", "coordinates": [[-89.08, 13.736], [-89.087, 13.733]]}, "properties": {"v": 115000, "c": 2, "f": "60", "oid": 1255174614}}, {"type": "Feature", "geometry": {"type": "LineString", "coordinates": [[-89.205, 13.774], [-89.347, 13.876]]}, "properties": {"v": 115000, "f": "60", "oid": 329670153}}, {"type": "Feature", "geometry": {"type": "LineString", "coordinates": [[-89.087, 13.733], [-89.163, 13.708]]}, "properties": {"v": 115000, "c": 1, "f": "60", "oid": 769616855}}, {"type": "Feature", "geometry": {"type": "LineString", "coordinates": [[-89.805, 13.978], [-89.663, 14.071], [-89.466, 14.064], [-89.24, 13.838]]}, "properties": {"v": 230000, "f": "60", "oid": 312532011}}, {"type": "Feature", "geometry": {"type": "LineString", "coordinates": [[-89.808, 13.858], [-89.818, 13.922]]}, "properties": {"v": 230000, "op": "ETESAL", "c": 2, "oid": 1128131540}}, {"type": "Feature", "geometry": {"type": "LineString", "coordinates": [[-89.528, 13.99], [-89.348, 13.877]]}, "properties": {"v": 115000, "c": 1, "f": "60", "oid": 394244941}}, {"type": "Feature", "geometry": {"type": "LineString", "coordinates": [[-89.817, 13.921], [-89.805, 13.978]]}, "properties": {"v": 230000, "f": "60", "oid": 554179693}}, {"type": "Feature", "geometry": {"type": "LineString", "coordinates": [[-89.529, 13.991], [-89.691, 14.003], [-89.818, 13.921]]}, "properties": {"v": 115000, "f": "60", "oid": 554191014}}, {"type": "Feature", "geometry": {"type": "LineString", "coordinates": [[-89.818, 13.922], [-89.904, 14.018]]}, "properties": {"v": 230000, "f": "60", "oid": 554179702}}, {"type": "Feature", "geometry": {"type": "LineString", "coordinates": [[-88.902, 13.938], [-88.902, 13.936]]}, "properties": {"v": 115000, "c": 2, "f": "60", "oid": 1255174602}}, {"type": "Feature", "geometry": {"type": "LineString", "coordinates": [[-89.805, 13.978], [-89.874, 14.041]]}, "properties": {"v": 230000, "f": "60", "oid": 387524352}}, {"type": "Feature", "geometry": {"type": "LineString", "coordinates": [[-89.474, 14.228], [-89.528, 13.991]]}, "properties": {"v": 115000, "f": "60", "oid": 769045864}}, {"type": "Feature", "geometry": {"type": "LineString", "coordinates": [[-88.964, 14.032], [-88.949, 14.012]]}, "properties": {"v": 115000, "oid": 1023691207}}, {"type": "Feature", "geometry": {"type": "LineString", "coordinates": [[-91.625, 14.577], [-91.587, 14.545]]}, "properties": {"v": 69000, "c": 1, "f": "60", "oid": 1252226056}}, {"type": "Feature", "geometry": {"type": "LineString", "coordinates": [[-91.312, 14.485], [-91.194, 14.393]]}, "properties": {"v": 69000, "c": 1, "f": "60", "oid": 328140823}}, {"type": "Feature", "geometry": {"type": "LineString", "coordinates": [[-91.196, 14.768], [-91.201, 14.769]]}, "properties": {"v": 69000, "c": 1, "f": "60", "oid": 1252501611}}, {"type": "Feature", "geometry": {"type": "LineString", "coordinates": [[-91.187, 14.769], [-91.19, 14.774]]}, "properties": {"v": 69000, "c": 1, "f": "60", "oid": 1252501610}}, {"type": "Feature", "geometry": {"type": "LineString", "coordinates": [[-90.931, 14.118], [-91.094, 14.269]]}, "properties": {"v": 230000, "f": "60", "oid": 767493539}}, {"type": "Feature", "geometry": {"type": "LineString", "coordinates": [[-91.055, 14.751], [-90.788, 14.705]]}, "properties": {"v": 230000, "c": 1, "oid": 1123489039}}, {"type": "Feature", "geometry": {"type": "LineString", "coordinates": [[-90.852, 14.24], [-90.902, 14.239], [-90.932, 14.117]]}, "properties": {"v": 230000, "f": "60", "oid": 767493541}}, {"type": "Feature", "geometry": {"type": "LineString", "coordinates": [[-90.799, 14.264], [-90.937, 14.304]]}, "properties": {"v": 230000, "f": "60", "oid": 767580268}}, {"type": "Feature", "geometry": {"type": "LineString", "coordinates": [[-90.769, 14.247], [-90.852, 14.24]]}, "properties": {"v": 230000, "f": "60", "oid": 767493544}}, {"type": "Feature", "geometry": {"type": "LineString", "coordinates": [[-90.824, 13.967], [-90.778, 13.925]]}, "properties": {"v": 230000, "f": "60", "oid": 768298683}}, {"type": "Feature", "geometry": {"type": "LineString", "coordinates": [[-91.398, 14.48], [-91.624, 14.577]]}, "properties": {"v": 230000, "c": 1, "f": "60", "oid": 1252090203}}, {"type": "Feature", "geometry": {"type": "LineString", "coordinates": [[-90.776, 14.24], [-90.823, 13.967]]}, "properties": {"v": 230000, "f": "60", "oid": 768298686}}, {"type": "Feature", "geometry": {"type": "LineString", "coordinates": [[-91.023, 14.319], [-91.047, 14.309]]}, "properties": {"v": 69000, "c": 1, "f": "60", "oid": 1253351009}}, {"type": "Feature", "geometry": {"type": "LineString", "coordinates": [[-91.07, 14.333], [-90.995, 14.327]]}, "properties": {"v": 230000, "c": 1, "f": "60", "oid": 768731956}}, {"type": "Feature", "geometry": {"type": "LineString", "coordinates": [[-91.02, 14.32], [-90.997, 14.331]]}, "properties": {"v": 69000, "f": "60", "oid": 1253351001}}, {"type": "Feature", "geometry": {"type": "LineString", "coordinates": [[-91.538, 15.149], [-91.148, 15.264], [-91.094, 15.667]]}, "properties": {"v": 230000, "c": 1, "f": "60", "oid": 329703952}}, {"type": "Feature", "geometry": {"type": "LineString", "coordinates": [[-91.544, 14.872], [-91.494, 14.957], [-91.538, 15.149]]}, "properties": {"v": 230000, "c": 1, "f": "60", "oid": 329699445}}, {"type": "Feature", "geometry": {"type": "LineString", "coordinates": [[-90.798, 14.262], [-90.819, 14.237]]}, "properties": {"v": 230000, "f": "60", "oid": 768778618}}, {"type": "Feature", "geometry": {"type": "LineString", "coordinates": [[-90.953, 14.23], [-90.931, 14.118]]}, "properties": {"v": 230000, "f": "60", "oid": 768466891}}, {"type": "Feature", "geometry": {"type": "LineString", "coordinates": [[-90.808, 14.659], [-91.026, 14.65]]}, "properties": {"v": 69000, "c": 1, "f": "60", "oid": 1129290635}}, {"type": "Feature", "geometry": {"type": "LineString", "coordinates": [[-90.451, 14.341], [-90.418, 14.351]]}, "properties": {"v": 230000, "f": "60", "oid": 767605236}}, {"type": "Feature", "geometry": {"type": "LineString", "coordinates": [[-90.057, 14.153], [-90.451, 14.341]]}, "properties": {"v": 230000, "op": "ETCEE", "f": "60", "oid": 554189612}}, {"type": "Feature", "geometry": {"type": "LineString", "coordinates": [[-90.451, 14.343], [-90.417, 14.354]]}, "properties": {"v": 230000, "f": "60", "oid": 767605235}}, {"type": "Feature", "geometry": {"type": "LineString", "coordinates": [[-90.43, 14.544], [-90.403, 14.555]]}, "properties": {"v": 69000, "c": 1, "f": "60", "oid": 1249969590}}, {"type": "Feature", "geometry": {"type": "LineString", "coordinates": [[-90.429, 14.545], [-90.429, 14.544]]}, "properties": {"v": 69000, "c": 1, "f": "60", "oid": 1249969592}}, {"type": "Feature", "geometry": {"type": "LineString", "coordinates": [[-90.418, 14.351], [-90.417, 14.354]]}, "properties": {"v": 230000, "f": "60", "oid": 767605232}}, {"type": "Feature", "geometry": {"type": "LineString", "coordinates": [[-90.418, 14.351], [-90.416, 14.354]]}, "properties": {"v": 230000, "f": "60", "oid": 767605234}}, {"type": "Feature", "geometry": {"type": "LineString", "coordinates": [[-90.417, 14.354], [-89.874, 14.041]]}, "properties": {"v": 230000, "f": "60", "oid": 387683653}}, {"type": "Feature", "geometry": {"type": "LineString", "coordinates": [[-90.355, 14.053], [-90.242, 13.964]]}, "properties": {"v": 138000, "c": 1, "f": "60", "oid": 1254686248}}, {"type": "Feature", "geometry": {"type": "LineString", "coordinates": [[-89.904, 14.018], [-90.057, 14.153]]}, "properties": {"v": 230000, "op": "ETCEE", "f": "60", "oid": 554179704}}, {"type": "Feature", "geometry": {"type": "LineString", "coordinates": [[-90.057, 14.153], [-90.053, 14.137]]}, "properties": {"v": 230000, "op": "ETCEE", "f": "60", "oid": 554189585}}, {"type": "Feature", "geometry": {"type": "LineString", "coordinates": [[-90.053, 14.137], [-90.052, 14.136]]}, "properties": {"v": 230000, "op": "ETCEE", "f": "60", "oid": 973127664}}, {"type": "Feature", "geometry": {"type": "LineString", "coordinates": [[-90.446, 14.543], [-90.43, 14.544]]}, "properties": {"v": 69000, "f": "60", "oid": 1249969593}}, {"type": "Feature", "geometry": {"type": "LineString", "coordinates": [[-90.052, 14.137], [-90.053, 14.137]]}, "properties": {"v": 230000, "op": "ETCEE", "f": "60", "oid": 973127665}}, {"type": "Feature", "geometry": {"type": "LineString", "coordinates": [[-90.799, 14.265], [-90.799, 14.266]]}, "properties": {"v": 230000, "f": "60", "oid": 904742208}}, {"type": "Feature", "geometry": {"type": "LineString", "coordinates": [[-90.799, 14.266], [-90.799, 14.265]]}, "properties": {"v": 230000, "f": "60", "oid": 904742209}}, {"type": "Feature", "geometry": {"type": "LineString", "coordinates": [[-90.799, 14.264], [-90.797, 14.263]]}, "properties": {"v": 230000, "f": "60", "oid": 904742216}}, {"type": "Feature", "geometry": {"type": "LineString", "coordinates": [[-90.796, 14.265], [-90.797, 14.262]]}, "properties": {"v": 230000, "f": "60", "oid": 904743530}}, {"type": "Feature", "geometry": {"type": "LineString", "coordinates": [[-90.797, 14.263], [-90.776, 14.24]]}, "properties": {"v": 230000, "f": "60", "oid": 768245369}}, {"type": "Feature", "geometry": {"type": "LineString", "coordinates": [[-90.72, 14.335], [-90.797, 14.264]]}, "properties": {"v": 138000, "f": "60", "oid": 768768835}}, {"type": "Feature", "geometry": {"type": "LineString", "coordinates": [[-90.782, 14.145], [-90.781, 14.144]]}, "properties": {"v": 230000, "c": 1, "f": "60", "oid": 1254571919}}, {"type": "Feature", "geometry": {"type": "LineString", "coordinates": [[-90.782, 14.155], [-90.782, 14.145]]}, "properties": {"v": 230000, "f": "60", "oid": 904760989}}, {"type": "Feature", "geometry": {"type": "LineString", "coordinates": [[-90.781, 14.144], [-90.782, 14.145]]}, "properties": {"v": 230000, "c": 1, "f": "60", "oid": 904760988}}, {"type": "Feature", "geometry": {"type": "LineString", "coordinates": [[-90.782, 14.155], [-90.782, 14.156]]}, "properties": {"v": 230000, "c": 1, "f": "60", "oid": 904760991}}, {"type": "Feature", "geometry": {"type": "LineString", "coordinates": [[-90.781, 14.156], [-90.782, 14.155]]}, "properties": {"v": 230000, "c": 1, "f": "60", "oid": 904760990}}, {"type": "Feature", "geometry": {"type": "LineString", "coordinates": [[-90.777, 14.275], [-90.774, 14.244]]}, "properties": {"v": 230000, "f": "60", "oid": 904760987}}, {"type": "Feature", "geometry": {"type": "LineString", "coordinates": [[-90.776, 14.24], [-90.773, 14.236]]}, "properties": {"v": 230000, "f": "60", "oid": 768245366}}, {"type": "Feature", "geometry": {"type": "LineString", "coordinates": [[-90.774, 14.244], [-90.77, 14.245]]}, "properties": {"v": 230000, "f": "60", "oid": 768245368}}, {"type": "Feature", "geometry": {"type": "LineString", "coordinates": [[-90.773, 14.236], [-90.769, 14.247]]}, "properties": {"v": 230000, "f": "60", "oid": 767580269}}, {"type": "Feature", "geometry": {"type": "LineString", "coordinates": [[-90.77, 14.245], [-90.77, 14.248]]}, "properties": {"v": 230000, "f": "60", "oid": 768245370}}, {"type": "Feature", "geometry": {"type": "LineString", "coordinates": [[-90.77, 14.245], [-90.77, 14.247]]}, "properties": {"v": 230000, "f": "60", "oid": 768245371}}, {"type": "Feature", "geometry": {"type": "LineString", "coordinates": [[-90.769, 14.248], [-90.77, 14.248]]}, "properties": {"v": 230000, "f": "60", "oid": 904760986}}, {"type": "Feature", "geometry": {"type": "LineString", "coordinates": [[-90.769, 14.247], [-90.77, 14.247]]}, "properties": {"v": 230000, "f": "60", "oid": 904749114}}, {"type": "Feature", "geometry": {"type": "LineString", "coordinates": [[-90.753, 14.348], [-90.712, 14.392]]}, "properties": {"v": 69000, "oid": 768768838}}, {"type": "Feature", "geometry": {"type": "LineString", "coordinates": [[-90.743, 14.387], [-90.699, 14.42]]}, "properties": {"v": 230000, "f": "60", "oid": 767580265}}, {"type": "Feature", "geometry": {"type": "LineString", "coordinates": [[-90.72, 14.336], [-90.711, 14.39]]}, "properties": {"v": 138000, "f": "60", "oid": 768768842}}, {"type": "Feature", "geometry": {"type": "LineString", "coordinates": [[-90.722, 14.114], [-90.723, 14.113]]}, "properties": {"v": 230000, "f": "60", "oid": 767603723}}, {"type": "Feature", "geometry": {"type": "LineString", "coordinates": [[-90.722, 14.113], [-90.722, 14.114]]}, "properties": {"v": 230000, "f": "60", "oid": 767603722}}, {"type": "Feature", "geometry": {"type": "LineString", "coordinates": [[-90.72, 14.335], [-90.72, 14.336]]}, "properties": {"v": 138000, "f": "60", "oid": 904770377}}, {"type": "Feature", "geometry": {"type": "LineString", "coordinates": [[-90.72, 14.336], [-90.72, 14.335]]}, "properties": {"v": 138000, "f": "60", "oid": 904770376}}, {"type": "Feature", "geometry": {"type": "LineString", "coordinates": [[-90.711, 14.39], [-90.711, 14.391]]}, "properties": {"v": 138000, "f": "60", "oid": 904770374}}, {"type": "Feature", "geometry": {"type": "LineString", "coordinates": [[-90.711, 14.391], [-90.71, 14.391]]}, "properties": {"v": 138000, "f": "60", "oid": 904742212}}, {"type": "Feature", "geometry": {"type": "LineString", "coordinates": [[-90.71, 14.391], [-90.711, 14.391]]}, "properties": {"v": 138000, "f": "60", "oid": 904742213}}, {"type": "Feature", "geometry": {"type": "LineString", "coordinates": [[-90.774, 14.244], [-90.787, 14.164]]}, "properties": {"v": 230000, "f": "60", "oid": 768298685}}, {"type": "Feature", "geometry": {"type": "LineString", "coordinates": [[-90.787, 14.164], [-90.788, 14.164]]}, "properties": {"v": 230000, "f": "60", "oid": 1324245017}}, {"type": "Feature", "geometry": {"type": "LineString", "coordinates": [[-92.178, 14.754], [-91.949, 14.588], [-91.625, 14.576]]}, "properties": {"v": 400000, "f": "60", "oid": 317225742}}, {"type": "Feature", "geometry": {"type": "LineString", "coordinates": [[-91.624, 14.578], [-91.524, 14.721], [-91.544, 14.872]]}, "properties": {"v": 230000, "c": 1, "f": "60", "oid": 329699446}}, {"type": "Feature", "geometry": {"type": "LineString", "coordinates": [[-91.397, 14.481], [-91.399, 14.487]]}, "properties": {"v": 230000, "c": 1, "f": "60", "oid": 1252090201}}, {"type": "Feature", "geometry": {"type": "LineString", "coordinates": [[-90.937, 14.305], [-91.397, 14.48]]}, "properties": {"v": 230000, "c": 1, "f": "60", "oid": 328122077}}, {"type": "Feature", "geometry": {"type": "LineString", "coordinates": [[-91.194, 14.393], [-91.119, 14.498]]}, "properties": {"v": 69000, "c": 1, "f": "60", "oid": 1162246980}}, {"type": "Feature", "geometry": {"type": "LineString", "coordinates": [[-91.023, 14.319], [-91.194, 14.393]]}, "properties": {"v": 69000, "c": 1, "f": "60", "oid": 1162246983}}, {"type": "Feature", "geometry": {"type": "LineString", "coordinates": [[-91.047, 14.31], [-91.194, 14.393]]}, "properties": {"v": 69000, "c": 1, "f": "60", "oid": 1253016484}}, {"type": "Feature", "geometry": {"type": "LineString", "coordinates": [[-91.113, 14.706], [-91.187, 14.769]]}, "properties": {"v": 69000, "c": 2, "f": "60", "oid": 1138023706}}, {"type": "Feature", "geometry": {"type": "LineString", "coordinates": [[-91.124, 14.505], [-91.127, 14.542]]}, "properties": {"v": 69000, "c": 1, "f": "60", "oid": 1253016485}}, {"type": "Feature", "geometry": {"type": "LineString", "coordinates": [[-91.113, 14.706], [-91.026, 14.65]]}, "properties": {"v": 69000, "c": 1, "f": "60", "oid": 1138023709}}, {"type": "Feature", "geometry": {"type": "LineString", "coordinates": [[-91.094, 14.269], [-91.07, 14.333]]}, "properties": {"v": 230000, "f": "60", "oid": 768731957}}, {"type": "Feature", "geometry": {"type": "LineString", "coordinates": [[-91.047, 14.31], [-91.063, 14.346]]}, "properties": {"v": 69000, "c": 1, "f": "60", "oid": 1253351008}}, {"type": "Feature", "geometry": {"type": "LineString", "coordinates": [[-91.047, 14.309], [-91.058, 14.309]]}, "properties": {"v": 69000, "c": 1, "f": "60", "oid": 1253350998}}, {"type": "Feature", "geometry": {"type": "LineString", "coordinates": [[-91.047, 14.31], [-91.047, 14.309]]}, "properties": {"v": 69000, "c": 1, "f": "60", "oid": 1253350997}}, {"type": "Feature", "geometry": {"type": "LineString", "coordinates": [[-91.047, 14.31], [-91.047, 14.309]]}, "properties": {"v": 69000, "c": 1, "f": "60", "oid": 1253350996}}, {"type": "Feature", "geometry": {"type": "LineString", "coordinates": [[-91.047, 14.309], [-91.001, 14.295]]}, "properties": {"v": 69000, "c": 2, "f": "60", "oid": 1253350995}}, {"type": "Feature", "geometry": {"type": "LineString", "coordinates": [[-91.047, 14.309], [-91.047, 14.31]]}, "properties": {"v": 69000, "c": 2, "f": "60", "oid": 1253351006}}, {"type": "Feature", "geometry": {"type": "LineString", "coordinates": [[-90.99, 14.728], [-91.026, 14.65]]}, "properties": {"v": 69000, "c": 1, "f": "60", "oid": 1124029543}}, {"type": "Feature", "geometry": {"type": "LineString", "coordinates": [[-91.019, 14.316], [-91.001, 14.328]]}, "properties": {"v": 69000, "c": 1, "f": "60", "oid": 1253351004}}, {"type": "Feature", "geometry": {"type": "LineString", "coordinates": [[-91.019, 14.316], [-91.001, 14.328]]}, "properties": {"v": 69000, "c": 1, "f": "60", "oid": 1253351005}}, {"type": "Feature", "geometry": {"type": "LineString", "coordinates": [[-91.001, 14.295], [-90.991, 14.328]]}, "properties": {"v": 69000, "c": 1, "f": "60", "oid": 1253350993}}, {"type": "Feature", "geometry": {"type": "LineString", "coordinates": [[-91.001, 14.295], [-90.961, 14.251]]}, "properties": {"v": 69000, "c": 1, "f": "60", "oid": 1253350994}}, {"type": "Feature", "geometry": {"type": "LineString", "coordinates": [[-91.001, 14.328], [-90.997, 14.331]]}, "properties": {"v": 69000, "c": 2, "f": "60", "oid": 1253351003}}, {"type": "Feature", "geometry": {"type": "LineString", "coordinates": [[-90.672, 14.172], [-90.673, 14.171]]}, "properties": {"v": 138000, "f": "60", "oid": 768785776}}, {"type": "Feature", "geometry": {"type": "LineString", "coordinates": [[-90.672, 14.172], [-90.673, 14.171]]}, "properties": {"v": 138000, "f": "60", "oid": 768785775}}, {"type": "Feature", "geometry": {"type": "LineString", "coordinates": [[-90.605, 14.189], [-90.603, 14.19]]}, "properties": {"v": 230000, "f": "60", "oid": 767603725}}, {"type": "Feature", "geometry": {"type": "LineString", "coordinates": [[-90.605, 14.189], [-90.603, 14.19]]}, "properties": {"v": 230000, "f": "60", "oid": 767603724}}, {"type": "Feature", "geometry": {"type": "LineString", "coordinates": [[-90.601, 14.193], [-90.604, 14.19]]}, "properties": {"v": 230000, "f": "60", "oid": 330014011}}, {"type": "Feature", "geometry": {"type": "LineString", "coordinates": [[-90.604, 14.191], [-90.601, 14.193]]}, "properties": {"v": 230000, "f": "60", "oid": 330014012}}, {"type": "Feature", "geometry": {"type": "LineString", "coordinates": [[-90.601, 14.193], [-90.604, 14.191]]}, "properties": {"v": 230000, "f": "60", "oid": 330014014}}, {"type": "Feature", "geometry": {"type": "LineString", "coordinates": [[-90.483, 14.386], [-90.556, 14.36]]}, "properties": {"v": 230000, "f": "60", "oid": 768470677}}, {"type": "Feature", "geometry": {"type": "LineString", "coordinates": [[-90.472, 14.537], [-90.482, 14.386]]}, "properties": {"v": 230000, "f": "60", "oid": 329953326}}, {"type": "Feature", "geometry": {"type": "LineString", "coordinates": [[-90.711, 14.391], [-90.711, 14.39]]}, "properties": {"v": 138000, "f": "60", "oid": 904770375}}, {"type": "Feature", "geometry": {"type": "LineString", "coordinates": [[-90.711, 14.391], [-90.699, 14.423]]}, "properties": {"v": 69000, "c": 1, "f": "60", "oid": 1138138311}}, {"type": "Feature", "geometry": {"type": "LineString", "coordinates": [[-90.711, 14.393], [-90.704, 14.402]]}, "properties": {"v": 69000, "oid": 768768839}}, {"type": "Feature", "geometry": {"type": "LineString", "coordinates": [[-90.699, 14.42], [-90.698, 14.421]]}, "properties": {"v": 230000, "f": "60", "oid": 904760985}}, {"type": "Feature", "geometry": {"type": "LineString", "coordinates": [[-90.698, 14.422], [-90.699, 14.42]]}, "properties": {"v": 230000, "f": "60", "oid": 904760984}}, {"type": "Feature", "geometry": {"type": "LineString", "coordinates": [[-90.704, 14.421], [-90.701, 14.425]]}, "properties": {"v": 69000, "c": 1, "f": "60", "oid": 1251613854}}, {"type": "Feature", "geometry": {"type": "LineString", "coordinates": [[-90.698, 14.422], [-90.698, 14.421]]}, "properties": {"v": 230000, "f": "60", "oid": 904760982}}, {"type": "Feature", "geometry": {"type": "LineString", "coordinates": [[-90.698, 14.422], [-90.693, 14.543]]}, "properties": {"v": 230000, "c": 2, "f": "60", "oid": 904760981}}, {"type": "Feature", "geometry": {"type": "LineString", "coordinates": [[-90.699, 14.423], [-90.701, 14.425]]}, "properties": {"v": 69000, "c": 1, "f": "60", "oid": 1251613855}}, {"type": "Feature", "geometry": {"type": "LineString", "coordinates": [[-90.701, 14.425], [-90.705, 14.492]]}, "properties": {"v": 69000, "c": 1, "f": "60", "oid": 1058211501}}, {"type": "Feature", "geometry": {"type": "LineString", "coordinates": [[-90.648, 14.441], [-90.637, 14.458]]}, "properties": {"v": 69000, "c": 1, "f": "60", "oid": 1248255040}}, {"type": "Feature", "geometry": {"type": "LineString", "coordinates": [[-90.646, 14.444], [-90.637, 14.458]]}, "properties": {"v": 69000, "c": 1, "f": "60", "oid": 1248255061}}, {"type": "Feature", "geometry": {"type": "LineString", "coordinates": [[-90.642, 14.446], [-90.633, 14.456]]}, "properties": {"v": 69000, "c": 1, "f": "60", "oid": 1248255062}}, {"type": "Feature", "geometry": {"type": "LineString", "coordinates": [[-90.64, 14.453], [-90.639, 14.453]]}, "properties": {"v": 69000, "c": 1, "f": "60", "oid": 1248255060}}, {"type": "Feature", "geometry": {"type": "LineString", "coordinates": [[-90.634, 14.456], [-90.635, 14.454]]}, "properties": {"v": 69000, "c": 1, "f": "60", "oid": 1248255056}}, {"type": "Feature", "geometry": {"type": "LineString", "coordinates": [[-90.637, 14.458], [-90.634, 14.456]]}, "properties": {"v": 69000, "c": 1, "f": "60", "oid": 1248255057}}, {"type": "Feature", "geometry": {"type": "LineString", "coordinates": [[-90.637, 14.458], [-90.635, 14.457]]}, "properties": {"v": 69000, "c": 1, "f": "60", "oid": 1248255058}}, {"type": "Feature", "geometry": {"type": "LineString", "coordinates": [[-90.615, 14.468], [-90.637, 14.458]]}, "properties": {"v": 69000, "c": 1, "f": "60", "oid": 1248255064}}, {"type": "Feature", "geometry": {"type": "LineString", "coordinates": [[-90.537, 14.512], [-90.558, 14.51]]}, "properties": {"v": 69000, "c": 1, "f": "60", "oid": 1248854057}}, {"type": "Feature", "geometry": {"type": "LineString", "coordinates": [[-90.537, 14.512], [-90.552, 14.525]]}, "properties": {"v": 69000, "c": 1, "f": "60", "oid": 1248854050}}, {"type": "Feature", "geometry": {"type": "LineString", "coordinates": [[-90.606, 14.543], [-90.597, 14.543]]}, "properties": {"v": 69000, "c": 2, "f": "60", "oid": 1248255045}}, {"type": "Feature", "geometry": {"type": "LineString", "coordinates": [[-90.606, 14.543], [-90.597, 14.542]]}, "properties": {"v": 69000, "c": 2, "f": "60", "oid": 1248255046}}, {"type": "Feature", "geometry": {"type": "LineString", "coordinates": [[-90.471, 14.538], [-90.472, 14.537]]}, "properties": {"v": 230000, "f": "60", "oid": 329953325}}, {"type": "Feature", "geometry": {"type": "LineString", "coordinates": [[-90.472, 14.538], [-90.472, 14.537]]}, "properties": {"v": 230000, "f": "60", "oid": 329953324}}, {"type": "Feature", "geometry": {"type": "LineString", "coordinates": [[-90.471, 14.538], [-90.472, 14.538]]}, "properties": {"v": 230000, "f": "60", "oid": 329948651}}, {"type": "Feature", "geometry": {"type": "LineString", "coordinates": [[-90.472, 14.539], [-90.471, 14.539]]}, "properties": {"v": 69000, "c": 1, "f": "60", "oid": 1249969602}}, {"type": "Feature", "geometry": {"type": "LineString", "coordinates": [[-90.603, 14.19], [-90.451, 14.343]]}, "properties": {"v": 230000, "f": "60", "oid": 330014015}}, {"type": "Feature", "geometry": {"type": "LineString", "coordinates": [[-90.463, 14.534], [-90.484, 14.489]]}, "properties": {"v": 69000, "c": 1, "f": "60", "oid": 1249969598}}, {"type": "Feature", "geometry": {"type": "LineString", "coordinates": [[-90.451, 14.341], [-90.482, 14.386]]}, "properties": {"v": 230000, "f": "60", "oid": 768166395}}, {"type": "Feature", "geometry": {"type": "LineString", "coordinates": [[-90.799, 14.266], [-90.8, 14.359], [-90.588, 14.545]]}, "properties": {"v": 230000, "c": 2, "f": "60", "oid": 767580267}}, {"type": "Feature", "geometry": {"type": "LineString", "coordinates": [[-90.808, 14.659], [-90.712, 14.56]]}, "properties": {"v": 69000, "c": 1, "f": "60", "oid": 1058103305}}, {"type": "Feature", "geometry": {"type": "LineString", "coordinates": [[-90.774, 14.694], [-90.778, 14.697]]}, "properties": {"v": 230000, "oid": 1138688015}}, {"type": "Feature", "geometry": {"type": "LineString", "coordinates": [[-90.604, 14.19], [-90.773, 14.236]]}, "properties": {"v": 230000, "f": "60", "oid": 330014013}}, {"type": "Feature", "geometry": {"type": "LineString", "coordinates": [[-90.77, 14.249], [-90.701, 14.312], [-90.743, 14.387]]}, "properties": {"v": 230000, "f": "60", "oid": 767580266}}, {"type": "Feature", "geometry": {"type": "LineString", "coordinates": [[-90.736, 14.543], [-90.73, 14.533]]}, "properties": {"v": 69000, "c": 1, "f": "60", "oid": 1252087995}}, {"type": "Feature", "geometry": {"type": "LineString", "coordinates": [[-90.727, 14.554], [-90.73, 14.533]]}, "properties": {"v": 69000, "c": 1, "f": "60", "oid": 1252087996}}, {"type": "Feature", "geometry": {"type": "LineString", "coordinates": [[-90.702, 14.66], [-90.695, 14.696]]}, "properties": {"v": 230000, "c": 1, "f": "60", "oid": 1247752623}}, {"type": "Feature", "geometry": {"type": "LineString", "coordinates": [[-90.715, 14.67], [-90.702, 14.66]]}, "properties": {"v": 230000, "c": 1, "f": "60", "oid": 768734352}}, {"type": "Feature", "geometry": {"type": "LineString", "coordinates": [[-90.702, 14.659], [-90.695, 14.602]]}, "properties": {"v": 230000, "c": 2, "f": "60", "oid": 768734357}}, {"type": "Feature", "geometry": {"type": "LineString", "coordinates": [[-90.702, 14.659], [-90.588, 14.547]]}, "properties": {"v": 230000, "c": 2, "f": "60", "oid": 768734354}}, {"type": "Feature", "geometry": {"type": "LineString", "coordinates": [[-90.712, 14.56], [-90.587, 14.547]]}, "properties": {"v": 69000, "c": 2, "f": "60", "oid": 1058103335}}, {"type": "Feature", "geometry": {"type": "LineString", "coordinates": [[-90.71, 14.391], [-90.587, 14.545]]}, "properties": {"v": 138000, "f": "60", "oid": 329948657}}, {"type": "Feature", "geometry": {"type": "LineString", "coordinates": [[-90.707, 14.659], [-90.706, 14.657]]}, "properties": {"v": 69000, "c": 2, "f": "60", "oid": 1251613848}}, {"type": "Feature", "geometry": {"type": "LineString", "coordinates": [[-90.706, 14.657], [-90.658, 14.6]]}, "properties": {"v": 69000, "c": 1, "f": "60", "oid": 1134539537}}, {"type": "Feature", "geometry": {"type": "LineString", "coordinates": [[-90.607, 14.625], [-90.655, 14.599]]}, "properties": {"v": 69000, "c": 1, "f": "60", "oid": 1251613849}}, {"type": "Feature", "geometry": {"type": "LineString", "coordinates": [[-90.601, 14.628], [-90.607, 14.625]]}, "properties": {"v": 69000, "c": 1, "f": "60", "oid": 1251613846}}, {"type": "Feature", "geometry": {"type": "LineString", "coordinates": [[-90.607, 14.625], [-90.602, 14.621]]}, "properties": {"v": 69000, "c": 1, "f": "60", "oid": 1251613844}}, {"type": "Feature", "geometry": {"type": "LineString", "coordinates": [[-90.606, 14.543], [-90.605, 14.544]]}, "properties": {"v": 69000, "c": 1, "f": "60", "oid": 1248255042}}, {"type": "Feature", "geometry": {"type": "LineString", "coordinates": [[-90.601, 14.629], [-90.601, 14.628]]}, "properties": {"v": 69000, "c": 2, "f": "60", "oid": 1251613845}}, {"type": "Feature", "geometry": {"type": "LineString", "coordinates": [[-90.599, 14.631], [-90.601, 14.628]]}, "properties": {"v": 69000, "c": 1, "f": "60", "oid": 1251613842}}, {"type": "Feature", "geometry": {"type": "LineString", "coordinates": [[-90.599, 14.631], [-90.601, 14.628]]}, "properties": {"v": 69000, "c": 1, "f": "60", "oid": 1251613841}}, {"type": "Feature", "geometry": {"type": "LineString", "coordinates": [[-90.599, 14.631], [-90.598, 14.635]]}, "properties": {"v": 69000, "c": 2, "f": "60", "oid": 1251613840}}, {"type": "Feature", "geometry": {"type": "LineString", "coordinates": [[-90.598, 14.635], [-90.598, 14.636]]}, "properties": {"v": 69000, "c": 1, "f": "60", "oid": 1251613838}}, {"type": "Feature", "geometry": {"type": "LineString", "coordinates": [[-90.657, 14.6], [-90.655, 14.599]]}, "properties": {"v": 69000, "c": 2, "f": "60", "oid": 1251613850}}, {"type": "Feature", "geometry": {"type": "LineString", "coordinates": [[-90.613, 14.708], [-90.702, 14.66]]}, "properties": {"v": 230000, "c": 2, "f": "60", "oid": 768734351}}, {"type": "Feature", "geometry": {"type": "LineString", "coordinates": [[-90.722, 14.114], [-90.605, 14.189]]}, "properties": {"v": 230000, "c": 2, "f": "60", "oid": 767603726}}, {"type": "Feature", "geometry": {"type": "LineString", "coordinates": [[-90.712, 14.56], [-90.727, 14.554]]}, "properties": {"v": 69000, "c": 1, "f": "60", "oid": 1058103337}}, {"type": "Feature", "geometry": {"type": "LineString", "coordinates": [[-90.662, 14.142], [-90.596, 14.098]]}, "properties": {"v": 138000, "c": 1, "f": "60", "oid": 1254686241}}, {"type": "Feature", "geometry": {"type": "LineString", "coordinates": [[-90.742, 14.547], [-90.727, 14.553]]}, "properties": {"v": 69000, "c": 1, "f": "60", "oid": 1058103340}}, {"type": "Feature", "geometry": {"type": "LineString", "coordinates": [[-88.762, 15.014], [-89.226, 14.854]]}, "properties": {"v": 230000, "f": "60", "oid": 768789839}}, {"type": "Feature", "geometry": {"type": "LineString", "coordinates": [[-90.052, 14.875], [-90.037, 14.87]]}, "properties": {"v": 230000, "f": "60", "oid": 767934884}}, {"type": "Feature", "geometry": {"type": "LineString", "coordinates": [[-90.032, 14.909], [-90.037, 14.87]]}, "properties": {"v": 230000, "f": "60", "oid": 767934885}}, {"type": "Feature", "geometry": {"type": "LineString", "coordinates": [[-90.037, 14.87], [-89.741, 14.925], [-89.591, 15.037]]}, "properties": {"v": 230000, "f": "60", "oid": 329706421}}, {"type": "Feature", "geometry": {"type": "LineString", "coordinates": [[-90.032, 14.909], [-90.052, 14.875]]}, "properties": {"v": 230000, "f": "60", "oid": 767934887}}, {"type": "Feature", "geometry": {"type": "LineString", "coordinates": [[-89.591, 15.037], [-89.107, 15.272], [-88.867, 15.487]]}, "properties": {"v": 230000, "f": "60", "oid": 772677409}}, {"type": "Feature", "geometry": {"type": "LineString", "coordinates": [[-88.866, 15.487], [-88.902, 15.606], [-88.986, 15.647]]}, "properties": {"v": 230000, "f": "60", "oid": 768045802}}, {"type": "Feature", "geometry": {"type": "LineString", "coordinates": [[-89.015, 15.646], [-89.308, 15.547]]}, "properties": {"v": 230000, "f": "60", "oid": 768045801}}, {"type": "Feature", "geometry": {"type": "LineString", "coordinates": [[-90.282, 15.269], [-89.874, 15.332]]}, "properties": {"v": 230000, "f": "60", "oid": 768120379}}, {"type": "Feature", "geometry": {"type": "LineString", "coordinates": [[-89.382, 15.519], [-89.309, 15.546]]}, "properties": {"v": 230000, "f": "60", "oid": 768049107}}, {"type": "Feature", "geometry": {"type": "LineString", "coordinates": [[-89.591, 15.036], [-89.496, 14.741], [-89.341, 14.855], [-89.226, 14.854]]}, "properties": {"v": 230000, "f": "60", "oid": 329708578}}, {"type": "Feature", "geometry": {"type": "LineString", "coordinates": [[-89.842, 15.333], [-89.382, 15.519]]}, "properties": {"v": 230000, "f": "60", "oid": 768661131}}, {"type": "Feature", "geometry": {"type": "LineString", "coordinates": [[-88.826, 15.503], [-88.578, 15.594], [-88.554, 15.661]]}, "properties": {"v": 115000, "oid": 1284512135}}, {"type": "Feature", "geometry": {"type": "LineString", "coordinates": [[-87.871, 14.998], [-87.958, 14.839], [-87.943, 14.677], [-87.742, 14.502], [-87.681, 14.333], [-87.372, 14.222]]}, "properties": {"v": 230000, "c": 2, "f": "60", "oid": 770058778}}, {"type": "Feature", "geometry": {"type": "LineString", "coordinates": [[-87.369, 14.223], [-87.37, 14.222]]}, "properties": {"v": 138000, "c": 1, "f": "60", "oid": 1255280666}}, {"type": "Feature", "geometry": {"type": "LineString", "coordinates": [[-87.369, 14.223], [-87.37, 14.222]]}, "properties": {"v": 138000, "c": 1, "f": "60", "oid": 1255280665}}, {"type": "Feature", "geometry": {"type": "LineString", "coordinates": [[-87.364, 14.226], [-87.369, 14.223]]}, "properties": {"v": 138000, "c": 2, "f": "60", "oid": 770038683}}, {"type": "Feature", "geometry": {"type": "LineString", "coordinates": [[-87.636, 14.446], [-87.593, 14.319], [-87.364, 14.226]]}, "properties": {"v": 138000, "f": "60", "oid": 777229881}}, {"type": "Feature", "geometry": {"type": "LineString", "coordinates": [[-87.822, 14.606], [-87.636, 14.447]]}, "properties": {"v": 138000, "f": "60", "oid": 777229882}}, {"type": "Feature", "geometry": {"type": "LineString", "coordinates": [[-88.022, 14.981], [-87.936, 14.885], [-87.956, 14.671], [-87.822, 14.606]]}, "properties": {"v": 138000, "nm": "L-550 CRL-SGT", "op": "ENEE", "f": "60", "oid": 776847572}}, {"type": "Feature", "geometry": {"type": "LineString", "coordinates": [[-87.99, 15.04], [-88.022, 14.982]]}, "properties": {"v": 138000, "f": "60", "oid": 776847575}}, {"type": "Feature", "geometry": {"type": "LineString", "coordinates": [[-87.871, 14.998], [-87.973, 15.029]]}, "properties": {"v": 230000, "c": 2, "f": "60", "oid": 768789838}}, {"type": "Feature", "geometry": {"type": "LineString", "coordinates": [[-87.748, 15.037], [-87.871, 14.998]]}, "properties": {"v": 230000, "op": "ENEE", "c": 2, "f": "60", "oid": 770430728}}, {"type": "Feature", "geometry": {"type": "LineString", "coordinates": [[-87.747, 15.038], [-87.836, 15.077], [-87.872, 15.197], [-87.796, 15.399]]}, "properties": {"v": 230000, "nm": "L-604", "op": "ENEE", "f": "60", "oid": 768840018}}, {"type": "Feature", "geometry": {"type": "LineString", "coordinates": [[-87.766, 15.074], [-87.747, 15.038]]}, "properties": {"v": 230000, "op": "ENEE", "f": "60", "oid": 768840017}}, {"type": "Feature", "geometry": {"type": "LineString", "coordinates": [[-87.99, 15.04], [-87.984, 15.04]]}, "properties": {"v": 138000, "c": 2, "f": "60", "oid": 776847577}}, {"type": "Feature", "geometry": {"type": "LineString", "coordinates": [[-87.984, 15.04], [-87.795, 15.397]]}, "properties": {"v": 138000, "nm": "L-503", "op": "ENEE", "f": "60", "oid": 768840014}}, {"type": "Feature", "geometry": {"type": "LineString", "coordinates": [[-87.987, 15.338], [-87.949, 15.124], [-87.99, 15.04]]}, "properties": {"v": 138000, "f": "60", "oid": 776847576}}, {"type": "Feature", "geometry": {"type": "LineString", "coordinates": [[-87.737, 15.083], [-87.766, 15.074]]}, "properties": {"v": 230000, "c": 2, "f": "60", "oid": 768840016}}, {"type": "Feature", "geometry": {"type": "LineString", "coordinates": [[-87.766, 15.074], [-87.705, 15.304], [-87.796, 15.399]]}, "properties": {"v": 230000, "nm": "L-602", "op": "ENEE", "f": "60", "oid": 768840013}}, {"type": "Feature", "geometry": {"type": "LineString", "coordinates": [[-87.52, 15.305], [-87.142, 15.134]]}, "properties": {"v": 138000, "f": "60", "oid": 776857603}}, {"type": "Feature", "geometry": {"type": "LineString", "coordinates": [[-87.743, 15.353], [-87.6, 15.33]]}, "properties": {"v": 138000, "f": "60", "oid": 779666083}}, {"type": "Feature", "geometry": {"type": "LineString", "coordinates": [[-87.6, 15.33], [-87.6, 15.331]]}, "properties": {"v": 138000, "f": "60", "oid": 776857604}}, {"type": "Feature", "geometry": {"type": "LineString", "coordinates": [[-87.6, 15.331], [-87.598, 15.331]]}, "properties": {"v": 138000, "f": "60", "oid": 776857605}}, {"type": "Feature", "geometry": {"type": "LineString", "coordinates": [[-87.992, 15.382], [-87.987, 15.338]]}, "properties": {"v": 138000, "f": "60", "oid": 776847578}}, {"type": "Feature", "geometry": {"type": "LineString", "coordinates": [[-87.99, 15.413], [-87.995, 15.387]]}, "properties": {"v": 138000, "c": 2, "f": "60", "oid": 768850899}}, {"type": "Feature", "geometry": {"type": "LineString", "coordinates": [[-87.795, 15.397], [-87.938, 15.418]]}, "properties": {"v": 138000, "nm": "L-524", "op": "ENEE", "f": "60", "oid": 398974788}}, {"type": "Feature", "geometry": {"type": "LineString", "coordinates": [[-87.795, 15.398], [-87.799, 15.413]]}, "properties": {"v": 138000, "nm": "L - 515  Y  L - 529", "op": "ENEE", "c": 2, "f": "60", "oid": 775706508}}, {"type": "Feature", "geometry": {"type": "LineString", "coordinates": [[-87.981, 15.419], [-87.99, 15.413]]}, "properties": {"v": 138000, "f": "60", "oid": 822796654}}, {"type": "Feature", "geometry": {"type": "LineString", "coordinates": [[-88.762, 15.014], [-87.974, 15.029]]}, "properties": {"v": 230000, "nm": "Tramo 11", "op": "SIEPAC", "f": "60", "oid": 406579104}}, {"type": "Feature", "geometry": {"type": "LineString", "coordinates": [[-88.762, 15.014], [-88.761, 15.012]]}, "properties": {"v": 230000, "f": "60", "oid": 406579107}}, {"type": "Feature", "geometry": {"type": "LineString", "coordinates": [[-90.595, 14.469], [-90.582, 14.462]]}, "properties": {"v": 69000, "c": 1, "f": "60", "oid": 1248255066}}, {"type": "Feature", "geometry": {"type": "LineString", "coordinates": [[-90.595, 14.469], [-90.582, 14.462]]}, "properties": {"v": 69000, "c": 1, "f": "60", "oid": 1248255067}}, {"type": "Feature", "geometry": {"type": "LineString", "coordinates": [[-90.582, 14.462], [-90.588, 14.461]]}, "properties": {"v": 69000, "c": 1, "f": "60", "oid": 1248255068}}, {"type": "Feature", "geometry": {"type": "LineString", "coordinates": [[-90.588, 14.461], [-90.582, 14.462]]}, "properties": {"v": 69000, "c": 1, "f": "60", "oid": 1248255069}}, {"type": "Feature", "geometry": {"type": "LineString", "coordinates": [[-90.588, 14.461], [-90.614, 14.485]]}, "properties": {"v": 69000, "c": 2, "f": "60", "oid": 1248255055}}, {"type": "Feature", "geometry": {"type": "LineString", "coordinates": [[-90.615, 14.468], [-90.638, 14.469]]}, "properties": {"v": 69000, "c": 1, "f": "60", "oid": 1248255065}}, {"type": "Feature", "geometry": {"type": "LineString", "coordinates": [[-90.595, 14.469], [-90.615, 14.468]]}, "properties": {"v": 69000, "c": 2, "f": "60", "oid": 1138038994}}, {"type": "Feature", "geometry": {"type": "LineString", "coordinates": [[-90.615, 14.486], [-90.614, 14.485]]}, "properties": {"v": 69000, "c": 1, "f": "60", "oid": 1248255053}}, {"type": "Feature", "geometry": {"type": "LineString", "coordinates": [[-90.614, 14.485], [-90.615, 14.487]]}, "properties": {"v": 69000, "c": 1, "f": "60", "oid": 1248255054}}, {"type": "Feature", "geometry": {"type": "LineString", "coordinates": [[-90.615, 14.487], [-90.615, 14.486]]}, "properties": {"v": 69000, "c": 1, "f": "60", "oid": 1138130116}}, {"type": "Feature", "geometry": {"type": "LineString", "coordinates": [[-90.615, 14.487], [-90.622, 14.513]]}, "properties": {"v": 69000, "c": 2, "f": "60", "oid": 1138038993}}, {"type": "Feature", "geometry": {"type": "LineString", "coordinates": [[-90.558, 14.51], [-90.545, 14.5]]}, "properties": {"v": 69000, "c": 1, "f": "60", "oid": 1248854058}}, {"type": "Feature", "geometry": {"type": "LineString", "coordinates": [[-90.577, 14.516], [-90.583, 14.502]]}, "properties": {"v": 69000, "c": 1, "f": "60", "oid": 1248854061}}, {"type": "Feature", "geometry": {"type": "LineString", "coordinates": [[-90.622, 14.513], [-90.606, 14.542]]}, "properties": {"v": 69000, "c": 2, "f": "60", "oid": 329948655}}, {"type": "Feature", "geometry": {"type": "LineString", "coordinates": [[-90.608, 14.539], [-90.596, 14.53]]}, "properties": {"v": 69000, "c": 1, "f": "60", "oid": 1248255049}}, {"type": "Feature", "geometry": {"type": "LineString", "coordinates": [[-90.575, 14.522], [-90.573, 14.525]]}, "properties": {"v": 69000, "c": 1, "f": "60", "oid": 1248854065}}, {"type": "Feature", "geometry": {"type": "LineString", "coordinates": [[-90.574, 14.513], [-90.585, 14.527]]}, "properties": {"v": 69000, "c": 1, "f": "60", "oid": 1248854069}}, {"type": "Feature", "geometry": {"type": "LineString", "coordinates": [[-90.596, 14.53], [-90.594, 14.528]]}, "properties": {"v": 69000, "c": 1, "f": "60", "oid": 1249149285}}, {"type": "Feature", "geometry": {"type": "LineString", "coordinates": [[-90.595, 14.529], [-90.589, 14.53]]}, "properties": {"v": 69000, "c": 1, "f": "60", "oid": 1249149284}}, {"type": "Feature", "geometry": {"type": "LineString", "coordinates": [[-90.596, 14.53], [-90.596, 14.525]]}, "properties": {"v": 69000, "c": 1, "f": "60", "oid": 1249149286}}, {"type": "Feature", "geometry": {"type": "LineString", "coordinates": [[-90.552, 14.525], [-90.558, 14.512]]}, "properties": {"v": 69000, "c": 1, "f": "60", "oid": 1248854049}}, {"type": "Feature", "geometry": {"type": "LineString", "coordinates": [[-90.56, 14.525], [-90.556, 14.531]]}, "properties": {"v": 69000, "c": 1, "f": "60", "oid": 1248854047}}, {"type": "Feature", "geometry": {"type": "LineString", "coordinates": [[-90.558, 14.51], [-90.558, 14.512]]}, "properties": {"v": 69000, "c": 2, "f": "60", "oid": 1248854056}}, {"type": "Feature", "geometry": {"type": "LineString", "coordinates": [[-90.559, 14.525], [-90.56, 14.528]]}, "properties": {"v": 69000, "c": 1, "f": "60", "oid": 1248854046}}, {"type": "Feature", "geometry": {"type": "LineString", "coordinates": [[-90.556, 14.534], [-90.556, 14.531]]}, "properties": {"v": 69000, "c": 1, "f": "60", "oid": 1248854043}}, {"type": "Feature", "geometry": {"type": "LineString", "coordinates": [[-90.578, 14.516], [-90.558, 14.512]]}, "properties": {"v": 69000, "c": 1, "f": "60", "oid": 1248854059}}, {"type": "Feature", "geometry": {"type": "LineString", "coordinates": [[-90.606, 14.542], [-90.606, 14.543]]}, "properties": {"v": 69000, "c": 1, "f": "60", "oid": 1248255047}}, {"type": "Feature", "geometry": {"type": "LineString", "coordinates": [[-90.606, 14.542], [-90.606, 14.543]]}, "properties": {"v": 69000, "c": 1, "f": "60", "oid": 1248255048}}, {"type": "Feature", "geometry": {"type": "LineString", "coordinates": [[-90.596, 14.543], [-90.597, 14.543]]}, "properties": {"v": 69000, "c": 1, "f": "60", "oid": 1249149288}}, {"type": "Feature", "geometry": {"type": "LineString", "coordinates": [[-90.605, 14.544], [-90.606, 14.543]]}, "properties": {"v": 69000, "c": 1, "f": "60", "oid": 1248255041}}, {"type": "Feature", "geometry": {"type": "LineString", "coordinates": [[-90.596, 14.543], [-90.596, 14.552]]}, "properties": {"v": 69000, "c": 2, "f": "60", "oid": 1249149287}}, {"type": "Feature", "geometry": {"type": "LineString", "coordinates": [[-90.587, 14.546], [-90.588, 14.545]]}, "properties": {"v": 230000, "f": "60", "oid": 904742211}}, {"type": "Feature", "geometry": {"type": "LineString", "coordinates": [[-90.588, 14.545], [-90.587, 14.546]]}, "properties": {"v": 230000, "f": "60", "oid": 904742210}}, {"type": "Feature", "geometry": {"type": "LineString", "coordinates": [[-90.587, 14.545], [-90.587, 14.546]]}, "properties": {"v": 138000, "f": "60", "oid": 329948654}}, {"type": "Feature", "geometry": {"type": "LineString", "coordinates": [[-90.587, 14.545], [-90.587, 14.546]]}, "properties": {"v": 138000, "f": "60", "oid": 329948652}}, {"type": "Feature", "geometry": {"type": "LineString", "coordinates": [[-90.657, 14.6], [-90.658, 14.6]]}, "properties": {"v": 69000, "c": 1, "f": "60", "oid": 1251613851}}, {"type": "Feature", "geometry": {"type": "LineString", "coordinates": [[-90.658, 14.6], [-90.657, 14.6]]}, "properties": {"v": 69000, "c": 1, "f": "60", "oid": 1251613852}}, {"type": "Feature", "geometry": {"type": "LineString", "coordinates": [[-90.711, 14.56], [-90.655, 14.599]]}, "properties": {"v": 69000, "c": 1, "f": "60", "oid": 1058103336}}, {"type": "Feature", "geometry": {"type": "LineString", "coordinates": [[-90.585, 14.544], [-90.585, 14.543]]}, "properties": {"v": 69000, "c": 1, "f": "60", "oid": 1248854070}}, {"type": "Feature", "geometry": {"type": "LineString", "coordinates": [[-90.55, 14.553], [-90.554, 14.543]]}, "properties": {"v": 69000, "c": 1, "f": "60", "oid": 1249149261}}, {"type": "Feature", "geometry": {"type": "LineString", "coordinates": [[-90.55, 14.553], [-90.552, 14.554]]}, "properties": {"v": 69000, "c": 1, "f": "60", "oid": 1249149262}}, {"type": "Feature", "geometry": {"type": "LineString", "coordinates": [[-90.547, 14.561], [-90.55, 14.553]]}, "properties": {"v": 69000, "c": 1, "f": "60", "oid": 1249149264}}, {"type": "Feature", "geometry": {"type": "LineString", "coordinates": [[-90.547, 14.561], [-90.546, 14.562]]}, "properties": {"v": 69000, "c": 1, "f": "60", "oid": 1249149266}}, {"type": "Feature", "geometry": {"type": "LineString", "coordinates": [[-90.553, 14.563], [-90.547, 14.561]]}, "properties": {"v": 69000, "c": 2, "f": "60", "oid": 1249149270}}, {"type": "Feature", "geometry": {"type": "LineString", "coordinates": [[-90.553, 14.563], [-90.565, 14.562]]}, "properties": {"v": 69000, "c": 1, "f": "60", "oid": 1249149278}}, {"type": "Feature", "geometry": {"type": "LineString", "coordinates": [[-90.565, 14.562], [-90.57, 14.562]]}, "properties": {"v": 69000, "c": 2, "f": "60", "oid": 1249149277}}, {"type": "Feature", "geometry": {"type": "LineString", "coordinates": [[-90.565, 14.582], [-90.565, 14.562]]}, "properties": {"v": 69000, "c": 1, "f": "60", "oid": 1249149279}}, {"type": "Feature", "geometry": {"type": "LineString", "coordinates": [[-90.564, 14.562], [-90.574, 14.566]]}, "properties": {"v": 69000, "c": 1, "f": "60", "oid": 1249149280}}, {"type": "Feature", "geometry": {"type": "LineString", "coordinates": [[-90.546, 14.563], [-90.544, 14.568]]}, "properties": {"v": 69000, "c": 1, "f": "60", "oid": 1249583150}}, {"type": "Feature", "geometry": {"type": "LineString", "coordinates": [[-90.552, 14.564], [-90.546, 14.563]]}, "properties": {"v": 69000, "c": 2, "f": "60", "oid": 1249583156}}, {"type": "Feature", "geometry": {"type": "LineString", "coordinates": [[-90.546, 14.563], [-90.544, 14.569]]}, "properties": {"v": 69000, "c": 1, "f": "60", "oid": 1249583151}}, {"type": "Feature", "geometry": {"type": "LineString", "coordinates": [[-90.545, 14.565], [-90.547, 14.564]]}, "properties": {"v": 69000, "c": 1, "f": "60", "oid": 1249583155}}, {"type": "Feature", "geometry": {"type": "LineString", "coordinates": [[-90.553, 14.564], [-90.552, 14.564]]}, "properties": {"v": 69000, "c": 1, "f": "60", "oid": 1249583157}}, {"type": "Feature", "geometry": {"type": "LineString", "coordinates": [[-90.553, 14.564], [-90.552, 14.564]]}, "properties": {"v": 69000, "c": 1, "f": "60", "oid": 1249583158}}, {"type": "Feature", "geometry": {"type": "LineString", "coordinates": [[-90.553, 14.564], [-90.553, 14.565]]}, "properties": {"v": 69000, "c": 1, "f": "60", "oid": 1249583159}}, {"type": "Feature", "geometry": {"type": "LineString", "coordinates": [[-90.544, 14.568], [-90.544, 14.569]]}, "properties": {"v": 69000, "c": 1, "f": "60", "oid": 1249583149}}, {"type": "Feature", "geometry": {"type": "LineString", "coordinates": [[-90.544, 14.569], [-90.541, 14.592]]}, "properties": {"v": 69000, "c": 1, "f": "60", "oid": 1249583148}}, {"type": "Feature", "geometry": {"type": "LineString", "coordinates": [[-90.586, 14.547], [-90.585, 14.544]]}, "properties": {"v": 69000, "f": "60", "oid": 1138130120}}, {"type": "Feature", "geometry": {"type": "LineString", "coordinates": [[-90.582, 14.554], [-90.586, 14.547]]}, "properties": {"v": 69000, "c": 2, "f": "60", "oid": 1248854071}}, {"type": "Feature", "geometry": {"type": "LineString", "coordinates": [[-90.574, 14.566], [-90.587, 14.547]]}, "properties": {"v": 69000, "c": 2, "f": "60", "oid": 904770378}}, {"type": "Feature", "geometry": {"type": "LineString", "coordinates": [[-90.605, 14.544], [-90.566, 14.6]]}, "properties": {"v": 69000, "c": 2, "f": "60", "oid": 926387325}}, {"type": "Feature", "geometry": {"type": "LineString", "coordinates": [[-90.587, 14.546], [-90.588, 14.547]]}, "properties": {"v": 230000, "oid": 1138130123}}, {"type": "Feature", "geometry": {"type": "LineString", "coordinates": [[-90.588, 14.547], [-90.587, 14.546]]}, "properties": {"v": 230000, "oid": 1138130122}}, {"type": "Feature", "geometry": {"type": "LineString", "coordinates": [[-90.588, 14.547], [-90.596, 14.553]]}, "properties": {"v": 230000, "c": 1, "f": "60", "oid": 1248854072}}, {"type": "Feature", "geometry": {"type": "LineString", "coordinates": [[-90.559, 14.623], [-90.598, 14.635]]}, "properties": {"v": 69000, "c": 1, "f": "60", "oid": 1138068367}}, {"type": "Feature", "geometry": {"type": "LineString", "coordinates": [[-90.569, 14.654], [-90.585, 14.637]]}, "properties": {"v": 69000, "c": 1, "f": "60", "oid": 1254356920}}, {"type": "Feature", "geometry": {"type": "LineString", "coordinates": [[-90.573, 14.636], [-90.556, 14.628]]}, "properties": {"v": 69000, "c": 1, "f": "60", "oid": 1253696837}}, {"type": "Feature", "geometry": {"type": "LineString", "coordinates": [[-90.567, 14.67], [-90.573, 14.672]]}, "properties": {"v": 69000, "c": 1, "f": "60", "oid": 1254128760}}, {"type": "Feature", "geometry": {"type": "LineString", "coordinates": [[-90.573, 14.672], [-90.572, 14.678]]}, "properties": {"v": 69000, "c": 1, "f": "60", "oid": 1254128759}}, {"type": "Feature", "geometry": {"type": "LineString", "coordinates": [[-90.572, 14.636], [-90.573, 14.636]]}, "properties": {"v": 69000, "c": 2, "f": "60", "oid": 1253696838}}, {"type": "Feature", "geometry": {"type": "LineString", "coordinates": [[-90.569, 14.654], [-90.568, 14.67]]}, "properties": {"v": 69000, "c": 1, "f": "60", "oid": 1254128761}}, {"type": "Feature", "geometry": {"type": "LineString", "coordinates": [[-90.571, 14.636], [-90.571, 14.633]]}, "properties": {"v": 69000, "c": 1, "f": "60", "oid": 1253696839}}, {"type": "Feature", "geometry": {"type": "LineString", "coordinates": [[-90.566, 14.6], [-90.555, 14.624]]}, "properties": {"v": 69000, "c": 2, "f": "60", "oid": 1058211506}}, {"type": "Feature", "geometry": {"type": "LineString", "coordinates": [[-90.566, 14.6], [-90.562, 14.601]]}, "properties": {"v": 69000, "c": 2, "f": "60", "oid": 1058211509}}, {"type": "Feature", "geometry": {"type": "LineString", "coordinates": [[-90.531, 14.649], [-90.566, 14.601]]}, "properties": {"v": 132000, "c": 1, "oid": 1058211507}}, {"type": "Feature", "geometry": {"type": "LineString", "coordinates": [[-90.555, 14.624], [-90.556, 14.624]]}, "properties": {"v": 69000, "c": 1, "f": "60", "oid": 1250859545}}, {"type": "Feature", "geometry": {"type": "LineString", "coordinates": [[-90.555, 14.624], [-90.539, 14.634]]}, "properties": {"v": 69000, "c": 2, "f": "60", "oid": 1136284224}}, {"type": "Feature", "geometry": {"type": "LineString", "coordinates": [[-90.539, 14.634], [-90.531, 14.648]]}, "properties": {"v": 69000, "c": 2, "f": "60", "oid": 1250859544}}, {"type": "Feature", "geometry": {"type": "LineString", "coordinates": [[-90.455, 14.669], [-90.052, 14.875]]}, "properties": {"v": 230000, "c": 1, "f": "60", "oid": 767934886}}, {"type": "Feature", "geometry": {"type": "LineString", "coordinates": [[-90.453, 14.667], [-90.448, 14.644]]}, "properties": {"v": 230000, "f": "60", "oid": 1136284234}}, {"type": "Feature", "geometry": {"type": "LineString", "coordinates": [[-90.466, 14.602], [-90.448, 14.644]]}, "properties": {"v": 69000, "oid": 1136284233}}, {"type": "Feature", "geometry": {"type": "LineString", "coordinates": [[-90.573, 14.636], [-90.591, 14.635]]}, "properties": {"v": 69000, "c": 1, "f": "60", "oid": 1253696836}}, {"type": "Feature", "geometry": {"type": "LineString", "coordinates": [[-90.53, 14.649], [-90.503, 14.664]]}, "properties": {"v": 69000, "c": 1, "f": "60", "oid": 1247752604}}, {"type": "Feature", "geometry": {"type": "LineString", "coordinates": [[-90.528, 14.65], [-90.53, 14.649]]}, "properties": {"v": 69000, "c": 1, "f": "60", "oid": 1115595396}}, {"type": "Feature", "geometry": {"type": "LineString", "coordinates": [[-90.53, 14.649], [-90.528, 14.65]]}, "properties": {"v": 69000, "c": 1, "f": "60", "oid": 1115595394}}, {"type": "Feature", "geometry": {"type": "LineString", "coordinates": [[-90.528, 14.65], [-90.514, 14.685]]}, "properties": {"v": 69000, "oid": 1115595397}}, {"type": "Feature", "geometry": {"type": "LineString", "coordinates": [[-90.474, 14.669], [-90.514, 14.685]]}, "properties": {"v": 69000, "c": 1, "f": "60", "oid": 1136284244}}, {"type": "Feature", "geometry": {"type": "LineString", "coordinates": [[-90.51, 14.607], [-90.511, 14.607]]}, "properties": {"v": 69000, "c": 1, "f": "60", "oid": 1250498581}}, {"type": "Feature", "geometry": {"type": "LineString", "coordinates": [[-90.509, 14.628], [-90.507, 14.627]]}, "properties": {"v": 69000, "c": 1, "f": "60", "oid": 1250498579}}, {"type": "Feature", "geometry": {"type": "LineString", "coordinates": [[-90.508, 14.627], [-90.507, 14.631]]}, "properties": {"v": 69000, "c": 1, "f": "60", "oid": 1250498578}}, {"type": "Feature", "geometry": {"type": "LineString", "coordinates": [[-90.507, 14.631], [-90.506, 14.634]]}, "properties": {"v": 69000, "c": 1, "f": "60", "oid": 1250498577}}, {"type": "Feature", "geometry": {"type": "LineString", "coordinates": [[-90.506, 14.634], [-90.504, 14.638]]}, "properties": {"v": 69000, "c": 1, "f": "60", "oid": 1250859551}}, {"type": "Feature", "geometry": {"type": "LineString", "coordinates": [[-90.504, 14.638], [-90.505, 14.638]]}, "properties": {"v": 69000, "c": 1, "f": "60", "oid": 1250859550}}, {"type": "Feature", "geometry": {"type": "LineString", "coordinates": [[-90.505, 14.638], [-90.482, 14.645]]}, "properties": {"v": 69000, "c": 1, "f": "60", "oid": 1115595376}}, {"type": "Feature", "geometry": {"type": "LineString", "coordinates": [[-90.474, 14.669], [-90.482, 14.645]]}, "properties": {"v": 69000, "c": 2, "f": "60", "oid": 1115595378}}, {"type": "Feature", "geometry": {"type": "LineString", "coordinates": [[-90.477, 14.661], [-90.473, 14.666]]}, "properties": {"v": 69000, "c": 1, "f": "60", "oid": 1115595379}}, {"type": "Feature", "geometry": {"type": "LineString", "coordinates": [[-90.471, 14.67], [-90.474, 14.669]]}, "properties": {"v": 69000, "c": 2, "f": "60", "oid": 1247752605}}, {"type": "Feature", "geometry": {"type": "LineString", "coordinates": [[-90.473, 14.666], [-90.472, 14.67]]}, "properties": {"v": 69000, "c": 2, "f": "60", "oid": 1247752609}}, {"type": "Feature", "geometry": {"type": "LineString", "coordinates": [[-90.471, 14.665], [-90.473, 14.666]]}, "properties": {"v": 69000, "c": 1, "f": "60", "oid": 1247752615}}, {"type": "Feature", "geometry": {"type": "LineString", "coordinates": [[-90.471, 14.67], [-90.468, 14.668]]}, "properties": {"v": 69000, "c": 2, "f": "60", "oid": 1247752611}}, {"type": "Feature", "geometry": {"type": "LineString", "coordinates": [[-90.457, 14.668], [-90.471, 14.665]]}, "properties": {"v": 69000, "c": 1, "f": "60", "oid": 1247752620}}, {"type": "Feature", "geometry": {"type": "LineString", "coordinates": [[-90.468, 14.668], [-90.463, 14.671]]}, "properties": {"v": 69000, "c": 1, "f": "60", "oid": 1247752612}}, {"type": "Feature", "geometry": {"type": "LineString", "coordinates": [[-90.457, 14.668], [-90.468, 14.668]]}, "properties": {"v": 69000, "c": 1, "f": "60", "oid": 1247752610}}, {"type": "Feature", "geometry": {"type": "LineString", "coordinates": [[-90.454, 14.669], [-90.457, 14.668]]}, "properties": {"v": 69000, "c": 2, "f": "60", "oid": 1247752613}}, {"type": "Feature", "geometry": {"type": "LineString", "coordinates": [[-90.455, 14.669], [-90.453, 14.667]]}, "properties": {"v": 230000, "c": 2, "f": "60", "oid": 1247752621}}, {"type": "Feature", "geometry": {"type": "LineString", "coordinates": [[-90.454, 14.669], [-90.453, 14.669]]}, "properties": {"v": 69000, "c": 1, "f": "60", "oid": 1247752618}}, {"type": "Feature", "geometry": {"type": "LineString", "coordinates": [[-90.454, 14.669], [-90.453, 14.669]]}, "properties": {"v": 69000, "c": 1, "f": "60", "oid": 1247752619}}, {"type": "Feature", "geometry": {"type": "LineString", "coordinates": [[-90.454, 14.669], [-90.453, 14.668]]}, "properties": {"v": 69000, "c": 1, "f": "60", "oid": 1247752617}}, {"type": "Feature", "geometry": {"type": "LineString", "coordinates": [[-90.453, 14.669], [-90.453, 14.667]]}, "properties": {"v": 69000, "c": 2, "f": "60", "oid": 1115595375}}, {"type": "Feature", "geometry": {"type": "LineString", "coordinates": [[-90.471, 14.665], [-90.471, 14.669]]}, "properties": {"v": 69000, "c": 2, "f": "60", "oid": 1247752616}}, {"type": "Feature", "geometry": {"type": "LineString", "coordinates": [[-90.284, 15.267], [-90.622, 15.447]]}, "properties": {"v": 230000, "f": "60", "oid": 329749568}}, {"type": "Feature", "geometry": {"type": "LineString", "coordinates": [[-90.454, 14.67], [-90.457, 14.839], [-90.332, 14.979], [-90.284, 15.266]]}, "properties": {"v": 230000, "nm": "ckt27", "f": "60", "oid": 329749566}}, {"type": "Feature", "geometry": {"type": "LineString", "coordinates": [[-90.628, 15.45], [-90.308, 15.301], [-90.271, 15.088], [-90.032, 14.909]]}, "properties": {"v": 230000, "c": 1, "f": "60", "oid": 596572059}}, {"type": "Feature", "geometry": {"type": "LineString", "coordinates": [[-90.572, 14.678], [-90.642, 14.724]]}, "properties": {"v": 69000, "c": 1, "f": "60", "oid": 1254128758}}, {"type": "Feature", "geometry": {"type": "LineString", "coordinates": [[-92.216, 14.639], [-92.19, 14.631]]}, "properties": {"v": 115000, "c": 1, "f": "60", "oid": 766774286}}, {"type": "Feature", "geometry": {"type": "LineString", "coordinates": [[-90.994, 14.327], [-90.996, 14.334]]}, "properties": {"v": 230000, "c": 1, "f": "60", "oid": 1253351002}}, {"type": "Feature", "geometry": {"type": "LineString", "coordinates": [[-90.994, 14.326], [-90.937, 14.304]]}, "properties": {"v": 230000, "f": "60", "oid": 768731955}}, {"type": "Feature", "geometry": {"type": "LineString", "coordinates": [[-90.937, 14.304], [-90.953, 14.23]]}, "properties": {"v": 230000, "f": "60", "oid": 768466892}}, {"type": "Feature", "geometry": {"type": "LineString", "coordinates": [[-90.961, 14.251], [-90.958, 14.25]]}, "properties": {"v": 69000, "c": 1, "f": "60", "oid": 1253350991}}, {"type": "Feature", "geometry": {"type": "LineString", "coordinates": [[-90.949, 14.247], [-90.944, 14.245]]}, "properties": {"v": 69000, "c": 1, "f": "60", "oid": 1253350990}}, {"type": "Feature", "geometry": {"type": "LineString", "coordinates": [[-90.932, 14.118], [-90.932, 14.117]]}, "properties": {"v": 230000, "f": "60", "oid": 904749120}}, {"type": "Feature", "geometry": {"type": "LineString", "coordinates": [[-90.932, 14.117], [-90.932, 14.118]]}, "properties": {"v": 230000, "f": "60", "oid": 904749119}}, {"type": "Feature", "geometry": {"type": "LineString", "coordinates": [[-90.852, 14.24], [-90.849, 14.245]]}, "properties": {"v": 230000, "f": "60", "oid": 767493542}}, {"type": "Feature", "geometry": {"type": "LineString", "coordinates": [[-90.806, 14.251], [-90.799, 14.262]]}, "properties": {"v": 230000, "f": "60", "oid": 768778620}}, {"type": "Feature", "geometry": {"type": "LineString", "coordinates": [[-90.808, 14.659], [-90.833, 14.657]]}, "properties": {"v": 69000, "c": 1, "f": "60", "oid": 1252087997}}, {"type": "Feature", "geometry": {"type": "LineString", "coordinates": [[-81.394, 8.233], [-80.942, 8.141], [-80.7, 8.194]]}, "properties": {"v": 230000, "c": 2, "f": "60", "oid": 388322405}}, {"type": "Feature", "geometry": {"type": "LineString", "coordinates": [[-81.656, 8.253], [-81.039, 8.169]]}, "properties": {"v": 230000, "c": 2, "f": "60", "oid": 771962479}}, {"type": "Feature", "geometry": {"type": "LineString", "coordinates": [[-81.279, 8.234], [-81.077, 8.174]]}, "properties": {"v": 230000, "c": 2, "f": "60", "oid": 193149017}}, {"type": "Feature", "geometry": {"type": "LineString", "coordinates": [[-81.609, 8.235], [-81.394, 8.233]]}, "properties": {"v": 230000, "c": 2, "f": "60", "oid": 193149018}}, {"type": "Feature", "geometry": {"type": "LineString", "coordinates": [[-81.656, 8.252], [-81.394, 8.233]]}, "properties": {"v": 230000, "c": 2, "f": "60", "oid": 330651046}}, {"type": "Feature", "geometry": {"type": "LineString", "coordinates": [[-81.394, 8.233], [-81.279, 8.234]]}, "properties": {"v": 230000, "c": 2, "f": "60", "oid": 1256472846}}, {"type": "Feature", "geometry": {"type": "LineString", "coordinates": [[-82.378, 8.453], [-81.657, 8.252]]}, "properties": {"v": 230000, "c": 2, "f": "60", "oid": 192795257}}, {"type": "Feature", "geometry": {"type": "LineString", "coordinates": [[-82.294, 8.542], [-82.2, 8.397], [-81.657, 8.253]]}, "properties": {"v": 230000, "c": 2, "f": "60", "oid": 193155030}}, {"type": "Feature", "geometry": {"type": "LineString", "coordinates": [[-82.803, 8.683], [-82.01, 8.309], [-81.656, 8.253]]}, "properties": {"v": 230000, "f": "60", "oid": 674490557}}, {"type": "Feature", "geometry": {"type": "LineString", "coordinates": [[-82.826, 8.497], [-82.799, 8.427]]}, "properties": {"v": 230000, "f": "60", "oid": 330627449}}, {"type": "Feature", "geometry": {"type": "LineString", "coordinates": [[-82.378, 8.452], [-82.406, 8.44]]}, "properties": {"v": 115000, "c": 1, "f": "60", "oid": 1256472849}}, {"type": "Feature", "geometry": {"type": "LineString", "coordinates": [[-82.378, 8.452], [-82.357, 8.665]]}, "properties": {"v": 115000, "c": 2, "f": "60", "oid": 192795262}}, {"type": "Feature", "geometry": {"type": "LineString", "coordinates": [[-82.301, 8.502], [-82.335, 8.454]]}, "properties": {"v": 230000, "f": "60", "oid": 725180405}}, {"type": "Feature", "geometry": {"type": "LineString", "coordinates": [[-83.069, 8.686], [-82.948, 8.644], [-82.826, 8.497]]}, "properties": {"v": 230000, "f": "60", "oid": 330625690}}, {"type": "Feature", "geometry": {"type": "LineString", "coordinates": [[-82.294, 8.542], [-82.301, 8.502]]}, "properties": {"v": 230000, "f": "60", "oid": 725180404}}, {"type": "Feature", "geometry": {"type": "LineString", "coordinates": [[-82.297, 8.543], [-82.294, 8.543]]}, "properties": {"v": 230000, "f": "60", "oid": 330646701}}, {"type": "Feature", "geometry": {"type": "LineString", "coordinates": [[-82.264, 8.676], [-82.294, 8.543]]}, "properties": {"v": 230000, "c": 2, "f": "60", "oid": 330646702}}, {"type": "Feature", "geometry": {"type": "LineString", "coordinates": [[-82.788, 8.577], [-82.787, 8.576]]}, "properties": {"v": 230000, "c": 2, "f": "60", "oid": 771909166}}, {"type": "Feature", "geometry": {"type": "LineString", "coordinates": [[-82.793, 8.612], [-82.787, 8.576]]}, "properties": {"v": 230000, "f": "60", "oid": 674487530}}, {"type": "Feature", "geometry": {"type": "LineString", "coordinates": [[-82.789, 8.577], [-82.788, 8.577]]}, "properties": {"v": 230000, "f": "60", "oid": 771909167}}, {"type": "Feature", "geometry": {"type": "LineString", "coordinates": [[-82.789, 8.577], [-82.788, 8.577]]}, "properties": {"v": 230000, "f": "60", "oid": 674487534}}, {"type": "Feature", "geometry": {"type": "LineString", "coordinates": [[-82.789, 8.578], [-82.787, 8.594]]}, "properties": {"v": 230000, "c": 1, "f": "60", "oid": 674487528}}, {"type": "Feature", "geometry": {"type": "LineString", "coordinates": [[-81.656, 8.252], [-81.609, 8.235]]}, "properties": {"v": 230000, "oid": 330651041}}, {"type": "Feature", "geometry": {"type": "LineString", "coordinates": [[-81.598, 8.216], [-81.609, 8.235]]}, "properties": {"v": 230000, "f": "60", "oid": 674479131}}, {"type": "Feature", "geometry": {"type": "LineString", "coordinates": [[-82.8, 8.428], [-82.787, 8.576]]}, "properties": {"v": 230000, "f": "60", "oid": 330627450}}, {"type": "Feature", "geometry": {"type": "LineString", "coordinates": [[-82.799, 8.427], [-82.578, 8.525]]}, "properties": {"v": 230000, "f": "60", "oid": 222222355}}, {"type": "Feature", "geometry": {"type": "LineString", "coordinates": [[-80.554, 8.28], [-80.364, 8.403]]}, "properties": {"v": 230000, "f": "60", "l": "outdoor", "oid": 192364986}}, {"type": "Feature", "geometry": {"type": "LineString", "coordinates": [[-80.556, 8.279], [-80.369, 8.402]]}, "properties": {"v": 230000, "f": "60", "l": "outdoor", "oid": 192364987}}, {"type": "Feature", "geometry": {"type": "LineString", "coordinates": [[-82.878, 8.214], [-82.799, 8.426]]}, "properties": {"v": 115000, "oid": 222163594}}, {"type": "Feature", "geometry": {"type": "LineString", "coordinates": [[-81.595, 8.214], [-81.598, 8.216]]}, "properties": {"v": 230000, "f": "60", "oid": 674479129}}, {"type": "Feature", "geometry": {"type": "LineString", "coordinates": [[-81.657, 8.252], [-81.656, 8.252]]}, "properties": {"v": 230000, "oid": 330651044}}, {"type": "Feature", "geometry": {"type": "LineString", "coordinates": [[-81.657, 8.253], [-81.656, 8.252]]}, "properties": {"v": 230000, "oid": 330651043}}, {"type": "Feature", "geometry": {"type": "LineString", "coordinates": [[-82.335, 8.454], [-82.344, 8.424]]}, "properties": {"v": 230000, "f": "60", "oid": 771916943}}, {"type": "Feature", "geometry": {"type": "LineString", "coordinates": [[-82.8, 8.428], [-82.8, 8.426]]}, "properties": {"v": 230000, "f": "60", "oid": 771909165}}, {"type": "Feature", "geometry": {"type": "LineString", "coordinates": [[-82.379, 8.454], [-82.374, 8.642], [-82.262, 8.678]]}, "properties": {"v": 230000, "c": 2, "f": "60", "oid": 192795267}}, {"type": "Feature", "geometry": {"type": "LineString", "coordinates": [[-82.183, 8.869], [-82.261, 8.684]]}, "properties": {"v": 230000, "c": 2, "f": "60", "oid": 656374623}}, {"type": "Feature", "geometry": {"type": "LineString", "coordinates": [[-82.178, 8.87], [-82.183, 8.869]]}, "properties": {"v": 230000, "oid": 330646704}}, {"type": "Feature", "geometry": {"type": "LineString", "coordinates": [[-82.183, 8.869], [-82.458, 9.31]]}, "properties": {"v": 230000, "c": 2, "f": "60", "oid": 317229036}}, {"type": "Feature", "geometry": {"type": "LineString", "coordinates": [[-82.512, 9.272], [-82.46, 9.312]]}, "properties": {"v": 230000, "c": 2, "f": "60", "oid": 229562215}}, {"type": "Feature", "geometry": {"type": "LineString", "coordinates": [[-82.46, 9.312], [-82.458, 9.31]]}, "properties": {"v": 230000, "oid": 317229033}}, {"type": "Feature", "geometry": {"type": "LineString", "coordinates": [[-82.462, 9.314], [-82.458, 9.31]]}, "properties": {"v": 230000, "oid": 317229035}}, {"type": "Feature", "geometry": {"type": "LineString", "coordinates": [[-82.462, 9.314], [-82.46, 9.312]]}, "properties": {"v": 230000, "oid": 317229032}}, {"type": "Feature", "geometry": {"type": "LineString", "coordinates": [[-82.564, 9.408], [-82.462, 9.314]]}, "properties": {"v": 230000, "c": 2, "f": "60", "oid": 771878440}}, {"type": "Feature", "geometry": {"type": "LineString", "coordinates": [[-82.577, 8.525], [-82.378, 8.453]]}, "properties": {"v": 230000, "f": "60", "oid": 330627453}}, {"type": "Feature", "geometry": {"type": "LineString", "coordinates": [[-83.842, 9.777], [-83.956, 9.813]]}, "properties": {"v": 230000, "f": "60", "oid": 770884562}}, {"type": "Feature", "geometry": {"type": "LineString", "coordinates": [[-83.887, 9.839], [-83.74, 9.928], [-83.64, 9.917]]}, "properties": {"v": 138000, "f": "60", "oid": 656374625}}, {"type": "Feature", "geometry": {"type": "LineString", "coordinates": [[-83.752, 9.866], [-83.613, 9.946]]}, "properties": {"v": 230000, "f": "60", "oid": 656374628}}, {"type": "Feature", "geometry": {"type": "LineString", "coordinates": [[-83.681, 9.361], [-83.419, 8.945]]}, "properties": {"v": 230000, "f": "60", "oid": 674524333}}, {"type": "Feature", "geometry": {"type": "LineString", "coordinates": [[-83.422, 8.944], [-83.522, 8.989], [-83.68, 9.22]]}, "properties": {"v": 230000, "f": "60", "oid": 584746088}}, {"type": "Feature", "geometry": {"type": "LineString", "coordinates": [[-83.671, 9.897], [-83.674, 9.896]]}, "properties": {"v": 138000, "f": "60", "oid": 771126031}}, {"type": "Feature", "geometry": {"type": "LineString", "coordinates": [[-83.671, 9.897], [-83.673, 9.896]]}, "properties": {"v": 138000, "f": "60", "oid": 771126033}}, {"type": "Feature", "geometry": {"type": "LineString", "coordinates": [[-83.64, 9.917], [-83.671, 9.897]]}, "properties": {"v": 138000, "c": 2, "f": "60", "oid": 771126034}}, {"type": "Feature", "geometry": {"type": "LineString", "coordinates": [[-83.642, 9.922], [-83.641, 9.917]]}, "properties": {"v": 138000, "f": "60", "oid": 771106766}}, {"type": "Feature", "geometry": {"type": "LineString", "coordinates": [[-83.642, 9.922], [-83.64, 9.917]]}, "properties": {"v": 138000, "f": "60", "oid": 771106767}}, {"type": "Feature", "geometry": {"type": "LineString", "coordinates": [[-83.64, 9.917], [-83.635, 9.919]]}, "properties": {"v": 138000, "f": "60", "oid": 771126032}}, {"type": "Feature", "geometry": {"type": "LineString", "coordinates": [[-83.613, 9.946], [-83.623, 9.948]]}, "properties": {"v": 230000, "c": 2, "f": "60", "oid": 770872007}}, {"type": "Feature", "geometry": {"type": "LineString", "coordinates": [[-83.613, 9.946], [-83.557, 10.083]]}, "properties": {"v": 230000, "c": 2, "f": "60", "oid": 656374624}}, {"type": "Feature", "geometry": {"type": "LineString", "coordinates": [[-83.527, 10.099], [-83.525, 10.1]]}, "properties": {"v": 230000, "f": "60", "oid": 770864509}}, {"type": "Feature", "geometry": {"type": "LineString", "coordinates": [[-83.525, 10.1], [-83.526, 10.099]]}, "properties": {"v": 230000, "f": "60", "oid": 770864507}}, {"type": "Feature", "geometry": {"type": "LineString", "coordinates": [[-83.525, 10.1], [-83.454, 10.103]]}, "properties": {"v": 230000, "c": 2, "f": "60", "oid": 770868558}}, {"type": "Feature", "geometry": {"type": "LineString", "coordinates": [[-83.454, 10.103], [-83.454, 10.104]]}, "properties": {"v": 230000, "f": "60", "oid": 770868556}}, {"type": "Feature", "geometry": {"type": "LineString", "coordinates": [[-83.453, 10.104], [-83.454, 10.103]]}, "properties": {"v": 230000, "f": "60", "oid": 770868557}}, {"type": "Feature", "geometry": {"type": "LineString", "coordinates": [[-83.422, 8.944], [-83.07, 8.685]]}, "properties": {"v": 230000, "f": "60", "oid": 674494637}}, {"type": "Feature", "geometry": {"type": "LineString", "coordinates": [[-83.107, 9.991], [-83.101, 10.013]]}, "properties": {"v": 230000, "c": 2, "f": "60", "oid": 1255939681}}, {"type": "Feature", "geometry": {"type": "LineString", "coordinates": [[-83.107, 9.991], [-83.102, 9.992]]}, "properties": {"v": 230000, "nm": "Rio Blanco - Moin / Trapiche - Moin", "c": 2, "f": "60", "oid": 1105090342}}, {"type": "Feature", "geometry": {"type": "LineString", "coordinates": [[-83.102, 9.994], [-83.102, 9.992]]}, "properties": {"v": 230000, "nm": "Rio Blanco - Moin / Trapiche - Moin", "c": 2, "f": "60", "oid": 1255939680}}, {"type": "Feature", "geometry": {"type": "LineString", "coordinates": [[-83.102, 9.994], [-83.102, 9.992]]}, "properties": {"v": 230000, "f": "60", "oid": 1255939679}}, {"type": "Feature", "geometry": {"type": "LineString", "coordinates": [[-83.102, 9.994], [-82.872, 9.732]]}, "properties": {"v": 230000, "f": "60", "oid": 771858614}}, {"type": "Feature", "geometry": {"type": "LineString", "coordinates": [[-82.872, 9.732], [-82.813, 9.619], [-82.598, 9.503], [-82.564, 9.407]]}, "properties": {"v": 230000, "f": "60", "oid": 329426546}}, {"type": "Feature", "geometry": {"type": "LineString", "coordinates": [[-82.872, 9.732], [-82.873, 9.732]]}, "properties": {"v": 230000, "f": "60", "oid": 821921452}}, {"type": "Feature", "geometry": {"type": "LineString", "coordinates": [[-82.873, 9.732], [-82.872, 9.732]]}, "properties": {"v": 230000, "f": "60", "oid": 771858616}}, {"type": "Feature", "geometry": {"type": "LineString", "coordinates": [[-82.872, 9.732], [-82.873, 9.732]]}, "properties": {"v": 230000, "f": "60", "oid": 821921451}}, {"type": "Feature", "geometry": {"type": "LineString", "coordinates": [[-82.799, 8.427], [-82.8, 8.428]]}, "properties": {"v": 230000, "f": "60", "oid": 771909164}}, {"type": "Feature", "geometry": {"type": "LineString", "coordinates": [[-82.606, 9.509], [-82.595, 9.497]]}, "properties": {"v": 230000, "f": "60", "oid": 771858615}}, {"type": "Feature", "geometry": {"type": "LineString", "coordinates": [[-83.673, 9.896], [-83.674, 9.896]]}, "properties": {"v": 138000, "f": "60", "oid": 771126030}}, {"type": "Feature", "geometry": {"type": "LineString", "coordinates": [[-83.756, 9.87], [-83.754, 9.87]]}, "properties": {"v": 138000, "oid": 382320329}}, {"type": "Feature", "geometry": {"type": "LineString", "coordinates": [[-83.752, 9.866], [-83.754, 9.87]]}, "properties": {"v": 138000, "f": "60", "oid": 771398281}}, {"type": "Feature", "geometry": {"type": "LineString", "coordinates": [[-83.674, 9.896], [-83.747, 9.874]]}, "properties": {"v": 138000, "c": 2, "f": "60", "oid": 771126029}}, {"type": "Feature", "geometry": {"type": "LineString", "coordinates": [[-83.841, 9.776], [-83.752, 9.866]]}, "properties": {"v": 230000, "f": "60", "oid": 771398280}}, {"type": "Feature", "geometry": {"type": "LineString", "coordinates": [[-83.454, 10.103], [-83.107, 9.991]]}, "properties": {"v": 230000, "nm": "Reventazon - Rio Blanco / Trapiche - Moin", "c": 2, "f": "60", "oid": 584746084}}, {"type": "Feature", "geometry": {"type": "LineString", "coordinates": [[-83.938, 9.809], [-83.952, 9.822]]}, "properties": {"v": 230000, "op": "ICE", "oid": 941462039}}, {"type": "Feature", "geometry": {"type": "LineString", "coordinates": [[-83.887, 9.839], [-83.842, 9.777]]}, "properties": {"v": 138000, "c": 2, "f": "60", "oid": 674524330}}, {"type": "Feature", "geometry": {"type": "LineString", "coordinates": [[-83.681, 9.362], [-83.665, 9.483], [-83.831, 9.622], [-83.842, 9.776]]}, "properties": {"v": 230000, "nm": "San Isidro", "op": "ICE", "f": "60", "oid": 674524332}}, {"type": "Feature", "geometry": {"type": "LineString", "coordinates": [[-82.365, 8.716], [-82.357, 8.665]]}, "properties": {"v": 115000, "f": "60", "oid": 192795255}}, {"type": "Feature", "geometry": {"type": "LineString", "coordinates": [[-82.356, 8.666], [-82.348, 8.678]]}, "properties": {"v": 115000, "f": "60", "oid": 192795264}}, {"type": "Feature", "geometry": {"type": "LineString", "coordinates": [[-82.817, 8.668], [-82.804, 8.684]]}, "properties": {"v": 230000, "c": 1, "f": "60", "oid": 1256472851}}, {"type": "Feature", "geometry": {"type": "LineString", "coordinates": [[-82.262, 8.679], [-82.264, 8.676]]}, "properties": {"v": 230000, "f": "60", "oid": 192795258}}, {"type": "Feature", "geometry": {"type": "LineString", "coordinates": [[-82.264, 8.676], [-82.261, 8.684]]}, "properties": {"v": 230000, "f": "60", "oid": 330646703}}, {"type": "Feature", "geometry": {"type": "LineString", "coordinates": [[-83.07, 8.686], [-82.867, 8.694]]}, "properties": {"v": 230000, "f": "60", "oid": 330668248}}, {"type": "Feature", "geometry": {"type": "LineString", "coordinates": [[-82.262, 8.678], [-82.262, 8.679]]}, "properties": {"v": 230000, "f": "60", "oid": 330646699}}, {"type": "Feature", "geometry": {"type": "LineString", "coordinates": [[-82.262, 8.679], [-82.262, 8.678]]}, "properties": {"v": 230000, "f": "60", "oid": 330646698}}, {"type": "Feature", "geometry": {"type": "LineString", "coordinates": [[-82.261, 8.684], [-82.262, 8.679]]}, "properties": {"v": 230000, "f": "60", "oid": 330646700}}, {"type": "Feature", "geometry": {"type": "LineString", "coordinates": [[-83.419, 8.945], [-83.07, 8.685]]}, "properties": {"v": 230000, "f": "60", "oid": 496510124}}, {"type": "Feature", "geometry": {"type": "LineString", "coordinates": [[-82.867, 8.694], [-82.804, 8.683]]}, "properties": {"v": 230000, "f": "60", "oid": 771759580}}, {"type": "Feature", "geometry": {"type": "LineString", "coordinates": [[-82.803, 8.683], [-82.8, 8.763]]}, "properties": {"v": 230000, "c": 2, "f": "60", "oid": 674490553}}, {"type": "Feature", "geometry": {"type": "LineString", "coordinates": [[-82.804, 8.683], [-82.836, 8.729]]}, "properties": {"v": 230000, "f": "60", "oid": 674490555}}, {"type": "Feature", "geometry": {"type": "LineString", "coordinates": [[-82.8, 8.764], [-82.8, 8.763]]}, "properties": {"v": 230000, "f": "60", "oid": 771909163}}, {"type": "Feature", "geometry": {"type": "LineString", "coordinates": [[-82.8, 8.763], [-82.8, 8.764]]}, "properties": {"v": 230000, "f": "60", "oid": 771909161}}, {"type": "Feature", "geometry": {"type": "LineString", "coordinates": [[-82.822, 8.768], [-82.8, 8.764]]}, "properties": {"v": 230000, "c": 2, "f": "60", "oid": 674490551}}, {"type": "Feature", "geometry": {"type": "LineString", "coordinates": [[-82.8, 8.764], [-82.744, 8.803]]}, "properties": {"v": 230000, "f": "60", "oid": 674490550}}, {"type": "Feature", "geometry": {"type": "LineString", "coordinates": [[-83.421, 8.944], [-83.419, 8.945]]}, "properties": {"v": 230000, "c": 2, "f": "60", "oid": 674494638}}, {"type": "Feature", "geometry": {"type": "LineString", "coordinates": [[-84.434, 9.657], [-84.522, 9.722], [-84.517, 9.855], [-84.719, 9.997]]}, "properties": {"v": 230000, "nm": "SIEPAC", "op": "ICE", "c": 1, "f": "60", "oid": 770902709}}, {"type": "Feature", "geometry": {"type": "LineString", "coordinates": [[-84.434, 9.657], [-84.532, 9.595]]}, "properties": {"v": 230000, "c": 2, "f": "60", "oid": 1018405239}}, {"type": "Feature", "geometry": {"type": "LineString", "coordinates": [[-84.385, 9.93], [-84.381, 9.928]]}, "properties": {"v": 230000, "c": 2, "f": "60", "oid": 772671034}}, {"type": "Feature", "geometry": {"type": "LineString", "coordinates": [[-84.381, 9.928], [-84.36, 9.93]]}, "properties": {"v": 230000, "f": "60", "oid": 772671035}}, {"type": "Feature", "geometry": {"type": "LineString", "coordinates": [[-84.213, 9.96], [-84.368, 9.937]]}, "properties": {"v": 230000, "nm": "La Garita - Lindora", "op": "ICE", "f": "60", "oid": 674502517}}, {"type": "Feature", "geometry": {"type": "LineString", "coordinates": [[-84.359, 9.929], [-84.359, 9.931]]}, "properties": {"v": 138000, "f": "60", "oid": 772671036}}, {"type": "Feature", "geometry": {"type": "LineString", "coordinates": [[-84.249, 9.958], [-84.359, 9.928]]}, "properties": {"v": 138000, "c": 2, "f": "60", "oid": 309514762}}, {"type": "Feature", "geometry": {"type": "LineString", "coordinates": [[-84.358, 9.932], [-84.359, 9.929]]}, "properties": {"v": 138000, "f": "60", "oid": 772671037}}, {"type": "Feature", "geometry": {"type": "LineString", "coordinates": [[-84.281, 9.971], [-84.281, 9.969]]}, "properties": {"v": 230000, "f": "60", "oid": 770901253}}, {"type": "Feature", "geometry": {"type": "LineString", "coordinates": [[-84.278, 9.969], [-84.281, 9.969]]}, "properties": {"v": 230000, "f": "60", "oid": 770901254}}, {"type": "Feature", "geometry": {"type": "LineString", "coordinates": [[-84.278, 9.969], [-84.281, 9.971]]}, "properties": {"v": 230000, "f": "60", "oid": 770901252}}, {"type": "Feature", "geometry": {"type": "LineString", "coordinates": [[-84.214, 9.96], [-84.213, 9.96]]}, "properties": {"v": 230000, "f": "60", "oid": 770901248}}, {"type": "Feature", "geometry": {"type": "LineString", "coordinates": [[-84.213, 9.966], [-84.214, 9.96]]}, "properties": {"v": 230000, "nm": "Arenal - Lindora / Lindora - La Caja", "c": 2, "f": "60", "oid": 309516965}}, {"type": "Feature", "geometry": {"type": "LineString", "coordinates": [[-84.214, 9.96], [-84.213, 9.959]]}, "properties": {"v": 230000, "nm": "Garita - Lindora", "op": "ICE", "f": "60", "oid": 770901249}}, {"type": "Feature", "geometry": {"type": "LineString", "coordinates": [[-84.36, 9.93], [-84.368, 9.937]]}, "properties": {"v": 230000, "f": "60", "oid": 330104586}}, {"type": "Feature", "geometry": {"type": "LineString", "coordinates": [[-84.281, 9.971], [-84.269, 9.992]]}, "properties": {"v": 230000, "c": 2, "f": "60", "oid": 770901251}}, {"type": "Feature", "geometry": {"type": "LineString", "coordinates": [[-84.213, 9.966], [-84.278, 9.969]]}, "properties": {"v": 230000, "nm": "Arenal - Lindora / Coyol - La Caja", "op": "ICE", "c": 2, "f": "60", "oid": 770901255}}, {"type": "Feature", "geometry": {"type": "LineString", "coordinates": [[-84.281, 9.969], [-84.713, 9.992]]}, "properties": {"v": 230000, "op": "ICE", "c": 2, "f": "60", "oid": 309514761}}, {"type": "Feature", "geometry": {"type": "LineString", "coordinates": [[-84.249, 9.958], [-84.226, 9.998]]}, "properties": {"v": 138000, "c": 2, "f": "60", "oid": 770984300}}, {"type": "Feature", "geometry": {"type": "LineString", "coordinates": [[-84.228, 9.555], [-84.199, 9.631]]}, "properties": {"v": 230000, "nm": "Parrita - Pirris", "op": "Instituto Costarricense de Electricidad", "f": "60", "oid": 674502519}}, {"type": "Feature", "geometry": {"type": "LineString", "coordinates": [[-84.196, 9.958], [-84.234, 9.942]]}, "properties": {"v": 34500, "op": "CNFL", "oid": 1346988240}}, {"type": "Feature", "geometry": {"type": "LineString", "coordinates": [[-84.368, 9.937], [-84.662, 9.968]]}, "properties": {"v": 230000, "f": "60", "oid": 674504674}}, {"type": "Feature", "geometry": {"type": "LineString", "coordinates": [[-84.434, 9.657], [-84.229, 9.556]]}, "properties": {"v": 230000, "nm": "SIEPAC", "op": "Instituto Costarricense de Electricidad", "f": "60", "oid": 1255948971}}, {"type": "Feature", "geometry": {"type": "LineString", "coordinates": [[-84.224, 9.935], [-84.23, 9.933]]}, "properties": {"v": 34500, "op": "CNFL", "c": 1, "oid": 1355214468}}, {"type": "Feature", "geometry": {"type": "LineString", "coordinates": [[-84.198, 9.632], [-84.091, 9.726], [-84.087, 9.817]]}, "properties": {"v": 230000, "nm": "Tarbaca - Parrita / Tejar - Pirris", "op": "ICE", "f": "60", "oid": 330398324}}, {"type": "Feature", "geometry": {"type": "LineString", "coordinates": [[-84.087, 9.817], [-84.098, 9.827]]}, "properties": {"v": 230000, "nm": "Tarbaca - Parrita / El Este - Higuito", "op": "ICE", "f": "60", "oid": 1105090341}}, {"type": "Feature", "geometry": {"type": "LineString", "coordinates": [[-84.098, 9.827], [-84.117, 9.829]]}, "properties": {"v": 230000, "nm": "Tarbaca - Parrita / Higuito - Tarbaca", "op": "ICE", "f": "60", "oid": 1105090340}}, {"type": "Feature", "geometry": {"type": "LineString", "coordinates": [[-84.067, 9.867], [-84.098, 9.827]]}, "properties": {"v": 230000, "nm": "Higuito - Tarbaca / El Este - Higuito", "op": "ICE", "oid": 970117314}}, {"type": "Feature", "geometry": {"type": "LineString", "coordinates": [[-84.123, 9.899], [-84.057, 9.874]]}, "properties": {"v": 138000, "c": 2, "f": "60", "oid": 309520828}}, {"type": "Feature", "geometry": {"type": "LineString", "coordinates": [[-84.057, 9.874], [-84.055, 9.889]]}, "properties": {"v": 138000, "c": 2, "f": "60", "oid": 309520829}}, {"type": "Feature", "geometry": {"type": "LineString", "coordinates": [[-84.123, 9.899], [-84.111, 9.912]]}, "properties": {"v": 138000, "c": 2, "f": "60", "oid": 309514759}}, {"type": "Feature", "geometry": {"type": "LineString", "coordinates": [[-84.161, 9.933], [-84.123, 9.899]]}, "properties": {"v": 138000, "nm": "Desamparados - Escazú / Alajuelita - La Caja", "op": "ICE", "c": 2, "f": "60", "oid": 309514758}}, {"type": "Feature", "geometry": {"type": "LineString", "coordinates": [[-84.111, 9.913], [-84.118, 9.932]]}, "properties": {"v": 138000, "f": "60", "oid": 309853496}}, {"type": "Feature", "geometry": {"type": "LineString", "coordinates": [[-84.165, 9.934], [-84.189, 9.934]]}, "properties": {"v": 34500, "op": "CNFL", "c": 1, "oid": 1347159074}}, {"type": "Feature", "geometry": {"type": "LineString", "coordinates": [[-84.165, 9.934], [-84.176, 9.934]]}, "properties": {"v": 34500, "op": "CNFL", "c": 2, "oid": 1347144950}}, {"type": "Feature", "geometry": {"type": "LineString", "coordinates": [[-84.176, 9.934], [-84.178, 9.934]]}, "properties": {"v": 34500, "op": "CNFL", "c": 2, "oid": 1346649946}}, {"type": "Feature", "geometry": {"type": "LineString", "coordinates": [[-84.191, 9.934], [-84.199, 9.892]]}, "properties": {"v": 34500, "oid": 1346658711}}, {"type": "Feature", "geometry": {"type": "LineString", "coordinates": [[-84.229, 9.555], [-84.056, 9.466], [-83.992, 9.342], [-83.762, 9.351], [-83.68, 9.22]]}, "properties": {"v": 230000, "nm": "SIEPAC", "op": "Instituto Costarricense de Electricidad", "f": "60", "oid": 674524335}}, {"type": "Feature", "geometry": {"type": "LineString", "coordinates": [[-84.168, 9.883], [-84.177, 9.905]]}, "properties": {"v": 34500, "op": "CNFL", "oid": 1347134684}}, {"type": "Feature", "geometry": {"type": "LineString", "coordinates": [[-84.165, 9.922], [-84.176, 9.921]]}, "properties": {"v": 34500, "oid": 1346821723}}, {"type": "Feature", "geometry": {"type": "LineString", "coordinates": [[-83.897, 9.832], [-84.002, 9.749]]}, "properties": {"v": 34500, "op": "ICE", "oid": 941464692}}, {"type": "Feature", "geometry": {"type": "LineString", "coordinates": [[-83.842, 9.777], [-83.842, 9.776]]}, "properties": {"v": 138000, "f": "60", "oid": 771398282}}, {"type": "Feature", "geometry": {"type": "LineString", "coordinates": [[-83.842, 9.777], [-83.842, 9.776]]}, "properties": {"v": 138000, "f": "60", "oid": 771398283}}, {"type": "Feature", "geometry": {"type": "LineString", "coordinates": [[-83.402, 14.058], [-83.404, 14.057]]}, "properties": {"v": 138000, "oid": 1368456475}}, {"type": "Feature", "geometry": {"type": "LineString", "coordinates": [[-83.449, 14.148], [-83.445, 14.141]]}, "properties": {"v": 138000, "oid": 1368456473}}, {"type": "Feature", "geometry": {"type": "LineString", "coordinates": [[-83.402, 14.058], [-83.388, 14.081]]}, "properties": {"v": 138000, "oid": 1336904995}}, {"type": "Feature", "geometry": {"type": "LineString", "coordinates": [[-83.445, 14.141], [-83.388, 14.081]]}, "properties": {"v": 138000, "oid": 1368456474}}, {"type": "Feature", "geometry": {"type": "LineString", "coordinates": [[-83.52, 14.159], [-83.449, 14.148]]}, "properties": {"v": 138000, "oid": 1336904994}}, {"type": "Feature", "geometry": {"type": "LineString", "coordinates": [[-84.042, 9.948], [-84.023, 9.962]]}, "properties": {"v": 138000, "c": 2, "f": "60", "oid": 309525780}}, {"type": "Feature", "geometry": {"type": "LineString", "coordinates": [[-83.956, 9.813], [-83.996, 9.911]]}, "properties": {"v": 230000, "c": 2, "f": "60", "oid": 770888180}}, {"type": "Feature", "geometry": {"type": "LineString", "coordinates": [[-83.984, 9.987], [-83.996, 9.911]]}, "properties": {"v": 230000, "c": 2, "f": "60", "oid": 770880691}}, {"type": "Feature", "geometry": {"type": "LineString", "coordinates": [[-84.055, 9.979], [-83.754, 9.87]]}, "properties": {"v": 138000, "c": 2, "f": "60", "oid": 382364834}}, {"type": "Feature", "geometry": {"type": "LineString", "coordinates": [[-83.956, 9.813], [-83.952, 9.823]]}, "properties": {"v": 230000, "f": "60", "oid": 770884561}}, {"type": "Feature", "geometry": {"type": "LineString", "coordinates": [[-83.888, 9.838], [-83.897, 9.832]]}, "properties": {"v": 138000, "f": "60", "oid": 172564923}}, {"type": "Feature", "geometry": {"type": "LineString", "coordinates": [[-84.057, 9.874], [-83.901, 9.885], [-83.887, 9.839]]}, "properties": {"v": 138000, "c": 2, "f": "60", "oid": 172560963}}, {"type": "Feature", "geometry": {"type": "LineString", "coordinates": [[-84.579, 10.385], [-84.578, 10.387]]}, "properties": {"v": 230000, "f": "60", "oid": 770846309}}, {"type": "Feature", "geometry": {"type": "LineString", "coordinates": [[-84.578, 10.387], [-84.517, 10.262]]}, "properties": {"v": 230000, "f": "60", "oid": 640523756}}, {"type": "Feature", "geometry": {"type": "LineString", "coordinates": [[-84.576, 10.391], [-84.578, 10.387]]}, "properties": {"v": 230000, "f": "60", "oid": 770846308}}, {"type": "Feature", "geometry": {"type": "LineString", "coordinates": [[-84.43, 10.352], [-84.572, 10.395]]}, "properties": {"v": 230000, "f": "60", "oid": 674514939}}, {"type": "Feature", "geometry": {"type": "LineString", "coordinates": [[-84.517, 10.262], [-84.52, 10.255]]}, "properties": {"v": 230000, "f": "60", "oid": 770846307}}, {"type": "Feature", "geometry": {"type": "LineString", "coordinates": [[-84.517, 10.262], [-84.391, 10.166]]}, "properties": {"v": 230000, "f": "60", "oid": 770919697}}, {"type": "Feature", "geometry": {"type": "LineString", "coordinates": [[-84.391, 10.166], [-84.371, 10.095]]}, "properties": {"v": 230000, "f": "60", "oid": 770919696}}, {"type": "Feature", "geometry": {"type": "LineString", "coordinates": [[-84.386, 9.931], [-84.385, 9.93]]}, "properties": {"v": 230000, "f": "60", "oid": 772671031}}, {"type": "Feature", "geometry": {"type": "LineString", "coordinates": [[-84.385, 9.93], [-84.386, 9.931]]}, "properties": {"v": 230000, "f": "60", "oid": 772671032}}, {"type": "Feature", "geometry": {"type": "LineString", "coordinates": [[-84.36, 9.931], [-84.372, 10.087]]}, "properties": {"v": 230000, "f": "60", "oid": 770919699}}, {"type": "Feature", "geometry": {"type": "LineString", "coordinates": [[-84.372, 10.087], [-84.371, 10.087]]}, "properties": {"v": 230000, "f": "60", "oid": 770919694}}, {"type": "Feature", "geometry": {"type": "LineString", "coordinates": [[-84.371, 10.095], [-84.365, 10.089]]}, "properties": {"v": 230000, "f": "60", "oid": 770919695}}, {"type": "Feature", "geometry": {"type": "LineString", "coordinates": [[-84.365, 10.089], [-84.303, 10.083]]}, "properties": {"v": 138000, "nm": "Poás - Naranjo", "op": "ICE", "f": "60", "oid": 770919698}}, {"type": "Feature", "geometry": {"type": "LineString", "coordinates": [[-84.286, 10.027], [-84.359, 9.929]]}, "properties": {"v": 138000, "f": "60", "oid": 770919688}}, {"type": "Feature", "geometry": {"type": "LineString", "coordinates": [[-84.303, 10.083], [-84.285, 10.027]]}, "properties": {"v": 138000, "f": "60", "oid": 770919691}}, {"type": "Feature", "geometry": {"type": "LineString", "coordinates": [[-84.285, 10.026], [-84.286, 10.027]]}, "properties": {"v": 138000, "f": "60", "oid": 770919690}}, {"type": "Feature", "geometry": {"type": "LineString", "coordinates": [[-84.285, 10.027], [-84.284, 10.026]]}, "properties": {"v": 138000, "f": "60", "oid": 770919689}}, {"type": "Feature", "geometry": {"type": "LineString", "coordinates": [[-84.43, 10.352], [-84.249, 10.336]]}, "properties": {"v": 230000, "f": "60", "oid": 770864514}}, {"type": "Feature", "geometry": {"type": "LineString", "coordinates": [[-85.191, 10.7], [-85.125, 10.557], [-85.001, 10.472]]}, "properties": {"v": 230000, "nm": "Miravalles - Arenal", "op": "ICE", "f": "60", "oid": 330072339}}, {"type": "Feature", "geometry": {"type": "LineString", "coordinates": [[-85.172, 10.225], [-85.124, 10.421]]}, "properties": {"v": 138000, "f": "60", "oid": 702141860}}, {"type": "Feature", "geometry": {"type": "LineString", "coordinates": [[-85.124, 10.423], [-85.06, 10.193], [-84.719, 9.997]]}, "properties": {"v": 230000, "nm": "SIEPAC", "op": "ICE", "f": "60", "oid": 330097128}}, {"type": "Feature", "geometry": {"type": "LineString", "coordinates": [[-84.761, 10.046], [-84.897, 10.114], [-85.124, 10.422]]}, "properties": {"v": 230000, "nm": "Garabito - Cañas", "op": "ICE", "f": "60", "oid": 330097127}}, {"type": "Feature", "geometry": {"type": "LineString", "coordinates": [[-85.001, 10.473], [-85.123, 10.424]]}, "properties": {"v": 230000, "nm": "Corobici - Cañas", "op": "ICE", "f": "60", "oid": 330083706}}, {"type": "Feature", "geometry": {"type": "LineString", "coordinates": [[-85.077, 10.466], [-85.078, 10.46]]}, "properties": {"v": 230000, "f": "60", "oid": 772671025}}, {"type": "Feature", "geometry": {"type": "LineString", "coordinates": [[-85.077, 10.472], [-85.075, 10.471]]}, "properties": {"v": 230000, "f": "60", "oid": 772671026}}, {"type": "Feature", "geometry": {"type": "LineString", "coordinates": [[-85.077, 10.471], [-85.076, 10.471]]}, "properties": {"v": 230000, "f": "60", "oid": 772671027}}, {"type": "Feature", "geometry": {"type": "LineString", "coordinates": [[-84.989, 10.523], [-85.001, 10.473]]}, "properties": {"v": 230000, "nm": "Arenal - Tejona", "op": "ICE", "f": "60", "oid": 388772673}}, {"type": "Feature", "geometry": {"type": "LineString", "coordinates": [[-84.749, 10.065], [-84.924, 10.265], [-85.001, 10.473]]}, "properties": {"v": 230000, "nm": "Arenal - Garabito / Arenal - Lindora", "op": "ICE", "c": 2, "f": "60", "oid": 702129820}}, {"type": "Feature", "geometry": {"type": "LineString", "coordinates": [[-84.999, 10.474], [-85.0, 10.473]]}, "properties": {"v": 230000, "f": "60", "oid": 770843400}}, {"type": "Feature", "geometry": {"type": "LineString", "coordinates": [[-84.999, 10.474], [-85.0, 10.473]]}, "properties": {"v": 230000, "f": "60", "oid": 770843399}}, {"type": "Feature", "geometry": {"type": "LineString", "coordinates": [[-84.989, 10.524], [-84.971, 10.578], [-84.693, 10.514], [-84.572, 10.395]]}, "properties": {"v": 230000, "f": "60", "oid": 705253393}}, {"type": "Feature", "geometry": {"type": "LineString", "coordinates": [[-84.989, 10.523], [-84.921, 10.446]]}, "properties": {"v": 230000, "f": "60", "oid": 639225690}}, {"type": "Feature", "geometry": {"type": "LineString", "coordinates": [[-84.749, 10.065], [-84.761, 10.046]]}, "properties": {"v": 230000, "nm": "Garabito - Coyol / Arenal - Garabito", "op": "ICE", "c": 2, "f": "60", "oid": 674514941}}, {"type": "Feature", "geometry": {"type": "LineString", "coordinates": [[-84.715, 9.993], [-84.76, 10.045]]}, "properties": {"v": 230000, "nm": "Garabito - Barranca", "op": "ICE", "f": "60", "oid": 770834995}}, {"type": "Feature", "geometry": {"type": "LineString", "coordinates": [[-84.714, 9.992], [-84.749, 10.065]]}, "properties": {"v": 230000, "nm": "Arenal - Garabito / Arenal - Lindora", "op": "ICE", "c": 2, "f": "60", "oid": 674514943}}, {"type": "Feature", "geometry": {"type": "LineString", "coordinates": [[-84.713, 9.991], [-84.662, 9.968]]}, "properties": {"v": 230000, "c": 2, "f": "60", "oid": 771578095}}, {"type": "Feature", "geometry": {"type": "LineString", "coordinates": [[-84.575, 10.392], [-84.572, 10.395]]}, "properties": {"v": 230000, "c": 2, "f": "60", "oid": 674514940}}, {"type": "Feature", "geometry": {"type": "LineString", "coordinates": [[-84.969, 13.153], [-84.862, 13.385]]}, "properties": {"v": 138000, "f": "60", "oid": 774671217}}, {"type": "Feature", "geometry": {"type": "LineString", "coordinates": [[-84.843, 13.501], [-84.776, 13.71]]}, "properties": {"v": 138000, "f": "60", "oid": 774671216}}, {"type": "Feature", "geometry": {"type": "LineString", "coordinates": [[-84.852, 13.451], [-84.846, 13.494]]}, "properties": {"v": 138000, "f": "60", "oid": 774671214}}, {"type": "Feature", "geometry": {"type": "LineString", "coordinates": [[-84.853, 13.415], [-84.852, 13.451]]}, "properties": {"v": 138000, "f": "60", "oid": 774671213}}, {"type": "Feature", "geometry": {"type": "LineString", "coordinates": [[-85.174, 11.975], [-84.763, 12.0]]}, "properties": {"v": 138000, "f": "60", "oid": 774734255}}, {"type": "Feature", "geometry": {"type": "LineString", "coordinates": [[-84.716, 13.697], [-84.446, 13.671]]}, "properties": {"v": 138000, "oid": 1368462406}}, {"type": "Feature", "geometry": {"type": "LineString", "coordinates": [[-84.446, 13.671], [-84.443, 13.676]]}, "properties": {"v": 138000, "oid": 1368462405}}, {"type": "Feature", "geometry": {"type": "LineString", "coordinates": [[-84.716, 13.697], [-84.737, 13.703]]}, "properties": {"v": 138000, "oid": 1368462403}}, {"type": "Feature", "geometry": {"type": "LineString", "coordinates": [[-84.444, 13.696], [-84.446, 13.7]]}, "properties": {"v": 138000, "oid": 1368462404}}, {"type": "Feature", "geometry": {"type": "LineString", "coordinates": [[-84.054, 9.98], [-84.055, 9.979]]}, "properties": {"v": 138000, "c": 2, "f": "60", "oid": 309851037}}, {"type": "Feature", "geometry": {"type": "LineString", "coordinates": [[-84.196, 10.287], [-84.197, 10.287]]}, "properties": {"v": 230000, "f": "60", "oid": 770864511}}, {"type": "Feature", "geometry": {"type": "LineString", "coordinates": [[-83.526, 10.099], [-83.527, 10.099]]}, "properties": {"v": 230000, "f": "60", "oid": 770864508}}, {"type": "Feature", "geometry": {"type": "LineString", "coordinates": [[-84.247, 10.335], [-84.248, 10.335]]}, "properties": {"v": 230000, "c": 2, "f": "60", "oid": 1255943059}}, {"type": "Feature", "geometry": {"type": "LineString", "coordinates": [[-84.248, 10.335], [-84.25, 10.335]]}, "properties": {"v": 230000, "c": 1, "f": "60", "oid": 1255943061}}, {"type": "Feature", "geometry": {"type": "LineString", "coordinates": [[-84.248, 10.335], [-84.25, 10.335]]}, "properties": {"v": 230000, "c": 1, "f": "60", "oid": 1255943060}}, {"type": "Feature", "geometry": {"type": "LineString", "coordinates": [[-84.262, 10.275], [-84.258, 10.275]]}, "properties": {"v": 230000, "f": "60", "oid": 1255943067}}, {"type": "Feature", "geometry": {"type": "LineString", "coordinates": [[-84.201, 10.282], [-84.197, 10.286]]}, "properties": {"v": 230000, "c": 2, "f": "60", "oid": 674514936}}, {"type": "Feature", "geometry": {"type": "LineString", "coordinates": [[-84.265, 10.261], [-84.257, 10.275]]}, "properties": {"v": 230000, "f": "60", "oid": 1255943066}}, {"type": "Feature", "geometry": {"type": "LineString", "coordinates": [[-84.25, 10.335], [-84.258, 10.275]]}, "properties": {"v": 230000, "f": "60", "oid": 674514937}}, {"type": "Feature", "geometry": {"type": "LineString", "coordinates": [[-83.915, 10.214], [-83.903, 10.222]]}, "properties": {"v": 230000, "c": 2, "f": "60", "oid": 674514933}}, {"type": "Feature", "geometry": {"type": "LineString", "coordinates": [[-84.196, 10.287], [-84.179, 10.309]]}, "properties": {"v": 230000, "c": 2, "f": "60", "oid": 674514935}}, {"type": "Feature", "geometry": {"type": "LineString", "coordinates": [[-83.557, 10.082], [-83.527, 10.099]]}, "properties": {"v": 230000, "c": 2, "f": "60", "oid": 770872008}}, {"type": "Feature", "geometry": {"type": "LineString", "coordinates": [[-84.201, 10.282], [-84.258, 10.275]]}, "properties": {"v": 230000, "f": "60", "oid": 581675161}}, {"type": "Feature", "geometry": {"type": "LineString", "coordinates": [[-84.055, 9.981], [-83.989, 9.996]]}, "properties": {"v": 230000, "c": 2, "f": "60", "oid": 330248881}}, {"type": "Feature", "geometry": {"type": "LineString", "coordinates": [[-84.201, 10.282], [-84.141, 10.26], [-84.143, 10.105], [-84.056, 9.981]]}, "properties": {"v": 230000, "f": "60", "oid": 581675159}}, {"type": "Feature", "geometry": {"type": "LineString", "coordinates": [[-83.755, 10.263], [-83.903, 10.222]]}, "properties": {"v": 230000, "f": "60", "oid": 674514932}}, {"type": "Feature", "geometry": {"type": "LineString", "coordinates": [[-83.755, 10.262], [-83.526, 10.099]]}, "properties": {"v": 230000, "f": "60", "oid": 674514930}}, {"type": "Feature", "geometry": {"type": "LineString", "coordinates": [[-84.196, 10.287], [-84.119, 10.342], [-84.103, 10.487], [-84.041, 10.501], [-83.983, 10.485], [-83.903, 10.222]]}, "properties": {"v": 230000, "f": "60", "oid": 674514934}}, {"type": "Feature", "geometry": {"type": "LineString", "coordinates": [[-86.077, 11.901], [-85.85, 11.378], [-85.796, 11.368]]}, "properties": {"v": 230000, "c": 1, "f": "60", "oid": 389885040}}, {"type": "Feature", "geometry": {"type": "LineString", "coordinates": [[-86.032, 11.749], [-85.835, 11.455]]}, "properties": {"v": 138000, "c": 1, "f": "60", "oid": 202281914}}, {"type": "Feature", "geometry": {"type": "LineString", "coordinates": [[-85.838, 11.454], [-85.846, 11.453]]}, "properties": {"v": 230000, "c": 1, "f": "60", "oid": 1336904982}}, {"type": "Feature", "geometry": {"type": "LineString", "coordinates": [[-85.834, 11.454], [-85.84, 11.485]]}, "properties": {"v": 138000, "c": 1, "f": "60", "oid": 1255723729}}, {"type": "Feature", "geometry": {"type": "LineString", "coordinates": [[-85.835, 11.455], [-85.838, 11.454]]}, "properties": {"v": 138000, "c": 1, "f": "60", "oid": 1336904981}}, {"type": "Feature", "geometry": {"type": "LineString", "coordinates": [[-85.797, 11.395], [-85.838, 11.454]]}, "properties": {"v": 230000, "c": 1, "f": "60", "oid": 1255723730}}, {"type": "Feature", "geometry": {"type": "LineString", "coordinates": [[-85.835, 11.455], [-85.835, 11.454]]}, "properties": {"v": 138000, "c": 2, "f": "60", "oid": 1336904980}}, {"type": "Feature", "geometry": {"type": "LineString", "coordinates": [[-85.822, 11.317], [-85.795, 11.371]]}, "properties": {"v": 138000, "c": 1, "f": "60", "oid": 1255723727}}, {"type": "Feature", "geometry": {"type": "LineString", "coordinates": [[-85.801, 11.399], [-85.802, 11.403]]}, "properties": {"v": 230000, "c": 1, "f": "60", "oid": 1255723733}}, {"type": "Feature", "geometry": {"type": "LineString", "coordinates": [[-85.801, 11.399], [-85.802, 11.403]]}, "properties": {"v": 230000, "c": 1, "f": "60", "oid": 1255723734}}, {"type": "Feature", "geometry": {"type": "LineString", "coordinates": [[-85.782, 11.402], [-85.801, 11.399]]}, "properties": {"v": 230000, "c": 2, "f": "60", "oid": 1255723732}}, {"type": "Feature", "geometry": {"type": "LineString", "coordinates": [[-85.795, 11.393], [-85.797, 11.395]]}, "properties": {"v": 230000, "f": "60", "oid": 1255723737}}, {"type": "Feature", "geometry": {"type": "LineString", "coordinates": [[-85.797, 11.393], [-85.796, 11.391]]}, "properties": {"v": 138000, "f": "60", "oid": 1255723725}}, {"type": "Feature", "geometry": {"type": "LineString", "coordinates": [[-85.797, 11.394], [-85.796, 11.391]]}, "properties": {"v": 230000, "f": "60", "oid": 1255723726}}, {"type": "Feature", "geometry": {"type": "LineString", "coordinates": [[-85.796, 11.391], [-85.795, 11.371]]}, "properties": {"v": 230000, "f": "60", "oid": 1255723736}}, {"type": "Feature", "geometry": {"type": "LineString", "coordinates": [[-85.795, 11.371], [-85.796, 11.368]]}, "properties": {"v": 230000, "f": "60", "oid": 1255723724}}, {"type": "Feature", "geometry": {"type": "LineString", "coordinates": [[-85.796, 11.368], [-85.626, 11.194]]}, "properties": {"v": 230000, "c": 1, "f": "60", "oid": 1255723735}}, {"type": "Feature", "geometry": {"type": "LineString", "coordinates": [[-85.742, 11.349], [-85.782, 11.402]]}, "properties": {"v": 230000, "c": 1, "f": "60", "oid": 1255723731}}, {"type": "Feature", "geometry": {"type": "LineString", "coordinates": [[-85.718, 11.324], [-85.742, 11.349]]}, "properties": {"v": 230000, "c": 1, "f": "60", "oid": 1336905009}}, {"type": "Feature", "geometry": {"type": "LineString", "coordinates": [[-85.619, 11.199], [-85.717, 11.323]]}, "properties": {"v": 230000, "f": "60", "oid": 329454183}}, {"type": "Feature", "geometry": {"type": "LineString", "coordinates": [[-85.796, 11.394], [-85.796, 11.368]]}, "properties": {"v": 230000, "f": "60", "oid": 1336905011}}, {"type": "Feature", "geometry": {"type": "LineString", "coordinates": [[-86.032, 11.749], [-86.08, 11.916]]}, "properties": {"v": 138000, "c": 1, "f": "60", "oid": 202340637}}, {"type": "Feature", "geometry": {"type": "LineString", "coordinates": [[-85.742, 11.349], [-85.741, 11.35]]}, "properties": {"v": 230000, "c": 2, "f": "60", "oid": 1336905008}}, {"type": "Feature", "geometry": {"type": "LineString", "coordinates": [[-85.782, 11.402], [-86.077, 11.901], [-86.074, 11.992]]}, "properties": {"v": 230000, "c": 1, "f": "60", "oid": 261107666}}, {"type": "Feature", "geometry": {"type": "LineString", "coordinates": [[-86.197, 12.049], [-86.206, 12.059]]}, "properties": {"v": 138000, "c": 3, "f": "60", "oid": 775369338}}, {"type": "Feature", "geometry": {"type": "LineString", "coordinates": [[-86.201, 12.026], [-86.205, 12.027]]}, "properties": {"v": 230000, "c": 2, "f": "60", "oid": 775577479}}, {"type": "Feature", "geometry": {"type": "LineString", "coordinates": [[-86.202, 12.163], [-86.204, 12.142]]}, "properties": {"v": 138000, "c": 2, "f": "60", "oid": 239827678}}, {"type": "Feature", "geometry": {"type": "LineString", "coordinates": [[-86.202, 12.032], [-86.197, 12.049]]}, "properties": {"v": 138000, "c": 2, "f": "60", "oid": 242472171}}, {"type": "Feature", "geometry": {"type": "LineString", "coordinates": [[-86.202, 12.031], [-86.202, 12.03]]}, "properties": {"v": 230000, "f": "60", "oid": 389881136}}, {"type": "Feature", "geometry": {"type": "LineString", "coordinates": [[-86.201, 12.031], [-86.202, 12.03]]}, "properties": {"v": 230000, "f": "60", "oid": 244501238}}, {"type": "Feature", "geometry": {"type": "LineString", "coordinates": [[-86.202, 12.03], [-86.201, 12.026]]}, "properties": {"v": 230000, "f": "60", "oid": 389881135}}, {"type": "Feature", "geometry": {"type": "LineString", "coordinates": [[-86.202, 12.163], [-86.124, 12.172]]}, "properties": {"v": 138000, "c": 2, "f": "60", "oid": 389706838}}, {"type": "Feature", "geometry": {"type": "LineString", "coordinates": [[-86.201, 12.03], [-86.201, 12.026]]}, "properties": {"v": 230000, "c": 2, "f": "60", "oid": 775011864}}, {"type": "Feature", "geometry": {"type": "LineString", "coordinates": [[-86.201, 12.026], [-86.136, 12.057], [-86.085, 12.005]]}, "properties": {"v": 230000, "c": 1, "f": "60", "oid": 244501237}}, {"type": "Feature", "geometry": {"type": "LineString", "coordinates": [[-86.147, 11.904], [-86.08, 11.916]]}, "properties": {"v": 138000, "f": "60", "oid": 775602536}}, {"type": "Feature", "geometry": {"type": "LineString", "coordinates": [[-86.141, 12.17], [-86.146, 12.154]]}, "properties": {"v": 138000, "c": 2, "f": "60", "oid": 775403852}}, {"type": "Feature", "geometry": {"type": "LineString", "coordinates": [[-86.087, 12.004], [-85.971, 11.937]]}, "properties": {"v": 138000, "f": "60", "oid": 261107683}}, {"type": "Feature", "geometry": {"type": "LineString", "coordinates": [[-86.08, 11.916], [-86.086, 11.981]]}, "properties": {"v": 138000, "f": "60", "oid": 202340636}}, {"type": "Feature", "geometry": {"type": "LineString", "coordinates": [[-86.072, 11.992], [-86.083, 12.255]]}, "properties": {"v": 230000, "c": 2, "f": "60", "oid": 774946466}}, {"type": "Feature", "geometry": {"type": "LineString", "coordinates": [[-86.141, 12.171], [-86.141, 12.17]]}, "properties": {"v": 138000, "f": "60", "oid": 775403851}}, {"type": "Feature", "geometry": {"type": "LineString", "coordinates": [[-86.087, 12.004], [-86.089, 12.004]]}, "properties": {"v": 138000, "f": "60", "oid": 389886735}}, {"type": "Feature", "geometry": {"type": "LineString", "coordinates": [[-86.089, 12.004], [-86.087, 12.004]]}, "properties": {"v": 138000, "f": "60", "oid": 389886733}}, {"type": "Feature", "geometry": {"type": "LineString", "coordinates": [[-86.074, 11.992], [-86.086, 12.004]]}, "properties": {"v": 230000, "c": 2, "f": "60", "oid": 775011867}}, {"type": "Feature", "geometry": {"type": "LineString", "coordinates": [[-86.087, 11.982], [-86.096, 11.988]]}, "properties": {"v": 69000, "f": "60", "oid": 775674528}}, {"type": "Feature", "geometry": {"type": "LineString", "coordinates": [[-86.086, 11.986], [-86.092, 12.005]]}, "properties": {"v": 138000, "f": "60", "oid": 775674529}}, {"type": "Feature", "geometry": {"type": "LineString", "coordinates": [[-86.074, 11.991], [-86.072, 11.992]]}, "properties": {"v": 230000, "f": "60", "oid": 775011870}}, {"type": "Feature", "geometry": {"type": "LineString", "coordinates": [[-86.074, 11.991], [-86.072, 11.992]]}, "properties": {"v": 230000, "f": "60", "oid": 775011871}}, {"type": "Feature", "geometry": {"type": "LineString", "coordinates": [[-86.092, 12.005], [-86.089, 12.004]]}, "properties": {"v": 138000, "f": "60", "oid": 286013944}}, {"type": "Feature", "geometry": {"type": "LineString", "coordinates": [[-86.085, 12.004], [-86.086, 12.004]]}, "properties": {"v": 230000, "f": "60", "oid": 389886731}}, {"type": "Feature", "geometry": {"type": "LineString", "coordinates": [[-86.088, 12.007], [-86.086, 12.004]]}, "properties": {"v": 230000, "f": "60", "oid": 775011865}}, {"type": "Feature", "geometry": {"type": "LineString", "coordinates": [[-86.085, 12.005], [-86.085, 12.004]]}, "properties": {"v": 230000, "f": "60", "oid": 775011869}}, {"type": "Feature", "geometry": {"type": "LineString", "coordinates": [[-86.124, 12.172], [-86.108, 12.169]]}, "properties": {"v": 138000, "f": "60", "oid": 774946469}}, {"type": "Feature", "geometry": {"type": "LineString", "coordinates": [[-86.107, 12.169], [-86.107, 12.17]]}, "properties": {"v": 138000, "f": "60", "oid": 308624630}}, {"type": "Feature", "geometry": {"type": "LineString", "coordinates": [[-86.107, 12.17], [-86.107, 12.169]]}, "properties": {"v": 138000, "f": "60", "oid": 389699712}}, {"type": "Feature", "geometry": {"type": "LineString", "coordinates": [[-86.108, 12.169], [-86.107, 12.169]]}, "properties": {"v": 138000, "f": "60", "oid": 389706848}}, {"type": "Feature", "geometry": {"type": "LineString", "coordinates": [[-86.424, 11.854], [-86.511, 11.818]]}, "properties": {"v": 138000, "f": "60", "oid": 775604075}}, {"type": "Feature", "geometry": {"type": "LineString", "coordinates": [[-86.235, 11.866], [-86.147, 11.904]]}, "properties": {"v": 138000, "f": "60", "oid": 202343858}}, {"type": "Feature", "geometry": {"type": "LineString", "coordinates": [[-86.424, 11.854], [-86.235, 11.866]]}, "properties": {"v": 138000, "f": "60", "oid": 510139272}}, {"type": "Feature", "geometry": {"type": "LineString", "coordinates": [[-86.489, 12.064], [-86.453, 11.827]]}, "properties": {"v": 138000, "c": 1, "f": "60", "oid": 1255579688}}, {"type": "Feature", "geometry": {"type": "LineString", "coordinates": [[-86.201, 12.026], [-86.136, 12.056], [-86.088, 12.007]]}, "properties": {"v": 230000, "c": 2, "f": "60", "oid": 261107671}}, {"type": "Feature", "geometry": {"type": "LineString", "coordinates": [[-86.092, 12.005], [-86.104, 12.166]]}, "properties": {"v": 138000, "f": "60", "oid": 775011866}}, {"type": "Feature", "geometry": {"type": "LineString", "coordinates": [[-86.085, 12.005], [-86.077, 11.901]]}, "properties": {"v": 230000, "f": "60", "oid": 389886732}}, {"type": "Feature", "geometry": {"type": "LineString", "coordinates": [[-86.255, 12.113], [-86.246, 12.121]]}, "properties": {"v": 138000, "f": "60", "oid": 239603553}}, {"type": "Feature", "geometry": {"type": "LineString", "coordinates": [[-86.376, 12.187], [-86.341, 12.168]]}, "properties": {"v": 230000, "f": "60", "oid": 775563592}}, {"type": "Feature", "geometry": {"type": "LineString", "coordinates": [[-86.284, 12.12], [-86.312, 12.124]]}, "properties": {"v": 138000, "f": "60", "oid": 255736520}}, {"type": "Feature", "geometry": {"type": "LineString", "coordinates": [[-86.485, 12.07], [-86.489, 12.064]]}, "properties": {"v": 138000, "c": 2, "f": "60", "oid": 1255723722}}, {"type": "Feature", "geometry": {"type": "LineString", "coordinates": [[-86.32, 12.038], [-86.489, 12.064]]}, "properties": {"v": 138000, "c": 1, "f": "60", "oid": 1087336573}}, {"type": "Feature", "geometry": {"type": "LineString", "coordinates": [[-86.373, 12.189], [-86.377, 12.187]]}, "properties": {"v": 138000, "c": 2, "f": "60", "oid": 775563590}}, {"type": "Feature", "geometry": {"type": "LineString", "coordinates": [[-86.376, 12.187], [-86.374, 12.188]]}, "properties": {"v": 230000, "c": 2, "f": "60", "oid": 775563591}}, {"type": "Feature", "geometry": {"type": "LineString", "coordinates": [[-86.341, 12.168], [-86.373, 12.08], [-86.311, 12.04]]}, "properties": {"v": 230000, "f": "60", "oid": 201748031}}, {"type": "Feature", "geometry": {"type": "LineString", "coordinates": [[-86.312, 12.124], [-86.341, 12.167]]}, "properties": {"v": 138000, "f": "60", "oid": 775540316}}, {"type": "Feature", "geometry": {"type": "LineString", "coordinates": [[-86.34, 12.168], [-86.34, 12.167]]}, "properties": {"v": 138000, "f": "60", "oid": 775546776}}, {"type": "Feature", "geometry": {"type": "LineString", "coordinates": [[-86.335, 12.17], [-86.34, 12.168]]}, "properties": {"v": 138000, "f": "60", "oid": 775546775}}, {"type": "Feature", "geometry": {"type": "LineString", "coordinates": [[-86.314, 12.158], [-86.335, 12.17]]}, "properties": {"v": 138000, "c": 2, "f": "60", "oid": 775524122}}, {"type": "Feature", "geometry": {"type": "LineString", "coordinates": [[-86.314, 12.158], [-86.312, 12.159]]}, "properties": {"v": 69000, "f": "60", "oid": 775524120}}, {"type": "Feature", "geometry": {"type": "LineString", "coordinates": [[-86.311, 12.159], [-86.314, 12.158]]}, "properties": {"v": 138000, "f": "60", "oid": 775524121}}, {"type": "Feature", "geometry": {"type": "LineString", "coordinates": [[-86.302, 12.161], [-86.312, 12.159]]}, "properties": {"v": 69000, "f": "60", "oid": 775504268}}, {"type": "Feature", "geometry": {"type": "LineString", "coordinates": [[-86.302, 12.161], [-86.311, 12.159]]}, "properties": {"v": 138000, "f": "60", "oid": 775504269}}, {"type": "Feature", "geometry": {"type": "LineString", "coordinates": [[-86.201, 12.026], [-86.311, 12.04]]}, "properties": {"v": 230000, "f": "60", "oid": 241375111}}, {"type": "Feature", "geometry": {"type": "LineString", "coordinates": [[-86.311, 12.04], [-86.244, 12.03]]}, "properties": {"v": 69000, "f": "60", "oid": 389879437}}, {"type": "Feature", "geometry": {"type": "LineString", "coordinates": [[-86.257, 12.155], [-86.302, 12.161]]}, "properties": {"v": 138000, "c": 2, "f": "60", "oid": 389710100}}, {"type": "Feature", "geometry": {"type": "LineString", "coordinates": [[-86.284, 12.12], [-86.275, 12.124]]}, "properties": {"v": 138000, "f": "60", "oid": 239138305}}, {"type": "Feature", "geometry": {"type": "LineString", "coordinates": [[-86.275, 12.124], [-86.255, 12.113]]}, "properties": {"v": 138000, "op": "ENATREL", "f": "60", "oid": 238419118}}, {"type": "Feature", "geometry": {"type": "LineString", "coordinates": [[-86.257, 12.155], [-86.227, 12.164]]}, "properties": {"v": 138000, "c": 2, "f": "60", "oid": 389706850}}, {"type": "Feature", "geometry": {"type": "LineString", "coordinates": [[-86.206, 12.059], [-86.255, 12.113]]}, "properties": {"v": 138000, "c": 2, "f": "60", "oid": 390000291}}, {"type": "Feature", "geometry": {"type": "LineString", "coordinates": [[-86.246, 12.121], [-86.203, 12.141]]}, "properties": {"v": 138000, "f": "60", "oid": 241189915}}, {"type": "Feature", "geometry": {"type": "LineString", "coordinates": [[-86.234, 12.11], [-86.206, 12.059]]}, "properties": {"v": 69000, "f": "60", "oid": 241521464}}, {"type": "Feature", "geometry": {"type": "LineString", "coordinates": [[-86.227, 12.164], [-86.225, 12.164]]}, "properties": {"v": 138000, "f": "60", "oid": 775415854}}, {"type": "Feature", "geometry": {"type": "LineString", "coordinates": [[-86.227, 12.164], [-86.224, 12.164]]}, "properties": {"v": 138000, "f": "60", "oid": 775415853}}, {"type": "Feature", "geometry": {"type": "LineString", "coordinates": [[-86.225, 12.164], [-86.225, 12.162]]}, "properties": {"v": 138000, "f": "60", "oid": 389706847}}, {"type": "Feature", "geometry": {"type": "LineString", "coordinates": [[-86.225, 12.162], [-86.225, 12.164]]}, "properties": {"v": 138000, "f": "60", "oid": 389706841}}, {"type": "Feature", "geometry": {"type": "LineString", "coordinates": [[-86.225, 12.164], [-86.224, 12.164]]}, "properties": {"v": 138000, "f": "60", "oid": 775415855}}, {"type": "Feature", "geometry": {"type": "LineString", "coordinates": [[-86.224, 12.164], [-86.202, 12.163]]}, "properties": {"v": 138000, "c": 2, "f": "60", "oid": 775414410}}, {"type": "Feature", "geometry": {"type": "LineString", "coordinates": [[-85.398, 12.102], [-85.198, 12.239]]}, "properties": {"v": 138000, "f": "60", "oid": 308612900}}, {"type": "Feature", "geometry": {"type": "LineString", "coordinates": [[-85.398, 12.102], [-85.174, 11.975]]}, "properties": {"v": 138000, "f": "60", "oid": 308612899}}, {"type": "Feature", "geometry": {"type": "LineString", "coordinates": [[-86.646, 12.333], [-86.575, 12.278]]}, "properties": {"v": 69000, "f": "60", "oid": 286832363}}, {"type": "Feature", "geometry": {"type": "LineString", "coordinates": [[-86.106, 12.169], [-85.953, 12.327]]}, "properties": {"v": 138000, "f": "60", "oid": 772681164}}, {"type": "Feature", "geometry": {"type": "LineString", "coordinates": [[-86.377, 12.187], [-86.564, 12.285]]}, "properties": {"v": 138000, "f": "60", "oid": 775567700}}, {"type": "Feature", "geometry": {"type": "LineString", "coordinates": [[-86.354, 12.176], [-86.557, 12.272]]}, "properties": {"v": 69000, "f": "60", "oid": 286831848}}, {"type": "Feature", "geometry": {"type": "LineString", "coordinates": [[-86.576, 12.281], [-86.485, 12.07]]}, "properties": {"v": 138000, "c": 1, "f": "60", "oid": 775571594}}, {"type": "Feature", "geometry": {"type": "LineString", "coordinates": [[-85.455, 12.132], [-85.454, 12.121]]}, "properties": {"v": 138000, "f": "60", "oid": 1336904984}}, {"type": "Feature", "geometry": {"type": "LineString", "coordinates": [[-86.376, 12.187], [-86.662, 12.3]]}, "properties": {"v": 230000, "f": "60", "oid": 286832361}}, {"type": "Feature", "geometry": {"type": "LineString", "coordinates": [[-85.455, 12.132], [-85.454, 12.121]]}, "properties": {"v": 138000, "f": "60", "oid": 1336904985}}, {"type": "Feature", "geometry": {"type": "LineString", "coordinates": [[-85.399, 12.102], [-85.454, 12.121]]}, "properties": {"v": 138000, "f": "60", "oid": 1336904983}}, {"type": "Feature", "geometry": {"type": "LineString", "coordinates": [[-84.3, 12.195], [-84.018, 11.943], [-83.813, 11.994]]}, "properties": {"v": 138000, "oid": 1047708268}}, {"type": "Feature", "geometry": {"type": "LineString", "coordinates": [[-86.205, 12.027], [-86.633, 12.104], [-86.731, 12.197]]}, "properties": {"v": 230000, "c": 2, "f": "60", "oid": 201748054}}, {"type": "Feature", "geometry": {"type": "LineString", "coordinates": [[-86.377, 12.187], [-86.341, 12.17]]}, "properties": {"v": 138000, "f": "60", "oid": 775563589}}, {"type": "Feature", "geometry": {"type": "LineString", "coordinates": [[-86.091, 12.258], [-86.124, 12.172]]}, "properties": {"v": 138000, "f": "60", "oid": 261196803}}, {"type": "Feature", "geometry": {"type": "LineString", "coordinates": [[-86.085, 12.255], [-86.091, 12.258]]}, "properties": {"v": 138000, "c": 2, "f": "60", "oid": 774946468}}, {"type": "Feature", "geometry": {"type": "LineString", "coordinates": [[-86.28, 12.716], [-86.091, 12.258]]}, "properties": {"v": 138000, "f": "60", "oid": 774995673}}, {"type": "Feature", "geometry": {"type": "LineString", "coordinates": [[-86.557, 12.272], [-86.571, 12.276]]}, "properties": {"v": 69000, "f": "60", "oid": 770705793}}, {"type": "Feature", "geometry": {"type": "LineString", "coordinates": [[-86.575, 12.278], [-86.571, 12.276]]}, "properties": {"v": 69000, "f": "60", "oid": 775567703}}, {"type": "Feature", "geometry": {"type": "LineString", "coordinates": [[-86.575, 12.278], [-86.575, 12.28]]}, "properties": {"v": 69000, "f": "60", "oid": 775567702}}, {"type": "Feature", "geometry": {"type": "LineString", "coordinates": [[-86.574, 12.282], [-86.575, 12.281]]}, "properties": {"v": 138000, "f": "60", "oid": 775567699}}, {"type": "Feature", "geometry": {"type": "LineString", "coordinates": [[-86.575, 12.281], [-86.574, 12.282]]}, "properties": {"v": 138000, "f": "60", "oid": 775567698}}, {"type": "Feature", "geometry": {"type": "LineString", "coordinates": [[-86.574, 12.282], [-86.564, 12.285]]}, "properties": {"v": 138000, "c": 2, "f": "60", "oid": 775567701}}, {"type": "Feature", "geometry": {"type": "LineString", "coordinates": [[-86.564, 12.285], [-86.622, 12.414], [-86.54, 12.393]]}, "properties": {"v": 138000, "f": "60", "oid": 305399865}}, {"type": "Feature", "geometry": {"type": "LineString", "coordinates": [[-85.952, 12.326], [-85.953, 12.327]]}, "properties": {"v": 138000, "f": "60", "oid": 308624633}}, {"type": "Feature", "geometry": {"type": "LineString", "coordinates": [[-86.472, 12.662], [-86.633, 12.583]]}, "properties": {"v": 138000, "c": 1, "f": "60", "oid": 1255505095}}, {"type": "Feature", "geometry": {"type": "LineString", "coordinates": [[-86.301, 12.746], [-86.472, 12.662]]}, "properties": {"v": 138000, "c": 1, "f": "60", "oid": 1255505097}}, {"type": "Feature", "geometry": {"type": "LineString", "coordinates": [[-86.472, 12.662], [-86.523, 12.855]]}, "properties": {"v": 138000, "c": 2, "f": "60", "oid": 681926799}}, {"type": "Feature", "geometry": {"type": "LineString", "coordinates": [[-86.28, 12.716], [-86.301, 12.746]]}, "properties": {"v": 138000, "c": 2, "f": "60", "oid": 772700956}}, {"type": "Feature", "geometry": {"type": "LineString", "coordinates": [[-86.103, 12.858], [-86.096, 12.725]]}, "properties": {"v": 138000, "f": "60", "oid": 1336904999}}, {"type": "Feature", "geometry": {"type": "LineString", "coordinates": [[-85.615, 12.815], [-85.829, 12.859]]}, "properties": {"v": 138000, "f": "60", "oid": 405163245}}, {"type": "Feature", "geometry": {"type": "LineString", "coordinates": [[-85.484, 12.825], [-85.615, 12.815]]}, "properties": {"v": 138000, "f": "60", "oid": 773716521}}, {"type": "Feature", "geometry": {"type": "LineString", "coordinates": [[-85.615, 12.815], [-85.623, 12.914]]}, "properties": {"v": 138000, "c": 2, "f": "60", "oid": 773716520}}, {"type": "Feature", "geometry": {"type": "LineString", "coordinates": [[-86.176, 12.899], [-86.103, 12.858]]}, "properties": {"v": 138000, "f": "60", "oid": 1336904975}}, {"type": "Feature", "geometry": {"type": "LineString", "coordinates": [[-85.957, 12.91], [-86.102, 12.859]]}, "properties": {"v": 138000, "f": "60", "oid": 773073323}}, {"type": "Feature", "geometry": {"type": "LineString", "coordinates": [[-86.066, 13.079], [-86.103, 12.859]]}, "properties": {"v": 138000, "f": "60", "oid": 773643700}}, {"type": "Feature", "geometry": {"type": "LineString", "coordinates": [[-85.83, 12.859], [-85.921, 12.896]]}, "properties": {"v": 138000, "f": "60", "oid": 405163246}}, {"type": "Feature", "geometry": {"type": "LineString", "coordinates": [[-85.832, 12.863], [-85.841, 12.91]]}, "properties": {"v": 138000, "oid": 1336904987}}, {"type": "Feature", "geometry": {"type": "LineString", "coordinates": [[-85.957, 12.91], [-85.921, 12.896]]}, "properties": {"v": 138000, "f": "60", "oid": 772986053}}, {"type": "Feature", "geometry": {"type": "LineString", "coordinates": [[-85.91, 12.937], [-85.921, 12.896]]}, "properties": {"v": 138000, "f": "60", "oid": 772986051}}, {"type": "Feature", "geometry": {"type": "LineString", "coordinates": [[-86.369, 13.101], [-86.176, 12.899]]}, "properties": {"v": 138000, "f": "60", "oid": 424981855}}, {"type": "Feature", "geometry": {"type": "LineString", "coordinates": [[-85.957, 12.911], [-85.957, 12.91]]}, "properties": {"v": 138000, "f": "60", "oid": 772986052}}, {"type": "Feature", "geometry": {"type": "LineString", "coordinates": [[-85.423, 13.266], [-85.533, 13.253]]}, "properties": {"v": 138000, "oid": 1336904989}}, {"type": "Feature", "geometry": {"type": "LineString", "coordinates": [[-84.97, 13.153], [-85.191, 12.925], [-85.483, 12.825]]}, "properties": {"v": 138000, "f": "60", "oid": 405163247}}, {"type": "Feature", "geometry": {"type": "LineString", "coordinates": [[-86.062, 13.086], [-86.002, 13.074]]}, "properties": {"v": 138000, "f": "60", "oid": 1038100759}}, {"type": "Feature", "geometry": {"type": "LineString", "coordinates": [[-86.096, 12.725], [-86.039, 12.453], [-86.107, 12.169]]}, "properties": {"v": 138000, "f": "60", "oid": 306044442}}, {"type": "Feature", "geometry": {"type": "LineString", "coordinates": [[-86.301, 12.746], [-86.233, 12.82]]}, "properties": {"v": 138000, "f": "60", "oid": 1336904976}}, {"type": "Feature", "geometry": {"type": "LineString", "coordinates": [[-85.741, 12.421], [-86.083, 12.256]]}, "properties": {"v": 230000, "oid": 1336905002}}, {"type": "Feature", "geometry": {"type": "LineString", "coordinates": [[-86.232, 12.82], [-86.103, 12.858]]}, "properties": {"v": 138000, "f": "60", "oid": 772709783}}, {"type": "Feature", "geometry": {"type": "LineString", "coordinates": [[-86.062, 13.086], [-86.103, 12.859]]}, "properties": {"v": 138000, "f": "60", "oid": 773643701}}, {"type": "Feature", "geometry": {"type": "LineString", "coordinates": [[-85.971, 12.74], [-86.096, 12.725]]}, "properties": {"v": 138000, "f": "60", "oid": 1336905000}}, {"type": "Feature", "geometry": {"type": "LineString", "coordinates": [[-85.745, 13.095], [-85.785, 12.968]]}, "properties": {"v": 138000, "oid": 1336904988}}, {"type": "Feature", "geometry": {"type": "LineString", "coordinates": [[-86.052, 13.106], [-86.062, 13.086]]}, "properties": {"v": 138000, "f": "60", "oid": 1336905012}}, {"type": "Feature", "geometry": {"type": "LineString", "coordinates": [[-86.176, 12.899], [-86.234, 12.822]]}, "properties": {"v": 138000, "f": "60", "oid": 1336904978}}, {"type": "Feature", "geometry": {"type": "LineString", "coordinates": [[-86.086, 12.256], [-85.97, 12.739]]}, "properties": {"v": 230000, "oid": 1336905001}}, {"type": "Feature", "geometry": {"type": "LineString", "coordinates": [[-85.454, 12.121], [-85.626, 12.196], [-85.664, 12.353], [-85.745, 12.413], [-85.953, 12.327]]}, "properties": {"v": 138000, "f": "60", "oid": 308624631}}, {"type": "Feature", "geometry": {"type": "LineString", "coordinates": [[-86.072, 13.08], [-86.066, 13.079]]}, "properties": {"v": 138000, "c": 2, "f": "60", "oid": 773643699}}, {"type": "Feature", "geometry": {"type": "LineString", "coordinates": [[-86.052, 13.106], [-86.066, 13.079]]}, "properties": {"v": 138000, "f": "60", "oid": 773643698}}, {"type": "Feature", "geometry": {"type": "LineString", "coordinates": [[-86.072, 13.08], [-86.216, 13.31]]}, "properties": {"v": 138000, "c": 1, "f": "60", "oid": 773643696}}, {"type": "Feature", "geometry": {"type": "LineString", "coordinates": [[-86.369, 13.102], [-86.354, 13.307], [-86.437, 13.427]]}, "properties": {"v": 138000, "c": 1, "f": "60", "oid": 772930284}}, {"type": "Feature", "geometry": {"type": "LineString", "coordinates": [[-86.216, 13.31], [-86.218, 13.309]]}, "properties": {"v": 138000, "c": 2, "f": "60", "oid": 1255505100}}, {"type": "Feature", "geometry": {"type": "LineString", "coordinates": [[-86.216, 13.31], [-86.269, 13.394], [-86.406, 13.398]]}, "properties": {"v": 138000, "c": 1, "f": "60", "oid": 1255505099}}, {"type": "Feature", "geometry": {"type": "LineString", "coordinates": [[-86.406, 13.398], [-86.487, 13.48]]}, "properties": {"v": 138000, "c": 1, "f": "60", "oid": 772938146}}, {"type": "Feature", "geometry": {"type": "LineString", "coordinates": [[-86.437, 13.427], [-86.487, 13.48]]}, "properties": {"v": 138000, "c": 1, "f": "60", "oid": 1255505098}}, {"type": "Feature", "geometry": {"type": "LineString", "coordinates": [[-86.487, 13.481], [-86.433, 13.653]]}, "properties": {"v": 138000, "f": "60", "oid": 772934323}}, {"type": "Feature", "geometry": {"type": "LineString", "coordinates": [[-86.433, 13.653], [-86.434, 13.653]]}, "properties": {"v": 138000, "f": "60", "oid": 772934322}}, {"type": "Feature", "geometry": {"type": "LineString", "coordinates": [[-86.663, 15.458], [-86.301, 15.565]]}, "properties": {"v": 138000, "f": "60", "oid": 775746893}}, {"type": "Feature", "geometry": {"type": "LineString", "coordinates": [[-86.301, 15.565], [-86.565, 15.774]]}, "properties": {"v": 138000, "f": "60", "oid": 775821922}}, {"type": "Feature", "geometry": {"type": "LineString", "coordinates": [[-86.711, 15.776], [-86.767, 15.768]]}, "properties": {"v": 138000, "f": "60", "oid": 775821922}}, {"type": "Feature", "geometry": {"type": "LineString", "coordinates": [[-86.301, 15.565], [-86.19, 15.61]]}, "properties": {"v": 138000, "f": "60", "oid": 775746891}}, {"type": "Feature", "geometry": {"type": "LineString", "coordinates": [[-86.19, 15.61], [-86.136, 15.576], [-85.752, 15.768]]}, "properties": {"v": 138000, "f": "60", "oid": 406429260}}, {"type": "Feature", "geometry": {"type": "LineString", "coordinates": [[-86.433, 13.653], [-86.345, 13.667]]}, "properties": {"v": 138000, "f": "60", "oid": 772955297}}, {"type": "Feature", "geometry": {"type": "LineString", "coordinates": [[-85.714, 10.507], [-85.715, 10.507]]}, "properties": {"v": 230000, "f": "60", "oid": 389883358}}, {"type": "Feature", "geometry": {"type": "LineString", "coordinates": [[-85.715, 10.507], [-85.714, 10.507]]}, "properties": {"v": 230000, "f": "60", "oid": 330080946}}, {"type": "Feature", "geometry": {"type": "LineString", "coordinates": [[-85.714, 10.507], [-85.578, 10.642]]}, "properties": {"v": 230000, "c": 2, "f": "60", "oid": 389883356}}, {"type": "Feature", "geometry": {"type": "LineString", "coordinates": [[-85.626, 11.194], [-85.607, 11.068], [-85.376, 11.04], [-85.158, 10.876], [-85.217, 10.694], [-85.183, 10.462], [-85.123, 10.424]]}, "properties": {"v": 230000, "nm": "SIEPAC", "op": "ICE", "f": "60", "oid": 747153274}}, {"type": "Feature", "geometry": {"type": "LineString", "coordinates": [[-85.619, 11.199], [-85.597, 10.905], [-85.469, 10.633]]}, "properties": {"v": 230000, "f": "60", "oid": 329464869}}, {"type": "Feature", "geometry": {"type": "LineString", "coordinates": [[-85.605, 10.665], [-85.606, 10.663]]}, "properties": {"v": 230000, "f": "60", "oid": 389885044}}, {"type": "Feature", "geometry": {"type": "LineString", "coordinates": [[-85.606, 10.663], [-85.605, 10.665]]}, "properties": {"v": 230000, "f": "60", "oid": 330080944}}, {"type": "Feature", "geometry": {"type": "LineString", "coordinates": [[-85.605, 10.665], [-85.578, 10.642]]}, "properties": {"v": 230000, "f": "60", "oid": 389885035}}, {"type": "Feature", "geometry": {"type": "LineString", "coordinates": [[-85.578, 10.642], [-85.469, 10.633]]}, "properties": {"v": 230000, "f": "60", "oid": 330080945}}, {"type": "Feature", "geometry": {"type": "LineString", "coordinates": [[-85.569, 10.266], [-85.424, 10.383]]}, "properties": {"v": 138000, "f": "60", "oid": 702534955}}, {"type": "Feature", "geometry": {"type": "LineString", "coordinates": [[-85.424, 10.383], [-85.472, 10.417]]}, "properties": {"v": 138000, "c": 2, "f": "60", "oid": 702133467}}, {"type": "Feature", "geometry": {"type": "LineString", "coordinates": [[-85.469, 10.633], [-85.461, 10.609]]}, "properties": {"v": 230000, "f": "60", "oid": 329464868}}, {"type": "Feature", "geometry": {"type": "LineString", "coordinates": [[-85.461, 10.609], [-85.447, 10.601]]}, "properties": {"v": 230000, "f": "60", "oid": 330072340}}, {"type": "Feature", "geometry": {"type": "LineString", "coordinates": [[-85.461, 10.609], [-85.446, 10.614]]}, "properties": {"v": 230000, "f": "60", "oid": 329464871}}, {"type": "Feature", "geometry": {"type": "LineString", "coordinates": [[-85.446, 10.604], [-85.447, 10.601]]}, "properties": {"v": 230000, "f": "60", "oid": 464459418}}, {"type": "Feature", "geometry": {"type": "LineString", "coordinates": [[-85.446, 10.614], [-85.446, 10.615]]}, "properties": {"v": 230000, "f": "60", "oid": 329464870}}, {"type": "Feature", "geometry": {"type": "LineString", "coordinates": [[-85.446, 10.615], [-85.445, 10.608]]}, "properties": {"v": 230000, "f": "60", "oid": 330052707}}, {"type": "Feature", "geometry": {"type": "LineString", "coordinates": [[-85.445, 10.608], [-85.446, 10.604]]}, "properties": {"v": 230000, "f": "60", "oid": 330052706}}, {"type": "Feature", "geometry": {"type": "LineString", "coordinates": [[-85.445, 10.608], [-85.446, 10.604]]}, "properties": {"v": 230000, "f": "60", "oid": 330052705}}, {"type": "Feature", "geometry": {"type": "LineString", "coordinates": [[-85.446, 10.615], [-85.445, 10.615]]}, "properties": {"v": 230000, "f": "60", "oid": 330052699}}, {"type": "Feature", "geometry": {"type": "LineString", "coordinates": [[-85.445, 10.615], [-85.356, 10.696]]}, "properties": {"v": 230000, "f": "60", "oid": 330052709}}, {"type": "Feature", "geometry": {"type": "LineString", "coordinates": [[-85.359, 10.756], [-85.432, 10.862]]}, "properties": {"v": 230000, "f": "60", "oid": 770716311}}, {"type": "Feature", "geometry": {"type": "LineString", "coordinates": [[-85.424, 10.383], [-85.125, 10.421]]}, "properties": {"v": 138000, "f": "60", "oid": 702134173}}, {"type": "Feature", "geometry": {"type": "LineString", "coordinates": [[-85.356, 10.696], [-85.359, 10.756]]}, "properties": {"v": 230000, "f": "60", "oid": 330052703}}, {"type": "Feature", "geometry": {"type": "LineString", "coordinates": [[-85.356, 10.696], [-85.268, 10.725]]}, "properties": {"v": 230000, "f": "60", "oid": 330052704}}, {"type": "Feature", "geometry": {"type": "LineString", "coordinates": [[-85.173, 10.226], [-85.187, 10.224]]}, "properties": {"v": 138000, "f": "60", "oid": 770830928}}, {"type": "Feature", "geometry": {"type": "LineString", "coordinates": [[-85.253, 10.195], [-85.302, 10.142], [-85.266, 10.032]]}, "properties": {"v": 138000, "f": "60", "oid": 770830928}}, {"type": "Feature", "geometry": {"type": "LineString", "coordinates": [[-85.268, 10.725], [-85.194, 10.702]]}, "properties": {"v": 230000, "f": "60", "oid": 330062926}}, {"type": "Feature", "geometry": {"type": "LineString", "coordinates": [[-85.266, 10.032], [-85.126, 9.707]]}, "properties": {"v": 138000, "f": "60", "oid": 770830927}}, {"type": "Feature", "geometry": {"type": "LineString", "coordinates": [[-85.447, 10.601], [-85.124, 10.424]]}, "properties": {"v": 230000, "nm": "Cañas - Liberia", "op": "Instituto Costarricense de Electricidad", "f": "60", "oid": 702136542}}, {"type": "Feature", "geometry": {"type": "LineString", "coordinates": [[-84.224, 9.935], [-84.223, 9.936]]}, "properties": {"v": 34500, "op": "CNFL", "c": 1, "oid": 1355214469}}, {"type": "Feature", "geometry": {"type": "LineString", "coordinates": [[-84.208, 9.956], [-84.208, 9.955]]}, "properties": {"v": 34500, "op": "CNFL", "oid": 1347243510}}, {"type": "Feature", "geometry": {"type": "LineString", "coordinates": [[-84.224, 9.934], [-84.223, 9.935]]}, "properties": {"v": 34500, "op": "CNFL", "c": 1, "oid": 1355214466}}, {"type": "Feature", "geometry": {"type": "LineString", "coordinates": [[-84.221, 9.932], [-84.222, 9.931]]}, "properties": {"v": 34500, "op": "CNFL", "c": 1, "oid": 1355214472}}, {"type": "Feature", "geometry": {"type": "LineString", "coordinates": [[-84.205, 9.96], [-84.206, 9.957]]}, "properties": {"v": 34500, "oid": 1347241323}}, {"type": "Feature", "geometry": {"type": "LineString", "coordinates": [[-84.222, 9.931], [-84.222, 9.933]]}, "properties": {"v": 34500, "op": "CNFL", "c": 1, "oid": 1355214471}}, {"type": "Feature", "geometry": {"type": "LineString", "coordinates": [[-84.198, 9.934], [-84.199, 9.933]]}, "properties": {"v": 34500, "op": "CNFL", "c": 1, "oid": 1347159072}}, {"type": "Feature", "geometry": {"type": "LineString", "coordinates": [[-84.198, 9.934], [-84.199, 9.933]]}, "properties": {"v": 34500, "op": "CNFL", "c": 1, "oid": 1347144947}}, {"type": "Feature", "geometry": {"type": "LineString", "coordinates": [[-84.22, 9.931], [-84.221, 9.932]]}, "properties": {"v": 34500, "op": "CNFL", "c": 1, "oid": 1355214473}}, {"type": "Feature", "geometry": {"type": "LineString", "coordinates": [[-84.204, 9.958], [-84.206, 9.96]]}, "properties": {"v": 34500, "oid": 1347241325}}, {"type": "Feature", "geometry": {"type": "LineString", "coordinates": [[-84.195, 9.915], [-84.196, 9.916]]}, "properties": {"v": 34500, "op": "CNFL", "oid": 1358269732}}, {"type": "Feature", "geometry": {"type": "LineString", "coordinates": [[-84.222, 9.935], [-84.224, 9.934]]}, "properties": {"v": 34500, "op": "CNFL", "c": 1, "oid": 1355214470}}, {"type": "Feature", "geometry": {"type": "LineString", "coordinates": [[-84.192, 9.908], [-84.196, 9.916]]}, "properties": {"v": 34500, "op": "CNFL", "oid": 1358269733}}, {"type": "Feature", "geometry": {"type": "LineString", "coordinates": [[-84.196, 9.916], [-84.201, 9.933]]}, "properties": {"v": 34500, "op": "CNFL", "oid": 1358269731}}, {"type": "Feature", "geometry": {"type": "LineString", "coordinates": [[-84.173, 9.896], [-84.177, 9.905]]}, "properties": {"v": 34500, "op": "CNFL", "oid": 1372826693}}, {"type": "Feature", "geometry": {"type": "LineString", "coordinates": [[-84.205, 9.96], [-84.2, 9.964]]}, "properties": {"v": 230000, "nm": "San Miguel - Lindora / Lindora - La Caja 2", "op": "ICE", "c": 2, "f": "60", "oid": 674502508}}, {"type": "Feature", "geometry": {"type": "LineString", "coordinates": [[-84.197, 9.91], [-84.204, 9.93]]}, "properties": {"v": 34500, "op": "CNFL", "oid": 1350669049}}, {"type": "Feature", "geometry": {"type": "LineString", "coordinates": [[-84.212, 9.961], [-84.205, 9.96]]}, "properties": {"v": 34500, "l": "underground", "oid": 1347241324}}, {"type": "Feature", "geometry": {"type": "LineString", "coordinates": [[-84.205, 9.907], [-84.197, 9.914]]}, "properties": {"v": 34500, "op": "CNFL", "oid": 1350669048}}, {"type": "Feature", "geometry": {"type": "LineString", "coordinates": [[-84.213, 9.959], [-84.205, 9.96]]}, "properties": {"v": 230000, "nm": "Lindora - La Caja 2", "op": "ICE", "f": "60", "oid": 674502512}}, {"type": "Feature", "geometry": {"type": "LineString", "coordinates": [[-84.213, 9.96], [-84.205, 9.96]]}, "properties": {"v": 230000, "nm": "San Miguel - Lindora", "op": "ICE", "f": "60", "oid": 674502510}}, {"type": "Feature", "geometry": {"type": "LineString", "coordinates": [[-84.219, 9.947], [-84.207, 9.953]]}, "properties": {"v": 34500, "op": "CNFL", "oid": 1358412205}}, {"type": "Feature", "geometry": {"type": "LineString", "coordinates": [[-84.185, 9.972], [-84.2, 9.964]]}, "properties": {"v": 230000, "f": "60", "oid": 674502506}}, {"type": "Feature", "geometry": {"type": "LineString", "coordinates": [[-84.2, 9.964], [-84.185, 9.972]]}, "properties": {"v": 230000, "f": "60", "oid": 674502504}}, {"type": "Feature", "geometry": {"type": "LineString", "coordinates": [[-84.178, 9.934], [-84.198, 9.934]]}, "properties": {"v": 34500, "op": "CNFL", "c": 2, "oid": 1347159073}}, {"type": "Feature", "geometry": {"type": "LineString", "coordinates": [[-84.199, 9.933], [-84.223, 9.936]]}, "properties": {"v": 34500, "op": "CNFL", "c": 1, "oid": 1346650966}}, {"type": "Feature", "geometry": {"type": "LineString", "coordinates": [[-84.167, 9.965], [-84.213, 9.966]]}, "properties": {"v": 230000, "nm": "Coyol - La Caja / Lindora - La Caja", "op": "ICE", "c": 2, "f": "60", "oid": 770901250}}, {"type": "Feature", "geometry": {"type": "LineString", "coordinates": [[-84.22, 9.936], [-84.167, 9.944]]}, "properties": {"v": 34500, "op": "CNFL", "oid": 1346988256}}, {"type": "Feature", "geometry": {"type": "LineString", "coordinates": [[-84.167, 9.965], [-84.249, 9.958]]}, "properties": {"v": 138000, "nm": "El Coco - La Caja / Garita - La Caja", "op": "ICE", "c": 2, "f": "60", "oid": 674502514}}, {"type": "Feature", "geometry": {"type": "LineString", "coordinates": [[-84.118, 9.829], [-84.25, 9.854], [-84.213, 9.96]]}, "properties": {"v": 230000, "nm": "Tarbaca - Lindora", "op": "ICE", "f": "60", "oid": 330398323}}, {"type": "Feature", "geometry": {"type": "LineString", "coordinates": [[-84.187, 9.882], [-84.187, 9.895]]}, "properties": {"v": 34500, "oid": 1347162285}}, {"type": "Feature", "geometry": {"type": "LineString", "coordinates": [[-84.173, 9.996], [-84.173, 9.997]]}, "properties": {"v": 230000, "f": "60", "oid": 770901246}}, {"type": "Feature", "geometry": {"type": "LineString", "coordinates": [[-84.173, 9.996], [-84.173, 9.997]]}, "properties": {"v": 230000, "f": "60", "oid": 770901245}}, {"type": "Feature", "geometry": {"type": "LineString", "coordinates": [[-84.166, 9.966], [-84.173, 9.996]]}, "properties": {"v": 230000, "c": 2, "f": "60", "oid": 309520826}}, {"type": "Feature", "geometry": {"type": "LineString", "coordinates": [[-84.166, 9.966], [-84.167, 9.966]]}, "properties": {"v": 230000, "oid": 771557550}}, {"type": "Feature", "geometry": {"type": "LineString", "coordinates": [[-84.166, 9.965], [-84.161, 9.933]]}, "properties": {"v": 138000, "nm": "Escazu - La Caja / Alajuelita - La Caja", "op": "ICE", "c": 2, "f": "60", "oid": 1105090339}}, {"type": "Feature", "geometry": {"type": "LineString", "coordinates": [[-84.161, 9.933], [-84.161, 9.935]]}, "properties": {"v": 138000, "nm": "Desamparados - Escazu / Escazú - La Caja", "op": "ICE", "oid": 1105090338}}, {"type": "Feature", "geometry": {"type": "LineString", "coordinates": [[-84.125, 9.957], [-84.12, 9.982]]}, "properties": {"v": 138000, "c": 2, "f": "60", "oid": 310071646}}, {"type": "Feature", "geometry": {"type": "LineString", "coordinates": [[-84.091, 9.952], [-84.125, 9.957]]}, "properties": {"v": 138000, "c": 2, "f": "60", "oid": 309514754}}, {"type": "Feature", "geometry": {"type": "LineString", "coordinates": [[-84.055, 9.979], [-84.09, 9.952]]}, "properties": {"v": 138000, "c": 2, "f": "60", "oid": 309851035}}, {"type": "Feature", "geometry": {"type": "LineString", "coordinates": [[-84.055, 9.979], [-84.055, 9.98]]}, "properties": {"v": 138000, "c": 2, "f": "60", "oid": 309851036}}, {"type": "Feature", "geometry": {"type": "LineString", "coordinates": [[-84.164, 9.935], [-84.161, 9.935]]}, "properties": {"v": 34500, "op": "CNFL", "c": 2, "oid": 1347152969}}, {"type": "Feature", "geometry": {"type": "LineString", "coordinates": [[-84.164, 9.935], [-84.165, 9.934]]}, "properties": {"v": 34500, "op": "CNFL", "c": 3, "oid": 1347159075}}, {"type": "Feature", "geometry": {"type": "LineString", "coordinates": [[-84.162, 9.935], [-84.164, 9.935]]}, "properties": {"v": 34500, "op": "CNFL", "c": 1, "oid": 1347159076}}, {"type": "Feature", "geometry": {"type": "LineString", "coordinates": [[-84.056, 9.98], [-84.166, 9.966]]}, "properties": {"v": 230000, "c": 2, "f": "60", "oid": 309853494}}, {"type": "Feature", "geometry": {"type": "LineString", "coordinates": [[-84.13, 9.958], [-84.166, 9.965]]}, "properties": {"v": 138000, "c": 2, "f": "60", "oid": 310071643}}, {"type": "Feature", "geometry": {"type": "LineString", "coordinates": [[-84.125, 9.957], [-84.13, 9.958]]}, "properties": {"v": 138000, "c": 2, "f": "60", "oid": 1390268824}}, {"type": "Feature", "geometry": {"type": "LineString", "coordinates": [[-84.178, 9.969], [-84.185, 9.972]]}, "properties": {"v": 230000, "c": 2, "f": "60", "oid": 770901247}}, {"type": "Feature", "geometry": {"type": "LineString", "coordinates": [[-84.178, 9.969], [-84.167, 9.965]]}, "properties": {"v": 230000, "f": "60", "oid": 674502503}}, {"type": "Feature", "geometry": {"type": "LineString", "coordinates": [[-84.167, 9.966], [-84.178, 9.969]]}, "properties": {"v": 230000, "f": "60", "oid": 309514760}}, {"type": "Feature", "geometry": {"type": "LineString", "coordinates": [[-84.183, 9.936], [-84.187, 9.945]]}, "properties": {"v": 34500, "oid": 1347462170}}, {"type": "Feature", "geometry": {"type": "LineString", "coordinates": [[-84.182, 9.936], [-84.182, 9.937]]}, "properties": {"v": 34500, "oid": 1352926456}}, {"type": "Feature", "geometry": {"type": "LineString", "coordinates": [[-84.181, 9.936], [-84.183, 9.936]]}, "properties": {"v": 34500, "oid": 1352926457}}, {"type": "Feature", "geometry": {"type": "LineString", "coordinates": [[-84.181, 9.936], [-84.183, 9.937]]}, "properties": {"v": 34500, "oid": 1352926455}}, {"type": "Feature", "geometry": {"type": "LineString", "coordinates": [[-84.184, 9.934], [-84.184, 9.939]]}, "properties": {"v": 34500, "oid": 1347462171}}, {"type": "Feature", "geometry": {"type": "LineString", "coordinates": [[-84.186, 9.934], [-84.188, 9.94]]}, "properties": {"v": 34500, "op": "CNFL", "oid": 1355358047}}, {"type": "Feature", "geometry": {"type": "LineString", "coordinates": [[-84.189, 9.929], [-84.188, 9.925]]}, "properties": {"v": 34500, "oid": 1347461482}}, {"type": "Feature", "geometry": {"type": "LineString", "coordinates": [[-84.181, 9.906], [-84.182, 9.9]]}, "properties": {"v": 34500, "op": "CNFL", "oid": 1348152671}}, {"type": "Feature", "geometry": {"type": "LineString", "coordinates": [[-84.182, 9.917], [-84.179, 9.917]]}, "properties": {"v": 34500, "op": "CNFL", "oid": 1346810101}}, {"type": "Feature", "geometry": {"type": "LineString", "coordinates": [[-84.178, 9.923], [-84.18, 9.923]]}, "properties": {"v": 34500, "op": "CNFL", "oid": 1348152666}}, {"type": "Feature", "geometry": {"type": "LineString", "coordinates": [[-84.179, 9.912], [-84.18, 9.911]]}, "properties": {"v": 34500, "op": "CNFL", "oid": 1348152670}}, {"type": "Feature", "geometry": {"type": "LineString", "coordinates": [[-84.179, 9.912], [-84.178, 9.913]]}, "properties": {"v": 34500, "op": "CNFL", "oid": 1348152669}}, {"type": "Feature", "geometry": {"type": "LineString", "coordinates": [[-84.179, 9.919], [-84.179, 9.917]]}, "properties": {"v": 34500, "op": "CNFL", "oid": 1346821720}}, {"type": "Feature", "geometry": {"type": "LineString", "coordinates": [[-84.179, 9.921], [-84.179, 9.92]]}, "properties": {"v": 34500, "op": "CNFL", "oid": 1346821721}}, {"type": "Feature", "geometry": {"type": "LineString", "coordinates": [[-84.177, 9.927], [-84.178, 9.926]]}, "properties": {"v": 34500, "op": "CNFL", "oid": 1348152655}}, {"type": "Feature", "geometry": {"type": "LineString", "coordinates": [[-84.176, 9.929], [-84.177, 9.926]]}, "properties": {"v": 34500, "op": "CNFL", "oid": 1348152659}}, {"type": "Feature", "geometry": {"type": "LineString", "coordinates": [[-84.174, 9.924], [-84.173, 9.924]]}, "properties": {"v": 34500, "op": "CNFL", "oid": 1346821722}}, {"type": "Feature", "geometry": {"type": "LineString", "coordinates": [[-84.179, 9.915], [-84.183, 9.914]]}, "properties": {"v": 34500, "op": "CNFL", "oid": 1348152663}}, {"type": "Feature", "geometry": {"type": "LineString", "coordinates": [[-84.179, 9.915], [-84.177, 9.905]]}, "properties": {"v": 34500, "op": "CNFL", "oid": 1348152674}}, {"type": "Feature", "geometry": {"type": "LineString", "coordinates": [[-84.179, 9.915], [-84.178, 9.915]]}, "properties": {"v": 34500, "op": "CNFL", "oid": 1348152676}}, {"type": "Feature", "geometry": {"type": "LineString", "coordinates": [[-84.179, 9.917], [-84.179, 9.915]]}, "properties": {"v": 34500, "op": "CNFL", "oid": 1348152665}}, {"type": "Feature", "geometry": {"type": "LineString", "coordinates": [[-84.181, 9.914], [-84.18, 9.913]]}, "properties": {"v": 34500, "op": "CNFL", "oid": 1348152661}}, {"type": "Feature", "geometry": {"type": "LineString", "coordinates": [[-84.181, 9.929], [-84.18, 9.929]]}, "properties": {"v": 34500, "op": "CNFL", "oid": 1346752820}}, {"type": "Feature", "geometry": {"type": "LineString", "coordinates": [[-84.178, 9.927], [-84.178, 9.926]]}, "properties": {"v": 34500, "op": "CNFL", "oid": 1348152656}}, {"type": "Feature", "geometry": {"type": "LineString", "coordinates": [[-84.177, 9.926], [-84.179, 9.927]]}, "properties": {"v": 34500, "op": "CNFL", "oid": 1348152658}}, {"type": "Feature", "geometry": {"type": "LineString", "coordinates": [[-84.177, 9.915], [-84.176, 9.916]]}, "properties": {"v": 34500, "op": "CNFL", "oid": 1348152675}}, {"type": "Feature", "geometry": {"type": "LineString", "coordinates": [[-84.181, 9.915], [-84.182, 9.912]]}, "properties": {"v": 34500, "op": "CNFL", "oid": 1348152662}}, {"type": "Feature", "geometry": {"type": "LineString", "coordinates": [[-84.179, 9.917], [-84.18, 9.93]]}, "properties": {"v": 34500, "op": "CNFL", "oid": 1348152668}}, {"type": "Feature", "geometry": {"type": "LineString", "coordinates": [[-84.182, 9.906], [-84.189, 9.904]]}, "properties": {"v": 34500, "op": "CNFL", "oid": 1348152672}}, {"type": "Feature", "geometry": {"type": "LineString", "coordinates": [[-84.18, 9.934], [-84.18, 9.93]]}, "properties": {"v": 34500, "op": "CNFL", "oid": 1346752828}}, {"type": "Feature", "geometry": {"type": "LineString", "coordinates": [[-84.176, 9.928], [-84.176, 9.927]]}, "properties": {"v": 34500, "op": "CNFL", "oid": 1348152654}}, {"type": "Feature", "geometry": {"type": "LineString", "coordinates": [[-84.176, 9.928], [-84.175, 9.928]]}, "properties": {"v": 34500, "op": "CNFL", "oid": 1348152653}}, {"type": "Feature", "geometry": {"type": "LineString", "coordinates": [[-84.177, 9.925], [-84.174, 9.929]]}, "properties": {"v": 34500, "op": "CNFL", "oid": 1348152660}}, {"type": "Feature", "geometry": {"type": "LineString", "coordinates": [[-84.178, 9.927], [-84.178, 9.928]]}, "properties": {"v": 34500, "op": "CNFL", "oid": 1348152657}}, {"type": "Feature", "geometry": {"type": "LineString", "coordinates": [[-84.18, 9.925], [-84.176, 9.924]]}, "properties": {"v": 34500, "op": "CNFL", "oid": 1348152667}}, {"type": "Feature", "geometry": {"type": "LineString", "coordinates": [[-84.179, 9.931], [-84.18, 9.929]]}, "properties": {"v": 34500, "op": "CNFL", "oid": 1346752821}}, {"type": "Feature", "geometry": {"type": "LineString", "coordinates": [[-84.178, 9.909], [-84.185, 9.906]]}, "properties": {"v": 34500, "op": "CNFL", "oid": 1348152673}}, {"type": "Feature", "geometry": {"type": "LineString", "coordinates": [[-84.187, 9.926], [-84.183, 9.921]]}, "properties": {"v": 34500, "oid": 1347461481}}, {"type": "Feature", "geometry": {"type": "LineString", "coordinates": [[-91.428, 15.349], [-91.436, 15.524]]}, "properties": {"v": 230000, "c": 1, "f": "60", "oid": 1247752624}}, {"type": "Feature", "geometry": {"type": "LineString", "coordinates": [[-90.629, 15.451], [-90.629, 15.45]]}, "properties": {"v": 230000, "f": "60", "oid": 973135088}}, {"type": "Feature", "geometry": {"type": "LineString", "coordinates": [[-90.629, 15.45], [-90.629, 15.451]]}, "properties": {"v": 230000, "f": "60", "oid": 973135087}}, {"type": "Feature", "geometry": {"type": "LineString", "coordinates": [[-91.539, 15.151], [-91.539, 15.15]]}, "properties": {"v": 138000, "c": 1, "f": "60", "oid": 973140136}}, {"type": "Feature", "geometry": {"type": "LineString", "coordinates": [[-91.538, 15.149], [-91.539, 15.15]]}, "properties": {"v": 230000, "c": 2, "f": "60", "oid": 329699447}}, {"type": "Feature", "geometry": {"type": "LineString", "coordinates": [[-90.103, 15.512], [-90.103, 15.514]]}, "properties": {"v": 230000, "f": "60", "oid": 768644193}}, {"type": "Feature", "geometry": {"type": "LineString", "coordinates": [[-91.538, 15.15], [-91.539, 15.15]]}, "properties": {"v": 230000, "f": "60", "oid": 973140133}}, {"type": "Feature", "geometry": {"type": "LineString", "coordinates": [[-90.103, 15.512], [-90.102, 15.514]]}, "properties": {"v": 230000, "f": "60", "oid": 768644194}}, {"type": "Feature", "geometry": {"type": "LineString", "coordinates": [[-90.625, 15.458], [-90.622, 15.447]]}, "properties": {"v": 230000, "f": "60", "oid": 1254923125}}, {"type": "Feature", "geometry": {"type": "LineString", "coordinates": [[-90.874, 15.486], [-90.872, 15.49]]}, "properties": {"v": 230000, "f": "60", "oid": 768131922}}, {"type": "Feature", "geometry": {"type": "LineString", "coordinates": [[-91.541, 15.15], [-91.542, 15.151]]}, "properties": {"v": 138000, "c": 1, "f": "60", "oid": 973140139}}, {"type": "Feature", "geometry": {"type": "LineString", "coordinates": [[-91.539, 15.15], [-91.537, 15.151]]}, "properties": {"v": 230000, "f": "60", "oid": 973140134}}, {"type": "Feature", "geometry": {"type": "LineString", "coordinates": [[-90.874, 15.486], [-90.874, 15.502]]}, "properties": {"v": 230000, "f": "60", "oid": 596564598}}, {"type": "Feature", "geometry": {"type": "LineString", "coordinates": [[-90.628, 15.451], [-90.625, 15.458]]}, "properties": {"v": 230000, "f": "60", "oid": 596572060}}, {"type": "Feature", "geometry": {"type": "LineString", "coordinates": [[-91.542, 15.151], [-91.539, 15.15]]}, "properties": {"v": 138000, "c": 2, "f": "60", "oid": 973140135}}, {"type": "Feature", "geometry": {"type": "LineString", "coordinates": [[-90.622, 15.447], [-90.629, 15.451]]}, "properties": {"v": 230000, "f": "60", "oid": 1254923124}}, {"type": "Feature", "geometry": {"type": "LineString", "coordinates": [[-91.542, 15.151], [-91.555, 15.169]]}, "properties": {"v": 138000, "c": 1, "f": "60", "oid": 973140138}}, {"type": "Feature", "geometry": {"type": "LineString", "coordinates": [[-90.609, 15.494], [-90.625, 15.458]]}, "properties": {"v": 230000, "c": 2, "f": "60", "oid": 1254923126}}, {"type": "Feature", "geometry": {"type": "LineString", "coordinates": [[-91.537, 15.151], [-91.428, 15.349]]}, "properties": {"v": 230000, "c": 1, "f": "60", "oid": 1247752626}}, {"type": "Feature", "geometry": {"type": "LineString", "coordinates": [[-90.282, 15.269], [-90.108, 15.436], [-90.103, 15.514]]}, "properties": {"v": 230000, "f": "60", "oid": 768120378}}, {"type": "Feature", "geometry": {"type": "LineString", "coordinates": [[-91.095, 15.666], [-91.095, 15.521], [-90.872, 15.491]]}, "properties": {"v": 230000, "f": "60", "oid": 768484696}}, {"type": "Feature", "geometry": {"type": "LineString", "coordinates": [[-90.629, 15.45], [-90.733, 15.416], [-90.874, 15.486]]}, "properties": {"v": 230000, "f": "60", "oid": 329884103}}, {"type": "Feature", "geometry": {"type": "LineString", "coordinates": [[-90.177, 15.496], [-90.327, 15.317]]}, "properties": {"v": 69000, "oid": 768644196}}, {"type": "Feature", "geometry": {"type": "LineString", "coordinates": [[-87.799, 15.413], [-87.913, 15.421]]}, "properties": {"v": 138000, "nm": "L - 529", "op": "ENEE", "f": "60", "oid": 768850898}}, {"type": "Feature", "geometry": {"type": "LineString", "coordinates": [[-87.799, 15.413], [-87.797, 15.418]]}, "properties": {"v": 138000, "nm": "L - 515", "op": "ENEE", "f": "60", "oid": 1029436196}}, {"type": "Feature", "geometry": {"type": "LineString", "coordinates": [[-88.008, 15.472], [-87.99, 15.413]]}, "properties": {"v": 138000, "c": 2, "f": "60", "oid": 398974789}}, {"type": "Feature", "geometry": {"type": "LineString", "coordinates": [[-87.937, 15.597], [-87.99, 15.413]]}, "properties": {"v": 138000, "c": 2, "f": "60", "oid": 398974790}}, {"type": "Feature", "geometry": {"type": "LineString", "coordinates": [[-87.913, 15.421], [-87.981, 15.419]]}, "properties": {"v": 138000, "f": "60", "oid": 398974791}}, {"type": "Feature", "geometry": {"type": "LineString", "coordinates": [[-87.938, 15.418], [-87.957, 15.452]]}, "properties": {"v": 138000, "op": "ENEE", "oid": 1194102176}}, {"type": "Feature", "geometry": {"type": "LineString", "coordinates": [[-87.797, 15.418], [-87.77, 15.49], [-87.661, 15.52]]}, "properties": {"v": 138000, "f": "60", "oid": 775706509}}, {"type": "Feature", "geometry": {"type": "LineString", "coordinates": [[-88.028, 15.476], [-88.008, 15.472]]}, "properties": {"v": 138000, "f": "60", "oid": 768850896}}, {"type": "Feature", "geometry": {"type": "LineString", "coordinates": [[-88.008, 15.472], [-88.004, 15.504]]}, "properties": {"v": 138000, "f": "60", "oid": 768850897}}, {"type": "Feature", "geometry": {"type": "LineString", "coordinates": [[-88.004, 15.504], [-88.013, 15.534]]}, "properties": {"v": 138000, "f": "60", "oid": 776347828}}, {"type": "Feature", "geometry": {"type": "LineString", "coordinates": [[-87.661, 15.52], [-87.59, 15.695], [-87.488, 15.757]]}, "properties": {"v": 138000, "f": "60", "oid": 775718128}}, {"type": "Feature", "geometry": {"type": "LineString", "coordinates": [[-87.946, 15.598], [-88.013, 15.534]]}, "properties": {"v": 138000, "c": 2, "f": "60", "oid": 398979589}}, {"type": "Feature", "geometry": {"type": "LineString", "coordinates": [[-87.488, 15.757], [-87.375, 15.772], [-87.323, 15.638], [-87.21, 15.592], [-86.794, 15.758]]}, "properties": {"v": 138000, "f": "60", "oid": 775727100}}, {"type": "Feature", "geometry": {"type": "LineString", "coordinates": [[-87.946, 15.6], [-87.937, 15.597]]}, "properties": {"v": 138000, "c": 1, "f": "60", "oid": 776347823}}, {"type": "Feature", "geometry": {"type": "LineString", "coordinates": [[-87.946, 15.6], [-87.946, 15.598]]}, "properties": {"v": 138000, "c": 1, "f": "60", "oid": 776347827}}, {"type": "Feature", "geometry": {"type": "LineString", "coordinates": [[-87.946, 15.603], [-87.946, 15.6]]}, "properties": {"v": 138000, "f": "60", "oid": 776347821}}, {"type": "Feature", "geometry": {"type": "LineString", "coordinates": [[-87.947, 15.62], [-87.946, 15.603]]}, "properties": {"v": 138000, "c": 2, "f": "60", "oid": 776347826}}, {"type": "Feature", "geometry": {"type": "LineString", "coordinates": [[-87.971, 15.621], [-87.947, 15.62]]}, "properties": {"v": 138000, "c": 2, "f": "60", "oid": 776347820}}, {"type": "Feature", "geometry": {"type": "LineString", "coordinates": [[-87.945, 15.67], [-87.947, 15.62]]}, "properties": {"v": 138000, "c": 2, "f": "60", "oid": 776347818}}, {"type": "Feature", "geometry": {"type": "LineString", "coordinates": [[-87.927, 15.708], [-87.944, 15.672]]}, "properties": {"v": 138000, "c": 2, "f": "60", "oid": 776351491}}, {"type": "Feature", "geometry": {"type": "LineString", "coordinates": [[-87.919, 15.826], [-87.852, 15.774], [-87.927, 15.708]]}, "properties": {"v": 138000, "c": 2, "f": "60", "oid": 776195373}}, {"type": "Feature", "geometry": {"type": "LineString", "coordinates": [[-87.929, 15.701], [-87.945, 15.671]]}, "properties": {"v": 138000, "c": 1, "f": "60", "oid": 1255280662}}, {"type": "Feature", "geometry": {"type": "LineString", "coordinates": [[-87.945, 15.67], [-87.944, 15.671]]}, "properties": {"v": 138000, "f": "60", "oid": 776347816}}, {"type": "Feature", "geometry": {"type": "LineString", "coordinates": [[-87.945, 15.671], [-87.945, 15.67]]}, "properties": {"v": 138000, "f": "60", "oid": 776347815}}, {"type": "Feature", "geometry": {"type": "LineString", "coordinates": [[-87.929, 15.702], [-87.928, 15.704]]}, "properties": {"v": 138000, "c": 1, "f": "60", "oid": 1255280661}}, {"type": "Feature", "geometry": {"type": "LineString", "coordinates": [[-87.929, 15.708], [-87.927, 15.708]]}, "properties": {"v": 138000, "c": 2, "f": "60", "oid": 776351487}}, {"type": "Feature", "geometry": {"type": "LineString", "coordinates": [[-86.794, 15.758], [-86.782, 15.762]]}, "properties": {"v": 138000, "f": "60", "oid": 885283894}}, {"type": "Feature", "geometry": {"type": "LineString", "coordinates": [[-86.782, 15.762], [-86.767, 15.767]]}, "properties": {"v": 138000, "f": "60", "oid": 776058626}}, {"type": "Feature", "geometry": {"type": "LineString", "coordinates": [[-80.37, 8.402], [-80.366, 8.459]]}, "properties": {"v": 0, "oid": 1237548320}}, {"type": "Feature", "geometry": {"type": "LineString", "coordinates": [[-80.386, 8.393], [-80.372, 8.399]]}, "properties": {"v": 0, "oid": 771962486}}, {"type": "Feature", "geometry": {"type": "LineString", "coordinates": [[-80.369, 8.402], [-80.39, 8.426]]}, "properties": {"v": 0, "oid": 1237548321}}, {"type": "Feature", "geometry": {"type": "LineString", "coordinates": [[-79.433, 9.592], [-79.467, 9.581]]}, "properties": {"v": 0, "nm": "Electric Line", "oid": 253891042}}, {"type": "Feature", "geometry": {"type": "LineString", "coordinates": [[-79.91, 9.278], [-79.914, 9.304]]}, "properties": {"v": 0, "oid": 1095218336}}, {"type": "Feature", "geometry": {"type": "LineString", "coordinates": [[-79.794, 9.328], [-79.802, 9.346]]}, "properties": {"v": 0, "oid": 192770757}}, {"type": "Feature", "geometry": {"type": "LineString", "coordinates": [[-79.64, 9.06], [-79.617, 9.211]]}, "properties": {"v": 0, "c": 2, "f": "60", "oid": 192992066}}, {"type": "Feature", "geometry": {"type": "LineString", "coordinates": [[-79.622, 9.031], [-79.64, 9.058]]}, "properties": {"v": 0, "c": 1, "f": "60", "oid": 1256472848}}, {"type": "Feature", "geometry": {"type": "LineString", "coordinates": [[-79.622, 9.031], [-79.596, 9.006]]}, "properties": {"v": 0, "c": 1, "f": "60", "oid": 1095218331}}, {"type": "Feature", "geometry": {"type": "LineString", "coordinates": [[-79.596, 9.006], [-79.622, 9.031]]}, "properties": {"v": 0, "c": 1, "f": "60", "oid": 1095218332}}, {"type": "Feature", "geometry": {"type": "LineString", "coordinates": [[-79.564, 8.97], [-79.59, 9.002]]}, "properties": {"v": 0, "oid": 1095218300}}, {"type": "Feature", "geometry": {"type": "LineString", "coordinates": [[-79.589, 9.002], [-79.564, 8.97]]}, "properties": {"v": 0, "oid": 1095218301}}, {"type": "Feature", "geometry": {"type": "LineString", "coordinates": [[-79.561, 8.96], [-79.564, 8.97]]}, "properties": {"v": 0, "oid": 1095218299}}, {"type": "Feature", "geometry": {"type": "LineString", "coordinates": [[-79.503, 8.988], [-79.461, 9.048]]}, "properties": {"v": 0, "op": "Naturgy", "oid": 1054120607}}, {"type": "Feature", "geometry": {"type": "LineString", "coordinates": [[-87.123, 12.616], [-87.139, 12.613]]}, "properties": {"v": 0, "oid": 1095567577}}, {"type": "Feature", "geometry": {"type": "LineString", "coordinates": [[-86.719, 12.209], [-86.728, 12.201]]}, "properties": {"v": 0, "oid": 1336905005}}, {"type": "Feature", "geometry": {"type": "LineString", "coordinates": [[-87.207, 13.298], [-87.272, 13.357]]}, "properties": {"v": 0, "f": "60", "oid": 775694633}}, {"type": "Feature", "geometry": {"type": "LineString", "coordinates": [[-86.965, 13.916], [-86.968, 13.861]]}, "properties": {"v": 0, "oid": 1223917649}}, {"type": "Feature", "geometry": {"type": "LineString", "coordinates": [[-87.024, 14.012], [-86.981, 14.005]]}, "properties": {"v": 0, "nm": "L423", "oid": 1223917648}}, {"type": "Feature", "geometry": {"type": "LineString", "coordinates": [[-87.146, 14.072], [-87.152, 14.058]]}, "properties": {"v": 0, "oid": 1193887579}}, {"type": "Feature", "geometry": {"type": "LineString", "coordinates": [[-88.798, 13.526], [-88.808, 13.533]]}, "properties": {"v": 0, "c": 1, "f": "60", "oid": 1236607248}}, {"type": "Feature", "geometry": {"type": "LineString", "coordinates": [[-89.237, 13.686], [-89.252, 13.674]]}, "properties": {"v": 0, "oid": 1261993575}}, {"type": "Feature", "geometry": {"type": "LineString", "coordinates": [[-89.205, 13.693], [-89.215, 13.692]]}, "properties": {"v": 0, "oid": 1261993574}}, {"type": "Feature", "geometry": {"type": "LineString", "coordinates": [[-89.78, 13.615], [-89.792, 13.615]]}, "properties": {"v": 0, "oid": 1058686035}}, {"type": "Feature", "geometry": {"type": "LineString", "coordinates": [[-89.773, 13.619], [-89.784, 13.626]]}, "properties": {"v": 0, "oid": 1058686036}}, {"type": "Feature", "geometry": {"type": "LineString", "coordinates": [[-89.234, 13.795], [-89.247, 13.818]]}, "properties": {"v": 0, "oid": 673983957}}, {"type": "Feature", "geometry": {"type": "LineString", "coordinates": [[-89.247, 13.818], [-89.26, 13.835]]}, "properties": {"v": 0, "oid": 673983958}}, {"type": "Feature", "geometry": {"type": "LineString", "coordinates": [[-91.525, 14.727], [-91.537, 14.822]]}, "properties": {"v": 0, "oid": 1067624653}}, {"type": "Feature", "geometry": {"type": "LineString", "coordinates": [[-91.532, 14.689], [-91.525, 14.719]]}, "properties": {"v": 0, "oid": 1247752622}}, {"type": "Feature", "geometry": {"type": "LineString", "coordinates": [[-91.014, 14.781], [-91.001, 14.766]]}, "properties": {"v": 0, "oid": 1130668550}}, {"type": "Feature", "geometry": {"type": "LineString", "coordinates": [[-90.349, 14.294], [-90.291, 14.252]]}, "properties": {"v": 0, "f": "60", "oid": 554189619}}, {"type": "Feature", "geometry": {"type": "LineString", "coordinates": [[-90.717, 14.398], [-90.707, 14.405]]}, "properties": {"v": 0, "oid": 1138138312}}, {"type": "Feature", "geometry": {"type": "LineString", "coordinates": [[-91.275, 14.692], [-91.286, 14.709]]}, "properties": {"v": 0, "oid": 1138023718}}, {"type": "Feature", "geometry": {"type": "LineString", "coordinates": [[-91.193, 14.397], [-91.186, 14.405]]}, "properties": {"v": 0, "oid": 1162246981}}, {"type": "Feature", "geometry": {"type": "LineString", "coordinates": [[-91.145, 14.438], [-91.151, 14.429]]}, "properties": {"v": 0, "oid": 1162246978}}, {"type": "Feature", "geometry": {"type": "LineString", "coordinates": [[-91.148, 14.734], [-91.136, 14.723]]}, "properties": {"v": 0, "oid": 1138023717}}, {"type": "Feature", "geometry": {"type": "LineString", "coordinates": [[-91.113, 14.706], [-91.108, 14.668]]}, "properties": {"v": 0, "oid": 1138023710}}, {"type": "Feature", "geometry": {"type": "LineString", "coordinates": [[-91.382, 14.845], [-91.469, 14.854]]}, "properties": {"v": 0, "oid": 1355506113}}, {"type": "Feature", "geometry": {"type": "LineString", "coordinates": [[-91.365, 14.874], [-91.363, 14.846]]}, "properties": {"v": 0, "oid": 1355506114}}, {"type": "Feature", "geometry": {"type": "LineString", "coordinates": [[-91.363, 14.846], [-91.311, 14.815]]}, "properties": {"v": 0, "oid": 1355510658}}, {"type": "Feature", "geometry": {"type": "LineString", "coordinates": [[-91.5, 14.855], [-91.469, 14.854]]}, "properties": {"v": 0, "oid": 1355506115}}, {"type": "Feature", "geometry": {"type": "LineString", "coordinates": [[-90.705, 14.401], [-90.711, 14.391]]}, "properties": {"v": 0, "oid": 1058211519}}, {"type": "Feature", "geometry": {"type": "LineString", "coordinates": [[-90.68, 14.408], [-90.691, 14.401]]}, "properties": {"v": 0, "oid": 1138138316}}, {"type": "Feature", "geometry": {"type": "LineString", "coordinates": [[-90.68, 14.408], [-90.657, 14.43]]}, "properties": {"v": 0, "oid": 1138138313}}, {"type": "Feature", "geometry": {"type": "LineString", "coordinates": [[-90.576, 14.46], [-90.562, 14.455]]}, "properties": {"v": 0, "oid": 1138033550}}, {"type": "Feature", "geometry": {"type": "LineString", "coordinates": [[-90.563, 14.454], [-90.582, 14.463]]}, "properties": {"v": 0, "oid": 1138033551}}, {"type": "Feature", "geometry": {"type": "LineString", "coordinates": [[-90.802, 14.309], [-90.778, 14.315]]}, "properties": {"v": 0, "oid": 1058211502}}, {"type": "Feature", "geometry": {"type": "LineString", "coordinates": [[-90.73, 14.533], [-90.721, 14.519]]}, "properties": {"v": 0, "oid": 1058103339}}, {"type": "Feature", "geometry": {"type": "LineString", "coordinates": [[-88.86, 15.494], [-88.867, 15.487]]}, "properties": {"v": 0, "oid": 1284512136}}, {"type": "Feature", "geometry": {"type": "LineString", "coordinates": [[-88.865, 15.488], [-88.826, 15.514]]}, "properties": {"v": 0, "oid": 1110676942}}, {"type": "Feature", "geometry": {"type": "LineString", "coordinates": [[-89.015, 15.646], [-89.024, 15.655]]}, "properties": {"v": 0, "oid": 1352080115}}, {"type": "Feature", "geometry": {"type": "LineString", "coordinates": [[-87.322, 14.749], [-87.362, 14.737]]}, "properties": {"v": 0, "oid": 367355674}}, {"type": "Feature", "geometry": {"type": "LineString", "coordinates": [[-87.322, 14.749], [-87.333, 14.791]]}, "properties": {"v": 0, "oid": 367355673}}, {"type": "Feature", "geometry": {"type": "LineString", "coordinates": [[-90.566, 14.6], [-90.584, 14.612]]}, "properties": {"v": 0, "oid": 1058211505}}, {"type": "Feature", "geometry": {"type": "LineString", "coordinates": [[-90.53, 14.649], [-90.523, 14.642]]}, "properties": {"v": 0, "oid": 1115595395}}, {"type": "Feature", "geometry": {"type": "LineString", "coordinates": [[-90.515, 14.666], [-90.503, 14.664]]}, "properties": {"v": 0, "oid": 1138377443}}, {"type": "Feature", "geometry": {"type": "LineString", "coordinates": [[-90.989, 14.753], [-90.985, 14.74]]}, "properties": {"v": 0, "oid": 1123503864}}, {"type": "Feature", "geometry": {"type": "LineString", "coordinates": [[-82.416, 8.451], [-82.379, 8.452]]}, "properties": {"v": 0, "oid": 192795256}}, {"type": "Feature", "geometry": {"type": "LineString", "coordinates": [[-82.379, 8.452], [-82.398, 8.449]]}, "properties": {"v": 0, "oid": 496525253}}, {"type": "Feature", "geometry": {"type": "LineString", "coordinates": [[-82.593, 8.498], [-82.609, 8.511]]}, "properties": {"v": 0, "oid": 1078792369}}, {"type": "Feature", "geometry": {"type": "LineString", "coordinates": [[-82.632, 8.665], [-82.639, 8.644]]}, "properties": {"v": 0, "oid": 1236664332}}, {"type": "Feature", "geometry": {"type": "LineString", "coordinates": [[-80.354, 8.501], [-80.355, 8.515]]}, "properties": {"v": 0, "oid": 1306257181}}, {"type": "Feature", "geometry": {"type": "LineString", "coordinates": [[-80.354, 8.501], [-80.344, 8.502]]}, "properties": {"v": 0, "oid": 1306250839}}, {"type": "Feature", "geometry": {"type": "LineString", "coordinates": [[-80.354, 8.501], [-80.355, 8.515]]}, "properties": {"v": 0, "oid": 1306257182}}, {"type": "Feature", "geometry": {"type": "LineString", "coordinates": [[-82.617, 9.341], [-82.565, 9.406]]}, "properties": {"v": 0, "oid": 1026766777}}, {"type": "Feature", "geometry": {"type": "LineString", "coordinates": [[-82.826, 8.683], [-82.814, 8.666]]}, "properties": {"v": 0, "oid": 674490558}}, {"type": "Feature", "geometry": {"type": "LineString", "coordinates": [[-82.619, 8.678], [-82.63, 8.669]]}, "properties": {"v": 0, "oid": 1236664331}}, {"type": "Feature", "geometry": {"type": "LineString", "coordinates": [[-82.446, 8.702], [-82.444, 8.711]]}, "properties": {"v": 0, "oid": 1078792370}}, {"type": "Feature", "geometry": {"type": "LineString", "coordinates": [[-84.234, 9.942], [-84.223, 9.936]]}, "properties": {"v": 0, "op": "CNFL", "c": 2, "oid": 1347243509}}, {"type": "Feature", "geometry": {"type": "LineString", "coordinates": [[-84.023, 9.822], [-83.999, 9.856]]}, "properties": {"v": 0, "nm": "ICE", "oid": 905560345}}, {"type": "Feature", "geometry": {"type": "LineString", "coordinates": [[-84.087, 9.817], [-84.023, 9.822]]}, "properties": {"v": 0, "nm": "El Este - Higuito / Tejar - Pirris", "op": "ICE", "oid": 895624538}}, {"type": "Feature", "geometry": {"type": "LineString", "coordinates": [[-83.944, 9.841], [-83.951, 9.835]]}, "properties": {"v": 0, "nm": "Línea Eléctrica primaria de Barrio Nuevo", "op": "JASEC", "oid": 865252629}}, {"type": "Feature", "geometry": {"type": "LineString", "coordinates": [[-84.273, 10.367], [-84.276, 10.345]]}, "properties": {"v": 0, "oid": 1376952840}}, {"type": "Feature", "geometry": {"type": "LineString", "coordinates": [[-84.264, 10.347], [-84.275, 10.357]]}, "properties": {"v": 0, "oid": 1362435073}}, {"type": "Feature", "geometry": {"type": "LineString", "coordinates": [[-85.182, 10.718], [-85.193, 10.702]]}, "properties": {"v": 0, "f": "60", "oid": 330072348}}, {"type": "Feature", "geometry": {"type": "LineString", "coordinates": [[-85.103, 10.465], [-85.079, 10.471]]}, "properties": {"v": 0, "oid": 772671024}}, {"type": "Feature", "geometry": {"type": "LineString", "coordinates": [[-84.996, 10.482], [-84.989, 10.524]]}, "properties": {"v": 0, "oid": 1255952234}}, {"type": "Feature", "geometry": {"type": "LineString", "coordinates": [[-84.799, 13.019], [-84.747, 13.047]]}, "properties": {"v": 0, "oid": 405361663}}, {"type": "Feature", "geometry": {"type": "LineString", "coordinates": [[-84.68, 13.691], [-84.63, 13.684]]}, "properties": {"v": 0, "oid": 1336904991}}, {"type": "Feature", "geometry": {"type": "LineString", "coordinates": [[-84.776, 13.711], [-84.754, 13.711]]}, "properties": {"v": 0, "oid": 1336904993}}, {"type": "Feature", "geometry": {"type": "LineString", "coordinates": [[-86.153, 11.905], [-86.17, 11.899]]}, "properties": {"v": 0, "oid": 202360451}}, {"type": "Feature", "geometry": {"type": "LineString", "coordinates": [[-86.559, 12.396], [-86.583, 12.426]]}, "properties": {"v": 0, "oid": 305399866}}, {"type": "Feature", "geometry": {"type": "LineString", "coordinates": [[-85.792, 12.853], [-85.703, 12.798], [-85.483, 12.826]]}, "properties": {"v": 0, "f": "60", "oid": 405163251}}, {"type": "Feature", "geometry": {"type": "LineString", "coordinates": [[-86.843, 12.938], [-86.522, 12.855]]}, "properties": {"v": 0, "oid": 1336904997}}, {"type": "Feature", "geometry": {"type": "LineString", "coordinates": [[-86.35, 13.121], [-86.351, 13.109]]}, "properties": {"v": 0, "oid": 45849776}}, {"type": "Feature", "geometry": {"type": "LineString", "coordinates": [[-85.359, 10.756], [-85.346, 10.759]]}, "properties": {"v": 0, "oid": 1360662633}}, {"type": "Feature", "geometry": {"type": "LineString", "coordinates": [[-84.206, 9.953], [-84.193, 9.949]]}, "properties": {"v": 0, "op": "CNFL", "oid": 1346988238}}, {"type": "Feature", "geometry": {"type": "LineString", "coordinates": [[-84.188, 9.947], [-84.19, 9.956]]}, "properties": {"v": 0, "op": "CNFL", "oid": 1346988254}}, {"type": "Feature", "geometry": {"type": "LineString", "coordinates": [[-90.327, 15.317], [-90.323, 15.307]]}, "properties": {"v": 0, "oid": 1311612366}}, {"type": "Feature", "geometry": {"type": "LineString", "coordinates": [[-91.095, 15.667], [-91.088, 15.621]]}, "properties": {"v": 0, "oid": 1091625213}}, {"type": "Feature", "geometry": {"type": "LineString", "coordinates": [[-90.206, 15.194], [-90.217, 15.226]]}, "properties": {"v": 0, "oid": 1311612370}}, {"type": "Feature", "geometry": {"type": "LineString", "coordinates": [[-90.327, 15.317], [-90.341, 15.323]]}, "properties": {"v": 0, "oid": 1311612367}}, {"type": "Feature", "geometry": {"type": "LineString", "coordinates": [[-90.326, 15.316], [-90.304, 15.316]]}, "properties": {"v": 0, "oid": 1311612365}}, {"type": "Feature", "geometry": {"type": "LineString", "coordinates": [[-90.065, 15.504], [-90.102, 15.514]]}, "properties": {"v": 0, "oid": 1091625195}}, {"type": "Feature", "geometry": {"type": "LineString", "coordinates": [[-88.599, 15.694], [-88.58, 15.708]]}, "properties": {"v": 0, "oid": 1293730514}}, {"type": "Feature", "geometry": {"type": "LineString", "coordinates": [[-87.919, 15.826], [-87.909, 15.822]]}, "properties": {"v": 0, "c": 1, "f": "60", "oid": 776195370}}]}