{"type": "FeatureCollection", "features": [{"type": "Feature", "id": 0, "geometry": {"type": "Point", "coordinates": [107.012, 11.04]}, "properties": {"name": "Vinh Tan Waste-to-Energy power station", "fuel": "biomass", "mw": 30.0, "country": "VNM", "status": "planned"}}, {"type": "Feature", "id": 1, "geometry": {"type": "Point", "coordinates": [101.125, 14.645]}, "properties": {"name": "TPI Power power station", "fuel": "biomass", "mw": 90.0, "country": "THA", "status": "operating"}}, {"type": "Feature", "id": 2, "geometry": {"type": "Point", "coordinates": [105.836, 21.34]}, "properties": {"name": "Soc Son Waste-to-Energy power station", "fuel": "biomass", "mw": 30.0, "country": "VNM", "status": "operating"}}, {"type": "Feature", "id": 3, "geometry": {"type": "Point", "coordinates": [105.836, 21.34]}, "properties": {"name": "Soc Son Waste-to-Energy power station", "fuel": "biomass", "mw": 45.0, "country": "VNM", "status": "operating"}}, {"type": "Feature", "id": 4, "geometry": {"type": "Point", "coordinates": [106.427, 10.967]}, "properties": {"name": "Cu Chi Waste-to-Energy power station", "fuel": "biomass", "mw": 40.0, "country": "VNM", "status": "construction"}}, {"type": "Feature", "id": 5, "geometry": {"type": "Point", "coordinates": [102.845, 16.714]}, "properties": {"name": "Khon Kaen Sugar Power power station", "fuel": "biomass", "mw": 30.0, "country": "THA", "status": "operating"}}, {"type": "Feature", "id": 6, "geometry": {"type": "Point", "coordinates": [99.762, 14.84]}, "properties": {"name": "Mitr Biopower Dan Chang power station", "fuel": "biomass", "mw": 41.0, "country": "THA", "status": "operating"}}, {"type": "Feature", "id": 7, "geometry": {"type": "Point", "coordinates": [99.762, 14.84]}, "properties": {"name": "Mitr Biopower Dan Chang power station", "fuel": "biomass", "mw": 32.0, "country": "THA", "status": "operating"}}, {"type": "Feature", "id": 8, "geometry": {"type": "Point", "coordinates": [101.822, 17.192]}, "properties": {"name": "Mitr Biopower Phu Luang power station", "fuel": "biomass", "mw": 41.0, "country": "THA", "status": "operating"}}, {"type": "Feature", "id": 9, "geometry": {"type": "Point", "coordinates": [104.038, 16.466]}, "properties": {"name": "Mitr Kalasin power station", "fuel": "biomass", "mw": 68.0, "country": "THA", "status": "operating"}}, {"type": "Feature", "id": 10, "geometry": {"type": "Point", "coordinates": [102.12, 16.482]}, "properties": {"name": "Mitr Biopower Chaiyaphum power station", "fuel": "biomass", "mw": 103.0, "country": "THA", "status": "operating"}}, {"type": "Feature", "id": 11, "geometry": {"type": "Point", "coordinates": [101.545, 13.906]}, "properties": {"name": "National Power Plant 4 power station", "fuel": "biomass", "mw": 37.0, "country": "THA", "status": "operating"}}, {"type": "Feature", "id": 12, "geometry": {"type": "Point", "coordinates": [101.545, 13.906]}, "properties": {"name": "National Power Plant 5 power station", "fuel": "biomass", "mw": 37.0, "country": "THA", "status": "operating"}}, {"type": "Feature", "id": 13, "geometry": {"type": "Point", "coordinates": [101.628, 13.974]}, "properties": {"name": "National Power Plant 5A power station", "fuel": "biomass", "mw": 98.0, "country": "THA", "status": "operating"}}, {"type": "Feature", "id": 14, "geometry": {"type": "Point", "coordinates": [101.545, 13.906]}, "properties": {"name": "National Power Plant 6 power station", "fuel": "biomass", "mw": 37.0, "country": "THA", "status": "operating"}}, {"type": "Feature", "id": 15, "geometry": {"type": "Point", "coordinates": [101.586, 13.931]}, "properties": {"name": "National Power Plant 9 power station", "fuel": "biomass", "mw": 135.0, "country": "THA", "status": "operating"}}, {"type": "Feature", "id": 16, "geometry": {"type": "Point", "coordinates": [101.334, 13.758]}, "properties": {"name": "Panom Sarakham Mill power station", "fuel": "biomass", "mw": 47.0, "country": "THA", "status": "operating"}}, {"type": "Feature", "id": 17, "geometry": {"type": "Point", "coordinates": [101.125, 14.645]}, "properties": {"name": "TPI Power power station", "fuel": "biomass", "mw": 70.0, "country": "THA", "status": "operating"}}, {"type": "Feature", "id": 18, "geometry": {"type": "Point", "coordinates": [105.427, 21.13]}, "properties": {"name": "Seraphin Waste-to-Energy power station", "fuel": "biomass", "mw": 37.0, "country": "VNM", "status": "operating"}}, {"type": "Feature", "id": 19, "geometry": {"type": "Point", "coordinates": [108.974, 11.411]}, "properties": {"name": "Ninh Thu\u1eadn 1 nuclear power plant", "fuel": "nuclear", "mw": 1200.0, "country": "VNM", "status": "planned"}}, {"type": "Feature", "id": 20, "geometry": {"type": "Point", "coordinates": [108.974, 11.411]}, "properties": {"name": "Ninh Thu\u1eadn 1 nuclear power plant", "fuel": "nuclear", "mw": 1200.0, "country": "VNM", "status": "planned"}}, {"type": "Feature", "id": 21, "geometry": {"type": "Point", "coordinates": [109.175, 11.69]}, "properties": {"name": "Ninh Thu\u1eadn 2 nuclear power plant", "fuel": "nuclear", "mw": 1100.0, "country": "VNM", "status": "planned"}}, {"type": "Feature", "id": 22, "geometry": {"type": "Point", "coordinates": [109.175, 11.69]}, "properties": {"name": "Ninh Thu\u1eadn 2 nuclear power plant", "fuel": "nuclear", "mw": 1100.0, "country": "VNM", "status": "planned"}}, {"type": "Feature", "id": 23, "geometry": {"type": "Point", "coordinates": [105.836, 21.34]}, "properties": {"name": "Soc Son Waste-to-Energy power station", "fuel": "biomass", "mw": 15.0, "country": "VNM", "status": "operating"}}, {"type": "Feature", "id": 24, "geometry": {"type": "Point", "coordinates": [107.012, 11.04]}, "properties": {"name": "Vinh Tan Waste-to-Energy power station", "fuel": "biomass", "mw": 10.0, "country": "VNM", "status": "planned"}}, {"type": "Feature", "id": 25, "geometry": {"type": "Point", "coordinates": [105.549, 9.673]}, "properties": {"name": "Hau Giang Biomass power station", "fuel": "biomass", "mw": 10.0, "country": "VNM", "status": "operating"}}, {"type": "Feature", "id": 26, "geometry": {"type": "Point", "coordinates": [105.245, 21.732]}, "properties": {"name": "Tuyen Quang Biomass power station", "fuel": "biomass", "mw": 50.0, "country": "VNM", "status": "planned"}}, {"type": "Feature", "id": 27, "geometry": {"type": "Point", "coordinates": [104.901, 21.709]}, "properties": {"name": "Yen Bai Biomass power station", "fuel": "biomass", "mw": 50.0, "country": "VNM", "status": "planned"}}, {"type": "Feature", "id": 28, "geometry": {"type": "Point", "coordinates": [105.892, 18.342]}, "properties": {"name": "Ha Tinh Biomass power station", "fuel": "biomass", "mw": 50.0, "country": "VNM", "status": "operating"}}, {"type": "Feature", "id": 29, "geometry": {"type": "Point", "coordinates": [105.549, 9.673]}, "properties": {"name": "Hau Giang Biomass power station", "fuel": "biomass", "mw": 10.0, "country": "VNM", "status": "operating"}}, {"type": "Feature", "id": 30, "geometry": {"type": "Point", "coordinates": [105.348, 20.817]}, "properties": {"name": "Hoa Binh Biomass power station", "fuel": "biomass", "mw": 100.0, "country": "VNM", "status": "planned"}}, {"type": "Feature", "id": 31, "geometry": {"type": "Point", "coordinates": [105.235, 21.425]}, "properties": {"name": "Phu Tho Biomass power station", "fuel": "biomass", "mw": 50.0, "country": "VNM", "status": "planned"}}, {"type": "Feature", "id": 32, "geometry": {"type": "Point", "coordinates": [105.837, 22.148]}, "properties": {"name": "Bac Kan Biomass power station", "fuel": "biomass", "mw": 50.0, "country": "VNM", "status": "planned"}}, {"type": "Feature", "id": 33, "geometry": {"type": "Point", "coordinates": [105.783, 19.81]}, "properties": {"name": "Thanh Hoa Biomass power station", "fuel": "biomass", "mw": 50.0, "country": "VNM", "status": "planned"}}, {"type": "Feature", "id": 34, "geometry": {"type": "Point", "coordinates": [105.783, 19.81]}, "properties": {"name": "Thanh Hoa Biomass power station", "fuel": "biomass", "mw": 60.0, "country": "VNM", "status": "planned"}}, {"type": "Feature", "id": 35, "geometry": {"type": "Point", "coordinates": [106.399, 17.592]}, "properties": {"name": "Quang Binh Biomass power station", "fuel": "biomass", "mw": 109.0, "country": "VNM", "status": "planned"}}, {"type": "Feature", "id": 36, "geometry": {"type": "Point", "coordinates": [108.325, 12.801]}, "properties": {"name": "Dak Lak Biomass power station", "fuel": "biomass", "mw": 125.0, "country": "VNM", "status": "planned"}}, {"type": "Feature", "id": 37, "geometry": {"type": "Point", "coordinates": [105.747, 10.042]}, "properties": {"name": "Can Tho Biomass power station", "fuel": "biomass", "mw": 100.0, "country": "VNM", "status": "planned"}}, {"type": "Feature", "id": 38, "geometry": {"type": "Point", "coordinates": [106.254, 10.719]}, "properties": {"name": "Long An Biomass power station", "fuel": "biomass", "mw": 75.0, "country": "VNM", "status": "planned"}}, {"type": "Feature", "id": 39, "geometry": {"type": "Point", "coordinates": [106.701, 11.734]}, "properties": {"name": "Binh Phuoc Biomass power station", "fuel": "biomass", "mw": 50.0, "country": "VNM", "status": "planned"}}, {"type": "Feature", "id": 40, "geometry": {"type": "Point", "coordinates": [103.972, 22.471]}, "properties": {"name": "Lao Cai Biomass power station", "fuel": "biomass", "mw": 30.0, "country": "VNM", "status": "planned"}}, {"type": "Feature", "id": 41, "geometry": {"type": "Point", "coordinates": [109.081, 14.071]}, "properties": {"name": "Bin Ding Biomass power station", "fuel": "biomass", "mw": 20.0, "country": "VNM", "status": "planned"}}, {"type": "Feature", "id": 42, "geometry": {"type": "Point", "coordinates": [109.199, 13.245]}, "properties": {"name": "Phu Yen Biomass power station", "fuel": "biomass", "mw": 20.0, "country": "VNM", "status": "planned"}}, {"type": "Feature", "id": 43, "geometry": {"type": "Point", "coordinates": [108.996, 13.047]}, "properties": {"name": "KCP Phu Yen Sugar power station", "fuel": "biomass", "mw": 30.0, "country": "VNM", "status": "operating"}}, {"type": "Feature", "id": 44, "geometry": {"type": "Point", "coordinates": [108.996, 13.047]}, "properties": {"name": "KCP Phu Yen Sugar power station", "fuel": "biomass", "mw": 45.0, "country": "VNM", "status": "planned"}}, {"type": "Feature", "id": 45, "geometry": {"type": "Point", "coordinates": [106.132, 11.467]}, "properties": {"name": "Tay Ninh Sugar power station", "fuel": "biomass", "mw": 12.0, "country": "VNM", "status": "operating"}}, {"type": "Feature", "id": 46, "geometry": {"type": "Point", "coordinates": [106.132, 11.467]}, "properties": {"name": "Tay Ninh Sugar power station", "fuel": "biomass", "mw": 12.0, "country": "VNM", "status": "operating"}}, {"type": "Feature", "id": 47, "geometry": {"type": "Point", "coordinates": [105.313, 21.417]}, "properties": {"name": "Ph\u00fa Th\u1ecd Vietnam Hi-Tech power station", "fuel": "biomass", "mw": 40.0, "country": "VNM", "status": "operating"}}, {"type": "Feature", "id": 48, "geometry": {"type": "Point", "coordinates": [108.661, 13.986]}, "properties": {"name": "An Khe Sugar power station", "fuel": "biomass", "mw": 95.0, "country": "VNM", "status": "operating"}}, {"type": "Feature", "id": 49, "geometry": {"type": "Point", "coordinates": [108.661, 13.986]}, "properties": {"name": "An Khe Sugar power station", "fuel": "biomass", "mw": 40.0, "country": "VNM", "status": "planned"}}, {"type": "Feature", "id": 50, "geometry": {"type": "Point", "coordinates": [105.315, 19.342]}, "properties": {"name": "Nghia Xuan Sugar power station", "fuel": "biomass", "mw": 10.0, "country": "VNM", "status": "operating"}}, {"type": "Feature", "id": 51, "geometry": {"type": "Point", "coordinates": [105.315, 19.342]}, "properties": {"name": "Nghia Xuan Sugar power station", "fuel": "biomass", "mw": 25.0, "country": "VNM", "status": "operating"}}, {"type": "Feature", "id": 52, "geometry": {"type": "Point", "coordinates": [109.182, 12.033]}, "properties": {"name": "Cam Ranh Sugar power station", "fuel": "biomass", "mw": 60.0, "country": "VNM", "status": "operating"}}, {"type": "Feature", "id": 53, "geometry": {"type": "Point", "coordinates": [107.665, 16.351]}, "properties": {"name": "Phu Son WtE power station", "fuel": "biomass", "mw": 12.0, "country": "VNM", "status": "operating"}}, {"type": "Feature", "id": 54, "geometry": {"type": "Point", "coordinates": [99.35, 9.134]}, "properties": {"name": "TGE power station", "fuel": "biomass", "mw": 10.0, "country": "THA", "status": "operating"}}, {"type": "Feature", "id": 55, "geometry": {"type": "Point", "coordinates": [99.345, 9.15]}, "properties": {"name": "TPG power station", "fuel": "biomass", "mw": 10.0, "country": "THA", "status": "operating"}}, {"type": "Feature", "id": 56, "geometry": {"type": "Point", "coordinates": [99.336, 9.149]}, "properties": {"name": "TBP power station", "fuel": "biomass", "mw": 10.0, "country": "THA", "status": "operating"}}, {"type": "Feature", "id": 57, "geometry": {"type": "Point", "coordinates": [104.849, 15.236]}, "properties": {"name": "TES UBN power station", "fuel": "biomass", "mw": 10.0, "country": "THA", "status": "operating"}}, {"type": "Feature", "id": 58, "geometry": {"type": "Point", "coordinates": [100.243, 13.534]}, "properties": {"name": "TES TCN power station", "fuel": "biomass", "mw": 10.0, "country": "THA", "status": "operating"}}, {"type": "Feature", "id": 59, "geometry": {"type": "Point", "coordinates": [101.574, 13.915]}, "properties": {"name": "304 Industrial Park power station", "fuel": "biomass", "mw": 398.0, "country": "THA", "status": "operating"}}, {"type": "Feature", "id": 60, "geometry": {"type": "Point", "coordinates": [101.174, 13.185]}, "properties": {"name": "Chonburi power station", "fuel": "biomass", "mw": 10.0, "country": "THA", "status": "operating"}}, {"type": "Feature", "id": 61, "geometry": {"type": "Point", "coordinates": [102.843, 16.461]}, "properties": {"name": "Khonkaen power station", "fuel": "biomass", "mw": 10.0, "country": "THA", "status": "operating"}}, {"type": "Feature", "id": 62, "geometry": {"type": "Point", "coordinates": [103.345, 14.579]}, "properties": {"name": "Surin power station", "fuel": "biomass", "mw": 10.0, "country": "THA", "status": "operating"}}, {"type": "Feature", "id": 63, "geometry": {"type": "Point", "coordinates": [102.082, 14.911]}, "properties": {"name": "Nakhon Ratchasima power station", "fuel": "biomass", "mw": 10.0, "country": "THA", "status": "operating"}}, {"type": "Feature", "id": 64, "geometry": {"type": "Point", "coordinates": [103.795, 15.862]}, "properties": {"name": "Roi-et power station", "fuel": "biomass", "mw": 10.0, "country": "THA", "status": "operating"}}, {"type": "Feature", "id": 65, "geometry": {"type": "Point", "coordinates": [103.2, 15.189]}, "properties": {"name": "Amphan power station", "fuel": "biomass", "mw": 9.5, "country": "THA", "status": "operating"}}, {"type": "Feature", "id": 66, "geometry": {"type": "Point", "coordinates": [102.208, 15.076]}, "properties": {"name": "Komen power station", "fuel": "biomass", "mw": 10.0, "country": "THA", "status": "operating"}}, {"type": "Feature", "id": 67, "geometry": {"type": "Point", "coordinates": [102.29, 15.733]}, "properties": {"name": "Angvian power station", "fuel": "biomass", "mw": 30.0, "country": "THA", "status": "operating"}}, {"type": "Feature", "id": 68, "geometry": {"type": "Point", "coordinates": [99.623, 15.013]}, "properties": {"name": "Baan Rai power plant", "fuel": "biomass", "mw": 10.0, "country": "THA", "status": "operating"}}, {"type": "Feature", "id": 69, "geometry": {"type": "Point", "coordinates": [101.307, 13.246]}, "properties": {"name": "Ban Bueng power station", "fuel": "biomass", "mw": 10.0, "country": "THA", "status": "operating"}}, {"type": "Feature", "id": 70, "geometry": {"type": "Point", "coordinates": [100.085, 15.784]}, "properties": {"name": "Kaset Thai power station", "fuel": "biomass", "mw": 52.5, "country": "THA", "status": "operating"}}, {"type": "Feature", "id": 71, "geometry": {"type": "Point", "coordinates": [100.396, 16.072]}, "properties": {"name": "A.T. Biopower Rice Husk Power Project", "fuel": "biomass", "mw": 22.0, "country": "THA", "status": "operating"}}, {"type": "Feature", "id": 72, "geometry": {"type": "Point", "coordinates": [99.478, 14.321]}, "properties": {"name": "Bo Ploy power station", "fuel": "biomass", "mw": 10.0, "country": "THA", "status": "operating"}}, {"type": "Feature", "id": 73, "geometry": {"type": "Point", "coordinates": [103.642, 16.088]}, "properties": {"name": "Bua Sommai Roi Et power plant", "fuel": "biomass", "mw": 10.0, "country": "THA", "status": "operating"}}, {"type": "Feature", "id": 74, "geometry": {"type": "Point", "coordinates": [103.842, 15.639]}, "properties": {"name": "Bua Sommai Suwannaphum power plant", "fuel": "biomass", "mw": 10.0, "country": "THA", "status": "operating"}}, {"type": "Feature", "id": 75, "geometry": {"type": "Point", "coordinates": [102.97, 17.348]}, "properties": {"name": "Bua Sommai Udon Thani power plant", "fuel": "biomass", "mw": 10.0, "country": "THA", "status": "operating"}}, {"type": "Feature", "id": 76, "geometry": {"type": "Point", "coordinates": [103.072, 15.23]}, "properties": {"name": "Buriram power plant", "fuel": "biomass", "mw": 10.0, "country": "THA", "status": "operating"}}, {"type": "Feature", "id": 77, "geometry": {"type": "Point", "coordinates": [99.574, 8.221]}, "properties": {"name": "Chang Raek power station", "fuel": "biomass", "mw": 9.5, "country": "THA", "status": "operating"}}, {"type": "Feature", "id": 78, "geometry": {"type": "Point", "coordinates": [102.149, 14.741]}, "properties": {"name": "Chok Chai power station", "fuel": "biomass", "mw": 10.0, "country": "THA", "status": "operating"}}, {"type": "Feature", "id": 79, "geometry": {"type": "Point", "coordinates": [100.159, 18.217]}, "properties": {"name": "Clover Power power station", "fuel": "biomass", "mw": 9.4, "country": "THA", "status": "operating"}}, {"type": "Feature", "id": 80, "geometry": {"type": "Point", "coordinates": [102.202, 13.786]}, "properties": {"name": "Eastern Sugar power plant", "fuel": "biomass", "mw": 22.0, "country": "THA", "status": "operating"}}, {"type": "Feature", "id": 81, "geometry": {"type": "Point", "coordinates": [100.474, 7.009]}, "properties": {"name": "GRE Energy power station", "fuel": "biomass", "mw": 9.6, "country": "THA", "status": "operating"}}, {"type": "Feature", "id": 82, "geometry": {"type": "Point", "coordinates": [103.572, 16.317]}, "properties": {"name": "Kamalasai power station", "fuel": "biomass", "mw": 10.0, "country": "THA", "status": "operating"}}, {"type": "Feature", "id": 83, "geometry": {"type": "Point", "coordinates": [100.72, 6.849]}, "properties": {"name": "Chana Songkhla power station", "fuel": "biomass", "mw": 25.0, "country": "THA", "status": "operating"}}, {"type": "Feature", "id": 84, "geometry": {"type": "Point", "coordinates": [99.947, 14.064]}, "properties": {"name": "Kampaengsaen East power station", "fuel": "biomass", "mw": 8.0, "country": "THA", "status": "operating"}}, {"type": "Feature", "id": 85, "geometry": {"type": "Point", "coordinates": [99.95, 14.061]}, "properties": {"name": "Kamphaengsaen West power station", "fuel": "biomass", "mw": 8.0, "country": "THA", "status": "operating"}}, {"type": "Feature", "id": 86, "geometry": {"type": "Point", "coordinates": [99.525, 16.424]}, "properties": {"name": "Kamphaeng Phet power station", "fuel": "biomass", "mw": 10.0, "country": "THA", "status": "operating"}}, {"type": "Feature", "id": 87, "geometry": {"type": "Point", "coordinates": [102.163, 14.5]}, "properties": {"name": "Khonburi power station", "fuel": "biomass", "mw": 38.0, "country": "THA", "status": "operating"}}, {"type": "Feature", "id": 88, "geometry": {"type": "Point", "coordinates": [102.447, 15.123]}, "properties": {"name": "Korach Cogeneration power station", "fuel": "biomass", "mw": 65.0, "country": "THA", "status": "operating"}}, {"type": "Feature", "id": 89, "geometry": {"type": "Point", "coordinates": [100.354, 16.216]}, "properties": {"name": "KPN Green Energy power station", "fuel": "biomass", "mw": 10.0, "country": "THA", "status": "operating"}}, {"type": "Feature", "id": 90, "geometry": {"type": "Point", "coordinates": [100.505, 16.134]}, "properties": {"name": "Taphan Hin power station", "fuel": "biomass", "mw": 26.0, "country": "THA", "status": "operating"}}, {"type": "Feature", "id": 91, "geometry": {"type": "Point", "coordinates": [99.346, 14.008]}, "properties": {"name": "Krung Thai power station", "fuel": "biomass", "mw": 13.0, "country": "THA", "status": "operating"}}, {"type": "Feature", "id": 92, "geometry": {"type": "Point", "coordinates": [102.948, 17.122]}, "properties": {"name": "Kumphawapi power station", "fuel": "biomass", "mw": 20.0, "country": "THA", "status": "operating"}}, {"type": "Feature", "id": 93, "geometry": {"type": "Point", "coordinates": [104.475, 15.83]}, "properties": {"name": "Mitr Phol (Amnat Charoen) power station", "fuel": "biomass", "mw": 42.0, "country": "THA", "status": "operating"}}, {"type": "Feature", "id": 94, "geometry": {"type": "Point", "coordinates": [99.776, 13.932]}, "properties": {"name": "Mitr Kasetr power station", "fuel": "biomass", "mw": 20.5, "country": "THA", "status": "operating"}}, {"type": "Feature", "id": 95, "geometry": {"type": "Point", "coordinates": [104.694, 16.597]}, "properties": {"name": "Mukdahan Saharuang power station", "fuel": "biomass", "mw": 12.0, "country": "THA", "status": "operating"}}, {"type": "Feature", "id": 96, "geometry": {"type": "Point", "coordinates": [103.604, 14.873]}, "properties": {"name": "Mungcharoen (Mungcharoen Green Power) power station", "fuel": "biomass", "mw": 10.0, "country": "THA", "status": "operating"}}, {"type": "Feature", "id": 97, "geometry": {"type": "Point", "coordinates": [103.611, 14.87]}, "properties": {"name": "Mungcharoen (Mungcharoen Biomass Co) power station", "fuel": "biomass", "mw": 17.0, "country": "THA", "status": "operating"}}, {"type": "Feature", "id": 98, "geometry": {"type": "Point", "coordinates": [104.577, 17.379]}, "properties": {"name": "Nakhon Pathom power station", "fuel": "biomass", "mw": 10.0, "country": "THA", "status": "operating"}}, {"type": "Feature", "id": 99, "geometry": {"type": "Point", "coordinates": [102.815, 16.678]}, "properties": {"name": "Nam Phong (ACE) power station", "fuel": "biomass", "mw": 10.0, "country": "THA", "status": "operating"}}, {"type": "Feature", "id": 100, "geometry": {"type": "Point", "coordinates": [100.357, 13.718]}, "properties": {"name": "Nong Khaem 1 power station", "fuel": "biomass", "mw": 10.0, "country": "THA", "status": "operating"}}, {"type": "Feature", "id": 101, "geometry": {"type": "Point", "coordinates": [100.357, 13.718]}, "properties": {"name": "Nongkhaem II power station", "fuel": "biomass", "mw": 35.0, "country": "THA", "status": "construction"}}, {"type": "Feature", "id": 102, "geometry": {"type": "Point", "coordinates": [100.627, 13.71]}, "properties": {"name": "Onnut power station", "fuel": "biomass", "mw": 35.0, "country": "THA", "status": "construction"}}, {"type": "Feature", "id": 103, "geometry": {"type": "Point", "coordinates": [100.312, 14.01]}, "properties": {"name": "Nonthaburi (Shanghai SUS) power station", "fuel": "biomass", "mw": 20.0, "country": "THA", "status": "planned"}}, {"type": "Feature", "id": 104, "geometry": {"type": "Point", "coordinates": [101.222, 6.817]}, "properties": {"name": "Pattani Green power station", "fuel": "biomass", "mw": 23.0, "country": "THA", "status": "operating"}}, {"type": "Feature", "id": 105, "geometry": {"type": "Point", "coordinates": [104.012, 16.276]}, "properties": {"name": "Phon Thong power station", "fuel": "biomass", "mw": 10.0, "country": "THA", "status": "operating"}}, {"type": "Feature", "id": 106, "geometry": {"type": "Point", "coordinates": [100.703, 14.546]}, "properties": {"name": "Power Prospect power station", "fuel": "biomass", "mw": 10.0, "country": "THA", "status": "operating"}}, {"type": "Feature", "id": 107, "geometry": {"type": "Point", "coordinates": [99.737, 11.833]}, "properties": {"name": "Prachuap Sugar power station", "fuel": "biomass", "mw": 24.0, "country": "THA", "status": "operating"}}, {"type": "Feature", "id": 108, "geometry": {"type": "Point", "coordinates": [103.26, 17.372]}, "properties": {"name": "Ream Udom power station", "fuel": "biomass", "mw": 24.0, "country": "THA", "status": "operating"}}, {"type": "Feature", "id": 109, "geometry": {"type": "Point", "coordinates": [99.026, 18.54]}, "properties": {"name": "Saha Lamphun power station", "fuel": "biomass", "mw": 10.0, "country": "THA", "status": "operating"}}, {"type": "Feature", "id": 110, "geometry": {"type": "Point", "coordinates": [102.458, 17.961]}, "properties": {"name": "Si Chiang Mai power plant", "fuel": "biomass", "mw": 10.0, "country": "THA", "status": "operating"}}, {"type": "Feature", "id": 111, "geometry": {"type": "Point", "coordinates": [98.989, 18.79]}, "properties": {"name": "Chaing Mai (Tianying Inc) power station", "fuel": "biomass", "mw": 10.0, "country": "THA", "status": "construction"}}, {"type": "Feature", "id": 112, "geometry": {"type": "Point", "coordinates": [100.318, 14.006]}, "properties": {"name": "Siam Power power plant", "fuel": "biomass", "mw": 9.5, "country": "THA", "status": "operating"}}, {"type": "Feature", "id": 113, "geometry": {"type": "Point", "coordinates": [105.348, 15.166]}, "properties": {"name": "Sirindhorn power station", "fuel": "biomass", "mw": 10.0, "country": "THA", "status": "operating"}}, {"type": "Feature", "id": 114, "geometry": {"type": "Point", "coordinates": [100.705, 6.793]}, "properties": {"name": "Songkhla power station", "fuel": "biomass", "mw": 10.0, "country": "THA", "status": "operating"}}, {"type": "Feature", "id": 115, "geometry": {"type": "Point", "coordinates": [103.106, 14.61]}, "properties": {"name": "Sricharoen power plant", "fuel": "biomass", "mw": 10.0, "country": "THA", "status": "operating"}}, {"type": "Feature", "id": 116, "geometry": {"type": "Point", "coordinates": [103.782, 15.614]}, "properties": {"name": "Srisangdaw power station", "fuel": "biomass", "mw": 10.0, "country": "THA", "status": "operating"}}, {"type": "Feature", "id": 117, "geometry": {"type": "Point", "coordinates": [102.903, 14.614]}, "properties": {"name": "Sriwattana power station", "fuel": "biomass", "mw": 10.0, "country": "THA", "status": "operating"}}, {"type": "Feature", "id": 118, "geometry": {"type": "Point", "coordinates": [101.729, 13.98]}, "properties": {"name": "Advance Agro power station", "fuel": "biomass", "mw": 87.0, "country": "THA", "status": "operating"}}, {"type": "Feature", "id": 119, "geometry": {"type": "Point", "coordinates": [99.914, 14.514]}, "properties": {"name": "Supanburi 2 power station", "fuel": "biomass", "mw": 10.0, "country": "THA", "status": "operating"}}, {"type": "Feature", "id": 120, "geometry": {"type": "Point", "coordinates": [99.223, 8.96]}, "properties": {"name": "Surat Thani (Green Energy Co) power station", "fuel": "biomass", "mw": 10.0, "country": "THA", "status": "operating"}}, {"type": "Feature", "id": 121, "geometry": {"type": "Point", "coordinates": [103.274, 14.625]}, "properties": {"name": "Ta Nee power station", "fuel": "biomass", "mw": 10.0, "country": "THA", "status": "operating"}}, {"type": "Feature", "id": 122, "geometry": {"type": "Point", "coordinates": [99.251, 17.778]}, "properties": {"name": "Thoen power station", "fuel": "biomass", "mw": 10.0, "country": "THA", "status": "operating"}}, {"type": "Feature", "id": 123, "geometry": {"type": "Point", "coordinates": [99.852, 14.326]}, "properties": {"name": "U-Thong power station", "fuel": "biomass", "mw": 26.0, "country": "THA", "status": "operating"}}, {"type": "Feature", "id": 124, "geometry": {"type": "Point", "coordinates": [101.699, 14.905]}, "properties": {"name": "Uni Power Tech power station", "fuel": "biomass", "mw": 10.0, "country": "THA", "status": "operating"}}, {"type": "Feature", "id": 125, "geometry": {"type": "Point", "coordinates": [101.009, 15.874]}, "properties": {"name": "EGAT nuclear power plant", "fuel": "nuclear", "mw": 300.0, "country": "THA", "status": "planned"}}, {"type": "Feature", "id": 126, "geometry": {"type": "Point", "coordinates": [101.009, 15.874]}, "properties": {"name": "EGAT nuclear power plant", "fuel": "nuclear", "mw": 300.0, "country": "THA", "status": "planned"}}, {"type": "Feature", "id": 127, "geometry": {"type": "Point", "coordinates": [102.594, 14.792]}, "properties": {"name": "Well Korat power station", "fuel": "biomass", "mw": 10.0, "country": "THA", "status": "operating"}}, {"type": "Feature", "id": 128, "geometry": {"type": "Point", "coordinates": [101.219, 6.54]}, "properties": {"name": "Yala power station", "fuel": "biomass", "mw": 23.0, "country": "THA", "status": "operating"}}, {"type": "Feature", "id": 129, "geometry": {"type": "Point", "coordinates": [99.331, 9.14]}, "properties": {"name": "Thachang power station", "fuel": "biomass", "mw": 10.0, "country": "THA", "status": "operating"}}, {"type": "Feature", "id": 130, "geometry": {"type": "Point", "coordinates": [102.068, 13.815]}, "properties": {"name": "TES SKW power station", "fuel": "biomass", "mw": 7.0, "country": "THA", "status": "operating"}}, {"type": "Feature", "id": 131, "geometry": {"type": "Point", "coordinates": [99.679, 13.498]}, "properties": {"name": "TES RBR power station", "fuel": "biomass", "mw": 7.0, "country": "THA", "status": "operating"}}, {"type": "Feature", "id": 132, "geometry": {"type": "Point", "coordinates": [99.063, 10.363]}, "properties": {"name": "TES CPN power station", "fuel": "biomass", "mw": 5.0, "country": "THA", "status": "operating"}}, {"type": "Feature", "id": 133, "geometry": {"type": "Point", "coordinates": [101.128, 15.742]}, "properties": {"name": "National Power Plant 11 power station", "fuel": "biomass", "mw": 33.0, "country": "THA", "status": "operating"}}, {"type": "Feature", "id": 134, "geometry": {"type": "Point", "coordinates": [101.567, 15.995]}, "properties": {"name": "National Power Plant 12 power station", "fuel": "biomass", "mw": 115.0, "country": "THA", "status": "planned"}}, {"type": "Feature", "id": 135, "geometry": {"type": "Point", "coordinates": [99.103, 14.558]}, "properties": {"name": "Thai Permpoon power station", "fuel": "biomass", "mw": 22.5, "country": "THA", "status": "operating"}}, {"type": "Feature", "id": 136, "geometry": {"type": "Point", "coordinates": [100.367, 14.635]}, "properties": {"name": "Thai Carbon Black power station", "fuel": "biomass", "mw": 19.0, "country": "THA", "status": "operating"}}, {"type": "Feature", "id": 137, "geometry": {"type": "Point", "coordinates": [101.176, 13.206]}, "properties": {"name": "Rayong Sugar power station", "fuel": "biomass", "mw": 18.0, "country": "THA", "status": "operating"}}, {"type": "Feature", "id": 138, "geometry": {"type": "Point", "coordinates": [98.624, 9.959]}, "properties": {"name": "Mueang Ranong power station", "fuel": "biomass", "mw": 23.0, "country": "THA", "status": "planned"}}, {"type": "Feature", "id": 139, "geometry": {"type": "Point", "coordinates": [101.051, 14.637]}, "properties": {"name": "Thai Rungroeng power station", "fuel": "biomass", "mw": 29.5, "country": "THA", "status": "operating"}}, {"type": "Feature", "id": 140, "geometry": {"type": "Point", "coordinates": [103.601, 16.602]}, "properties": {"name": "Isan Sugar power station", "fuel": "biomass", "mw": 18.5, "country": "THA", "status": "operating"}}, {"type": "Feature", "id": 141, "geometry": {"type": "Point", "coordinates": [101.804, 16.033]}, "properties": {"name": "Phu Khieo power station", "fuel": "biomass", "mw": 56.9, "country": "THA", "status": "operating"}}, {"type": "Feature", "id": 142, "geometry": {"type": "Point", "coordinates": [102.746, 16.45]}, "properties": {"name": "Nong Ruea power station", "fuel": "biomass", "mw": 97.0, "country": "THA", "status": "planned"}}, {"type": "Feature", "id": 143, "geometry": {"type": "Point", "coordinates": [102.836, 14.739]}, "properties": {"name": "\u200b\u200bBan Nong Plong power station", "fuel": "biomass", "mw": 54.0, "country": "THA", "status": "planned"}}, {"type": "Feature", "id": 144, "geometry": {"type": "Point", "coordinates": [102.072, 13.804]}, "properties": {"name": "IEC Sa Kaeo 1 power station", "fuel": "biomass", "mw": 9.6, "country": "THA", "status": "planned"}}, {"type": "Feature", "id": 145, "geometry": {"type": "Point", "coordinates": [103.845, 13.371]}, "properties": {"name": "Mizuda Siem Reap power station", "fuel": "biomass", "mw": 12.0, "country": "KHM", "status": "planned"}}, {"type": "Feature", "id": 146, "geometry": {"type": "Point", "coordinates": [104.518, 11.485]}, "properties": {"name": "Kampong Speu power station", "fuel": "biomass", "mw": 50.0, "country": "KHM", "status": "planned"}}, {"type": "Feature", "id": 147, "geometry": {"type": "Point", "coordinates": [104.993, 11.503]}, "properties": {"name": "BECIS power station", "fuel": "biomass", "mw": 9.0, "country": "KHM", "status": "operating"}}, {"type": "Feature", "id": 148, "geometry": {"type": "Point", "coordinates": [104.895, 11.567]}, "properties": {"name": "Phnom Penh power station", "fuel": "biomass", "mw": 16.0, "country": "KHM", "status": "planned"}}, {"type": "Feature", "id": 149, "geometry": {"type": "Point", "coordinates": [103.39, 10.893]}, "properties": {"name": "Botum Sakor power station", "fuel": "gas", "mw": 450.0, "country": "KHM", "status": "construction"}}, {"type": "Feature", "id": 150, "geometry": {"type": "Point", "coordinates": [103.39, 10.893]}, "properties": {"name": "Botum Sakor power station", "fuel": "gas", "mw": 450.0, "country": "KHM", "status": "construction"}}, {"type": "Feature", "id": 151, "geometry": {"type": "Point", "coordinates": [105.083, 11.537]}, "properties": {"name": "C7 power station", "fuel": "gas", "mw": 200.3, "country": "KHM", "status": "operating"}}, {"type": "Feature", "id": 152, "geometry": {"type": "Point", "coordinates": [105.083, 11.537]}, "properties": {"name": "Kandal power station", "fuel": "gas", "mw": 200.0, "country": "KHM", "status": "operating"}}, {"type": "Feature", "id": 153, "geometry": {"type": "Point", "coordinates": [105.083, 11.537]}, "properties": {"name": "Kandal power station", "fuel": "gas", "mw": 200.0, "country": "KHM", "status": "operating"}}, {"type": "Feature", "id": 154, "geometry": {"type": "Point", "coordinates": [105.082, 11.535]}, "properties": {"name": "Phom Penh power sation", "fuel": "gas", "mw": 200.2, "country": "KHM", "status": "operating"}}, {"type": "Feature", "id": 155, "geometry": {"type": "Point", "coordinates": [96.131, 16.779]}, "properties": {"name": "Ahlone (Toyo Thai) power station", "fuel": "gas", "mw": 121.0, "country": "MMR", "status": "operating"}}, {"type": "Feature", "id": 156, "geometry": {"type": "Point", "coordinates": [96.131, 16.776]}, "properties": {"name": "Ahlone power station", "fuel": "gas", "mw": 151.5, "country": "MMR", "status": "operating"}}, {"type": "Feature", "id": 157, "geometry": {"type": "Point", "coordinates": [96.14, 17.023]}, "properties": {"name": "Hlawga IPP power station", "fuel": "gas", "mw": 50.0, "country": "MMR", "status": "operating"}}, {"type": "Feature", "id": 158, "geometry": {"type": "Point", "coordinates": [96.125, 16.98]}, "properties": {"name": "Hlawga power station", "fuel": "gas", "mw": 154.2, "country": "MMR", "status": "operating"}}, {"type": "Feature", "id": 159, "geometry": {"type": "Point", "coordinates": [98.031, 14.594]}, "properties": {"name": "Kanbauk (UPA) power station", "fuel": "gas", "mw": 200.0, "country": "MMR", "status": "planned"}}, {"type": "Feature", "id": 160, "geometry": {"type": "Point", "coordinates": [95.708, 16.46]}, "properties": {"name": "Kyaiklat power station", "fuel": "gas", "mw": 600.0, "country": "MMR", "status": "planned"}}, {"type": "Feature", "id": 161, "geometry": {"type": "Point", "coordinates": [93.526, 19.422]}, "properties": {"name": "Kyaukphyu (PowerChina) power station", "fuel": "gas", "mw": 135.0, "country": "MMR", "status": "operating"}}, {"type": "Feature", "id": 162, "geometry": {"type": "Point", "coordinates": [96.153, 21.668]}, "properties": {"name": "Kyaukse (PowerGen) power plant", "fuel": "gas", "mw": 144.8, "country": "MMR", "status": "operating"}}, {"type": "Feature", "id": 163, "geometry": {"type": "Point", "coordinates": [96.137, 21.608]}, "properties": {"name": "Kyaukse power plant", "fuel": "gas", "mw": 110.3, "country": "MMR", "status": "operating"}}, {"type": "Feature", "id": 164, "geometry": {"type": "Point", "coordinates": [95.131, 22.117]}, "properties": {"name": "Kyunchaung power station", "fuel": "gas", "mw": 54.3, "country": "MMR", "status": "operating"}}, {"type": "Feature", "id": 165, "geometry": {"type": "Point", "coordinates": [95.315, 18.289]}, "properties": {"name": "Magway power plant", "fuel": "gas", "mw": 66.0, "country": "MMR", "status": "operating"}}, {"type": "Feature", "id": 166, "geometry": {"type": "Point", "coordinates": [95.028, 20.129]}, "properties": {"name": "Magway power station", "fuel": "gas", "mw": 126.0, "country": "MMR", "status": "construction"}}, {"type": "Feature", "id": 167, "geometry": {"type": "Point", "coordinates": [97.654, 16.466]}, "properties": {"name": "Mawlamyine power station", "fuel": "gas", "mw": 230.0, "country": "MMR", "status": "operating"}}, {"type": "Feature", "id": 168, "geometry": {"type": "Point", "coordinates": [96.227, 16.812]}, "properties": {"name": "Max Power (Thakayta) power station", "fuel": "gas", "mw": 50.0, "country": "MMR", "status": "operating"}}, {"type": "Feature", "id": 169, "geometry": {"type": "Point", "coordinates": [94.478, 17.099]}, "properties": {"name": "Mee Laung Gyaing power station", "fuel": "gas", "mw": 1390.0, "country": "MMR", "status": "construction"}}, {"type": "Feature", "id": 170, "geometry": {"type": "Point", "coordinates": [95.376, 21.39]}, "properties": {"name": "Myingyan II power station", "fuel": "gas", "mw": 109.7, "country": "MMR", "status": "operating"}}, {"type": "Feature", "id": 171, "geometry": {"type": "Point", "coordinates": [95.377, 21.387]}, "properties": {"name": "Myingyan power station", "fuel": "gas", "mw": 225.0, "country": "MMR", "status": "operating"}}, {"type": "Feature", "id": 172, "geometry": {"type": "Point", "coordinates": [95.228, 18.726]}, "properties": {"name": "Shwe Taung power station", "fuel": "gas", "mw": 55.5, "country": "MMR", "status": "operating"}}, {"type": "Feature", "id": 173, "geometry": {"type": "Point", "coordinates": [96.226, 16.812]}, "properties": {"name": "Thaketa (U Energy) power station", "fuel": "gas", "mw": 106.0, "country": "MMR", "status": "operating"}}, {"type": "Feature", "id": 174, "geometry": {"type": "Point", "coordinates": [96.224, 16.825]}, "properties": {"name": "Thaketa LNG power station", "fuel": "gas", "mw": 477.0, "country": "MMR", "status": "operating"}}, {"type": "Feature", "id": 175, "geometry": {"type": "Point", "coordinates": [96.226, 16.81]}, "properties": {"name": "Thaketa power station", "fuel": "gas", "mw": 92.0, "country": "MMR", "status": "operating"}}, {"type": "Feature", "id": 176, "geometry": {"type": "Point", "coordinates": [96.265, 16.664]}, "properties": {"name": "Thanlyin power station", "fuel": "gas", "mw": 350.0, "country": "MMR", "status": "operating"}}, {"type": "Feature", "id": 177, "geometry": {"type": "Point", "coordinates": [97.407, 16.964]}, "properties": {"name": "Thaton power station", "fuel": "gas", "mw": 119.0, "country": "MMR", "status": "operating"}}, {"type": "Feature", "id": 178, "geometry": {"type": "Point", "coordinates": [96.089, 16.9]}, "properties": {"name": "Ywama power station", "fuel": "gas", "mw": 52.0, "country": "MMR", "status": "operating"}}, {"type": "Feature", "id": 179, "geometry": {"type": "Point", "coordinates": [96.089, 16.9]}, "properties": {"name": "Ywama power station", "fuel": "gas", "mw": 120.0, "country": "MMR", "status": "operating"}}, {"type": "Feature", "id": 180, "geometry": {"type": "Point", "coordinates": [96.089, 16.9]}, "properties": {"name": "Ywama power station", "fuel": "gas", "mw": 120.0, "country": "MMR", "status": "operating"}}, {"type": "Feature", "id": 181, "geometry": {"type": "Point", "coordinates": [101.027, 13.419]}, "properties": {"name": "Amata (Chonburi) power station", "fuel": "gas", "mw": 140.0, "country": "THA", "status": "operating"}}, {"type": "Feature", "id": 182, "geometry": {"type": "Point", "coordinates": [101.027, 13.419]}, "properties": {"name": "Amata (Chonburi) power station", "fuel": "gas", "mw": 140.0, "country": "THA", "status": "operating"}}, {"type": "Feature", "id": 183, "geometry": {"type": "Point", "coordinates": [101.027, 13.419]}, "properties": {"name": "Amata (Chonburi) power station", "fuel": "gas", "mw": 133.0, "country": "THA", "status": "operating"}}, {"type": "Feature", "id": 184, "geometry": {"type": "Point", "coordinates": [101.027, 13.419]}, "properties": {"name": "Amata (Chonburi) power station", "fuel": "gas", "mw": 131.0, "country": "THA", "status": "operating"}}, {"type": "Feature", "id": 185, "geometry": {"type": "Point", "coordinates": [101.027, 13.419]}, "properties": {"name": "Amata (Chonburi) power station", "fuel": "gas", "mw": 131.0, "country": "THA", "status": "operating"}}, {"type": "Feature", "id": 186, "geometry": {"type": "Point", "coordinates": [101.118, 12.968]}, "properties": {"name": "Amata (Rayong) power station", "fuel": "gas", "mw": 123.0, "country": "THA", "status": "operating"}}, {"type": "Feature", "id": 187, "geometry": {"type": "Point", "coordinates": [101.118, 12.968]}, "properties": {"name": "Amata (Rayong) power station", "fuel": "gas", "mw": 124.0, "country": "THA", "status": "operating"}}, {"type": "Feature", "id": 188, "geometry": {"type": "Point", "coordinates": [101.118, 12.968]}, "properties": {"name": "Amata (Rayong) power station", "fuel": "gas", "mw": 133.0, "country": "THA", "status": "operating"}}, {"type": "Feature", "id": 189, "geometry": {"type": "Point", "coordinates": [101.118, 12.968]}, "properties": {"name": "Amata (Rayong) power station", "fuel": "gas", "mw": 133.0, "country": "THA", "status": "operating"}}, {"type": "Feature", "id": 190, "geometry": {"type": "Point", "coordinates": [101.118, 12.968]}, "properties": {"name": "Amata (Rayong) power station", "fuel": "gas", "mw": 133.0, "country": "THA", "status": "operating"}}, {"type": "Feature", "id": 191, "geometry": {"type": "Point", "coordinates": [100.842, 13.492]}, "properties": {"name": "Bang Bo power station", "fuel": "gas", "mw": 350.0, "country": "THA", "status": "operating"}}, {"type": "Feature", "id": 192, "geometry": {"type": "Point", "coordinates": [101.025, 13.501]}, "properties": {"name": "Bang Pakong power station", "fuel": "gas", "mw": 704.0, "country": "THA", "status": "operating"}}, {"type": "Feature", "id": 193, "geometry": {"type": "Point", "coordinates": [101.025, 13.501]}, "properties": {"name": "Bang Pakong power station", "fuel": "gas", "mw": 704.0, "country": "THA", "status": "operating"}}, {"type": "Feature", "id": 194, "geometry": {"type": "Point", "coordinates": [101.025, 13.501]}, "properties": {"name": "Bang Pakong power station", "fuel": "gas", "mw": 710.0, "country": "THA", "status": "operating"}}, {"type": "Feature", "id": 195, "geometry": {"type": "Point", "coordinates": [101.025, 13.501]}, "properties": {"name": "Bang Pakong power station", "fuel": "gas", "mw": 576.0, "country": "THA", "status": "operating"}}, {"type": "Feature", "id": 196, "geometry": {"type": "Point", "coordinates": [101.025, 13.501]}, "properties": {"name": "Bang Pakong power station", "fuel": "gas", "mw": 576.0, "country": "THA", "status": "operating"}}, {"type": "Feature", "id": 197, "geometry": {"type": "Point", "coordinates": [100.565, 13.975]}, "properties": {"name": "Bangkadi Industrial Park power station", "fuel": "gas", "mw": 115.0, "country": "THA", "status": "operating"}}, {"type": "Feature", "id": 198, "geometry": {"type": "Point", "coordinates": [100.565, 13.975]}, "properties": {"name": "Bangkadi Industrial Park power station", "fuel": "gas", "mw": 115.0, "country": "THA", "status": "operating"}}, {"type": "Feature", "id": 199, "geometry": {"type": "Point", "coordinates": [100.582, 14.198]}, "properties": {"name": "Bangpa-in power station", "fuel": "gas", "mw": 117.0, "country": "THA", "status": "operating"}}, {"type": "Feature", "id": 200, "geometry": {"type": "Point", "coordinates": [100.582, 14.198]}, "properties": {"name": "Bangpa-in power station", "fuel": "gas", "mw": 117.0, "country": "THA", "status": "operating"}}, {"type": "Feature", "id": 201, "geometry": {"type": "Point", "coordinates": [100.651, 13.533]}, "properties": {"name": "Bangpoo cogeneration power station", "fuel": "gas", "mw": 120.0, "country": "THA", "status": "operating"}}, {"type": "Feature", "id": 202, "geometry": {"type": "Point", "coordinates": [100.651, 13.533]}, "properties": {"name": "Bangpoo cogeneration power station", "fuel": "gas", "mw": 120.0, "country": "THA", "status": "operating"}}, {"type": "Feature", "id": 203, "geometry": {"type": "Point", "coordinates": [99.856, 13.859]}, "properties": {"name": "Banpong power station", "fuel": "gas", "mw": 128.0, "country": "THA", "status": "operating"}}, {"type": "Feature", "id": 204, "geometry": {"type": "Point", "coordinates": [99.856, 13.859]}, "properties": {"name": "Banpong power station", "fuel": "gas", "mw": 128.0, "country": "THA", "status": "operating"}}, {"type": "Feature", "id": 205, "geometry": {"type": "Point", "coordinates": [99.654, 13.846]}, "properties": {"name": "Berkprai cogeneration power station", "fuel": "gas", "mw": 99.0, "country": "THA", "status": "operating"}}, {"type": "Feature", "id": 206, "geometry": {"type": "Point", "coordinates": [101.436, 13.749]}, "properties": {"name": "Burapa power station", "fuel": "gas", "mw": 540.0, "country": "THA", "status": "planned"}}, {"type": "Feature", "id": 207, "geometry": {"type": "Point", "coordinates": [101.016, 13.736]}, "properties": {"name": "Chachoengsao NNK cogeneration power station", "fuel": "gas", "mw": 110.0, "country": "THA", "status": "operating"}}, {"type": "Feature", "id": 208, "geometry": {"type": "Point", "coordinates": [100.458, 14.693]}, "properties": {"name": "Chaiyo power station", "fuel": "gas", "mw": 123.0, "country": "THA", "status": "operating"}}, {"type": "Feature", "id": 209, "geometry": {"type": "Point", "coordinates": [100.708, 6.955]}, "properties": {"name": "Chana power station", "fuel": "gas", "mw": 710.0, "country": "THA", "status": "operating"}}, {"type": "Feature", "id": 210, "geometry": {"type": "Point", "coordinates": [100.708, 6.955]}, "properties": {"name": "Chana power station", "fuel": "gas", "mw": 766.0, "country": "THA", "status": "operating"}}, {"type": "Feature", "id": 211, "geometry": {"type": "Point", "coordinates": [101.193, 13.05]}, "properties": {"name": "Chonburi Ng Project power station", "fuel": "gas", "mw": 625.0, "country": "THA", "status": "operating"}}, {"type": "Feature", "id": 212, "geometry": {"type": "Point", "coordinates": [101.193, 13.05]}, "properties": {"name": "Chonburi Ng Project power station", "fuel": "gas", "mw": 625.0, "country": "THA", "status": "operating"}}, {"type": "Feature", "id": 213, "geometry": {"type": "Point", "coordinates": [101.193, 13.05]}, "properties": {"name": "Chonburi Ng Project power station", "fuel": "gas", "mw": 625.0, "country": "THA", "status": "operating"}}, {"type": "Feature", "id": 214, "geometry": {"type": "Point", "coordinates": [101.193, 13.05]}, "properties": {"name": "Chonburi Ng Project power station", "fuel": "gas", "mw": 625.0, "country": "THA", "status": "operating"}}, {"type": "Feature", "id": 215, "geometry": {"type": "Point", "coordinates": [101.199, 12.794]}, "properties": {"name": "EGCO cogeneration (Rayong) power station", "fuel": "gas", "mw": 117.0, "country": "THA", "status": "operating"}}, {"type": "Feature", "id": 216, "geometry": {"type": "Point", "coordinates": [101.126, 12.701]}, "properties": {"name": "Global Power Synergy Central Utility Plant 1", "fuel": "gas", "mw": 226.0, "country": "THA", "status": "operating"}}, {"type": "Feature", "id": 217, "geometry": {"type": "Point", "coordinates": [101.164, 12.755]}, "properties": {"name": "Global Power Synergy Central Utility Plant 2", "fuel": "gas", "mw": 113.0, "country": "THA", "status": "operating"}}, {"type": "Feature", "id": 218, "geometry": {"type": "Point", "coordinates": [101.145, 12.694]}, "properties": {"name": "Glow Energy Phase 2 Power Station", "fuel": "gas", "mw": 281.0, "country": "THA", "status": "operating"}}, {"type": "Feature", "id": 219, "geometry": {"type": "Point", "coordinates": [101.145, 12.694]}, "properties": {"name": "Glow Energy Phase 2 Power Station", "fuel": "gas", "mw": 70.0, "country": "THA", "status": "operating"}}, {"type": "Feature", "id": 220, "geometry": {"type": "Point", "coordinates": [101.145, 12.693]}, "properties": {"name": "Glow Energy Phase 4 Power Plant", "fuel": "gas", "mw": 77.0, "country": "THA", "status": "operating"}}, {"type": "Feature", "id": 221, "geometry": {"type": "Point", "coordinates": [101.136, 12.678]}, "properties": {"name": "Glow Energy Phase 5 power station", "fuel": "gas", "mw": 328.0, "country": "THA", "status": "operating"}}, {"type": "Feature", "id": 222, "geometry": {"type": "Point", "coordinates": [101.086, 13.054]}, "properties": {"name": "Glow IPP power station", "fuel": "gas", "mw": 357.0, "country": "THA", "status": "operating"}}, {"type": "Feature", "id": 223, "geometry": {"type": "Point", "coordinates": [101.086, 13.054]}, "properties": {"name": "Glow IPP power station", "fuel": "gas", "mw": 357.0, "country": "THA", "status": "operating"}}, {"type": "Feature", "id": 224, "geometry": {"type": "Point", "coordinates": [101.129, 12.695]}, "properties": {"name": "Glow SPP 1 power station", "fuel": "gas", "mw": 140.0, "country": "THA", "status": "operating"}}, {"type": "Feature", "id": 225, "geometry": {"type": "Point", "coordinates": [101.129, 12.695]}, "properties": {"name": "Glow SPP 1 power station", "fuel": "gas", "mw": 140.0, "country": "THA", "status": "operating"}}, {"type": "Feature", "id": 226, "geometry": {"type": "Point", "coordinates": [101.137, 13.007]}, "properties": {"name": "Glow SPP 11 power station", "fuel": "gas", "mw": 162.0, "country": "THA", "status": "operating"}}, {"type": "Feature", "id": 227, "geometry": {"type": "Point", "coordinates": [101.137, 13.007]}, "properties": {"name": "Glow SPP 11 power station", "fuel": "gas", "mw": 110.0, "country": "THA", "status": "operating"}}, {"type": "Feature", "id": 228, "geometry": {"type": "Point", "coordinates": [100.589, 14.253]}, "properties": {"name": "Gulf BL power station", "fuel": "gas", "mw": 127.0, "country": "THA", "status": "operating"}}, {"type": "Feature", "id": 229, "geometry": {"type": "Point", "coordinates": [100.603, 14.253]}, "properties": {"name": "Gulf BP power station", "fuel": "gas", "mw": 127.0, "country": "THA", "status": "operating"}}, {"type": "Feature", "id": 230, "geometry": {"type": "Point", "coordinates": [100.573, 14.098]}, "properties": {"name": "Gulf CRN power station", "fuel": "gas", "mw": 125.9, "country": "THA", "status": "operating"}}, {"type": "Feature", "id": 231, "geometry": {"type": "Point", "coordinates": [100.909, 14.387]}, "properties": {"name": "Gulf KP1 & 2 power station", "fuel": "gas", "mw": 110.0, "country": "THA", "status": "operating"}}, {"type": "Feature", "id": 232, "geometry": {"type": "Point", "coordinates": [100.909, 14.387]}, "properties": {"name": "Gulf KP1 & 2 power station", "fuel": "gas", "mw": 110.0, "country": "THA", "status": "operating"}}, {"type": "Feature", "id": 233, "geometry": {"type": "Point", "coordinates": [101.711, 14.032]}, "properties": {"name": "Gulf NC power station", "fuel": "gas", "mw": 126.5, "country": "THA", "status": "operating"}}, {"type": "Feature", "id": 234, "geometry": {"type": "Point", "coordinates": [100.836, 14.368]}, "properties": {"name": "Gulf NK2 power station", "fuel": "gas", "mw": 133.0, "country": "THA", "status": "operating"}}, {"type": "Feature", "id": 235, "geometry": {"type": "Point", "coordinates": [101.249, 12.826]}, "properties": {"name": "Gulf NLL power station", "fuel": "gas", "mw": 123.0, "country": "THA", "status": "operating"}}, {"type": "Feature", "id": 236, "geometry": {"type": "Point", "coordinates": [101.249, 12.826]}, "properties": {"name": "Gulf NLL power station", "fuel": "gas", "mw": 127.0, "country": "THA", "status": "operating"}}, {"type": "Feature", "id": 237, "geometry": {"type": "Point", "coordinates": [100.836, 14.366]}, "properties": {"name": "Gulf NPM power station", "fuel": "gas", "mw": 135.0, "country": "THA", "status": "operating"}}, {"type": "Feature", "id": 238, "geometry": {"type": "Point", "coordinates": [102.177, 14.929]}, "properties": {"name": "Gulf NRV power station", "fuel": "gas", "mw": 128.0, "country": "THA", "status": "operating"}}, {"type": "Feature", "id": 239, "geometry": {"type": "Point", "coordinates": [102.177, 14.929]}, "properties": {"name": "Gulf NRV power station", "fuel": "gas", "mw": 128.0, "country": "THA", "status": "operating"}}, {"type": "Feature", "id": 240, "geometry": {"type": "Point", "coordinates": [101.193, 13.017]}, "properties": {"name": "Gulf Tasit 1 & 2 power station", "fuel": "gas", "mw": 138.3, "country": "THA", "status": "operating"}}, {"type": "Feature", "id": 241, "geometry": {"type": "Point", "coordinates": [101.193, 13.017]}, "properties": {"name": "Gulf Tasit 1 & 2 power station", "fuel": "gas", "mw": 138.3, "country": "THA", "status": "operating"}}, {"type": "Feature", "id": 242, "geometry": {"type": "Point", "coordinates": [101.185, 13.065]}, "properties": {"name": "Gulf Tasit 3 & 4 power station", "fuel": "gas", "mw": 130.0, "country": "THA", "status": "operating"}}, {"type": "Feature", "id": 243, "geometry": {"type": "Point", "coordinates": [101.185, 13.065]}, "properties": {"name": "Gulf Tasit 3 & 4 power station", "fuel": "gas", "mw": 130.0, "country": "THA", "status": "operating"}}, {"type": "Feature", "id": 244, "geometry": {"type": "Point", "coordinates": [100.965, 14.558]}, "properties": {"name": "Gulf TLC power station", "fuel": "gas", "mw": 114.0, "country": "THA", "status": "operating"}}, {"type": "Feature", "id": 245, "geometry": {"type": "Point", "coordinates": [101.172, 13.004]}, "properties": {"name": "Gulf VTP power station", "fuel": "gas", "mw": 137.0, "country": "THA", "status": "operating"}}, {"type": "Feature", "id": 246, "geometry": {"type": "Point", "coordinates": [101.086, 13.05]}, "properties": {"name": "Hemaraj Industrial Estate power station", "fuel": "gas", "mw": 130.0, "country": "THA", "status": "operating"}}, {"type": "Feature", "id": 247, "geometry": {"type": "Point", "coordinates": [99.743, 13.536]}, "properties": {"name": "Hin Kong power plant", "fuel": "gas", "mw": 700.0, "country": "THA", "status": "operating"}}, {"type": "Feature", "id": 248, "geometry": {"type": "Point", "coordinates": [99.743, 13.536]}, "properties": {"name": "Hin Kong power plant", "fuel": "gas", "mw": 700.0, "country": "THA", "status": "operating"}}, {"type": "Feature", "id": 249, "geometry": {"type": "Point", "coordinates": [101.326, 12.675]}, "properties": {"name": "IRPC Industrial Zone Clean power station", "fuel": "gas", "mw": 120.0, "country": "THA", "status": "operating"}}, {"type": "Feature", "id": 250, "geometry": {"type": "Point", "coordinates": [101.326, 12.675]}, "properties": {"name": "IRPC Industrial Zone Clean power station", "fuel": "gas", "mw": 120.0, "country": "THA", "status": "operating"}}, {"type": "Feature", "id": 251, "geometry": {"type": "Point", "coordinates": [101.026, 14.605]}, "properties": {"name": "Kaeng Khoi 2 power station", "fuel": "gas", "mw": 734.0, "country": "THA", "status": "operating"}}, {"type": "Feature", "id": 252, "geometry": {"type": "Point", "coordinates": [101.026, 14.605]}, "properties": {"name": "Kaeng Khoi 2 power station", "fuel": "gas", "mw": 734.0, "country": "THA", "status": "operating"}}, {"type": "Feature", "id": 253, "geometry": {"type": "Point", "coordinates": [99.859, 9.236]}, "properties": {"name": "Khanom power station", "fuel": "gas", "mw": 970.0, "country": "THA", "status": "operating"}}, {"type": "Feature", "id": 254, "geometry": {"type": "Point", "coordinates": [100.615, 14.022]}, "properties": {"name": "Klong Luang power station", "fuel": "gas", "mw": 122.0, "country": "THA", "status": "operating"}}, {"type": "Feature", "id": 255, "geometry": {"type": "Point", "coordinates": [101.418, 13.693]}, "properties": {"name": "Koh Khanun power station", "fuel": "gas", "mw": 114.0, "country": "THA", "status": "operating"}}, {"type": "Feature", "id": 256, "geometry": {"type": "Point", "coordinates": [99.048, 7.993]}, "properties": {"name": "Krabi power station", "fuel": "gas", "mw": 315.0, "country": "THA", "status": "operating"}}, {"type": "Feature", "id": 257, "geometry": {"type": "Point", "coordinates": [100.894, 13.091]}, "properties": {"name": "Laem Chabang power station", "fuel": "gas", "mw": 140.0, "country": "THA", "status": "operating"}}, {"type": "Feature", "id": 258, "geometry": {"type": "Point", "coordinates": [100.894, 13.091]}, "properties": {"name": "Laem Chabang power station", "fuel": "gas", "mw": 56.0, "country": "THA", "status": "operating"}}, {"type": "Feature", "id": 259, "geometry": {"type": "Point", "coordinates": [100.789, 13.76]}, "properties": {"name": "Lat Krabang power station", "fuel": "gas", "mw": 120.0, "country": "THA", "status": "operating"}}, {"type": "Feature", "id": 260, "geometry": {"type": "Point", "coordinates": [101.151, 12.706]}, "properties": {"name": "Map Ta Phut BKK power station", "fuel": "gas", "mw": 112.0, "country": "THA", "status": "operating"}}, {"type": "Feature", "id": 261, "geometry": {"type": "Point", "coordinates": [102.742, 16.682]}, "properties": {"name": "Nam Phong power station", "fuel": "gas", "mw": 650.0, "country": "THA", "status": "planned"}}, {"type": "Feature", "id": 262, "geometry": {"type": "Point", "coordinates": [100.597, 14.129]}, "properties": {"name": "Nava Nakorn power station", "fuel": "gas", "mw": 139.0, "country": "THA", "status": "operating"}}, {"type": "Feature", "id": 263, "geometry": {"type": "Point", "coordinates": [100.597, 14.129]}, "properties": {"name": "Nava Nakorn power station", "fuel": "gas", "mw": 60.0, "country": "THA", "status": "operating"}}, {"type": "Feature", "id": 264, "geometry": {"type": "Point", "coordinates": [101.246, 12.791]}, "properties": {"name": "Nexif Rayong power station", "fuel": "gas", "mw": 92.0, "country": "THA", "status": "operating"}}, {"type": "Feature", "id": 265, "geometry": {"type": "Point", "coordinates": [100.837, 14.379]}, "properties": {"name": "Nong Khae power station", "fuel": "gas", "mw": 113.0, "country": "THA", "status": "operating"}}, {"type": "Feature", "id": 266, "geometry": {"type": "Point", "coordinates": [100.776, 14.442]}, "properties": {"name": "Nong Saeng power station", "fuel": "gas", "mw": 800.0, "country": "THA", "status": "operating"}}, {"type": "Feature", "id": 267, "geometry": {"type": "Point", "coordinates": [100.776, 14.442]}, "properties": {"name": "Nong Saeng power station", "fuel": "gas", "mw": 800.0, "country": "THA", "status": "operating"}}, {"type": "Feature", "id": 268, "geometry": {"type": "Point", "coordinates": [99.338, 13.547]}, "properties": {"name": "Ratchaburi (B.Grimm) power station", "fuel": "gas", "mw": 140.0, "country": "THA", "status": "operating"}}, {"type": "Feature", "id": 269, "geometry": {"type": "Point", "coordinates": [99.338, 13.547]}, "properties": {"name": "Ratchaburi (B.Grimm) power station", "fuel": "gas", "mw": 140.0, "country": "THA", "status": "operating"}}, {"type": "Feature", "id": 270, "geometry": {"type": "Point", "coordinates": [99.884, 13.598]}, "properties": {"name": "Ratchaburi (RATCHGEN) power station", "fuel": "gas", "mw": 725.0, "country": "THA", "status": "operating"}}, {"type": "Feature", "id": 271, "geometry": {"type": "Point", "coordinates": [99.884, 13.598]}, "properties": {"name": "Ratchaburi (RATCHGEN) power station", "fuel": "gas", "mw": 725.0, "country": "THA", "status": "operating"}}, {"type": "Feature", "id": 272, "geometry": {"type": "Point", "coordinates": [99.884, 13.598]}, "properties": {"name": "Ratchaburi (RATCHGEN) power station", "fuel": "gas", "mw": 725.0, "country": "THA", "status": "operating"}}, {"type": "Feature", "id": 273, "geometry": {"type": "Point", "coordinates": [99.884, 13.598]}, "properties": {"name": "Ratchaburi (RATCHGEN) power station", "fuel": "gas", "mw": 735.0, "country": "THA", "status": "operating"}}, {"type": "Feature", "id": 274, "geometry": {"type": "Point", "coordinates": [99.884, 13.598]}, "properties": {"name": "Ratchaburi (RATCHGEN) power station", "fuel": "gas", "mw": 735.0, "country": "THA", "status": "operating"}}, {"type": "Feature", "id": 275, "geometry": {"type": "Point", "coordinates": [99.89, 13.607]}, "properties": {"name": "Ratchaburi Power (RPCL) power station", "fuel": "gas", "mw": 700.0, "country": "THA", "status": "operating"}}, {"type": "Feature", "id": 276, "geometry": {"type": "Point", "coordinates": [99.89, 13.607]}, "properties": {"name": "Ratchaburi Power (RPCL) power station", "fuel": "gas", "mw": 700.0, "country": "THA", "status": "operating"}}, {"type": "Feature", "id": 277, "geometry": {"type": "Point", "coordinates": [99.847, 13.651]}, "properties": {"name": "Ratchaburi World cogeneration power station", "fuel": "gas", "mw": 234.0, "country": "THA", "status": "operating"}}, {"type": "Feature", "id": 278, "geometry": {"type": "Point", "coordinates": [101.156, 12.95]}, "properties": {"name": "Rayong Gulf PD power station", "fuel": "gas", "mw": 625.0, "country": "THA", "status": "operating"}}, {"type": "Feature", "id": 279, "geometry": {"type": "Point", "coordinates": [101.156, 12.95]}, "properties": {"name": "Rayong Gulf PD power station", "fuel": "gas", "mw": 625.0, "country": "THA", "status": "operating"}}, {"type": "Feature", "id": 280, "geometry": {"type": "Point", "coordinates": [101.156, 12.95]}, "properties": {"name": "Rayong Gulf PD power station", "fuel": "gas", "mw": 625.0, "country": "THA", "status": "operating"}}, {"type": "Feature", "id": 281, "geometry": {"type": "Point", "coordinates": [101.156, 12.95]}, "properties": {"name": "Rayong Gulf PD power station", "fuel": "gas", "mw": 625.0, "country": "THA", "status": "operating"}}, {"type": "Feature", "id": 282, "geometry": {"type": "Point", "coordinates": [101.246, 12.791]}, "properties": {"name": "Rayong Sipco power station", "fuel": "gas", "mw": 160.0, "country": "THA", "status": "operating"}}, {"type": "Feature", "id": 283, "geometry": {"type": "Point", "coordinates": [100.638, 14.332]}, "properties": {"name": "Rojana power station", "fuel": "gas", "mw": 275.0, "country": "THA", "status": "operating"}}, {"type": "Feature", "id": 284, "geometry": {"type": "Point", "coordinates": [100.961, 13.099]}, "properties": {"name": "Saha Patana power station", "fuel": "gas", "mw": 202.7, "country": "THA", "status": "operating"}}, {"type": "Feature", "id": 285, "geometry": {"type": "Point", "coordinates": [100.445, 14.849]}, "properties": {"name": "Siam Pure Rice Combined Cycle power station", "fuel": "gas", "mw": 120.0, "country": "THA", "status": "operating"}}, {"type": "Feature", "id": 286, "geometry": {"type": "Point", "coordinates": [100.733, 13.694]}, "properties": {"name": "South Bangkok International Airport (SBIA) power station", "fuel": "gas", "mw": 55.0, "country": "THA", "status": "operating"}}, {"type": "Feature", "id": 287, "geometry": {"type": "Point", "coordinates": [100.559, 13.617]}, "properties": {"name": "South Bangkok power station", "fuel": "gas", "mw": 700.0, "country": "THA", "status": "planned"}}, {"type": "Feature", "id": 288, "geometry": {"type": "Point", "coordinates": [100.559, 13.617]}, "properties": {"name": "South Bangkok power station", "fuel": "gas", "mw": 700.0, "country": "THA", "status": "planned"}}, {"type": "Feature", "id": 289, "geometry": {"type": "Point", "coordinates": [100.559, 13.617]}, "properties": {"name": "South Bangkok power station", "fuel": "gas", "mw": 700.0, "country": "THA", "status": "planned"}}, {"type": "Feature", "id": 290, "geometry": {"type": "Point", "coordinates": [100.909, 13.113]}, "properties": {"name": "Sriracha power station", "fuel": "gas", "mw": 700.0, "country": "THA", "status": "operating"}}, {"type": "Feature", "id": 291, "geometry": {"type": "Point", "coordinates": [100.907, 13.167]}, "properties": {"name": "Sriracha Thai Oil Company power station", "fuel": "gas", "mw": 119.5, "country": "THA", "status": "operating"}}, {"type": "Feature", "id": 292, "geometry": {"type": "Point", "coordinates": [100.907, 13.167]}, "properties": {"name": "Sriracha Thai Oil Company power station", "fuel": "gas", "mw": 119.5, "country": "THA", "status": "operating"}}, {"type": "Feature", "id": 293, "geometry": {"type": "Point", "coordinates": [99.225, 9.071]}, "properties": {"name": "Surat Thani power station", "fuel": "gas", "mw": 700.0, "country": "THA", "status": "planned"}}, {"type": "Feature", "id": 294, "geometry": {"type": "Point", "coordinates": [99.225, 9.071]}, "properties": {"name": "Surat Thani power station", "fuel": "gas", "mw": 700.0, "country": "THA", "status": "planned"}}, {"type": "Feature", "id": 295, "geometry": {"type": "Point", "coordinates": [100.905, 13.11]}, "properties": {"name": "Thai Oil Company Sriracha Refinery power station", "fuel": "gas", "mw": 118.0, "country": "THA", "status": "operating"}}, {"type": "Feature", "id": 296, "geometry": {"type": "Point", "coordinates": [100.998, 12.675]}, "properties": {"name": "U-Tapao Hybrid power station", "fuel": "gas", "mw": 80.0, "country": "THA", "status": "construction"}}, {"type": "Feature", "id": 297, "geometry": {"type": "Point", "coordinates": [100.696, 14.332]}, "properties": {"name": "U-Thai power station", "fuel": "gas", "mw": 800.0, "country": "THA", "status": "operating"}}, {"type": "Feature", "id": 298, "geometry": {"type": "Point", "coordinates": [100.696, 14.332]}, "properties": {"name": "U-Thai power station", "fuel": "gas", "mw": 800.0, "country": "THA", "status": "operating"}}, {"type": "Feature", "id": 299, "geometry": {"type": "Point", "coordinates": [100.781, 14.232]}, "properties": {"name": "Wang Noi power station", "fuel": "gas", "mw": 750.0, "country": "THA", "status": "operating"}}, {"type": "Feature", "id": 300, "geometry": {"type": "Point", "coordinates": [107.166, 10.489]}, "properties": {"name": "Ba Ria power station", "fuel": "gas", "mw": 389.0, "country": "VNM", "status": "operating"}}, {"type": "Feature", "id": 301, "geometry": {"type": "Point", "coordinates": [105.721, 9.306]}, "properties": {"name": "Bac Lieu Project power station", "fuel": "gas", "mw": 800.0, "country": "VNM", "status": "planned"}}, {"type": "Feature", "id": 302, "geometry": {"type": "Point", "coordinates": [105.721, 9.306]}, "properties": {"name": "Bac Lieu Project power station", "fuel": "gas", "mw": 800.0, "country": "VNM", "status": "planned"}}, {"type": "Feature", "id": 303, "geometry": {"type": "Point", "coordinates": [105.721, 9.306]}, "properties": {"name": "Bac Lieu Project power station", "fuel": "gas", "mw": 800.0, "country": "VNM", "status": "planned"}}, {"type": "Feature", "id": 304, "geometry": {"type": "Point", "coordinates": [105.721, 9.306]}, "properties": {"name": "Bac Lieu Project power station", "fuel": "gas", "mw": 800.0, "country": "VNM", "status": "planned"}}, {"type": "Feature", "id": 305, "geometry": {"type": "Point", "coordinates": [105.06, 9.242]}, "properties": {"name": "Ca Mau power station", "fuel": "gas", "mw": 750.0, "country": "VNM", "status": "operating"}}, {"type": "Feature", "id": 306, "geometry": {"type": "Point", "coordinates": [105.06, 9.242]}, "properties": {"name": "Ca Mau power station", "fuel": "gas", "mw": 750.0, "country": "VNM", "status": "operating"}}, {"type": "Feature", "id": 307, "geometry": {"type": "Point", "coordinates": [105.06, 9.242]}, "properties": {"name": "Ca Mau power station", "fuel": "gas", "mw": 1500.0, "country": "VNM", "status": "planned"}}, {"type": "Feature", "id": 308, "geometry": {"type": "Point", "coordinates": [108.889, 11.336]}, "properties": {"name": "Ca Na power station", "fuel": "gas", "mw": 1500.0, "country": "VNM", "status": "planned"}}, {"type": "Feature", "id": 309, "geometry": {"type": "Point", "coordinates": [108.022, 16.331]}, "properties": {"name": "Chan May power station", "fuel": "gas", "mw": 1500.0, "country": "VNM", "status": "planned"}}, {"type": "Feature", "id": 310, "geometry": {"type": "Point", "coordinates": [105.779, 19.358]}, "properties": {"name": "Cong Thanh power station", "fuel": "gas", "mw": 1500.0, "country": "VNM", "status": "planned"}}, {"type": "Feature", "id": 311, "geometry": {"type": "Point", "coordinates": [105.779, 19.358]}, "properties": {"name": "Cong Thanh power station", "fuel": "gas", "mw": 3000.0, "country": "VNM", "status": "planned"}}, {"type": "Feature", "id": 312, "geometry": {"type": "Point", "coordinates": [108.667, 15.333]}, "properties": {"name": "Dung Quat power station", "fuel": "gas", "mw": 750.0, "country": "VNM", "status": "planned"}}, {"type": "Feature", "id": 313, "geometry": {"type": "Point", "coordinates": [108.667, 15.333]}, "properties": {"name": "Dung Quat power station", "fuel": "gas", "mw": 750.0, "country": "VNM", "status": "planned"}}, {"type": "Feature", "id": 314, "geometry": {"type": "Point", "coordinates": [108.667, 15.333]}, "properties": {"name": "Dung Quat power station", "fuel": "gas", "mw": 750.0, "country": "VNM", "status": "planned"}}, {"type": "Feature", "id": 315, "geometry": {"type": "Point", "coordinates": [107.115, 16.994]}, "properties": {"name": "Hai Lang power station", "fuel": "gas", "mw": 1500.0, "country": "VNM", "status": "planned"}}, {"type": "Feature", "id": 316, "geometry": {"type": "Point", "coordinates": [106.684, 20.832]}, "properties": {"name": "Haiphong LNG power station", "fuel": "gas", "mw": 1600.0, "country": "VNM", "status": "construction"}}, {"type": "Feature", "id": 317, "geometry": {"type": "Point", "coordinates": [106.684, 20.832]}, "properties": {"name": "Haiphong LNG power station", "fuel": "gas", "mw": 3200.0, "country": "VNM", "status": "construction"}}, {"type": "Feature", "id": 318, "geometry": {"type": "Point", "coordinates": [106.746, 10.642]}, "properties": {"name": "Hiep Phuoc power station", "fuel": "gas", "mw": 125.0, "country": "VNM", "status": "operating"}}, {"type": "Feature", "id": 319, "geometry": {"type": "Point", "coordinates": [106.746, 10.642]}, "properties": {"name": "Hiep Phuoc power station", "fuel": "gas", "mw": 125.0, "country": "VNM", "status": "operating"}}, {"type": "Feature", "id": 320, "geometry": {"type": "Point", "coordinates": [106.746, 10.642]}, "properties": {"name": "Hiep Phuoc power station", "fuel": "gas", "mw": 125.0, "country": "VNM", "status": "operating"}}, {"type": "Feature", "id": 321, "geometry": {"type": "Point", "coordinates": [106.746, 10.642]}, "properties": {"name": "Hiep Phuoc power station", "fuel": "gas", "mw": 260.0, "country": "VNM", "status": "construction"}}, {"type": "Feature", "id": 322, "geometry": {"type": "Point", "coordinates": [106.746, 10.642]}, "properties": {"name": "Hiep Phuoc power station", "fuel": "gas", "mw": 260.0, "country": "VNM", "status": "construction"}}, {"type": "Feature", "id": 323, "geometry": {"type": "Point", "coordinates": [106.746, 10.642]}, "properties": {"name": "Hiep Phuoc power station", "fuel": "gas", "mw": 260.0, "country": "VNM", "status": "construction"}}, {"type": "Feature", "id": 324, "geometry": {"type": "Point", "coordinates": [106.746, 10.642]}, "properties": {"name": "Hiep Phuoc power station", "fuel": "gas", "mw": 1500.0, "country": "VNM", "status": "planned"}}, {"type": "Feature", "id": 325, "geometry": {"type": "Point", "coordinates": [107.989, 10.703]}, "properties": {"name": "Ka Ga power station", "fuel": "gas", "mw": 3600.0, "country": "VNM", "status": "planned"}}, {"type": "Feature", "id": 326, "geometry": {"type": "Point", "coordinates": [105.768, 19.438]}, "properties": {"name": "LNG Nghi Son power station", "fuel": "gas", "mw": 750.0, "country": "VNM", "status": "planned"}}, {"type": "Feature", "id": 327, "geometry": {"type": "Point", "coordinates": [105.768, 19.438]}, "properties": {"name": "LNG Nghi Son power station", "fuel": "gas", "mw": 750.0, "country": "VNM", "status": "planned"}}, {"type": "Feature", "id": 328, "geometry": {"type": "Point", "coordinates": [106.734, 10.572]}, "properties": {"name": "Long An power station", "fuel": "gas", "mw": 1500.0, "country": "VNM", "status": "planned"}}, {"type": "Feature", "id": 329, "geometry": {"type": "Point", "coordinates": [106.734, 10.572]}, "properties": {"name": "Long An power station", "fuel": "gas", "mw": 1500.0, "country": "VNM", "status": "planned"}}, {"type": "Feature", "id": 330, "geometry": {"type": "Point", "coordinates": [107.089, 10.453]}, "properties": {"name": "Long Son power station", "fuel": "gas", "mw": 750.0, "country": "VNM", "status": "planned"}}, {"type": "Feature", "id": 331, "geometry": {"type": "Point", "coordinates": [107.089, 10.453]}, "properties": {"name": "Long Son power station", "fuel": "gas", "mw": 750.0, "country": "VNM", "status": "planned"}}, {"type": "Feature", "id": 332, "geometry": {"type": "Point", "coordinates": [108.618, 15.44]}, "properties": {"name": "Mien Trung power station", "fuel": "gas", "mw": 750.0, "country": "VNM", "status": "planned"}}, {"type": "Feature", "id": 333, "geometry": {"type": "Point", "coordinates": [108.618, 15.44]}, "properties": {"name": "Mien Trung power station", "fuel": "gas", "mw": 750.0, "country": "VNM", "status": "planned"}}, {"type": "Feature", "id": 334, "geometry": {"type": "Point", "coordinates": [106.214, 20.101]}, "properties": {"name": "Nam Dinh power station", "fuel": "gas", "mw": 600.0, "country": "VNM", "status": "planned"}}, {"type": "Feature", "id": 335, "geometry": {"type": "Point", "coordinates": [106.214, 20.101]}, "properties": {"name": "Nam Dinh power station", "fuel": "gas", "mw": 600.0, "country": "VNM", "status": "planned"}}, {"type": "Feature", "id": 336, "geometry": {"type": "Point", "coordinates": [106.214, 20.101]}, "properties": {"name": "Nam Dinh power station", "fuel": "gas", "mw": 600.0, "country": "VNM", "status": "planned"}}, {"type": "Feature", "id": 337, "geometry": {"type": "Point", "coordinates": [106.214, 20.101]}, "properties": {"name": "Nam Dinh power station", "fuel": "gas", "mw": 600.0, "country": "VNM", "status": "planned"}}, {"type": "Feature", "id": 338, "geometry": {"type": "Point", "coordinates": [106.84, 10.643]}, "properties": {"name": "Nhon Trach power station", "fuel": "gas", "mw": 465.0, "country": "VNM", "status": "operating"}}, {"type": "Feature", "id": 339, "geometry": {"type": "Point", "coordinates": [106.84, 10.643]}, "properties": {"name": "Nhon Trach power station", "fuel": "gas", "mw": 750.0, "country": "VNM", "status": "operating"}}, {"type": "Feature", "id": 340, "geometry": {"type": "Point", "coordinates": [106.84, 10.643]}, "properties": {"name": "Nhon Trach power station", "fuel": "gas", "mw": 812.0, "country": "VNM", "status": "operating"}}, {"type": "Feature", "id": 341, "geometry": {"type": "Point", "coordinates": [106.84, 10.643]}, "properties": {"name": "Nhon Trach power station", "fuel": "gas", "mw": 812.0, "country": "VNM", "status": "operating"}}, {"type": "Feature", "id": 342, "geometry": {"type": "Point", "coordinates": [105.669, 10.135]}, "properties": {"name": "O Mon Power Complex", "fuel": "gas", "mw": 1050.0, "country": "VNM", "status": "planned"}}, {"type": "Feature", "id": 343, "geometry": {"type": "Point", "coordinates": [105.669, 10.135]}, "properties": {"name": "O Mon Power Complex", "fuel": "gas", "mw": 1050.0, "country": "VNM", "status": "planned"}}, {"type": "Feature", "id": 344, "geometry": {"type": "Point", "coordinates": [105.669, 10.135]}, "properties": {"name": "O Mon Power Complex", "fuel": "gas", "mw": 1155.0, "country": "VNM", "status": "construction"}}, {"type": "Feature", "id": 345, "geometry": {"type": "Point", "coordinates": [105.669, 10.135]}, "properties": {"name": "O Mon Power Complex", "fuel": "gas", "mw": 330.0, "country": "VNM", "status": "operating"}}, {"type": "Feature", "id": 346, "geometry": {"type": "Point", "coordinates": [105.669, 10.135]}, "properties": {"name": "O Mon Power Complex", "fuel": "gas", "mw": 330.0, "country": "VNM", "status": "planned"}}, {"type": "Feature", "id": 347, "geometry": {"type": "Point", "coordinates": [105.669, 10.135]}, "properties": {"name": "O Mon Power Complex", "fuel": "gas", "mw": 330.0, "country": "VNM", "status": "operating"}}, {"type": "Feature", "id": 348, "geometry": {"type": "Point", "coordinates": [105.669, 10.135]}, "properties": {"name": "O Mon Power Complex", "fuel": "gas", "mw": 330.0, "country": "VNM", "status": "planned"}}, {"type": "Feature", "id": 349, "geometry": {"type": "Point", "coordinates": [107.035, 10.606]}, "properties": {"name": "Phu My 1 Thermal power station", "fuel": "gas", "mw": 1118.0, "country": "VNM", "status": "operating"}}, {"type": "Feature", "id": 350, "geometry": {"type": "Point", "coordinates": [107.04, 10.604]}, "properties": {"name": "Phu My 2.1 Thermal power station", "fuel": "gas", "mw": 473.0, "country": "VNM", "status": "operating"}}, {"type": "Feature", "id": 351, "geometry": {"type": "Point", "coordinates": [107.04, 10.604]}, "properties": {"name": "Phu My 2.1 Thermal power station", "fuel": "gas", "mw": 473.0, "country": "VNM", "status": "operating"}}, {"type": "Feature", "id": 352, "geometry": {"type": "Point", "coordinates": [107.04, 10.603]}, "properties": {"name": "Phu My 2.2 Thermal power station", "fuel": "gas", "mw": 733.0, "country": "VNM", "status": "operating"}}, {"type": "Feature", "id": 353, "geometry": {"type": "Point", "coordinates": [107.035, 10.598]}, "properties": {"name": "Phu My 3 Thermal power station", "fuel": "gas", "mw": 733.0, "country": "VNM", "status": "operating"}}, {"type": "Feature", "id": 354, "geometry": {"type": "Point", "coordinates": [107.037, 10.604]}, "properties": {"name": "Phu My 4 Thermal power station", "fuel": "gas", "mw": 477.0, "country": "VNM", "status": "operating"}}, {"type": "Feature", "id": 355, "geometry": {"type": "Point", "coordinates": [107.355, 21.005]}, "properties": {"name": "Quang Ninh Combined Cycle power station", "fuel": "gas", "mw": 1500.0, "country": "VNM", "status": "planned"}}, {"type": "Feature", "id": 356, "geometry": {"type": "Point", "coordinates": [106.504, 17.95]}, "properties": {"name": "Quang Trach Power Center", "fuel": "gas", "mw": 1500.0, "country": "VNM", "status": "planned"}}, {"type": "Feature", "id": 357, "geometry": {"type": "Point", "coordinates": [106.504, 17.95]}, "properties": {"name": "Quang Trach Power Center", "fuel": "gas", "mw": 1500.0, "country": "VNM", "status": "planned"}}, {"type": "Feature", "id": 358, "geometry": {"type": "Point", "coordinates": [107.328, 16.778]}, "properties": {"name": "Quang Tri Combined Cycle power station", "fuel": "gas", "mw": 340.0, "country": "VNM", "status": "planned"}}, {"type": "Feature", "id": 359, "geometry": {"type": "Point", "coordinates": [105.78, 19.276]}, "properties": {"name": "Quynh Lap power station", "fuel": "gas", "mw": 750.0, "country": "VNM", "status": "planned"}}, {"type": "Feature", "id": 360, "geometry": {"type": "Point", "coordinates": [105.78, 19.276]}, "properties": {"name": "Quynh Lap power station", "fuel": "gas", "mw": 750.0, "country": "VNM", "status": "planned"}}, {"type": "Feature", "id": 361, "geometry": {"type": "Point", "coordinates": [107.685, 10.65]}, "properties": {"name": "Son My I power station", "fuel": "gas", "mw": 2250.0, "country": "VNM", "status": "planned"}}, {"type": "Feature", "id": 362, "geometry": {"type": "Point", "coordinates": [107.647, 10.656]}, "properties": {"name": "Son My II power station", "fuel": "gas", "mw": 750.0, "country": "VNM", "status": "planned"}}, {"type": "Feature", "id": 363, "geometry": {"type": "Point", "coordinates": [107.647, 10.656]}, "properties": {"name": "Son My II power station", "fuel": "gas", "mw": 750.0, "country": "VNM", "status": "planned"}}, {"type": "Feature", "id": 364, "geometry": {"type": "Point", "coordinates": [107.647, 10.656]}, "properties": {"name": "Son My II power station", "fuel": "gas", "mw": 750.0, "country": "VNM", "status": "planned"}}, {"type": "Feature", "id": 365, "geometry": {"type": "Point", "coordinates": [106.357, 20.448]}, "properties": {"name": "Thai Binh Combined Cycle power station", "fuel": "gas", "mw": 750.0, "country": "VNM", "status": "construction"}}, {"type": "Feature", "id": 366, "geometry": {"type": "Point", "coordinates": [106.357, 20.448]}, "properties": {"name": "Thai Binh Combined Cycle power station", "fuel": "gas", "mw": 750.0, "country": "VNM", "status": "construction"}}, {"type": "Feature", "id": 367, "geometry": {"type": "Point", "coordinates": [106.381, 18.098]}, "properties": {"name": "Vung Ang power station", "fuel": "gas", "mw": 1500.0, "country": "VNM", "status": "planned"}}, {"type": "Feature", "id": 368, "geometry": {"type": "Point", "coordinates": [95.131, 22.117]}, "properties": {"name": "Kyunchaung power station", "fuel": "gas", "mw": 20.5, "country": "MMR", "status": "operating"}}, {"type": "Feature", "id": 369, "geometry": {"type": "Point", "coordinates": [95.315, 18.284]}, "properties": {"name": "Myanaung power station", "fuel": "gas", "mw": 24.0, "country": "MMR", "status": "operating"}}, {"type": "Feature", "id": 370, "geometry": {"type": "Point", "coordinates": [95.23, 18.728]}, "properties": {"name": "Shwe Taung IPP power station", "fuel": "gas", "mw": 39.6, "country": "MMR", "status": "operating"}}, {"type": "Feature", "id": 371, "geometry": {"type": "Point", "coordinates": [104.531, 10.642]}, "properties": {"name": "Banteay Meas solar project I", "fuel": "solar", "mw": 7.8, "country": "KHM", "status": "operating"}}, {"type": "Feature", "id": 372, "geometry": {"type": "Point", "coordinates": [104.612, 10.569]}, "properties": {"name": "Banteay Meas solar project II", "fuel": "solar", "mw": 1.6, "country": "KHM", "status": "operating"}}, {"type": "Feature", "id": 373, "geometry": {"type": "Point", "coordinates": [102.975, 13.159]}, "properties": {"name": "Battambang solar farm", "fuel": "solar", "mw": 60.0, "country": "KHM", "status": "operating"}}, {"type": "Feature", "id": 374, "geometry": {"type": "Point", "coordinates": [106.06, 11.075]}, "properties": {"name": "Bavet City Solar PV Plant", "fuel": "solar", "mw": 10.0, "country": "KHM", "status": "operating"}}, {"type": "Feature", "id": 375, "geometry": {"type": "Point", "coordinates": [106.115, 11.069]}, "properties": {"name": "Bavet solar project II", "fuel": "solar", "mw": 4.8, "country": "KHM", "status": "operating"}}, {"type": "Feature", "id": 376, "geometry": {"type": "Point", "coordinates": [104.524, 10.635]}, "properties": {"name": "CMIP solar project", "fuel": "solar", "mw": 2.2, "country": "KHM", "status": "operating"}}, {"type": "Feature", "id": 377, "geometry": {"type": "Point", "coordinates": [104.405, 11.792]}, "properties": {"name": "Cambodia National Solar Park", "fuel": "solar", "mw": 60.0, "country": "KHM", "status": "operating"}}, {"type": "Feature", "id": 378, "geometry": {"type": "Point", "coordinates": [104.405, 11.792]}, "properties": {"name": "Cambodia National Solar Park", "fuel": "solar", "mw": 40.0, "country": "KHM", "status": "operating"}}, {"type": "Feature", "id": 379, "geometry": {"type": "Point", "coordinates": [103.802, 10.761]}, "properties": {"name": "Cambodia solar project", "fuel": "solar", "mw": 1.9, "country": "KHM", "status": "operating"}}, {"type": "Feature", "id": 380, "geometry": {"type": "Point", "coordinates": [105.331, 12.067]}, "properties": {"name": "Kampong Cham solar project", "fuel": "solar", "mw": 4.2, "country": "KHM", "status": "operating"}}, {"type": "Feature", "id": 381, "geometry": {"type": "Point", "coordinates": [104.517, 12.086]}, "properties": {"name": "Kampong Chhnang solar farm", "fuel": "solar", "mw": 60.0, "country": "KHM", "status": "operating"}}, {"type": "Feature", "id": 382, "geometry": {"type": "Point", "coordinates": [104.674, 11.641]}, "properties": {"name": "Kampong Speu solar farm", "fuel": "solar", "mw": 60.0, "country": "KHM", "status": "operating"}}, {"type": "Feature", "id": 383, "geometry": {"type": "Point", "coordinates": [104.741, 11.825]}, "properties": {"name": "Kampong Speu solar farm", "fuel": "solar", "mw": 20.0, "country": "KHM", "status": "operating"}}, {"type": "Feature", "id": 384, "geometry": {"type": "Point", "coordinates": [105.194, 12.464]}, "properties": {"name": "Kampong Thom solar project II", "fuel": "solar", "mw": 2.6, "country": "KHM", "status": "operating"}}, {"type": "Feature", "id": 385, "geometry": {"type": "Point", "coordinates": [104.512, 10.69]}, "properties": {"name": "Kampot solar project", "fuel": "solar", "mw": 1.8, "country": "KHM", "status": "operating"}}, {"type": "Feature", "id": 386, "geometry": {"type": "Point", "coordinates": [104.957, 11.452]}, "properties": {"name": "Krong Ta Khmau solar project", "fuel": "solar", "mw": 1.6, "country": "KHM", "status": "operating"}}, {"type": "Feature", "id": 387, "geometry": {"type": "Point", "coordinates": [106.111, 10.798]}, "properties": {"name": "Moc Hoa District solar project", "fuel": "solar", "mw": 2.2, "country": "KHM", "status": "operating"}}, {"type": "Feature", "id": 388, "geometry": {"type": "Point", "coordinates": [105.001, 12.001]}, "properties": {"name": "National Solar Park Project", "fuel": "solar", "mw": 100.0, "country": "KHM", "status": "planned"}}, {"type": "Feature", "id": 389, "geometry": {"type": "Point", "coordinates": [104.785, 11.477]}, "properties": {"name": "Phnom Penh solar project", "fuel": "solar", "mw": 1.4, "country": "KHM", "status": "operating"}}, {"type": "Feature", "id": 390, "geometry": {"type": "Point", "coordinates": [105.448, 11.366]}, "properties": {"name": "Prey Veng (CEEC) solar farm", "fuel": "solar", "mw": 250.0, "country": "KHM", "status": "planned"}}, {"type": "Feature", "id": 391, "geometry": {"type": "Point", "coordinates": [105.329, 11.495]}, "properties": {"name": "Prey Veng (Lucky Solar Power) solar farm", "fuel": "solar", "mw": 80.0, "country": "KHM", "status": "planned"}}, {"type": "Feature", "id": 392, "geometry": {"type": "Point", "coordinates": [104.21, 12.529]}, "properties": {"name": "Pursat solar farm", "fuel": "solar", "mw": 60.0, "country": "KHM", "status": "operating"}}, {"type": "Feature", "id": 393, "geometry": {"type": "Point", "coordinates": [104.21, 12.529]}, "properties": {"name": "Pursat solar farm", "fuel": "solar", "mw": 30.0, "country": "KHM", "status": "operating"}}, {"type": "Feature", "id": 394, "geometry": {"type": "Point", "coordinates": [104.21, 12.529]}, "properties": {"name": "Pursat solar farm", "fuel": "solar", "mw": 150.0, "country": "KHM", "status": "planned"}}, {"type": "Feature", "id": 395, "geometry": {"type": "Point", "coordinates": [103.841, 12.441]}, "properties": {"name": "Pursat solar project", "fuel": "solar", "mw": 1.1, "country": "KHM", "status": "operating"}}, {"type": "Feature", "id": 396, "geometry": {"type": "Point", "coordinates": [106.676, 13.435]}, "properties": {"name": "Ratanakiri solar project", "fuel": "solar", "mw": 3.0, "country": "KHM", "status": "operating"}}, {"type": "Feature", "id": 397, "geometry": {"type": "Point", "coordinates": [103.008, 12.864]}, "properties": {"name": "Rotonak Mondol District solar project", "fuel": "solar", "mw": 11.8, "country": "KHM", "status": "operating"}}, {"type": "Feature", "id": 398, "geometry": {"type": "Point", "coordinates": [104.639, 11.511]}, "properties": {"name": "Samraong Tong solar project", "fuel": "solar", "mw": 2.7, "country": "KHM", "status": "operating"}}, {"type": "Feature", "id": 399, "geometry": {"type": "Point", "coordinates": [104.644, 11.371]}, "properties": {"name": "Samraong Tong solar project I", "fuel": "solar", "mw": 1.3, "country": "KHM", "status": "operating"}}, {"type": "Feature", "id": 400, "geometry": {"type": "Point", "coordinates": [103.072, 13.63]}, "properties": {"name": "Serie Saophoan solar farm", "fuel": "solar", "mw": 39.0, "country": "KHM", "status": "operating"}}, {"type": "Feature", "id": 401, "geometry": {"type": "Point", "coordinates": [104.889, 12.712]}, "properties": {"name": "Soma Energy 5MW solar project", "fuel": "solar", "mw": 5.0, "country": "KHM", "status": "operating"}}, {"type": "Feature", "id": 402, "geometry": {"type": "Point", "coordinates": [105.881, 11.049]}, "properties": {"name": "Svay Rieng solar farm", "fuel": "solar", "mw": 20.0, "country": "KHM", "status": "operating"}}, {"type": "Feature", "id": 403, "geometry": {"type": "Point", "coordinates": [106.678, 15.763]}, "properties": {"name": "Kaleum District solar project", "fuel": "solar", "mw": 3.9, "country": "LAO", "status": "operating"}}, {"type": "Feature", "id": 404, "geometry": {"type": "Point", "coordinates": [104.849, 17.41]}, "properties": {"name": "Khammouane Sebangphi solar farm", "fuel": "solar", "mw": 50.0, "country": "LAO", "status": "operating"}}, {"type": "Feature", "id": 405, "geometry": {"type": "Point", "coordinates": [106.824, 14.82]}, "properties": {"name": "Lao solar farm", "fuel": "solar", "mw": 1200.0, "country": "LAO", "status": "planned"}}, {"type": "Feature", "id": 406, "geometry": {"type": "Point", "coordinates": [102.632, 18.568]}, "properties": {"name": "Nam Ngum 1 (Liankham) floating solar farm", "fuel": "solar", "mw": 1500.0, "country": "LAO", "status": "planned"}}, {"type": "Feature", "id": 407, "geometry": {"type": "Point", "coordinates": [102.434, 18.164]}, "properties": {"name": "Naxaithong District solar project I", "fuel": "solar", "mw": 5.9, "country": "LAO", "status": "operating"}}, {"type": "Feature", "id": 408, "geometry": {"type": "Point", "coordinates": [102.504, 18.162]}, "properties": {"name": "Naxaithong District solar project II", "fuel": "solar", "mw": 6.1, "country": "LAO", "status": "operating"}}, {"type": "Feature", "id": 409, "geometry": {"type": "Point", "coordinates": [101.875, 20.644]}, "properties": {"name": "Oudomxay solar farm", "fuel": "solar", "mw": 1000.0, "country": "LAO", "status": "operating"}}, {"type": "Feature", "id": 410, "geometry": {"type": "Point", "coordinates": [103.89, 18.329]}, "properties": {"name": "Paksane District solar project", "fuel": "solar", "mw": 2.5, "country": "LAO", "status": "operating"}}, {"type": "Feature", "id": 411, "geometry": {"type": "Point", "coordinates": [102.866, 18.168]}, "properties": {"name": "Parkngum District solar project", "fuel": "solar", "mw": 10.8, "country": "LAO", "status": "operating"}}, {"type": "Feature", "id": 412, "geometry": {"type": "Point", "coordinates": [102.165, 18.281]}, "properties": {"name": "Sangthong District solar project I", "fuel": "solar", "mw": 3.8, "country": "LAO", "status": "operating"}}, {"type": "Feature", "id": 413, "geometry": {"type": "Point", "coordinates": [102.254, 18.164]}, "properties": {"name": "Sangthong District solar project II", "fuel": "solar", "mw": 3.0, "country": "LAO", "status": "operating"}}, {"type": "Feature", "id": 414, "geometry": {"type": "Point", "coordinates": [105.139, 16.328]}, "properties": {"name": "Songkhone District solar project", "fuel": "solar", "mw": 9.4, "country": "LAO", "status": "operating"}}, {"type": "Feature", "id": 415, "geometry": {"type": "Point", "coordinates": [103.084, 18.217]}, "properties": {"name": "Thaphabath District solar project", "fuel": "solar", "mw": 8.1, "country": "LAO", "status": "operating"}}, {"type": "Feature", "id": 416, "geometry": {"type": "Point", "coordinates": [102.683, 17.886]}, "properties": {"name": "Vientiane Capital Hadxayfong District solar project", "fuel": "solar", "mw": 12.4, "country": "LAO", "status": "operating"}}, {"type": "Feature", "id": 417, "geometry": {"type": "Point", "coordinates": [102.459, 18.01]}, "properties": {"name": "Vientiane Capital Sikhottabong District solar project", "fuel": "solar", "mw": 6.9, "country": "LAO", "status": "operating"}}, {"type": "Feature", "id": 418, "geometry": {"type": "Point", "coordinates": [102.738, 18.199]}, "properties": {"name": "Xaythany District solar project I", "fuel": "solar", "mw": 3.9, "country": "LAO", "status": "operating"}}, {"type": "Feature", "id": 419, "geometry": {"type": "Point", "coordinates": [96.077, 17.024]}, "properties": {"name": "Hmawbi Township Hmawbi District solar project", "fuel": "solar", "mw": 2.8, "country": "MMR", "status": "operating"}}, {"type": "Feature", "id": 420, "geometry": {"type": "Point", "coordinates": [96.132, 17.053]}, "properties": {"name": "Hmawbi Township solar project", "fuel": "solar", "mw": 1.2, "country": "MMR", "status": "operating"}}, {"type": "Feature", "id": 421, "geometry": {"type": "Point", "coordinates": [96.328, 21.177]}, "properties": {"name": "Kindar solar farm", "fuel": "solar", "mw": 30.0, "country": "MMR", "status": "operating"}}, {"type": "Feature", "id": 422, "geometry": {"type": "Point", "coordinates": [97.989, 22.132]}, "properties": {"name": "Kyaukme District solar project", "fuel": "solar", "mw": 1.5, "country": "MMR", "status": "operating"}}, {"type": "Feature", "id": 423, "geometry": {"type": "Point", "coordinates": [96.14, 19.486]}, "properties": {"name": "Kyeeonkeewa solar farm", "fuel": "solar", "mw": 30.0, "country": "MMR", "status": "operating"}}, {"type": "Feature", "id": 424, "geometry": {"type": "Point", "coordinates": [98.58, 12.447]}, "properties": {"name": "Kyunsu Township solar project", "fuel": "solar", "mw": 2.2, "country": "MMR", "status": "operating"}}, {"type": "Feature", "id": 425, "geometry": {"type": "Point", "coordinates": [95.305, 19.182]}, "properties": {"name": "Letpanhla solar farm", "fuel": "solar", "mw": 40.0, "country": "MMR", "status": "construction"}}, {"type": "Feature", "id": 426, "geometry": {"type": "Point", "coordinates": [96.395, 20.845]}, "properties": {"name": "Meiktila District solar project", "fuel": "solar", "mw": 5.3, "country": "MMR", "status": "operating"}}, {"type": "Feature", "id": 427, "geometry": {"type": "Point", "coordinates": [99.608, 21.984]}, "properties": {"name": "Meungpawg County solar project", "fuel": "solar", "mw": 3.1, "country": "MMR", "status": "operating"}}, {"type": "Feature", "id": 428, "geometry": {"type": "Point", "coordinates": [94.683, 20.049]}, "properties": {"name": "Minbu solar farm", "fuel": "solar", "mw": 50.0, "country": "MMR", "status": "operating"}}, {"type": "Feature", "id": 429, "geometry": {"type": "Point", "coordinates": [94.683, 20.049]}, "properties": {"name": "Minbu solar farm", "fuel": "solar", "mw": 50.0, "country": "MMR", "status": "planned"}}, {"type": "Feature", "id": 430, "geometry": {"type": "Point", "coordinates": [94.683, 20.049]}, "properties": {"name": "Minbu solar farm", "fuel": "solar", "mw": 50.0, "country": "MMR", "status": "planned"}}, {"type": "Feature", "id": 431, "geometry": {"type": "Point", "coordinates": [94.683, 20.049]}, "properties": {"name": "Minbu solar farm", "fuel": "solar", "mw": 70.0, "country": "MMR", "status": "planned"}}, {"type": "Feature", "id": 432, "geometry": {"type": "Point", "coordinates": [97.853, 21.866]}, "properties": {"name": "Mong Hsu District solar project", "fuel": "solar", "mw": 4.0, "country": "MMR", "status": "operating"}}, {"type": "Feature", "id": 433, "geometry": {"type": "Point", "coordinates": [98.498, 12.411]}, "properties": {"name": "Myeik District solar project", "fuel": "solar", "mw": 1.0, "country": "MMR", "status": "operating"}}, {"type": "Feature", "id": 434, "geometry": {"type": "Point", "coordinates": [96.524, 22.427]}, "properties": {"name": "Nawnghkio Township solar project I", "fuel": "solar", "mw": 1.9, "country": "MMR", "status": "operating"}}, {"type": "Feature", "id": 435, "geometry": {"type": "Point", "coordinates": [96.299, 19.863]}, "properties": {"name": "Naypyitaw Union Territory solar project", "fuel": "solar", "mw": 7.1, "country": "MMR", "status": "operating"}}, {"type": "Feature", "id": 436, "geometry": {"type": "Point", "coordinates": [96.287, 19.833]}, "properties": {"name": "Naypyitaw Union Territory solar project I", "fuel": "solar", "mw": 8.0, "country": "MMR", "status": "operating"}}, {"type": "Feature", "id": 437, "geometry": {"type": "Point", "coordinates": [96.285, 19.849]}, "properties": {"name": "Naypyitaw Union Territory solar project II", "fuel": "solar", "mw": 7.2, "country": "MMR", "status": "operating"}}, {"type": "Feature", "id": 438, "geometry": {"type": "Point", "coordinates": [96.831, 18.009]}, "properties": {"name": "Nyaungpingyi solar farm", "fuel": "solar", "mw": 30.0, "country": "MMR", "status": "operating"}}, {"type": "Feature", "id": 439, "geometry": {"type": "Point", "coordinates": [98.004, 24.063]}, "properties": {"name": "Ruili City solar project", "fuel": "solar", "mw": 3.7, "country": "MMR", "status": "operating"}}, {"type": "Feature", "id": 440, "geometry": {"type": "Point", "coordinates": [94.249, 20.447]}, "properties": {"name": "Satoketayar solar farm", "fuel": "solar", "mw": 30.0, "country": "MMR", "status": "operating"}}, {"type": "Feature", "id": 441, "geometry": {"type": "Point", "coordinates": [96.21, 21.945]}, "properties": {"name": "Sedawgyi solar farm", "fuel": "solar", "mw": 30.0, "country": "MMR", "status": "operating"}}, {"type": "Feature", "id": 442, "geometry": {"type": "Point", "coordinates": [96.078, 19.77]}, "properties": {"name": "Shwe Myoh solar farm", "fuel": "solar", "mw": 107.0, "country": "MMR", "status": "planned"}}, {"type": "Feature", "id": 443, "geometry": {"type": "Point", "coordinates": [96.126, 19.491]}, "properties": {"name": "Shwekyin solar farm", "fuel": "solar", "mw": 40.0, "country": "MMR", "status": "operating"}}, {"type": "Feature", "id": 444, "geometry": {"type": "Point", "coordinates": [95.291, 21.661]}, "properties": {"name": "Taung Daw Gwin solar farm", "fuel": "solar", "mw": 20.0, "country": "MMR", "status": "operating"}}, {"type": "Feature", "id": 445, "geometry": {"type": "Point", "coordinates": [96.221, 16.765]}, "properties": {"name": "Thanlyin District solar project", "fuel": "solar", "mw": 1.6, "country": "MMR", "status": "operating"}}, {"type": "Feature", "id": 446, "geometry": {"type": "Point", "coordinates": [96.013, 20.977]}, "properties": {"name": "Thapyaywa (CPE) solar farm", "fuel": "solar", "mw": 30.0, "country": "MMR", "status": "operating"}}, {"type": "Feature", "id": 447, "geometry": {"type": "Point", "coordinates": [96.04, 20.862]}, "properties": {"name": "Thapyaywa solar farm", "fuel": "solar", "mw": 30.0, "country": "MMR", "status": "operating"}}, {"type": "Feature", "id": 448, "geometry": {"type": "Point", "coordinates": [96.107, 16.829]}, "properties": {"name": "Yangon solar project", "fuel": "solar", "mw": 1.9, "country": "MMR", "status": "operating"}}, {"type": "Feature", "id": 449, "geometry": {"type": "Point", "coordinates": [97.796, 15.231]}, "properties": {"name": "Ye District solar project", "fuel": "solar", "mw": 1.0, "country": "MMR", "status": "operating"}}, {"type": "Feature", "id": 450, "geometry": {"type": "Point", "coordinates": [99.924, 13.362]}, "properties": {"name": "Amphawa solar project", "fuel": "solar", "mw": 5.1, "country": "THA", "status": "operating"}}, {"type": "Feature", "id": 451, "geometry": {"type": "Point", "coordinates": [100.289, 13.819]}, "properties": {"name": "Amphoe Phutthamonthon solar project", "fuel": "solar", "mw": 2.4, "country": "THA", "status": "operating"}}, {"type": "Feature", "id": 452, "geometry": {"type": "Point", "coordinates": [100.183, 13.975]}, "properties": {"name": "Amphur Banglen solar farm", "fuel": "solar", "mw": 60.0, "country": "THA", "status": "operating"}}, {"type": "Feature", "id": 453, "geometry": {"type": "Point", "coordinates": [99.556, 11.422]}, "properties": {"name": "Ang Thong solar farm", "fuel": "solar", "mw": 24.0, "country": "THA", "status": "operating"}}, {"type": "Feature", "id": 454, "geometry": {"type": "Point", "coordinates": [100.481, 14.442]}, "properties": {"name": "Ayutthaya-1 solar project", "fuel": "solar", "mw": 9.6, "country": "THA", "status": "operating"}}, {"type": "Feature", "id": 455, "geometry": {"type": "Point", "coordinates": [100.743, 16.049]}, "properties": {"name": "Baan-Kluai solar project", "fuel": "solar", "mw": 11.2, "country": "THA", "status": "operating"}}, {"type": "Feature", "id": 456, "geometry": {"type": "Point", "coordinates": [101.698, 15.422]}, "properties": {"name": "Bamnet Narong solar farm", "fuel": "solar", "mw": 16.0, "country": "THA", "status": "operating"}}, {"type": "Feature", "id": 457, "geometry": {"type": "Point", "coordinates": [101.165, 13.137]}, "properties": {"name": "Ban Bueng District solar project I", "fuel": "solar", "mw": 2.0, "country": "THA", "status": "operating"}}, {"type": "Feature", "id": 458, "geometry": {"type": "Point", "coordinates": [101.209, 13.216]}, "properties": {"name": "Ban Bueng District solar project II", "fuel": "solar", "mw": 3.1, "country": "THA", "status": "operating"}}, {"type": "Feature", "id": 459, "geometry": {"type": "Point", "coordinates": [101.147, 13.366]}, "properties": {"name": "Ban Bueng District solar project III", "fuel": "solar", "mw": 1.6, "country": "THA", "status": "operating"}}, {"type": "Feature", "id": 460, "geometry": {"type": "Point", "coordinates": [101.192, 13.335]}, "properties": {"name": "Ban Bueng District solar project IV", "fuel": "solar", "mw": 1.2, "country": "THA", "status": "operating"}}, {"type": "Feature", "id": 461, "geometry": {"type": "Point", "coordinates": [101.182, 13.321]}, "properties": {"name": "Ban Bueng District solar project V", "fuel": "solar", "mw": 1.5, "country": "THA", "status": "operating"}}, {"type": "Feature", "id": 462, "geometry": {"type": "Point", "coordinates": [101.236, 12.824]}, "properties": {"name": "Ban Khai District solar project", "fuel": "solar", "mw": 1.9, "country": "THA", "status": "operating"}}, {"type": "Feature", "id": 463, "geometry": {"type": "Point", "coordinates": [100.509, 14.39]}, "properties": {"name": "Ban Mai Subdistrict Ban Mai Subdistrict Administrative Organization solar project", "fuel": "solar", "mw": 2.3, "country": "THA", "status": "operating"}}, {"type": "Feature", "id": 464, "geometry": {"type": "Point", "coordinates": [100.748, 14.572]}, "properties": {"name": "Ban Mo solar project", "fuel": "solar", "mw": 4.2, "country": "THA", "status": "operating"}}, {"type": "Feature", "id": 465, "geometry": {"type": "Point", "coordinates": [99.33, 8.754]}, "properties": {"name": "Ban Na San solar project", "fuel": "solar", "mw": 1.1, "country": "THA", "status": "operating"}}, {"type": "Feature", "id": 466, "geometry": {"type": "Point", "coordinates": [101.023, 13.616]}, "properties": {"name": "Ban Pho District solar project", "fuel": "solar", "mw": 4.9, "country": "THA", "status": "operating"}}, {"type": "Feature", "id": 467, "geometry": {"type": "Point", "coordinates": [99.699, 13.806]}, "properties": {"name": "Ban Pong solar project I", "fuel": "solar", "mw": 1.1, "country": "THA", "status": "operating"}}, {"type": "Feature", "id": 468, "geometry": {"type": "Point", "coordinates": [99.922, 13.8]}, "properties": {"name": "Ban Pong solar project II", "fuel": "solar", "mw": 1.0, "country": "THA", "status": "operating"}}, {"type": "Feature", "id": 469, "geometry": {"type": "Point", "coordinates": [99.852, 13.853]}, "properties": {"name": "Ban Pong solar project III", "fuel": "solar", "mw": 1.0, "country": "THA", "status": "operating"}}, {"type": "Feature", "id": 470, "geometry": {"type": "Point", "coordinates": [100.897, 13.634]}, "properties": {"name": "Ban Rakat Subdistrict Ban Rakat Subdistrict Administrative Organization solar project", "fuel": "solar", "mw": 3.2, "country": "THA", "status": "operating"}}, {"type": "Feature", "id": 471, "geometry": {"type": "Point", "coordinates": [99.832, 19.212]}, "properties": {"name": "Ban Tam Subdistrict Mueang Phayao District solar project", "fuel": "solar", "mw": 6.3, "country": "THA", "status": "operating"}}, {"type": "Feature", "id": 472, "geometry": {"type": "Point", "coordinates": [101.786, 15.443]}, "properties": {"name": "Ban Tan solar farm", "fuel": "solar", "mw": 2.5, "country": "THA", "status": "operating"}}, {"type": "Feature", "id": 473, "geometry": {"type": "Point", "coordinates": [101.786, 15.443]}, "properties": {"name": "Ban Tan solar farm", "fuel": "solar", "mw": 2.5, "country": "THA", "status": "operating"}}, {"type": "Feature", "id": 474, "geometry": {"type": "Point", "coordinates": [101.786, 15.443]}, "properties": {"name": "Ban Tan solar farm", "fuel": "solar", "mw": 2.5, "country": "THA", "status": "operating"}}, {"type": "Feature", "id": 475, "geometry": {"type": "Point", "coordinates": [101.786, 15.443]}, "properties": {"name": "Ban Tan solar farm", "fuel": "solar", "mw": 2.5, "country": "THA", "status": "operating"}}, {"type": "Feature", "id": 476, "geometry": {"type": "Point", "coordinates": [101.786, 15.443]}, "properties": {"name": "Ban Tan solar farm", "fuel": "solar", "mw": 2.5, "country": "THA", "status": "operating"}}, {"type": "Feature", "id": 477, "geometry": {"type": "Point", "coordinates": [101.786, 15.443]}, "properties": {"name": "Ban Tan solar farm", "fuel": "solar", "mw": 2.5, "country": "THA", "status": "operating"}}, {"type": "Feature", "id": 478, "geometry": {"type": "Point", "coordinates": [101.786, 15.443]}, "properties": {"name": "Ban Tan solar farm", "fuel": "solar", "mw": 2.5, "country": "THA", "status": "operating"}}, {"type": "Feature", "id": 479, "geometry": {"type": "Point", "coordinates": [101.786, 15.443]}, "properties": {"name": "Ban Tan solar farm", "fuel": "solar", "mw": 2.5, "country": "THA", "status": "operating"}}, {"type": "Feature", "id": 480, "geometry": {"type": "Point", "coordinates": [101.786, 15.443]}, "properties": {"name": "Ban Tan solar farm", "fuel": "solar", "mw": 2.5, "country": "THA", "status": "operating"}}, {"type": "Feature", "id": 481, "geometry": {"type": "Point", "coordinates": [99.064, 18.638]}, "properties": {"name": "Ban Thi solar project", "fuel": "solar", "mw": 1.3, "country": "THA", "status": "operating"}}, {"type": "Feature", "id": 482, "geometry": {"type": "Point", "coordinates": [104.816, 14.793]}, "properties": {"name": "Banchalak solar project", "fuel": "solar", "mw": 6.0, "country": "THA", "status": "operating"}}, {"type": "Feature", "id": 483, "geometry": {"type": "Point", "coordinates": [100.915, 13.619]}, "properties": {"name": "Bang Bo District solar project", "fuel": "solar", "mw": 11.4, "country": "THA", "status": "operating"}}, {"type": "Feature", "id": 484, "geometry": {"type": "Point", "coordinates": [100.579, 14.419]}, "properties": {"name": "Bang Duea Subdistrict Bang Duea Subdistrict Administrative Organization solar project", "fuel": "solar", "mw": 1.4, "country": "THA", "status": "operating"}}, {"type": "Feature", "id": 485, "geometry": {"type": "Point", "coordinates": [100.587, 14.193]}, "properties": {"name": "Bang Krasan Subdistrict Bang Pa-In District solar project", "fuel": "solar", "mw": 1.7, "country": "THA", "status": "operating"}}, {"type": "Feature", "id": 486, "geometry": {"type": "Point", "coordinates": [101.272, 6.155]}, "properties": {"name": "Bang Lang dam solar farm", "fuel": "solar", "mw": 78.0, "country": "THA", "status": "planned"}}, {"type": "Feature", "id": 487, "geometry": {"type": "Point", "coordinates": [100.184, 13.975]}, "properties": {"name": "Bang Len solar project", "fuel": "solar", "mw": 9.9, "country": "THA", "status": "operating"}}, {"type": "Feature", "id": 488, "geometry": {"type": "Point", "coordinates": [100.477, 14.012]}, "properties": {"name": "Bang Luang Subdistrict Bang Luang Subdistrict Administrative Organization solar project", "fuel": "solar", "mw": 4.8, "country": "THA", "status": "operating"}}, {"type": "Feature", "id": 489, "geometry": {"type": "Point", "coordinates": [100.958, 13.796]}, "properties": {"name": "Bang Nam Priao District solar project", "fuel": "solar", "mw": 3.5, "country": "THA", "status": "operating"}}, {"type": "Feature", "id": 490, "geometry": {"type": "Point", "coordinates": [100.429, 14.298]}, "properties": {"name": "Bang Nom Kho Subdistrict Sena District solar project", "fuel": "solar", "mw": 2.1, "country": "THA", "status": "operating"}}, {"type": "Feature", "id": 491, "geometry": {"type": "Point", "coordinates": [100.426, 14.269]}, "properties": {"name": "Bang Nom Kho solar project", "fuel": "solar", "mw": 4.7, "country": "THA", "status": "operating"}}, {"type": "Feature", "id": 492, "geometry": {"type": "Point", "coordinates": [100.607, 14.156]}, "properties": {"name": "Bang Pa-In District solar project I", "fuel": "solar", "mw": 5.0, "country": "THA", "status": "operating"}}, {"type": "Feature", "id": 493, "geometry": {"type": "Point", "coordinates": [100.595, 14.288]}, "properties": {"name": "Bang Pa-In District solar project II", "fuel": "solar", "mw": 6.4, "country": "THA", "status": "operating"}}, {"type": "Feature", "id": 494, "geometry": {"type": "Point", "coordinates": [100.947, 13.595]}, "properties": {"name": "Bang Pakong District solar project I", "fuel": "solar", "mw": 1.6, "country": "THA", "status": "operating"}}, {"type": "Feature", "id": 495, "geometry": {"type": "Point", "coordinates": [100.95, 13.588]}, "properties": {"name": "Bang Pakong District solar project II", "fuel": "solar", "mw": 1.2, "country": "THA", "status": "operating"}}, {"type": "Feature", "id": 496, "geometry": {"type": "Point", "coordinates": [100.938, 13.584]}, "properties": {"name": "Bang Pakong District solar project III", "fuel": "solar", "mw": 1.5, "country": "THA", "status": "operating"}}, {"type": "Feature", "id": 497, "geometry": {"type": "Point", "coordinates": [99.911, 13.72]}, "properties": {"name": "Bang Phae solar project", "fuel": "solar", "mw": 1.1, "country": "THA", "status": "operating"}}, {"type": "Feature", "id": 498, "geometry": {"type": "Point", "coordinates": [100.581, 14.489]}, "properties": {"name": "Bang Phloeng Subdistrict Ban Khlo Subdistrict Administrative Organization solar project", "fuel": "solar", "mw": 6.3, "country": "THA", "status": "operating"}}, {"type": "Feature", "id": 499, "geometry": {"type": "Point", "coordinates": [100.302, 14.322]}, "properties": {"name": "Bang Sai Subdistrict Bang Sai Subdistrict Administrative Organization solar project", "fuel": "solar", "mw": 2.1, "country": "THA", "status": "operating"}}, {"type": "Feature", "id": 500, "geometry": {"type": "Point", "coordinates": [100.439, 14.309]}, "properties": {"name": "Bang Yi Tho Subdistrict Bang Yi Tho Subdistrict Administrative Organization solar project", "fuel": "solar", "mw": 5.6, "country": "THA", "status": "operating"}}, {"type": "Feature", "id": 501, "geometry": {"type": "Point", "coordinates": [100.451, 14.284]}, "properties": {"name": "Bang Yi Tho Subdistrict Bang Yi Tho Subdistrict Administrative Organization solar project I", "fuel": "solar", "mw": 6.3, "country": "THA", "status": "operating"}}, {"type": "Feature", "id": 502, "geometry": {"type": "Point", "coordinates": [100.885, 13.752]}, "properties": {"name": "Bangkok solar project I", "fuel": "solar", "mw": 4.7, "country": "THA", "status": "operating"}}, {"type": "Feature", "id": 503, "geometry": {"type": "Point", "coordinates": [100.855, 13.911]}, "properties": {"name": "Bangkok solar project II", "fuel": "solar", "mw": 4.5, "country": "THA", "status": "operating"}}, {"type": "Feature", "id": 504, "geometry": {"type": "Point", "coordinates": [100.903, 13.9]}, "properties": {"name": "Bangkok solar project III", "fuel": "solar", "mw": 4.4, "country": "THA", "status": "operating"}}, {"type": "Feature", "id": 505, "geometry": {"type": "Point", "coordinates": [100.824, 13.748]}, "properties": {"name": "Bangkok solar project IV", "fuel": "solar", "mw": 5.0, "country": "THA", "status": "operating"}}, {"type": "Feature", "id": 506, "geometry": {"type": "Point", "coordinates": [100.44, 13.631]}, "properties": {"name": "Bangkok solar project V", "fuel": "solar", "mw": 1.7, "country": "THA", "status": "operating"}}, {"type": "Feature", "id": 507, "geometry": {"type": "Point", "coordinates": [100.591, 13.765]}, "properties": {"name": "Bangkok solar project VI", "fuel": "solar", "mw": 3.7, "country": "THA", "status": "operating"}}, {"type": "Feature", "id": 508, "geometry": {"type": "Point", "coordinates": [99.949, 15.854]}, "properties": {"name": "Banphot Phisai solar project", "fuel": "solar", "mw": 1.4, "country": "THA", "status": "operating"}}, {"type": "Feature", "id": 509, "geometry": {"type": "Point", "coordinates": [104.813, 14.789]}, "properties": {"name": "Benchalak SPP3 solar project", "fuel": "solar", "mw": 9.6, "country": "THA", "status": "operating"}}, {"type": "Feature", "id": 510, "geometry": {"type": "Point", "coordinates": [98.972, 17.243]}, "properties": {"name": "Bhumibol Dam solar farm", "fuel": "solar", "mw": 158.0, "country": "THA", "status": "planned"}}, {"type": "Feature", "id": 511, "geometry": {"type": "Point", "coordinates": [98.972, 17.243]}, "properties": {"name": "Bhumibol Dam solar farm", "fuel": "solar", "mw": 300.0, "country": "THA", "status": "planned"}}, {"type": "Feature", "id": 512, "geometry": {"type": "Point", "coordinates": [98.972, 17.243]}, "properties": {"name": "Bhumibol Dam solar farm", "fuel": "solar", "mw": 320.0, "country": "THA", "status": "planned"}}, {"type": "Feature", "id": 513, "geometry": {"type": "Point", "coordinates": [101.833, 13.965]}, "properties": {"name": "Bo-Thong solar project", "fuel": "solar", "mw": 12.9, "country": "THA", "status": "operating"}}, {"type": "Feature", "id": 514, "geometry": {"type": "Point", "coordinates": [99.821, 14.896]}, "properties": {"name": "Breeze and Shine solar farm", "fuel": "solar", "mw": 176.7, "country": "THA", "status": "operating"}}, {"type": "Feature", "id": 515, "geometry": {"type": "Point", "coordinates": [102.514, 15.665]}, "properties": {"name": "Bua Lai solar project", "fuel": "solar", "mw": 1.5, "country": "THA", "status": "operating"}}, {"type": "Feature", "id": 516, "geometry": {"type": "Point", "coordinates": [102.403, 15.604]}, "properties": {"name": "Bua Yai solar project", "fuel": "solar", "mw": 1.0, "country": "THA", "status": "operating"}}, {"type": "Feature", "id": 517, "geometry": {"type": "Point", "coordinates": [102.615, 14.66]}, "properties": {"name": "Buri Ram 1 (BR1) solar project", "fuel": "solar", "mw": 14.9, "country": "THA", "status": "operating"}}, {"type": "Feature", "id": 518, "geometry": {"type": "Point", "coordinates": [102.479, 14.7]}, "properties": {"name": "Buri Ram 2 (BR2) solar project", "fuel": "solar", "mw": 9.5, "country": "THA", "status": "operating"}}, {"type": "Feature", "id": 519, "geometry": {"type": "Point", "coordinates": [103.063, 14.762]}, "properties": {"name": "Buri Ram 3 (BR3) solar project", "fuel": "solar", "mw": 10.1, "country": "THA", "status": "operating"}}, {"type": "Feature", "id": 520, "geometry": {"type": "Point", "coordinates": [101.15, 15.295]}, "properties": {"name": "Chai Badan solar project", "fuel": "solar", "mw": 1.1, "country": "THA", "status": "operating"}}, {"type": "Feature", "id": 521, "geometry": {"type": "Point", "coordinates": [100.934, 14.619]}, "properties": {"name": "Chaloem Phra Kiat solar project", "fuel": "solar", "mw": 1.1, "country": "THA", "status": "operating"}}, {"type": "Feature", "id": 522, "geometry": {"type": "Point", "coordinates": [101.078, 14.54]}, "properties": {"name": "Cham Phak Phaeo solar project", "fuel": "solar", "mw": 6.4, "country": "THA", "status": "operating"}}, {"type": "Feature", "id": 523, "geometry": {"type": "Point", "coordinates": [99.809, 14.849]}, "properties": {"name": "Chang Wat A solar project", "fuel": "solar", "mw": 7.2, "country": "THA", "status": "operating"}}, {"type": "Feature", "id": 524, "geometry": {"type": "Point", "coordinates": [104.877, 16.027]}, "properties": {"name": "Chanuman solar project", "fuel": "solar", "mw": 1.7, "country": "THA", "status": "operating"}}, {"type": "Feature", "id": 525, "geometry": {"type": "Point", "coordinates": [101.147, 13.121]}, "properties": {"name": "Chaophraya Surasak Si Racha District solar project I", "fuel": "solar", "mw": 1.1, "country": "THA", "status": "operating"}}, {"type": "Feature", "id": 526, "geometry": {"type": "Point", "coordinates": [101.168, 13.095]}, "properties": {"name": "Chaophraya Surasak Si Racha District solar project II", "fuel": "solar", "mw": 2.7, "country": "THA", "status": "operating"}}, {"type": "Feature", "id": 527, "geometry": {"type": "Point", "coordinates": [101.087, 13.054]}, "properties": {"name": "Chaophraya Surasak Si Racha District solar project III", "fuel": "solar", "mw": 2.1, "country": "THA", "status": "operating"}}, {"type": "Feature", "id": 528, "geometry": {"type": "Point", "coordinates": [101.08, 13.059]}, "properties": {"name": "Chaophraya Surasak Si Racha District solar project IV", "fuel": "solar", "mw": 1.4, "country": "THA", "status": "operating"}}, {"type": "Feature", "id": 529, "geometry": {"type": "Point", "coordinates": [101.156, 13.127]}, "properties": {"name": "Chaophraya Surasak Si Racha District solar project V", "fuel": "solar", "mw": 1.5, "country": "THA", "status": "operating"}}, {"type": "Feature", "id": 530, "geometry": {"type": "Point", "coordinates": [100.958, 13.086]}, "properties": {"name": "Chaophraya Surasak Si Racha District solar project VI", "fuel": "solar", "mw": 2.1, "country": "THA", "status": "operating"}}, {"type": "Feature", "id": 531, "geometry": {"type": "Point", "coordinates": [101.003, 13.108]}, "properties": {"name": "Chaophraya Surasak Si Racha District solar project VII", "fuel": "solar", "mw": 2.3, "country": "THA", "status": "operating"}}, {"type": "Feature", "id": 532, "geometry": {"type": "Point", "coordinates": [101.007, 13.112]}, "properties": {"name": "Chaophraya Surasak Si Racha District solar project VIII", "fuel": "solar", "mw": 1.6, "country": "THA", "status": "operating"}}, {"type": "Feature", "id": 533, "geometry": {"type": "Point", "coordinates": [101.969, 14.927]}, "properties": {"name": "Charoen Pokphand Group solar farm", "fuel": "solar", "mw": 197.0, "country": "THA", "status": "operating"}}, {"type": "Feature", "id": 534, "geometry": {"type": "Point", "coordinates": [102.188, 14.68]}, "properties": {"name": "Chok Chai solar project I", "fuel": "solar", "mw": 4.0, "country": "THA", "status": "operating"}}, {"type": "Feature", "id": 535, "geometry": {"type": "Point", "coordinates": [102.211, 14.739]}, "properties": {"name": "Chok Chai solar project II", "fuel": "solar", "mw": 1.1, "country": "THA", "status": "operating"}}, {"type": "Feature", "id": 536, "geometry": {"type": "Point", "coordinates": [103.592, 15.126]}, "properties": {"name": "Chom Phra solar farm", "fuel": "solar", "mw": 63.0, "country": "THA", "status": "planned"}}, {"type": "Feature", "id": 537, "geometry": {"type": "Point", "coordinates": [99.47, 14.355]}, "properties": {"name": "Chongdan solar project", "fuel": "solar", "mw": 11.4, "country": "THA", "status": "operating"}}, {"type": "Feature", "id": 538, "geometry": {"type": "Point", "coordinates": [101.65, 16.536]}, "properties": {"name": "Chulabhorn Dam solar farm", "fuel": "solar", "mw": 40.0, "country": "THA", "status": "planned"}}, {"type": "Feature", "id": 539, "geometry": {"type": "Point", "coordinates": [99.892, 13.606]}, "properties": {"name": "Damnoen Saduak solar project", "fuel": "solar", "mw": 1.1, "country": "THA", "status": "operating"}}, {"type": "Feature", "id": 540, "geometry": {"type": "Point", "coordinates": [101.781, 15.235]}, "properties": {"name": "Dan Khun Thot solar project", "fuel": "solar", "mw": 1.2, "country": "THA", "status": "operating"}}, {"type": "Feature", "id": 541, "geometry": {"type": "Point", "coordinates": [100.936, 14.934]}, "properties": {"name": "Di Lang solar project", "fuel": "solar", "mw": 18.7, "country": "THA", "status": "operating"}}, {"type": "Feature", "id": 542, "geometry": {"type": "Point", "coordinates": [99.994, 14.626]}, "properties": {"name": "Don Chedi solar farm", "fuel": "solar", "mw": 24.2, "country": "THA", "status": "planned"}}, {"type": "Feature", "id": 543, "geometry": {"type": "Point", "coordinates": [99.89, 14.632]}, "properties": {"name": "Don Chedi solar project", "fuel": "solar", "mw": 12.3, "country": "THA", "status": "operating"}}, {"type": "Feature", "id": 544, "geometry": {"type": "Point", "coordinates": [100.079, 14.038]}, "properties": {"name": "Don Tum solar project", "fuel": "solar", "mw": 5.7, "country": "THA", "status": "operating"}}, {"type": "Feature", "id": 545, "geometry": {"type": "Point", "coordinates": [100.142, 14.929]}, "properties": {"name": "Dong Khon solar project", "fuel": "solar", "mw": 7.1, "country": "THA", "status": "operating"}}, {"type": "Feature", "id": 546, "geometry": {"type": "Point", "coordinates": [100.643, 15.058]}, "properties": {"name": "Dong Phlap solar project", "fuel": "solar", "mw": 4.8, "country": "THA", "status": "operating"}}, {"type": "Feature", "id": 547, "geometry": {"type": "Point", "coordinates": [102.495, 16.471]}, "properties": {"name": "Donmong hybrid solar farm", "fuel": "solar", "mw": 90.0, "country": "THA", "status": "operating"}}, {"type": "Feature", "id": 548, "geometry": {"type": "Point", "coordinates": [102.465, 13.753]}, "properties": {"name": "Han Sai B solar farm", "fuel": "solar", "mw": 25.0, "country": "THA", "status": "operating"}}, {"type": "Feature", "id": 549, "geometry": {"type": "Point", "coordinates": [100.504, 14.506]}, "properties": {"name": "Han Sang Subdistrict Han Sang Subdistrict Administrative Organization solar project", "fuel": "solar", "mw": 17.8, "country": "THA", "status": "operating"}}, {"type": "Feature", "id": 550, "geometry": {"type": "Point", "coordinates": [99.413, 18.374]}, "properties": {"name": "Hang Chat solar project", "fuel": "solar", "mw": 10.9, "country": "THA", "status": "operating"}}, {"type": "Feature", "id": 551, "geometry": {"type": "Point", "coordinates": [102.435, 13.777]}, "properties": {"name": "Hansai solar farm", "fuel": "solar", "mw": 36.0, "country": "THA", "status": "operating"}}, {"type": "Feature", "id": 552, "geometry": {"type": "Point", "coordinates": [99.796, 17.508]}, "properties": {"name": "Hat Siao solar project", "fuel": "solar", "mw": 9.7, "country": "THA", "status": "operating"}}, {"type": "Feature", "id": 553, "geometry": {"type": "Point", "coordinates": [100.43, 6.986]}, "properties": {"name": "Hat Yai solar project I", "fuel": "solar", "mw": 1.5, "country": "THA", "status": "operating"}}, {"type": "Feature", "id": 554, "geometry": {"type": "Point", "coordinates": [100.463, 6.874]}, "properties": {"name": "Hat Yai solar project II", "fuel": "solar", "mw": 4.3, "country": "THA", "status": "operating"}}, {"type": "Feature", "id": 555, "geometry": {"type": "Point", "coordinates": [100.493, 6.973]}, "properties": {"name": "Hat Yai solar project III", "fuel": "solar", "mw": 1.7, "country": "THA", "status": "operating"}}, {"type": "Feature", "id": 556, "geometry": {"type": "Point", "coordinates": [99.47, 16.047]}, "properties": {"name": "Hin Dat Pang Sila Thong District solar project", "fuel": "solar", "mw": 1.6, "country": "THA", "status": "operating"}}, {"type": "Feature", "id": 557, "geometry": {"type": "Point", "coordinates": [100.46, 14.259]}, "properties": {"name": "Homok Subdistrict Bang Yi Tho Subdistrict Administrative Organization solar project", "fuel": "solar", "mw": 3.5, "country": "THA", "status": "operating"}}, {"type": "Feature", "id": 558, "geometry": {"type": "Point", "coordinates": [100.973, 12.88]}, "properties": {"name": "Horseshoe Point solar project", "fuel": "solar", "mw": 9.1, "country": "THA", "status": "operating"}}, {"type": "Feature", "id": 559, "geometry": {"type": "Point", "coordinates": [99.918, 12.495]}, "properties": {"name": "Hua Hin District solar project", "fuel": "solar", "mw": 1.0, "country": "THA", "status": "operating"}}, {"type": "Feature", "id": 560, "geometry": {"type": "Point", "coordinates": [99.732, 14.251]}, "properties": {"name": "Huai Krachao solar project", "fuel": "solar", "mw": 8.4, "country": "THA", "status": "operating"}}, {"type": "Feature", "id": 561, "geometry": {"type": "Point", "coordinates": [99.737, 12.808]}, "properties": {"name": "Huai Sai Nuea solar project", "fuel": "solar", "mw": 8.3, "country": "THA", "status": "operating"}}, {"type": "Feature", "id": 562, "geometry": {"type": "Point", "coordinates": [101.022, 14.483]}, "properties": {"name": "Huaihaeng solar project", "fuel": "solar", "mw": 6.0, "country": "THA", "status": "operating"}}, {"type": "Feature", "id": 563, "geometry": {"type": "Point", "coordinates": [101.878, 13.946]}, "properties": {"name": "Kabin Buri District solar project I", "fuel": "solar", "mw": 3.7, "country": "THA", "status": "operating"}}, {"type": "Feature", "id": 564, "geometry": {"type": "Point", "coordinates": [101.871, 13.945]}, "properties": {"name": "Kabin Buri District solar project II", "fuel": "solar", "mw": 1.8, "country": "THA", "status": "operating"}}, {"type": "Feature", "id": 565, "geometry": {"type": "Point", "coordinates": [101.712, 13.922]}, "properties": {"name": "Kabin solar project", "fuel": "solar", "mw": 4.5, "country": "THA", "status": "operating"}}, {"type": "Feature", "id": 566, "geometry": {"type": "Point", "coordinates": [101.079, 14.622]}, "properties": {"name": "Kaeng Khoi solar project I", "fuel": "solar", "mw": 1.2, "country": "THA", "status": "operating"}}, {"type": "Feature", "id": 567, "geometry": {"type": "Point", "coordinates": [101.071, 14.618]}, "properties": {"name": "Kaeng Khoi solar project II", "fuel": "solar", "mw": 7.3, "country": "THA", "status": "operating"}}, {"type": "Feature", "id": 568, "geometry": {"type": "Point", "coordinates": [101.048, 14.614]}, "properties": {"name": "Kaeng Khoi solar project III", "fuel": "solar", "mw": 1.6, "country": "THA", "status": "operating"}}, {"type": "Feature", "id": 569, "geometry": {"type": "Point", "coordinates": [100.992, 14.607]}, "properties": {"name": "Kaeng Khoi solar project IV", "fuel": "solar", "mw": 3.2, "country": "THA", "status": "operating"}}, {"type": "Feature", "id": 570, "geometry": {"type": "Point", "coordinates": [101.001, 14.627]}, "properties": {"name": "Kaeng Khoi solar project V", "fuel": "solar", "mw": 1.0, "country": "THA", "status": "operating"}}, {"type": "Feature", "id": 571, "geometry": {"type": "Point", "coordinates": [99.927, 14.091]}, "properties": {"name": "Kamphaeng Saen solar project", "fuel": "solar", "mw": 1.6, "country": "THA", "status": "operating"}}, {"type": "Feature", "id": 572, "geometry": {"type": "Point", "coordinates": [100.111, 15.933]}, "properties": {"name": "Kao Liao solar project", "fuel": "solar", "mw": 1.2, "country": "THA", "status": "operating"}}, {"type": "Feature", "id": 573, "geometry": {"type": "Point", "coordinates": [103.683, 14.495]}, "properties": {"name": "Kap Choeng solar project", "fuel": "solar", "mw": 2.0, "country": "THA", "status": "operating"}}, {"type": "Feature", "id": 574, "geometry": {"type": "Point", "coordinates": [103.508, 15.623]}, "properties": {"name": "Kaset Wisai solar project", "fuel": "solar", "mw": 1.0, "country": "THA", "status": "operating"}}, {"type": "Feature", "id": 575, "geometry": {"type": "Point", "coordinates": [101.114, 14.821]}, "properties": {"name": "Kham Phran solar farm", "fuel": "solar", "mw": 23.0, "country": "THA", "status": "operating"}}, {"type": "Feature", "id": 576, "geometry": {"type": "Point", "coordinates": [103.757, 17.858]}, "properties": {"name": "Kham Tak Kla solar farm", "fuel": "solar", "mw": 38.8, "country": "THA", "status": "planned"}}, {"type": "Feature", "id": 577, "geometry": {"type": "Point", "coordinates": [99.637, 13.798]}, "properties": {"name": "Khao Khlung solar project", "fuel": "solar", "mw": 7.0, "country": "THA", "status": "operating"}}, {"type": "Feature", "id": 578, "geometry": {"type": "Point", "coordinates": [100.025, 20.169]}, "properties": {"name": "Khao Pleuk solar project", "fuel": "solar", "mw": 4.5, "country": "THA", "status": "operating"}}, {"type": "Feature", "id": 579, "geometry": {"type": "Point", "coordinates": [100.851, 14.664]}, "properties": {"name": "Khao Wong A solar project", "fuel": "solar", "mw": 10.7, "country": "THA", "status": "operating"}}, {"type": "Feature", "id": 580, "geometry": {"type": "Point", "coordinates": [99.906, 12.824]}, "properties": {"name": "Khao Yai solar farm", "fuel": "solar", "mw": 50.0, "country": "THA", "status": "operating"}}, {"type": "Feature", "id": 581, "geometry": {"type": "Point", "coordinates": [99.779, 13.275]}, "properties": {"name": "Khao Yao solar project", "fuel": "solar", "mw": 9.5, "country": "THA", "status": "operating"}}, {"type": "Feature", "id": 582, "geometry": {"type": "Point", "coordinates": [99.817, 13.275]}, "properties": {"name": "Khao Yoi solar project I", "fuel": "solar", "mw": 1.1, "country": "THA", "status": "operating"}}, {"type": "Feature", "id": 583, "geometry": {"type": "Point", "coordinates": [99.824, 13.271]}, "properties": {"name": "Khao Yoi solar project II", "fuel": "solar", "mw": 3.0, "country": "THA", "status": "operating"}}, {"type": "Feature", "id": 584, "geometry": {"type": "Point", "coordinates": [99.822, 13.224]}, "properties": {"name": "Khao Yoi solar project III", "fuel": "solar", "mw": 1.5, "country": "THA", "status": "operating"}}, {"type": "Feature", "id": 585, "geometry": {"type": "Point", "coordinates": [99.823, 13.138]}, "properties": {"name": "Khao Yoi solar project IV", "fuel": "solar", "mw": 1.1, "country": "THA", "status": "operating"}}, {"type": "Feature", "id": 586, "geometry": {"type": "Point", "coordinates": [100.855, 13.489]}, "properties": {"name": "Khlong Dan Subdistrict Khlong Dan Subdistrict Administrative Organization solar project", "fuel": "solar", "mw": 4.5, "country": "THA", "status": "operating"}}, {"type": "Feature", "id": 587, "geometry": {"type": "Point", "coordinates": [99.72, 16.186]}, "properties": {"name": "Khlong Khlung solar project I", "fuel": "solar", "mw": 3.4, "country": "THA", "status": "operating"}}, {"type": "Feature", "id": 588, "geometry": {"type": "Point", "coordinates": [99.734, 16.174]}, "properties": {"name": "Khlong Khlung solar project II", "fuel": "solar", "mw": 4.4, "country": "THA", "status": "operating"}}, {"type": "Feature", "id": 589, "geometry": {"type": "Point", "coordinates": [100.458, 14.109]}, "properties": {"name": "Khlong Khwai Subdistrict Khlong Khwai Subdistrict Administrative Organization solar project", "fuel": "solar", "mw": 6.0, "country": "THA", "status": "operating"}}, {"type": "Feature", "id": 590, "geometry": {"type": "Point", "coordinates": [100.604, 14.125]}, "properties": {"name": "Khlong Luang District solar project", "fuel": "solar", "mw": 1.8, "country": "THA", "status": "operating"}}, {"type": "Feature", "id": 591, "geometry": {"type": "Point", "coordinates": [101.999, 13.894]}, "properties": {"name": "Khok Pi Khong B solar project", "fuel": "solar", "mw": 5.7, "country": "THA", "status": "operating"}}, {"type": "Feature", "id": 592, "geometry": {"type": "Point", "coordinates": [100.834, 15.074]}, "properties": {"name": "Khok Samrong solar project", "fuel": "solar", "mw": 2.5, "country": "THA", "status": "operating"}}, {"type": "Feature", "id": 593, "geometry": {"type": "Point", "coordinates": [102.07, 14.763]}, "properties": {"name": "Khok Thai solar project", "fuel": "solar", "mw": 15.2, "country": "THA", "status": "operating"}}, {"type": "Feature", "id": 594, "geometry": {"type": "Point", "coordinates": [102.186, 14.575]}, "properties": {"name": "Khon Buri solar project", "fuel": "solar", "mw": 5.1, "country": "THA", "status": "operating"}}, {"type": "Feature", "id": 595, "geometry": {"type": "Point", "coordinates": [102.794, 16.512]}, "properties": {"name": "Khon Kaen 1 (KK1) solar project", "fuel": "solar", "mw": 7.7, "country": "THA", "status": "operating"}}, {"type": "Feature", "id": 596, "geometry": {"type": "Point", "coordinates": [102.276, 16.529]}, "properties": {"name": "Khon Kaen 10 (KK10) solar project", "fuel": "solar", "mw": 10.5, "country": "THA", "status": "operating"}}, {"type": "Feature", "id": 597, "geometry": {"type": "Point", "coordinates": [102.835, 16.828]}, "properties": {"name": "Khon Kaen 2 (KK2) solar project", "fuel": "solar", "mw": 10.8, "country": "THA", "status": "operating"}}, {"type": "Feature", "id": 598, "geometry": {"type": "Point", "coordinates": [102.806, 16.76]}, "properties": {"name": "Khon Kaen 3 (KK3) solar project", "fuel": "solar", "mw": 9.3, "country": "THA", "status": "operating"}}, {"type": "Feature", "id": 599, "geometry": {"type": "Point", "coordinates": [102.112, 16.606]}, "properties": {"name": "Khon Kaen 4 (KK4) solar project", "fuel": "solar", "mw": 8.6, "country": "THA", "status": "operating"}}, {"type": "Feature", "id": 600, "geometry": {"type": "Point", "coordinates": [102.791, 16.288]}, "properties": {"name": "Khon Kaen 5 (KK5) solar project", "fuel": "solar", "mw": 6.9, "country": "THA", "status": "operating"}}, {"type": "Feature", "id": 601, "geometry": {"type": "Point", "coordinates": [102.507, 16.48]}, "properties": {"name": "Khon Kaen 6 (KK6) solar project", "fuel": "solar", "mw": 7.3, "country": "THA", "status": "operating"}}, {"type": "Feature", "id": 602, "geometry": {"type": "Point", "coordinates": [102.324, 16.5]}, "properties": {"name": "Khon Kaen 7 (KK7) solar project", "fuel": "solar", "mw": 8.5, "country": "THA", "status": "operating"}}, {"type": "Feature", "id": 603, "geometry": {"type": "Point", "coordinates": [102.75, 16.115]}, "properties": {"name": "Khon Kaen 8 (KK8) solar project", "fuel": "solar", "mw": 9.7, "country": "THA", "status": "operating"}}, {"type": "Feature", "id": 604, "geometry": {"type": "Point", "coordinates": [102.003, 16.579]}, "properties": {"name": "Khon Kaen 9 (KK9) solar project", "fuel": "solar", "mw": 9.2, "country": "THA", "status": "operating"}}, {"type": "Feature", "id": 605, "geometry": {"type": "Point", "coordinates": [102.808, 16.465]}, "properties": {"name": "Khon Kaen City Municipality solar project", "fuel": "solar", "mw": 2.8, "country": "THA", "status": "operating"}}, {"type": "Feature", "id": 606, "geometry": {"type": "Point", "coordinates": [101.738, 15.133]}, "properties": {"name": "Khorat III solar project", "fuel": "solar", "mw": 12.7, "country": "THA", "status": "operating"}}, {"type": "Feature", "id": 607, "geometry": {"type": "Point", "coordinates": [100.433, 14.046]}, "properties": {"name": "Khu Khwang Subdistrict Lat Lum Kaeo District solar project", "fuel": "solar", "mw": 2.3, "country": "THA", "status": "operating"}}, {"type": "Feature", "id": 608, "geometry": {"type": "Point", "coordinates": [100.272, 14.026]}, "properties": {"name": "Khun Si Subdistrict Khun Si Subdistrict Administrative Organization solar project", "fuel": "solar", "mw": 4.6, "country": "THA", "status": "operating"}}, {"type": "Feature", "id": 609, "geometry": {"type": "Point", "coordinates": [101.705, 12.774]}, "properties": {"name": "Klaeng District solar project I", "fuel": "solar", "mw": 1.6, "country": "THA", "status": "operating"}}, {"type": "Feature", "id": 610, "geometry": {"type": "Point", "coordinates": [101.694, 12.778]}, "properties": {"name": "Klaeng District solar project II", "fuel": "solar", "mw": 1.0, "country": "THA", "status": "operating"}}, {"type": "Feature", "id": 611, "geometry": {"type": "Point", "coordinates": [101.726, 6.136]}, "properties": {"name": "Kok Kian 1 solar farm", "fuel": "solar", "mw": 41.6, "country": "THA", "status": "planned"}}, {"type": "Feature", "id": 612, "geometry": {"type": "Point", "coordinates": [101.726, 6.136]}, "properties": {"name": "Kok Kian 1 solar farm", "fuel": "solar", "mw": 77.6, "country": "THA", "status": "planned"}}, {"type": "Feature", "id": 613, "geometry": {"type": "Point", "coordinates": [102.009, 13.922]}, "properties": {"name": "Kokpikong solar farm", "fuel": "solar", "mw": 36.0, "country": "THA", "status": "operating"}}, {"type": "Feature", "id": 614, "geometry": {"type": "Point", "coordinates": [102.344, 15.193]}, "properties": {"name": "Korat 1 (KR1) solar project", "fuel": "solar", "mw": 18.5, "country": "THA", "status": "operating"}}, {"type": "Feature", "id": 615, "geometry": {"type": "Point", "coordinates": [102.559, 15.604]}, "properties": {"name": "Korat 3 (KR3) solar project", "fuel": "solar", "mw": 7.5, "country": "THA", "status": "operating"}}, {"type": "Feature", "id": 616, "geometry": {"type": "Point", "coordinates": [102.162, 14.818]}, "properties": {"name": "Korat 4 (KR4) solar project", "fuel": "solar", "mw": 7.2, "country": "THA", "status": "operating"}}, {"type": "Feature", "id": 617, "geometry": {"type": "Point", "coordinates": [102.519, 15.554]}, "properties": {"name": "Korat 5 (KR5) solar project", "fuel": "solar", "mw": 14.1, "country": "THA", "status": "operating"}}, {"type": "Feature", "id": 618, "geometry": {"type": "Point", "coordinates": [102.497, 14.997]}, "properties": {"name": "Korat 6 (KR6) solar project", "fuel": "solar", "mw": 15.6, "country": "THA", "status": "operating"}}, {"type": "Feature", "id": 619, "geometry": {"type": "Point", "coordinates": [101.887, 15.108]}, "properties": {"name": "Korat 7 (KR7) solar project", "fuel": "solar", "mw": 8.4, "country": "THA", "status": "operating"}}, {"type": "Feature", "id": 620, "geometry": {"type": "Point", "coordinates": [101.809, 14.874]}, "properties": {"name": "Korat 9 (KR9) solar project", "fuel": "solar", "mw": 7.0, "country": "THA", "status": "operating"}}, {"type": "Feature", "id": 621, "geometry": {"type": "Point", "coordinates": [103.055, 14.956]}, "properties": {"name": "Krasang Subdistrict Mueang Buri Ram District solar project", "fuel": "solar", "mw": 1.3, "country": "THA", "status": "operating"}}, {"type": "Feature", "id": 622, "geometry": {"type": "Point", "coordinates": [100.277, 13.668]}, "properties": {"name": "Krathum Baen solar project", "fuel": "solar", "mw": 3.9, "country": "THA", "status": "operating"}}, {"type": "Feature", "id": 623, "geometry": {"type": "Point", "coordinates": [99.851, 12.087]}, "properties": {"name": "Kui Buri District solar project I", "fuel": "solar", "mw": 3.2, "country": "THA", "status": "operating"}}, {"type": "Feature", "id": 624, "geometry": {"type": "Point", "coordinates": [99.846, 12.092]}, "properties": {"name": "Kui Buri District solar project II", "fuel": "solar", "mw": 1.4, "country": "THA", "status": "operating"}}, {"type": "Feature", "id": 625, "geometry": {"type": "Point", "coordinates": [99.828, 12.047]}, "properties": {"name": "Kui Buri solar project", "fuel": "solar", "mw": 8.8, "country": "THA", "status": "operating"}}, {"type": "Feature", "id": 626, "geometry": {"type": "Point", "coordinates": [100.907, 13.099]}, "properties": {"name": "Laem Chabang Si Racha District solar project", "fuel": "solar", "mw": 2.5, "country": "THA", "status": "operating"}}, {"type": "Feature", "id": 627, "geometry": {"type": "Point", "coordinates": [100.276, 14.217]}, "properties": {"name": "Lak Chai Subdistrict Lak Chai Subdistrict Administrative Organization solar project", "fuel": "solar", "mw": 11.2, "country": "THA", "status": "operating"}}, {"type": "Feature", "id": 628, "geometry": {"type": "Point", "coordinates": [100.848, 13.963]}, "properties": {"name": "Lam Sai Subdistrict Lam Sai Subdistrict Administrative Organization solar project", "fuel": "solar", "mw": 2.2, "country": "THA", "status": "operating"}}, {"type": "Feature", "id": 629, "geometry": {"type": "Point", "coordinates": [99.415, 18.37]}, "properties": {"name": "Lampang solar farm", "fuel": "solar", "mw": 128.0, "country": "THA", "status": "operating"}}, {"type": "Feature", "id": 630, "geometry": {"type": "Point", "coordinates": [101.849, 17.304]}, "properties": {"name": "Loei 1 (LO1) solar project", "fuel": "solar", "mw": 7.8, "country": "THA", "status": "operating"}}, {"type": "Feature", "id": 631, "geometry": {"type": "Point", "coordinates": [101.819, 17.199]}, "properties": {"name": "Loei 2 (LO2) solar project", "fuel": "solar", "mw": 8.4, "country": "THA", "status": "operating"}}, {"type": "Feature", "id": 632, "geometry": {"type": "Point", "coordinates": [100.896, 15.052]}, "properties": {"name": "Lopburi (EGCO) solar farm", "fuel": "solar", "mw": 55.0, "country": "THA", "status": "operating"}}, {"type": "Feature", "id": 633, "geometry": {"type": "Point", "coordinates": [100.885, 15.054]}, "properties": {"name": "Lopburi (EGCO) solar farm", "fuel": "solar", "mw": 8.0, "country": "THA", "status": "operating"}}, {"type": "Feature", "id": 634, "geometry": {"type": "Point", "coordinates": [100.696, 15.001]}, "properties": {"name": "Lopburi Absolute solar project", "fuel": "solar", "mw": 8.0, "country": "THA", "status": "operating"}}, {"type": "Feature", "id": 635, "geometry": {"type": "Point", "coordinates": [100.476, 14.59]}, "properties": {"name": "Maha Rat District solar project", "fuel": "solar", "mw": 1.0, "country": "THA", "status": "operating"}}, {"type": "Feature", "id": 636, "geometry": {"type": "Point", "coordinates": [101.159, 12.728]}, "properties": {"name": "Map Ta Phut Mueang Rayong District solar project", "fuel": "solar", "mw": 2.2, "country": "THA", "status": "operating"}}, {"type": "Feature", "id": 637, "geometry": {"type": "Point", "coordinates": [101.452, 14.863]}, "properties": {"name": "Muak Lek solar project", "fuel": "solar", "mw": 1.5, "country": "THA", "status": "operating"}}, {"type": "Feature", "id": 638, "geometry": {"type": "Point", "coordinates": [102.467, 13.624]}, "properties": {"name": "Muang Phai A solar project", "fuel": "solar", "mw": 11.5, "country": "THA", "status": "operating"}}, {"type": "Feature", "id": 639, "geometry": {"type": "Point", "coordinates": [101.004, 13.411]}, "properties": {"name": "Mueang Chon Buri District solar project I", "fuel": "solar", "mw": 2.8, "country": "THA", "status": "operating"}}, {"type": "Feature", "id": 640, "geometry": {"type": "Point", "coordinates": [101.025, 13.424]}, "properties": {"name": "Mueang Chon Buri District solar project II", "fuel": "solar", "mw": 1.2, "country": "THA", "status": "operating"}}, {"type": "Feature", "id": 641, "geometry": {"type": "Point", "coordinates": [103.665, 16.57]}, "properties": {"name": "Mueang Kalasin solar project", "fuel": "solar", "mw": 3.0, "country": "THA", "status": "operating"}}, {"type": "Feature", "id": 642, "geometry": {"type": "Point", "coordinates": [99.46, 13.994]}, "properties": {"name": "Mueang Kanchanaburi solar project I", "fuel": "solar", "mw": 3.1, "country": "THA", "status": "operating"}}, {"type": "Feature", "id": 643, "geometry": {"type": "Point", "coordinates": [99.447, 14.051]}, "properties": {"name": "Mueang Kanchanaburi solar project II", "fuel": "solar", "mw": 2.3, "country": "THA", "status": "operating"}}, {"type": "Feature", "id": 644, "geometry": {"type": "Point", "coordinates": [99.496, 14.067]}, "properties": {"name": "Mueang Kanchanaburi solar project III", "fuel": "solar", "mw": 1.0, "country": "THA", "status": "operating"}}, {"type": "Feature", "id": 645, "geometry": {"type": "Point", "coordinates": [99.572, 14.037]}, "properties": {"name": "Mueang Kanchanaburi solar project IV", "fuel": "solar", "mw": 1.4, "country": "THA", "status": "operating"}}, {"type": "Feature", "id": 646, "geometry": {"type": "Point", "coordinates": [102.712, 16.445]}, "properties": {"name": "Mueang Khon Kaen solar project I", "fuel": "solar", "mw": 1.1, "country": "THA", "status": "operating"}}, {"type": "Feature", "id": 647, "geometry": {"type": "Point", "coordinates": [102.761, 16.454]}, "properties": {"name": "Mueang Khon Kaen solar project II", "fuel": "solar", "mw": 1.5, "country": "THA", "status": "operating"}}, {"type": "Feature", "id": 648, "geometry": {"type": "Point", "coordinates": [102.822, 16.323]}, "properties": {"name": "Mueang Khon Kaen solar project III", "fuel": "solar", "mw": 1.7, "country": "THA", "status": "operating"}}, {"type": "Feature", "id": 649, "geometry": {"type": "Point", "coordinates": [102.782, 16.286]}, "properties": {"name": "Mueang Khon Kaen solar project IV", "fuel": "solar", "mw": 2.0, "country": "THA", "status": "operating"}}, {"type": "Feature", "id": 650, "geometry": {"type": "Point", "coordinates": [102.794, 16.406]}, "properties": {"name": "Mueang Khon Kaen solar project V", "fuel": "solar", "mw": 1.7, "country": "THA", "status": "operating"}}, {"type": "Feature", "id": 651, "geometry": {"type": "Point", "coordinates": [99.057, 18.592]}, "properties": {"name": "Mueang Lamphun solar project I", "fuel": "solar", "mw": 2.0, "country": "THA", "status": "operating"}}, {"type": "Feature", "id": 652, "geometry": {"type": "Point", "coordinates": [99.034, 18.585]}, "properties": {"name": "Mueang Lamphun solar project II", "fuel": "solar", "mw": 2.0, "country": "THA", "status": "operating"}}, {"type": "Feature", "id": 653, "geometry": {"type": "Point", "coordinates": [100.858, 14.838]}, "properties": {"name": "Mueang Lop Buri solar project I", "fuel": "solar", "mw": 1.1, "country": "THA", "status": "operating"}}, {"type": "Feature", "id": 654, "geometry": {"type": "Point", "coordinates": [100.799, 14.853]}, "properties": {"name": "Mueang Lop Buri solar project II", "fuel": "solar", "mw": 2.0, "country": "THA", "status": "operating"}}, {"type": "Feature", "id": 655, "geometry": {"type": "Point", "coordinates": [100.643, 14.864]}, "properties": {"name": "Mueang Lop Buri solar project III", "fuel": "solar", "mw": 1.2, "country": "THA", "status": "operating"}}, {"type": "Feature", "id": 656, "geometry": {"type": "Point", "coordinates": [100.72, 14.794]}, "properties": {"name": "Mueang Lop Buri solar project IV", "fuel": "solar", "mw": 1.4, "country": "THA", "status": "operating"}}, {"type": "Feature", "id": 657, "geometry": {"type": "Point", "coordinates": [97.984, 19.185]}, "properties": {"name": "Mueang Mae Hong Son solar project", "fuel": "solar", "mw": 3.9, "country": "THA", "status": "operating"}}, {"type": "Feature", "id": 658, "geometry": {"type": "Point", "coordinates": [103.277, 16.201]}, "properties": {"name": "Mueang Maha Sarakham solar project", "fuel": "solar", "mw": 1.2, "country": "THA", "status": "operating"}}, {"type": "Feature", "id": 659, "geometry": {"type": "Point", "coordinates": [104.677, 16.737]}, "properties": {"name": "Mueang Mukdahan solar project", "fuel": "solar", "mw": 3.1, "country": "THA", "status": "operating"}}, {"type": "Feature", "id": 660, "geometry": {"type": "Point", "coordinates": [104.78, 17.395]}, "properties": {"name": "Mueang Nakhon Phanom solar project", "fuel": "solar", "mw": 1.1, "country": "THA", "status": "operating"}}, {"type": "Feature", "id": 661, "geometry": {"type": "Point", "coordinates": [102.007, 14.942]}, "properties": {"name": "Mueang Nakhon Ratchasima solar project I", "fuel": "solar", "mw": 1.1, "country": "THA", "status": "operating"}}, {"type": "Feature", "id": 662, "geometry": {"type": "Point", "coordinates": [102.103, 14.906]}, "properties": {"name": "Mueang Nakhon Ratchasima solar project II", "fuel": "solar", "mw": 1.3, "country": "THA", "status": "operating"}}, {"type": "Feature", "id": 663, "geometry": {"type": "Point", "coordinates": [102.115, 15.089]}, "properties": {"name": "Mueang Nakhon Ratchasima solar project III", "fuel": "solar", "mw": 2.4, "country": "THA", "status": "operating"}}, {"type": "Feature", "id": 664, "geometry": {"type": "Point", "coordinates": [102.138, 14.935]}, "properties": {"name": "Mueang Nakhon Ratchasima solar project IV", "fuel": "solar", "mw": 1.0, "country": "THA", "status": "operating"}}, {"type": "Feature", "id": 665, "geometry": {"type": "Point", "coordinates": [100.042, 15.787]}, "properties": {"name": "Mueang Nakhon Sawan solar project", "fuel": "solar", "mw": 3.0, "country": "THA", "status": "operating"}}, {"type": "Feature", "id": 666, "geometry": {"type": "Point", "coordinates": [102.699, 17.75]}, "properties": {"name": "Mueang Nong Khai solar project", "fuel": "solar", "mw": 1.7, "country": "THA", "status": "operating"}}, {"type": "Feature", "id": 667, "geometry": {"type": "Point", "coordinates": [100.397, 16.857]}, "properties": {"name": "Mueang Phitsanulok District solar project", "fuel": "solar", "mw": 1.0, "country": "THA", "status": "operating"}}, {"type": "Feature", "id": 668, "geometry": {"type": "Point", "coordinates": [101.359, 14.013]}, "properties": {"name": "Mueang Prachin Buri District solar project", "fuel": "solar", "mw": 3.9, "country": "THA", "status": "operating"}}, {"type": "Feature", "id": 669, "geometry": {"type": "Point", "coordinates": [99.662, 13.553]}, "properties": {"name": "Mueang Ratchaburi solar project I", "fuel": "solar", "mw": 1.7, "country": "THA", "status": "operating"}}, {"type": "Feature", "id": 670, "geometry": {"type": "Point", "coordinates": [99.805, 13.587]}, "properties": {"name": "Mueang Ratchaburi solar project II", "fuel": "solar", "mw": 3.1, "country": "THA", "status": "operating"}}, {"type": "Feature", "id": 671, "geometry": {"type": "Point", "coordinates": [99.747, 13.576]}, "properties": {"name": "Mueang Ratchaburi solar project III", "fuel": "solar", "mw": 1.1, "country": "THA", "status": "operating"}}, {"type": "Feature", "id": 672, "geometry": {"type": "Point", "coordinates": [102.017, 13.819]}, "properties": {"name": "Mueang Sa Kaeo A solar project", "fuel": "solar", "mw": 6.0, "country": "THA", "status": "operating"}}, {"type": "Feature", "id": 673, "geometry": {"type": "Point", "coordinates": [101.956, 13.901]}, "properties": {"name": "Mueang Sa Kaeo District solar project", "fuel": "solar", "mw": 2.1, "country": "THA", "status": "operating"}}, {"type": "Feature", "id": 674, "geometry": {"type": "Point", "coordinates": [100.242, 13.578]}, "properties": {"name": "Mueang Samut Sakhon solar project", "fuel": "solar", "mw": 1.2, "country": "THA", "status": "operating"}}, {"type": "Feature", "id": 675, "geometry": {"type": "Point", "coordinates": [100.641, 7.144]}, "properties": {"name": "Mueang Songkhla solar project", "fuel": "solar", "mw": 1.6, "country": "THA", "status": "operating"}}, {"type": "Feature", "id": 676, "geometry": {"type": "Point", "coordinates": [103.74, 15.765]}, "properties": {"name": "Mueang Suang SPP5 solar project", "fuel": "solar", "mw": 16.4, "country": "THA", "status": "operating"}}, {"type": "Feature", "id": 677, "geometry": {"type": "Point", "coordinates": [101.603, 13.935]}, "properties": {"name": "NPS Green Lake floating solar project", "fuel": "solar", "mw": 30.0, "country": "THA", "status": "operating"}}, {"type": "Feature", "id": 678, "geometry": {"type": "Point", "coordinates": [101.603, 13.935]}, "properties": {"name": "NPS Green Lake floating solar project", "fuel": "solar", "mw": 30.0, "country": "THA", "status": "operating"}}, {"type": "Feature", "id": 679, "geometry": {"type": "Point", "coordinates": [101.718, 14.027]}, "properties": {"name": "Na Khaem solar farm", "fuel": "solar", "mw": 25.0, "country": "THA", "status": "operating"}}, {"type": "Feature", "id": 680, "geometry": {"type": "Point", "coordinates": [103.851, 16.549]}, "properties": {"name": "Na Mon solar project", "fuel": "solar", "mw": 1.2, "country": "THA", "status": "operating"}}, {"type": "Feature", "id": 681, "geometry": {"type": "Point", "coordinates": [100.678, 6.649]}, "properties": {"name": "Na Thawi solar farm", "fuel": "solar", "mw": 46.6, "country": "THA", "status": "planned"}}, {"type": "Feature", "id": 682, "geometry": {"type": "Point", "coordinates": [104.449, 17.299]}, "properties": {"name": "Nakhon Phanom 1 (NP1) solar project", "fuel": "solar", "mw": 13.3, "country": "THA", "status": "operating"}}, {"type": "Feature", "id": 683, "geometry": {"type": "Point", "coordinates": [104.683, 16.894]}, "properties": {"name": "Nakhon Phanom 3 (NP3) solar project", "fuel": "solar", "mw": 7.3, "country": "THA", "status": "operating"}}, {"type": "Feature", "id": 684, "geometry": {"type": "Point", "coordinates": [102.009, 14.881]}, "properties": {"name": "Nakhon Ratchasima solar project", "fuel": "solar", "mw": 2.7, "country": "THA", "status": "operating"}}, {"type": "Feature", "id": 685, "geometry": {"type": "Point", "coordinates": [100.312, 15.364]}, "properties": {"name": "Nakornsawan solar farm", "fuel": "solar", "mw": 101.0, "country": "THA", "status": "operating"}}, {"type": "Feature", "id": 686, "geometry": {"type": "Point", "coordinates": [102.749, 16.702]}, "properties": {"name": "Nam Phong solar project", "fuel": "solar", "mw": 1.2, "country": "THA", "status": "operating"}}, {"type": "Feature", "id": 687, "geometry": {"type": "Point", "coordinates": [100.143, 16.435]}, "properties": {"name": "Noen Po solar project", "fuel": "solar", "mw": 8.2, "country": "THA", "status": "operating"}}, {"type": "Feature", "id": 688, "geometry": {"type": "Point", "coordinates": [102.457, 14.736]}, "properties": {"name": "Nong Bun Mak solar project", "fuel": "solar", "mw": 2.1, "country": "THA", "status": "operating"}}, {"type": "Feature", "id": 689, "geometry": {"type": "Point", "coordinates": [101.152, 6.818]}, "properties": {"name": "Nong Chik solar project", "fuel": "solar", "mw": 1.0, "country": "THA", "status": "operating"}}, {"type": "Feature", "id": 690, "geometry": {"type": "Point", "coordinates": [100.717, 14.711]}, "properties": {"name": "Nong Don solar project", "fuel": "solar", "mw": 4.2, "country": "THA", "status": "operating"}}, {"type": "Feature", "id": 691, "geometry": {"type": "Point", "coordinates": [100.916, 14.399]}, "properties": {"name": "Nong Khae solar project I", "fuel": "solar", "mw": 2.0, "country": "THA", "status": "operating"}}, {"type": "Feature", "id": 692, "geometry": {"type": "Point", "coordinates": [100.91, 14.389]}, "properties": {"name": "Nong Khae solar project II", "fuel": "solar", "mw": 1.0, "country": "THA", "status": "operating"}}, {"type": "Feature", "id": 693, "geometry": {"type": "Point", "coordinates": [100.837, 14.373]}, "properties": {"name": "Nong Khae solar project III", "fuel": "solar", "mw": 2.2, "country": "THA", "status": "operating"}}, {"type": "Feature", "id": 694, "geometry": {"type": "Point", "coordinates": [100.912, 14.405]}, "properties": {"name": "Nong Khae solar project IV", "fuel": "solar", "mw": 2.6, "country": "THA", "status": "operating"}}, {"type": "Feature", "id": 695, "geometry": {"type": "Point", "coordinates": [100.838, 14.347]}, "properties": {"name": "Nong Khae solar project V", "fuel": "solar", "mw": 2.1, "country": "THA", "status": "operating"}}, {"type": "Feature", "id": 696, "geometry": {"type": "Point", "coordinates": [100.847, 14.39]}, "properties": {"name": "Nong Khae solar project VI", "fuel": "solar", "mw": 2.6, "country": "THA", "status": "operating"}}, {"type": "Feature", "id": 697, "geometry": {"type": "Point", "coordinates": [100.894, 14.389]}, "properties": {"name": "Nong Khae solar project VII", "fuel": "solar", "mw": 1.2, "country": "THA", "status": "operating"}}, {"type": "Feature", "id": 698, "geometry": {"type": "Point", "coordinates": [104.006, 17.945]}, "properties": {"name": "Nong Khai 1 (NK1) solar project", "fuel": "solar", "mw": 8.1, "country": "THA", "status": "operating"}}, {"type": "Feature", "id": 699, "geometry": {"type": "Point", "coordinates": [99.83, 14.873]}, "properties": {"name": "Nong Krathum 4 solar project", "fuel": "solar", "mw": 8.0, "country": "THA", "status": "operating"}}, {"type": "Feature", "id": 700, "geometry": {"type": "Point", "coordinates": [99.834, 14.874]}, "properties": {"name": "Nong Krathum 5 solar project", "fuel": "solar", "mw": 8.0, "country": "THA", "status": "operating"}}, {"type": "Feature", "id": 701, "geometry": {"type": "Point", "coordinates": [100.7, 14.31]}, "properties": {"name": "Nong Nam Som Subdistrict Nong Nam Som Subdistrict Administrative Organization solar project", "fuel": "solar", "mw": 11.6, "country": "THA", "status": "operating"}}, {"type": "Feature", "id": 702, "geometry": {"type": "Point", "coordinates": [99.832, 14.399]}, "properties": {"name": "Nong On solar project", "fuel": "solar", "mw": 11.6, "country": "THA", "status": "operating"}}, {"type": "Feature", "id": 703, "geometry": {"type": "Point", "coordinates": [101.003, 16.002]}, "properties": {"name": "Nong Phai District solar project", "fuel": "solar", "mw": 3.6, "country": "THA", "status": "operating"}}, {"type": "Feature", "id": 704, "geometry": {"type": "Point", "coordinates": [100.304, 13.906]}, "properties": {"name": "Nong Phrao Ngai Subdistrict Nong Phrao Ngai Subdistrict Administrative Organization solar project", "fuel": "solar", "mw": 5.4, "country": "THA", "status": "operating"}}, {"type": "Feature", "id": 705, "geometry": {"type": "Point", "coordinates": [100.751, 13.692]}, "properties": {"name": "Nong Prue Subdistrict Nong Prue Subdistrict Administrative Organization solar project", "fuel": "solar", "mw": 2.5, "country": "THA", "status": "operating"}}, {"type": "Feature", "id": 706, "geometry": {"type": "Point", "coordinates": [101.404, 13.141]}, "properties": {"name": "Nong Yai District solar project", "fuel": "solar", "mw": 1.2, "country": "THA", "status": "operating"}}, {"type": "Feature", "id": 707, "geometry": {"type": "Point", "coordinates": [99.95, 14.77]}, "properties": {"name": "Nongyasai solar project", "fuel": "solar", "mw": 16.3, "country": "THA", "status": "operating"}}, {"type": "Feature", "id": 708, "geometry": {"type": "Point", "coordinates": [101.016, 14.096]}, "properties": {"name": "Ongkharak District solar project", "fuel": "solar", "mw": 2.8, "country": "THA", "status": "operating"}}, {"type": "Feature", "id": 709, "geometry": {"type": "Point", "coordinates": [100.472, 14.475]}, "properties": {"name": "Pa Mok solar project", "fuel": "solar", "mw": 2.2, "country": "THA", "status": "operating"}}, {"type": "Feature", "id": 710, "geometry": {"type": "Point", "coordinates": [99.816, 13.432]}, "properties": {"name": "Pak Tho solar project I", "fuel": "solar", "mw": 1.3, "country": "THA", "status": "operating"}}, {"type": "Feature", "id": 711, "geometry": {"type": "Point", "coordinates": [99.732, 13.423]}, "properties": {"name": "Pak Tho solar project II", "fuel": "solar", "mw": 2.9, "country": "THA", "status": "operating"}}, {"type": "Feature", "id": 712, "geometry": {"type": "Point", "coordinates": [99.824, 13.388]}, "properties": {"name": "Pak Tho solar project III", "fuel": "solar", "mw": 2.9, "country": "THA", "status": "operating"}}, {"type": "Feature", "id": 713, "geometry": {"type": "Point", "coordinates": [99.296, 10.946]}, "properties": {"name": "Pathio solar project", "fuel": "solar", "mw": 1.0, "country": "THA", "status": "operating"}}, {"type": "Feature", "id": 714, "geometry": {"type": "Point", "coordinates": [101.07, 13.446]}, "properties": {"name": "Phan Thong District solar project", "fuel": "solar", "mw": 4.4, "country": "THA", "status": "operating"}}, {"type": "Feature", "id": 715, "geometry": {"type": "Point", "coordinates": [101.202, 13.365]}, "properties": {"name": "Phanat Nikhom District solar project", "fuel": "solar", "mw": 1.8, "country": "THA", "status": "operating"}}, {"type": "Feature", "id": 716, "geometry": {"type": "Point", "coordinates": [99.734, 14.22]}, "properties": {"name": "Phanom Thuan solar project", "fuel": "solar", "mw": 11.5, "country": "THA", "status": "operating"}}, {"type": "Feature", "id": 717, "geometry": {"type": "Point", "coordinates": [100.907, 14.831]}, "properties": {"name": "Phatthana Nikhom solar project I", "fuel": "solar", "mw": 1.4, "country": "THA", "status": "operating"}}, {"type": "Feature", "id": 718, "geometry": {"type": "Point", "coordinates": [100.908, 14.811]}, "properties": {"name": "Phatthana Nikhom solar project II", "fuel": "solar", "mw": 3.4, "country": "THA", "status": "operating"}}, {"type": "Feature", "id": 719, "geometry": {"type": "Point", "coordinates": [100.913, 14.862]}, "properties": {"name": "Phatthana Nikhom solar project III", "fuel": "solar", "mw": 1.6, "country": "THA", "status": "operating"}}, {"type": "Feature", "id": 720, "geometry": {"type": "Point", "coordinates": [103.246, 15.524]}, "properties": {"name": "Phayakkhaphum Phisai solar project", "fuel": "solar", "mw": 1.0, "country": "THA", "status": "operating"}}, {"type": "Feature", "id": 721, "geometry": {"type": "Point", "coordinates": [104.423, 14.895]}, "properties": {"name": "Phayu District solar project", "fuel": "solar", "mw": 3.0, "country": "THA", "status": "operating"}}, {"type": "Feature", "id": 722, "geometry": {"type": "Point", "coordinates": [100.227, 16.812]}, "properties": {"name": "Phitsanulok Mueang Phitsanulok District solar project", "fuel": "solar", "mw": 1.2, "country": "THA", "status": "operating"}}, {"type": "Feature", "id": 723, "geometry": {"type": "Point", "coordinates": [100.117, 17.078]}, "properties": {"name": "Phitsanulok solar farm", "fuel": "solar", "mw": 101.0, "country": "THA", "status": "operating"}}, {"type": "Feature", "id": 724, "geometry": {"type": "Point", "coordinates": [100.055, 16.287]}, "properties": {"name": "Pho Prathap Chang District solar project I", "fuel": "solar", "mw": 1.3, "country": "THA", "status": "operating"}}, {"type": "Feature", "id": 725, "geometry": {"type": "Point", "coordinates": [100.123, 16.258]}, "properties": {"name": "Pho Prathap Chang District solar project II", "fuel": "solar", "mw": 5.3, "country": "THA", "status": "operating"}}, {"type": "Feature", "id": 726, "geometry": {"type": "Point", "coordinates": [99.843, 13.654]}, "properties": {"name": "Photharam solar project I", "fuel": "solar", "mw": 2.9, "country": "THA", "status": "operating"}}, {"type": "Feature", "id": 727, "geometry": {"type": "Point", "coordinates": [99.833, 13.75]}, "properties": {"name": "Photharam solar project II", "fuel": "solar", "mw": 2.5, "country": "THA", "status": "operating"}}, {"type": "Feature", "id": 728, "geometry": {"type": "Point", "coordinates": [100.844, 14.67]}, "properties": {"name": "Phra Phutthabat solar project I", "fuel": "solar", "mw": 2.8, "country": "THA", "status": "operating"}}, {"type": "Feature", "id": 729, "geometry": {"type": "Point", "coordinates": [100.781, 14.692]}, "properties": {"name": "Phra Phutthabat solar project II", "fuel": "solar", "mw": 2.0, "country": "THA", "status": "operating"}}, {"type": "Feature", "id": 730, "geometry": {"type": "Point", "coordinates": [100.681, 13.567]}, "properties": {"name": "Phraek Sa Mai Subdistrict Mueang Samut Prakan District solar project", "fuel": "solar", "mw": 1.1, "country": "THA", "status": "operating"}}, {"type": "Feature", "id": 731, "geometry": {"type": "Point", "coordinates": [100.632, 13.576]}, "properties": {"name": "Phraek Sa Subdistrict Mueang Samut Prakan District solar project", "fuel": "solar", "mw": 1.3, "country": "THA", "status": "operating"}}, {"type": "Feature", "id": 732, "geometry": {"type": "Point", "coordinates": [99.559, 16.682]}, "properties": {"name": "Phran Kratai 1 solar project", "fuel": "solar", "mw": 8.7, "country": "THA", "status": "operating"}}, {"type": "Feature", "id": 733, "geometry": {"type": "Point", "coordinates": [99.568, 16.68]}, "properties": {"name": "Phran Kratai 2 solar project", "fuel": "solar", "mw": 11.6, "country": "THA", "status": "operating"}}, {"type": "Feature", "id": 734, "geometry": {"type": "Point", "coordinates": [99.599, 16.637]}, "properties": {"name": "Phran Kratai 3 solar project", "fuel": "solar", "mw": 17.8, "country": "THA", "status": "operating"}}, {"type": "Feature", "id": 735, "geometry": {"type": "Point", "coordinates": [99.603, 16.636]}, "properties": {"name": "Phran Kratai 4 solar project", "fuel": "solar", "mw": 10.0, "country": "THA", "status": "operating"}}, {"type": "Feature", "id": 736, "geometry": {"type": "Point", "coordinates": [100.442, 14.175]}, "properties": {"name": "Phraya Banlue solar project", "fuel": "solar", "mw": 4.8, "country": "THA", "status": "operating"}}, {"type": "Feature", "id": 737, "geometry": {"type": "Point", "coordinates": [100.457, 14.74]}, "properties": {"name": "Phrom Buri solar project", "fuel": "solar", "mw": 2.0, "country": "THA", "status": "operating"}}, {"type": "Feature", "id": 738, "geometry": {"type": "Point", "coordinates": [100.888, 13.994]}, "properties": {"name": "Phuet Udom Subdistrict Phuet Udom Subdistrict Administrative Organization solar project", "fuel": "solar", "mw": 2.1, "country": "THA", "status": "operating"}}, {"type": "Feature", "id": 739, "geometry": {"type": "Point", "coordinates": [99.266, 9.072]}, "properties": {"name": "Phunphin solar project I", "fuel": "solar", "mw": 2.2, "country": "THA", "status": "operating"}}, {"type": "Feature", "id": 740, "geometry": {"type": "Point", "coordinates": [99.178, 9.038]}, "properties": {"name": "Phunphin solar project II", "fuel": "solar", "mw": 2.3, "country": "THA", "status": "operating"}}, {"type": "Feature", "id": 741, "geometry": {"type": "Point", "coordinates": [101.338, 13.6]}, "properties": {"name": "Plaeng Yao District solar project I", "fuel": "solar", "mw": 1.4, "country": "THA", "status": "operating"}}, {"type": "Feature", "id": 742, "geometry": {"type": "Point", "coordinates": [101.334, 13.608]}, "properties": {"name": "Plaeng Yao District solar project II", "fuel": "solar", "mw": 1.3, "country": "THA", "status": "operating"}}, {"type": "Feature", "id": 743, "geometry": {"type": "Point", "coordinates": [100.354, 14.079]}, "properties": {"name": "Rahaeng Subdistrict Rahaeng Subdistrict Administrative Organization solar project", "fuel": "solar", "mw": 5.3, "country": "THA", "status": "operating"}}, {"type": "Feature", "id": 744, "geometry": {"type": "Point", "coordinates": [98.805, 8.975]}, "properties": {"name": "Rajjaprabha Dam solar farm", "fuel": "solar", "mw": 140.0, "country": "THA", "status": "planned"}}, {"type": "Feature", "id": 745, "geometry": {"type": "Point", "coordinates": [98.805, 8.975]}, "properties": {"name": "Rajjaprabha Dam solar farm", "fuel": "solar", "mw": 100.0, "country": "THA", "status": "planned"}}, {"type": "Feature", "id": 746, "geometry": {"type": "Point", "coordinates": [99.502, 13.873]}, "properties": {"name": "Rang Sali solar project", "fuel": "solar", "mw": 15.5, "country": "THA", "status": "operating"}}, {"type": "Feature", "id": 747, "geometry": {"type": "Point", "coordinates": [100.618, 13.989]}, "properties": {"name": "Rangsit City Municipality Thanyaburi District solar project", "fuel": "solar", "mw": 1.0, "country": "THA", "status": "operating"}}, {"type": "Feature", "id": 748, "geometry": {"type": "Point", "coordinates": [100.272, 7.077]}, "properties": {"name": "Rattaphum solar project", "fuel": "solar", "mw": 2.3, "country": "THA", "status": "operating"}}, {"type": "Feature", "id": 749, "geometry": {"type": "Point", "coordinates": [101.347, 12.659]}, "properties": {"name": "Rayong solar project I", "fuel": "solar", "mw": 3.4, "country": "THA", "status": "operating"}}, {"type": "Feature", "id": 750, "geometry": {"type": "Point", "coordinates": [101.341, 12.666]}, "properties": {"name": "Rayong solar project II", "fuel": "solar", "mw": 17.9, "country": "THA", "status": "operating"}}, {"type": "Feature", "id": 751, "geometry": {"type": "Point", "coordinates": [100.648, 14.332]}, "properties": {"name": "Rojana solar farm", "fuel": "solar", "mw": 24.0, "country": "THA", "status": "operating"}}, {"type": "Feature", "id": 752, "geometry": {"type": "Point", "coordinates": [102.016, 13.917]}, "properties": {"name": "S2P Energy solar farm", "fuel": "solar", "mw": 36.0, "country": "THA", "status": "operating"}}, {"type": "Feature", "id": 753, "geometry": {"type": "Point", "coordinates": [101.917, 13.934]}, "properties": {"name": "Sa Kaeo BG solar project", "fuel": "solar", "mw": 7.8, "country": "THA", "status": "operating"}}, {"type": "Feature", "id": 754, "geometry": {"type": "Point", "coordinates": [102.432, 13.778]}, "properties": {"name": "Sa Kaeo solar farm", "fuel": "solar", "mw": 16.0, "country": "THA", "status": "operating"}}, {"type": "Feature", "id": 755, "geometry": {"type": "Point", "coordinates": [100.389, 6.642]}, "properties": {"name": "Sadao solar farm", "fuel": "solar", "mw": 67.8, "country": "THA", "status": "planned"}}, {"type": "Feature", "id": 756, "geometry": {"type": "Point", "coordinates": [100.137, 14.154]}, "properties": {"name": "Sai Kyo solar project", "fuel": "solar", "mw": 13.3, "country": "THA", "status": "operating"}}, {"type": "Feature", "id": 757, "geometry": {"type": "Point", "coordinates": [100.173, 14.109]}, "properties": {"name": "Sai Phet solar farm", "fuel": "solar", "mw": 29.0, "country": "THA", "status": "operating"}}, {"type": "Feature", "id": 758, "geometry": {"type": "Point", "coordinates": [100.2, 14.0]}, "properties": {"name": "Sai Prapa solar project", "fuel": "solar", "mw": 11.1, "country": "THA", "status": "operating"}}, {"type": "Feature", "id": 759, "geometry": {"type": "Point", "coordinates": [100.113, 14.223]}, "properties": {"name": "Sai Saphan solar project", "fuel": "solar", "mw": 11.2, "country": "THA", "status": "operating"}}, {"type": "Feature", "id": 760, "geometry": {"type": "Point", "coordinates": [100.195, 13.984]}, "properties": {"name": "Sai Thong solar project", "fuel": "solar", "mw": 9.6, "country": "THA", "status": "operating"}}, {"type": "Feature", "id": 761, "geometry": {"type": "Point", "coordinates": [100.151, 14.14]}, "properties": {"name": "Sai Yai Solarta", "fuel": "solar", "mw": 9.7, "country": "THA", "status": "operating"}}, {"type": "Feature", "id": 762, "geometry": {"type": "Point", "coordinates": [100.279, 14.064]}, "properties": {"name": "Sai Yai Subdistrict Sai Yai Subdistrict Administrative Organization solar project", "fuel": "solar", "mw": 2.1, "country": "THA", "status": "operating"}}, {"type": "Feature", "id": 763, "geometry": {"type": "Point", "coordinates": [100.305, 14.083]}, "properties": {"name": "Sai Yai Subdistrict Sai Yai Subdistrict Administrative Organization solar project I", "fuel": "solar", "mw": 1.2, "country": "THA", "status": "operating"}}, {"type": "Feature", "id": 764, "geometry": {"type": "Point", "coordinates": [100.288, 14.092]}, "properties": {"name": "Sai Yai solar project", "fuel": "solar", "mw": 4.3, "country": "THA", "status": "operating"}}, {"type": "Feature", "id": 765, "geometry": {"type": "Point", "coordinates": [100.421, 16.465]}, "properties": {"name": "Sak Lek solar project", "fuel": "solar", "mw": 13.6, "country": "THA", "status": "operating"}}, {"type": "Feature", "id": 766, "geometry": {"type": "Point", "coordinates": [103.493, 17.533]}, "properties": {"name": "Sakon Nakhon 1 (SN1) solar project", "fuel": "solar", "mw": 7.5, "country": "THA", "status": "operating"}}, {"type": "Feature", "id": 767, "geometry": {"type": "Point", "coordinates": [103.726, 17.435]}, "properties": {"name": "Sakon Nakhon 2 (SN2) solar project", "fuel": "solar", "mw": 6.8, "country": "THA", "status": "operating"}}, {"type": "Feature", "id": 768, "geometry": {"type": "Point", "coordinates": [101.928, 13.908]}, "properties": {"name": "Sala Lamduan A solar farm", "fuel": "solar", "mw": 45.0, "country": "THA", "status": "operating"}}, {"type": "Feature", "id": 769, "geometry": {"type": "Point", "coordinates": [100.696, 14.341]}, "properties": {"name": "Sam Bandit Subdistrict Sam Bandit Subdistrict Administrative Organization solar project", "fuel": "solar", "mw": 9.4, "country": "THA", "status": "operating"}}, {"type": "Feature", "id": 770, "geometry": {"type": "Point", "coordinates": [100.401, 14.3]}, "properties": {"name": "Sam Ko A solar project", "fuel": "solar", "mw": 8.8, "country": "THA", "status": "operating"}}, {"type": "Feature", "id": 771, "geometry": {"type": "Point", "coordinates": [99.918, 12.725]}, "properties": {"name": "Sam Phraya solar project", "fuel": "solar", "mw": 3.3, "country": "THA", "status": "operating"}}, {"type": "Feature", "id": 772, "geometry": {"type": "Point", "coordinates": [100.432, 14.263]}, "properties": {"name": "Sam Tum solar project", "fuel": "solar", "mw": 4.5, "country": "THA", "status": "operating"}}, {"type": "Feature", "id": 773, "geometry": {"type": "Point", "coordinates": [101.048, 15.68]}, "properties": {"name": "Sam Yaek solar project", "fuel": "solar", "mw": 10.8, "country": "THA", "status": "operating"}}, {"type": "Feature", "id": 774, "geometry": {"type": "Point", "coordinates": [100.283, 13.612]}, "properties": {"name": "Samut Sakhon Mueang Samut Sakhon solar project", "fuel": "solar", "mw": 3.6, "country": "THA", "status": "operating"}}, {"type": "Feature", "id": 775, "geometry": {"type": "Point", "coordinates": [100.178, 13.55]}, "properties": {"name": "Samut Sakhon solar project", "fuel": "solar", "mw": 11.1, "country": "THA", "status": "operating"}}, {"type": "Feature", "id": 776, "geometry": {"type": "Point", "coordinates": [100.222, 13.482]}, "properties": {"name": "Samut Sakhon solar project I", "fuel": "solar", "mw": 4.6, "country": "THA", "status": "operating"}}, {"type": "Feature", "id": 777, "geometry": {"type": "Point", "coordinates": [100.356, 13.52]}, "properties": {"name": "Samut Sakhon solar project II", "fuel": "solar", "mw": 6.1, "country": "THA", "status": "operating"}}, {"type": "Feature", "id": 778, "geometry": {"type": "Point", "coordinates": [100.306, 13.52]}, "properties": {"name": "Samut Sakhon solar project III", "fuel": "solar", "mw": 5.3, "country": "THA", "status": "operating"}}, {"type": "Feature", "id": 779, "geometry": {"type": "Point", "coordinates": [100.32, 13.573]}, "properties": {"name": "Samut Sakhon solar project IV", "fuel": "solar", "mw": 7.4, "country": "THA", "status": "operating"}}, {"type": "Feature", "id": 780, "geometry": {"type": "Point", "coordinates": [100.205, 13.54]}, "properties": {"name": "Samut Sakhon solar project V", "fuel": "solar", "mw": 4.7, "country": "THA", "status": "operating"}}, {"type": "Feature", "id": 781, "geometry": {"type": "Point", "coordinates": [100.805, 14.295]}, "properties": {"name": "Sanap Thuep Subdistrict Sanap Thuep Subdistrict Administrative Organization solar project", "fuel": "solar", "mw": 1.1, "country": "THA", "status": "operating"}}, {"type": "Feature", "id": 782, "geometry": {"type": "Point", "coordinates": [101.098, 14.779]}, "properties": {"name": "Saraburi SPP2 solar project", "fuel": "solar", "mw": 15.4, "country": "THA", "status": "operating"}}, {"type": "Feature", "id": 783, "geometry": {"type": "Point", "coordinates": [99.053, 18.676]}, "properties": {"name": "Saraphi solar project", "fuel": "solar", "mw": 1.7, "country": "THA", "status": "operating"}}, {"type": "Feature", "id": 784, "geometry": {"type": "Point", "coordinates": [100.693, 15.011]}, "properties": {"name": "Sermsang solar farm", "fuel": "solar", "mw": 52.0, "country": "THA", "status": "operating"}}, {"type": "Feature", "id": 785, "geometry": {"type": "Point", "coordinates": [100.909, 14.801]}, "properties": {"name": "Shera Rooftop solar project", "fuel": "solar", "mw": 4.0, "country": "THA", "status": "operating"}}, {"type": "Feature", "id": 786, "geometry": {"type": "Point", "coordinates": [101.592, 13.933]}, "properties": {"name": "Si Maha Phot District solar project", "fuel": "solar", "mw": 8.7, "country": "THA", "status": "operating"}}, {"type": "Feature", "id": 787, "geometry": {"type": "Point", "coordinates": [101.526, 13.882]}, "properties": {"name": "Si Maha Phot I solar project", "fuel": "solar", "mw": 11.8, "country": "THA", "status": "operating"}}, {"type": "Feature", "id": 788, "geometry": {"type": "Point", "coordinates": [101.452, 13.888]}, "properties": {"name": "Si Maha Phot II solar project", "fuel": "solar", "mw": 7.0, "country": "THA", "status": "operating"}}, {"type": "Feature", "id": 789, "geometry": {"type": "Point", "coordinates": [103.3, 16.967]}, "properties": {"name": "Si That solar project", "fuel": "solar", "mw": 1.9, "country": "THA", "status": "operating"}}, {"type": "Feature", "id": 790, "geometry": {"type": "Point", "coordinates": [102.563, 15.619]}, "properties": {"name": "Sida solar project", "fuel": "solar", "mw": 1.0, "country": "THA", "status": "operating"}}, {"type": "Feature", "id": 791, "geometry": {"type": "Point", "coordinates": [101.7, 14.918]}, "properties": {"name": "Sikhio solar project", "fuel": "solar", "mw": 1.5, "country": "THA", "status": "operating"}}, {"type": "Feature", "id": 792, "geometry": {"type": "Point", "coordinates": [100.563, 17.765]}, "properties": {"name": "Sirikit Dam floating solar farm", "fuel": "solar", "mw": 325.0, "country": "THA", "status": "planned"}}, {"type": "Feature", "id": 793, "geometry": {"type": "Point", "coordinates": [100.563, 17.765]}, "properties": {"name": "Sirikit Dam floating solar farm", "fuel": "solar", "mw": 175.0, "country": "THA", "status": "planned"}}, {"type": "Feature", "id": 794, "geometry": {"type": "Point", "coordinates": [105.444, 15.2]}, "properties": {"name": "Sirindhorn Reservoir solar farm", "fuel": "solar", "mw": 45.0, "country": "THA", "status": "operating"}}, {"type": "Feature", "id": 795, "geometry": {"type": "Point", "coordinates": [100.798, 13.609]}, "properties": {"name": "Sisa Chorakhe Yai Subdistrict Sisa Chorakhe Yai Subdistrict Administrative Organization solar project", "fuel": "solar", "mw": 2.5, "country": "THA", "status": "operating"}}, {"type": "Feature", "id": 796, "geometry": {"type": "Point", "coordinates": [99.716, 14.396]}, "properties": {"name": "Sky Power solar farm", "fuel": "solar", "mw": 63.4, "country": "THA", "status": "operating"}}, {"type": "Feature", "id": 797, "geometry": {"type": "Point", "coordinates": [99.618, 14.345]}, "properties": {"name": "Solar Development solar farm", "fuel": "solar", "mw": 142.2, "country": "THA", "status": "operating"}}, {"type": "Feature", "id": 798, "geometry": {"type": "Point", "coordinates": [101.186, 14.028]}, "properties": {"name": "Sri Chula solar project", "fuel": "solar", "mw": 11.3, "country": "THA", "status": "operating"}}, {"type": "Feature", "id": 799, "geometry": {"type": "Point", "coordinates": [99.128, 14.405]}, "properties": {"name": "Srinagarind Dam floating solar farm", "fuel": "solar", "mw": 140.0, "country": "THA", "status": "planned"}}, {"type": "Feature", "id": 800, "geometry": {"type": "Point", "coordinates": [99.128, 14.405]}, "properties": {"name": "Srinagarind Dam floating solar farm", "fuel": "solar", "mw": 280.0, "country": "THA", "status": "planned"}}, {"type": "Feature", "id": 801, "geometry": {"type": "Point", "coordinates": [99.071, 14.461]}, "properties": {"name": "Srinagarind Dam floating solar farm", "fuel": "solar", "mw": 364.0, "country": "THA", "status": "planned"}}, {"type": "Feature", "id": 802, "geometry": {"type": "Point", "coordinates": [99.593, 13.548]}, "properties": {"name": "Stella Power 1 solar farm", "fuel": "solar", "mw": 69.0, "country": "THA", "status": "planned"}}, {"type": "Feature", "id": 803, "geometry": {"type": "Point", "coordinates": [98.949, 14.592]}, "properties": {"name": "Stella Power 2 solar farm", "fuel": "solar", "mw": 59.0, "country": "THA", "status": "planned"}}, {"type": "Feature", "id": 804, "geometry": {"type": "Point", "coordinates": [101.991, 6.083]}, "properties": {"name": "Su-ngai Kolok solar farm", "fuel": "solar", "mw": 46.6, "country": "THA", "status": "planned"}}, {"type": "Feature", "id": 805, "geometry": {"type": "Point", "coordinates": [100.587, 14.007]}, "properties": {"name": "Suan Phrik Thai Subdistrict Suan Phrik Thai Subdistrict Administrative Organization solar project", "fuel": "solar", "mw": 1.4, "country": "THA", "status": "operating"}}, {"type": "Feature", "id": 806, "geometry": {"type": "Point", "coordinates": [100.553, 14.169]}, "properties": {"name": "Sunny Bangchak solar farm", "fuel": "solar", "mw": 34.5, "country": "THA", "status": "operating"}}, {"type": "Feature", "id": 807, "geometry": {"type": "Point", "coordinates": [100.553, 14.169]}, "properties": {"name": "Sunny Bangchak solar farm", "fuel": "solar", "mw": 9.4, "country": "THA", "status": "operating"}}, {"type": "Feature", "id": 808, "geometry": {"type": "Point", "coordinates": [100.232, 14.446]}, "properties": {"name": "Suphan Buri (Blue Solar) solar farm", "fuel": "solar", "mw": 42.0, "country": "THA", "status": "planned"}}, {"type": "Feature", "id": 809, "geometry": {"type": "Point", "coordinates": [103.886, 15.078]}, "properties": {"name": "Surin 1 (SR1) solar project", "fuel": "solar", "mw": 8.3, "country": "THA", "status": "operating"}}, {"type": "Feature", "id": 810, "geometry": {"type": "Point", "coordinates": [103.811, 14.628]}, "properties": {"name": "Surin 2 (SR2) solar project", "fuel": "solar", "mw": 7.1, "country": "THA", "status": "operating"}}, {"type": "Feature", "id": 811, "geometry": {"type": "Point", "coordinates": [103.69, 15.373]}, "properties": {"name": "Surin 3 (SR3) solar project", "fuel": "solar", "mw": 7.1, "country": "THA", "status": "operating"}}, {"type": "Feature", "id": 812, "geometry": {"type": "Point", "coordinates": [99.888, 16.027]}, "properties": {"name": "Ta Khit solar project", "fuel": "solar", "mw": 6.8, "country": "THA", "status": "operating"}}, {"type": "Feature", "id": 813, "geometry": {"type": "Point", "coordinates": [99.987, 16.019]}, "properties": {"name": "Ta Sang solar project", "fuel": "solar", "mw": 7.2, "country": "THA", "status": "operating"}}, {"type": "Feature", "id": 814, "geometry": {"type": "Point", "coordinates": [101.734, 15.118]}, "properties": {"name": "Takhian solar project", "fuel": "solar", "mw": 11.3, "country": "THA", "status": "operating"}}, {"type": "Feature", "id": 815, "geometry": {"type": "Point", "coordinates": [100.387, 15.21]}, "properties": {"name": "Takhli solar project I", "fuel": "solar", "mw": 1.8, "country": "THA", "status": "operating"}}, {"type": "Feature", "id": 816, "geometry": {"type": "Point", "coordinates": [100.285, 15.262]}, "properties": {"name": "Takhli solar project II", "fuel": "solar", "mw": 1.1, "country": "THA", "status": "operating"}}, {"type": "Feature", "id": 817, "geometry": {"type": "Point", "coordinates": [100.669, 16.226]}, "properties": {"name": "Tap Khlo solar project", "fuel": "solar", "mw": 1.4, "country": "THA", "status": "operating"}}, {"type": "Feature", "id": 818, "geometry": {"type": "Point", "coordinates": [102.311, 13.649]}, "properties": {"name": "Tha Kwian A solar project", "fuel": "solar", "mw": 8.8, "country": "THA", "status": "operating"}}, {"type": "Feature", "id": 819, "geometry": {"type": "Point", "coordinates": [99.772, 13.902]}, "properties": {"name": "Tha Maka solar project I", "fuel": "solar", "mw": 1.3, "country": "THA", "status": "operating"}}, {"type": "Feature", "id": 820, "geometry": {"type": "Point", "coordinates": [99.793, 14.071]}, "properties": {"name": "Tha Maka solar project II", "fuel": "solar", "mw": 1.9, "country": "THA", "status": "operating"}}, {"type": "Feature", "id": 821, "geometry": {"type": "Point", "coordinates": [99.673, 13.845]}, "properties": {"name": "Tha Maka solar project III", "fuel": "solar", "mw": 2.2, "country": "THA", "status": "operating"}}, {"type": "Feature", "id": 822, "geometry": {"type": "Point", "coordinates": [101.039, 14.493]}, "properties": {"name": "Tha Maprang solar project", "fuel": "solar", "mw": 6.0, "country": "THA", "status": "operating"}}, {"type": "Feature", "id": 823, "geometry": {"type": "Point", "coordinates": [99.67, 13.949]}, "properties": {"name": "Tha Muang solar project", "fuel": "solar", "mw": 1.1, "country": "THA", "status": "operating"}}, {"type": "Feature", "id": 824, "geometry": {"type": "Point", "coordinates": [100.133, 13.864]}, "properties": {"name": "Tha Tamnak solar project", "fuel": "solar", "mw": 4.6, "country": "THA", "status": "operating"}}, {"type": "Feature", "id": 825, "geometry": {"type": "Point", "coordinates": [100.469, 14.901]}, "properties": {"name": "Tha Wung solar project", "fuel": "solar", "mw": 7.8, "country": "THA", "status": "operating"}}, {"type": "Feature", "id": 826, "geometry": {"type": "Point", "coordinates": [99.709, 14.333]}, "properties": {"name": "Thai CSP1 solar project", "fuel": "solar", "mw": 5.0, "country": "THA", "status": "operating"}}, {"type": "Feature", "id": 827, "geometry": {"type": "Point", "coordinates": [102.644, 13.867]}, "properties": {"name": "Thailand solar project C", "fuel": "solar", "mw": 7.3, "country": "THA", "status": "operating"}}, {"type": "Feature", "id": 828, "geometry": {"type": "Point", "coordinates": [103.445, 17.148]}, "properties": {"name": "Thailand solar project CC", "fuel": "solar", "mw": 4.3, "country": "THA", "status": "operating"}}, {"type": "Feature", "id": 829, "geometry": {"type": "Point", "coordinates": [99.862, 13.679]}, "properties": {"name": "Thailand solar project CCI", "fuel": "solar", "mw": 15.3, "country": "THA", "status": "operating"}}, {"type": "Feature", "id": 830, "geometry": {"type": "Point", "coordinates": [100.502, 14.758]}, "properties": {"name": "Thailand solar project CCII", "fuel": "solar", "mw": 3.9, "country": "THA", "status": "operating"}}, {"type": "Feature", "id": 831, "geometry": {"type": "Point", "coordinates": [100.287, 17.089]}, "properties": {"name": "Thailand solar project CCIII", "fuel": "solar", "mw": 2.9, "country": "THA", "status": "operating"}}, {"type": "Feature", "id": 832, "geometry": {"type": "Point", "coordinates": [99.791, 11.771]}, "properties": {"name": "Thailand solar project CCIV", "fuel": "solar", "mw": 1.6, "country": "THA", "status": "operating"}}, {"type": "Feature", "id": 833, "geometry": {"type": "Point", "coordinates": [101.011, 13.629]}, "properties": {"name": "Thailand solar project CCIX", "fuel": "solar", "mw": 14.3, "country": "THA", "status": "operating"}}, {"type": "Feature", "id": 834, "geometry": {"type": "Point", "coordinates": [99.848, 13.812]}, "properties": {"name": "Thailand solar project CCVI", "fuel": "solar", "mw": 1.3, "country": "THA", "status": "operating"}}, {"type": "Feature", "id": 835, "geometry": {"type": "Point", "coordinates": [99.695, 13.702]}, "properties": {"name": "Thailand solar project CCVII", "fuel": "solar", "mw": 2.5, "country": "THA", "status": "operating"}}, {"type": "Feature", "id": 836, "geometry": {"type": "Point", "coordinates": [100.772, 14.57]}, "properties": {"name": "Thailand solar project CCVIII", "fuel": "solar", "mw": 7.9, "country": "THA", "status": "operating"}}, {"type": "Feature", "id": 837, "geometry": {"type": "Point", "coordinates": [100.359, 7.598]}, "properties": {"name": "Thailand solar project CCX", "fuel": "solar", "mw": 5.4, "country": "THA", "status": "operating"}}, {"type": "Feature", "id": 838, "geometry": {"type": "Point", "coordinates": [101.026, 12.673]}, "properties": {"name": "Thailand solar project CCXI", "fuel": "solar", "mw": 7.4, "country": "THA", "status": "operating"}}, {"type": "Feature", "id": 839, "geometry": {"type": "Point", "coordinates": [99.584, 7.703]}, "properties": {"name": "Thailand solar project CCXII", "fuel": "solar", "mw": 4.7, "country": "THA", "status": "operating"}}, {"type": "Feature", "id": 840, "geometry": {"type": "Point", "coordinates": [101.47, 12.726]}, "properties": {"name": "Thailand solar project CCXIII", "fuel": "solar", "mw": 9.2, "country": "THA", "status": "operating"}}, {"type": "Feature", "id": 841, "geometry": {"type": "Point", "coordinates": [99.512, 13.551]}, "properties": {"name": "Thailand solar project CCXIV", "fuel": "solar", "mw": 6.4, "country": "THA", "status": "operating"}}, {"type": "Feature", "id": 842, "geometry": {"type": "Point", "coordinates": [101.884, 13.963]}, "properties": {"name": "Thailand solar project CCXIX", "fuel": "solar", "mw": 1.4, "country": "THA", "status": "operating"}}, {"type": "Feature", "id": 843, "geometry": {"type": "Point", "coordinates": [101.115, 14.778]}, "properties": {"name": "Thailand solar project CCXL", "fuel": "solar", "mw": 1.1, "country": "THA", "status": "operating"}}, {"type": "Feature", "id": 844, "geometry": {"type": "Point", "coordinates": [101.093, 12.996]}, "properties": {"name": "Thailand solar project CCXLI", "fuel": "solar", "mw": 2.8, "country": "THA", "status": "operating"}}, {"type": "Feature", "id": 845, "geometry": {"type": "Point", "coordinates": [101.166, 13.019]}, "properties": {"name": "Thailand solar project CCXLII", "fuel": "solar", "mw": 2.1, "country": "THA", "status": "operating"}}, {"type": "Feature", "id": 846, "geometry": {"type": "Point", "coordinates": [99.333, 8.855]}, "properties": {"name": "Thailand solar project CCXV", "fuel": "solar", "mw": 4.7, "country": "THA", "status": "operating"}}, {"type": "Feature", "id": 847, "geometry": {"type": "Point", "coordinates": [99.436, 16.427]}, "properties": {"name": "Thailand solar project CCXVI", "fuel": "solar", "mw": 5.6, "country": "THA", "status": "operating"}}, {"type": "Feature", "id": 848, "geometry": {"type": "Point", "coordinates": [102.076, 15.152]}, "properties": {"name": "Thailand solar project CCXVII", "fuel": "solar", "mw": 6.9, "country": "THA", "status": "operating"}}, {"type": "Feature", "id": 849, "geometry": {"type": "Point", "coordinates": [99.217, 7.796]}, "properties": {"name": "Thailand solar project CCXVIII", "fuel": "solar", "mw": 5.0, "country": "THA", "status": "operating"}}, {"type": "Feature", "id": 850, "geometry": {"type": "Point", "coordinates": [101.802, 13.944]}, "properties": {"name": "Thailand solar project CCXX", "fuel": "solar", "mw": 2.2, "country": "THA", "status": "operating"}}, {"type": "Feature", "id": 851, "geometry": {"type": "Point", "coordinates": [99.563, 8.579]}, "properties": {"name": "Thailand solar project CCXXI", "fuel": "solar", "mw": 1.1, "country": "THA", "status": "operating"}}, {"type": "Feature", "id": 852, "geometry": {"type": "Point", "coordinates": [101.948, 14.915]}, "properties": {"name": "Thailand solar project CCXXII", "fuel": "solar", "mw": 2.0, "country": "THA", "status": "operating"}}, {"type": "Feature", "id": 853, "geometry": {"type": "Point", "coordinates": [103.106, 16.73]}, "properties": {"name": "Thailand solar project CCXXIII", "fuel": "solar", "mw": 3.8, "country": "THA", "status": "operating"}}, {"type": "Feature", "id": 854, "geometry": {"type": "Point", "coordinates": [102.618, 16.852]}, "properties": {"name": "Thailand solar project CCXXIV", "fuel": "solar", "mw": 4.5, "country": "THA", "status": "operating"}}, {"type": "Feature", "id": 855, "geometry": {"type": "Point", "coordinates": [103.102, 16.986]}, "properties": {"name": "Thailand solar project CCXXIX", "fuel": "solar", "mw": 6.1, "country": "THA", "status": "operating"}}, {"type": "Feature", "id": 856, "geometry": {"type": "Point", "coordinates": [100.901, 13.735]}, "properties": {"name": "Thailand solar project CCXXV", "fuel": "solar", "mw": 3.7, "country": "THA", "status": "operating"}}, {"type": "Feature", "id": 857, "geometry": {"type": "Point", "coordinates": [100.088, 14.961]}, "properties": {"name": "Thailand solar project CCXXVI", "fuel": "solar", "mw": 2.9, "country": "THA", "status": "operating"}}, {"type": "Feature", "id": 858, "geometry": {"type": "Point", "coordinates": [100.261, 13.606]}, "properties": {"name": "Thailand solar project CCXXVII", "fuel": "solar", "mw": 4.5, "country": "THA", "status": "operating"}}, {"type": "Feature", "id": 859, "geometry": {"type": "Point", "coordinates": [104.032, 16.474]}, "properties": {"name": "Thailand solar project CCXXVIII", "fuel": "solar", "mw": 2.7, "country": "THA", "status": "operating"}}, {"type": "Feature", "id": 860, "geometry": {"type": "Point", "coordinates": [100.98, 14.579]}, "properties": {"name": "Thailand solar project CCXXX", "fuel": "solar", "mw": 3.8, "country": "THA", "status": "operating"}}, {"type": "Feature", "id": 861, "geometry": {"type": "Point", "coordinates": [100.799, 14.836]}, "properties": {"name": "Thailand solar project CCXXXI", "fuel": "solar", "mw": 1.3, "country": "THA", "status": "operating"}}, {"type": "Feature", "id": 862, "geometry": {"type": "Point", "coordinates": [100.388, 14.954]}, "properties": {"name": "Thailand solar project CCXXXII", "fuel": "solar", "mw": 5.9, "country": "THA", "status": "operating"}}, {"type": "Feature", "id": 863, "geometry": {"type": "Point", "coordinates": [100.762, 14.682]}, "properties": {"name": "Thailand solar project CCXXXIII", "fuel": "solar", "mw": 7.0, "country": "THA", "status": "operating"}}, {"type": "Feature", "id": 864, "geometry": {"type": "Point", "coordinates": [101.176, 13.063]}, "properties": {"name": "Thailand solar project CCXXXIV", "fuel": "solar", "mw": 1.7, "country": "THA", "status": "operating"}}, {"type": "Feature", "id": 865, "geometry": {"type": "Point", "coordinates": [101.287, 13.821]}, "properties": {"name": "Thailand solar project CCXXXIX", "fuel": "solar", "mw": 2.1, "country": "THA", "status": "operating"}}, {"type": "Feature", "id": 866, "geometry": {"type": "Point", "coordinates": [101.097, 14.789]}, "properties": {"name": "Thailand solar project CCXXXV", "fuel": "solar", "mw": 2.2, "country": "THA", "status": "operating"}}, {"type": "Feature", "id": 867, "geometry": {"type": "Point", "coordinates": [101.119, 12.975]}, "properties": {"name": "Thailand solar project CCXXXVI", "fuel": "solar", "mw": 1.4, "country": "THA", "status": "operating"}}, {"type": "Feature", "id": 868, "geometry": {"type": "Point", "coordinates": [101.175, 12.996]}, "properties": {"name": "Thailand solar project CCXXXVII", "fuel": "solar", "mw": 1.2, "country": "THA", "status": "operating"}}, {"type": "Feature", "id": 869, "geometry": {"type": "Point", "coordinates": [101.112, 12.967]}, "properties": {"name": "Thailand solar project CCXXXVIII", "fuel": "solar", "mw": 3.0, "country": "THA", "status": "operating"}}, {"type": "Feature", "id": 870, "geometry": {"type": "Point", "coordinates": [101.134, 13.454]}, "properties": {"name": "Thailand solar project CI", "fuel": "solar", "mw": 6.3, "country": "THA", "status": "operating"}}, {"type": "Feature", "id": 871, "geometry": {"type": "Point", "coordinates": [99.427, 13.825]}, "properties": {"name": "Thailand solar project CII", "fuel": "solar", "mw": 13.2, "country": "THA", "status": "operating"}}, {"type": "Feature", "id": 872, "geometry": {"type": "Point", "coordinates": [100.352, 14.555]}, "properties": {"name": "Thailand solar project CIII", "fuel": "solar", "mw": 1.8, "country": "THA", "status": "operating"}}, {"type": "Feature", "id": 873, "geometry": {"type": "Point", "coordinates": [103.242, 16.383]}, "properties": {"name": "Thailand solar project CIV", "fuel": "solar", "mw": 1.6, "country": "THA", "status": "operating"}}, {"type": "Feature", "id": 874, "geometry": {"type": "Point", "coordinates": [102.13, 13.581]}, "properties": {"name": "Thailand solar project CIX", "fuel": "solar", "mw": 7.2, "country": "THA", "status": "operating"}}, {"type": "Feature", "id": 875, "geometry": {"type": "Point", "coordinates": [105.414, 15.204]}, "properties": {"name": "Thailand solar project CL", "fuel": "solar", "mw": 2.6, "country": "THA", "status": "operating"}}, {"type": "Feature", "id": 876, "geometry": {"type": "Point", "coordinates": [105.366, 15.197]}, "properties": {"name": "Thailand solar project CLI", "fuel": "solar", "mw": 10.3, "country": "THA", "status": "operating"}}, {"type": "Feature", "id": 877, "geometry": {"type": "Point", "coordinates": [101.098, 12.706]}, "properties": {"name": "Thailand solar project CLII", "fuel": "solar", "mw": 2.5, "country": "THA", "status": "operating"}}, {"type": "Feature", "id": 878, "geometry": {"type": "Point", "coordinates": [101.332, 13.163]}, "properties": {"name": "Thailand solar project CLIII", "fuel": "solar", "mw": 1.3, "country": "THA", "status": "operating"}}, {"type": "Feature", "id": 879, "geometry": {"type": "Point", "coordinates": [101.594, 13.88]}, "properties": {"name": "Thailand solar project CLIV", "fuel": "solar", "mw": 1.1, "country": "THA", "status": "operating"}}, {"type": "Feature", "id": 880, "geometry": {"type": "Point", "coordinates": [100.993, 14.912]}, "properties": {"name": "Thailand solar project CLIX", "fuel": "solar", "mw": 1.5, "country": "THA", "status": "operating"}}, {"type": "Feature", "id": 881, "geometry": {"type": "Point", "coordinates": [101.162, 14.3]}, "properties": {"name": "Thailand solar project CLV", "fuel": "solar", "mw": 1.4, "country": "THA", "status": "operating"}}, {"type": "Feature", "id": 882, "geometry": {"type": "Point", "coordinates": [102.186, 13.28]}, "properties": {"name": "Thailand solar project CLVI", "fuel": "solar", "mw": 3.0, "country": "THA", "status": "operating"}}, {"type": "Feature", "id": 883, "geometry": {"type": "Point", "coordinates": [102.011, 13.9]}, "properties": {"name": "Thailand solar project CLVII", "fuel": "solar", "mw": 2.4, "country": "THA", "status": "operating"}}, {"type": "Feature", "id": 884, "geometry": {"type": "Point", "coordinates": [103.598, 18.357]}, "properties": {"name": "Thailand solar project CLVIII", "fuel": "solar", "mw": 2.7, "country": "THA", "status": "operating"}}, {"type": "Feature", "id": 885, "geometry": {"type": "Point", "coordinates": [101.154, 12.717]}, "properties": {"name": "Thailand solar project CLX", "fuel": "solar", "mw": 1.0, "country": "THA", "status": "operating"}}, {"type": "Feature", "id": 886, "geometry": {"type": "Point", "coordinates": [102.854, 14.939]}, "properties": {"name": "Thailand solar project CLXI", "fuel": "solar", "mw": 3.8, "country": "THA", "status": "operating"}}, {"type": "Feature", "id": 887, "geometry": {"type": "Point", "coordinates": [101.355, 13.86]}, "properties": {"name": "Thailand solar project CLXII", "fuel": "solar", "mw": 8.3, "country": "THA", "status": "operating"}}, {"type": "Feature", "id": 888, "geometry": {"type": "Point", "coordinates": [100.103, 13.498]}, "properties": {"name": "Thailand solar project CLXIII", "fuel": "solar", "mw": 7.4, "country": "THA", "status": "operating"}}, {"type": "Feature", "id": 889, "geometry": {"type": "Point", "coordinates": [102.451, 13.764]}, "properties": {"name": "Thailand solar project CLXIV", "fuel": "solar", "mw": 5.0, "country": "THA", "status": "operating"}}, {"type": "Feature", "id": 890, "geometry": {"type": "Point", "coordinates": [100.91, 14.89]}, "properties": {"name": "Thailand solar project CLXIX", "fuel": "solar", "mw": 5.2, "country": "THA", "status": "operating"}}, {"type": "Feature", "id": 891, "geometry": {"type": "Point", "coordinates": [100.096, 14.074]}, "properties": {"name": "Thailand solar project CLXV", "fuel": "solar", "mw": 9.9, "country": "THA", "status": "operating"}}, {"type": "Feature", "id": 892, "geometry": {"type": "Point", "coordinates": [99.691, 13.467]}, "properties": {"name": "Thailand solar project CLXVI", "fuel": "solar", "mw": 11.8, "country": "THA", "status": "operating"}}, {"type": "Feature", "id": 893, "geometry": {"type": "Point", "coordinates": [100.755, 14.632]}, "properties": {"name": "Thailand solar project CLXVII", "fuel": "solar", "mw": 4.1, "country": "THA", "status": "operating"}}, {"type": "Feature", "id": 894, "geometry": {"type": "Point", "coordinates": [102.048, 16.572]}, "properties": {"name": "Thailand solar project CLXVIII", "fuel": "solar", "mw": 3.4, "country": "THA", "status": "operating"}}, {"type": "Feature", "id": 895, "geometry": {"type": "Point", "coordinates": [100.758, 14.577]}, "properties": {"name": "Thailand solar project CLXX", "fuel": "solar", "mw": 3.3, "country": "THA", "status": "operating"}}, {"type": "Feature", "id": 896, "geometry": {"type": "Point", "coordinates": [99.711, 14.51]}, "properties": {"name": "Thailand solar project CLXXI", "fuel": "solar", "mw": 4.4, "country": "THA", "status": "operating"}}, {"type": "Feature", "id": 897, "geometry": {"type": "Point", "coordinates": [100.127, 18.219]}, "properties": {"name": "Thailand solar project CLXXII", "fuel": "solar", "mw": 5.1, "country": "THA", "status": "operating"}}, {"type": "Feature", "id": 898, "geometry": {"type": "Point", "coordinates": [99.675, 8.113]}, "properties": {"name": "Thailand solar project CLXXIII", "fuel": "solar", "mw": 12.8, "country": "THA", "status": "operating"}}, {"type": "Feature", "id": 899, "geometry": {"type": "Point", "coordinates": [99.808, 13.293]}, "properties": {"name": "Thailand solar project CLXXIV", "fuel": "solar", "mw": 4.2, "country": "THA", "status": "operating"}}, {"type": "Feature", "id": 900, "geometry": {"type": "Point", "coordinates": [99.798, 14.06]}, "properties": {"name": "Thailand solar project CLXXIX", "fuel": "solar", "mw": 2.5, "country": "THA", "status": "operating"}}, {"type": "Feature", "id": 901, "geometry": {"type": "Point", "coordinates": [99.894, 13.602]}, "properties": {"name": "Thailand solar project CLXXV", "fuel": "solar", "mw": 1.6, "country": "THA", "status": "operating"}}, {"type": "Feature", "id": 902, "geometry": {"type": "Point", "coordinates": [99.708, 13.947]}, "properties": {"name": "Thailand solar project CLXXVI", "fuel": "solar", "mw": 3.9, "country": "THA", "status": "operating"}}, {"type": "Feature", "id": 903, "geometry": {"type": "Point", "coordinates": [99.672, 13.839]}, "properties": {"name": "Thailand solar project CLXXVII", "fuel": "solar", "mw": 2.4, "country": "THA", "status": "operating"}}, {"type": "Feature", "id": 904, "geometry": {"type": "Point", "coordinates": [99.633, 13.823]}, "properties": {"name": "Thailand solar project CLXXVIII", "fuel": "solar", "mw": 1.7, "country": "THA", "status": "operating"}}, {"type": "Feature", "id": 905, "geometry": {"type": "Point", "coordinates": [99.733, 15.299]}, "properties": {"name": "Thailand solar project CLXXX", "fuel": "solar", "mw": 2.5, "country": "THA", "status": "operating"}}, {"type": "Feature", "id": 906, "geometry": {"type": "Point", "coordinates": [99.891, 16.611]}, "properties": {"name": "Thailand solar project CLXXXI", "fuel": "solar", "mw": 7.1, "country": "THA", "status": "operating"}}, {"type": "Feature", "id": 907, "geometry": {"type": "Point", "coordinates": [101.86, 15.0]}, "properties": {"name": "Thailand solar project CLXXXII", "fuel": "solar", "mw": 1.9, "country": "THA", "status": "operating"}}, {"type": "Feature", "id": 908, "geometry": {"type": "Point", "coordinates": [102.535, 17.444]}, "properties": {"name": "Thailand solar project CLXXXIII", "fuel": "solar", "mw": 2.1, "country": "THA", "status": "operating"}}, {"type": "Feature", "id": 909, "geometry": {"type": "Point", "coordinates": [102.722, 14.418]}, "properties": {"name": "Thailand solar project CLXXXIV", "fuel": "solar", "mw": 4.9, "country": "THA", "status": "operating"}}, {"type": "Feature", "id": 910, "geometry": {"type": "Point", "coordinates": [100.817, 14.356]}, "properties": {"name": "Thailand solar project CLXXXIX", "fuel": "solar", "mw": 5.4, "country": "THA", "status": "operating"}}, {"type": "Feature", "id": 911, "geometry": {"type": "Point", "coordinates": [102.78, 14.833]}, "properties": {"name": "Thailand solar project CLXXXV", "fuel": "solar", "mw": 2.3, "country": "THA", "status": "operating"}}, {"type": "Feature", "id": 912, "geometry": {"type": "Point", "coordinates": [103.085, 15.237]}, "properties": {"name": "Thailand solar project CLXXXVI", "fuel": "solar", "mw": 2.5, "country": "THA", "status": "operating"}}, {"type": "Feature", "id": 913, "geometry": {"type": "Point", "coordinates": [103.877, 17.115]}, "properties": {"name": "Thailand solar project CLXXXVIII", "fuel": "solar", "mw": 5.4, "country": "THA", "status": "operating"}}, {"type": "Feature", "id": 914, "geometry": {"type": "Point", "coordinates": [101.782, 14.087]}, "properties": {"name": "Thailand solar project CV", "fuel": "solar", "mw": 4.7, "country": "THA", "status": "operating"}}, {"type": "Feature", "id": 915, "geometry": {"type": "Point", "coordinates": [103.066, 14.717]}, "properties": {"name": "Thailand solar project CVI", "fuel": "solar", "mw": 6.4, "country": "THA", "status": "operating"}}, {"type": "Feature", "id": 916, "geometry": {"type": "Point", "coordinates": [102.738, 17.769]}, "properties": {"name": "Thailand solar project CVII", "fuel": "solar", "mw": 2.0, "country": "THA", "status": "operating"}}, {"type": "Feature", "id": 917, "geometry": {"type": "Point", "coordinates": [101.727, 15.46]}, "properties": {"name": "Thailand solar project CX", "fuel": "solar", "mw": 12.2, "country": "THA", "status": "operating"}}, {"type": "Feature", "id": 918, "geometry": {"type": "Point", "coordinates": [100.892, 15.66]}, "properties": {"name": "Thailand solar project CXC", "fuel": "solar", "mw": 2.4, "country": "THA", "status": "operating"}}, {"type": "Feature", "id": 919, "geometry": {"type": "Point", "coordinates": [100.862, 16.176]}, "properties": {"name": "Thailand solar project CXCI", "fuel": "solar", "mw": 2.4, "country": "THA", "status": "operating"}}, {"type": "Feature", "id": 920, "geometry": {"type": "Point", "coordinates": [101.314, 16.581]}, "properties": {"name": "Thailand solar project CXCII", "fuel": "solar", "mw": 1.2, "country": "THA", "status": "operating"}}, {"type": "Feature", "id": 921, "geometry": {"type": "Point", "coordinates": [102.25, 13.105]}, "properties": {"name": "Thailand solar project CXCIII", "fuel": "solar", "mw": 6.0, "country": "THA", "status": "operating"}}, {"type": "Feature", "id": 922, "geometry": {"type": "Point", "coordinates": [102.306, 13.442]}, "properties": {"name": "Thailand solar project CXCIV", "fuel": "solar", "mw": 2.2, "country": "THA", "status": "operating"}}, {"type": "Feature", "id": 923, "geometry": {"type": "Point", "coordinates": [100.94, 13.736]}, "properties": {"name": "Thailand solar project CXCIX", "fuel": "solar", "mw": 1.5, "country": "THA", "status": "operating"}}, {"type": "Feature", "id": 924, "geometry": {"type": "Point", "coordinates": [102.375, 14.435]}, "properties": {"name": "Thailand solar project CXCV", "fuel": "solar", "mw": 2.4, "country": "THA", "status": "operating"}}, {"type": "Feature", "id": 925, "geometry": {"type": "Point", "coordinates": [102.338, 14.777]}, "properties": {"name": "Thailand solar project CXCVI", "fuel": "solar", "mw": 5.0, "country": "THA", "status": "operating"}}, {"type": "Feature", "id": 926, "geometry": {"type": "Point", "coordinates": [102.417, 16.481]}, "properties": {"name": "Thailand solar project CXCVIII", "fuel": "solar", "mw": 2.7, "country": "THA", "status": "operating"}}, {"type": "Feature", "id": 927, "geometry": {"type": "Point", "coordinates": [99.897, 15.862]}, "properties": {"name": "Thailand solar project CXI", "fuel": "solar", "mw": 9.6, "country": "THA", "status": "operating"}}, {"type": "Feature", "id": 928, "geometry": {"type": "Point", "coordinates": [99.65, 13.772]}, "properties": {"name": "Thailand solar project CXII", "fuel": "solar", "mw": 2.2, "country": "THA", "status": "operating"}}, {"type": "Feature", "id": 929, "geometry": {"type": "Point", "coordinates": [103.819, 18.3]}, "properties": {"name": "Thailand solar project CXIII", "fuel": "solar", "mw": 1.1, "country": "THA", "status": "operating"}}, {"type": "Feature", "id": 930, "geometry": {"type": "Point", "coordinates": [100.154, 13.929]}, "properties": {"name": "Thailand solar project CXIV", "fuel": "solar", "mw": 9.9, "country": "THA", "status": "operating"}}, {"type": "Feature", "id": 931, "geometry": {"type": "Point", "coordinates": [101.469, 13.666]}, "properties": {"name": "Thailand solar project CXIX", "fuel": "solar", "mw": 1.4, "country": "THA", "status": "operating"}}, {"type": "Feature", "id": 932, "geometry": {"type": "Point", "coordinates": [100.128, 14.244]}, "properties": {"name": "Thailand solar project CXL", "fuel": "solar", "mw": 1.3, "country": "THA", "status": "operating"}}, {"type": "Feature", "id": 933, "geometry": {"type": "Point", "coordinates": [99.463, 13.574]}, "properties": {"name": "Thailand solar project CXLI", "fuel": "solar", "mw": 2.0, "country": "THA", "status": "operating"}}, {"type": "Feature", "id": 934, "geometry": {"type": "Point", "coordinates": [100.337, 15.228]}, "properties": {"name": "Thailand solar project CXLII", "fuel": "solar", "mw": 1.8, "country": "THA", "status": "operating"}}, {"type": "Feature", "id": 935, "geometry": {"type": "Point", "coordinates": [100.979, 14.902]}, "properties": {"name": "Thailand solar project CXLIII", "fuel": "solar", "mw": 2.3, "country": "THA", "status": "operating"}}, {"type": "Feature", "id": 936, "geometry": {"type": "Point", "coordinates": [101.749, 13.829]}, "properties": {"name": "Thailand solar project CXLIV", "fuel": "solar", "mw": 2.5, "country": "THA", "status": "operating"}}, {"type": "Feature", "id": 937, "geometry": {"type": "Point", "coordinates": [100.992, 15.827]}, "properties": {"name": "Thailand solar project CXLIX", "fuel": "solar", "mw": 12.1, "country": "THA", "status": "operating"}}, {"type": "Feature", "id": 938, "geometry": {"type": "Point", "coordinates": [103.582, 14.803]}, "properties": {"name": "Thailand solar project CXLV", "fuel": "solar", "mw": 3.5, "country": "THA", "status": "operating"}}, {"type": "Feature", "id": 939, "geometry": {"type": "Point", "coordinates": [100.71, 15.257]}, "properties": {"name": "Thailand solar project CXLVI", "fuel": "solar", "mw": 3.3, "country": "THA", "status": "operating"}}, {"type": "Feature", "id": 940, "geometry": {"type": "Point", "coordinates": [100.768, 15.073]}, "properties": {"name": "Thailand solar project CXLVII", "fuel": "solar", "mw": 1.2, "country": "THA", "status": "operating"}}, {"type": "Feature", "id": 941, "geometry": {"type": "Point", "coordinates": [100.942, 14.003]}, "properties": {"name": "Thailand solar project CXLVIII", "fuel": "solar", "mw": 5.3, "country": "THA", "status": "operating"}}, {"type": "Feature", "id": 942, "geometry": {"type": "Point", "coordinates": [100.764, 14.577]}, "properties": {"name": "Thailand solar project CXVI", "fuel": "solar", "mw": 2.4, "country": "THA", "status": "operating"}}, {"type": "Feature", "id": 943, "geometry": {"type": "Point", "coordinates": [99.779, 13.287]}, "properties": {"name": "Thailand solar project CXVII", "fuel": "solar", "mw": 2.5, "country": "THA", "status": "operating"}}, {"type": "Feature", "id": 944, "geometry": {"type": "Point", "coordinates": [102.462, 13.648]}, "properties": {"name": "Thailand solar project CXVIII", "fuel": "solar", "mw": 2.1, "country": "THA", "status": "operating"}}, {"type": "Feature", "id": 945, "geometry": {"type": "Point", "coordinates": [102.032, 14.852]}, "properties": {"name": "Thailand solar project CXX", "fuel": "solar", "mw": 2.1, "country": "THA", "status": "operating"}}, {"type": "Feature", "id": 946, "geometry": {"type": "Point", "coordinates": [101.755, 12.767]}, "properties": {"name": "Thailand solar project CXXI", "fuel": "solar", "mw": 4.6, "country": "THA", "status": "operating"}}, {"type": "Feature", "id": 947, "geometry": {"type": "Point", "coordinates": [101.003, 13.576]}, "properties": {"name": "Thailand solar project CXXII", "fuel": "solar", "mw": 1.9, "country": "THA", "status": "operating"}}, {"type": "Feature", "id": 948, "geometry": {"type": "Point", "coordinates": [98.996, 18.41]}, "properties": {"name": "Thailand solar project CXXIII", "fuel": "solar", "mw": 2.8, "country": "THA", "status": "operating"}}, {"type": "Feature", "id": 949, "geometry": {"type": "Point", "coordinates": [99.519, 11.394]}, "properties": {"name": "Thailand solar project CXXIV", "fuel": "solar", "mw": 7.9, "country": "THA", "status": "operating"}}, {"type": "Feature", "id": 950, "geometry": {"type": "Point", "coordinates": [100.638, 16.181]}, "properties": {"name": "Thailand solar project CXXIX", "fuel": "solar", "mw": 8.1, "country": "THA", "status": "operating"}}, {"type": "Feature", "id": 951, "geometry": {"type": "Point", "coordinates": [99.441, 11.09]}, "properties": {"name": "Thailand solar project CXXV", "fuel": "solar", "mw": 5.3, "country": "THA", "status": "operating"}}, {"type": "Feature", "id": 952, "geometry": {"type": "Point", "coordinates": [101.853, 12.791]}, "properties": {"name": "Thailand solar project CXXVI", "fuel": "solar", "mw": 5.6, "country": "THA", "status": "operating"}}, {"type": "Feature", "id": 953, "geometry": {"type": "Point", "coordinates": [97.913, 18.221]}, "properties": {"name": "Thailand solar project CXXVII", "fuel": "solar", "mw": 7.9, "country": "THA", "status": "operating"}}, {"type": "Feature", "id": 954, "geometry": {"type": "Point", "coordinates": [100.626, 15.101]}, "properties": {"name": "Thailand solar project CXXVIII", "fuel": "solar", "mw": 7.5, "country": "THA", "status": "operating"}}, {"type": "Feature", "id": 955, "geometry": {"type": "Point", "coordinates": [99.521, 14.46]}, "properties": {"name": "Thailand solar project CXXX", "fuel": "solar", "mw": 8.3, "country": "THA", "status": "operating"}}, {"type": "Feature", "id": 956, "geometry": {"type": "Point", "coordinates": [99.495, 14.168]}, "properties": {"name": "Thailand solar project CXXXI", "fuel": "solar", "mw": 1.9, "country": "THA", "status": "operating"}}, {"type": "Feature", "id": 957, "geometry": {"type": "Point", "coordinates": [102.776, 17.735]}, "properties": {"name": "Thailand solar project CXXXII", "fuel": "solar", "mw": 1.2, "country": "THA", "status": "operating"}}, {"type": "Feature", "id": 958, "geometry": {"type": "Point", "coordinates": [102.913, 17.039]}, "properties": {"name": "Thailand solar project CXXXIII", "fuel": "solar", "mw": 1.8, "country": "THA", "status": "operating"}}, {"type": "Feature", "id": 959, "geometry": {"type": "Point", "coordinates": [102.978, 15.817]}, "properties": {"name": "Thailand solar project CXXXIV", "fuel": "solar", "mw": 1.4, "country": "THA", "status": "operating"}}, {"type": "Feature", "id": 960, "geometry": {"type": "Point", "coordinates": [100.127, 14.118]}, "properties": {"name": "Thailand solar project CXXXIX", "fuel": "solar", "mw": 11.0, "country": "THA", "status": "operating"}}, {"type": "Feature", "id": 961, "geometry": {"type": "Point", "coordinates": [103.449, 18.057]}, "properties": {"name": "Thailand solar project CXXXV", "fuel": "solar", "mw": 1.9, "country": "THA", "status": "operating"}}, {"type": "Feature", "id": 962, "geometry": {"type": "Point", "coordinates": [103.049, 17.808]}, "properties": {"name": "Thailand solar project CXXXVI", "fuel": "solar", "mw": 3.7, "country": "THA", "status": "operating"}}, {"type": "Feature", "id": 963, "geometry": {"type": "Point", "coordinates": [102.7, 17.76]}, "properties": {"name": "Thailand solar project CXXXVII", "fuel": "solar", "mw": 2.0, "country": "THA", "status": "operating"}}, {"type": "Feature", "id": 964, "geometry": {"type": "Point", "coordinates": [99.066, 9.987]}, "properties": {"name": "Thailand solar project CXXXVIII", "fuel": "solar", "mw": 1.4, "country": "THA", "status": "operating"}}, {"type": "Feature", "id": 965, "geometry": {"type": "Point", "coordinates": [100.991, 15.081]}, "properties": {"name": "Thailand solar project I", "fuel": "solar", "mw": 6.4, "country": "THA", "status": "operating"}}, {"type": "Feature", "id": 966, "geometry": {"type": "Point", "coordinates": [98.743, 9.777]}, "properties": {"name": "Thailand solar project II", "fuel": "solar", "mw": 4.9, "country": "THA", "status": "operating"}}, {"type": "Feature", "id": 967, "geometry": {"type": "Point", "coordinates": [100.136, 13.475]}, "properties": {"name": "Thailand solar project III", "fuel": "solar", "mw": 14.7, "country": "THA", "status": "operating"}}, {"type": "Feature", "id": 968, "geometry": {"type": "Point", "coordinates": [99.776, 14.845]}, "properties": {"name": "Thailand solar project IV", "fuel": "solar", "mw": 1.5, "country": "THA", "status": "operating"}}, {"type": "Feature", "id": 969, "geometry": {"type": "Point", "coordinates": [100.525, 16.181]}, "properties": {"name": "Thailand solar project IX", "fuel": "solar", "mw": 6.6, "country": "THA", "status": "operating"}}, {"type": "Feature", "id": 970, "geometry": {"type": "Point", "coordinates": [102.817, 17.921]}, "properties": {"name": "Thailand solar project L", "fuel": "solar", "mw": 1.9, "country": "THA", "status": "operating"}}, {"type": "Feature", "id": 971, "geometry": {"type": "Point", "coordinates": [99.356, 18.164]}, "properties": {"name": "Thailand solar project LI", "fuel": "solar", "mw": 2.4, "country": "THA", "status": "operating"}}, {"type": "Feature", "id": 972, "geometry": {"type": "Point", "coordinates": [103.023, 16.688]}, "properties": {"name": "Thailand solar project LII", "fuel": "solar", "mw": 7.1, "country": "THA", "status": "operating"}}, {"type": "Feature", "id": 973, "geometry": {"type": "Point", "coordinates": [100.065, 13.475]}, "properties": {"name": "Thailand solar project LIII", "fuel": "solar", "mw": 8.0, "country": "THA", "status": "operating"}}, {"type": "Feature", "id": 974, "geometry": {"type": "Point", "coordinates": [100.015, 20.17]}, "properties": {"name": "Thailand solar project LIV", "fuel": "solar", "mw": 6.4, "country": "THA", "status": "operating"}}, {"type": "Feature", "id": 975, "geometry": {"type": "Point", "coordinates": [100.132, 14.081]}, "properties": {"name": "Thailand solar project LIX", "fuel": "solar", "mw": 4.1, "country": "THA", "status": "operating"}}, {"type": "Feature", "id": 976, "geometry": {"type": "Point", "coordinates": [99.771, 14.858]}, "properties": {"name": "Thailand solar project LV", "fuel": "solar", "mw": 2.8, "country": "THA", "status": "operating"}}, {"type": "Feature", "id": 977, "geometry": {"type": "Point", "coordinates": [102.149, 13.547]}, "properties": {"name": "Thailand solar project LVI", "fuel": "solar", "mw": 4.6, "country": "THA", "status": "operating"}}, {"type": "Feature", "id": 978, "geometry": {"type": "Point", "coordinates": [98.535, 17.018]}, "properties": {"name": "Thailand solar project LVII", "fuel": "solar", "mw": 6.2, "country": "THA", "status": "operating"}}, {"type": "Feature", "id": 979, "geometry": {"type": "Point", "coordinates": [99.702, 13.105]}, "properties": {"name": "Thailand solar project LVIII", "fuel": "solar", "mw": 18.9, "country": "THA", "status": "operating"}}, {"type": "Feature", "id": 980, "geometry": {"type": "Point", "coordinates": [102.298, 13.822]}, "properties": {"name": "Thailand solar project LX", "fuel": "solar", "mw": 5.4, "country": "THA", "status": "operating"}}, {"type": "Feature", "id": 981, "geometry": {"type": "Point", "coordinates": [99.466, 11.163]}, "properties": {"name": "Thailand solar project LXI", "fuel": "solar", "mw": 2.8, "country": "THA", "status": "operating"}}, {"type": "Feature", "id": 982, "geometry": {"type": "Point", "coordinates": [101.207, 14.842]}, "properties": {"name": "Thailand solar project LXII", "fuel": "solar", "mw": 4.7, "country": "THA", "status": "operating"}}, {"type": "Feature", "id": 983, "geometry": {"type": "Point", "coordinates": [98.881, 19.088]}, "properties": {"name": "Thailand solar project LXIII", "fuel": "solar", "mw": 2.5, "country": "THA", "status": "operating"}}, {"type": "Feature", "id": 984, "geometry": {"type": "Point", "coordinates": [101.069, 15.085]}, "properties": {"name": "Thailand solar project LXIV", "fuel": "solar", "mw": 6.8, "country": "THA", "status": "operating"}}, {"type": "Feature", "id": 985, "geometry": {"type": "Point", "coordinates": [99.222, 14.11]}, "properties": {"name": "Thailand solar project LXIX", "fuel": "solar", "mw": 18.0, "country": "THA", "status": "operating"}}, {"type": "Feature", "id": 986, "geometry": {"type": "Point", "coordinates": [99.703, 13.556]}, "properties": {"name": "Thailand solar project LXV", "fuel": "solar", "mw": 4.7, "country": "THA", "status": "operating"}}, {"type": "Feature", "id": 987, "geometry": {"type": "Point", "coordinates": [100.171, 14.119]}, "properties": {"name": "Thailand solar project LXVI", "fuel": "solar", "mw": 8.5, "country": "THA", "status": "operating"}}, {"type": "Feature", "id": 988, "geometry": {"type": "Point", "coordinates": [101.486, 14.139]}, "properties": {"name": "Thailand solar project LXVIII", "fuel": "solar", "mw": 5.9, "country": "THA", "status": "operating"}}, {"type": "Feature", "id": 989, "geometry": {"type": "Point", "coordinates": [100.326, 14.509]}, "properties": {"name": "Thailand solar project LXX", "fuel": "solar", "mw": 2.2, "country": "THA", "status": "operating"}}, {"type": "Feature", "id": 990, "geometry": {"type": "Point", "coordinates": [104.301, 15.142]}, "properties": {"name": "Thailand solar project LXXI", "fuel": "solar", "mw": 2.9, "country": "THA", "status": "operating"}}, {"type": "Feature", "id": 991, "geometry": {"type": "Point", "coordinates": [102.024, 14.846]}, "properties": {"name": "Thailand solar project LXXII", "fuel": "solar", "mw": 3.6, "country": "THA", "status": "operating"}}, {"type": "Feature", "id": 992, "geometry": {"type": "Point", "coordinates": [105.347, 15.298]}, "properties": {"name": "Thailand solar project LXXIII", "fuel": "solar", "mw": 5.1, "country": "THA", "status": "operating"}}, {"type": "Feature", "id": 993, "geometry": {"type": "Point", "coordinates": [102.597, 12.315]}, "properties": {"name": "Thailand solar project LXXIV", "fuel": "solar", "mw": 4.8, "country": "THA", "status": "operating"}}, {"type": "Feature", "id": 994, "geometry": {"type": "Point", "coordinates": [100.168, 18.517]}, "properties": {"name": "Thailand solar project LXXIX", "fuel": "solar", "mw": 8.2, "country": "THA", "status": "operating"}}, {"type": "Feature", "id": 995, "geometry": {"type": "Point", "coordinates": [98.647, 18.203]}, "properties": {"name": "Thailand solar project LXXV", "fuel": "solar", "mw": 5.2, "country": "THA", "status": "operating"}}, {"type": "Feature", "id": 996, "geometry": {"type": "Point", "coordinates": [101.445, 13.861]}, "properties": {"name": "Thailand solar project LXXVI", "fuel": "solar", "mw": 3.4, "country": "THA", "status": "operating"}}, {"type": "Feature", "id": 997, "geometry": {"type": "Point", "coordinates": [99.482, 18.559]}, "properties": {"name": "Thailand solar project LXXVII", "fuel": "solar", "mw": 8.3, "country": "THA", "status": "operating"}}, {"type": "Feature", "id": 998, "geometry": {"type": "Point", "coordinates": [101.813, 15.291]}, "properties": {"name": "Thailand solar project LXXVIII", "fuel": "solar", "mw": 4.4, "country": "THA", "status": "operating"}}, {"type": "Feature", "id": 999, "geometry": {"type": "Point", "coordinates": [100.442, 16.2]}, "properties": {"name": "Thailand solar project LXXX", "fuel": "solar", "mw": 12.5, "country": "THA", "status": "operating"}}, {"type": "Feature", "id": 1000, "geometry": {"type": "Point", "coordinates": [100.105, 14.123]}, "properties": {"name": "Thailand solar project LXXXI", "fuel": "solar", "mw": 11.4, "country": "THA", "status": "operating"}}, {"type": "Feature", "id": 1001, "geometry": {"type": "Point", "coordinates": [100.964, 14.543]}, "properties": {"name": "Thailand solar project LXXXII", "fuel": "solar", "mw": 4.2, "country": "THA", "status": "operating"}}, {"type": "Feature", "id": 1002, "geometry": {"type": "Point", "coordinates": [102.179, 13.533]}, "properties": {"name": "Thailand solar project LXXXIII", "fuel": "solar", "mw": 3.8, "country": "THA", "status": "operating"}}, {"type": "Feature", "id": 1003, "geometry": {"type": "Point", "coordinates": [102.69, 17.722]}, "properties": {"name": "Thailand solar project LXXXIV", "fuel": "solar", "mw": 1.4, "country": "THA", "status": "operating"}}, {"type": "Feature", "id": 1004, "geometry": {"type": "Point", "coordinates": [101.172, 13.249]}, "properties": {"name": "Thailand solar project LXXXIX", "fuel": "solar", "mw": 4.1, "country": "THA", "status": "operating"}}, {"type": "Feature", "id": 1005, "geometry": {"type": "Point", "coordinates": [100.221, 15.648]}, "properties": {"name": "Thailand solar project LXXXV", "fuel": "solar", "mw": 9.4, "country": "THA", "status": "operating"}}, {"type": "Feature", "id": 1006, "geometry": {"type": "Point", "coordinates": [101.469, 14.121]}, "properties": {"name": "Thailand solar project LXXXVI", "fuel": "solar", "mw": 5.8, "country": "THA", "status": "operating"}}, {"type": "Feature", "id": 1007, "geometry": {"type": "Point", "coordinates": [101.62, 14.605]}, "properties": {"name": "Thailand solar project LXXXVII", "fuel": "solar", "mw": 6.5, "country": "THA", "status": "operating"}}, {"type": "Feature", "id": 1008, "geometry": {"type": "Point", "coordinates": [98.252, 17.212]}, "properties": {"name": "Thailand solar project LXXXVIII", "fuel": "solar", "mw": 6.9, "country": "THA", "status": "operating"}}, {"type": "Feature", "id": 1009, "geometry": {"type": "Point", "coordinates": [101.808, 13.943]}, "properties": {"name": "Thailand solar project V", "fuel": "solar", "mw": 1.6, "country": "THA", "status": "operating"}}, {"type": "Feature", "id": 1010, "geometry": {"type": "Point", "coordinates": [100.893, 14.443]}, "properties": {"name": "Thailand solar project VI", "fuel": "solar", "mw": 2.4, "country": "THA", "status": "operating"}}, {"type": "Feature", "id": 1011, "geometry": {"type": "Point", "coordinates": [100.97, 14.676]}, "properties": {"name": "Thailand solar project VII", "fuel": "solar", "mw": 1.3, "country": "THA", "status": "operating"}}, {"type": "Feature", "id": 1012, "geometry": {"type": "Point", "coordinates": [101.921, 14.99]}, "properties": {"name": "Thailand solar project VIII", "fuel": "solar", "mw": 3.7, "country": "THA", "status": "operating"}}, {"type": "Feature", "id": 1013, "geometry": {"type": "Point", "coordinates": [98.714, 18.365]}, "properties": {"name": "Thailand solar project X", "fuel": "solar", "mw": 7.8, "country": "THA", "status": "operating"}}, {"type": "Feature", "id": 1014, "geometry": {"type": "Point", "coordinates": [102.17, 13.557]}, "properties": {"name": "Thailand solar project XC", "fuel": "solar", "mw": 6.6, "country": "THA", "status": "operating"}}, {"type": "Feature", "id": 1015, "geometry": {"type": "Point", "coordinates": [101.465, 13.867]}, "properties": {"name": "Thailand solar project XCI", "fuel": "solar", "mw": 5.8, "country": "THA", "status": "operating"}}, {"type": "Feature", "id": 1016, "geometry": {"type": "Point", "coordinates": [101.979, 14.005]}, "properties": {"name": "Thailand solar project XCII", "fuel": "solar", "mw": 6.1, "country": "THA", "status": "operating"}}, {"type": "Feature", "id": 1017, "geometry": {"type": "Point", "coordinates": [101.286, 13.986]}, "properties": {"name": "Thailand solar project XCIII", "fuel": "solar", "mw": 12.5, "country": "THA", "status": "operating"}}, {"type": "Feature", "id": 1018, "geometry": {"type": "Point", "coordinates": [100.233, 14.418]}, "properties": {"name": "Thailand solar project XCIV", "fuel": "solar", "mw": 4.9, "country": "THA", "status": "operating"}}, {"type": "Feature", "id": 1019, "geometry": {"type": "Point", "coordinates": [100.386, 14.679]}, "properties": {"name": "Thailand solar project XCIX", "fuel": "solar", "mw": 10.0, "country": "THA", "status": "operating"}}, {"type": "Feature", "id": 1020, "geometry": {"type": "Point", "coordinates": [100.694, 15.124]}, "properties": {"name": "Thailand solar project XCV", "fuel": "solar", "mw": 9.4, "country": "THA", "status": "operating"}}, {"type": "Feature", "id": 1021, "geometry": {"type": "Point", "coordinates": [99.813, 13.259]}, "properties": {"name": "Thailand solar project XCVI", "fuel": "solar", "mw": 1.2, "country": "THA", "status": "operating"}}, {"type": "Feature", "id": 1022, "geometry": {"type": "Point", "coordinates": [99.888, 12.118]}, "properties": {"name": "Thailand solar project XCVII", "fuel": "solar", "mw": 18.5, "country": "THA", "status": "operating"}}, {"type": "Feature", "id": 1023, "geometry": {"type": "Point", "coordinates": [102.552, 17.732]}, "properties": {"name": "Thailand solar project XCVIII", "fuel": "solar", "mw": 1.7, "country": "THA", "status": "operating"}}, {"type": "Feature", "id": 1024, "geometry": {"type": "Point", "coordinates": [99.242, 17.674]}, "properties": {"name": "Thailand solar project XI", "fuel": "solar", "mw": 1.1, "country": "THA", "status": "operating"}}, {"type": "Feature", "id": 1025, "geometry": {"type": "Point", "coordinates": [99.544, 14.314]}, "properties": {"name": "Thailand solar project XII", "fuel": "solar", "mw": 19.3, "country": "THA", "status": "operating"}}, {"type": "Feature", "id": 1026, "geometry": {"type": "Point", "coordinates": [101.846, 14.059]}, "properties": {"name": "Thailand solar project XIII", "fuel": "solar", "mw": 6.9, "country": "THA", "status": "operating"}}, {"type": "Feature", "id": 1027, "geometry": {"type": "Point", "coordinates": [101.105, 16.218]}, "properties": {"name": "Thailand solar project XIV", "fuel": "solar", "mw": 7.0, "country": "THA", "status": "operating"}}, {"type": "Feature", "id": 1028, "geometry": {"type": "Point", "coordinates": [102.189, 13.412]}, "properties": {"name": "Thailand solar project XIX", "fuel": "solar", "mw": 9.9, "country": "THA", "status": "operating"}}, {"type": "Feature", "id": 1029, "geometry": {"type": "Point", "coordinates": [100.276, 14.571]}, "properties": {"name": "Thailand solar project XL", "fuel": "solar", "mw": 4.5, "country": "THA", "status": "operating"}}, {"type": "Feature", "id": 1030, "geometry": {"type": "Point", "coordinates": [103.362, 18.402]}, "properties": {"name": "Thailand solar project XLI", "fuel": "solar", "mw": 3.8, "country": "THA", "status": "operating"}}, {"type": "Feature", "id": 1031, "geometry": {"type": "Point", "coordinates": [100.954, 14.358]}, "properties": {"name": "Thailand solar project XLII", "fuel": "solar", "mw": 10.9, "country": "THA", "status": "operating"}}, {"type": "Feature", "id": 1032, "geometry": {"type": "Point", "coordinates": [99.982, 12.957]}, "properties": {"name": "Thailand solar project XLIII", "fuel": "solar", "mw": 10.3, "country": "THA", "status": "operating"}}, {"type": "Feature", "id": 1033, "geometry": {"type": "Point", "coordinates": [101.453, 13.718]}, "properties": {"name": "Thailand solar project XLIX", "fuel": "solar", "mw": 4.7, "country": "THA", "status": "operating"}}, {"type": "Feature", "id": 1034, "geometry": {"type": "Point", "coordinates": [100.503, 16.174]}, "properties": {"name": "Thailand solar project XLV", "fuel": "solar", "mw": 5.7, "country": "THA", "status": "operating"}}, {"type": "Feature", "id": 1035, "geometry": {"type": "Point", "coordinates": [102.405, 13.696]}, "properties": {"name": "Thailand solar project XLVI", "fuel": "solar", "mw": 4.7, "country": "THA", "status": "operating"}}, {"type": "Feature", "id": 1036, "geometry": {"type": "Point", "coordinates": [98.636, 18.074]}, "properties": {"name": "Thailand solar project XLVII", "fuel": "solar", "mw": 6.4, "country": "THA", "status": "operating"}}, {"type": "Feature", "id": 1037, "geometry": {"type": "Point", "coordinates": [101.406, 14.185]}, "properties": {"name": "Thailand solar project XLVIII", "fuel": "solar", "mw": 5.9, "country": "THA", "status": "operating"}}, {"type": "Feature", "id": 1038, "geometry": {"type": "Point", "coordinates": [99.261, 7.722]}, "properties": {"name": "Thailand solar project XVI", "fuel": "solar", "mw": 7.2, "country": "THA", "status": "operating"}}, {"type": "Feature", "id": 1039, "geometry": {"type": "Point", "coordinates": [104.765, 15.454]}, "properties": {"name": "Thailand solar project XVII", "fuel": "solar", "mw": 1.7, "country": "THA", "status": "operating"}}, {"type": "Feature", "id": 1040, "geometry": {"type": "Point", "coordinates": [102.112, 16.471]}, "properties": {"name": "Thailand solar project XVIII", "fuel": "solar", "mw": 6.0, "country": "THA", "status": "operating"}}, {"type": "Feature", "id": 1041, "geometry": {"type": "Point", "coordinates": [99.899, 14.257]}, "properties": {"name": "Thailand solar project XX", "fuel": "solar", "mw": 3.5, "country": "THA", "status": "operating"}}, {"type": "Feature", "id": 1042, "geometry": {"type": "Point", "coordinates": [102.068, 15.875]}, "properties": {"name": "Thailand solar project XXI", "fuel": "solar", "mw": 3.8, "country": "THA", "status": "operating"}}, {"type": "Feature", "id": 1043, "geometry": {"type": "Point", "coordinates": [101.861, 14.02]}, "properties": {"name": "Thailand solar project XXII", "fuel": "solar", "mw": 3.9, "country": "THA", "status": "operating"}}, {"type": "Feature", "id": 1044, "geometry": {"type": "Point", "coordinates": [101.845, 14.066]}, "properties": {"name": "Thailand solar project XXIII", "fuel": "solar", "mw": 4.7, "country": "THA", "status": "operating"}}, {"type": "Feature", "id": 1045, "geometry": {"type": "Point", "coordinates": [104.036, 16.461]}, "properties": {"name": "Thailand solar project XXIV", "fuel": "solar", "mw": 1.9, "country": "THA", "status": "operating"}}, {"type": "Feature", "id": 1046, "geometry": {"type": "Point", "coordinates": [102.751, 17.81]}, "properties": {"name": "Thailand solar project XXIX", "fuel": "solar", "mw": 1.7, "country": "THA", "status": "operating"}}, {"type": "Feature", "id": 1047, "geometry": {"type": "Point", "coordinates": [101.039, 15.526]}, "properties": {"name": "Thailand solar project XXV", "fuel": "solar", "mw": 2.4, "country": "THA", "status": "operating"}}, {"type": "Feature", "id": 1048, "geometry": {"type": "Point", "coordinates": [99.653, 13.856]}, "properties": {"name": "Thailand solar project XXVI", "fuel": "solar", "mw": 13.1, "country": "THA", "status": "operating"}}, {"type": "Feature", "id": 1049, "geometry": {"type": "Point", "coordinates": [101.113, 14.6]}, "properties": {"name": "Thailand solar project XXVII", "fuel": "solar", "mw": 3.1, "country": "THA", "status": "operating"}}, {"type": "Feature", "id": 1050, "geometry": {"type": "Point", "coordinates": [99.733, 13.307]}, "properties": {"name": "Thailand solar project XXVIII", "fuel": "solar", "mw": 6.5, "country": "THA", "status": "operating"}}, {"type": "Feature", "id": 1051, "geometry": {"type": "Point", "coordinates": [99.674, 13.95]}, "properties": {"name": "Thailand solar project XXX", "fuel": "solar", "mw": 1.3, "country": "THA", "status": "operating"}}, {"type": "Feature", "id": 1052, "geometry": {"type": "Point", "coordinates": [100.752, 14.58]}, "properties": {"name": "Thailand solar project XXXI", "fuel": "solar", "mw": 5.7, "country": "THA", "status": "operating"}}, {"type": "Feature", "id": 1053, "geometry": {"type": "Point", "coordinates": [99.881, 13.327]}, "properties": {"name": "Thailand solar project XXXII", "fuel": "solar", "mw": 5.5, "country": "THA", "status": "operating"}}, {"type": "Feature", "id": 1054, "geometry": {"type": "Point", "coordinates": [99.186, 9.016]}, "properties": {"name": "Thailand solar project XXXIII", "fuel": "solar", "mw": 4.4, "country": "THA", "status": "operating"}}, {"type": "Feature", "id": 1055, "geometry": {"type": "Point", "coordinates": [100.971, 14.574]}, "properties": {"name": "Thailand solar project XXXIV", "fuel": "solar", "mw": 3.2, "country": "THA", "status": "operating"}}, {"type": "Feature", "id": 1056, "geometry": {"type": "Point", "coordinates": [103.188, 16.372]}, "properties": {"name": "Thailand solar project XXXV", "fuel": "solar", "mw": 3.3, "country": "THA", "status": "operating"}}, {"type": "Feature", "id": 1057, "geometry": {"type": "Point", "coordinates": [99.743, 13.297]}, "properties": {"name": "Thailand solar project XXXVI", "fuel": "solar", "mw": 13.7, "country": "THA", "status": "operating"}}, {"type": "Feature", "id": 1058, "geometry": {"type": "Point", "coordinates": [99.796, 12.002]}, "properties": {"name": "Thailand solar project XXXVII", "fuel": "solar", "mw": 5.9, "country": "THA", "status": "operating"}}, {"type": "Feature", "id": 1059, "geometry": {"type": "Point", "coordinates": [103.539, 17.846]}, "properties": {"name": "Thailand solar project XXXVIII", "fuel": "solar", "mw": 2.7, "country": "THA", "status": "operating"}}, {"type": "Feature", "id": 1060, "geometry": {"type": "Point", "coordinates": [100.624, 14.348]}, "properties": {"name": "Thanu Subdistrict Thanu Subdistrict Administrative Organization solar project", "fuel": "solar", "mw": 1.7, "country": "THA", "status": "operating"}}, {"type": "Feature", "id": 1061, "geometry": {"type": "Point", "coordinates": [99.597, 11.473]}, "properties": {"name": "Thap Sakae solar project", "fuel": "solar", "mw": 12.4, "country": "THA", "status": "operating"}}, {"type": "Feature", "id": 1062, "geometry": {"type": "Point", "coordinates": [99.891, 12.478]}, "properties": {"name": "Thap Tai solar project", "fuel": "solar", "mw": 3.5, "country": "THA", "status": "operating"}}, {"type": "Feature", "id": 1063, "geometry": {"type": "Point", "coordinates": [99.956, 6.829]}, "properties": {"name": "Thapapi solar farm", "fuel": "solar", "mw": 70.0, "country": "THA", "status": "planned"}}, {"type": "Feature", "id": 1064, "geometry": {"type": "Point", "coordinates": [99.953, 16.323]}, "properties": {"name": "Thawon Watthana Sai Thong Watthana District solar project", "fuel": "solar", "mw": 5.7, "country": "THA", "status": "operating"}}, {"type": "Feature", "id": 1065, "geometry": {"type": "Point", "coordinates": [102.888, 17.499]}, "properties": {"name": "Thung Fon solar farm", "fuel": "solar", "mw": 31.0, "country": "THA", "status": "planned"}}, {"type": "Feature", "id": 1066, "geometry": {"type": "Point", "coordinates": [99.661, 8.084]}, "properties": {"name": "Thung Song solar project", "fuel": "solar", "mw": 1.6, "country": "THA", "status": "operating"}}, {"type": "Feature", "id": 1067, "geometry": {"type": "Point", "coordinates": [102.619, 16.775]}, "properties": {"name": "Ubol Ratana Reservoir solar farm", "fuel": "solar", "mw": 24.0, "country": "THA", "status": "operating"}}, {"type": "Feature", "id": 1068, "geometry": {"type": "Point", "coordinates": [102.497, 17.695]}, "properties": {"name": "Udon Thani 1 (UD1) solar project", "fuel": "solar", "mw": 9.7, "country": "THA", "status": "operating"}}, {"type": "Feature", "id": 1069, "geometry": {"type": "Point", "coordinates": [102.794, 17.372]}, "properties": {"name": "Udon Thani City Municipality Mueang Udon Thani District solar project", "fuel": "solar", "mw": 1.1, "country": "THA", "status": "operating"}}, {"type": "Feature", "id": 1070, "geometry": {"type": "Point", "coordinates": [102.713, 17.428]}, "properties": {"name": "Udon Thani PRR solar farm", "fuel": "solar", "mw": 72.5, "country": "THA", "status": "operating"}}, {"type": "Feature", "id": 1071, "geometry": {"type": "Point", "coordinates": [102.752, 17.36]}, "properties": {"name": "Udon Thani STP solar farm", "fuel": "solar", "mw": 77.0, "country": "THA", "status": "operating"}}, {"type": "Feature", "id": 1072, "geometry": {"type": "Point", "coordinates": [102.802, 17.577]}, "properties": {"name": "Udon Thani solar project", "fuel": "solar", "mw": 1.6, "country": "THA", "status": "operating"}}, {"type": "Feature", "id": 1073, "geometry": {"type": "Point", "coordinates": [102.787, 17.431]}, "properties": {"name": "Udon Thani solar project I", "fuel": "solar", "mw": 1.2, "country": "THA", "status": "operating"}}, {"type": "Feature", "id": 1074, "geometry": {"type": "Point", "coordinates": [102.739, 17.444]}, "properties": {"name": "Udon Thani solar project II", "fuel": "solar", "mw": 1.4, "country": "THA", "status": "operating"}}, {"type": "Feature", "id": 1075, "geometry": {"type": "Point", "coordinates": [102.787, 17.439]}, "properties": {"name": "Udon Thani solar project III", "fuel": "solar", "mw": 2.8, "country": "THA", "status": "operating"}}, {"type": "Feature", "id": 1076, "geometry": {"type": "Point", "coordinates": [98.597, 14.799]}, "properties": {"name": "Vajiralongkorn Dam solar farm", "fuel": "solar", "mw": 50.0, "country": "THA", "status": "planned"}}, {"type": "Feature", "id": 1077, "geometry": {"type": "Point", "coordinates": [98.597, 14.799]}, "properties": {"name": "Vajiralongkorn Dam solar farm", "fuel": "solar", "mw": 250.0, "country": "THA", "status": "planned"}}, {"type": "Feature", "id": 1078, "geometry": {"type": "Point", "coordinates": [100.711, 15.001]}, "properties": {"name": "Wang Khon Khwang A solar farm", "fuel": "solar", "mw": 30.0, "country": "THA", "status": "operating"}}, {"type": "Feature", "id": 1079, "geometry": {"type": "Point", "coordinates": [100.133, 14.739]}, "properties": {"name": "Wang Luek solar project", "fuel": "solar", "mw": 12.5, "country": "THA", "status": "operating"}}, {"type": "Feature", "id": 1080, "geometry": {"type": "Point", "coordinates": [99.125, 17.181]}, "properties": {"name": "Wang Man II solar project", "fuel": "solar", "mw": 16.9, "country": "THA", "status": "operating"}}, {"type": "Feature", "id": 1081, "geometry": {"type": "Point", "coordinates": [100.454, 16.741]}, "properties": {"name": "Wang Thong District solar project", "fuel": "solar", "mw": 1.0, "country": "THA", "status": "operating"}}, {"type": "Feature", "id": 1082, "geometry": {"type": "Point", "coordinates": [104.929, 15.07]}, "properties": {"name": "Warin Chamraap I solar project", "fuel": "solar", "mw": 7.6, "country": "THA", "status": "operating"}}, {"type": "Feature", "id": 1083, "geometry": {"type": "Point", "coordinates": [104.915, 15.006]}, "properties": {"name": "Warin Chamraap III solar project", "fuel": "solar", "mw": 11.7, "country": "THA", "status": "operating"}}, {"type": "Feature", "id": 1084, "geometry": {"type": "Point", "coordinates": [100.371, 17.085]}, "properties": {"name": "Wat Bot District solar project", "fuel": "solar", "mw": 8.2, "country": "THA", "status": "operating"}}, {"type": "Feature", "id": 1085, "geometry": {"type": "Point", "coordinates": [98.367, 7.896]}, "properties": {"name": "Wichit Mueang Phuket solar project", "fuel": "solar", "mw": 1.5, "country": "THA", "status": "operating"}}, {"type": "Feature", "id": 1086, "geometry": {"type": "Point", "coordinates": [101.391, 6.821]}, "properties": {"name": "Yaring solar farm", "fuel": "solar", "mw": 60.0, "country": "THA", "status": "planned"}}, {"type": "Feature", "id": 1087, "geometry": {"type": "Point", "coordinates": [109.132, 11.464]}, "properties": {"name": "7A DMT solar farm", "fuel": "solar", "mw": 50.0, "country": "VNM", "status": "planned"}}, {"type": "Feature", "id": 1088, "geometry": {"type": "Point", "coordinates": [107.586, 16.464]}, "properties": {"name": "A Luoi solar farm", "fuel": "solar", "mw": 105.0, "country": "VNM", "status": "planned"}}, {"type": "Feature", "id": 1089, "geometry": {"type": "Point", "coordinates": [108.37, 15.771]}, "properties": {"name": "A Nang solar project I", "fuel": "solar", "mw": 1.5, "country": "VNM", "status": "operating"}}, {"type": "Feature", "id": 1090, "geometry": {"type": "Point", "coordinates": [108.602, 15.466]}, "properties": {"name": "A Nang solar project II", "fuel": "solar", "mw": 1.3, "country": "VNM", "status": "operating"}}, {"type": "Feature", "id": 1091, "geometry": {"type": "Point", "coordinates": [108.223, 15.722]}, "properties": {"name": "A Nang solar project III", "fuel": "solar", "mw": 1.2, "country": "VNM", "status": "operating"}}, {"type": "Feature", "id": 1092, "geometry": {"type": "Point", "coordinates": [108.205, 15.819]}, "properties": {"name": "A Nang solar project IV", "fuel": "solar", "mw": 1.6, "country": "VNM", "status": "operating"}}, {"type": "Feature", "id": 1093, "geometry": {"type": "Point", "coordinates": [108.108, 15.816]}, "properties": {"name": "A Nang solar project IX", "fuel": "solar", "mw": 1.6, "country": "VNM", "status": "operating"}}, {"type": "Feature", "id": 1094, "geometry": {"type": "Point", "coordinates": [108.334, 15.571]}, "properties": {"name": "A Nang solar project V", "fuel": "solar", "mw": 2.9, "country": "VNM", "status": "operating"}}, {"type": "Feature", "id": 1095, "geometry": {"type": "Point", "coordinates": [108.161, 15.598]}, "properties": {"name": "A Nang solar project VI", "fuel": "solar", "mw": 4.0, "country": "VNM", "status": "operating"}}, {"type": "Feature", "id": 1096, "geometry": {"type": "Point", "coordinates": [108.336, 15.687]}, "properties": {"name": "A Nang solar project VII", "fuel": "solar", "mw": 1.5, "country": "VNM", "status": "operating"}}, {"type": "Feature", "id": 1097, "geometry": {"type": "Point", "coordinates": [108.111, 15.785]}, "properties": {"name": "A Nang solar project VIII", "fuel": "solar", "mw": 5.8, "country": "VNM", "status": "operating"}}, {"type": "Feature", "id": 1098, "geometry": {"type": "Point", "coordinates": [108.4, 15.721]}, "properties": {"name": "A Nang solar project X", "fuel": "solar", "mw": 3.5, "country": "VNM", "status": "operating"}}, {"type": "Feature", "id": 1099, "geometry": {"type": "Point", "coordinates": [108.251, 15.806]}, "properties": {"name": "A Nang solar project XI", "fuel": "solar", "mw": 2.7, "country": "VNM", "status": "operating"}}, {"type": "Feature", "id": 1100, "geometry": {"type": "Point", "coordinates": [108.506, 15.526]}, "properties": {"name": "A Nang solar project XII", "fuel": "solar", "mw": 2.7, "country": "VNM", "status": "operating"}}, {"type": "Feature", "id": 1101, "geometry": {"type": "Point", "coordinates": [108.577, 13.969]}, "properties": {"name": "An Binh Ward Phuong An Binh solar project", "fuel": "solar", "mw": 1.2, "country": "VNM", "status": "operating"}}, {"type": "Feature", "id": 1102, "geometry": {"type": "Point", "coordinates": [105.043, 10.319]}, "properties": {"name": "An Cu solar farm", "fuel": "solar", "mw": 40.0, "country": "VNM", "status": "planned"}}, {"type": "Feature", "id": 1103, "geometry": {"type": "Point", "coordinates": [105.148, 10.509]}, "properties": {"name": "An C\u01b0 solar farm", "fuel": "solar", "mw": 50.0, "country": "VNM", "status": "operating"}}, {"type": "Feature", "id": 1104, "geometry": {"type": "Point", "coordinates": [105.026, 10.418]}, "properties": {"name": "An Giang Province solar project I", "fuel": "solar", "mw": 3.6, "country": "VNM", "status": "operating"}}, {"type": "Feature", "id": 1105, "geometry": {"type": "Point", "coordinates": [105.174, 10.261]}, "properties": {"name": "An Giang Province solar project II", "fuel": "solar", "mw": 3.6, "country": "VNM", "status": "operating"}}, {"type": "Feature", "id": 1106, "geometry": {"type": "Point", "coordinates": [105.081, 10.33]}, "properties": {"name": "An Giang Province solar project III", "fuel": "solar", "mw": 8.8, "country": "VNM", "status": "operating"}}, {"type": "Feature", "id": 1107, "geometry": {"type": "Point", "coordinates": [105.056, 10.431]}, "properties": {"name": "An Giang Province solar project IV", "fuel": "solar", "mw": 3.4, "country": "VNM", "status": "operating"}}, {"type": "Feature", "id": 1108, "geometry": {"type": "Point", "coordinates": [105.043, 10.319]}, "properties": {"name": "An Giang solar farm", "fuel": "solar", "mw": 80.0, "country": "VNM", "status": "planned"}}, {"type": "Feature", "id": 1109, "geometry": {"type": "Point", "coordinates": [105.012, 10.466]}, "properties": {"name": "An Hao solar farm", "fuel": "solar", "mw": 104.0, "country": "VNM", "status": "operating"}}, {"type": "Feature", "id": 1110, "geometry": {"type": "Point", "coordinates": [104.992, 10.558]}, "properties": {"name": "An Hao solar farm", "fuel": "solar", "mw": 106.0, "country": "VNM", "status": "operating"}}, {"type": "Feature", "id": 1111, "geometry": {"type": "Point", "coordinates": [106.915, 11.8]}, "properties": {"name": "An Khang Binh Phuoc solar farm", "fuel": "solar", "mw": 80.0, "country": "VNM", "status": "planned"}}, {"type": "Feature", "id": 1112, "geometry": {"type": "Point", "coordinates": [108.695, 13.989]}, "properties": {"name": "An Khe Ward Phuong An Khe solar project", "fuel": "solar", "mw": 2.7, "country": "VNM", "status": "operating"}}, {"type": "Feature", "id": 1113, "geometry": {"type": "Point", "coordinates": [105.687, 20.607]}, "properties": {"name": "An Nghia Commune solar project", "fuel": "solar", "mw": 2.3, "country": "VNM", "status": "operating"}}, {"type": "Feature", "id": 1114, "geometry": {"type": "Point", "coordinates": [105.697, 8.896]}, "properties": {"name": "An Phuc Dong Hai solar farm", "fuel": "solar", "mw": 50.0, "country": "VNM", "status": "planned"}}, {"type": "Feature", "id": 1115, "geometry": {"type": "Point", "coordinates": [103.217, 21.655]}, "properties": {"name": "Anh Huy solar farm", "fuel": "solar", "mw": 50.0, "country": "VNM", "status": "planned"}}, {"type": "Feature", "id": 1116, "geometry": {"type": "Point", "coordinates": [106.915, 11.8]}, "properties": {"name": "Asia Thac Mo 2 floating solar farm", "fuel": "solar", "mw": 240.0, "country": "VNM", "status": "planned"}}, {"type": "Feature", "id": 1117, "geometry": {"type": "Point", "coordinates": [106.915, 11.8]}, "properties": {"name": "Asia Thac Mo floating solar farm", "fuel": "solar", "mw": 160.0, "country": "VNM", "status": "planned"}}, {"type": "Feature", "id": 1118, "geometry": {"type": "Point", "coordinates": [108.001, 13.8]}, "properties": {"name": "Ayun Pa solar farm", "fuel": "solar", "mw": 20.0, "country": "VNM", "status": "planned"}}, {"type": "Feature", "id": 1119, "geometry": {"type": "Point", "coordinates": [108.798, 12.874]}, "properties": {"name": "BCG Vu Bon combined surface and semi-submerged solar farm", "fuel": "solar", "mw": 187.0, "country": "VNM", "status": "planned"}}, {"type": "Feature", "id": 1120, "geometry": {"type": "Point", "coordinates": [109.132, 11.464]}, "properties": {"name": "Ba Rau Lake solar farm", "fuel": "solar", "mw": 80.0, "country": "VNM", "status": "planned"}}, {"type": "Feature", "id": 1121, "geometry": {"type": "Point", "coordinates": [109.132, 11.464]}, "properties": {"name": "Bac Ai 1 Church solar farm", "fuel": "solar", "mw": 150.0, "country": "VNM", "status": "planned"}}, {"type": "Feature", "id": 1122, "geometry": {"type": "Point", "coordinates": [109.132, 11.464]}, "properties": {"name": "Bac Ai 1.1 solar farm", "fuel": "solar", "mw": 150.0, "country": "VNM", "status": "planned"}}, {"type": "Feature", "id": 1123, "geometry": {"type": "Point", "coordinates": [109.132, 11.464]}, "properties": {"name": "Bac Ai 11 solar farm", "fuel": "solar", "mw": 100.0, "country": "VNM", "status": "planned"}}, {"type": "Feature", "id": 1124, "geometry": {"type": "Point", "coordinates": [109.132, 11.464]}, "properties": {"name": "Bac Ai 14 solar farm", "fuel": "solar", "mw": 80.0, "country": "VNM", "status": "planned"}}, {"type": "Feature", "id": 1125, "geometry": {"type": "Point", "coordinates": [109.132, 11.464]}, "properties": {"name": "Bac Ai 2 solar farm", "fuel": "solar", "mw": 160.0, "country": "VNM", "status": "planned"}}, {"type": "Feature", "id": 1126, "geometry": {"type": "Point", "coordinates": [109.132, 11.464]}, "properties": {"name": "Bac Ai 3 solar farm", "fuel": "solar", "mw": 200.0, "country": "VNM", "status": "planned"}}, {"type": "Feature", "id": 1127, "geometry": {"type": "Point", "coordinates": [109.132, 11.464]}, "properties": {"name": "Bac Ai 7 Song Cai lake solar farm", "fuel": "solar", "mw": 70.0, "country": "VNM", "status": "planned"}}, {"type": "Feature", "id": 1128, "geometry": {"type": "Point", "coordinates": [109.132, 11.464]}, "properties": {"name": "Bac Ai 7 hydro Song Cai lake solar farm", "fuel": "solar", "mw": 60.0, "country": "VNM", "status": "planned"}}, {"type": "Feature", "id": 1129, "geometry": {"type": "Point", "coordinates": [105.98, 21.075]}, "properties": {"name": "Bac Ninh Province solar project I", "fuel": "solar", "mw": 3.4, "country": "VNM", "status": "operating"}}, {"type": "Feature", "id": 1130, "geometry": {"type": "Point", "coordinates": [106.012, 21.128]}, "properties": {"name": "Bac Ninh Province solar project II", "fuel": "solar", "mw": 2.6, "country": "VNM", "status": "operating"}}, {"type": "Feature", "id": 1131, "geometry": {"type": "Point", "coordinates": [106.151, 21.24]}, "properties": {"name": "Bac Ninh solar project", "fuel": "solar", "mw": 5.3, "country": "VNM", "status": "operating"}}, {"type": "Feature", "id": 1132, "geometry": {"type": "Point", "coordinates": [106.674, 11.183]}, "properties": {"name": "Bac Tan Uyen 4 solar farm", "fuel": "solar", "mw": 50.0, "country": "VNM", "status": "planned"}}, {"type": "Feature", "id": 1133, "geometry": {"type": "Point", "coordinates": [106.674, 11.183]}, "properties": {"name": "Bac Tan Uyen 5 solar farm", "fuel": "solar", "mw": 50.0, "country": "VNM", "status": "planned"}}, {"type": "Feature", "id": 1134, "geometry": {"type": "Point", "coordinates": [104.158, 21.228]}, "properties": {"name": "Bac Yen 1 solar farm", "fuel": "solar", "mw": 55.0, "country": "VNM", "status": "planned"}}, {"type": "Feature", "id": 1135, "geometry": {"type": "Point", "coordinates": [104.158, 21.228]}, "properties": {"name": "Bac Yen 2 solar farm", "fuel": "solar", "mw": 50.0, "country": "VNM", "status": "planned"}}, {"type": "Feature", "id": 1136, "geometry": {"type": "Point", "coordinates": [104.158, 21.228]}, "properties": {"name": "Bac Yen 3 solar farm", "fuel": "solar", "mw": 50.0, "country": "VNM", "status": "planned"}}, {"type": "Feature", "id": 1137, "geometry": {"type": "Point", "coordinates": [103.18, 22.292]}, "properties": {"name": "Ban Chat 1 solar farm", "fuel": "solar", "mw": 250.0, "country": "VNM", "status": "planned"}}, {"type": "Feature", "id": 1138, "geometry": {"type": "Point", "coordinates": [103.18, 22.292]}, "properties": {"name": "Ban Chat 2 solar farm", "fuel": "solar", "mw": 300.0, "country": "VNM", "status": "planned"}}, {"type": "Feature", "id": 1139, "geometry": {"type": "Point", "coordinates": [103.18, 22.292]}, "properties": {"name": "Ban Chat Lake floating solar farm", "fuel": "solar", "mw": 200.0, "country": "VNM", "status": "planned"}}, {"type": "Feature", "id": 1140, "geometry": {"type": "Point", "coordinates": [108.468, 15.624]}, "properties": {"name": "Ban Thach Ward solar project", "fuel": "solar", "mw": 1.8, "country": "VNM", "status": "operating"}}, {"type": "Feature", "id": 1141, "geometry": {"type": "Point", "coordinates": [106.955, 17.217]}, "properties": {"name": "Bao Dai floating solar farm", "fuel": "solar", "mw": 96.0, "country": "VNM", "status": "planned"}}, {"type": "Feature", "id": 1142, "geometry": {"type": "Point", "coordinates": [107.828, 11.555]}, "properties": {"name": "Bao Loc Phuong 1 Bao Loc solar project", "fuel": "solar", "mw": 1.2, "country": "VNM", "status": "operating"}}, {"type": "Feature", "id": 1143, "geometry": {"type": "Point", "coordinates": [106.674, 11.183]}, "properties": {"name": "Bau Bang 4 solar farm", "fuel": "solar", "mw": 50.0, "country": "VNM", "status": "planned"}}, {"type": "Feature", "id": 1144, "geometry": {"type": "Point", "coordinates": [106.674, 11.183]}, "properties": {"name": "Bau Bang 5 solar farm", "fuel": "solar", "mw": 50.0, "country": "VNM", "status": "planned"}}, {"type": "Feature", "id": 1145, "geometry": {"type": "Point", "coordinates": [106.674, 11.183]}, "properties": {"name": "Bau Bang solar farm", "fuel": "solar", "mw": 50.0, "country": "VNM", "status": "planned"}}, {"type": "Feature", "id": 1146, "geometry": {"type": "Point", "coordinates": [109.115, 14.109]}, "properties": {"name": "Binh An 1 solar farm", "fuel": "solar", "mw": 90.0, "country": "VNM", "status": "planned"}}, {"type": "Feature", "id": 1147, "geometry": {"type": "Point", "coordinates": [106.674, 11.183]}, "properties": {"name": "Binh Duong Riverside ISC solar farm", "fuel": "solar", "mw": 50.0, "country": "VNM", "status": "planned"}}, {"type": "Feature", "id": 1148, "geometry": {"type": "Point", "coordinates": [105.335, 10.453]}, "properties": {"name": "Binh Hoa solar project", "fuel": "solar", "mw": 13.3, "country": "VNM", "status": "operating"}}, {"type": "Feature", "id": 1149, "geometry": {"type": "Point", "coordinates": [108.877, 11.532]}, "properties": {"name": "Bp Solar 1 solar farm", "fuel": "solar", "mw": 49.0, "country": "VNM", "status": "operating"}}, {"type": "Feature", "id": 1150, "geometry": {"type": "Point", "coordinates": [108.798, 12.874]}, "properties": {"name": "Buon Don solar farm", "fuel": "solar", "mw": 48.0, "country": "VNM", "status": "planned"}}, {"type": "Feature", "id": 1151, "geometry": {"type": "Point", "coordinates": [108.798, 12.874]}, "properties": {"name": "Buon Kuop hydroelectric lake solar farm", "fuel": "solar", "mw": 50.0, "country": "VNM", "status": "planned"}}, {"type": "Feature", "id": 1152, "geometry": {"type": "Point", "coordinates": [107.743, 12.281]}, "properties": {"name": "Buon Kuop solar farm", "fuel": "solar", "mw": 87.0, "country": "VNM", "status": "planned"}}, {"type": "Feature", "id": 1153, "geometry": {"type": "Point", "coordinates": [107.939, 12.583]}, "properties": {"name": "Bu\u00f4n Ma Thu\u1ed9t Kr\u00f4ng Ana District solar project", "fuel": "solar", "mw": 3.7, "country": "VNM", "status": "operating"}}, {"type": "Feature", "id": 1154, "geometry": {"type": "Point", "coordinates": [107.5, 12.07]}, "properties": {"name": "Bu\u00f4n Tua Srah solar farm", "fuel": "solar", "mw": 312.0, "country": "VNM", "status": "planned"}}, {"type": "Feature", "id": 1155, "geometry": {"type": "Point", "coordinates": [107.881, 12.818]}, "properties": {"name": "Bu\u00f4n \u0110\u00f4n District solar project II", "fuel": "solar", "mw": 3.7, "country": "VNM", "status": "operating"}}, {"type": "Feature", "id": 1156, "geometry": {"type": "Point", "coordinates": [107.894, 12.774]}, "properties": {"name": "Bu\u00f4n \u0110\u00f4n District solar project III", "fuel": "solar", "mw": 1.6, "country": "VNM", "status": "operating"}}, {"type": "Feature", "id": 1157, "geometry": {"type": "Point", "coordinates": [107.973, 12.716]}, "properties": {"name": "Bu\u00f4n \u0110\u00f4n District solar project IV", "fuel": "solar", "mw": 3.3, "country": "VNM", "status": "operating"}}, {"type": "Feature", "id": 1158, "geometry": {"type": "Point", "coordinates": [107.967, 12.719]}, "properties": {"name": "Bu\u00f4n \u0110\u00f4n District solar project V", "fuel": "solar", "mw": 2.1, "country": "VNM", "status": "operating"}}, {"type": "Feature", "id": 1159, "geometry": {"type": "Point", "coordinates": [107.966, 12.723]}, "properties": {"name": "Bu\u00f4n \u0110\u00f4n District solar project VI", "fuel": "solar", "mw": 1.9, "country": "VNM", "status": "operating"}}, {"type": "Feature", "id": 1160, "geometry": {"type": "Point", "coordinates": [107.978, 12.694]}, "properties": {"name": "Bu\u00f4n \u0110\u00f4n District solar project VII", "fuel": "solar", "mw": 6.0, "country": "VNM", "status": "operating"}}, {"type": "Feature", "id": 1161, "geometry": {"type": "Point", "coordinates": [107.043, 10.587]}, "properties": {"name": "B\u00e0 R\u1ecba - V\u0169ng T\u00e0u Province solar project", "fuel": "solar", "mw": 4.6, "country": "VNM", "status": "operating"}}, {"type": "Feature", "id": 1162, "geometry": {"type": "Point", "coordinates": [108.965, 11.659]}, "properties": {"name": "B\u00e1c \u00c1i District solar project I", "fuel": "solar", "mw": 17.0, "country": "VNM", "status": "operating"}}, {"type": "Feature", "id": 1163, "geometry": {"type": "Point", "coordinates": [108.807, 11.81]}, "properties": {"name": "B\u00e1c \u00c1i District solar project II", "fuel": "solar", "mw": 2.7, "country": "VNM", "status": "operating"}}, {"type": "Feature", "id": 1164, "geometry": {"type": "Point", "coordinates": [108.803, 11.818]}, "properties": {"name": "B\u00e1c \u00c1i District solar project III", "fuel": "solar", "mw": 6.7, "country": "VNM", "status": "operating"}}, {"type": "Feature", "id": 1165, "geometry": {"type": "Point", "coordinates": [108.946, 11.71]}, "properties": {"name": "B\u00e1c \u00c1i District solar project IV", "fuel": "solar", "mw": 2.6, "country": "VNM", "status": "operating"}}, {"type": "Feature", "id": 1166, "geometry": {"type": "Point", "coordinates": [106.251, 11.555]}, "properties": {"name": "B\u00e1ch Khoa A Chua solar farm", "fuel": "solar", "mw": 30.0, "country": "VNM", "status": "operating"}}, {"type": "Feature", "id": 1167, "geometry": {"type": "Point", "coordinates": [108.428, 11.311]}, "properties": {"name": "B\u00ecnh An solar farm", "fuel": "solar", "mw": 50.0, "country": "VNM", "status": "operating"}}, {"type": "Feature", "id": 1168, "geometry": {"type": "Point", "coordinates": [108.708, 15.333]}, "properties": {"name": "B\u00ecnh Nguy\u00ean solar farm", "fuel": "solar", "mw": 50.0, "country": "VNM", "status": "operating"}}, {"type": "Feature", "id": 1169, "geometry": {"type": "Point", "coordinates": [106.565, 11.723]}, "properties": {"name": "B\u00ecnh Ph\u01b0\u1edbc Province solar project I", "fuel": "solar", "mw": 5.4, "country": "VNM", "status": "operating"}}, {"type": "Feature", "id": 1170, "geometry": {"type": "Point", "coordinates": [107.012, 11.801]}, "properties": {"name": "B\u00ecnh Ph\u01b0\u1edbc Province solar project II", "fuel": "solar", "mw": 5.4, "country": "VNM", "status": "operating"}}, {"type": "Feature", "id": 1171, "geometry": {"type": "Point", "coordinates": [106.733, 11.493]}, "properties": {"name": "B\u00ecnh Ph\u01b0\u1edbc Province solar project III", "fuel": "solar", "mw": 2.6, "country": "VNM", "status": "operating"}}, {"type": "Feature", "id": 1172, "geometry": {"type": "Point", "coordinates": [108.806, 15.24]}, "properties": {"name": "B\u00ecnh S\u01a1n District solar project", "fuel": "solar", "mw": 10.4, "country": "VNM", "status": "operating"}}, {"type": "Feature", "id": 1173, "geometry": {"type": "Point", "coordinates": [108.72, 11.294]}, "properties": {"name": "B\u00ecnh Thu\u1eadn II solar farm", "fuel": "solar", "mw": 33.0, "country": "VNM", "status": "operating"}}, {"type": "Feature", "id": 1174, "geometry": {"type": "Point", "coordinates": [107.725, 10.667]}, "properties": {"name": "B\u00ecnh Thu\u1eadn Province solar project", "fuel": "solar", "mw": 4.1, "country": "VNM", "status": "operating"}}, {"type": "Feature", "id": 1175, "geometry": {"type": "Point", "coordinates": [106.684, 10.096]}, "properties": {"name": "B\u00ecnh \u0110\u1ea1i District solar project", "fuel": "solar", "mw": 6.3, "country": "VNM", "status": "operating"}}, {"type": "Feature", "id": 1176, "geometry": {"type": "Point", "coordinates": [108.937, 13.876]}, "properties": {"name": "B\u00ecnh \u0110\u1ecbnh Province solar project I", "fuel": "solar", "mw": 9.5, "country": "VNM", "status": "operating"}}, {"type": "Feature", "id": 1177, "geometry": {"type": "Point", "coordinates": [108.823, 13.946]}, "properties": {"name": "B\u00ecnh \u0110\u1ecbnh Province solar project II", "fuel": "solar", "mw": 3.7, "country": "VNM", "status": "operating"}}, {"type": "Feature", "id": 1178, "geometry": {"type": "Point", "coordinates": [106.855, 11.96]}, "properties": {"name": "B\u00f9 Gia M\u1eadp District solar project I", "fuel": "solar", "mw": 4.8, "country": "VNM", "status": "operating"}}, {"type": "Feature", "id": 1179, "geometry": {"type": "Point", "coordinates": [106.899, 11.875]}, "properties": {"name": "B\u00f9 Gia M\u1eadp District solar project II", "fuel": "solar", "mw": 4.8, "country": "VNM", "status": "operating"}}, {"type": "Feature", "id": 1180, "geometry": {"type": "Point", "coordinates": [106.859, 11.93]}, "properties": {"name": "B\u00f9 Gia M\u1eadp District solar project III", "fuel": "solar", "mw": 2.3, "country": "VNM", "status": "operating"}}, {"type": "Feature", "id": 1181, "geometry": {"type": "Point", "coordinates": [107.018, 11.865]}, "properties": {"name": "B\u00f9 Gia M\u1eadp District solar project IV", "fuel": "solar", "mw": 13.0, "country": "VNM", "status": "operating"}}, {"type": "Feature", "id": 1182, "geometry": {"type": "Point", "coordinates": [107.116, 11.716]}, "properties": {"name": "B\u00f9 \u0110\u0103ng District solar project", "fuel": "solar", "mw": 4.2, "country": "VNM", "status": "operating"}}, {"type": "Feature", "id": 1183, "geometry": {"type": "Point", "coordinates": [106.743, 11.924]}, "properties": {"name": "B\u00f9 \u0110\u1ed1p District solar project I", "fuel": "solar", "mw": 3.7, "country": "VNM", "status": "operating"}}, {"type": "Feature", "id": 1184, "geometry": {"type": "Point", "coordinates": [106.918, 12.056]}, "properties": {"name": "B\u00f9 \u0110\u1ed1p District solar project II", "fuel": "solar", "mw": 2.0, "country": "VNM", "status": "operating"}}, {"type": "Feature", "id": 1185, "geometry": {"type": "Point", "coordinates": [106.789, 12.006]}, "properties": {"name": "B\u00f9 \u0110\u1ed1p District solar project III", "fuel": "solar", "mw": 4.2, "country": "VNM", "status": "operating"}}, {"type": "Feature", "id": 1186, "geometry": {"type": "Point", "coordinates": [106.782, 11.943]}, "properties": {"name": "B\u00f9 \u0110\u1ed1p District solar project IV", "fuel": "solar", "mw": 6.5, "country": "VNM", "status": "operating"}}, {"type": "Feature", "id": 1187, "geometry": {"type": "Point", "coordinates": [106.769, 11.939]}, "properties": {"name": "B\u00f9 \u0110\u1ed1p District solar project V", "fuel": "solar", "mw": 2.3, "country": "VNM", "status": "operating"}}, {"type": "Feature", "id": 1188, "geometry": {"type": "Point", "coordinates": [106.761, 11.941]}, "properties": {"name": "B\u00f9 \u0110\u1ed1p District solar project VI", "fuel": "solar", "mw": 3.2, "country": "VNM", "status": "operating"}}, {"type": "Feature", "id": 1189, "geometry": {"type": "Point", "coordinates": [106.877, 10.929]}, "properties": {"name": "B\u0103ng D\u01b0\u01a1ng Bcg solar farm", "fuel": "solar", "mw": 41.0, "country": "VNM", "status": "operating"}}, {"type": "Feature", "id": 1190, "geometry": {"type": "Point", "coordinates": [105.41, 9.24]}, "properties": {"name": "B\u1ea1c Li\u00eau Province solar project", "fuel": "solar", "mw": 4.7, "country": "VNM", "status": "operating"}}, {"type": "Feature", "id": 1191, "geometry": {"type": "Point", "coordinates": [105.798, 9.288]}, "properties": {"name": "B\u1ea1c Li\u00eau solar project I", "fuel": "solar", "mw": 1.2, "country": "VNM", "status": "operating"}}, {"type": "Feature", "id": 1192, "geometry": {"type": "Point", "coordinates": [105.69, 9.284]}, "properties": {"name": "B\u1ea1c Li\u00eau solar project II", "fuel": "solar", "mw": 4.7, "country": "VNM", "status": "operating"}}, {"type": "Feature", "id": 1193, "geometry": {"type": "Point", "coordinates": [105.799, 9.248]}, "properties": {"name": "B\u1ea1c Li\u00eau solar project III", "fuel": "solar", "mw": 3.3, "country": "VNM", "status": "operating"}}, {"type": "Feature", "id": 1194, "geometry": {"type": "Point", "coordinates": [105.749, 9.264]}, "properties": {"name": "B\u1ea1c Li\u00eau solar project IV", "fuel": "solar", "mw": 4.2, "country": "VNM", "status": "operating"}}, {"type": "Feature", "id": 1195, "geometry": {"type": "Point", "coordinates": [108.969, 11.473]}, "properties": {"name": "B\u1ea7u Ng\u1ee9 Lake solar farm", "fuel": "solar", "mw": 61.8, "country": "VNM", "status": "operating"}}, {"type": "Feature", "id": 1196, "geometry": {"type": "Point", "coordinates": [108.878, 11.539]}, "properties": {"name": "B\u1ea7u Z\u00f4n solar farm", "fuel": "solar", "mw": 35.0, "country": "VNM", "status": "operating"}}, {"type": "Feature", "id": 1197, "geometry": {"type": "Point", "coordinates": [108.373, 11.138]}, "properties": {"name": "B\u1eafc B\u00ecnh District solar project I", "fuel": "solar", "mw": 3.0, "country": "VNM", "status": "operating"}}, {"type": "Feature", "id": 1198, "geometry": {"type": "Point", "coordinates": [108.365, 11.141]}, "properties": {"name": "B\u1eafc B\u00ecnh District solar project II", "fuel": "solar", "mw": 1.8, "country": "VNM", "status": "operating"}}, {"type": "Feature", "id": 1199, "geometry": {"type": "Point", "coordinates": [108.353, 11.281]}, "properties": {"name": "B\u1eafc B\u00ecnh District solar project III", "fuel": "solar", "mw": 8.4, "country": "VNM", "status": "operating"}}, {"type": "Feature", "id": 1200, "geometry": {"type": "Point", "coordinates": [108.379, 11.331]}, "properties": {"name": "B\u1eafc B\u00ecnh District solar project IV", "fuel": "solar", "mw": 2.7, "country": "VNM", "status": "operating"}}, {"type": "Feature", "id": 1201, "geometry": {"type": "Point", "coordinates": [108.474, 11.198]}, "properties": {"name": "B\u1eafc B\u00ecnh District solar project V", "fuel": "solar", "mw": 7.2, "country": "VNM", "status": "operating"}}, {"type": "Feature", "id": 1202, "geometry": {"type": "Point", "coordinates": [108.293, 11.223]}, "properties": {"name": "B\u1eafc B\u00ecnh District solar project VI", "fuel": "solar", "mw": 3.5, "country": "VNM", "status": "operating"}}, {"type": "Feature", "id": 1203, "geometry": {"type": "Point", "coordinates": [108.482, 11.269]}, "properties": {"name": "B\u1eafc B\u00ecnh District solar project VII", "fuel": "solar", "mw": 1.6, "country": "VNM", "status": "operating"}}, {"type": "Feature", "id": 1204, "geometry": {"type": "Point", "coordinates": [108.301, 11.185]}, "properties": {"name": "B\u1eafc B\u00ecnh District solar project VIII", "fuel": "solar", "mw": 3.6, "country": "VNM", "status": "operating"}}, {"type": "Feature", "id": 1205, "geometry": {"type": "Point", "coordinates": [106.868, 11.092]}, "properties": {"name": "B\u1eafc T\u00e2n Uy\u00ean District solar project", "fuel": "solar", "mw": 12.5, "country": "VNM", "status": "operating"}}, {"type": "Feature", "id": 1206, "geometry": {"type": "Point", "coordinates": [106.162, 11.101]}, "properties": {"name": "B\u1ebfn C\u1ea7u HCG & HTG solar farm", "fuel": "solar", "mw": 50.0, "country": "VNM", "status": "operating"}}, {"type": "Feature", "id": 1207, "geometry": {"type": "Point", "coordinates": [106.162, 11.101]}, "properties": {"name": "B\u1ebfn C\u1ea7u HCG & HTG solar farm", "fuel": "solar", "mw": 50.0, "country": "VNM", "status": "operating"}}, {"type": "Feature", "id": 1208, "geometry": {"type": "Point", "coordinates": [106.511, 10.629]}, "properties": {"name": "B\u1ebfn L\u1ee9c District solar project I", "fuel": "solar", "mw": 15.9, "country": "VNM", "status": "operating"}}, {"type": "Feature", "id": 1209, "geometry": {"type": "Point", "coordinates": [106.483, 10.627]}, "properties": {"name": "B\u1ebfn L\u1ee9c District solar project II", "fuel": "solar", "mw": 7.7, "country": "VNM", "status": "operating"}}, {"type": "Feature", "id": 1210, "geometry": {"type": "Point", "coordinates": [106.699, 10.165]}, "properties": {"name": "B\u1ebfn Tre solar farm", "fuel": "solar", "mw": 50.0, "country": "VNM", "status": "planned"}}, {"type": "Feature", "id": 1211, "geometry": {"type": "Point", "coordinates": [109.132, 11.464]}, "properties": {"name": "CK7 Lake solar farm", "fuel": "solar", "mw": 50.0, "country": "VNM", "status": "planned"}}, {"type": "Feature", "id": 1212, "geometry": {"type": "Point", "coordinates": [109.132, 11.464]}, "properties": {"name": "CK7 Reservoir solar farm", "fuel": "solar", "mw": 100.0, "country": "VNM", "status": "planned"}}, {"type": "Feature", "id": 1213, "geometry": {"type": "Point", "coordinates": [109.083, 11.993]}, "properties": {"name": "Cam An Bac Kn solar farm", "fuel": "solar", "mw": 50.0, "country": "VNM", "status": "operating"}}, {"type": "Feature", "id": 1214, "geometry": {"type": "Point", "coordinates": [109.085, 11.992]}, "properties": {"name": "Cam An Bac Vn solar farm", "fuel": "solar", "mw": 45.0, "country": "VNM", "status": "operating"}}, {"type": "Feature", "id": 1215, "geometry": {"type": "Point", "coordinates": [105.762, 18.351]}, "properties": {"name": "Cam Lac solar farm", "fuel": "solar", "mw": 100.0, "country": "VNM", "status": "planned"}}, {"type": "Feature", "id": 1216, "geometry": {"type": "Point", "coordinates": [109.151, 12.017]}, "properties": {"name": "Cam L\u00e2m District solar project I", "fuel": "solar", "mw": 2.8, "country": "VNM", "status": "operating"}}, {"type": "Feature", "id": 1217, "geometry": {"type": "Point", "coordinates": [109.092, 12.134]}, "properties": {"name": "Cam L\u00e2m District solar project II", "fuel": "solar", "mw": 3.3, "country": "VNM", "status": "operating"}}, {"type": "Feature", "id": 1218, "geometry": {"type": "Point", "coordinates": [109.104, 12.031]}, "properties": {"name": "Cam L\u00e2m District solar project III", "fuel": "solar", "mw": 5.6, "country": "VNM", "status": "operating"}}, {"type": "Feature", "id": 1219, "geometry": {"type": "Point", "coordinates": [109.108, 12.183]}, "properties": {"name": "Cam L\u00e2m District solar project IV", "fuel": "solar", "mw": 2.9, "country": "VNM", "status": "operating"}}, {"type": "Feature", "id": 1220, "geometry": {"type": "Point", "coordinates": [109.141, 11.978]}, "properties": {"name": "Cam Ranh Cam L\u00e2m District solar project", "fuel": "solar", "mw": 1.7, "country": "VNM", "status": "operating"}}, {"type": "Feature", "id": 1221, "geometry": {"type": "Point", "coordinates": [109.091, 11.89]}, "properties": {"name": "Cam Ranh solar farm", "fuel": "solar", "mw": 60.0, "country": "VNM", "status": "operating"}}, {"type": "Feature", "id": 1222, "geometry": {"type": "Point", "coordinates": [109.154, 11.979]}, "properties": {"name": "Cam Ranh solar project", "fuel": "solar", "mw": 2.9, "country": "VNM", "status": "operating"}}, {"type": "Feature", "id": 1223, "geometry": {"type": "Point", "coordinates": [106.915, 11.8]}, "properties": {"name": "Can Don floating solar farm", "fuel": "solar", "mw": 280.0, "country": "VNM", "status": "planned"}}, {"type": "Feature", "id": 1224, "geometry": {"type": "Point", "coordinates": [106.16, 9.646]}, "properties": {"name": "Can Tho solar project I", "fuel": "solar", "mw": 5.6, "country": "VNM", "status": "operating"}}, {"type": "Feature", "id": 1225, "geometry": {"type": "Point", "coordinates": [105.957, 9.563]}, "properties": {"name": "Can Tho solar project II", "fuel": "solar", "mw": 1.1, "country": "VNM", "status": "operating"}}, {"type": "Feature", "id": 1226, "geometry": {"type": "Point", "coordinates": [105.654, 9.826]}, "properties": {"name": "Can Tho solar project III", "fuel": "solar", "mw": 2.8, "country": "VNM", "status": "operating"}}, {"type": "Feature", "id": 1227, "geometry": {"type": "Point", "coordinates": [105.554, 9.664]}, "properties": {"name": "Can Tho solar project IV", "fuel": "solar", "mw": 1.4, "country": "VNM", "status": "operating"}}, {"type": "Feature", "id": 1228, "geometry": {"type": "Point", "coordinates": [105.837, 9.97]}, "properties": {"name": "Can Tho solar project IX", "fuel": "solar", "mw": 3.8, "country": "VNM", "status": "operating"}}, {"type": "Feature", "id": 1229, "geometry": {"type": "Point", "coordinates": [105.431, 9.694]}, "properties": {"name": "Can Tho solar project V", "fuel": "solar", "mw": 1.2, "country": "VNM", "status": "operating"}}, {"type": "Feature", "id": 1230, "geometry": {"type": "Point", "coordinates": [105.848, 9.964]}, "properties": {"name": "Can Tho solar project VI", "fuel": "solar", "mw": 1.5, "country": "VNM", "status": "operating"}}, {"type": "Feature", "id": 1231, "geometry": {"type": "Point", "coordinates": [105.541, 10.069]}, "properties": {"name": "Can Tho solar project VII", "fuel": "solar", "mw": 2.2, "country": "VNM", "status": "operating"}}, {"type": "Feature", "id": 1232, "geometry": {"type": "Point", "coordinates": [106.256, 9.534]}, "properties": {"name": "Can Tho solar project VIII", "fuel": "solar", "mw": 1.2, "country": "VNM", "status": "operating"}}, {"type": "Feature", "id": 1233, "geometry": {"type": "Point", "coordinates": [106.015, 9.529]}, "properties": {"name": "Can Tho solar project X", "fuel": "solar", "mw": 6.6, "country": "VNM", "status": "operating"}}, {"type": "Feature", "id": 1234, "geometry": {"type": "Point", "coordinates": [105.57, 9.747]}, "properties": {"name": "Can Tho solar project XI", "fuel": "solar", "mw": 2.0, "country": "VNM", "status": "operating"}}, {"type": "Feature", "id": 1235, "geometry": {"type": "Point", "coordinates": [105.653, 9.895]}, "properties": {"name": "Can Tho solar project XII", "fuel": "solar", "mw": 3.9, "country": "VNM", "status": "operating"}}, {"type": "Feature", "id": 1236, "geometry": {"type": "Point", "coordinates": [105.445, 9.793]}, "properties": {"name": "Can Tho solar project XIII", "fuel": "solar", "mw": 2.3, "country": "VNM", "status": "operating"}}, {"type": "Feature", "id": 1237, "geometry": {"type": "Point", "coordinates": [105.539, 9.65]}, "properties": {"name": "Can Tho solar project XIV", "fuel": "solar", "mw": 2.6, "country": "VNM", "status": "operating"}}, {"type": "Feature", "id": 1238, "geometry": {"type": "Point", "coordinates": [105.711, 9.766]}, "properties": {"name": "Can Tho solar project XIX", "fuel": "solar", "mw": 3.7, "country": "VNM", "status": "operating"}}, {"type": "Feature", "id": 1239, "geometry": {"type": "Point", "coordinates": [105.459, 10.152]}, "properties": {"name": "Can Tho solar project XV", "fuel": "solar", "mw": 2.7, "country": "VNM", "status": "operating"}}, {"type": "Feature", "id": 1240, "geometry": {"type": "Point", "coordinates": [105.844, 9.774]}, "properties": {"name": "Can Tho solar project XVI", "fuel": "solar", "mw": 1.8, "country": "VNM", "status": "operating"}}, {"type": "Feature", "id": 1241, "geometry": {"type": "Point", "coordinates": [105.961, 9.648]}, "properties": {"name": "Can Tho solar project XVII", "fuel": "solar", "mw": 3.6, "country": "VNM", "status": "operating"}}, {"type": "Feature", "id": 1242, "geometry": {"type": "Point", "coordinates": [105.646, 9.751]}, "properties": {"name": "Can Tho solar project XVIII", "fuel": "solar", "mw": 1.8, "country": "VNM", "status": "operating"}}, {"type": "Feature", "id": 1243, "geometry": {"type": "Point", "coordinates": [106.191, 9.604]}, "properties": {"name": "Can Tho solar project XX", "fuel": "solar", "mw": 1.1, "country": "VNM", "status": "operating"}}, {"type": "Feature", "id": 1244, "geometry": {"type": "Point", "coordinates": [105.546, 9.749]}, "properties": {"name": "Can Tho solar project XXI", "fuel": "solar", "mw": 1.9, "country": "VNM", "status": "operating"}}, {"type": "Feature", "id": 1245, "geometry": {"type": "Point", "coordinates": [105.515, 9.611]}, "properties": {"name": "Can Tho solar project XXII", "fuel": "solar", "mw": 3.4, "country": "VNM", "status": "operating"}}, {"type": "Feature", "id": 1246, "geometry": {"type": "Point", "coordinates": [109.015, 14.01]}, "properties": {"name": "Cat Hiep solar farm", "fuel": "solar", "mw": 50.0, "country": "VNM", "status": "operating"}}, {"type": "Feature", "id": 1247, "geometry": {"type": "Point", "coordinates": [107.162, 11.428]}, "properties": {"name": "Cau Dau Lake solar farm", "fuel": "solar", "mw": 100.0, "country": "VNM", "status": "planned"}}, {"type": "Feature", "id": 1248, "geometry": {"type": "Point", "coordinates": [107.875, 16.272]}, "properties": {"name": "Cau Hai solar farm", "fuel": "solar", "mw": 350.0, "country": "VNM", "status": "planned"}}, {"type": "Feature", "id": 1249, "geometry": {"type": "Point", "coordinates": [106.674, 11.183]}, "properties": {"name": "Cay Truong solar farm", "fuel": "solar", "mw": 50.0, "country": "VNM", "status": "planned"}}, {"type": "Feature", "id": 1250, "geometry": {"type": "Point", "coordinates": [108.361, 14.288]}, "properties": {"name": "Central Region solar farm", "fuel": "solar", "mw": 50.0, "country": "VNM", "status": "planned"}}, {"type": "Feature", "id": 1251, "geometry": {"type": "Point", "coordinates": [107.359, 10.595]}, "properties": {"name": "Chau Duc District solar project I", "fuel": "solar", "mw": 1.5, "country": "VNM", "status": "operating"}}, {"type": "Feature", "id": 1252, "geometry": {"type": "Point", "coordinates": [107.34, 10.61]}, "properties": {"name": "Chau Duc District solar project II", "fuel": "solar", "mw": 4.0, "country": "VNM", "status": "operating"}}, {"type": "Feature", "id": 1253, "geometry": {"type": "Point", "coordinates": [105.9, 20.52]}, "properties": {"name": "Chau Son Ward solar project", "fuel": "solar", "mw": 1.3, "country": "VNM", "status": "operating"}}, {"type": "Feature", "id": 1254, "geometry": {"type": "Point", "coordinates": [103.955, 21.272]}, "properties": {"name": "Chieng Mai Commune solar project", "fuel": "solar", "mw": 1.4, "country": "VNM", "status": "operating"}}, {"type": "Feature", "id": 1255, "geometry": {"type": "Point", "coordinates": [103.962, 21.252]}, "properties": {"name": "Chieng Mung Commune solar project", "fuel": "solar", "mw": 5.5, "country": "VNM", "status": "operating"}}, {"type": "Feature", "id": 1256, "geometry": {"type": "Point", "coordinates": [103.978, 21.323]}, "properties": {"name": "Chieng Sinh Ward solar project", "fuel": "solar", "mw": 2.6, "country": "VNM", "status": "operating"}}, {"type": "Feature", "id": 1257, "geometry": {"type": "Point", "coordinates": [104.158, 21.228]}, "properties": {"name": "Chim Van clean power production complex - Phieng Pan solar farm", "fuel": "solar", "mw": 1000.0, "country": "VNM", "status": "planned"}}, {"type": "Feature", "id": 1258, "geometry": {"type": "Point", "coordinates": [109.132, 11.464]}, "properties": {"name": "Cho Mo Lake solar farm", "fuel": "solar", "mw": 80.0, "country": "VNM", "status": "planned"}}, {"type": "Feature", "id": 1259, "geometry": {"type": "Point", "coordinates": [105.648, 9.926]}, "properties": {"name": "Ch\u00e2u Th\u00e0nh A District solar project", "fuel": "solar", "mw": 4.9, "country": "VNM", "status": "operating"}}, {"type": "Feature", "id": 1260, "geometry": {"type": "Point", "coordinates": [105.923, 11.249]}, "properties": {"name": "Ch\u00e2u Th\u00e0nh District solar project I", "fuel": "solar", "mw": 3.7, "country": "VNM", "status": "operating"}}, {"type": "Feature", "id": 1261, "geometry": {"type": "Point", "coordinates": [105.925, 11.272]}, "properties": {"name": "Ch\u00e2u Th\u00e0nh District solar project II", "fuel": "solar", "mw": 2.4, "country": "VNM", "status": "operating"}}, {"type": "Feature", "id": 1262, "geometry": {"type": "Point", "coordinates": [107.186, 10.578]}, "properties": {"name": "Ch\u00e2u \u0110\u1ee9c (SH Power) solar farm", "fuel": "solar", "mw": 70.0, "country": "VNM", "status": "operating"}}, {"type": "Feature", "id": 1263, "geometry": {"type": "Point", "coordinates": [108.724, 13.173]}, "properties": {"name": "Ch\u01b0 Ng\u1ecdc solar farm", "fuel": "solar", "mw": 20.0, "country": "VNM", "status": "planned"}}, {"type": "Feature", "id": 1264, "geometry": {"type": "Point", "coordinates": [107.921, 13.787]}, "properties": {"name": "Ch\u01b0 Pr\u00f4ng District solar project I", "fuel": "solar", "mw": 2.2, "country": "VNM", "status": "operating"}}, {"type": "Feature", "id": 1265, "geometry": {"type": "Point", "coordinates": [107.802, 13.67]}, "properties": {"name": "Ch\u01b0 Pr\u00f4ng District solar project II", "fuel": "solar", "mw": 2.2, "country": "VNM", "status": "operating"}}, {"type": "Feature", "id": 1266, "geometry": {"type": "Point", "coordinates": [107.873, 13.515]}, "properties": {"name": "Ch\u01b0 Pr\u00f4ng District solar project III", "fuel": "solar", "mw": 2.2, "country": "VNM", "status": "operating"}}, {"type": "Feature", "id": 1267, "geometry": {"type": "Point", "coordinates": [107.887, 13.807]}, "properties": {"name": "Ch\u01b0 Pr\u00f4ng District solar project IV", "fuel": "solar", "mw": 1.5, "country": "VNM", "status": "operating"}}, {"type": "Feature", "id": 1268, "geometry": {"type": "Point", "coordinates": [108.049, 14.231]}, "properties": {"name": "Ch\u01b0 P\u0103h District solar project I", "fuel": "solar", "mw": 2.6, "country": "VNM", "status": "operating"}}, {"type": "Feature", "id": 1269, "geometry": {"type": "Point", "coordinates": [107.954, 14.124]}, "properties": {"name": "Ch\u01b0 P\u0103h District solar project II", "fuel": "solar", "mw": 4.0, "country": "VNM", "status": "operating"}}, {"type": "Feature", "id": 1270, "geometry": {"type": "Point", "coordinates": [107.703, 14.214]}, "properties": {"name": "Ch\u01b0 P\u0103h District solar project III", "fuel": "solar", "mw": 5.1, "country": "VNM", "status": "operating"}}, {"type": "Feature", "id": 1271, "geometry": {"type": "Point", "coordinates": [108.061, 14.212]}, "properties": {"name": "Ch\u01b0 P\u0103h District solar project IV", "fuel": "solar", "mw": 1.7, "country": "VNM", "status": "operating"}}, {"type": "Feature", "id": 1272, "geometry": {"type": "Point", "coordinates": [107.873, 14.172]}, "properties": {"name": "Ch\u01b0 P\u0103h District solar project V", "fuel": "solar", "mw": 1.4, "country": "VNM", "status": "operating"}}, {"type": "Feature", "id": 1273, "geometry": {"type": "Point", "coordinates": [108.013, 14.108]}, "properties": {"name": "Ch\u01b0 P\u0103h District solar project VI", "fuel": "solar", "mw": 1.9, "country": "VNM", "status": "operating"}}, {"type": "Feature", "id": 1274, "geometry": {"type": "Point", "coordinates": [108.108, 13.564]}, "properties": {"name": "Ch\u01b0 P\u01b0h District solar project", "fuel": "solar", "mw": 1.6, "country": "VNM", "status": "operating"}}, {"type": "Feature", "id": 1275, "geometry": {"type": "Point", "coordinates": [108.048, 13.771]}, "properties": {"name": "Ch\u01b0 S\u00ea District solar project I", "fuel": "solar", "mw": 2.3, "country": "VNM", "status": "operating"}}, {"type": "Feature", "id": 1276, "geometry": {"type": "Point", "coordinates": [108.061, 13.77]}, "properties": {"name": "Ch\u01b0 S\u00ea District solar project II", "fuel": "solar", "mw": 1.3, "country": "VNM", "status": "operating"}}, {"type": "Feature", "id": 1277, "geometry": {"type": "Point", "coordinates": [108.202, 13.587]}, "properties": {"name": "Ch\u01b0 S\u00ea District solar project III", "fuel": "solar", "mw": 3.0, "country": "VNM", "status": "operating"}}, {"type": "Feature", "id": 1278, "geometry": {"type": "Point", "coordinates": [108.198, 13.611]}, "properties": {"name": "Ch\u01b0 S\u00ea District solar project IV", "fuel": "solar", "mw": 2.7, "country": "VNM", "status": "operating"}}, {"type": "Feature", "id": 1279, "geometry": {"type": "Point", "coordinates": [108.1, 13.777]}, "properties": {"name": "Ch\u01b0 S\u00ea District solar project V", "fuel": "solar", "mw": 1.5, "country": "VNM", "status": "operating"}}, {"type": "Feature", "id": 1280, "geometry": {"type": "Point", "coordinates": [108.089, 13.822]}, "properties": {"name": "Ch\u01b0 S\u00ea District solar project VI", "fuel": "solar", "mw": 1.6, "country": "VNM", "status": "operating"}}, {"type": "Feature", "id": 1281, "geometry": {"type": "Point", "coordinates": [105.787, 10.036]}, "properties": {"name": "Concentrated electricity solar farm", "fuel": "solar", "mw": 50.0, "country": "VNM", "status": "planned"}}, {"type": "Feature", "id": 1282, "geometry": {"type": "Point", "coordinates": [105.229, 21.415]}, "properties": {"name": "Concentrated solar farm", "fuel": "solar", "mw": 100.0, "country": "VNM", "status": "planned"}}, {"type": "Feature", "id": 1283, "geometry": {"type": "Point", "coordinates": [108.798, 12.874]}, "properties": {"name": "Cu Kbang Cluster solar farm", "fuel": "solar", "mw": 500.0, "country": "VNM", "status": "planned"}}, {"type": "Feature", "id": 1284, "geometry": {"type": "Point", "coordinates": [108.798, 12.874]}, "properties": {"name": "Cu M'lan commune sub-zone 293 solar farm", "fuel": "solar", "mw": 500.0, "country": "VNM", "status": "planned"}}, {"type": "Feature", "id": 1285, "geometry": {"type": "Point", "coordinates": [107.872, 12.598]}, "properties": {"name": "C\u01b0 Jut solar farm", "fuel": "solar", "mw": 50.0, "country": "VNM", "status": "operating"}}, {"type": "Feature", "id": 1286, "geometry": {"type": "Point", "coordinates": [107.879, 12.59]}, "properties": {"name": "C\u01b0 J\u00fat District solar project I", "fuel": "solar", "mw": 3.3, "country": "VNM", "status": "operating"}}, {"type": "Feature", "id": 1287, "geometry": {"type": "Point", "coordinates": [107.782, 12.599]}, "properties": {"name": "C\u01b0 J\u00fat District solar project II", "fuel": "solar", "mw": 1.9, "country": "VNM", "status": "operating"}}, {"type": "Feature", "id": 1288, "geometry": {"type": "Point", "coordinates": [107.847, 12.585]}, "properties": {"name": "C\u01b0 J\u00fat District solar project IV", "fuel": "solar", "mw": 3.5, "country": "VNM", "status": "operating"}}, {"type": "Feature", "id": 1289, "geometry": {"type": "Point", "coordinates": [107.903, 12.67]}, "properties": {"name": "C\u01b0 J\u00fat District solar project IX", "fuel": "solar", "mw": 3.2, "country": "VNM", "status": "operating"}}, {"type": "Feature", "id": 1290, "geometry": {"type": "Point", "coordinates": [107.898, 12.645]}, "properties": {"name": "C\u01b0 J\u00fat District solar project V", "fuel": "solar", "mw": 2.3, "country": "VNM", "status": "operating"}}, {"type": "Feature", "id": 1291, "geometry": {"type": "Point", "coordinates": [107.869, 12.727]}, "properties": {"name": "C\u01b0 J\u00fat District solar project VI", "fuel": "solar", "mw": 8.7, "country": "VNM", "status": "operating"}}, {"type": "Feature", "id": 1292, "geometry": {"type": "Point", "coordinates": [107.847, 12.725]}, "properties": {"name": "C\u01b0 J\u00fat District solar project VII", "fuel": "solar", "mw": 6.4, "country": "VNM", "status": "operating"}}, {"type": "Feature", "id": 1293, "geometry": {"type": "Point", "coordinates": [107.895, 12.665]}, "properties": {"name": "C\u01b0 J\u00fat District solar project VIII", "fuel": "solar", "mw": 5.9, "country": "VNM", "status": "operating"}}, {"type": "Feature", "id": 1294, "geometry": {"type": "Point", "coordinates": [107.896, 12.678]}, "properties": {"name": "C\u01b0 J\u00fat District solar project X", "fuel": "solar", "mw": 3.7, "country": "VNM", "status": "operating"}}, {"type": "Feature", "id": 1295, "geometry": {"type": "Point", "coordinates": [107.857, 12.587]}, "properties": {"name": "C\u01b0 J\u00fat District solar project XI", "fuel": "solar", "mw": 1.7, "country": "VNM", "status": "operating"}}, {"type": "Feature", "id": 1296, "geometry": {"type": "Point", "coordinates": [107.001, 12.0]}, "properties": {"name": "C\u01b0 Knia solar farm", "fuel": "solar", "mw": 144.0, "country": "VNM", "status": "planned"}}, {"type": "Feature", "id": 1297, "geometry": {"type": "Point", "coordinates": [108.078, 12.79]}, "properties": {"name": "C\u01b0 M'Gar District solar project I", "fuel": "solar", "mw": 3.0, "country": "VNM", "status": "operating"}}, {"type": "Feature", "id": 1298, "geometry": {"type": "Point", "coordinates": [108.176, 12.911]}, "properties": {"name": "C\u01b0 M'Gar District solar project II", "fuel": "solar", "mw": 1.0, "country": "VNM", "status": "operating"}}, {"type": "Feature", "id": 1299, "geometry": {"type": "Point", "coordinates": [108.048, 12.764]}, "properties": {"name": "C\u01b0 M'Gar District solar project III", "fuel": "solar", "mw": 3.1, "country": "VNM", "status": "operating"}}, {"type": "Feature", "id": 1300, "geometry": {"type": "Point", "coordinates": [107.942, 12.909]}, "properties": {"name": "C\u01b0 M'Gar District solar project IV", "fuel": "solar", "mw": 2.9, "country": "VNM", "status": "operating"}}, {"type": "Feature", "id": 1301, "geometry": {"type": "Point", "coordinates": [108.065, 12.878]}, "properties": {"name": "C\u01b0 M'Gar District solar project IX", "fuel": "solar", "mw": 1.5, "country": "VNM", "status": "operating"}}, {"type": "Feature", "id": 1302, "geometry": {"type": "Point", "coordinates": [108.056, 12.819]}, "properties": {"name": "C\u01b0 M'Gar District solar project V", "fuel": "solar", "mw": 2.0, "country": "VNM", "status": "operating"}}, {"type": "Feature", "id": 1303, "geometry": {"type": "Point", "coordinates": [108.063, 12.873]}, "properties": {"name": "C\u01b0 M'Gar District solar project VI", "fuel": "solar", "mw": 1.9, "country": "VNM", "status": "operating"}}, {"type": "Feature", "id": 1304, "geometry": {"type": "Point", "coordinates": [108.042, 12.912]}, "properties": {"name": "C\u01b0 M'Gar District solar project VII", "fuel": "solar", "mw": 3.2, "country": "VNM", "status": "operating"}}, {"type": "Feature", "id": 1305, "geometry": {"type": "Point", "coordinates": [108.098, 12.808]}, "properties": {"name": "C\u01b0 M'Gar District solar project VIII", "fuel": "solar", "mw": 1.4, "country": "VNM", "status": "operating"}}, {"type": "Feature", "id": 1306, "geometry": {"type": "Point", "coordinates": [106.02, 18.334]}, "properties": {"name": "C\u1ea9m H\u00f2a solar farm", "fuel": "solar", "mw": 50.0, "country": "VNM", "status": "operating"}}, {"type": "Feature", "id": 1307, "geometry": {"type": "Point", "coordinates": [105.998, 18.209]}, "properties": {"name": "C\u1ea9m H\u01b0ng solar farm", "fuel": "solar", "mw": 31.0, "country": "VNM", "status": "operating"}}, {"type": "Feature", "id": 1308, "geometry": {"type": "Point", "coordinates": [107.327, 10.733]}, "properties": {"name": "C\u1ea9m M\u1ef9 District solar project", "fuel": "solar", "mw": 4.9, "country": "VNM", "status": "operating"}}, {"type": "Feature", "id": 1309, "geometry": {"type": "Point", "coordinates": [109.239, 13.2]}, "properties": {"name": "Da Loc Phu Yen solar farm", "fuel": "solar", "mw": 55.0, "country": "VNM", "status": "planned"}}, {"type": "Feature", "id": 1310, "geometry": {"type": "Point", "coordinates": [108.003, 10.969]}, "properties": {"name": "Da Mi solar farm", "fuel": "solar", "mw": 59.0, "country": "VNM", "status": "operating"}}, {"type": "Feature", "id": 1311, "geometry": {"type": "Point", "coordinates": [108.003, 10.969]}, "properties": {"name": "Da Mi solar farm", "fuel": "solar", "mw": 59.0, "country": "VNM", "status": "operating"}}, {"type": "Feature", "id": 1312, "geometry": {"type": "Point", "coordinates": [108.003, 10.969]}, "properties": {"name": "Da Mi solar farm", "fuel": "solar", "mw": 30.0, "country": "VNM", "status": "planned"}}, {"type": "Feature", "id": 1313, "geometry": {"type": "Point", "coordinates": [106.466, 21.374]}, "properties": {"name": "Da Ong Lake and Cau Re Lake solar farm", "fuel": "solar", "mw": 50.0, "country": "VNM", "status": "planned"}}, {"type": "Feature", "id": 1314, "geometry": {"type": "Point", "coordinates": [108.133, 11.662]}, "properties": {"name": "Dai Ninh lake floating solar farm", "fuel": "solar", "mw": 96.0, "country": "VNM", "status": "planned"}}, {"type": "Feature", "id": 1315, "geometry": {"type": "Point", "coordinates": [107.932, 14.7]}, "properties": {"name": "Dak Ro Sa Hydro solar farm", "fuel": "solar", "mw": 50.0, "country": "VNM", "status": "planned"}}, {"type": "Feature", "id": 1316, "geometry": {"type": "Point", "coordinates": [107.853, 14.5]}, "properties": {"name": "Dakuy solar farm", "fuel": "solar", "mw": 47.0, "country": "VNM", "status": "planned"}}, {"type": "Feature", "id": 1317, "geometry": {"type": "Point", "coordinates": [107.201, 21.172]}, "properties": {"name": "Dam Ha solar farm", "fuel": "solar", "mw": 100.0, "country": "VNM", "status": "planned"}}, {"type": "Feature", "id": 1318, "geometry": {"type": "Point", "coordinates": [109.128, 14.291]}, "properties": {"name": "Dam Tra O solar farm", "fuel": "solar", "mw": 50.0, "country": "VNM", "status": "operating"}}, {"type": "Feature", "id": 1319, "geometry": {"type": "Point", "coordinates": [106.955, 17.217]}, "properties": {"name": "Dam Tram reservoir floating solar farm", "fuel": "solar", "mw": 140.0, "country": "VNM", "status": "planned"}}, {"type": "Feature", "id": 1320, "geometry": {"type": "Point", "coordinates": [106.674, 11.183]}, "properties": {"name": "Dau Tieng 1A solar farm", "fuel": "solar", "mw": 50.0, "country": "VNM", "status": "planned"}}, {"type": "Feature", "id": 1321, "geometry": {"type": "Point", "coordinates": [106.233, 11.449]}, "properties": {"name": "Dau Tieng 3 solar farm", "fuel": "solar", "mw": 60.0, "country": "VNM", "status": "operating"}}, {"type": "Feature", "id": 1322, "geometry": {"type": "Point", "coordinates": [106.179, 11.48]}, "properties": {"name": "Dau Tieng 3 solar farm", "fuel": "solar", "mw": 60.0, "country": "VNM", "status": "operating"}}, {"type": "Feature", "id": 1323, "geometry": {"type": "Point", "coordinates": [106.674, 11.183]}, "properties": {"name": "Dau Tieng 4 solar farm", "fuel": "solar", "mw": 50.0, "country": "VNM", "status": "planned"}}, {"type": "Feature", "id": 1324, "geometry": {"type": "Point", "coordinates": [106.275, 11.335]}, "properties": {"name": "Dau Tieng solar farm", "fuel": "solar", "mw": 180.0, "country": "VNM", "status": "operating"}}, {"type": "Feature", "id": 1325, "geometry": {"type": "Point", "coordinates": [106.275, 11.335]}, "properties": {"name": "Dau Tieng solar farm", "fuel": "solar", "mw": 240.0, "country": "VNM", "status": "operating"}}, {"type": "Feature", "id": 1326, "geometry": {"type": "Point", "coordinates": [106.819, 10.908]}, "properties": {"name": "Di An solar project", "fuel": "solar", "mw": 3.2, "country": "VNM", "status": "operating"}}, {"type": "Feature", "id": 1327, "geometry": {"type": "Point", "coordinates": [108.146, 11.659]}, "properties": {"name": "Di Linh District solar project I", "fuel": "solar", "mw": 10.9, "country": "VNM", "status": "operating"}}, {"type": "Feature", "id": 1328, "geometry": {"type": "Point", "coordinates": [108.05, 11.684]}, "properties": {"name": "Di Linh District solar project II", "fuel": "solar", "mw": 2.6, "country": "VNM", "status": "operating"}}, {"type": "Feature", "id": 1329, "geometry": {"type": "Point", "coordinates": [107.986, 11.696]}, "properties": {"name": "Di Linh District solar project III", "fuel": "solar", "mw": 5.5, "country": "VNM", "status": "operating"}}, {"type": "Feature", "id": 1330, "geometry": {"type": "Point", "coordinates": [107.968, 11.459]}, "properties": {"name": "Di Linh District solar project IV", "fuel": "solar", "mw": 3.7, "country": "VNM", "status": "operating"}}, {"type": "Feature", "id": 1331, "geometry": {"type": "Point", "coordinates": [107.902, 11.444]}, "properties": {"name": "Di Linh District solar project V", "fuel": "solar", "mw": 2.7, "country": "VNM", "status": "operating"}}, {"type": "Feature", "id": 1332, "geometry": {"type": "Point", "coordinates": [103.217, 21.655]}, "properties": {"name": "Dien Bien 1 solar farm", "fuel": "solar", "mw": 300.0, "country": "VNM", "status": "planned"}}, {"type": "Feature", "id": 1333, "geometry": {"type": "Point", "coordinates": [107.586, 16.464]}, "properties": {"name": "Dien Huong solar farm", "fuel": "solar", "mw": 95.0, "country": "VNM", "status": "planned"}}, {"type": "Feature", "id": 1334, "geometry": {"type": "Point", "coordinates": [109.075, 12.266]}, "properties": {"name": "Di\u00ean Kh\u00e1nh District solar project I", "fuel": "solar", "mw": 1.8, "country": "VNM", "status": "operating"}}, {"type": "Feature", "id": 1335, "geometry": {"type": "Point", "coordinates": [108.963, 12.333]}, "properties": {"name": "Di\u00ean Kh\u00e1nh District solar project II", "fuel": "solar", "mw": 1.8, "country": "VNM", "status": "operating"}}, {"type": "Feature", "id": 1336, "geometry": {"type": "Point", "coordinates": [109.043, 12.183]}, "properties": {"name": "Di\u00ean Kh\u00e1nh District solar project III", "fuel": "solar", "mw": 3.4, "country": "VNM", "status": "operating"}}, {"type": "Feature", "id": 1337, "geometry": {"type": "Point", "coordinates": [105.837, 21.021]}, "properties": {"name": "Dong Mo Lake floating solar farm", "fuel": "solar", "mw": 160.0, "country": "VNM", "status": "planned"}}, {"type": "Feature", "id": 1338, "geometry": {"type": "Point", "coordinates": [108.133, 11.662]}, "properties": {"name": "Dong Nai 2 floating solar farm", "fuel": "solar", "mw": 240.0, "country": "VNM", "status": "planned"}}, {"type": "Feature", "id": 1339, "geometry": {"type": "Point", "coordinates": [109.132, 11.464]}, "properties": {"name": "Dong Quan The 2 solar farm", "fuel": "solar", "mw": 50.0, "country": "VNM", "status": "planned"}}, {"type": "Feature", "id": 1340, "geometry": {"type": "Point", "coordinates": [109.132, 11.464]}, "properties": {"name": "Dong Quan The solar farm", "fuel": "solar", "mw": 250.0, "country": "VNM", "status": "planned"}}, {"type": "Feature", "id": 1341, "geometry": {"type": "Point", "coordinates": [109.132, 11.464]}, "properties": {"name": "Dong Quan The solar farm", "fuel": "solar", "mw": 50.0, "country": "VNM", "status": "planned"}}, {"type": "Feature", "id": 1342, "geometry": {"type": "Point", "coordinates": [107.201, 10.481]}, "properties": {"name": "Duc Hue VNT 1 solar farm", "fuel": "solar", "mw": 40.0, "country": "VNM", "status": "planned"}}, {"type": "Feature", "id": 1343, "geometry": {"type": "Point", "coordinates": [107.201, 10.481]}, "properties": {"name": "Duc Hue VNT 2 solar farm", "fuel": "solar", "mw": 30.0, "country": "VNM", "status": "planned"}}, {"type": "Feature", "id": 1344, "geometry": {"type": "Point", "coordinates": [108.932, 14.96]}, "properties": {"name": "Duc Minh solar project", "fuel": "solar", "mw": 19.6, "country": "VNM", "status": "operating"}}, {"type": "Feature", "id": 1345, "geometry": {"type": "Point", "coordinates": [108.239, 15.76]}, "properties": {"name": "Duy Xuy\u00ean District solar project", "fuel": "solar", "mw": 4.5, "country": "VNM", "status": "operating"}}, {"type": "Feature", "id": 1346, "geometry": {"type": "Point", "coordinates": [106.505, 9.59]}, "properties": {"name": "Duy\u00ean H\u1ea3i Tr\u00e0 Vinh solar farm", "fuel": "solar", "mw": 133.0, "country": "VNM", "status": "operating"}}, {"type": "Feature", "id": 1347, "geometry": {"type": "Point", "coordinates": [106.505, 9.59]}, "properties": {"name": "Duy\u00ean H\u1ea3i Tr\u00e0 Vinh solar farm", "fuel": "solar", "mw": 50.0, "country": "VNM", "status": "planned"}}, {"type": "Feature", "id": 1348, "geometry": {"type": "Point", "coordinates": [106.22, 11.463]}, "properties": {"name": "D\u1ea7u Ti\u1ebfng (Xuan Cau) solar farm", "fuel": "solar", "mw": 150.0, "country": "VNM", "status": "operating"}}, {"type": "Feature", "id": 1349, "geometry": {"type": "Point", "coordinates": [106.198, 11.487]}, "properties": {"name": "D\u1ea7u Ti\u1ebfng (Xuan Cau) solar farm", "fuel": "solar", "mw": 200.0, "country": "VNM", "status": "operating"}}, {"type": "Feature", "id": 1350, "geometry": {"type": "Point", "coordinates": [106.198, 11.487]}, "properties": {"name": "D\u1ea7u Ti\u1ebfng (Xuan Cau) solar farm", "fuel": "solar", "mw": 60.0, "country": "VNM", "status": "operating"}}, {"type": "Feature", "id": 1351, "geometry": {"type": "Point", "coordinates": [106.198, 11.487]}, "properties": {"name": "D\u1ea7u Ti\u1ebfng (Xuan Cau) solar farm", "fuel": "solar", "mw": 90.0, "country": "VNM", "status": "operating"}}, {"type": "Feature", "id": 1352, "geometry": {"type": "Point", "coordinates": [106.236, 11.488]}, "properties": {"name": "D\u1ea7u Ti\u1ebfng 5 solar farm", "fuel": "solar", "mw": 225.0, "country": "VNM", "status": "planned"}}, {"type": "Feature", "id": 1353, "geometry": {"type": "Point", "coordinates": [106.236, 11.488]}, "properties": {"name": "D\u1ea7u Ti\u1ebfng 5 solar farm", "fuel": "solar", "mw": 225.0, "country": "VNM", "status": "planned"}}, {"type": "Feature", "id": 1354, "geometry": {"type": "Point", "coordinates": [106.483, 11.255]}, "properties": {"name": "D\u1ea7u Ti\u1ebfng District solar project I", "fuel": "solar", "mw": 3.3, "country": "VNM", "status": "operating"}}, {"type": "Feature", "id": 1355, "geometry": {"type": "Point", "coordinates": [106.46, 11.347]}, "properties": {"name": "D\u1ea7u Ti\u1ebfng District solar project II", "fuel": "solar", "mw": 2.9, "country": "VNM", "status": "operating"}}, {"type": "Feature", "id": 1356, "geometry": {"type": "Point", "coordinates": [106.483, 11.313]}, "properties": {"name": "D\u1ea7u Ti\u1ebfng District solar project III", "fuel": "solar", "mw": 5.3, "country": "VNM", "status": "operating"}}, {"type": "Feature", "id": 1357, "geometry": {"type": "Point", "coordinates": [106.521, 11.314]}, "properties": {"name": "D\u1ea7u Ti\u1ebfng District solar project IV", "fuel": "solar", "mw": 5.0, "country": "VNM", "status": "operating"}}, {"type": "Feature", "id": 1358, "geometry": {"type": "Point", "coordinates": [106.494, 11.307]}, "properties": {"name": "D\u1ea7u Ti\u1ebfng District solar project V", "fuel": "solar", "mw": 2.0, "country": "VNM", "status": "operating"}}, {"type": "Feature", "id": 1359, "geometry": {"type": "Point", "coordinates": [108.678, 11.231]}, "properties": {"name": "ECO Seido solar farm", "fuel": "solar", "mw": 40.0, "country": "VNM", "status": "operating"}}, {"type": "Feature", "id": 1360, "geometry": {"type": "Point", "coordinates": [108.798, 12.874]}, "properties": {"name": "Ea Bung solar farm", "fuel": "solar", "mw": 450.0, "country": "VNM", "status": "planned"}}, {"type": "Feature", "id": 1361, "geometry": {"type": "Point", "coordinates": [108.009, 13.222]}, "properties": {"name": "Ea H'Leo District solar project", "fuel": "solar", "mw": 2.4, "country": "VNM", "status": "operating"}}, {"type": "Feature", "id": 1362, "geometry": {"type": "Point", "coordinates": [107.772, 15.752]}, "properties": {"name": "Ea H'leo solar farm", "fuel": "solar", "mw": 150.0, "country": "VNM", "status": "planned"}}, {"type": "Feature", "id": 1363, "geometry": {"type": "Point", "coordinates": [108.798, 12.874]}, "properties": {"name": "Ea Hleo solar farm", "fuel": "solar", "mw": 50.0, "country": "VNM", "status": "planned"}}, {"type": "Feature", "id": 1364, "geometry": {"type": "Point", "coordinates": [108.798, 12.874]}, "properties": {"name": "Ea Huar solar farm", "fuel": "solar", "mw": 50.0, "country": "VNM", "status": "planned"}}, {"type": "Feature", "id": 1365, "geometry": {"type": "Point", "coordinates": [108.523, 12.885]}, "properties": {"name": "Ea Kar District solar project I", "fuel": "solar", "mw": 2.1, "country": "VNM", "status": "operating"}}, {"type": "Feature", "id": 1366, "geometry": {"type": "Point", "coordinates": [108.527, 12.758]}, "properties": {"name": "Ea Kar District solar project II", "fuel": "solar", "mw": 6.6, "country": "VNM", "status": "operating"}}, {"type": "Feature", "id": 1367, "geometry": {"type": "Point", "coordinates": [108.523, 12.856]}, "properties": {"name": "Ea Kar District solar project III", "fuel": "solar", "mw": 2.0, "country": "VNM", "status": "operating"}}, {"type": "Feature", "id": 1368, "geometry": {"type": "Point", "coordinates": [107.743, 12.281]}, "properties": {"name": "Ea Po 1 solar farm", "fuel": "solar", "mw": 40.0, "country": "VNM", "status": "planned"}}, {"type": "Feature", "id": 1369, "geometry": {"type": "Point", "coordinates": [108.798, 12.874]}, "properties": {"name": "Ea Sou 1 solar farm", "fuel": "solar", "mw": 50.0, "country": "VNM", "status": "planned"}}, {"type": "Feature", "id": 1370, "geometry": {"type": "Point", "coordinates": [108.798, 12.874]}, "properties": {"name": "Ea Sup Thuong Lake solar farm", "fuel": "solar", "mw": 452.0, "country": "VNM", "status": "planned"}}, {"type": "Feature", "id": 1371, "geometry": {"type": "Point", "coordinates": [108.798, 12.874]}, "properties": {"name": "Ea Sup Thuong Lake solar farm", "fuel": "solar", "mw": 500.0, "country": "VNM", "status": "planned"}}, {"type": "Feature", "id": 1372, "geometry": {"type": "Point", "coordinates": [108.798, 12.874]}, "properties": {"name": "Ea Sup lake lower solar farm", "fuel": "solar", "mw": 150.0, "country": "VNM", "status": "planned"}}, {"type": "Feature", "id": 1373, "geometry": {"type": "Point", "coordinates": [107.73, 13.299]}, "properties": {"name": "Ea S\u00fap Xu\u00e2n Thi\u1ec7n solar farm", "fuel": "solar", "mw": 100.0, "country": "VNM", "status": "operating"}}, {"type": "Feature", "id": 1374, "geometry": {"type": "Point", "coordinates": [107.771, 13.18]}, "properties": {"name": "Ea S\u00fap Xu\u00e2n Thi\u1ec7n solar farm", "fuel": "solar", "mw": 100.0, "country": "VNM", "status": "planned"}}, {"type": "Feature", "id": 1375, "geometry": {"type": "Point", "coordinates": [107.73, 13.299]}, "properties": {"name": "Ea S\u00fap Xu\u00e2n Thi\u1ec7n solar farm", "fuel": "solar", "mw": 100.0, "country": "VNM", "status": "operating"}}, {"type": "Feature", "id": 1376, "geometry": {"type": "Point", "coordinates": [107.73, 13.299]}, "properties": {"name": "Ea S\u00fap Xu\u00e2n Thi\u1ec7n solar farm", "fuel": "solar", "mw": 150.0, "country": "VNM", "status": "operating"}}, {"type": "Feature", "id": 1377, "geometry": {"type": "Point", "coordinates": [107.73, 13.299]}, "properties": {"name": "Ea S\u00fap Xu\u00e2n Thi\u1ec7n solar farm", "fuel": "solar", "mw": 150.0, "country": "VNM", "status": "operating"}}, {"type": "Feature", "id": 1378, "geometry": {"type": "Point", "coordinates": [107.715, 13.286]}, "properties": {"name": "Ea S\u00fap Xu\u00e2n Thi\u1ec7n solar farm", "fuel": "solar", "mw": 1400.0, "country": "VNM", "status": "planned"}}, {"type": "Feature", "id": 1379, "geometry": {"type": "Point", "coordinates": [107.743, 12.281]}, "properties": {"name": "Ea Tlinh solar farm", "fuel": "solar", "mw": 76.0, "country": "VNM", "status": "planned"}}, {"type": "Feature", "id": 1380, "geometry": {"type": "Point", "coordinates": [107.581, 12.07]}, "properties": {"name": "EaTling solar farm", "fuel": "solar", "mw": 95.0, "country": "VNM", "status": "planned"}}, {"type": "Feature", "id": 1381, "geometry": {"type": "Point", "coordinates": [107.882, 13.023]}, "properties": {"name": "Easup 1 solar farm", "fuel": "solar", "mw": 50.0, "country": "VNM", "status": "planned"}}, {"type": "Feature", "id": 1382, "geometry": {"type": "Point", "coordinates": [107.692, 13.232]}, "properties": {"name": "Easup solar farm", "fuel": "solar", "mw": 130.0, "country": "VNM", "status": "planned"}}, {"type": "Feature", "id": 1383, "geometry": {"type": "Point", "coordinates": [106.273, 10.924]}, "properties": {"name": "Europlast Long An Solar Power Plant", "fuel": "solar", "mw": 50.0, "country": "VNM", "status": "operating"}}, {"type": "Feature", "id": 1384, "geometry": {"type": "Point", "coordinates": [107.932, 14.7]}, "properties": {"name": "FSI Plei Krong Hydro solar farm", "fuel": "solar", "mw": 75.0, "country": "VNM", "status": "planned"}}, {"type": "Feature", "id": 1385, "geometry": {"type": "Point", "coordinates": [106.915, 11.8]}, "properties": {"name": "Fecon solar farm", "fuel": "solar", "mw": 39.0, "country": "VNM", "status": "planned"}}, {"type": "Feature", "id": 1386, "geometry": {"type": "Point", "coordinates": [109.272, 13.863]}, "properties": {"name": "Fujiwara solar farm", "fuel": "solar", "mw": 50.0, "country": "VNM", "status": "operating"}}, {"type": "Feature", "id": 1387, "geometry": {"type": "Point", "coordinates": [106.915, 11.8]}, "properties": {"name": "Gelex 2 solar farm", "fuel": "solar", "mw": 165.0, "country": "VNM", "status": "planned"}}, {"type": "Feature", "id": 1388, "geometry": {"type": "Point", "coordinates": [107.268, 10.699]}, "properties": {"name": "Gia Hoet Lake solar farm", "fuel": "solar", "mw": 35.0, "country": "VNM", "status": "operating"}}, {"type": "Feature", "id": 1389, "geometry": {"type": "Point", "coordinates": [107.162, 11.428]}, "properties": {"name": "Gia Mang Lake solar farm", "fuel": "solar", "mw": 79.0, "country": "VNM", "status": "planned"}}, {"type": "Feature", "id": 1390, "geometry": {"type": "Point", "coordinates": [107.662, 12.049]}, "properties": {"name": "Gia Nghia Phuong Bac Gia Nghia solar project", "fuel": "solar", "mw": 1.7, "country": "VNM", "status": "operating"}}, {"type": "Feature", "id": 1391, "geometry": {"type": "Point", "coordinates": [107.707, 12.045]}, "properties": {"name": "Gia Ngh\u0129a solar project", "fuel": "solar", "mw": 3.4, "country": "VNM", "status": "operating"}}, {"type": "Feature", "id": 1392, "geometry": {"type": "Point", "coordinates": [104.473, 9.767]}, "properties": {"name": "Giang Thanh 1 shrimp pond solar farm", "fuel": "solar", "mw": 400.0, "country": "VNM", "status": "planned"}}, {"type": "Feature", "id": 1393, "geometry": {"type": "Point", "coordinates": [104.617, 10.499]}, "properties": {"name": "Giang Th\u00e0nh District solar project", "fuel": "solar", "mw": 4.6, "country": "VNM", "status": "operating"}}, {"type": "Feature", "id": 1394, "geometry": {"type": "Point", "coordinates": [106.915, 11.8]}, "properties": {"name": "Gianty Apha Group 1 solar farm", "fuel": "solar", "mw": 40.0, "country": "VNM", "status": "planned"}}, {"type": "Feature", "id": 1395, "geometry": {"type": "Point", "coordinates": [106.929, 16.744]}, "properties": {"name": "Gio Hai solar farm", "fuel": "solar", "mw": 50.0, "country": "VNM", "status": "operating"}}, {"type": "Feature", "id": 1396, "geometry": {"type": "Point", "coordinates": [107.155, 16.924]}, "properties": {"name": "Gio Th\u00e0nh 1 solar farm", "fuel": "solar", "mw": 50.0, "country": "VNM", "status": "operating"}}, {"type": "Feature", "id": 1397, "geometry": {"type": "Point", "coordinates": [107.155, 16.924]}, "properties": {"name": "Gio Th\u00e0nh 2 solar farm", "fuel": "solar", "mw": 50.0, "country": "VNM", "status": "operating"}}, {"type": "Feature", "id": 1398, "geometry": {"type": "Point", "coordinates": [105.358, 9.963]}, "properties": {"name": "Gi\u1ed3ng Ri\u1ec1ng District solar project", "fuel": "solar", "mw": 3.6, "country": "VNM", "status": "operating"}}, {"type": "Feature", "id": 1399, "geometry": {"type": "Point", "coordinates": [108.798, 12.874]}, "properties": {"name": "Green Forest solar farm", "fuel": "solar", "mw": 1100.0, "country": "VNM", "status": "planned"}}, {"type": "Feature", "id": 1400, "geometry": {"type": "Point", "coordinates": [105.236, 21.775]}, "properties": {"name": "Grid-connected solar farm", "fuel": "solar", "mw": 198.0, "country": "VNM", "status": "planned"}}, {"type": "Feature", "id": 1401, "geometry": {"type": "Point", "coordinates": [109.132, 11.464]}, "properties": {"name": "HIEU THIEN solar farm", "fuel": "solar", "mw": 120.0, "country": "VNM", "status": "planned"}}, {"type": "Feature", "id": 1402, "geometry": {"type": "Point", "coordinates": [107.201, 21.172]}, "properties": {"name": "Ha Dong Lagoon lake solar farm", "fuel": "solar", "mw": 50.0, "country": "VNM", "status": "planned"}}, {"type": "Feature", "id": 1403, "geometry": {"type": "Point", "coordinates": [105.981, 20.534]}, "properties": {"name": "Ha Nam Province solar farm", "fuel": "solar", "mw": 50.0, "country": "VNM", "status": "planned"}}, {"type": "Feature", "id": 1404, "geometry": {"type": "Point", "coordinates": [105.758, 21.2]}, "properties": {"name": "Ha Noi solar project I", "fuel": "solar", "mw": 1.3, "country": "VNM", "status": "operating"}}, {"type": "Feature", "id": 1405, "geometry": {"type": "Point", "coordinates": [105.771, 21.119]}, "properties": {"name": "Ha Noi solar project II", "fuel": "solar", "mw": 2.3, "country": "VNM", "status": "operating"}}, {"type": "Feature", "id": 1406, "geometry": {"type": "Point", "coordinates": [105.977, 21.058]}, "properties": {"name": "Ha Noi solar project III", "fuel": "solar", "mw": 1.7, "country": "VNM", "status": "operating"}}, {"type": "Feature", "id": 1407, "geometry": {"type": "Point", "coordinates": [105.546, 21.002]}, "properties": {"name": "Ha Noi solar project IV", "fuel": "solar", "mw": 1.9, "country": "VNM", "status": "operating"}}, {"type": "Feature", "id": 1408, "geometry": {"type": "Point", "coordinates": [106.955, 17.217]}, "properties": {"name": "Ha Thuong solar farm", "fuel": "solar", "mw": 50.0, "country": "VNM", "status": "planned"}}, {"type": "Feature", "id": 1409, "geometry": {"type": "Point", "coordinates": [105.467, 18.537]}, "properties": {"name": "Ha Tinh Province solar project I", "fuel": "solar", "mw": 1.3, "country": "VNM", "status": "operating"}}, {"type": "Feature", "id": 1410, "geometry": {"type": "Point", "coordinates": [105.847, 18.556]}, "properties": {"name": "Ha Tinh Province solar project II", "fuel": "solar", "mw": 2.7, "country": "VNM", "status": "operating"}}, {"type": "Feature", "id": 1411, "geometry": {"type": "Point", "coordinates": [106.036, 18.212]}, "properties": {"name": "Ha Tinh Province solar project III", "fuel": "solar", "mw": 2.5, "country": "VNM", "status": "operating"}}, {"type": "Feature", "id": 1412, "geometry": {"type": "Point", "coordinates": [106.206, 17.983]}, "properties": {"name": "Ha Tinh Province solar project IV", "fuel": "solar", "mw": 6.5, "country": "VNM", "status": "operating"}}, {"type": "Feature", "id": 1413, "geometry": {"type": "Point", "coordinates": [106.275, 18.11]}, "properties": {"name": "Ha Tinh Province solar project IX", "fuel": "solar", "mw": 2.7, "country": "VNM", "status": "operating"}}, {"type": "Feature", "id": 1414, "geometry": {"type": "Point", "coordinates": [105.592, 18.505]}, "properties": {"name": "Ha Tinh Province solar project V", "fuel": "solar", "mw": 2.4, "country": "VNM", "status": "operating"}}, {"type": "Feature", "id": 1415, "geometry": {"type": "Point", "coordinates": [105.455, 18.595]}, "properties": {"name": "Ha Tinh Province solar project VI", "fuel": "solar", "mw": 2.4, "country": "VNM", "status": "operating"}}, {"type": "Feature", "id": 1416, "geometry": {"type": "Point", "coordinates": [105.696, 18.473]}, "properties": {"name": "Ha Tinh Province solar project VII", "fuel": "solar", "mw": 1.3, "country": "VNM", "status": "operating"}}, {"type": "Feature", "id": 1417, "geometry": {"type": "Point", "coordinates": [105.785, 18.467]}, "properties": {"name": "Ha Tinh Province solar project VIII", "fuel": "solar", "mw": 1.6, "country": "VNM", "status": "operating"}}, {"type": "Feature", "id": 1418, "geometry": {"type": "Point", "coordinates": [105.565, 18.374]}, "properties": {"name": "Ha Tinh Province solar project X", "fuel": "solar", "mw": 2.1, "country": "VNM", "status": "operating"}}, {"type": "Feature", "id": 1419, "geometry": {"type": "Point", "coordinates": [105.564, 18.382]}, "properties": {"name": "Ha Tinh Province solar project XI", "fuel": "solar", "mw": 1.9, "country": "VNM", "status": "operating"}}, {"type": "Feature", "id": 1420, "geometry": {"type": "Point", "coordinates": [108.857, 11.405]}, "properties": {"name": "Hacom solar farm", "fuel": "solar", "mw": 50.0, "country": "VNM", "status": "operating"}}, {"type": "Feature", "id": 1421, "geometry": {"type": "Point", "coordinates": [108.886, 11.451]}, "properties": {"name": "Hacom solar farm", "fuel": "solar", "mw": 50.0, "country": "VNM", "status": "planned"}}, {"type": "Feature", "id": 1422, "geometry": {"type": "Point", "coordinates": [106.955, 17.217]}, "properties": {"name": "Hai Duong - Hai Lang district solar farm", "fuel": "solar", "mw": 65.0, "country": "VNM", "status": "planned"}}, {"type": "Feature", "id": 1423, "geometry": {"type": "Point", "coordinates": [106.915, 11.8]}, "properties": {"name": "Hai Ly Binh Phuoc 2 solar farm", "fuel": "solar", "mw": 144.0, "country": "VNM", "status": "planned"}}, {"type": "Feature", "id": 1424, "geometry": {"type": "Point", "coordinates": [106.352, 20.991]}, "properties": {"name": "Hai Phong solar project I", "fuel": "solar", "mw": 3.7, "country": "VNM", "status": "operating"}}, {"type": "Feature", "id": 1425, "geometry": {"type": "Point", "coordinates": [106.329, 20.765]}, "properties": {"name": "Hai Phong solar project II", "fuel": "solar", "mw": 2.5, "country": "VNM", "status": "operating"}}, {"type": "Feature", "id": 1426, "geometry": {"type": "Point", "coordinates": [106.955, 17.217]}, "properties": {"name": "Hai Quy Hai Lang district solar farm", "fuel": "solar", "mw": 50.0, "country": "VNM", "status": "planned"}}, {"type": "Feature", "id": 1427, "geometry": {"type": "Point", "coordinates": [108.07, 11.155]}, "properties": {"name": "Ham Phu solar farm", "fuel": "solar", "mw": 49.0, "country": "VNM", "status": "operating"}}, {"type": "Feature", "id": 1428, "geometry": {"type": "Point", "coordinates": [108.003, 10.969]}, "properties": {"name": "Ham Thuan solar farm", "fuel": "solar", "mw": 100.0, "country": "VNM", "status": "planned"}}, {"type": "Feature", "id": 1429, "geometry": {"type": "Point", "coordinates": [108.003, 10.969]}, "properties": {"name": "Ham Thuan solar farm", "fuel": "solar", "mw": 126.0, "country": "VNM", "status": "planned"}}, {"type": "Feature", "id": 1430, "geometry": {"type": "Point", "coordinates": [108.009, 10.906]}, "properties": {"name": "Ha\u0300M Ki\u1eb9\u0302M 1 solar farm", "fuel": "solar", "mw": 46.0, "country": "VNM", "status": "operating"}}, {"type": "Feature", "id": 1431, "geometry": {"type": "Point", "coordinates": [106.485, 11.08]}, "properties": {"name": "Ho Chi Minh City solar project", "fuel": "solar", "mw": 5.5, "country": "VNM", "status": "operating"}}, {"type": "Feature", "id": 1432, "geometry": {"type": "Point", "coordinates": [107.513, 10.674]}, "properties": {"name": "Ho Chi Minh City solar project I", "fuel": "solar", "mw": 2.9, "country": "VNM", "status": "operating"}}, {"type": "Feature", "id": 1433, "geometry": {"type": "Point", "coordinates": [107.498, 10.72]}, "properties": {"name": "Ho Chi Minh City solar project II", "fuel": "solar", "mw": 2.2, "country": "VNM", "status": "operating"}}, {"type": "Feature", "id": 1434, "geometry": {"type": "Point", "coordinates": [107.071, 10.645]}, "properties": {"name": "Ho Chi Minh City solar project III", "fuel": "solar", "mw": 2.4, "country": "VNM", "status": "operating"}}, {"type": "Feature", "id": 1435, "geometry": {"type": "Point", "coordinates": [107.096, 10.387]}, "properties": {"name": "Ho Chi Minh City solar project IV", "fuel": "solar", "mw": 1.0, "country": "VNM", "status": "operating"}}, {"type": "Feature", "id": 1436, "geometry": {"type": "Point", "coordinates": [106.627, 11.053]}, "properties": {"name": "Ho Chi Minh City solar project IX", "fuel": "solar", "mw": 4.2, "country": "VNM", "status": "operating"}}, {"type": "Feature", "id": 1437, "geometry": {"type": "Point", "coordinates": [107.498, 10.599]}, "properties": {"name": "Ho Chi Minh City solar project L", "fuel": "solar", "mw": 5.0, "country": "VNM", "status": "operating"}}, {"type": "Feature", "id": 1438, "geometry": {"type": "Point", "coordinates": [107.033, 10.606]}, "properties": {"name": "Ho Chi Minh City solar project LI", "fuel": "solar", "mw": 2.9, "country": "VNM", "status": "operating"}}, {"type": "Feature", "id": 1439, "geometry": {"type": "Point", "coordinates": [106.395, 11.221]}, "properties": {"name": "Ho Chi Minh City solar project LII", "fuel": "solar", "mw": 1.3, "country": "VNM", "status": "operating"}}, {"type": "Feature", "id": 1440, "geometry": {"type": "Point", "coordinates": [107.492, 10.562]}, "properties": {"name": "Ho Chi Minh City solar project LIII", "fuel": "solar", "mw": 5.8, "country": "VNM", "status": "operating"}}, {"type": "Feature", "id": 1441, "geometry": {"type": "Point", "coordinates": [107.413, 10.585]}, "properties": {"name": "Ho Chi Minh City solar project LIV", "fuel": "solar", "mw": 1.2, "country": "VNM", "status": "operating"}}, {"type": "Feature", "id": 1442, "geometry": {"type": "Point", "coordinates": [106.741, 11.118]}, "properties": {"name": "Ho Chi Minh City solar project LV", "fuel": "solar", "mw": 1.8, "country": "VNM", "status": "operating"}}, {"type": "Feature", "id": 1443, "geometry": {"type": "Point", "coordinates": [106.75, 10.932]}, "properties": {"name": "Ho Chi Minh City solar project LVI", "fuel": "solar", "mw": 1.5, "country": "VNM", "status": "operating"}}, {"type": "Feature", "id": 1444, "geometry": {"type": "Point", "coordinates": [106.716, 11.041]}, "properties": {"name": "Ho Chi Minh City solar project LVII", "fuel": "solar", "mw": 1.1, "country": "VNM", "status": "operating"}}, {"type": "Feature", "id": 1445, "geometry": {"type": "Point", "coordinates": [107.278, 10.545]}, "properties": {"name": "Ho Chi Minh City solar project LVIII", "fuel": "solar", "mw": 1.4, "country": "VNM", "status": "operating"}}, {"type": "Feature", "id": 1446, "geometry": {"type": "Point", "coordinates": [107.061, 10.634]}, "properties": {"name": "Ho Chi Minh City solar project V", "fuel": "solar", "mw": 1.5, "country": "VNM", "status": "operating"}}, {"type": "Feature", "id": 1447, "geometry": {"type": "Point", "coordinates": [107.496, 10.572]}, "properties": {"name": "Ho Chi Minh City solar project VI", "fuel": "solar", "mw": 2.7, "country": "VNM", "status": "operating"}}, {"type": "Feature", "id": 1448, "geometry": {"type": "Point", "coordinates": [107.363, 10.55]}, "properties": {"name": "Ho Chi Minh City solar project VII", "fuel": "solar", "mw": 5.9, "country": "VNM", "status": "operating"}}, {"type": "Feature", "id": 1449, "geometry": {"type": "Point", "coordinates": [106.595, 11.274]}, "properties": {"name": "Ho Chi Minh City solar project VIII", "fuel": "solar", "mw": 4.3, "country": "VNM", "status": "operating"}}, {"type": "Feature", "id": 1450, "geometry": {"type": "Point", "coordinates": [106.584, 11.082]}, "properties": {"name": "Ho Chi Minh City solar project X", "fuel": "solar", "mw": 1.8, "country": "VNM", "status": "operating"}}, {"type": "Feature", "id": 1451, "geometry": {"type": "Point", "coordinates": [106.608, 11.183]}, "properties": {"name": "Ho Chi Minh City solar project XI", "fuel": "solar", "mw": 4.2, "country": "VNM", "status": "operating"}}, {"type": "Feature", "id": 1452, "geometry": {"type": "Point", "coordinates": [106.837, 11.105]}, "properties": {"name": "Ho Chi Minh City solar project XII", "fuel": "solar", "mw": 2.6, "country": "VNM", "status": "operating"}}, {"type": "Feature", "id": 1453, "geometry": {"type": "Point", "coordinates": [106.68, 11.339]}, "properties": {"name": "Ho Chi Minh City solar project XIII", "fuel": "solar", "mw": 1.1, "country": "VNM", "status": "operating"}}, {"type": "Feature", "id": 1454, "geometry": {"type": "Point", "coordinates": [106.779, 11.478]}, "properties": {"name": "Ho Chi Minh City solar project XIV", "fuel": "solar", "mw": 4.3, "country": "VNM", "status": "operating"}}, {"type": "Feature", "id": 1455, "geometry": {"type": "Point", "coordinates": [106.487, 11.273]}, "properties": {"name": "Ho Chi Minh City solar project XIX", "fuel": "solar", "mw": 17.2, "country": "VNM", "status": "operating"}}, {"type": "Feature", "id": 1456, "geometry": {"type": "Point", "coordinates": [106.487, 10.985]}, "properties": {"name": "Ho Chi Minh City solar project XL", "fuel": "solar", "mw": 1.3, "country": "VNM", "status": "operating"}}, {"type": "Feature", "id": 1457, "geometry": {"type": "Point", "coordinates": [106.647, 11.095]}, "properties": {"name": "Ho Chi Minh City solar project XLI", "fuel": "solar", "mw": 2.7, "country": "VNM", "status": "operating"}}, {"type": "Feature", "id": 1458, "geometry": {"type": "Point", "coordinates": [106.613, 11.118]}, "properties": {"name": "Ho Chi Minh City solar project XLII", "fuel": "solar", "mw": 1.0, "country": "VNM", "status": "operating"}}, {"type": "Feature", "id": 1459, "geometry": {"type": "Point", "coordinates": [106.438, 11.419]}, "properties": {"name": "Ho Chi Minh City solar project XLIII", "fuel": "solar", "mw": 2.8, "country": "VNM", "status": "operating"}}, {"type": "Feature", "id": 1460, "geometry": {"type": "Point", "coordinates": [106.658, 11.061]}, "properties": {"name": "Ho Chi Minh City solar project XLIV", "fuel": "solar", "mw": 2.5, "country": "VNM", "status": "operating"}}, {"type": "Feature", "id": 1461, "geometry": {"type": "Point", "coordinates": [106.79, 11.076]}, "properties": {"name": "Ho Chi Minh City solar project XLIX", "fuel": "solar", "mw": 3.6, "country": "VNM", "status": "operating"}}, {"type": "Feature", "id": 1462, "geometry": {"type": "Point", "coordinates": [107.121, 10.577]}, "properties": {"name": "Ho Chi Minh City solar project XLV", "fuel": "solar", "mw": 1.6, "country": "VNM", "status": "operating"}}, {"type": "Feature", "id": 1463, "geometry": {"type": "Point", "coordinates": [106.813, 10.828]}, "properties": {"name": "Ho Chi Minh City solar project XLVI", "fuel": "solar", "mw": 15.4, "country": "VNM", "status": "operating"}}, {"type": "Feature", "id": 1464, "geometry": {"type": "Point", "coordinates": [106.844, 11.281]}, "properties": {"name": "Ho Chi Minh City solar project XLVII", "fuel": "solar", "mw": 4.7, "country": "VNM", "status": "operating"}}, {"type": "Feature", "id": 1465, "geometry": {"type": "Point", "coordinates": [106.619, 11.248]}, "properties": {"name": "Ho Chi Minh City solar project XLVIII", "fuel": "solar", "mw": 1.2, "country": "VNM", "status": "operating"}}, {"type": "Feature", "id": 1466, "geometry": {"type": "Point", "coordinates": [106.42, 11.391]}, "properties": {"name": "Ho Chi Minh City solar project XV", "fuel": "solar", "mw": 7.1, "country": "VNM", "status": "operating"}}, {"type": "Feature", "id": 1467, "geometry": {"type": "Point", "coordinates": [106.736, 10.656]}, "properties": {"name": "Ho Chi Minh City solar project XVI", "fuel": "solar", "mw": 3.3, "country": "VNM", "status": "operating"}}, {"type": "Feature", "id": 1468, "geometry": {"type": "Point", "coordinates": [106.781, 11.13]}, "properties": {"name": "Ho Chi Minh City solar project XVII", "fuel": "solar", "mw": 3.6, "country": "VNM", "status": "operating"}}, {"type": "Feature", "id": 1469, "geometry": {"type": "Point", "coordinates": [106.624, 11.239]}, "properties": {"name": "Ho Chi Minh City solar project XVIII", "fuel": "solar", "mw": 1.3, "country": "VNM", "status": "operating"}}, {"type": "Feature", "id": 1470, "geometry": {"type": "Point", "coordinates": [106.575, 11.131]}, "properties": {"name": "Ho Chi Minh City solar project XX", "fuel": "solar", "mw": 3.5, "country": "VNM", "status": "operating"}}, {"type": "Feature", "id": 1471, "geometry": {"type": "Point", "coordinates": [107.129, 10.671]}, "properties": {"name": "Ho Chi Minh City solar project XXI", "fuel": "solar", "mw": 1.5, "country": "VNM", "status": "operating"}}, {"type": "Feature", "id": 1472, "geometry": {"type": "Point", "coordinates": [106.495, 11.228]}, "properties": {"name": "Ho Chi Minh City solar project XXII", "fuel": "solar", "mw": 5.2, "country": "VNM", "status": "operating"}}, {"type": "Feature", "id": 1473, "geometry": {"type": "Point", "coordinates": [106.586, 11.221]}, "properties": {"name": "Ho Chi Minh City solar project XXIII", "fuel": "solar", "mw": 2.8, "country": "VNM", "status": "operating"}}, {"type": "Feature", "id": 1474, "geometry": {"type": "Point", "coordinates": [107.209, 10.557]}, "properties": {"name": "Ho Chi Minh City solar project XXIV", "fuel": "solar", "mw": 1.3, "country": "VNM", "status": "operating"}}, {"type": "Feature", "id": 1475, "geometry": {"type": "Point", "coordinates": [106.779, 11.051]}, "properties": {"name": "Ho Chi Minh City solar project XXIX", "fuel": "solar", "mw": 10.4, "country": "VNM", "status": "operating"}}, {"type": "Feature", "id": 1476, "geometry": {"type": "Point", "coordinates": [106.594, 11.22]}, "properties": {"name": "Ho Chi Minh City solar project XXV", "fuel": "solar", "mw": 8.7, "country": "VNM", "status": "operating"}}, {"type": "Feature", "id": 1477, "geometry": {"type": "Point", "coordinates": [107.518, 10.673]}, "properties": {"name": "Ho Chi Minh City solar project XXVI", "fuel": "solar", "mw": 2.2, "country": "VNM", "status": "operating"}}, {"type": "Feature", "id": 1478, "geometry": {"type": "Point", "coordinates": [106.887, 11.269]}, "properties": {"name": "Ho Chi Minh City solar project XXVII", "fuel": "solar", "mw": 1.0, "country": "VNM", "status": "operating"}}, {"type": "Feature", "id": 1479, "geometry": {"type": "Point", "coordinates": [106.71, 11.077]}, "properties": {"name": "Ho Chi Minh City solar project XXVIII", "fuel": "solar", "mw": 3.3, "country": "VNM", "status": "operating"}}, {"type": "Feature", "id": 1480, "geometry": {"type": "Point", "coordinates": [107.505, 10.595]}, "properties": {"name": "Ho Chi Minh City solar project XXX", "fuel": "solar", "mw": 2.5, "country": "VNM", "status": "operating"}}, {"type": "Feature", "id": 1481, "geometry": {"type": "Point", "coordinates": [107.416, 10.739]}, "properties": {"name": "Ho Chi Minh City solar project XXXI", "fuel": "solar", "mw": 2.3, "country": "VNM", "status": "operating"}}, {"type": "Feature", "id": 1482, "geometry": {"type": "Point", "coordinates": [106.587, 10.91]}, "properties": {"name": "Ho Chi Minh City solar project XXXII", "fuel": "solar", "mw": 1.0, "country": "VNM", "status": "operating"}}, {"type": "Feature", "id": 1483, "geometry": {"type": "Point", "coordinates": [106.351, 11.322]}, "properties": {"name": "Ho Chi Minh City solar project XXXIII", "fuel": "solar", "mw": 3.0, "country": "VNM", "status": "operating"}}, {"type": "Feature", "id": 1484, "geometry": {"type": "Point", "coordinates": [106.774, 11.102]}, "properties": {"name": "Ho Chi Minh City solar project XXXIV", "fuel": "solar", "mw": 2.1, "country": "VNM", "status": "operating"}}, {"type": "Feature", "id": 1485, "geometry": {"type": "Point", "coordinates": [106.768, 11.062]}, "properties": {"name": "Ho Chi Minh City solar project XXXIX", "fuel": "solar", "mw": 1.6, "country": "VNM", "status": "operating"}}, {"type": "Feature", "id": 1486, "geometry": {"type": "Point", "coordinates": [107.025, 10.647]}, "properties": {"name": "Ho Chi Minh City solar project XXXV", "fuel": "solar", "mw": 2.4, "country": "VNM", "status": "operating"}}, {"type": "Feature", "id": 1487, "geometry": {"type": "Point", "coordinates": [107.462, 10.557]}, "properties": {"name": "Ho Chi Minh City solar project XXXVI", "fuel": "solar", "mw": 1.3, "country": "VNM", "status": "operating"}}, {"type": "Feature", "id": 1488, "geometry": {"type": "Point", "coordinates": [106.652, 11.099]}, "properties": {"name": "Ho Chi Minh City solar project XXXVII", "fuel": "solar", "mw": 7.8, "country": "VNM", "status": "operating"}}, {"type": "Feature", "id": 1489, "geometry": {"type": "Point", "coordinates": [106.617, 11.105]}, "properties": {"name": "Ho Chi Minh City solar project XXXVIII", "fuel": "solar", "mw": 1.3, "country": "VNM", "status": "operating"}}, {"type": "Feature", "id": 1490, "geometry": {"type": "Point", "coordinates": [107.162, 11.428]}, "properties": {"name": "Ho Gia Ui solar farm", "fuel": "solar", "mw": 40.0, "country": "VNM", "status": "planned"}}, {"type": "Feature", "id": 1491, "geometry": {"type": "Point", "coordinates": [107.162, 11.428]}, "properties": {"name": "Ho Gia Ui solar farm", "fuel": "solar", "mw": 80.0, "country": "VNM", "status": "planned"}}, {"type": "Feature", "id": 1492, "geometry": {"type": "Point", "coordinates": [107.269, 10.701]}, "properties": {"name": "Ho Tam Bo Lake solar farm", "fuel": "solar", "mw": 35.0, "country": "VNM", "status": "operating"}}, {"type": "Feature", "id": 1493, "geometry": {"type": "Point", "coordinates": [105.38, 20.811]}, "properties": {"name": "Hoa Binh Hoa Binh Ward solar project", "fuel": "solar", "mw": 1.1, "country": "VNM", "status": "operating"}}, {"type": "Feature", "id": 1494, "geometry": {"type": "Point", "coordinates": [109.1, 13.07]}, "properties": {"name": "Hoa Hoi solar farm", "fuel": "solar", "mw": 268.0, "country": "VNM", "status": "operating"}}, {"type": "Feature", "id": 1495, "geometry": {"type": "Point", "coordinates": [109.132, 11.464]}, "properties": {"name": "Hoa Son Doc Dai solar farm", "fuel": "solar", "mw": 400.0, "country": "VNM", "status": "planned"}}, {"type": "Feature", "id": 1496, "geometry": {"type": "Point", "coordinates": [109.132, 11.464]}, "properties": {"name": "Hoa Son Suoi Ong 4 Hydro solar farm", "fuel": "solar", "mw": 350.0, "country": "VNM", "status": "planned"}}, {"type": "Feature", "id": 1497, "geometry": {"type": "Point", "coordinates": [109.132, 11.464]}, "properties": {"name": "Hoa Son Suoi Ong 4 Hydro solar farm", "fuel": "solar", "mw": 50.0, "country": "VNM", "status": "planned"}}, {"type": "Feature", "id": 1498, "geometry": {"type": "Point", "coordinates": [108.212, 16.068]}, "properties": {"name": "Hoa Vang solar farm", "fuel": "solar", "mw": 50.0, "country": "VNM", "status": "planned"}}, {"type": "Feature", "id": 1499, "geometry": {"type": "Point", "coordinates": [109.115, 14.109]}, "properties": {"name": "Hoai Duc solar farm", "fuel": "solar", "mw": 50.0, "country": "VNM", "status": "planned"}}, {"type": "Feature", "id": 1500, "geometry": {"type": "Point", "coordinates": [109.115, 14.109]}, "properties": {"name": "Hoai Thanh solar farm", "fuel": "solar", "mw": 60.0, "country": "VNM", "status": "planned"}}, {"type": "Feature", "id": 1501, "geometry": {"type": "Point", "coordinates": [104.819, 10.281]}, "properties": {"name": "Hon Dat District solar project I", "fuel": "solar", "mw": 6.1, "country": "VNM", "status": "operating"}}, {"type": "Feature", "id": 1502, "geometry": {"type": "Point", "coordinates": [104.729, 10.26]}, "properties": {"name": "Hon Dat District solar project II", "fuel": "solar", "mw": 3.4, "country": "VNM", "status": "operating"}}, {"type": "Feature", "id": 1503, "geometry": {"type": "Point", "coordinates": [104.9, 10.203]}, "properties": {"name": "Hon Dat District solar project III", "fuel": "solar", "mw": 3.7, "country": "VNM", "status": "operating"}}, {"type": "Feature", "id": 1504, "geometry": {"type": "Point", "coordinates": [109.132, 11.464]}, "properties": {"name": "Hon Kho solar farm", "fuel": "solar", "mw": 120.0, "country": "VNM", "status": "planned"}}, {"type": "Feature", "id": 1505, "geometry": {"type": "Point", "coordinates": [108.288, 11.065]}, "properties": {"name": "Hong Phong 1 solar farm", "fuel": "solar", "mw": 150.0, "country": "VNM", "status": "operating"}}, {"type": "Feature", "id": 1506, "geometry": {"type": "Point", "coordinates": [108.288, 11.065]}, "properties": {"name": "Hong Phong 1 solar farm", "fuel": "solar", "mw": 150.0, "country": "VNM", "status": "operating"}}, {"type": "Feature", "id": 1507, "geometry": {"type": "Point", "coordinates": [108.36, 11.264]}, "properties": {"name": "Hong Phong 4 solar farm", "fuel": "solar", "mw": 48.0, "country": "VNM", "status": "operating"}}, {"type": "Feature", "id": 1508, "geometry": {"type": "Point", "coordinates": [108.279, 11.082]}, "properties": {"name": "Hong Phong 5.2 solar farm", "fuel": "solar", "mw": 48.0, "country": "VNM", "status": "operating"}}, {"type": "Feature", "id": 1509, "geometry": {"type": "Point", "coordinates": [108.003, 10.969]}, "properties": {"name": "Hong Phong 7 solar farm", "fuel": "solar", "mw": 40.0, "country": "VNM", "status": "planned"}}, {"type": "Feature", "id": 1510, "geometry": {"type": "Point", "coordinates": [106.566, 20.887]}, "properties": {"name": "Hong Phong 7.2 solar farm", "fuel": "solar", "mw": 24.0, "country": "VNM", "status": "planned"}}, {"type": "Feature", "id": 1511, "geometry": {"type": "Point", "coordinates": [107.466, 16.592]}, "properties": {"name": "Hue solar project I", "fuel": "solar", "mw": 2.9, "country": "VNM", "status": "operating"}}, {"type": "Feature", "id": 1512, "geometry": {"type": "Point", "coordinates": [107.37, 16.25]}, "properties": {"name": "Hue solar project II", "fuel": "solar", "mw": 7.0, "country": "VNM", "status": "operating"}}, {"type": "Feature", "id": 1513, "geometry": {"type": "Point", "coordinates": [107.718, 16.451]}, "properties": {"name": "Hue solar project III", "fuel": "solar", "mw": 1.5, "country": "VNM", "status": "operating"}}, {"type": "Feature", "id": 1514, "geometry": {"type": "Point", "coordinates": [106.38, 20.607]}, "properties": {"name": "Hung Yen Province solar project I", "fuel": "solar", "mw": 1.0, "country": "VNM", "status": "operating"}}, {"type": "Feature", "id": 1515, "geometry": {"type": "Point", "coordinates": [106.418, 20.488]}, "properties": {"name": "Hung Yen Province solar project II", "fuel": "solar", "mw": 1.6, "country": "VNM", "status": "operating"}}, {"type": "Feature", "id": 1516, "geometry": {"type": "Point", "coordinates": [106.325, 20.611]}, "properties": {"name": "Hung Yen Province solar project III", "fuel": "solar", "mw": 1.0, "country": "VNM", "status": "operating"}}, {"type": "Feature", "id": 1517, "geometry": {"type": "Point", "coordinates": [106.405, 20.65]}, "properties": {"name": "Hung Yen Province solar project IV", "fuel": "solar", "mw": 4.6, "country": "VNM", "status": "operating"}}, {"type": "Feature", "id": 1518, "geometry": {"type": "Point", "coordinates": [106.476, 20.399]}, "properties": {"name": "Hung Yen Province solar project V", "fuel": "solar", "mw": 2.0, "country": "VNM", "status": "operating"}}, {"type": "Feature", "id": 1519, "geometry": {"type": "Point", "coordinates": [106.35, 20.606]}, "properties": {"name": "Hung Yen Province solar project VI", "fuel": "solar", "mw": 1.4, "country": "VNM", "status": "operating"}}, {"type": "Feature", "id": 1520, "geometry": {"type": "Point", "coordinates": [106.271, 20.439]}, "properties": {"name": "Hung Yen Province solar project VII", "fuel": "solar", "mw": 1.3, "country": "VNM", "status": "operating"}}, {"type": "Feature", "id": 1521, "geometry": {"type": "Point", "coordinates": [106.03, 20.954]}, "properties": {"name": "Hung Yen Province solar project VIII", "fuel": "solar", "mw": 1.5, "country": "VNM", "status": "operating"}}, {"type": "Feature", "id": 1522, "geometry": {"type": "Point", "coordinates": [103.18, 22.292]}, "properties": {"name": "Huoi Quang 1 floating solar farm", "fuel": "solar", "mw": 50.0, "country": "VNM", "status": "planned"}}, {"type": "Feature", "id": 1523, "geometry": {"type": "Point", "coordinates": [103.18, 22.292]}, "properties": {"name": "Huoi Quang 1 solar farm", "fuel": "solar", "mw": 100.0, "country": "VNM", "status": "planned"}}, {"type": "Feature", "id": 1524, "geometry": {"type": "Point", "coordinates": [103.18, 22.292]}, "properties": {"name": "Huoi Quang 2 floating solar farm", "fuel": "solar", "mw": 50.0, "country": "VNM", "status": "planned"}}, {"type": "Feature", "id": 1525, "geometry": {"type": "Point", "coordinates": [103.18, 22.292]}, "properties": {"name": "Huoi Quang 2 solar farm", "fuel": "solar", "mw": 140.0, "country": "VNM", "status": "planned"}}, {"type": "Feature", "id": 1526, "geometry": {"type": "Point", "coordinates": [103.18, 22.292]}, "properties": {"name": "Huoi Quang 3 solar farm", "fuel": "solar", "mw": 100.0, "country": "VNM", "status": "planned"}}, {"type": "Feature", "id": 1527, "geometry": {"type": "Point", "coordinates": [105.312, 9.758]}, "properties": {"name": "Huy\u1ec7n G\u00f2 Quao solar project I", "fuel": "solar", "mw": 3.2, "country": "VNM", "status": "operating"}}, {"type": "Feature", "id": 1528, "geometry": {"type": "Point", "coordinates": [105.251, 9.799]}, "properties": {"name": "Huy\u1ec7n G\u00f2 Quao solar project II", "fuel": "solar", "mw": 6.8, "country": "VNM", "status": "operating"}}, {"type": "Feature", "id": 1529, "geometry": {"type": "Point", "coordinates": [105.576, 9.761]}, "properties": {"name": "Huy\u1ec7n V\u1ecb Th\u1ee7y solar project", "fuel": "solar", "mw": 3.7, "country": "VNM", "status": "operating"}}, {"type": "Feature", "id": 1530, "geometry": {"type": "Point", "coordinates": [105.923, 18.383]}, "properties": {"name": "H\u00e0 T\u0129nh solar farm", "fuel": "solar", "mw": 50.0, "country": "VNM", "status": "operating"}}, {"type": "Feature", "id": 1531, "geometry": {"type": "Point", "coordinates": [106.8, 11.7]}, "properties": {"name": "H\u00e0i L\u00fd B\u00ecnh Ph\u01b0\u1edbc 1 solar farm", "fuel": "solar", "mw": 40.0, "country": "VNM", "status": "planned"}}, {"type": "Feature", "id": 1532, "geometry": {"type": "Point", "coordinates": [108.031, 11.004]}, "properties": {"name": "H\u00e0m Thu\u1eadn B\u1eafc District solar project I", "fuel": "solar", "mw": 3.6, "country": "VNM", "status": "operating"}}, {"type": "Feature", "id": 1533, "geometry": {"type": "Point", "coordinates": [108.154, 11.175]}, "properties": {"name": "H\u00e0m Thu\u1eadn B\u1eafc District solar project II", "fuel": "solar", "mw": 2.3, "country": "VNM", "status": "operating"}}, {"type": "Feature", "id": 1534, "geometry": {"type": "Point", "coordinates": [108.099, 11.069]}, "properties": {"name": "H\u00e0m Thu\u1eadn B\u1eafc District solar project III", "fuel": "solar", "mw": 3.2, "country": "VNM", "status": "operating"}}, {"type": "Feature", "id": 1535, "geometry": {"type": "Point", "coordinates": [107.925, 10.956]}, "properties": {"name": "H\u00e0m Thu\u1eadn Nam District solar project I", "fuel": "solar", "mw": 2.5, "country": "VNM", "status": "operating"}}, {"type": "Feature", "id": 1536, "geometry": {"type": "Point", "coordinates": [107.975, 10.832]}, "properties": {"name": "H\u00e0m Thu\u1eadn Nam District solar project II", "fuel": "solar", "mw": 3.9, "country": "VNM", "status": "operating"}}, {"type": "Feature", "id": 1537, "geometry": {"type": "Point", "coordinates": [107.837, 10.865]}, "properties": {"name": "H\u00e0m Thu\u1eadn Nam District solar project III", "fuel": "solar", "mw": 4.8, "country": "VNM", "status": "operating"}}, {"type": "Feature", "id": 1538, "geometry": {"type": "Point", "coordinates": [107.965, 11.009]}, "properties": {"name": "H\u00e0m Thu\u1eadn Nam District solar project IV", "fuel": "solar", "mw": 3.9, "country": "VNM", "status": "operating"}}, {"type": "Feature", "id": 1539, "geometry": {"type": "Point", "coordinates": [107.937, 10.877]}, "properties": {"name": "H\u00e0m Thu\u1eadn Nam District solar project IX", "fuel": "solar", "mw": 3.0, "country": "VNM", "status": "operating"}}, {"type": "Feature", "id": 1540, "geometry": {"type": "Point", "coordinates": [107.979, 10.801]}, "properties": {"name": "H\u00e0m Thu\u1eadn Nam District solar project V", "fuel": "solar", "mw": 2.6, "country": "VNM", "status": "operating"}}, {"type": "Feature", "id": 1541, "geometry": {"type": "Point", "coordinates": [107.99, 10.882]}, "properties": {"name": "H\u00e0m Thu\u1eadn Nam District solar project VI", "fuel": "solar", "mw": 2.3, "country": "VNM", "status": "operating"}}, {"type": "Feature", "id": 1542, "geometry": {"type": "Point", "coordinates": [107.933, 11.023]}, "properties": {"name": "H\u00e0m Thu\u1eadn Nam District solar project VII", "fuel": "solar", "mw": 3.8, "country": "VNM", "status": "operating"}}, {"type": "Feature", "id": 1543, "geometry": {"type": "Point", "coordinates": [107.984, 10.825]}, "properties": {"name": "H\u00e0m Thu\u1eadn Nam District solar project VIII", "fuel": "solar", "mw": 6.1, "country": "VNM", "status": "operating"}}, {"type": "Feature", "id": 1544, "geometry": {"type": "Point", "coordinates": [105.564, 9.228]}, "properties": {"name": "H\u00f2a B\u00ecnh District solar project I", "fuel": "solar", "mw": 5.1, "country": "VNM", "status": "operating"}}, {"type": "Feature", "id": 1545, "geometry": {"type": "Point", "coordinates": [105.632, 9.254]}, "properties": {"name": "H\u00f2a B\u00ecnh District solar project II", "fuel": "solar", "mw": 5.6, "country": "VNM", "status": "operating"}}, {"type": "Feature", "id": 1546, "geometry": {"type": "Point", "coordinates": [105.694, 9.268]}, "properties": {"name": "H\u00f2a B\u00ecnh District solar project III", "fuel": "solar", "mw": 3.0, "country": "VNM", "status": "operating"}}, {"type": "Feature", "id": 1547, "geometry": {"type": "Point", "coordinates": [106.226, 20.517]}, "properties": {"name": "H\u01b0ng H\u00e0 District solar project", "fuel": "solar", "mw": 4.3, "country": "VNM", "status": "operating"}}, {"type": "Feature", "id": 1548, "geometry": {"type": "Point", "coordinates": [105.67, 18.253]}, "properties": {"name": "H\u01b0\u01a1ng Kh\u00ea District solar project", "fuel": "solar", "mw": 15.8, "country": "VNM", "status": "operating"}}, {"type": "Feature", "id": 1549, "geometry": {"type": "Point", "coordinates": [105.325, 18.551]}, "properties": {"name": "H\u01b0\u01a1ng S\u01a1n District solar project", "fuel": "solar", "mw": 3.0, "country": "VNM", "status": "operating"}}, {"type": "Feature", "id": 1550, "geometry": {"type": "Point", "coordinates": [106.614, 16.617]}, "properties": {"name": "H\u01b0\u1edbng H\u00f3a District solar project", "fuel": "solar", "mw": 2.4, "country": "VNM", "status": "operating"}}, {"type": "Feature", "id": 1551, "geometry": {"type": "Point", "coordinates": [105.62, 9.761]}, "properties": {"name": "H\u1eadu Giang solar farm", "fuel": "solar", "mw": 29.0, "country": "VNM", "status": "operating"}}, {"type": "Feature", "id": 1552, "geometry": {"type": "Point", "coordinates": [108.1, 11.155]}, "properties": {"name": "H\u1ed3ng Li\u00eam 3 solar farm", "fuel": "solar", "mw": 50.0, "country": "VNM", "status": "operating"}}, {"type": "Feature", "id": 1553, "geometry": {"type": "Point", "coordinates": [108.1, 11.155]}, "properties": {"name": "H\u1ed3ng Li\u00eam 6.1 solar farm", "fuel": "solar", "mw": 40.0, "country": "VNM", "status": "planned"}}, {"type": "Feature", "id": 1554, "geometry": {"type": "Point", "coordinates": [106.691, 11.708]}, "properties": {"name": "H\u1edbn Qu\u1ea3n District solar project I", "fuel": "solar", "mw": 4.2, "country": "VNM", "status": "operating"}}, {"type": "Feature", "id": 1555, "geometry": {"type": "Point", "coordinates": [106.559, 11.551]}, "properties": {"name": "H\u1edbn Qu\u1ea3n District solar project II", "fuel": "solar", "mw": 2.1, "country": "VNM", "status": "operating"}}, {"type": "Feature", "id": 1556, "geometry": {"type": "Point", "coordinates": [106.546, 11.612]}, "properties": {"name": "H\u1edbn Qu\u1ea3n District solar project III", "fuel": "solar", "mw": 3.4, "country": "VNM", "status": "operating"}}, {"type": "Feature", "id": 1557, "geometry": {"type": "Point", "coordinates": [106.527, 11.594]}, "properties": {"name": "H\u1edbn Qu\u1ea3n District solar project IV", "fuel": "solar", "mw": 2.3, "country": "VNM", "status": "operating"}}, {"type": "Feature", "id": 1558, "geometry": {"type": "Point", "coordinates": [106.523, 11.706]}, "properties": {"name": "H\u1edbn Qu\u1ea3n District solar project V", "fuel": "solar", "mw": 2.6, "country": "VNM", "status": "operating"}}, {"type": "Feature", "id": 1559, "geometry": {"type": "Point", "coordinates": [106.636, 11.732]}, "properties": {"name": "H\u1edbn Qu\u1ea3n District solar project VI", "fuel": "solar", "mw": 3.4, "country": "VNM", "status": "operating"}}, {"type": "Feature", "id": 1560, "geometry": {"type": "Point", "coordinates": [106.697, 11.763]}, "properties": {"name": "H\u1edbn Qu\u1ea3n District solar project VII", "fuel": "solar", "mw": 3.2, "country": "VNM", "status": "operating"}}, {"type": "Feature", "id": 1561, "geometry": {"type": "Point", "coordinates": [106.629, 11.518]}, "properties": {"name": "H\u1edbn Qu\u1ea3n District solar project VIII", "fuel": "solar", "mw": 4.7, "country": "VNM", "status": "operating"}}, {"type": "Feature", "id": 1562, "geometry": {"type": "Point", "coordinates": [108.635, 14.02]}, "properties": {"name": "Ia Blu 3 solar farm", "fuel": "solar", "mw": 40.0, "country": "VNM", "status": "planned"}}, {"type": "Feature", "id": 1563, "geometry": {"type": "Point", "coordinates": [108.635, 14.02]}, "properties": {"name": "Ia Blu 4 solar farm", "fuel": "solar", "mw": 40.0, "country": "VNM", "status": "planned"}}, {"type": "Feature", "id": 1564, "geometry": {"type": "Point", "coordinates": [108.635, 14.02]}, "properties": {"name": "Ia Blu A Hydro solar farm", "fuel": "solar", "mw": 40.0, "country": "VNM", "status": "planned"}}, {"type": "Feature", "id": 1565, "geometry": {"type": "Point", "coordinates": [107.902, 14.002]}, "properties": {"name": "Ia Grai District solar project I", "fuel": "solar", "mw": 3.5, "country": "VNM", "status": "operating"}}, {"type": "Feature", "id": 1566, "geometry": {"type": "Point", "coordinates": [107.732, 13.918]}, "properties": {"name": "Ia Grai District solar project II", "fuel": "solar", "mw": 2.4, "country": "VNM", "status": "operating"}}, {"type": "Feature", "id": 1567, "geometry": {"type": "Point", "coordinates": [107.882, 13.973]}, "properties": {"name": "Ia Grai District solar project III", "fuel": "solar", "mw": 4.4, "country": "VNM", "status": "operating"}}, {"type": "Feature", "id": 1568, "geometry": {"type": "Point", "coordinates": [108.001, 13.001]}, "properties": {"name": "Ia L\u1ed1p 1 solar farm", "fuel": "solar", "mw": 40.0, "country": "VNM", "status": "planned"}}, {"type": "Feature", "id": 1569, "geometry": {"type": "Point", "coordinates": [108.405, 13.607]}, "properties": {"name": "Ia Pa District solar project I", "fuel": "solar", "mw": 6.4, "country": "VNM", "status": "operating"}}, {"type": "Feature", "id": 1570, "geometry": {"type": "Point", "coordinates": [108.448, 13.561]}, "properties": {"name": "Ia Pa District solar project II", "fuel": "solar", "mw": 3.8, "country": "VNM", "status": "operating"}}, {"type": "Feature", "id": 1571, "geometry": {"type": "Point", "coordinates": [108.635, 14.02]}, "properties": {"name": "Ia R Suom - Bitexco - ToNa solar farm", "fuel": "solar", "mw": 11.8, "country": "VNM", "status": "planned"}}, {"type": "Feature", "id": 1572, "geometry": {"type": "Point", "coordinates": [108.798, 12.874]}, "properties": {"name": "Ia Rve (No 1 to No 4) solar farm", "fuel": "solar", "mw": 1000.0, "country": "VNM", "status": "planned"}}, {"type": "Feature", "id": 1573, "geometry": {"type": "Point", "coordinates": [107.932, 14.7]}, "properties": {"name": "Ia Toi DT solar farm", "fuel": "solar", "mw": 140.0, "country": "VNM", "status": "planned"}}, {"type": "Feature", "id": 1574, "geometry": {"type": "Point", "coordinates": [108.27, 15.925]}, "properties": {"name": "Ien Ban Ong Ward solar project I", "fuel": "solar", "mw": 2.4, "country": "VNM", "status": "operating"}}, {"type": "Feature", "id": 1575, "geometry": {"type": "Point", "coordinates": [108.26, 15.942]}, "properties": {"name": "Ien Ban Ong Ward solar project II", "fuel": "solar", "mw": 1.1, "country": "VNM", "status": "operating"}}, {"type": "Feature", "id": 1576, "geometry": {"type": "Point", "coordinates": [105.762, 18.351]}, "properties": {"name": "Irrigation canals solar farm", "fuel": "solar", "mw": 59.4, "country": "VNM", "status": "planned"}}, {"type": "Feature", "id": 1577, "geometry": {"type": "Point", "coordinates": [105.762, 18.351]}, "properties": {"name": "Irrigation canals solar farm", "fuel": "solar", "mw": 571.0, "country": "VNM", "status": "planned"}}, {"type": "Feature", "id": 1578, "geometry": {"type": "Point", "coordinates": [107.833, 12.875]}, "properties": {"name": "Jang Pong solar project", "fuel": "solar", "mw": 10.0, "country": "VNM", "status": "operating"}}, {"type": "Feature", "id": 1579, "geometry": {"type": "Point", "coordinates": [107.712, 12.879]}, "properties": {"name": "Jang P\u00f4ng solar farm", "fuel": "solar", "mw": 50.0, "country": "VNM", "status": "planned"}}, {"type": "Feature", "id": 1580, "geometry": {"type": "Point", "coordinates": [106.674, 11.183]}, "properties": {"name": "KCN Dau Tieng 5 solar farm", "fuel": "solar", "mw": 50.0, "country": "VNM", "status": "planned"}}, {"type": "Feature", "id": 1581, "geometry": {"type": "Point", "coordinates": [109.115, 14.109]}, "properties": {"name": "KCN Phu My 1 solar farm", "fuel": "solar", "mw": 100.0, "country": "VNM", "status": "planned"}}, {"type": "Feature", "id": 1582, "geometry": {"type": "Point", "coordinates": [109.115, 14.109]}, "properties": {"name": "KCN Phu My 2 solar farm", "fuel": "solar", "mw": 100.0, "country": "VNM", "status": "planned"}}, {"type": "Feature", "id": 1583, "geometry": {"type": "Point", "coordinates": [107.839, 14.232]}, "properties": {"name": "KN Ia Ly - Gia Lai solar power project", "fuel": "solar", "mw": 400.0, "country": "VNM", "status": "planned"}}, {"type": "Feature", "id": 1584, "geometry": {"type": "Point", "coordinates": [107.958, 14.322]}, "properties": {"name": "KN Ialy Kon Tum solar farm", "fuel": "solar", "mw": 160.0, "country": "VNM", "status": "planned"}}, {"type": "Feature", "id": 1585, "geometry": {"type": "Point", "coordinates": [107.109, 11.0]}, "properties": {"name": "KN Tr\u1ecb An solar farm", "fuel": "solar", "mw": 928.0, "country": "VNM", "status": "planned"}}, {"type": "Feature", "id": 1586, "geometry": {"type": "Point", "coordinates": [108.653, 14.028]}, "properties": {"name": "Kbang District solar project I", "fuel": "solar", "mw": 14.8, "country": "VNM", "status": "operating"}}, {"type": "Feature", "id": 1587, "geometry": {"type": "Point", "coordinates": [108.543, 14.158]}, "properties": {"name": "Kbang District solar project II", "fuel": "solar", "mw": 2.2, "country": "VNM", "status": "operating"}}, {"type": "Feature", "id": 1588, "geometry": {"type": "Point", "coordinates": [105.762, 18.351]}, "properties": {"name": "Ke Go 1 floating solar farm", "fuel": "solar", "mw": 100.0, "country": "VNM", "status": "planned"}}, {"type": "Feature", "id": 1589, "geometry": {"type": "Point", "coordinates": [105.762, 18.351]}, "properties": {"name": "Ke Go 2 floating solar farm", "fuel": "solar", "mw": 145.0, "country": "VNM", "status": "planned"}}, {"type": "Feature", "id": 1590, "geometry": {"type": "Point", "coordinates": [106.915, 11.8]}, "properties": {"name": "Khang Nam Solar solar farm", "fuel": "solar", "mw": 72.0, "country": "VNM", "status": "planned"}}, {"type": "Feature", "id": 1591, "geometry": {"type": "Point", "coordinates": [108.898, 11.652]}, "properties": {"name": "Khanh Hoa Province solar project I", "fuel": "solar", "mw": 1.0, "country": "VNM", "status": "operating"}}, {"type": "Feature", "id": 1592, "geometry": {"type": "Point", "coordinates": [109.032, 12.219]}, "properties": {"name": "Khanh Hoa Province solar project II", "fuel": "solar", "mw": 1.2, "country": "VNM", "status": "operating"}}, {"type": "Feature", "id": 1593, "geometry": {"type": "Point", "coordinates": [109.101, 11.865]}, "properties": {"name": "Khanh Hoa Province solar project III", "fuel": "solar", "mw": 11.8, "country": "VNM", "status": "operating"}}, {"type": "Feature", "id": 1594, "geometry": {"type": "Point", "coordinates": [107.201, 21.172]}, "properties": {"name": "Khe Che Lake solar farm", "fuel": "solar", "mw": 50.0, "country": "VNM", "status": "planned"}}, {"type": "Feature", "id": 1595, "geometry": {"type": "Point", "coordinates": [109.044, 13.133]}, "properties": {"name": "Khe G\u1ed7 solar farm", "fuel": "solar", "mw": 200.0, "country": "VNM", "status": "planned"}}, {"type": "Feature", "id": 1596, "geometry": {"type": "Point", "coordinates": [109.129, 11.981]}, "properties": {"name": "Kh\u00e1nh H\u00f2a AMI solar farm", "fuel": "solar", "mw": 50.0, "country": "VNM", "status": "operating"}}, {"type": "Feature", "id": 1597, "geometry": {"type": "Point", "coordinates": [108.952, 12.289]}, "properties": {"name": "Kh\u00e1nh V\u0129nh District solar project I", "fuel": "solar", "mw": 3.9, "country": "VNM", "status": "operating"}}, {"type": "Feature", "id": 1598, "geometry": {"type": "Point", "coordinates": [108.89, 12.331]}, "properties": {"name": "Kh\u00e1nh V\u0129nh District solar project II", "fuel": "solar", "mw": 1.7, "country": "VNM", "status": "operating"}}, {"type": "Feature", "id": 1599, "geometry": {"type": "Point", "coordinates": [108.927, 12.224]}, "properties": {"name": "Kh\u00e1nh V\u0129nh District solar project III", "fuel": "solar", "mw": 4.8, "country": "VNM", "status": "operating"}}, {"type": "Feature", "id": 1600, "geometry": {"type": "Point", "coordinates": [104.647, 10.263]}, "properties": {"name": "Kien Luong District solar project I", "fuel": "solar", "mw": 6.6, "country": "VNM", "status": "operating"}}, {"type": "Feature", "id": 1601, "geometry": {"type": "Point", "coordinates": [104.656, 10.224]}, "properties": {"name": "Kien Luong District solar project II", "fuel": "solar", "mw": 2.3, "country": "VNM", "status": "operating"}}, {"type": "Feature", "id": 1602, "geometry": {"type": "Point", "coordinates": [104.701, 10.292]}, "properties": {"name": "Kien Luong District solar project III", "fuel": "solar", "mw": 6.0, "country": "VNM", "status": "operating"}}, {"type": "Feature", "id": 1603, "geometry": {"type": "Point", "coordinates": [104.58, 10.3]}, "properties": {"name": "Kien Luong District solar project IV", "fuel": "solar", "mw": 4.4, "country": "VNM", "status": "operating"}}, {"type": "Feature", "id": 1604, "geometry": {"type": "Point", "coordinates": [107.504, 16.415]}, "properties": {"name": "Kim Long Ward solar project", "fuel": "solar", "mw": 2.5, "country": "VNM", "status": "operating"}}, {"type": "Feature", "id": 1605, "geometry": {"type": "Point", "coordinates": [106.955, 17.217]}, "properties": {"name": "Kinh Mon 1 lake floating solar farm", "fuel": "solar", "mw": 40.0, "country": "VNM", "status": "planned"}}, {"type": "Feature", "id": 1606, "geometry": {"type": "Point", "coordinates": [106.955, 17.217]}, "properties": {"name": "Kinh Mon 2 lake floating solar farm", "fuel": "solar", "mw": 40.0, "country": "VNM", "status": "planned"}}, {"type": "Feature", "id": 1607, "geometry": {"type": "Point", "coordinates": [105.768, 19.842]}, "properties": {"name": "Ki\u00ean Th\u1ecd - Ng\u1ecdc L\u1eb7c solar farm", "fuel": "solar", "mw": 45.0, "country": "VNM", "status": "planned"}}, {"type": "Feature", "id": 1608, "geometry": {"type": "Point", "coordinates": [107.984, 14.418]}, "properties": {"name": "Kon Tum solar project", "fuel": "solar", "mw": 1.6, "country": "VNM", "status": "operating"}}, {"type": "Feature", "id": 1609, "geometry": {"type": "Point", "coordinates": [108.798, 12.874]}, "properties": {"name": "Krong Buk Ha lake solar farm", "fuel": "solar", "mw": 200.0, "country": "VNM", "status": "planned"}}, {"type": "Feature", "id": 1610, "geometry": {"type": "Point", "coordinates": [108.798, 12.874]}, "properties": {"name": "Krong H'nang lake floating solar farm", "fuel": "solar", "mw": 100.0, "country": "VNM", "status": "planned"}}, {"type": "Feature", "id": 1611, "geometry": {"type": "Point", "coordinates": [108.133, 11.662]}, "properties": {"name": "Krong No 3 reservoir floating solar farm", "fuel": "solar", "mw": 70.0, "country": "VNM", "status": "planned"}}, {"type": "Feature", "id": 1612, "geometry": {"type": "Point", "coordinates": [107.918, 12.551]}, "properties": {"name": "Kr\u00f4ng Ana District solar project I", "fuel": "solar", "mw": 4.0, "country": "VNM", "status": "operating"}}, {"type": "Feature", "id": 1613, "geometry": {"type": "Point", "coordinates": [107.956, 12.558]}, "properties": {"name": "Kr\u00f4ng Ana District solar project II", "fuel": "solar", "mw": 3.0, "country": "VNM", "status": "operating"}}, {"type": "Feature", "id": 1614, "geometry": {"type": "Point", "coordinates": [108.083, 12.509]}, "properties": {"name": "Kr\u00f4ng Ana District solar project III", "fuel": "solar", "mw": 2.6, "country": "VNM", "status": "operating"}}, {"type": "Feature", "id": 1615, "geometry": {"type": "Point", "coordinates": [108.005, 12.531]}, "properties": {"name": "Kr\u00f4ng Ana District solar project IV", "fuel": "solar", "mw": 2.6, "country": "VNM", "status": "operating"}}, {"type": "Feature", "id": 1616, "geometry": {"type": "Point", "coordinates": [107.978, 12.546]}, "properties": {"name": "Kr\u00f4ng Ana District solar project V", "fuel": "solar", "mw": 1.6, "country": "VNM", "status": "operating"}}, {"type": "Feature", "id": 1617, "geometry": {"type": "Point", "coordinates": [108.346, 12.607]}, "properties": {"name": "Kr\u00f4ng B\u00f4ng District solar project I", "fuel": "solar", "mw": 2.5, "country": "VNM", "status": "operating"}}, {"type": "Feature", "id": 1618, "geometry": {"type": "Point", "coordinates": [108.3, 12.503]}, "properties": {"name": "Kr\u00f4ng B\u00f4ng District solar project II", "fuel": "solar", "mw": 6.0, "country": "VNM", "status": "operating"}}, {"type": "Feature", "id": 1619, "geometry": {"type": "Point", "coordinates": [108.114, 13.034]}, "properties": {"name": "Kr\u00f4ng B\u00fak District solar project I", "fuel": "solar", "mw": 1.8, "country": "VNM", "status": "operating"}}, {"type": "Feature", "id": 1620, "geometry": {"type": "Point", "coordinates": [108.141, 13.072]}, "properties": {"name": "Kr\u00f4ng B\u00fak District solar project II", "fuel": "solar", "mw": 4.2, "country": "VNM", "status": "operating"}}, {"type": "Feature", "id": 1621, "geometry": {"type": "Point", "coordinates": [108.236, 12.998]}, "properties": {"name": "Kr\u00f4ng B\u00fak District solar project III", "fuel": "solar", "mw": 2.8, "country": "VNM", "status": "operating"}}, {"type": "Feature", "id": 1622, "geometry": {"type": "Point", "coordinates": [108.257, 13.039]}, "properties": {"name": "Kr\u00f4ng B\u00fak District solar project IV", "fuel": "solar", "mw": 1.7, "country": "VNM", "status": "operating"}}, {"type": "Feature", "id": 1623, "geometry": {"type": "Point", "coordinates": [108.309, 12.71]}, "properties": {"name": "Kr\u00f4ng B\u00fak Ha Solar", "fuel": "solar", "mw": 30.0, "country": "VNM", "status": "operating"}}, {"type": "Feature", "id": 1624, "geometry": {"type": "Point", "coordinates": [107.964, 12.443]}, "properties": {"name": "Kr\u00f4ng N\u00f4 District solar project I", "fuel": "solar", "mw": 4.3, "country": "VNM", "status": "operating"}}, {"type": "Feature", "id": 1625, "geometry": {"type": "Point", "coordinates": [107.878, 12.539]}, "properties": {"name": "Kr\u00f4ng N\u00f4 District solar project II", "fuel": "solar", "mw": 2.9, "country": "VNM", "status": "operating"}}, {"type": "Feature", "id": 1626, "geometry": {"type": "Point", "coordinates": [107.86, 12.382]}, "properties": {"name": "Kr\u00f4ng N\u00f4 District solar project III", "fuel": "solar", "mw": 3.1, "country": "VNM", "status": "operating"}}, {"type": "Feature", "id": 1627, "geometry": {"type": "Point", "coordinates": [108.377, 13.028]}, "properties": {"name": "Kr\u00f4ng N\u0103ng District solar project", "fuel": "solar", "mw": 1.5, "country": "VNM", "status": "operating"}}, {"type": "Feature", "id": 1628, "geometry": {"type": "Point", "coordinates": [108.671, 13.23]}, "properties": {"name": "Kr\u00f4ng Pa 2 solar farm", "fuel": "solar", "mw": 39.2, "country": "VNM", "status": "construction"}}, {"type": "Feature", "id": 1629, "geometry": {"type": "Point", "coordinates": [108.591, 13.265]}, "properties": {"name": "Kr\u00f4ng Pa District solar project", "fuel": "solar", "mw": 2.0, "country": "VNM", "status": "operating"}}, {"type": "Feature", "id": 1630, "geometry": {"type": "Point", "coordinates": [108.66, 13.228]}, "properties": {"name": "Kr\u00f4ng Pa solar farm", "fuel": "solar", "mw": 69.0, "country": "VNM", "status": "operating"}}, {"type": "Feature", "id": 1631, "geometry": {"type": "Point", "coordinates": [108.377, 12.819]}, "properties": {"name": "Kr\u00f4ng P\u1eafc District solar project I", "fuel": "solar", "mw": 2.7, "country": "VNM", "status": "operating"}}, {"type": "Feature", "id": 1632, "geometry": {"type": "Point", "coordinates": [108.437, 12.695]}, "properties": {"name": "Kr\u00f4ng P\u1eafc District solar project II", "fuel": "solar", "mw": 3.5, "country": "VNM", "status": "operating"}}, {"type": "Feature", "id": 1633, "geometry": {"type": "Point", "coordinates": [108.164, 12.659]}, "properties": {"name": "Kr\u00f4ng P\u1eafc District solar project III", "fuel": "solar", "mw": 2.6, "country": "VNM", "status": "operating"}}, {"type": "Feature", "id": 1634, "geometry": {"type": "Point", "coordinates": [108.215, 12.669]}, "properties": {"name": "Kr\u00f4ng P\u1eafc District solar project IV", "fuel": "solar", "mw": 1.4, "country": "VNM", "status": "operating"}}, {"type": "Feature", "id": 1635, "geometry": {"type": "Point", "coordinates": [105.762, 18.351]}, "properties": {"name": "Ky Son solar farm", "fuel": "solar", "mw": 50.0, "country": "VNM", "status": "planned"}}, {"type": "Feature", "id": 1636, "geometry": {"type": "Point", "coordinates": [105.762, 18.351]}, "properties": {"name": "Ky Son solar farm", "fuel": "solar", "mw": 200.0, "country": "VNM", "status": "planned"}}, {"type": "Feature", "id": 1637, "geometry": {"type": "Point", "coordinates": [105.869, 9.824]}, "properties": {"name": "K\u1ebf S\u00e1ch District solar project", "fuel": "solar", "mw": 4.1, "country": "VNM", "status": "operating"}}, {"type": "Feature", "id": 1638, "geometry": {"type": "Point", "coordinates": [108.798, 12.874]}, "properties": {"name": "La JL\u01a1i solar farm", "fuel": "solar", "mw": 200.0, "country": "VNM", "status": "planned"}}, {"type": "Feature", "id": 1639, "geometry": {"type": "Point", "coordinates": [106.955, 17.217]}, "properties": {"name": "La Nga floating solar farm", "fuel": "solar", "mw": 70.0, "country": "VNM", "status": "planned"}}, {"type": "Feature", "id": 1640, "geometry": {"type": "Point", "coordinates": [105.951, 10.236]}, "properties": {"name": "Lai Yih Vinh Long solar farm", "fuel": "solar", "mw": 38.0, "country": "VNM", "status": "operating"}}, {"type": "Feature", "id": 1641, "geometry": {"type": "Point", "coordinates": [108.781, 15.121]}, "properties": {"name": "Lam Binh solar farm", "fuel": "solar", "mw": 100.0, "country": "VNM", "status": "planned"}}, {"type": "Feature", "id": 1642, "geometry": {"type": "Point", "coordinates": [106.867, 17.235]}, "properties": {"name": "Le Thuy Dohwa solar farm", "fuel": "solar", "mw": 50.0, "country": "VNM", "status": "operating"}}, {"type": "Feature", "id": 1643, "geometry": {"type": "Point", "coordinates": [106.623, 17.516]}, "properties": {"name": "Le Thuy solar farm", "fuel": "solar", "mw": 60.0, "country": "VNM", "status": "planned"}}, {"type": "Feature", "id": 1644, "geometry": {"type": "Point", "coordinates": [108.077, 16.092]}, "properties": {"name": "Lien Chieu Ward solar project I", "fuel": "solar", "mw": 3.4, "country": "VNM", "status": "operating"}}, {"type": "Feature", "id": 1645, "geometry": {"type": "Point", "coordinates": [108.07, 16.097]}, "properties": {"name": "Lien Chieu Ward solar project II", "fuel": "solar", "mw": 2.1, "country": "VNM", "status": "operating"}}, {"type": "Feature", "id": 1646, "geometry": {"type": "Point", "coordinates": [106.915, 11.8]}, "properties": {"name": "Loc Ninh solar farm", "fuel": "solar", "mw": 40.0, "country": "VNM", "status": "planned"}}, {"type": "Feature", "id": 1647, "geometry": {"type": "Point", "coordinates": [106.915, 11.8]}, "properties": {"name": "Loc Thien solar farm", "fuel": "solar", "mw": 395.0, "country": "VNM", "status": "planned"}}, {"type": "Feature", "id": 1648, "geometry": {"type": "Point", "coordinates": [106.877, 10.929]}, "properties": {"name": "Long An BCG-CME solar farm", "fuel": "solar", "mw": 41.0, "country": "VNM", "status": "operating"}}, {"type": "Feature", "id": 1649, "geometry": {"type": "Point", "coordinates": [106.877, 10.929]}, "properties": {"name": "Long An BCG-CME solar farm", "fuel": "solar", "mw": 126.0, "country": "VNM", "status": "operating"}}, {"type": "Feature", "id": 1650, "geometry": {"type": "Point", "coordinates": [106.277, 10.923]}, "properties": {"name": "Long An Europlast solar farm", "fuel": "solar", "mw": 50.0, "country": "VNM", "status": "operating"}}, {"type": "Feature", "id": 1651, "geometry": {"type": "Point", "coordinates": [107.295, 10.454]}, "properties": {"name": "Long Dat District solar project I", "fuel": "solar", "mw": 1.4, "country": "VNM", "status": "operating"}}, {"type": "Feature", "id": 1652, "geometry": {"type": "Point", "coordinates": [107.36, 10.534]}, "properties": {"name": "Long Dat District solar project II", "fuel": "solar", "mw": 2.6, "country": "VNM", "status": "operating"}}, {"type": "Feature", "id": 1653, "geometry": {"type": "Point", "coordinates": [105.811, 19.766]}, "properties": {"name": "Long Son - Thanh Hoa solar farm", "fuel": "solar", "mw": 80.0, "country": "VNM", "status": "planned"}}, {"type": "Feature", "id": 1654, "geometry": {"type": "Point", "coordinates": [109.062, 12.548]}, "properties": {"name": "Long S\u01a1n solar farm", "fuel": "solar", "mw": 185.0, "country": "VNM", "status": "operating"}}, {"type": "Feature", "id": 1655, "geometry": {"type": "Point", "coordinates": [109.062, 12.548]}, "properties": {"name": "Long S\u01a1n solar farm", "fuel": "solar", "mw": 100.0, "country": "VNM", "status": "planned"}}, {"type": "Feature", "id": 1656, "geometry": {"type": "Point", "coordinates": [106.674, 11.183]}, "properties": {"name": "Long Tan solar farm", "fuel": "solar", "mw": 600.0, "country": "VNM", "status": "planned"}}, {"type": "Feature", "id": 1657, "geometry": {"type": "Point", "coordinates": [107.671, 13.308]}, "properties": {"name": "Long Thanh solar project", "fuel": "solar", "mw": 10.0, "country": "VNM", "status": "operating"}}, {"type": "Feature", "id": 1658, "geometry": {"type": "Point", "coordinates": [108.105, 11.759]}, "properties": {"name": "L\u00e2m H\u00e0 District solar project I", "fuel": "solar", "mw": 4.1, "country": "VNM", "status": "operating"}}, {"type": "Feature", "id": 1659, "geometry": {"type": "Point", "coordinates": [108.246, 11.753]}, "properties": {"name": "L\u00e2m H\u00e0 District solar project II", "fuel": "solar", "mw": 4.0, "country": "VNM", "status": "operating"}}, {"type": "Feature", "id": 1660, "geometry": {"type": "Point", "coordinates": [108.278, 11.791]}, "properties": {"name": "L\u00e2m H\u00e0 District solar project III", "fuel": "solar", "mw": 2.8, "country": "VNM", "status": "operating"}}, {"type": "Feature", "id": 1661, "geometry": {"type": "Point", "coordinates": [105.514, 20.824]}, "properties": {"name": "L\u01b0\u01a1ng S\u01a1n District solar project", "fuel": "solar", "mw": 1.6, "country": "VNM", "status": "operating"}}, {"type": "Feature", "id": 1662, "geometry": {"type": "Point", "coordinates": [105.815, 18.495]}, "properties": {"name": "L\u1ed9c H\u00e0 District solar project", "fuel": "solar", "mw": 4.1, "country": "VNM", "status": "operating"}}, {"type": "Feature", "id": 1663, "geometry": {"type": "Point", "coordinates": [106.605, 11.823]}, "properties": {"name": "L\u1ed9c Ninh (Sungrow) solar farm", "fuel": "solar", "mw": 350.0, "country": "VNM", "status": "operating"}}, {"type": "Feature", "id": 1664, "geometry": {"type": "Point", "coordinates": [106.583, 11.765]}, "properties": {"name": "L\u1ed9c Ninh District solar project I", "fuel": "solar", "mw": 2.9, "country": "VNM", "status": "operating"}}, {"type": "Feature", "id": 1665, "geometry": {"type": "Point", "coordinates": [106.705, 11.903]}, "properties": {"name": "L\u1ed9c Ninh District solar project II", "fuel": "solar", "mw": 5.9, "country": "VNM", "status": "operating"}}, {"type": "Feature", "id": 1666, "geometry": {"type": "Point", "coordinates": [106.565, 11.759]}, "properties": {"name": "L\u1ed9c Ninh District solar project III", "fuel": "solar", "mw": 2.0, "country": "VNM", "status": "operating"}}, {"type": "Feature", "id": 1667, "geometry": {"type": "Point", "coordinates": [106.518, 11.879]}, "properties": {"name": "L\u1ed9c Ninh District solar project IV", "fuel": "solar", "mw": 3.3, "country": "VNM", "status": "operating"}}, {"type": "Feature", "id": 1668, "geometry": {"type": "Point", "coordinates": [106.54, 11.924]}, "properties": {"name": "L\u1ed9c Ninh District solar project IX", "fuel": "solar", "mw": 3.9, "country": "VNM", "status": "operating"}}, {"type": "Feature", "id": 1669, "geometry": {"type": "Point", "coordinates": [106.541, 11.804]}, "properties": {"name": "L\u1ed9c Ninh District solar project V", "fuel": "solar", "mw": 1.7, "country": "VNM", "status": "operating"}}, {"type": "Feature", "id": 1670, "geometry": {"type": "Point", "coordinates": [106.547, 11.801]}, "properties": {"name": "L\u1ed9c Ninh District solar project VI", "fuel": "solar", "mw": 2.0, "country": "VNM", "status": "operating"}}, {"type": "Feature", "id": 1671, "geometry": {"type": "Point", "coordinates": [106.572, 11.929]}, "properties": {"name": "L\u1ed9c Ninh District solar project VII", "fuel": "solar", "mw": 3.3, "country": "VNM", "status": "operating"}}, {"type": "Feature", "id": 1672, "geometry": {"type": "Point", "coordinates": [106.495, 11.848]}, "properties": {"name": "L\u1ed9c Ninh District solar project VIII", "fuel": "solar", "mw": 2.8, "country": "VNM", "status": "operating"}}, {"type": "Feature", "id": 1673, "geometry": {"type": "Point", "coordinates": [106.557, 11.761]}, "properties": {"name": "L\u1ed9c Ninh District solar project X", "fuel": "solar", "mw": 6.2, "country": "VNM", "status": "operating"}}, {"type": "Feature", "id": 1674, "geometry": {"type": "Point", "coordinates": [106.64, 11.927]}, "properties": {"name": "L\u1ed9c Ninh District solar project XI", "fuel": "solar", "mw": 4.6, "country": "VNM", "status": "operating"}}, {"type": "Feature", "id": 1675, "geometry": {"type": "Point", "coordinates": [106.698, 11.907]}, "properties": {"name": "L\u1ed9c Ninh District solar project XII", "fuel": "solar", "mw": 3.4, "country": "VNM", "status": "operating"}}, {"type": "Feature", "id": 1676, "geometry": {"type": "Point", "coordinates": [106.725, 11.836]}, "properties": {"name": "L\u1ed9c Ninh District solar project XIII", "fuel": "solar", "mw": 1.6, "country": "VNM", "status": "operating"}}, {"type": "Feature", "id": 1677, "geometry": {"type": "Point", "coordinates": [106.608, 11.794]}, "properties": {"name": "L\u1ed9c Ninh District solar project XIV", "fuel": "solar", "mw": 1.9, "country": "VNM", "status": "operating"}}, {"type": "Feature", "id": 1678, "geometry": {"type": "Point", "coordinates": [106.459, 11.934]}, "properties": {"name": "L\u1ed9c Ninh cluster solar farm", "fuel": "solar", "mw": 200.0, "country": "VNM", "status": "operating"}}, {"type": "Feature", "id": 1679, "geometry": {"type": "Point", "coordinates": [106.605, 11.823]}, "properties": {"name": "L\u1ed9c Ninh cluster solar farm", "fuel": "solar", "mw": 133.0, "country": "VNM", "status": "planned"}}, {"type": "Feature", "id": 1680, "geometry": {"type": "Point", "coordinates": [106.605, 11.823]}, "properties": {"name": "L\u1ed9c Ninh cluster solar farm", "fuel": "solar", "mw": 133.0, "country": "VNM", "status": "planned"}}, {"type": "Feature", "id": 1681, "geometry": {"type": "Point", "coordinates": [106.605, 11.823]}, "properties": {"name": "L\u1ed9c Ninh cluster solar farm", "fuel": "solar", "mw": 133.0, "country": "VNM", "status": "planned"}}, {"type": "Feature", "id": 1682, "geometry": {"type": "Point", "coordinates": [106.459, 11.934]}, "properties": {"name": "L\u1ed9c Ninh cluster solar farm", "fuel": "solar", "mw": 200.0, "country": "VNM", "status": "operating"}}, {"type": "Feature", "id": 1683, "geometry": {"type": "Point", "coordinates": [106.459, 11.934]}, "properties": {"name": "L\u1ed9c Ninh cluster solar farm", "fuel": "solar", "mw": 150.0, "country": "VNM", "status": "operating"}}, {"type": "Feature", "id": 1684, "geometry": {"type": "Point", "coordinates": [106.605, 11.823]}, "properties": {"name": "L\u1ed9c Ninh cluster solar farm", "fuel": "solar", "mw": 200.0, "country": "VNM", "status": "operating"}}, {"type": "Feature", "id": 1685, "geometry": {"type": "Point", "coordinates": [106.605, 11.823]}, "properties": {"name": "L\u1ed9c Ninh cluster solar farm", "fuel": "solar", "mw": 50.0, "country": "VNM", "status": "operating"}}, {"type": "Feature", "id": 1686, "geometry": {"type": "Point", "coordinates": [106.605, 11.823]}, "properties": {"name": "L\u1ed9c Ninh cluster solar farm", "fuel": "solar", "mw": 133.0, "country": "VNM", "status": "planned"}}, {"type": "Feature", "id": 1687, "geometry": {"type": "Point", "coordinates": [106.605, 11.823]}, "properties": {"name": "L\u1ed9c Ninh cluster solar farm", "fuel": "solar", "mw": 133.0, "country": "VNM", "status": "planned"}}, {"type": "Feature", "id": 1688, "geometry": {"type": "Point", "coordinates": [106.605, 11.823]}, "properties": {"name": "L\u1ed9c Ninh cluster solar farm", "fuel": "solar", "mw": 133.0, "country": "VNM", "status": "planned"}}, {"type": "Feature", "id": 1689, "geometry": {"type": "Point", "coordinates": [106.605, 11.823]}, "properties": {"name": "L\u1ed9c Ninh cluster solar farm", "fuel": "solar", "mw": 133.0, "country": "VNM", "status": "planned"}}, {"type": "Feature", "id": 1690, "geometry": {"type": "Point", "coordinates": [106.8, 11.7]}, "properties": {"name": "L\u1ed9c Th\u1ea1nh 1-1 solar farm", "fuel": "solar", "mw": 40.0, "country": "VNM", "status": "planned"}}, {"type": "Feature", "id": 1691, "geometry": {"type": "Point", "coordinates": [108.798, 12.874]}, "properties": {"name": "MT combined with medicinal plant cultivation solar farm", "fuel": "solar", "mw": 230.0, "country": "VNM", "status": "planned"}}, {"type": "Feature", "id": 1692, "geometry": {"type": "Point", "coordinates": [108.798, 12.874]}, "properties": {"name": "MT combined with medicinal plant cultivation solar farm", "fuel": "solar", "mw": 220.0, "country": "VNM", "status": "planned"}}, {"type": "Feature", "id": 1693, "geometry": {"type": "Point", "coordinates": [106.83, 11.707]}, "properties": {"name": "MT solar farm (Vietnam)", "fuel": "solar", "mw": 24.0, "country": "VNM", "status": "planned"}}, {"type": "Feature", "id": 1694, "geometry": {"type": "Point", "coordinates": [106.83, 11.707]}, "properties": {"name": "MT solar farm (Vietnam)", "fuel": "solar", "mw": 24.0, "country": "VNM", "status": "planned"}}, {"type": "Feature", "id": 1695, "geometry": {"type": "Point", "coordinates": [104.158, 21.228]}, "properties": {"name": "Mai Son 1 solar farm", "fuel": "solar", "mw": 50.0, "country": "VNM", "status": "planned"}}, {"type": "Feature", "id": 1696, "geometry": {"type": "Point", "coordinates": [104.158, 21.228]}, "properties": {"name": "Mai Son 2 solar farm", "fuel": "solar", "mw": 60.0, "country": "VNM", "status": "planned"}}, {"type": "Feature", "id": 1697, "geometry": {"type": "Point", "coordinates": [104.158, 21.228]}, "properties": {"name": "Mai Son 4 solar farm", "fuel": "solar", "mw": 75.0, "country": "VNM", "status": "planned"}}, {"type": "Feature", "id": 1698, "geometry": {"type": "Point", "coordinates": [104.158, 21.228]}, "properties": {"name": "Mai Son 5 solar farm", "fuel": "solar", "mw": 210.0, "country": "VNM", "status": "planned"}}, {"type": "Feature", "id": 1699, "geometry": {"type": "Point", "coordinates": [104.158, 21.228]}, "properties": {"name": "Mai Son 6 solar farm", "fuel": "solar", "mw": 75.0, "country": "VNM", "status": "planned"}}, {"type": "Feature", "id": 1700, "geometry": {"type": "Point", "coordinates": [104.158, 21.228]}, "properties": {"name": "Mai Son 7 solar farm", "fuel": "solar", "mw": 270.0, "country": "VNM", "status": "planned"}}, {"type": "Feature", "id": 1701, "geometry": {"type": "Point", "coordinates": [104.158, 21.228]}, "properties": {"name": "Mai Son 8 solar farm", "fuel": "solar", "mw": 85.0, "country": "VNM", "status": "planned"}}, {"type": "Feature", "id": 1702, "geometry": {"type": "Point", "coordinates": [104.158, 21.228]}, "properties": {"name": "Mai Son 9 solar farm", "fuel": "solar", "mw": 70.0, "country": "VNM", "status": "planned"}}, {"type": "Feature", "id": 1703, "geometry": {"type": "Point", "coordinates": [104.049, 21.198]}, "properties": {"name": "Mai Son Commune solar project", "fuel": "solar", "mw": 4.2, "country": "VNM", "status": "operating"}}, {"type": "Feature", "id": 1704, "geometry": {"type": "Point", "coordinates": [104.064, 21.233]}, "properties": {"name": "Mai S\u01a1n District solar project", "fuel": "solar", "mw": 3.2, "country": "VNM", "status": "operating"}}, {"type": "Feature", "id": 1705, "geometry": {"type": "Point", "coordinates": [108.276, 13.896]}, "properties": {"name": "Mang Yang District solar project I", "fuel": "solar", "mw": 2.2, "country": "VNM", "status": "operating"}}, {"type": "Feature", "id": 1706, "geometry": {"type": "Point", "coordinates": [108.255, 14.015]}, "properties": {"name": "Mang Yang District solar project II", "fuel": "solar", "mw": 3.0, "country": "VNM", "status": "operating"}}, {"type": "Feature", "id": 1707, "geometry": {"type": "Point", "coordinates": [108.222, 14.011]}, "properties": {"name": "Mang Yang District solar project III", "fuel": "solar", "mw": 1.7, "country": "VNM", "status": "operating"}}, {"type": "Feature", "id": 1708, "geometry": {"type": "Point", "coordinates": [108.263, 13.927]}, "properties": {"name": "Mang Yang District solar project IV", "fuel": "solar", "mw": 1.6, "country": "VNM", "status": "operating"}}, {"type": "Feature", "id": 1709, "geometry": {"type": "Point", "coordinates": [106.915, 11.8]}, "properties": {"name": "Minh Tam solar farm", "fuel": "solar", "mw": 40.0, "country": "VNM", "status": "planned"}}, {"type": "Feature", "id": 1710, "geometry": {"type": "Point", "coordinates": [106.915, 11.8]}, "properties": {"name": "Minh Tam solar farm", "fuel": "solar", "mw": 240.0, "country": "VNM", "status": "planned"}}, {"type": "Feature", "id": 1711, "geometry": {"type": "Point", "coordinates": [105.959, 10.815]}, "properties": {"name": "Moc Hoa District solar project I", "fuel": "solar", "mw": 4.2, "country": "VNM", "status": "operating"}}, {"type": "Feature", "id": 1712, "geometry": {"type": "Point", "coordinates": [106.006, 10.683]}, "properties": {"name": "Moc Hoa District solar project II", "fuel": "solar", "mw": 6.4, "country": "VNM", "status": "operating"}}, {"type": "Feature", "id": 1713, "geometry": {"type": "Point", "coordinates": [104.158, 21.228]}, "properties": {"name": "Muong La 1 solar farm", "fuel": "solar", "mw": 40.0, "country": "VNM", "status": "planned"}}, {"type": "Feature", "id": 1714, "geometry": {"type": "Point", "coordinates": [104.158, 21.228]}, "properties": {"name": "Muong La 2 solar farm", "fuel": "solar", "mw": 50.0, "country": "VNM", "status": "planned"}}, {"type": "Feature", "id": 1715, "geometry": {"type": "Point", "coordinates": [104.029, 21.493]}, "properties": {"name": "Muong La Commune solar project", "fuel": "solar", "mw": 1.0, "country": "VNM", "status": "operating"}}, {"type": "Feature", "id": 1716, "geometry": {"type": "Point", "coordinates": [104.518, 21.809]}, "properties": {"name": "My Gia 2 solar farm", "fuel": "solar", "mw": 580.0, "country": "VNM", "status": "planned"}}, {"type": "Feature", "id": 1717, "geometry": {"type": "Point", "coordinates": [108.801, 11.711]}, "properties": {"name": "My Son - Hoan Loc Viet solar farm", "fuel": "solar", "mw": 50.0, "country": "VNM", "status": "operating"}}, {"type": "Feature", "id": 1718, "geometry": {"type": "Point", "coordinates": [108.801, 11.711]}, "properties": {"name": "My Son - Hoan Loc Viet solar farm", "fuel": "solar", "mw": 50.0, "country": "VNM", "status": "planned"}}, {"type": "Feature", "id": 1719, "geometry": {"type": "Point", "coordinates": [108.323, 10.999]}, "properties": {"name": "M\u0169i N\u00e9 solar farm", "fuel": "solar", "mw": 40.0, "country": "VNM", "status": "operating"}}, {"type": "Feature", "id": 1720, "geometry": {"type": "Point", "coordinates": [108.883, 15.01]}, "properties": {"name": "M\u1ed9 \u0110\u1ee9c District solar project I", "fuel": "solar", "mw": 9.9, "country": "VNM", "status": "operating"}}, {"type": "Feature", "id": 1721, "geometry": {"type": "Point", "coordinates": [108.947, 14.921]}, "properties": {"name": "M\u1ed9 \u0110\u1ee9c District solar project II", "fuel": "solar", "mw": 4.5, "country": "VNM", "status": "operating"}}, {"type": "Feature", "id": 1722, "geometry": {"type": "Point", "coordinates": [108.859, 14.939]}, "properties": {"name": "M\u1ed9 \u0110\u1ee9c District solar project III", "fuel": "solar", "mw": 11.3, "country": "VNM", "status": "operating"}}, {"type": "Feature", "id": 1723, "geometry": {"type": "Point", "coordinates": [108.935, 14.958]}, "properties": {"name": "M\u1ed9 \u0110\u1ee9c solar farm", "fuel": "solar", "mw": 24.0, "country": "VNM", "status": "operating"}}, {"type": "Feature", "id": 1724, "geometry": {"type": "Point", "coordinates": [109.102, 14.245]}, "properties": {"name": "M\u1ef9 Hi\u1ec7p solar farm", "fuel": "solar", "mw": 50.0, "country": "VNM", "status": "operating"}}, {"type": "Feature", "id": 1725, "geometry": {"type": "Point", "coordinates": [108.81, 11.669]}, "properties": {"name": "M\u1ef9 S\u01a1n HLV solar farm", "fuel": "solar", "mw": 50.0, "country": "VNM", "status": "operating"}}, {"type": "Feature", "id": 1726, "geometry": {"type": "Point", "coordinates": [108.784, 11.672]}, "properties": {"name": "M\u1ef9 S\u01a1n solar farm", "fuel": "solar", "mw": 61.0, "country": "VNM", "status": "operating"}}, {"type": "Feature", "id": 1727, "geometry": {"type": "Point", "coordinates": [108.793, 11.666]}, "properties": {"name": "M\u1ef9 S\u01a1n solar farm", "fuel": "solar", "mw": 50.0, "country": "VNM", "status": "operating"}}, {"type": "Feature", "id": 1728, "geometry": {"type": "Point", "coordinates": [103.18, 22.292]}, "properties": {"name": "Nam Hang solar farm", "fuel": "solar", "mw": 90.0, "country": "VNM", "status": "planned"}}, {"type": "Feature", "id": 1729, "geometry": {"type": "Point", "coordinates": [105.969, 20.227]}, "properties": {"name": "Nam Hoa Lu Ward solar project", "fuel": "solar", "mw": 1.5, "country": "VNM", "status": "operating"}}, {"type": "Feature", "id": 1730, "geometry": {"type": "Point", "coordinates": [106.915, 11.8]}, "properties": {"name": "Nam La solar farm", "fuel": "solar", "mw": 80.0, "country": "VNM", "status": "planned"}}, {"type": "Feature", "id": 1731, "geometry": {"type": "Point", "coordinates": [103.18, 22.292]}, "properties": {"name": "Nam Manh solar farm", "fuel": "solar", "mw": 80.0, "country": "VNM", "status": "planned"}}, {"type": "Feature", "id": 1732, "geometry": {"type": "Point", "coordinates": [103.217, 21.655]}, "properties": {"name": "Nam Po 1 solar farm", "fuel": "solar", "mw": 150.0, "country": "VNM", "status": "planned"}}, {"type": "Feature", "id": 1733, "geometry": {"type": "Point", "coordinates": [105.528, 20.764]}, "properties": {"name": "Nat Son Commune solar project", "fuel": "solar", "mw": 2.8, "country": "VNM", "status": "operating"}}, {"type": "Feature", "id": 1734, "geometry": {"type": "Point", "coordinates": [105.626, 18.701]}, "properties": {"name": "Nghe An Province solar project I", "fuel": "solar", "mw": 1.4, "country": "VNM", "status": "operating"}}, {"type": "Feature", "id": 1735, "geometry": {"type": "Point", "coordinates": [105.631, 18.698]}, "properties": {"name": "Nghe An Province solar project II", "fuel": "solar", "mw": 2.9, "country": "VNM", "status": "operating"}}, {"type": "Feature", "id": 1736, "geometry": {"type": "Point", "coordinates": [105.354, 18.941]}, "properties": {"name": "Nghe An Province solar project III", "fuel": "solar", "mw": 2.0, "country": "VNM", "status": "operating"}}, {"type": "Feature", "id": 1737, "geometry": {"type": "Point", "coordinates": [105.297, 19.25]}, "properties": {"name": "Nghe An Province solar project IV", "fuel": "solar", "mw": 6.1, "country": "VNM", "status": "operating"}}, {"type": "Feature", "id": 1738, "geometry": {"type": "Point", "coordinates": [105.583, 18.684]}, "properties": {"name": "Nghe An Province solar project IX", "fuel": "solar", "mw": 1.4, "country": "VNM", "status": "operating"}}, {"type": "Feature", "id": 1739, "geometry": {"type": "Point", "coordinates": [105.611, 19.073]}, "properties": {"name": "Nghe An Province solar project V", "fuel": "solar", "mw": 2.6, "country": "VNM", "status": "operating"}}, {"type": "Feature", "id": 1740, "geometry": {"type": "Point", "coordinates": [105.211, 19.298]}, "properties": {"name": "Nghe An Province solar project VI", "fuel": "solar", "mw": 1.8, "country": "VNM", "status": "operating"}}, {"type": "Feature", "id": 1741, "geometry": {"type": "Point", "coordinates": [105.283, 19.331]}, "properties": {"name": "Nghe An Province solar project VII", "fuel": "solar", "mw": 3.7, "country": "VNM", "status": "operating"}}, {"type": "Feature", "id": 1742, "geometry": {"type": "Point", "coordinates": [105.503, 18.753]}, "properties": {"name": "Nghe An Province solar project VIII", "fuel": "solar", "mw": 2.9, "country": "VNM", "status": "operating"}}, {"type": "Feature", "id": 1743, "geometry": {"type": "Point", "coordinates": [105.641, 18.818]}, "properties": {"name": "Nghe An Province solar project X", "fuel": "solar", "mw": 4.0, "country": "VNM", "status": "operating"}}, {"type": "Feature", "id": 1744, "geometry": {"type": "Point", "coordinates": [105.619, 18.857]}, "properties": {"name": "Nghi L\u1ed9c District solar project I", "fuel": "solar", "mw": 2.4, "country": "VNM", "status": "operating"}}, {"type": "Feature", "id": 1745, "geometry": {"type": "Point", "coordinates": [105.515, 18.866]}, "properties": {"name": "Nghi L\u1ed9c District solar project II", "fuel": "solar", "mw": 3.3, "country": "VNM", "status": "operating"}}, {"type": "Feature", "id": 1746, "geometry": {"type": "Point", "coordinates": [105.744, 18.641]}, "properties": {"name": "Nghi Xu\u00e2n District solar project", "fuel": "solar", "mw": 2.9, "country": "VNM", "status": "operating"}}, {"type": "Feature", "id": 1747, "geometry": {"type": "Point", "coordinates": [105.087, 9.018]}, "properties": {"name": "Ngoc Hien solar farm", "fuel": "solar", "mw": 50.0, "country": "VNM", "status": "planned"}}, {"type": "Feature", "id": 1748, "geometry": {"type": "Point", "coordinates": [107.693, 14.811]}, "properties": {"name": "Ng\u1ecdc H\u1ed3i District solar project I", "fuel": "solar", "mw": 3.5, "country": "VNM", "status": "operating"}}, {"type": "Feature", "id": 1749, "geometry": {"type": "Point", "coordinates": [107.694, 14.652]}, "properties": {"name": "Ng\u1ecdc H\u1ed3i District solar project II", "fuel": "solar", "mw": 1.9, "country": "VNM", "status": "operating"}}, {"type": "Feature", "id": 1750, "geometry": {"type": "Point", "coordinates": [107.703, 14.76]}, "properties": {"name": "Ng\u1ecdc H\u1ed3i District solar project III", "fuel": "solar", "mw": 1.4, "country": "VNM", "status": "operating"}}, {"type": "Feature", "id": 1751, "geometry": {"type": "Point", "coordinates": [107.656, 14.724]}, "properties": {"name": "Ng\u1ecdc H\u1ed3i District solar project IV", "fuel": "solar", "mw": 1.7, "country": "VNM", "status": "operating"}}, {"type": "Feature", "id": 1752, "geometry": {"type": "Point", "coordinates": [105.398, 19.966]}, "properties": {"name": "Ng\u1ecdc L\u1eb7c solar farm", "fuel": "solar", "mw": 45.0, "country": "VNM", "status": "planned"}}, {"type": "Feature", "id": 1753, "geometry": {"type": "Point", "coordinates": [109.154, 12.32]}, "properties": {"name": "Nha Trang solar farm", "fuel": "solar", "mw": 35.0, "country": "VNM", "status": "operating"}}, {"type": "Feature", "id": 1754, "geometry": {"type": "Point", "coordinates": [109.132, 11.464]}, "properties": {"name": "Nhi Ha 2 solar farm", "fuel": "solar", "mw": 150.0, "country": "VNM", "status": "planned"}}, {"type": "Feature", "id": 1755, "geometry": {"type": "Point", "coordinates": [109.132, 11.464]}, "properties": {"name": "Nhi Ha 5 combined with Green Hydrogen production solar farm", "fuel": "solar", "mw": 160.0, "country": "VNM", "status": "planned"}}, {"type": "Feature", "id": 1756, "geometry": {"type": "Point", "coordinates": [109.132, 11.464]}, "properties": {"name": "Nhi Ha solar farm", "fuel": "solar", "mw": 80.0, "country": "VNM", "status": "planned"}}, {"type": "Feature", "id": 1757, "geometry": {"type": "Point", "coordinates": [109.132, 11.464]}, "properties": {"name": "Nhi Ha solar farm", "fuel": "solar", "mw": 50.0, "country": "VNM", "status": "planned"}}, {"type": "Feature", "id": 1758, "geometry": {"type": "Point", "coordinates": [109.132, 11.464]}, "properties": {"name": "Nhi Ha solar farm", "fuel": "solar", "mw": 100.0, "country": "VNM", "status": "planned"}}, {"type": "Feature", "id": 1759, "geometry": {"type": "Point", "coordinates": [108.635, 14.02]}, "properties": {"name": "Nhon Hoa 1 solar farm", "fuel": "solar", "mw": 49.0, "country": "VNM", "status": "planned"}}, {"type": "Feature", "id": 1760, "geometry": {"type": "Point", "coordinates": [108.635, 14.02]}, "properties": {"name": "Nhon Hoa 1A solar farm", "fuel": "solar", "mw": 49.0, "country": "VNM", "status": "planned"}}, {"type": "Feature", "id": 1761, "geometry": {"type": "Point", "coordinates": [108.635, 14.02]}, "properties": {"name": "Nhon Hoa 2 solar farm", "fuel": "solar", "mw": 90.0, "country": "VNM", "status": "planned"}}, {"type": "Feature", "id": 1762, "geometry": {"type": "Point", "coordinates": [109.096, 11.605]}, "properties": {"name": "Nh\u01a1n H\u1ea3i solar farm", "fuel": "solar", "mw": 35.0, "country": "VNM", "status": "operating"}}, {"type": "Feature", "id": 1763, "geometry": {"type": "Point", "coordinates": [108.803, 11.424]}, "properties": {"name": "Nh\u1ecb H\u00e0 (Bitexco) solar farm", "fuel": "solar", "mw": 50.0, "country": "VNM", "status": "operating"}}, {"type": "Feature", "id": 1764, "geometry": {"type": "Point", "coordinates": [106.083, 20.176]}, "properties": {"name": "Ninh Binh Province solar project I", "fuel": "solar", "mw": 1.7, "country": "VNM", "status": "operating"}}, {"type": "Feature", "id": 1765, "geometry": {"type": "Point", "coordinates": [106.387, 20.28]}, "properties": {"name": "Ninh Binh Province solar project II", "fuel": "solar", "mw": 3.6, "country": "VNM", "status": "operating"}}, {"type": "Feature", "id": 1766, "geometry": {"type": "Point", "coordinates": [106.323, 20.191]}, "properties": {"name": "Ninh Binh Province solar project III", "fuel": "solar", "mw": 3.2, "country": "VNM", "status": "operating"}}, {"type": "Feature", "id": 1767, "geometry": {"type": "Point", "coordinates": [106.049, 20.483]}, "properties": {"name": "Ninh Binh Province solar project IV", "fuel": "solar", "mw": 1.6, "country": "VNM", "status": "operating"}}, {"type": "Feature", "id": 1768, "geometry": {"type": "Point", "coordinates": [109.026, 12.548]}, "properties": {"name": "Ninh H\u00f2a solar project I", "fuel": "solar", "mw": 2.3, "country": "VNM", "status": "operating"}}, {"type": "Feature", "id": 1769, "geometry": {"type": "Point", "coordinates": [109.021, 12.508]}, "properties": {"name": "Ninh H\u00f2a solar project II", "fuel": "solar", "mw": 6.1, "country": "VNM", "status": "operating"}}, {"type": "Feature", "id": 1770, "geometry": {"type": "Point", "coordinates": [109.035, 12.509]}, "properties": {"name": "Ninh H\u00f2a solar project III", "fuel": "solar", "mw": 5.4, "country": "VNM", "status": "operating"}}, {"type": "Feature", "id": 1771, "geometry": {"type": "Point", "coordinates": [109.194, 12.526]}, "properties": {"name": "Ninh H\u00f2a solar project IV", "fuel": "solar", "mw": 4.0, "country": "VNM", "status": "operating"}}, {"type": "Feature", "id": 1772, "geometry": {"type": "Point", "coordinates": [109.039, 12.452]}, "properties": {"name": "Ninh H\u00f2a solar project V", "fuel": "solar", "mw": 1.4, "country": "VNM", "status": "operating"}}, {"type": "Feature", "id": 1773, "geometry": {"type": "Point", "coordinates": [109.088, 12.551]}, "properties": {"name": "Ninh H\u00f2a solar project VI", "fuel": "solar", "mw": 2.0, "country": "VNM", "status": "operating"}}, {"type": "Feature", "id": 1774, "geometry": {"type": "Point", "coordinates": [109.076, 11.624]}, "properties": {"name": "Ninh H\u1ea3i District solar project I", "fuel": "solar", "mw": 9.3, "country": "VNM", "status": "operating"}}, {"type": "Feature", "id": 1775, "geometry": {"type": "Point", "coordinates": [109.086, 11.633]}, "properties": {"name": "Ninh H\u1ea3i District solar project II", "fuel": "solar", "mw": 4.3, "country": "VNM", "status": "operating"}}, {"type": "Feature", "id": 1776, "geometry": {"type": "Point", "coordinates": [109.049, 11.613]}, "properties": {"name": "Ninh H\u1ea3i District solar project III", "fuel": "solar", "mw": 3.8, "country": "VNM", "status": "operating"}}, {"type": "Feature", "id": 1777, "geometry": {"type": "Point", "coordinates": [109.132, 11.464]}, "properties": {"name": "Ninh Phuoc 6.3 solar farm", "fuel": "solar", "mw": 50.0, "country": "VNM", "status": "planned"}}, {"type": "Feature", "id": 1778, "geometry": {"type": "Point", "coordinates": [109.132, 11.464]}, "properties": {"name": "Ninh Phuoc 7 solar farm", "fuel": "solar", "mw": 200.0, "country": "VNM", "status": "planned"}}, {"type": "Feature", "id": 1779, "geometry": {"type": "Point", "coordinates": [106.915, 11.8]}, "properties": {"name": "Ninh Phuoc solar farm", "fuel": "solar", "mw": 80.0, "country": "VNM", "status": "planned"}}, {"type": "Feature", "id": 1780, "geometry": {"type": "Point", "coordinates": [109.132, 11.464]}, "properties": {"name": "Ninh Phuoc solar farm", "fuel": "solar", "mw": 276.0, "country": "VNM", "status": "planned"}}, {"type": "Feature", "id": 1781, "geometry": {"type": "Point", "coordinates": [108.863, 11.525]}, "properties": {"name": "Ninh Ph\u01b0\u1edbc 6.2 solar farm", "fuel": "solar", "mw": 58.0, "country": "VNM", "status": "operating"}}, {"type": "Feature", "id": 1782, "geometry": {"type": "Point", "coordinates": [108.871, 11.578]}, "properties": {"name": "Ninh Ph\u01b0\u1edbc District solar project I", "fuel": "solar", "mw": 6.6, "country": "VNM", "status": "operating"}}, {"type": "Feature", "id": 1783, "geometry": {"type": "Point", "coordinates": [108.871, 11.501]}, "properties": {"name": "Ninh Ph\u01b0\u1edbc District solar project II", "fuel": "solar", "mw": 2.2, "country": "VNM", "status": "operating"}}, {"type": "Feature", "id": 1784, "geometry": {"type": "Point", "coordinates": [108.866, 11.506]}, "properties": {"name": "Ninh Ph\u01b0\u1edbc District solar project III", "fuel": "solar", "mw": 4.0, "country": "VNM", "status": "operating"}}, {"type": "Feature", "id": 1785, "geometry": {"type": "Point", "coordinates": [108.932, 11.513]}, "properties": {"name": "Ninh Ph\u01b0\u1edbc District solar project IV", "fuel": "solar", "mw": 2.3, "country": "VNM", "status": "operating"}}, {"type": "Feature", "id": 1786, "geometry": {"type": "Point", "coordinates": [108.852, 11.637]}, "properties": {"name": "Ninh Ph\u01b0\u1edbc District solar project V", "fuel": "solar", "mw": 3.4, "country": "VNM", "status": "operating"}}, {"type": "Feature", "id": 1787, "geometry": {"type": "Point", "coordinates": [108.886, 11.559]}, "properties": {"name": "Ninh Ph\u01b0\u1edbc District solar project VI", "fuel": "solar", "mw": 2.4, "country": "VNM", "status": "operating"}}, {"type": "Feature", "id": 1788, "geometry": {"type": "Point", "coordinates": [108.9, 12.3]}, "properties": {"name": "Ninh Sim solar farm", "fuel": "solar", "mw": 32.0, "country": "VNM", "status": "planned"}}, {"type": "Feature", "id": 1789, "geometry": {"type": "Point", "coordinates": [109.132, 11.464]}, "properties": {"name": "Ninh Son 1 solar farm", "fuel": "solar", "mw": 73.5, "country": "VNM", "status": "planned"}}, {"type": "Feature", "id": 1790, "geometry": {"type": "Point", "coordinates": [109.132, 11.464]}, "properties": {"name": "Ninh Son 2 solar farm", "fuel": "solar", "mw": 90.0, "country": "VNM", "status": "planned"}}, {"type": "Feature", "id": 1791, "geometry": {"type": "Point", "coordinates": [108.898, 11.671]}, "properties": {"name": "Ninh S\u01a1n District solar project I", "fuel": "solar", "mw": 1.2, "country": "VNM", "status": "operating"}}, {"type": "Feature", "id": 1792, "geometry": {"type": "Point", "coordinates": [108.741, 11.752]}, "properties": {"name": "Ninh S\u01a1n District solar project II", "fuel": "solar", "mw": 13.2, "country": "VNM", "status": "operating"}}, {"type": "Feature", "id": 1793, "geometry": {"type": "Point", "coordinates": [108.905, 11.664]}, "properties": {"name": "Ninh S\u01a1n District solar project III", "fuel": "solar", "mw": 2.9, "country": "VNM", "status": "operating"}}, {"type": "Feature", "id": 1794, "geometry": {"type": "Point", "coordinates": [108.816, 11.724]}, "properties": {"name": "Ninh S\u01a1n District solar project IV", "fuel": "solar", "mw": 4.2, "country": "VNM", "status": "operating"}}, {"type": "Feature", "id": 1795, "geometry": {"type": "Point", "coordinates": [108.877, 11.674]}, "properties": {"name": "Ninh S\u01a1n District solar project IX", "fuel": "solar", "mw": 3.0, "country": "VNM", "status": "operating"}}, {"type": "Feature", "id": 1796, "geometry": {"type": "Point", "coordinates": [108.775, 11.755]}, "properties": {"name": "Ninh S\u01a1n District solar project V", "fuel": "solar", "mw": 4.5, "country": "VNM", "status": "operating"}}, {"type": "Feature", "id": 1797, "geometry": {"type": "Point", "coordinates": [108.903, 11.672]}, "properties": {"name": "Ninh S\u01a1n District solar project VI", "fuel": "solar", "mw": 2.0, "country": "VNM", "status": "operating"}}, {"type": "Feature", "id": 1798, "geometry": {"type": "Point", "coordinates": [108.886, 11.672]}, "properties": {"name": "Ninh S\u01a1n District solar project VII", "fuel": "solar", "mw": 4.7, "country": "VNM", "status": "operating"}}, {"type": "Feature", "id": 1799, "geometry": {"type": "Point", "coordinates": [108.822, 11.656]}, "properties": {"name": "Ninh S\u01a1n District solar project VIII", "fuel": "solar", "mw": 2.5, "country": "VNM", "status": "operating"}}, {"type": "Feature", "id": 1800, "geometry": {"type": "Point", "coordinates": [108.898, 11.691]}, "properties": {"name": "Ninh S\u01a1n District solar project X", "fuel": "solar", "mw": 1.7, "country": "VNM", "status": "operating"}}, {"type": "Feature", "id": 1801, "geometry": {"type": "Point", "coordinates": [108.798, 11.721]}, "properties": {"name": "Ninh S\u01a1n District solar project XI", "fuel": "solar", "mw": 4.8, "country": "VNM", "status": "operating"}}, {"type": "Feature", "id": 1802, "geometry": {"type": "Point", "coordinates": [108.778, 11.442]}, "properties": {"name": "Ninh Thu\u1eadn (Tasco) solar farm", "fuel": "solar", "mw": 61.0, "country": "VNM", "status": "operating"}}, {"type": "Feature", "id": 1803, "geometry": {"type": "Point", "coordinates": [108.897, 11.444]}, "properties": {"name": "Ninh Thu\u1eadn BIM solar farm", "fuel": "solar", "mw": 30.0, "country": "VNM", "status": "operating"}}, {"type": "Feature", "id": 1804, "geometry": {"type": "Point", "coordinates": [108.872, 11.453]}, "properties": {"name": "Ninh Thu\u1eadn BIM solar farm", "fuel": "solar", "mw": 250.0, "country": "VNM", "status": "operating"}}, {"type": "Feature", "id": 1805, "geometry": {"type": "Point", "coordinates": [108.881, 11.397]}, "properties": {"name": "Ninh Thu\u1eadn BIM solar farm", "fuel": "solar", "mw": 50.0, "country": "VNM", "status": "operating"}}, {"type": "Feature", "id": 1806, "geometry": {"type": "Point", "coordinates": [108.997, 11.435]}, "properties": {"name": "Ninh Thu\u1eadn Gelex solar farm", "fuel": "solar", "mw": 50.0, "country": "VNM", "status": "operating"}}, {"type": "Feature", "id": 1807, "geometry": {"type": "Point", "coordinates": [108.867, 11.549]}, "properties": {"name": "Ninh Thu\u1eadn Sinenergy solar farm", "fuel": "solar", "mw": 50.0, "country": "VNM", "status": "operating"}}, {"type": "Feature", "id": 1808, "geometry": {"type": "Point", "coordinates": [108.826, 11.71]}, "properties": {"name": "Ninh Thu\u1eadn Sunseap solar farm", "fuel": "solar", "mw": 168.0, "country": "VNM", "status": "operating"}}, {"type": "Feature", "id": 1809, "geometry": {"type": "Point", "coordinates": [103.961, 10.216]}, "properties": {"name": "Nui Cam solar farm", "fuel": "solar", "mw": 210.0, "country": "VNM", "status": "operating"}}, {"type": "Feature", "id": 1810, "geometry": {"type": "Point", "coordinates": [105.844, 21.961]}, "properties": {"name": "Nui Coc Lake floating solar farm", "fuel": "solar", "mw": 220.0, "country": "VNM", "status": "planned"}}, {"type": "Feature", "id": 1811, "geometry": {"type": "Point", "coordinates": [109.132, 11.464]}, "properties": {"name": "Nui Mot Lake 2 solar farm", "fuel": "solar", "mw": 80.0, "country": "VNM", "status": "planned"}}, {"type": "Feature", "id": 1812, "geometry": {"type": "Point", "coordinates": [109.115, 14.109]}, "properties": {"name": "Nui Mot Lake solar farm", "fuel": "solar", "mw": 100.0, "country": "VNM", "status": "planned"}}, {"type": "Feature", "id": 1813, "geometry": {"type": "Point", "coordinates": [108.959, 11.422]}, "properties": {"name": "N\u00fai M\u1ed9t Lake solar farm", "fuel": "solar", "mw": 50.0, "country": "VNM", "status": "operating"}}, {"type": "Feature", "id": 1814, "geometry": {"type": "Point", "coordinates": [105.711, 10.273]}, "properties": {"name": "Ong Thap Province solar project", "fuel": "solar", "mw": 3.3, "country": "VNM", "status": "operating"}}, {"type": "Feature", "id": 1815, "geometry": {"type": "Point", "coordinates": [104.183, 22.307]}, "properties": {"name": "Other concentrated electricity solar farm", "fuel": "solar", "mw": 100.0, "country": "VNM", "status": "planned"}}, {"type": "Feature", "id": 1816, "geometry": {"type": "Point", "coordinates": [103.217, 21.655]}, "properties": {"name": "Pa Khoang lake floating solar farm", "fuel": "solar", "mw": 200.0, "country": "VNM", "status": "planned"}}, {"type": "Feature", "id": 1817, "geometry": {"type": "Point", "coordinates": [108.361, 11.328]}, "properties": {"name": "Phan L\u00e2m solar farm", "fuel": "solar", "mw": 37.0, "country": "VNM", "status": "operating"}}, {"type": "Feature", "id": 1818, "geometry": {"type": "Point", "coordinates": [108.36, 11.264]}, "properties": {"name": "Phan L\u00e2m solar farm", "fuel": "solar", "mw": 49.0, "country": "VNM", "status": "operating"}}, {"type": "Feature", "id": 1819, "geometry": {"type": "Point", "coordinates": [105.893, 21.44]}, "properties": {"name": "Pho Yen Ward solar project", "fuel": "solar", "mw": 8.2, "country": "VNM", "status": "operating"}}, {"type": "Feature", "id": 1820, "geometry": {"type": "Point", "coordinates": [107.797, 16.301]}, "properties": {"name": "Phong Dien solar farm", "fuel": "solar", "mw": 35.0, "country": "VNM", "status": "operating"}}, {"type": "Feature", "id": 1821, "geometry": {"type": "Point", "coordinates": [107.797, 16.301]}, "properties": {"name": "Phong Dien solar farm", "fuel": "solar", "mw": 50.0, "country": "VNM", "status": "operating"}}, {"type": "Feature", "id": 1822, "geometry": {"type": "Point", "coordinates": [107.797, 16.301]}, "properties": {"name": "Phong Dien solar farm", "fuel": "solar", "mw": 50.0, "country": "VNM", "status": "planned"}}, {"type": "Feature", "id": 1823, "geometry": {"type": "Point", "coordinates": [107.43, 16.604]}, "properties": {"name": "Phong Dinh Ward Phong Thai Ward solar project", "fuel": "solar", "mw": 1.7, "country": "VNM", "status": "operating"}}, {"type": "Feature", "id": 1824, "geometry": {"type": "Point", "coordinates": [107.566, 16.447]}, "properties": {"name": "Phong H\u00f2a solar farm", "fuel": "solar", "mw": 40.0, "country": "VNM", "status": "planned"}}, {"type": "Feature", "id": 1825, "geometry": {"type": "Point", "coordinates": [108.745, 11.341]}, "properties": {"name": "Phong Ph\u00fa solar farm", "fuel": "solar", "mw": 42.0, "country": "VNM", "status": "operating"}}, {"type": "Feature", "id": 1826, "geometry": {"type": "Point", "coordinates": [107.432, 16.599]}, "properties": {"name": "Phong Thai Ward solar project", "fuel": "solar", "mw": 2.7, "country": "VNM", "status": "operating"}}, {"type": "Feature", "id": 1827, "geometry": {"type": "Point", "coordinates": [107.412, 16.616]}, "properties": {"name": "Phong \u0110i\u1ec1n District solar project", "fuel": "solar", "mw": 5.1, "country": "VNM", "status": "operating"}}, {"type": "Feature", "id": 1828, "geometry": {"type": "Point", "coordinates": [106.674, 11.183]}, "properties": {"name": "Phu Giao 1 solar farm", "fuel": "solar", "mw": 50.0, "country": "VNM", "status": "planned"}}, {"type": "Feature", "id": 1829, "geometry": {"type": "Point", "coordinates": [106.674, 11.183]}, "properties": {"name": "Phu Giao 3 solar farm", "fuel": "solar", "mw": 50.0, "country": "VNM", "status": "planned"}}, {"type": "Feature", "id": 1830, "geometry": {"type": "Point", "coordinates": [103.86, 10.328]}, "properties": {"name": "Phu Quoc solar project I", "fuel": "solar", "mw": 1.3, "country": "VNM", "status": "operating"}}, {"type": "Feature", "id": 1831, "geometry": {"type": "Point", "coordinates": [103.865, 10.326]}, "properties": {"name": "Phu Quoc solar project II", "fuel": "solar", "mw": 2.5, "country": "VNM", "status": "operating"}}, {"type": "Feature", "id": 1832, "geometry": {"type": "Point", "coordinates": [109.132, 11.464]}, "properties": {"name": "Phuoc Chien solar farm", "fuel": "solar", "mw": 200.0, "country": "VNM", "status": "planned"}}, {"type": "Feature", "id": 1833, "geometry": {"type": "Point", "coordinates": [109.132, 11.464]}, "properties": {"name": "Phuoc Ha solar farm", "fuel": "solar", "mw": 100.0, "country": "VNM", "status": "planned"}}, {"type": "Feature", "id": 1834, "geometry": {"type": "Point", "coordinates": [106.915, 11.8]}, "properties": {"name": "Phuoc Hoa solar farm", "fuel": "solar", "mw": 60.4, "country": "VNM", "status": "planned"}}, {"type": "Feature", "id": 1835, "geometry": {"type": "Point", "coordinates": [106.915, 11.8]}, "properties": {"name": "Phuoc Hoa solar farm", "fuel": "solar", "mw": 139.2, "country": "VNM", "status": "planned"}}, {"type": "Feature", "id": 1836, "geometry": {"type": "Point", "coordinates": [106.386, 11.014]}, "properties": {"name": "Phuong An Tinh solar project I", "fuel": "solar", "mw": 3.6, "country": "VNM", "status": "operating"}}, {"type": "Feature", "id": 1837, "geometry": {"type": "Point", "coordinates": [106.398, 11.014]}, "properties": {"name": "Phuong An Tinh solar project II", "fuel": "solar", "mw": 6.0, "country": "VNM", "status": "operating"}}, {"type": "Feature", "id": 1838, "geometry": {"type": "Point", "coordinates": [107.809, 12.092]}, "properties": {"name": "Phuong Bac Gia Nghia solar project", "fuel": "solar", "mw": 1.3, "country": "VNM", "status": "operating"}}, {"type": "Feature", "id": 1839, "geometry": {"type": "Point", "coordinates": [106.894, 11.492]}, "properties": {"name": "Phuong Binh Phuoc solar project I", "fuel": "solar", "mw": 1.2, "country": "VNM", "status": "operating"}}, {"type": "Feature", "id": 1840, "geometry": {"type": "Point", "coordinates": [106.811, 11.481]}, "properties": {"name": "Phuong Binh Phuoc solar project II", "fuel": "solar", "mw": 2.8, "country": "VNM", "status": "operating"}}, {"type": "Feature", "id": 1841, "geometry": {"type": "Point", "coordinates": [108.031, 12.706]}, "properties": {"name": "Phuong Buon Ma Thuot solar project I", "fuel": "solar", "mw": 1.0, "country": "VNM", "status": "operating"}}, {"type": "Feature", "id": 1842, "geometry": {"type": "Point", "coordinates": [107.986, 12.714]}, "properties": {"name": "Phuong Buon Ma Thuot solar project II", "fuel": "solar", "mw": 1.1, "country": "VNM", "status": "operating"}}, {"type": "Feature", "id": 1843, "geometry": {"type": "Point", "coordinates": [106.596, 11.396]}, "properties": {"name": "Phuong Chon Thanh solar project I", "fuel": "solar", "mw": 2.6, "country": "VNM", "status": "operating"}}, {"type": "Feature", "id": 1844, "geometry": {"type": "Point", "coordinates": [106.613, 11.39]}, "properties": {"name": "Phuong Chon Thanh solar project II", "fuel": "solar", "mw": 3.6, "country": "VNM", "status": "operating"}}, {"type": "Feature", "id": 1845, "geometry": {"type": "Point", "coordinates": [108.057, 12.622]}, "properties": {"name": "Phuong Ea Kao solar project", "fuel": "solar", "mw": 1.3, "country": "VNM", "status": "operating"}}, {"type": "Feature", "id": 1846, "geometry": {"type": "Point", "coordinates": [107.227, 10.877]}, "properties": {"name": "Phuong Hang Gon solar project", "fuel": "solar", "mw": 1.6, "country": "VNM", "status": "operating"}}, {"type": "Feature", "id": 1847, "geometry": {"type": "Point", "coordinates": [106.941, 10.973]}, "properties": {"name": "Phuong Ho Nai solar project", "fuel": "solar", "mw": 2.6, "country": "VNM", "status": "operating"}}, {"type": "Feature", "id": 1848, "geometry": {"type": "Point", "coordinates": [109.387, 12.974]}, "properties": {"name": "Phuong Hoa Hiep solar project", "fuel": "solar", "mw": 1.5, "country": "VNM", "status": "operating"}}, {"type": "Feature", "id": 1849, "geometry": {"type": "Point", "coordinates": [107.76, 10.717]}, "properties": {"name": "Phuong La Gi solar project", "fuel": "solar", "mw": 1.0, "country": "VNM", "status": "operating"}}, {"type": "Feature", "id": 1850, "geometry": {"type": "Point", "coordinates": [106.348, 9.976]}, "properties": {"name": "Phuong Long Uc solar project", "fuel": "solar", "mw": 1.8, "country": "VNM", "status": "operating"}}, {"type": "Feature", "id": 1851, "geometry": {"type": "Point", "coordinates": [106.566, 11.384]}, "properties": {"name": "Phuong Minh Hung solar project I", "fuel": "solar", "mw": 6.4, "country": "VNM", "status": "operating"}}, {"type": "Feature", "id": 1852, "geometry": {"type": "Point", "coordinates": [106.544, 11.423]}, "properties": {"name": "Phuong Minh Hung solar project II", "fuel": "solar", "mw": 1.2, "country": "VNM", "status": "operating"}}, {"type": "Feature", "id": 1853, "geometry": {"type": "Point", "coordinates": [106.61, 11.486]}, "properties": {"name": "Phuong Minh Hung solar project III", "fuel": "solar", "mw": 1.1, "country": "VNM", "status": "operating"}}, {"type": "Feature", "id": 1854, "geometry": {"type": "Point", "coordinates": [107.661, 11.961]}, "properties": {"name": "Phuong Nam Gia Nghia solar project I", "fuel": "solar", "mw": 1.2, "country": "VNM", "status": "operating"}}, {"type": "Feature", "id": 1855, "geometry": {"type": "Point", "coordinates": [107.635, 12.031]}, "properties": {"name": "Phuong Nam Gia Nghia solar project II", "fuel": "solar", "mw": 2.8, "country": "VNM", "status": "operating"}}, {"type": "Feature", "id": 1856, "geometry": {"type": "Point", "coordinates": [108.772, 15.125]}, "properties": {"name": "Phuong Nghia Lo solar project", "fuel": "solar", "mw": 1.3, "country": "VNM", "status": "operating"}}, {"type": "Feature", "id": 1857, "geometry": {"type": "Point", "coordinates": [106.328, 9.923]}, "properties": {"name": "Phuong Nguyet Hoa solar project", "fuel": "solar", "mw": 1.0, "country": "VNM", "status": "operating"}}, {"type": "Feature", "id": 1858, "geometry": {"type": "Point", "coordinates": [106.76, 11.508]}, "properties": {"name": "Phuong Ong Xoai solar project", "fuel": "solar", "mw": 1.8, "country": "VNM", "status": "operating"}}, {"type": "Feature", "id": 1859, "geometry": {"type": "Point", "coordinates": [107.043, 11.803]}, "properties": {"name": "Phuong Phuoc Long solar project", "fuel": "solar", "mw": 2.1, "country": "VNM", "status": "operating"}}, {"type": "Feature", "id": 1860, "geometry": {"type": "Point", "coordinates": [108.033, 14.02]}, "properties": {"name": "Phuong Pleiku solar project", "fuel": "solar", "mw": 2.2, "country": "VNM", "status": "operating"}}, {"type": "Feature", "id": 1861, "geometry": {"type": "Point", "coordinates": [108.008, 12.642]}, "properties": {"name": "Phuong Thanh Nhat solar project", "fuel": "solar", "mw": 1.0, "country": "VNM", "status": "operating"}}, {"type": "Feature", "id": 1862, "geometry": {"type": "Point", "coordinates": [105.015, 10.593]}, "properties": {"name": "Phuong Thoi Son solar project", "fuel": "solar", "mw": 2.4, "country": "VNM", "status": "operating"}}, {"type": "Feature", "id": 1863, "geometry": {"type": "Point", "coordinates": [106.859, 11.006]}, "properties": {"name": "Phuong Trang Dai solar project", "fuel": "solar", "mw": 3.6, "country": "VNM", "status": "operating"}}, {"type": "Feature", "id": 1864, "geometry": {"type": "Point", "coordinates": [105.1, 10.094]}, "properties": {"name": "Phuong Vinh Thong solar project", "fuel": "solar", "mw": 4.6, "country": "VNM", "status": "operating"}}, {"type": "Feature", "id": 1865, "geometry": {"type": "Point", "coordinates": [108.567, 11.866]}, "properties": {"name": "Phuong Xuan Truong - A Lat solar project", "fuel": "solar", "mw": 1.5, "country": "VNM", "status": "operating"}}, {"type": "Feature", "id": 1866, "geometry": {"type": "Point", "coordinates": [108.968, 14.06]}, "properties": {"name": "Ph\u00f9 C\u00e1t District solar project", "fuel": "solar", "mw": 4.8, "country": "VNM", "status": "operating"}}, {"type": "Feature", "id": 1867, "geometry": {"type": "Point", "coordinates": [109.164, 14.293]}, "properties": {"name": "Ph\u00f9 M\u1ef9 (BCG) solar farm", "fuel": "solar", "mw": 144.0, "country": "VNM", "status": "operating"}}, {"type": "Feature", "id": 1868, "geometry": {"type": "Point", "coordinates": [109.102, 14.245]}, "properties": {"name": "Ph\u00f9 M\u1ef9 (BCG) solar farm", "fuel": "solar", "mw": 110.0, "country": "VNM", "status": "operating"}}, {"type": "Feature", "id": 1869, "geometry": {"type": "Point", "coordinates": [109.152, 14.312]}, "properties": {"name": "Ph\u00f9 M\u1ef9 (BCG) solar farm", "fuel": "solar", "mw": 100.0, "country": "VNM", "status": "operating"}}, {"type": "Feature", "id": 1870, "geometry": {"type": "Point", "coordinates": [106.728, 11.422]}, "properties": {"name": "Ph\u00fa Gi\u00e1o District solar project I", "fuel": "solar", "mw": 4.5, "country": "VNM", "status": "operating"}}, {"type": "Feature", "id": 1871, "geometry": {"type": "Point", "coordinates": [106.908, 11.293]}, "properties": {"name": "Ph\u00fa Gi\u00e1o District solar project II", "fuel": "solar", "mw": 3.9, "country": "VNM", "status": "operating"}}, {"type": "Feature", "id": 1872, "geometry": {"type": "Point", "coordinates": [106.702, 11.344]}, "properties": {"name": "Ph\u00fa Gi\u00e1o District solar project III", "fuel": "solar", "mw": 2.6, "country": "VNM", "status": "operating"}}, {"type": "Feature", "id": 1873, "geometry": {"type": "Point", "coordinates": [109.192, 13.097]}, "properties": {"name": "Ph\u00fa H\u00f2a District solar project I", "fuel": "solar", "mw": 4.1, "country": "VNM", "status": "operating"}}, {"type": "Feature", "id": 1874, "geometry": {"type": "Point", "coordinates": [109.136, 13.081]}, "properties": {"name": "Ph\u00fa H\u00f2a District solar project II", "fuel": "solar", "mw": 5.7, "country": "VNM", "status": "operating"}}, {"type": "Feature", "id": 1875, "geometry": {"type": "Point", "coordinates": [108.956, 10.508]}, "properties": {"name": "Ph\u00fa Qu\u00fd District solar project", "fuel": "solar", "mw": 2.2, "country": "VNM", "status": "operating"}}, {"type": "Feature", "id": 1876, "geometry": {"type": "Point", "coordinates": [106.936, 11.752]}, "properties": {"name": "Ph\u00fa Ri\u1ec1ng District solar project I", "fuel": "solar", "mw": 1.2, "country": "VNM", "status": "operating"}}, {"type": "Feature", "id": 1877, "geometry": {"type": "Point", "coordinates": [107.027, 11.636]}, "properties": {"name": "Ph\u00fa Ri\u1ec1ng District solar project II", "fuel": "solar", "mw": 3.7, "country": "VNM", "status": "operating"}}, {"type": "Feature", "id": 1878, "geometry": {"type": "Point", "coordinates": [108.15, 13.834]}, "properties": {"name": "Ph\u00fa Thi\u1ec7n solar power plant", "fuel": "solar", "mw": 32.0, "country": "VNM", "status": "planned"}}, {"type": "Feature", "id": 1879, "geometry": {"type": "Point", "coordinates": [109.099, 12.966]}, "properties": {"name": "Ph\u00fa Y\u00ean Europlast solar farm", "fuel": "solar", "mw": 50.0, "country": "VNM", "status": "operating"}}, {"type": "Feature", "id": 1880, "geometry": {"type": "Point", "coordinates": [109.096, 13.062]}, "properties": {"name": "Ph\u00fa Y\u00ean solar farm", "fuel": "solar", "mw": 257.0, "country": "VNM", "status": "operating"}}, {"type": "Feature", "id": 1881, "geometry": {"type": "Point", "coordinates": [108.843, 11.501]}, "properties": {"name": "Ph\u01b0\u1edbc H\u1eefu - \u0110i\u1ec7n L\u1ef1c solar farm", "fuel": "solar", "mw": 30.0, "country": "VNM", "status": "operating"}}, {"type": "Feature", "id": 1882, "geometry": {"type": "Point", "coordinates": [108.924, 11.673]}, "properties": {"name": "Ph\u01b0\u1edbc H\u1eefu 2 solar farm", "fuel": "solar", "mw": 184.0, "country": "VNM", "status": "planned"}}, {"type": "Feature", "id": 1883, "geometry": {"type": "Point", "coordinates": [108.848, 11.509]}, "properties": {"name": "Ph\u01b0\u1edbc H\u1eefu solar farm", "fuel": "solar", "mw": 50.0, "country": "VNM", "status": "operating"}}, {"type": "Feature", "id": 1884, "geometry": {"type": "Point", "coordinates": [105.456, 9.462]}, "properties": {"name": "Ph\u01b0\u1edbc Long District solar project I", "fuel": "solar", "mw": 11.9, "country": "VNM", "status": "operating"}}, {"type": "Feature", "id": 1885, "geometry": {"type": "Point", "coordinates": [105.374, 9.371]}, "properties": {"name": "Ph\u01b0\u1edbc Long District solar project II", "fuel": "solar", "mw": 6.1, "country": "VNM", "status": "operating"}}, {"type": "Feature", "id": 1886, "geometry": {"type": "Point", "coordinates": [105.414, 9.417]}, "properties": {"name": "Ph\u01b0\u1edbc Long District solar project III", "fuel": "solar", "mw": 8.3, "country": "VNM", "status": "operating"}}, {"type": "Feature", "id": 1887, "geometry": {"type": "Point", "coordinates": [105.407, 9.434]}, "properties": {"name": "Ph\u01b0\u1edbc Long District solar project IV", "fuel": "solar", "mw": 5.0, "country": "VNM", "status": "operating"}}, {"type": "Feature", "id": 1888, "geometry": {"type": "Point", "coordinates": [108.889, 11.446]}, "properties": {"name": "Ph\u01b0\u1edbc Minh Adani solar farm", "fuel": "solar", "mw": 50.0, "country": "VNM", "status": "operating"}}, {"type": "Feature", "id": 1889, "geometry": {"type": "Point", "coordinates": [108.891, 11.452]}, "properties": {"name": "Ph\u01b0\u1edbc Ninh solar farm", "fuel": "solar", "mw": 45.0, "country": "VNM", "status": "operating"}}, {"type": "Feature", "id": 1890, "geometry": {"type": "Point", "coordinates": [108.891, 11.452]}, "properties": {"name": "Ph\u01b0\u1edbc Ninh solar farm", "fuel": "solar", "mw": 50.0, "country": "VNM", "status": "planned"}}, {"type": "Feature", "id": 1891, "geometry": {"type": "Point", "coordinates": [108.891, 11.452]}, "properties": {"name": "Ph\u01b0\u1edbc Ninh solar farm", "fuel": "solar", "mw": 38.0, "country": "VNM", "status": "planned"}}, {"type": "Feature", "id": 1892, "geometry": {"type": "Point", "coordinates": [108.863, 11.57]}, "properties": {"name": "Ph\u01b0\u1edbc Th\u00e1i solar farm", "fuel": "solar", "mw": 50.0, "country": "VNM", "status": "operating"}}, {"type": "Feature", "id": 1893, "geometry": {"type": "Point", "coordinates": [108.88, 11.562]}, "properties": {"name": "Ph\u01b0\u1edbc Th\u00e1i solar farm", "fuel": "solar", "mw": 100.0, "country": "VNM", "status": "operating"}}, {"type": "Feature", "id": 1894, "geometry": {"type": "Point", "coordinates": [108.88, 11.562]}, "properties": {"name": "Ph\u01b0\u1edbc Th\u00e1i solar farm", "fuel": "solar", "mw": 50.0, "country": "VNM", "status": "operating"}}, {"type": "Feature", "id": 1895, "geometry": {"type": "Point", "coordinates": [108.901, 11.772]}, "properties": {"name": "Ph\u01b0\u1edbc Trung 2 solar farm", "fuel": "solar", "mw": 50.0, "country": "VNM", "status": "planned"}}, {"type": "Feature", "id": 1896, "geometry": {"type": "Point", "coordinates": [108.966, 11.684]}, "properties": {"name": "Ph\u01b0\u1edbc Trung solar farm", "fuel": "solar", "mw": 50.0, "country": "VNM", "status": "operating"}}, {"type": "Feature", "id": 1897, "geometry": {"type": "Point", "coordinates": [105.746, 9.819]}, "properties": {"name": "Ph\u1ee5ng Hi\u1ec7p District solar project", "fuel": "solar", "mw": 4.1, "country": "VNM", "status": "operating"}}, {"type": "Feature", "id": 1898, "geometry": {"type": "Point", "coordinates": [108.635, 14.02]}, "properties": {"name": "Plei Tho Ga 1 floating solar farm", "fuel": "solar", "mw": 35.0, "country": "VNM", "status": "planned"}}, {"type": "Feature", "id": 1899, "geometry": {"type": "Point", "coordinates": [108.635, 14.02]}, "properties": {"name": "Plei Tho Ga 2 floating solar farm", "fuel": "solar", "mw": 20.0, "country": "VNM", "status": "planned"}}, {"type": "Feature", "id": 1900, "geometry": {"type": "Point", "coordinates": [107.932, 14.7]}, "properties": {"name": "Pleikrong floating solar farm", "fuel": "solar", "mw": 40.0, "country": "VNM", "status": "planned"}}, {"type": "Feature", "id": 1901, "geometry": {"type": "Point", "coordinates": [107.941, 13.922]}, "properties": {"name": "Pleiku Ia Grai District solar project", "fuel": "solar", "mw": 2.7, "country": "VNM", "status": "operating"}}, {"type": "Feature", "id": 1902, "geometry": {"type": "Point", "coordinates": [108.036, 14.013]}, "properties": {"name": "Pleiku Ward Phuong Pleiku solar project", "fuel": "solar", "mw": 1.9, "country": "VNM", "status": "operating"}}, {"type": "Feature", "id": 1903, "geometry": {"type": "Point", "coordinates": [106.623, 17.516]}, "properties": {"name": "Quang Binh 1 solar farm", "fuel": "solar", "mw": 120.0, "country": "VNM", "status": "planned"}}, {"type": "Feature", "id": 1904, "geometry": {"type": "Point", "coordinates": [106.623, 17.516]}, "properties": {"name": "Quang Binh 2 solar farm", "fuel": "solar", "mw": 80.0, "country": "VNM", "status": "planned"}}, {"type": "Feature", "id": 1905, "geometry": {"type": "Point", "coordinates": [106.623, 17.516]}, "properties": {"name": "Quang Binh solar farm", "fuel": "solar", "mw": 150.0, "country": "VNM", "status": "planned"}}, {"type": "Feature", "id": 1906, "geometry": {"type": "Point", "coordinates": [107.828, 12.811]}, "properties": {"name": "Quang Minh solar farm", "fuel": "solar", "mw": 129.0, "country": "VNM", "status": "operating"}}, {"type": "Feature", "id": 1907, "geometry": {"type": "Point", "coordinates": [109.009, 14.784]}, "properties": {"name": "Quang Ngai Province solar project", "fuel": "solar", "mw": 2.1, "country": "VNM", "status": "operating"}}, {"type": "Feature", "id": 1908, "geometry": {"type": "Point", "coordinates": [105.819, 19.777]}, "properties": {"name": "Quang Phu Ward solar project", "fuel": "solar", "mw": 4.2, "country": "VNM", "status": "operating"}}, {"type": "Feature", "id": 1909, "geometry": {"type": "Point", "coordinates": [109.132, 11.464]}, "properties": {"name": "Quang Son 2 solar farm", "fuel": "solar", "mw": 96.0, "country": "VNM", "status": "planned"}}, {"type": "Feature", "id": 1910, "geometry": {"type": "Point", "coordinates": [106.94, 17.051]}, "properties": {"name": "Quang Tri Province solar project I", "fuel": "solar", "mw": 2.4, "country": "VNM", "status": "operating"}}, {"type": "Feature", "id": 1911, "geometry": {"type": "Point", "coordinates": [106.929, 16.987]}, "properties": {"name": "Quang Tri Province solar project II", "fuel": "solar", "mw": 3.0, "country": "VNM", "status": "operating"}}, {"type": "Feature", "id": 1912, "geometry": {"type": "Point", "coordinates": [106.936, 17.058]}, "properties": {"name": "Quang Tri Province solar project III", "fuel": "solar", "mw": 6.7, "country": "VNM", "status": "operating"}}, {"type": "Feature", "id": 1913, "geometry": {"type": "Point", "coordinates": [106.685, 17.209]}, "properties": {"name": "Quang Tri Province solar project IV", "fuel": "solar", "mw": 3.3, "country": "VNM", "status": "operating"}}, {"type": "Feature", "id": 1914, "geometry": {"type": "Point", "coordinates": [106.491, 17.432]}, "properties": {"name": "Quang Tri Province solar project IX", "fuel": "solar", "mw": 2.9, "country": "VNM", "status": "operating"}}, {"type": "Feature", "id": 1915, "geometry": {"type": "Point", "coordinates": [107.094, 16.89]}, "properties": {"name": "Quang Tri Province solar project V", "fuel": "solar", "mw": 1.8, "country": "VNM", "status": "operating"}}, {"type": "Feature", "id": 1916, "geometry": {"type": "Point", "coordinates": [106.603, 16.621]}, "properties": {"name": "Quang Tri Province solar project VI", "fuel": "solar", "mw": 1.4, "country": "VNM", "status": "operating"}}, {"type": "Feature", "id": 1917, "geometry": {"type": "Point", "coordinates": [107.107, 17.015]}, "properties": {"name": "Quang Tri Province solar project VII", "fuel": "solar", "mw": 1.5, "country": "VNM", "status": "operating"}}, {"type": "Feature", "id": 1918, "geometry": {"type": "Point", "coordinates": [106.978, 16.996]}, "properties": {"name": "Quang Tri Province solar project VIII", "fuel": "solar", "mw": 1.5, "country": "VNM", "status": "operating"}}, {"type": "Feature", "id": 1919, "geometry": {"type": "Point", "coordinates": [107.094, 17.049]}, "properties": {"name": "Quang Tri Province solar project X", "fuel": "solar", "mw": 5.3, "country": "VNM", "status": "operating"}}, {"type": "Feature", "id": 1920, "geometry": {"type": "Point", "coordinates": [106.966, 16.788]}, "properties": {"name": "Quang Tri Province solar project XI", "fuel": "solar", "mw": 4.1, "country": "VNM", "status": "operating"}}, {"type": "Feature", "id": 1921, "geometry": {"type": "Point", "coordinates": [107.003, 16.866]}, "properties": {"name": "Quang Tri Province solar project XII", "fuel": "solar", "mw": 2.1, "country": "VNM", "status": "operating"}}, {"type": "Feature", "id": 1922, "geometry": {"type": "Point", "coordinates": [106.958, 16.787]}, "properties": {"name": "Quang Tri Province solar project XIII", "fuel": "solar", "mw": 4.3, "country": "VNM", "status": "operating"}}, {"type": "Feature", "id": 1923, "geometry": {"type": "Point", "coordinates": [107.083, 17.031]}, "properties": {"name": "Quang Tri Province solar project XIV", "fuel": "solar", "mw": 1.8, "country": "VNM", "status": "operating"}}, {"type": "Feature", "id": 1924, "geometry": {"type": "Point", "coordinates": [106.927, 16.829]}, "properties": {"name": "Quang Tri Province solar project XV", "fuel": "solar", "mw": 3.1, "country": "VNM", "status": "operating"}}, {"type": "Feature", "id": 1925, "geometry": {"type": "Point", "coordinates": [107.162, 11.428]}, "properties": {"name": "Quarry lakes (Tan Hanh lake Binh Hoa lake Tan Van lake Hoa An lake Tan Ban lake) solar farm", "fuel": "solar", "mw": 100.0, "country": "VNM", "status": "planned"}}, {"type": "Feature", "id": 1926, "geometry": {"type": "Point", "coordinates": [107.201, 21.172]}, "properties": {"name": "Quat Dong Lake solar farm", "fuel": "solar", "mw": 50.0, "country": "VNM", "status": "planned"}}, {"type": "Feature", "id": 1927, "geometry": {"type": "Point", "coordinates": [106.363, 17.771]}, "properties": {"name": "Qu\u1ea3ng Tr\u1ea1ch District solar project I", "fuel": "solar", "mw": 2.2, "country": "VNM", "status": "operating"}}, {"type": "Feature", "id": 1928, "geometry": {"type": "Point", "coordinates": [106.448, 17.778]}, "properties": {"name": "Qu\u1ea3ng Tr\u1ea1ch District solar project II", "fuel": "solar", "mw": 5.1, "country": "VNM", "status": "operating"}}, {"type": "Feature", "id": 1929, "geometry": {"type": "Point", "coordinates": [107.045, 16.912]}, "properties": {"name": "Qu\u1ea3ng Tr\u1ecb Lig solar farm", "fuel": "solar", "mw": 50.0, "country": "VNM", "status": "operating"}}, {"type": "Feature", "id": 1930, "geometry": {"type": "Point", "coordinates": [107.462, 16.594]}, "properties": {"name": "Qu\u1ea3ng \u0110i\u1ec1n District solar project I", "fuel": "solar", "mw": 4.2, "country": "VNM", "status": "operating"}}, {"type": "Feature", "id": 1931, "geometry": {"type": "Point", "coordinates": [107.442, 16.607]}, "properties": {"name": "Qu\u1ea3ng \u0110i\u1ec1n District solar project II", "fuel": "solar", "mw": 2.4, "country": "VNM", "status": "operating"}}, {"type": "Feature", "id": 1932, "geometry": {"type": "Point", "coordinates": [108.2, 15.63]}, "properties": {"name": "Qu\u1ebf S\u01a1n District solar project I", "fuel": "solar", "mw": 2.2, "country": "VNM", "status": "operating"}}, {"type": "Feature", "id": 1933, "geometry": {"type": "Point", "coordinates": [108.249, 15.704]}, "properties": {"name": "Qu\u1ebf S\u01a1n District solar project II", "fuel": "solar", "mw": 2.6, "country": "VNM", "status": "operating"}}, {"type": "Feature", "id": 1934, "geometry": {"type": "Point", "coordinates": [103.217, 21.655]}, "properties": {"name": "Rang Dong solar farm", "fuel": "solar", "mw": 200.0, "country": "VNM", "status": "planned"}}, {"type": "Feature", "id": 1935, "geometry": {"type": "Point", "coordinates": [107.201, 10.481]}, "properties": {"name": "RedSun solar farm", "fuel": "solar", "mw": 60.0, "country": "VNM", "status": "planned"}}, {"type": "Feature", "id": 1936, "geometry": {"type": "Point", "coordinates": [102.975, 21.28]}, "properties": {"name": "Sam Mun Commune solar project", "fuel": "solar", "mw": 2.0, "country": "VNM", "status": "operating"}}, {"type": "Feature", "id": 1937, "geometry": {"type": "Point", "coordinates": [105.639, 9.788]}, "properties": {"name": "Sao Mai 1 solar farm", "fuel": "solar", "mw": 50.0, "country": "VNM", "status": "planned"}}, {"type": "Feature", "id": 1938, "geometry": {"type": "Point", "coordinates": [105.639, 9.788]}, "properties": {"name": "Sao Mai 1 solar farm", "fuel": "solar", "mw": 172.0, "country": "VNM", "status": "planned"}}, {"type": "Feature", "id": 1939, "geometry": {"type": "Point", "coordinates": [105.639, 9.788]}, "properties": {"name": "Sao Mai 2 solar farm", "fuel": "solar", "mw": 200.0, "country": "VNM", "status": "planned"}}, {"type": "Feature", "id": 1940, "geometry": {"type": "Point", "coordinates": [107.932, 14.7]}, "properties": {"name": "Se San 3A Hydro solar farm", "fuel": "solar", "mw": 25.0, "country": "VNM", "status": "planned"}}, {"type": "Feature", "id": 1941, "geometry": {"type": "Point", "coordinates": [107.162, 11.428]}, "properties": {"name": "Semi-flooded areas solar farm", "fuel": "solar", "mw": 160.0, "country": "VNM", "status": "planned"}}, {"type": "Feature", "id": 1942, "geometry": {"type": "Point", "coordinates": [104.158, 21.228]}, "properties": {"name": "Son La 1.1 floating solar farm", "fuel": "solar", "mw": 350.0, "country": "VNM", "status": "planned"}}, {"type": "Feature", "id": 1943, "geometry": {"type": "Point", "coordinates": [104.158, 21.228]}, "properties": {"name": "Son La 1.2 floating solar farm", "fuel": "solar", "mw": 350.0, "country": "VNM", "status": "planned"}}, {"type": "Feature", "id": 1944, "geometry": {"type": "Point", "coordinates": [104.158, 21.228]}, "properties": {"name": "Son La 2 floating solar farm", "fuel": "solar", "mw": 350.0, "country": "VNM", "status": "planned"}}, {"type": "Feature", "id": 1945, "geometry": {"type": "Point", "coordinates": [104.158, 21.228]}, "properties": {"name": "Son La floating solar farm", "fuel": "solar", "mw": 800.0, "country": "VNM", "status": "planned"}}, {"type": "Feature", "id": 1946, "geometry": {"type": "Point", "coordinates": [109.239, 13.2]}, "properties": {"name": "Song Ba Ha River floating solar farm", "fuel": "solar", "mw": 220.0, "country": "VNM", "status": "planned"}}, {"type": "Feature", "id": 1947, "geometry": {"type": "Point", "coordinates": [108.003, 10.969]}, "properties": {"name": "Song Binh 4 solar farm", "fuel": "solar", "mw": 130.0, "country": "VNM", "status": "planned"}}, {"type": "Feature", "id": 1948, "geometry": {"type": "Point", "coordinates": [108.003, 10.969]}, "properties": {"name": "Song Binh 4 solar farm", "fuel": "solar", "mw": 70.0, "country": "VNM", "status": "planned"}}, {"type": "Feature", "id": 1949, "geometry": {"type": "Point", "coordinates": [109.239, 13.2]}, "properties": {"name": "Song Hinh Lake 3 floating solar farm", "fuel": "solar", "mw": 200.0, "country": "VNM", "status": "planned"}}, {"type": "Feature", "id": 1950, "geometry": {"type": "Point", "coordinates": [109.239, 13.2]}, "properties": {"name": "Song Hinh lake floating solar farm", "fuel": "solar", "mw": 200.0, "country": "VNM", "status": "planned"}}, {"type": "Feature", "id": 1951, "geometry": {"type": "Point", "coordinates": [104.158, 21.228]}, "properties": {"name": "Song Ma 1 solar farm", "fuel": "solar", "mw": 50.0, "country": "VNM", "status": "planned"}}, {"type": "Feature", "id": 1952, "geometry": {"type": "Point", "coordinates": [104.158, 21.228]}, "properties": {"name": "Song Ma 2 solar farm", "fuel": "solar", "mw": 50.0, "country": "VNM", "status": "planned"}}, {"type": "Feature", "id": 1953, "geometry": {"type": "Point", "coordinates": [103.217, 21.655]}, "properties": {"name": "Song Ma 3 hydropower reservoir solar farm", "fuel": "solar", "mw": 100.0, "country": "VNM", "status": "planned"}}, {"type": "Feature", "id": 1954, "geometry": {"type": "Point", "coordinates": [104.158, 21.228]}, "properties": {"name": "Song Ma 3 solar farm", "fuel": "solar", "mw": 60.0, "country": "VNM", "status": "planned"}}, {"type": "Feature", "id": 1955, "geometry": {"type": "Point", "coordinates": [103.708, 21.113]}, "properties": {"name": "Song Ma Commune solar project", "fuel": "solar", "mw": 2.3, "country": "VNM", "status": "operating"}}, {"type": "Feature", "id": 1956, "geometry": {"type": "Point", "coordinates": [105.762, 18.351]}, "properties": {"name": "Song Rac floating solar farm", "fuel": "solar", "mw": 180.0, "country": "VNM", "status": "planned"}}, {"type": "Feature", "id": 1957, "geometry": {"type": "Point", "coordinates": [105.762, 18.351]}, "properties": {"name": "Song Rac floating solar farm", "fuel": "solar", "mw": 220.0, "country": "VNM", "status": "planned"}}, {"type": "Feature", "id": 1958, "geometry": {"type": "Point", "coordinates": [109.132, 11.464]}, "properties": {"name": "Song Sat lake solar farm", "fuel": "solar", "mw": 70.0, "country": "VNM", "status": "planned"}}, {"type": "Feature", "id": 1959, "geometry": {"type": "Point", "coordinates": [109.132, 11.464]}, "properties": {"name": "Song Than Lake Reservoir solar farm", "fuel": "solar", "mw": 50.0, "country": "VNM", "status": "planned"}}, {"type": "Feature", "id": 1960, "geometry": {"type": "Point", "coordinates": [109.027, 14.475]}, "properties": {"name": "South Hoai Nhon Ward Phuong Hoai Nhon Nam solar project", "fuel": "solar", "mw": 2.7, "country": "VNM", "status": "operating"}}, {"type": "Feature", "id": 1961, "geometry": {"type": "Point", "coordinates": [108.862, 11.584]}, "properties": {"name": "Sp Infra 1 solar farm", "fuel": "solar", "mw": 50.0, "country": "VNM", "status": "operating"}}, {"type": "Feature", "id": 1962, "geometry": {"type": "Point", "coordinates": [107.712, 12.879]}, "properties": {"name": "Srepok 1 solar farm", "fuel": "solar", "mw": 50.0, "country": "VNM", "status": "operating"}}, {"type": "Feature", "id": 1963, "geometry": {"type": "Point", "coordinates": [108.798, 12.874]}, "properties": {"name": "Srepok 3 KN Hydro solar farm", "fuel": "solar", "mw": 304.0, "country": "VNM", "status": "planned"}}, {"type": "Feature", "id": 1964, "geometry": {"type": "Point", "coordinates": [108.798, 12.874]}, "properties": {"name": "Srepok 3 hydropower reservoir solar farm", "fuel": "solar", "mw": 50.0, "country": "VNM", "status": "planned"}}, {"type": "Feature", "id": 1965, "geometry": {"type": "Point", "coordinates": [106.915, 11.8]}, "properties": {"name": "Srok Phu Mieng lake floating solar farm", "fuel": "solar", "mw": 120.0, "country": "VNM", "status": "planned"}}, {"type": "Feature", "id": 1966, "geometry": {"type": "Point", "coordinates": [106.915, 11.8]}, "properties": {"name": "Srok Phu Mieng lake floating solar farm", "fuel": "solar", "mw": 100.0, "country": "VNM", "status": "planned"}}, {"type": "Feature", "id": 1967, "geometry": {"type": "Point", "coordinates": [108.3, 12.812]}, "properties": {"name": "Sr\u00eap\u1ed1k 3 solar farm", "fuel": "solar", "mw": 100.0, "country": "VNM", "status": "planned"}}, {"type": "Feature", "id": 1968, "geometry": {"type": "Point", "coordinates": [105.837, 21.021]}, "properties": {"name": "Suoi Hai Lake floating solar farm", "fuel": "solar", "mw": 120.0, "country": "VNM", "status": "planned"}}, {"type": "Feature", "id": 1969, "geometry": {"type": "Point", "coordinates": [108.004, 14.361]}, "properties": {"name": "S\u00ea San 4 solar farm", "fuel": "solar", "mw": 49.0, "country": "VNM", "status": "operating"}}, {"type": "Feature", "id": 1970, "geometry": {"type": "Point", "coordinates": [106.068, 9.371]}, "properties": {"name": "S\u00f3c Tr\u0103ng Province solar project", "fuel": "solar", "mw": 7.9, "country": "VNM", "status": "operating"}}, {"type": "Feature", "id": 1971, "geometry": {"type": "Point", "coordinates": [107.9, 11.0]}, "properties": {"name": "S\u00f4ng B\u00ecnh (EVN) solar farm", "fuel": "solar", "mw": 200.0, "country": "VNM", "status": "planned"}}, {"type": "Feature", "id": 1972, "geometry": {"type": "Point", "coordinates": [108.328, 11.199]}, "properties": {"name": "S\u00f4ng L\u0169y 1 solar farm", "fuel": "solar", "mw": 47.0, "country": "VNM", "status": "operating"}}, {"type": "Feature", "id": 1973, "geometry": {"type": "Point", "coordinates": [108.951, 13.108]}, "properties": {"name": "S\u01a1n H\u00f2a District solar project", "fuel": "solar", "mw": 6.2, "country": "VNM", "status": "operating"}}, {"type": "Feature", "id": 1974, "geometry": {"type": "Point", "coordinates": [103.987, 21.351]}, "properties": {"name": "S\u01a1n La solar project", "fuel": "solar", "mw": 3.2, "country": "VNM", "status": "operating"}}, {"type": "Feature", "id": 1975, "geometry": {"type": "Point", "coordinates": [107.669, 10.659]}, "properties": {"name": "S\u01a1n M\u1ef9 solar farm", "fuel": "solar", "mw": 50.0, "country": "VNM", "status": "operating"}}, {"type": "Feature", "id": 1976, "geometry": {"type": "Point", "coordinates": [106.01, 18.19]}, "properties": {"name": "S\u01a1n Quang solar farm", "fuel": "solar", "mw": 23.2, "country": "VNM", "status": "planned"}}, {"type": "Feature", "id": 1977, "geometry": {"type": "Point", "coordinates": [108.658, 15.242]}, "properties": {"name": "S\u01a1n T\u1ecbnh District solar project I", "fuel": "solar", "mw": 6.6, "country": "VNM", "status": "operating"}}, {"type": "Feature", "id": 1978, "geometry": {"type": "Point", "coordinates": [108.691, 15.208]}, "properties": {"name": "S\u01a1n T\u1ecbnh District solar project II", "fuel": "solar", "mw": 13.3, "country": "VNM", "status": "operating"}}, {"type": "Feature", "id": 1979, "geometry": {"type": "Point", "coordinates": [108.653, 15.187]}, "properties": {"name": "S\u01a1n T\u1ecbnh District solar project III", "fuel": "solar", "mw": 7.2, "country": "VNM", "status": "operating"}}, {"type": "Feature", "id": 1980, "geometry": {"type": "Point", "coordinates": [106.281, 11.027]}, "properties": {"name": "TTCIZ solar farm", "fuel": "solar", "mw": 69.0, "country": "VNM", "status": "operating"}}, {"type": "Feature", "id": 1981, "geometry": {"type": "Point", "coordinates": [106.281, 11.027]}, "properties": {"name": "TTCIZ solar farm", "fuel": "solar", "mw": 50.0, "country": "VNM", "status": "operating"}}, {"type": "Feature", "id": 1982, "geometry": {"type": "Point", "coordinates": [109.132, 11.464]}, "properties": {"name": "Ta Ranh Lake solar farm", "fuel": "solar", "mw": 39.5, "country": "VNM", "status": "planned"}}, {"type": "Feature", "id": 1983, "geometry": {"type": "Point", "coordinates": [107.961, 11.624]}, "properties": {"name": "Tam B\u1ed1 solar farm", "fuel": "solar", "mw": 40.0, "country": "VNM", "status": "planned"}}, {"type": "Feature", "id": 1984, "geometry": {"type": "Point", "coordinates": [107.576, 16.462]}, "properties": {"name": "Tam Giang Hydro solar farm", "fuel": "solar", "mw": 600.0, "country": "VNM", "status": "planned"}}, {"type": "Feature", "id": 1985, "geometry": {"type": "Point", "coordinates": [105.927, 10.425]}, "properties": {"name": "Tam Nong solar farm", "fuel": "solar", "mw": 100.0, "country": "VNM", "status": "planned"}}, {"type": "Feature", "id": 1986, "geometry": {"type": "Point", "coordinates": [106.261, 11.08]}, "properties": {"name": "Tan Chau - Tuan Dung solar farm", "fuel": "solar", "mw": 314.0, "country": "VNM", "status": "planned"}}, {"type": "Feature", "id": 1987, "geometry": {"type": "Point", "coordinates": [106.264, 11.475]}, "properties": {"name": "Tan Chau solar farm", "fuel": "solar", "mw": 41.0, "country": "VNM", "status": "operating"}}, {"type": "Feature", "id": 1988, "geometry": {"type": "Point", "coordinates": [108.003, 10.969]}, "properties": {"name": "Tan Duc 1 solar farm", "fuel": "solar", "mw": 50.0, "country": "VNM", "status": "planned"}}, {"type": "Feature", "id": 1989, "geometry": {"type": "Point", "coordinates": [109.132, 11.464]}, "properties": {"name": "Tan Giang Lake solar farm", "fuel": "solar", "mw": 50.0, "country": "VNM", "status": "planned"}}, {"type": "Feature", "id": 1990, "geometry": {"type": "Point", "coordinates": [105.927, 10.425]}, "properties": {"name": "Tan Hong solar farm", "fuel": "solar", "mw": 50.0, "country": "VNM", "status": "planned"}}, {"type": "Feature", "id": 1991, "geometry": {"type": "Point", "coordinates": [106.915, 11.8]}, "properties": {"name": "Tan Hung 1 solar farm", "fuel": "solar", "mw": 44.0, "country": "VNM", "status": "planned"}}, {"type": "Feature", "id": 1992, "geometry": {"type": "Point", "coordinates": [106.915, 11.8]}, "properties": {"name": "Tan Hung 2 solar farm", "fuel": "solar", "mw": 44.0, "country": "VNM", "status": "planned"}}, {"type": "Feature", "id": 1993, "geometry": {"type": "Point", "coordinates": [104.518, 21.809]}, "properties": {"name": "Tan Linh solar farm", "fuel": "solar", "mw": 50.0, "country": "VNM", "status": "planned"}}, {"type": "Feature", "id": 1994, "geometry": {"type": "Point", "coordinates": [106.915, 11.8]}, "properties": {"name": "Tan Long solar farm", "fuel": "solar", "mw": 32.0, "country": "VNM", "status": "planned"}}, {"type": "Feature", "id": 1995, "geometry": {"type": "Point", "coordinates": [106.674, 11.183]}, "properties": {"name": "Tan Uyen 3 solar farm", "fuel": "solar", "mw": 50.0, "country": "VNM", "status": "planned"}}, {"type": "Feature", "id": 1996, "geometry": {"type": "Point", "coordinates": [109.239, 13.2]}, "properties": {"name": "Tay Hoa 1 solar farm", "fuel": "solar", "mw": 50.0, "country": "VNM", "status": "planned"}}, {"type": "Feature", "id": 1997, "geometry": {"type": "Point", "coordinates": [109.239, 13.2]}, "properties": {"name": "Tay Hoa 2 solar farm", "fuel": "solar", "mw": 60.0, "country": "VNM", "status": "planned"}}, {"type": "Feature", "id": 1998, "geometry": {"type": "Point", "coordinates": [109.239, 13.2]}, "properties": {"name": "Tay Hoa 3 solar farm", "fuel": "solar", "mw": 70.0, "country": "VNM", "status": "planned"}}, {"type": "Feature", "id": 1999, "geometry": {"type": "Point", "coordinates": [106.645, 10.576]}, "properties": {"name": "Tay Ninh Province solar project I", "fuel": "solar", "mw": 1.1, "country": "VNM", "status": "operating"}}, {"type": "Feature", "id": 2000, "geometry": {"type": "Point", "coordinates": [106.535, 10.558]}, "properties": {"name": "Tay Ninh Province solar project II", "fuel": "solar", "mw": 2.5, "country": "VNM", "status": "operating"}}, {"type": "Feature", "id": 2001, "geometry": {"type": "Point", "coordinates": [106.735, 10.537]}, "properties": {"name": "Tay Ninh Province solar project III", "fuel": "solar", "mw": 2.5, "country": "VNM", "status": "operating"}}, {"type": "Feature", "id": 2002, "geometry": {"type": "Point", "coordinates": [106.487, 10.776]}, "properties": {"name": "Tay Ninh Province solar project IV", "fuel": "solar", "mw": 5.9, "country": "VNM", "status": "operating"}}, {"type": "Feature", "id": 2003, "geometry": {"type": "Point", "coordinates": [106.667, 10.634]}, "properties": {"name": "Tay Ninh Province solar project IX", "fuel": "solar", "mw": 1.0, "country": "VNM", "status": "operating"}}, {"type": "Feature", "id": 2004, "geometry": {"type": "Point", "coordinates": [106.475, 10.785]}, "properties": {"name": "Tay Ninh Province solar project V", "fuel": "solar", "mw": 2.4, "country": "VNM", "status": "operating"}}, {"type": "Feature", "id": 2005, "geometry": {"type": "Point", "coordinates": [106.642, 10.49]}, "properties": {"name": "Tay Ninh Province solar project VI", "fuel": "solar", "mw": 1.0, "country": "VNM", "status": "operating"}}, {"type": "Feature", "id": 2006, "geometry": {"type": "Point", "coordinates": [106.153, 11.121]}, "properties": {"name": "Tay Ninh Province solar project VII", "fuel": "solar", "mw": 4.5, "country": "VNM", "status": "operating"}}, {"type": "Feature", "id": 2007, "geometry": {"type": "Point", "coordinates": [106.49, 10.791]}, "properties": {"name": "Tay Ninh Province solar project VIII", "fuel": "solar", "mw": 1.7, "country": "VNM", "status": "operating"}}, {"type": "Feature", "id": 2008, "geometry": {"type": "Point", "coordinates": [109.132, 11.464]}, "properties": {"name": "Tay Quan The solar farm", "fuel": "solar", "mw": 100.0, "country": "VNM", "status": "planned"}}, {"type": "Feature", "id": 2009, "geometry": {"type": "Point", "coordinates": [104.518, 21.809]}, "properties": {"name": "Thac Ba Lake floating solar farm", "fuel": "solar", "mw": 500.0, "country": "VNM", "status": "planned"}}, {"type": "Feature", "id": 2010, "geometry": {"type": "Point", "coordinates": [106.915, 11.8]}, "properties": {"name": "Thac Mo 1 solar farm", "fuel": "solar", "mw": 160.0, "country": "VNM", "status": "planned"}}, {"type": "Feature", "id": 2011, "geometry": {"type": "Point", "coordinates": [106.915, 11.8]}, "properties": {"name": "Thac Mo 2 solar farm", "fuel": "solar", "mw": 120.0, "country": "VNM", "status": "planned"}}, {"type": "Feature", "id": 2012, "geometry": {"type": "Point", "coordinates": [106.915, 11.8]}, "properties": {"name": "Thac Mo Binh Phuoc floating solar farm", "fuel": "solar", "mw": 320.0, "country": "VNM", "status": "planned"}}, {"type": "Feature", "id": 2013, "geometry": {"type": "Point", "coordinates": [106.915, 11.8]}, "properties": {"name": "Thac Mo solar farm", "fuel": "solar", "mw": 50.0, "country": "VNM", "status": "operating"}}, {"type": "Feature", "id": 2014, "geometry": {"type": "Point", "coordinates": [106.915, 11.8]}, "properties": {"name": "Thac Mo solar farm", "fuel": "solar", "mw": 80.0, "country": "VNM", "status": "planned"}}, {"type": "Feature", "id": 2015, "geometry": {"type": "Point", "coordinates": [106.915, 11.8]}, "properties": {"name": "Thac Mo solar farm", "fuel": "solar", "mw": 220.0, "country": "VNM", "status": "planned"}}, {"type": "Feature", "id": 2016, "geometry": {"type": "Point", "coordinates": [105.799, 21.628]}, "properties": {"name": "Thai Nguyen Province solar project", "fuel": "solar", "mw": 1.9, "country": "VNM", "status": "operating"}}, {"type": "Feature", "id": 2017, "geometry": {"type": "Point", "coordinates": [109.132, 11.464]}, "properties": {"name": "Thai Vinh 1 solar farm", "fuel": "solar", "mw": 120.0, "country": "VNM", "status": "planned"}}, {"type": "Feature", "id": 2018, "geometry": {"type": "Point", "coordinates": [109.132, 11.464]}, "properties": {"name": "Thai Vinh 2 solar farm", "fuel": "solar", "mw": 120.0, "country": "VNM", "status": "planned"}}, {"type": "Feature", "id": 2019, "geometry": {"type": "Point", "coordinates": [109.132, 11.464]}, "properties": {"name": "Thai Vinh 3 solar farm", "fuel": "solar", "mw": 120.0, "country": "VNM", "status": "planned"}}, {"type": "Feature", "id": 2020, "geometry": {"type": "Point", "coordinates": [105.707, 19.961]}, "properties": {"name": "Thanh Hoa Province solar project I", "fuel": "solar", "mw": 1.9, "country": "VNM", "status": "operating"}}, {"type": "Feature", "id": 2021, "geometry": {"type": "Point", "coordinates": [105.591, 19.965]}, "properties": {"name": "Thanh Hoa Province solar project II", "fuel": "solar", "mw": 1.6, "country": "VNM", "status": "operating"}}, {"type": "Feature", "id": 2022, "geometry": {"type": "Point", "coordinates": [105.722, 19.35]}, "properties": {"name": "Thanh Hoa Province solar project III", "fuel": "solar", "mw": 2.2, "country": "VNM", "status": "operating"}}, {"type": "Feature", "id": 2023, "geometry": {"type": "Point", "coordinates": [105.622, 19.837]}, "properties": {"name": "Thanh Hoa Province solar project IV", "fuel": "solar", "mw": 2.6, "country": "VNM", "status": "operating"}}, {"type": "Feature", "id": 2024, "geometry": {"type": "Point", "coordinates": [105.677, 19.864]}, "properties": {"name": "Thanh Hoa Province solar project V", "fuel": "solar", "mw": 1.0, "country": "VNM", "status": "operating"}}, {"type": "Feature", "id": 2025, "geometry": {"type": "Point", "coordinates": [106.258, 10.917]}, "properties": {"name": "Thanh H\u00f3a (BCG) solar farm", "fuel": "solar", "mw": 100.0, "country": "VNM", "status": "operating"}}, {"type": "Feature", "id": 2026, "geometry": {"type": "Point", "coordinates": [105.097, 9.966]}, "properties": {"name": "Thanh H\u00f3a (Mt Vietnam Energy) solar farm", "fuel": "solar", "mw": 128.0, "country": "VNM", "status": "planned"}}, {"type": "Feature", "id": 2027, "geometry": {"type": "Point", "coordinates": [106.076, 10.666]}, "properties": {"name": "Thanh H\u00f3a 1 solar farm", "fuel": "solar", "mw": 128.0, "country": "VNM", "status": "planned"}}, {"type": "Feature", "id": 2028, "geometry": {"type": "Point", "coordinates": [109.091, 13.002]}, "properties": {"name": "Thanh Long Phu Yen solar farm", "fuel": "solar", "mw": 50.0, "country": "VNM", "status": "operating"}}, {"type": "Feature", "id": 2029, "geometry": {"type": "Point", "coordinates": [106.137, 20.41]}, "properties": {"name": "Thanh Nam Ward solar project", "fuel": "solar", "mw": 3.2, "country": "VNM", "status": "operating"}}, {"type": "Feature", "id": 2030, "geometry": {"type": "Point", "coordinates": [106.106, 9.32]}, "properties": {"name": "Thanh Tri Branch solar farm", "fuel": "solar", "mw": 50.0, "country": "VNM", "status": "planned"}}, {"type": "Feature", "id": 2031, "geometry": {"type": "Point", "coordinates": [105.927, 10.425]}, "properties": {"name": "Thap Muoi 1 solar farm", "fuel": "solar", "mw": 74.0, "country": "VNM", "status": "planned"}}, {"type": "Feature", "id": 2032, "geometry": {"type": "Point", "coordinates": [105.927, 10.425]}, "properties": {"name": "Thap Muoi 2 solar farm", "fuel": "solar", "mw": 99.0, "country": "VNM", "status": "planned"}}, {"type": "Feature", "id": 2033, "geometry": {"type": "Point", "coordinates": [108.801, 11.601]}, "properties": {"name": "Thi\u00ean T\u00e2n 1.2 solar power project", "fuel": "solar", "mw": 100.0, "country": "VNM", "status": "operating"}}, {"type": "Feature", "id": 2034, "geometry": {"type": "Point", "coordinates": [108.801, 11.601]}, "properties": {"name": "Thi\u00ean T\u00e2n 1.3 solar power project", "fuel": "solar", "mw": 50.0, "country": "VNM", "status": "operating"}}, {"type": "Feature", "id": 2035, "geometry": {"type": "Point", "coordinates": [108.801, 11.601]}, "properties": {"name": "Thi\u00ean T\u00e2n 1.4 solar power project", "fuel": "solar", "mw": 100.0, "country": "VNM", "status": "operating"}}, {"type": "Feature", "id": 2036, "geometry": {"type": "Point", "coordinates": [108.886, 11.451]}, "properties": {"name": "Thi\u00ean T\u00e2n Ninh Thu\u1eadn solar farm", "fuel": "solar", "mw": 63.0, "country": "VNM", "status": "operating"}}, {"type": "Feature", "id": 2037, "geometry": {"type": "Point", "coordinates": [105.35, 20.771]}, "properties": {"name": "Thong Nhat Ward solar project", "fuel": "solar", "mw": 1.0, "country": "VNM", "status": "operating"}}, {"type": "Feature", "id": 2038, "geometry": {"type": "Point", "coordinates": [106.779, 10.832]}, "properties": {"name": "Thu Uc solar project I", "fuel": "solar", "mw": 3.9, "country": "VNM", "status": "operating"}}, {"type": "Feature", "id": 2039, "geometry": {"type": "Point", "coordinates": [106.774, 10.864]}, "properties": {"name": "Thu Uc solar project II", "fuel": "solar", "mw": 1.4, "country": "VNM", "status": "operating"}}, {"type": "Feature", "id": 2040, "geometry": {"type": "Point", "coordinates": [106.722, 10.899]}, "properties": {"name": "Thuan An solar project I", "fuel": "solar", "mw": 2.0, "country": "VNM", "status": "operating"}}, {"type": "Feature", "id": 2041, "geometry": {"type": "Point", "coordinates": [106.612, 10.83]}, "properties": {"name": "Thuan An solar project II", "fuel": "solar", "mw": 1.0, "country": "VNM", "status": "operating"}}, {"type": "Feature", "id": 2042, "geometry": {"type": "Point", "coordinates": [109.132, 11.464]}, "properties": {"name": "Thuan Nam 1 combined with Green Hydrogen production solar farm", "fuel": "solar", "mw": 140.0, "country": "VNM", "status": "planned"}}, {"type": "Feature", "id": 2043, "geometry": {"type": "Point", "coordinates": [109.132, 11.464]}, "properties": {"name": "Thuan Nam 11 solar farm", "fuel": "solar", "mw": 50.0, "country": "VNM", "status": "planned"}}, {"type": "Feature", "id": 2044, "geometry": {"type": "Point", "coordinates": [107.162, 11.428]}, "properties": {"name": "Thuy Loi lake solar farm", "fuel": "solar", "mw": 223.0, "country": "VNM", "status": "planned"}}, {"type": "Feature", "id": 2045, "geometry": {"type": "Point", "coordinates": [106.955, 17.217]}, "properties": {"name": "Thuy loi - Thuy dien Quang Tri 2 floating solar farm", "fuel": "solar", "mw": 40.0, "country": "VNM", "status": "planned"}}, {"type": "Feature", "id": 2046, "geometry": {"type": "Point", "coordinates": [109.061, 11.67]}, "properties": {"name": "Thu\u1eadn B\u1eafc District solar project I", "fuel": "solar", "mw": 2.4, "country": "VNM", "status": "operating"}}, {"type": "Feature", "id": 2047, "geometry": {"type": "Point", "coordinates": [109.075, 11.654]}, "properties": {"name": "Thu\u1eadn B\u1eafc District solar project II", "fuel": "solar", "mw": 12.2, "country": "VNM", "status": "operating"}}, {"type": "Feature", "id": 2048, "geometry": {"type": "Point", "coordinates": [109.076, 11.816]}, "properties": {"name": "Thu\u1eadn B\u1eafc District solar project III", "fuel": "solar", "mw": 14.1, "country": "VNM", "status": "operating"}}, {"type": "Feature", "id": 2049, "geometry": {"type": "Point", "coordinates": [109.086, 11.655]}, "properties": {"name": "Thu\u1eadn B\u1eafc District solar project IV", "fuel": "solar", "mw": 2.7, "country": "VNM", "status": "operating"}}, {"type": "Feature", "id": 2050, "geometry": {"type": "Point", "coordinates": [109.005, 11.687]}, "properties": {"name": "Thu\u1eadn B\u1eafc Xu\u00e2n Thi\u1ec7n solar farm", "fuel": "solar", "mw": 256.0, "country": "VNM", "status": "operating"}}, {"type": "Feature", "id": 2051, "geometry": {"type": "Point", "coordinates": [109.031, 11.701]}, "properties": {"name": "Thu\u1eadn B\u1eafc solar farm", "fuel": "solar", "mw": 204.0, "country": "VNM", "status": "operating"}}, {"type": "Feature", "id": 2052, "geometry": {"type": "Point", "coordinates": [108.844, 11.441]}, "properties": {"name": "Thu\u1eadn Nam (Trung Nam) solar farm", "fuel": "solar", "mw": 450.0, "country": "VNM", "status": "operating"}}, {"type": "Feature", "id": 2053, "geometry": {"type": "Point", "coordinates": [108.797, 11.462]}, "properties": {"name": "Thu\u1eadn Nam 12 solar farm", "fuel": "solar", "mw": 50.0, "country": "VNM", "status": "operating"}}, {"type": "Feature", "id": 2054, "geometry": {"type": "Point", "coordinates": [108.849, 11.419]}, "properties": {"name": "Thu\u1eadn Nam 19 solar farm", "fuel": "solar", "mw": 61.0, "country": "VNM", "status": "operating"}}, {"type": "Feature", "id": 2055, "geometry": {"type": "Point", "coordinates": [108.972, 11.426]}, "properties": {"name": "Thu\u1eadn Nam District solar project I", "fuel": "solar", "mw": 4.6, "country": "VNM", "status": "operating"}}, {"type": "Feature", "id": 2056, "geometry": {"type": "Point", "coordinates": [108.856, 11.473]}, "properties": {"name": "Thu\u1eadn Nam District solar project II", "fuel": "solar", "mw": 2.8, "country": "VNM", "status": "operating"}}, {"type": "Feature", "id": 2057, "geometry": {"type": "Point", "coordinates": [108.886, 11.465]}, "properties": {"name": "Thu\u1eadn Nam District solar project III", "fuel": "solar", "mw": 10.9, "country": "VNM", "status": "operating"}}, {"type": "Feature", "id": 2058, "geometry": {"type": "Point", "coordinates": [108.87, 11.402]}, "properties": {"name": "Thu\u1eadn Nam District solar project IV", "fuel": "solar", "mw": 2.0, "country": "VNM", "status": "operating"}}, {"type": "Feature", "id": 2059, "geometry": {"type": "Point", "coordinates": [108.944, 11.478]}, "properties": {"name": "Thu\u1eadn Nam District solar project IX", "fuel": "solar", "mw": 1.5, "country": "VNM", "status": "operating"}}, {"type": "Feature", "id": 2060, "geometry": {"type": "Point", "coordinates": [108.788, 11.454]}, "properties": {"name": "Thu\u1eadn Nam District solar project V", "fuel": "solar", "mw": 1.7, "country": "VNM", "status": "operating"}}, {"type": "Feature", "id": 2061, "geometry": {"type": "Point", "coordinates": [108.905, 11.465]}, "properties": {"name": "Thu\u1eadn Nam District solar project VI", "fuel": "solar", "mw": 7.0, "country": "VNM", "status": "operating"}}, {"type": "Feature", "id": 2062, "geometry": {"type": "Point", "coordinates": [108.956, 11.46]}, "properties": {"name": "Thu\u1eadn Nam District solar project VII", "fuel": "solar", "mw": 5.6, "country": "VNM", "status": "operating"}}, {"type": "Feature", "id": 2063, "geometry": {"type": "Point", "coordinates": [108.934, 11.483]}, "properties": {"name": "Thu\u1eadn Nam District solar project VIII", "fuel": "solar", "mw": 6.9, "country": "VNM", "status": "operating"}}, {"type": "Feature", "id": 2064, "geometry": {"type": "Point", "coordinates": [108.854, 11.413]}, "properties": {"name": "Thu\u1eadn Nam \u0110\u1ee9c Long solar farm", "fuel": "solar", "mw": 50.0, "country": "VNM", "status": "operating"}}, {"type": "Feature", "id": 2065, "geometry": {"type": "Point", "coordinates": [107.59, 16.465]}, "properties": {"name": "Th\u00e1p Ch\u00e0m solar farm", "fuel": "solar", "mw": 50.0, "country": "VNM", "status": "operating"}}, {"type": "Feature", "id": 2066, "geometry": {"type": "Point", "coordinates": [108.326, 15.662]}, "properties": {"name": "Th\u0103ng B\u00ecnh District solar project", "fuel": "solar", "mw": 2.2, "country": "VNM", "status": "operating"}}, {"type": "Feature", "id": 2067, "geometry": {"type": "Point", "coordinates": [105.801, 18.399]}, "properties": {"name": "Th\u1ea1ch H\u00e0 District solar project I", "fuel": "solar", "mw": 2.4, "country": "VNM", "status": "operating"}}, {"type": "Feature", "id": 2068, "geometry": {"type": "Point", "coordinates": [105.874, 18.255]}, "properties": {"name": "Th\u1ea1ch H\u00e0 District solar project II", "fuel": "solar", "mw": 9.4, "country": "VNM", "status": "operating"}}, {"type": "Feature", "id": 2069, "geometry": {"type": "Point", "coordinates": [105.825, 18.367]}, "properties": {"name": "Th\u1ea1ch H\u00e0 District solar project III", "fuel": "solar", "mw": 3.0, "country": "VNM", "status": "operating"}}, {"type": "Feature", "id": 2070, "geometry": {"type": "Point", "coordinates": [109.093, 13.001]}, "properties": {"name": "Th\u1ecbnh Long solar farm", "fuel": "solar", "mw": 50.0, "country": "VNM", "status": "operating"}}, {"type": "Feature", "id": 2071, "geometry": {"type": "Point", "coordinates": [106.661, 11.032]}, "properties": {"name": "Th\u1ee7 D\u1ea7u M\u1ed9t solar project", "fuel": "solar", "mw": 7.3, "country": "VNM", "status": "operating"}}, {"type": "Feature", "id": 2072, "geometry": {"type": "Point", "coordinates": [108.866, 11.446]}, "properties": {"name": "Th\u1eeba Thi\u00ean Hu\u1ebf (TTC) solar farm", "fuel": "solar", "mw": 48.0, "country": "VNM", "status": "operating"}}, {"type": "Feature", "id": 2073, "geometry": {"type": "Point", "coordinates": [108.218, 15.563]}, "properties": {"name": "Ti\u00ean Ph\u01b0\u1edbc District solar project", "fuel": "solar", "mw": 3.2, "country": "VNM", "status": "operating"}}, {"type": "Feature", "id": 2074, "geometry": {"type": "Point", "coordinates": [109.132, 11.464]}, "properties": {"name": "Tra Co Lake solar farm", "fuel": "solar", "mw": 40.0, "country": "VNM", "status": "planned"}}, {"type": "Feature", "id": 2075, "geometry": {"type": "Point", "coordinates": [108.15, 13.831]}, "properties": {"name": "Trang \u0110\u1ee9c solar farm", "fuel": "solar", "mw": 39.2, "country": "VNM", "status": "planned"}}, {"type": "Feature", "id": 2076, "geometry": {"type": "Point", "coordinates": [107.162, 11.428]}, "properties": {"name": "Tri An 2 Lake solar farm", "fuel": "solar", "mw": 500.0, "country": "VNM", "status": "planned"}}, {"type": "Feature", "id": 2077, "geometry": {"type": "Point", "coordinates": [107.162, 11.428]}, "properties": {"name": "Tri An 3 Lake solar farm", "fuel": "solar", "mw": 500.0, "country": "VNM", "status": "planned"}}, {"type": "Feature", "id": 2078, "geometry": {"type": "Point", "coordinates": [107.162, 11.428]}, "properties": {"name": "Tri An 4 Lake solar farm", "fuel": "solar", "mw": 500.0, "country": "VNM", "status": "planned"}}, {"type": "Feature", "id": 2079, "geometry": {"type": "Point", "coordinates": [107.162, 11.428]}, "properties": {"name": "Tri An 5 Lake solar farm", "fuel": "solar", "mw": 600.0, "country": "VNM", "status": "planned"}}, {"type": "Feature", "id": 2080, "geometry": {"type": "Point", "coordinates": [107.162, 11.428]}, "properties": {"name": "Tri An Lake 1 solar farm", "fuel": "solar", "mw": 500.0, "country": "VNM", "status": "planned"}}, {"type": "Feature", "id": 2081, "geometry": {"type": "Point", "coordinates": [107.162, 11.428]}, "properties": {"name": "Tri An Lake 6 solar farm", "fuel": "solar", "mw": 600.0, "country": "VNM", "status": "planned"}}, {"type": "Feature", "id": 2082, "geometry": {"type": "Point", "coordinates": [109.132, 11.464]}, "properties": {"name": "Tri Hai solar farm", "fuel": "solar", "mw": 100.0, "country": "VNM", "status": "planned"}}, {"type": "Feature", "id": 2083, "geometry": {"type": "Point", "coordinates": [106.303, 11.58]}, "properties": {"name": "Tri Viet solar farm", "fuel": "solar", "mw": 30.0, "country": "VNM", "status": "operating"}}, {"type": "Feature", "id": 2084, "geometry": {"type": "Point", "coordinates": [106.955, 17.217]}, "properties": {"name": "Trieu Son 1 solar farm", "fuel": "solar", "mw": 50.0, "country": "VNM", "status": "planned"}}, {"type": "Feature", "id": 2085, "geometry": {"type": "Point", "coordinates": [106.955, 17.217]}, "properties": {"name": "Trieu Thuong floating solar farm", "fuel": "solar", "mw": 70.0, "country": "VNM", "status": "planned"}}, {"type": "Feature", "id": 2086, "geometry": {"type": "Point", "coordinates": [106.955, 17.217]}, "properties": {"name": "Truc Kinh 2 solar farm", "fuel": "solar", "mw": 100.0, "country": "VNM", "status": "planned"}}, {"type": "Feature", "id": 2087, "geometry": {"type": "Point", "coordinates": [106.955, 17.217]}, "properties": {"name": "Truc Kinh Lake 3 floating solar farm", "fuel": "solar", "mw": 40.0, "country": "VNM", "status": "planned"}}, {"type": "Feature", "id": 2088, "geometry": {"type": "Point", "coordinates": [109.059, 11.744]}, "properties": {"name": "Trung Nam solar farm", "fuel": "solar", "mw": 255.0, "country": "VNM", "status": "operating"}}, {"type": "Feature", "id": 2089, "geometry": {"type": "Point", "coordinates": [109.094, 11.971]}, "properties": {"name": "Trung Son solar farm", "fuel": "solar", "mw": 35.0, "country": "VNM", "status": "operating"}}, {"type": "Feature", "id": 2090, "geometry": {"type": "Point", "coordinates": [103.217, 21.655]}, "properties": {"name": "Trung Thu lake solar farm", "fuel": "solar", "mw": 100.0, "country": "VNM", "status": "planned"}}, {"type": "Feature", "id": 2091, "geometry": {"type": "Point", "coordinates": [107.926, 12.59]}, "properties": {"name": "Tr\u00fac S\u01a1n solar farm", "fuel": "solar", "mw": 44.0, "country": "VNM", "status": "operating"}}, {"type": "Feature", "id": 2092, "geometry": {"type": "Point", "coordinates": [107.249, 11.372]}, "properties": {"name": "Tr\u1ecb An solar farm", "fuel": "solar", "mw": 101.0, "country": "VNM", "status": "planned"}}, {"type": "Feature", "id": 2093, "geometry": {"type": "Point", "coordinates": [109.086, 11.88]}, "properties": {"name": "Tuan An solar project", "fuel": "solar", "mw": 9.9, "country": "VNM", "status": "operating"}}, {"type": "Feature", "id": 2094, "geometry": {"type": "Point", "coordinates": [109.234, 13.175]}, "properties": {"name": "Tuy An District solar project", "fuel": "solar", "mw": 6.0, "country": "VNM", "status": "operating"}}, {"type": "Feature", "id": 2095, "geometry": {"type": "Point", "coordinates": [108.673, 11.214]}, "properties": {"name": "Tuy Phong District solar project I", "fuel": "solar", "mw": 4.5, "country": "VNM", "status": "operating"}}, {"type": "Feature", "id": 2096, "geometry": {"type": "Point", "coordinates": [108.804, 11.337]}, "properties": {"name": "Tuy Phong District solar project II", "fuel": "solar", "mw": 14.9, "country": "VNM", "status": "operating"}}, {"type": "Feature", "id": 2097, "geometry": {"type": "Point", "coordinates": [108.742, 11.342]}, "properties": {"name": "Tuy Phong District solar project III", "fuel": "solar", "mw": 1.8, "country": "VNM", "status": "operating"}}, {"type": "Feature", "id": 2098, "geometry": {"type": "Point", "coordinates": [108.656, 11.204]}, "properties": {"name": "Tuy Phong District solar project IV", "fuel": "solar", "mw": 1.8, "country": "VNM", "status": "operating"}}, {"type": "Feature", "id": 2099, "geometry": {"type": "Point", "coordinates": [107.58, 12.06]}, "properties": {"name": "Tuy \u0110\u1ee9c District solar project I", "fuel": "solar", "mw": 1.5, "country": "VNM", "status": "operating"}}, {"type": "Feature", "id": 2100, "geometry": {"type": "Point", "coordinates": [107.562, 12.093]}, "properties": {"name": "Tuy \u0110\u1ee9c District solar project II", "fuel": "solar", "mw": 2.3, "country": "VNM", "status": "operating"}}, {"type": "Feature", "id": 2101, "geometry": {"type": "Point", "coordinates": [107.476, 12.073]}, "properties": {"name": "Tuy \u0110\u1ee9c District solar project III", "fuel": "solar", "mw": 3.0, "country": "VNM", "status": "operating"}}, {"type": "Feature", "id": 2102, "geometry": {"type": "Point", "coordinates": [107.589, 12.063]}, "properties": {"name": "Tuy \u0110\u1ee9c District solar project IV", "fuel": "solar", "mw": 2.5, "country": "VNM", "status": "operating"}}, {"type": "Feature", "id": 2103, "geometry": {"type": "Point", "coordinates": [107.495, 12.021]}, "properties": {"name": "Tuy \u0110\u1ee9c District solar project V", "fuel": "solar", "mw": 2.9, "country": "VNM", "status": "operating"}}, {"type": "Feature", "id": 2104, "geometry": {"type": "Point", "coordinates": [105.236, 21.775]}, "properties": {"name": "Tuyen Quang 1 floating solar farm", "fuel": "solar", "mw": 80.0, "country": "VNM", "status": "planned"}}, {"type": "Feature", "id": 2105, "geometry": {"type": "Point", "coordinates": [105.236, 21.775]}, "properties": {"name": "Tuyen Quang 2 floating solar farm", "fuel": "solar", "mw": 120.0, "country": "VNM", "status": "planned"}}, {"type": "Feature", "id": 2106, "geometry": {"type": "Point", "coordinates": [107.629, 11.034]}, "properties": {"name": "T\u00e1nh Linh District solar project", "fuel": "solar", "mw": 5.0, "country": "VNM", "status": "operating"}}, {"type": "Feature", "id": 2107, "geometry": {"type": "Point", "coordinates": [106.117, 11.505]}, "properties": {"name": "T\u00e2n Bi\u00ean District solar project", "fuel": "solar", "mw": 3.4, "country": "VNM", "status": "operating"}}, {"type": "Feature", "id": 2108, "geometry": {"type": "Point", "coordinates": [106.16, 11.511]}, "properties": {"name": "T\u00e2n Ch\u00e2u District solar project I", "fuel": "solar", "mw": 4.3, "country": "VNM", "status": "operating"}}, {"type": "Feature", "id": 2109, "geometry": {"type": "Point", "coordinates": [106.205, 11.634]}, "properties": {"name": "T\u00e2n Ch\u00e2u District solar project II", "fuel": "solar", "mw": 4.3, "country": "VNM", "status": "operating"}}, {"type": "Feature", "id": 2110, "geometry": {"type": "Point", "coordinates": [106.117, 11.699]}, "properties": {"name": "T\u00e2n Ch\u00e2u District solar project III", "fuel": "solar", "mw": 2.8, "country": "VNM", "status": "operating"}}, {"type": "Feature", "id": 2111, "geometry": {"type": "Point", "coordinates": [106.116, 11.644]}, "properties": {"name": "T\u00e2n Ch\u00e2u District solar project IV", "fuel": "solar", "mw": 2.4, "country": "VNM", "status": "operating"}}, {"type": "Feature", "id": 2112, "geometry": {"type": "Point", "coordinates": [106.717, 11.053]}, "properties": {"name": "T\u00e2n Uy\u00ean solar project I", "fuel": "solar", "mw": 3.6, "country": "VNM", "status": "operating"}}, {"type": "Feature", "id": 2113, "geometry": {"type": "Point", "coordinates": [106.765, 11.075]}, "properties": {"name": "T\u00e2n Uy\u00ean solar project II", "fuel": "solar", "mw": 2.4, "country": "VNM", "status": "operating"}}, {"type": "Feature", "id": 2114, "geometry": {"type": "Point", "coordinates": [107.9, 11.0]}, "properties": {"name": "T\u00e2n Xu\u00e2n solar farm", "fuel": "solar", "mw": 23.6, "country": "VNM", "status": "planned"}}, {"type": "Feature", "id": 2115, "geometry": {"type": "Point", "coordinates": [106.4, 11.165]}, "properties": {"name": "T\u00e2y Ninh Province solar project", "fuel": "solar", "mw": 6.3, "country": "VNM", "status": "operating"}}, {"type": "Feature", "id": 2116, "geometry": {"type": "Point", "coordinates": [106.071, 11.345]}, "properties": {"name": "T\u00e2y Ninh solar farm", "fuel": "solar", "mw": 30.0, "country": "VNM", "status": "operating"}}, {"type": "Feature", "id": 2117, "geometry": {"type": "Point", "coordinates": [104.984, 10.575]}, "properties": {"name": "T\u1ecbnh Bi\u00ean solar project", "fuel": "solar", "mw": 6.7, "country": "VNM", "status": "operating"}}, {"type": "Feature", "id": 2118, "geometry": {"type": "Point", "coordinates": [106.08, 20.907]}, "properties": {"name": "Uong Hao Ward solar project", "fuel": "solar", "mw": 1.7, "country": "VNM", "status": "operating"}}, {"type": "Feature", "id": 2119, "geometry": {"type": "Point", "coordinates": [108.798, 12.874]}, "properties": {"name": "VK solar farm", "fuel": "solar", "mw": 100.0, "country": "VNM", "status": "planned"}}, {"type": "Feature", "id": 2120, "geometry": {"type": "Point", "coordinates": [106.316, 10.764]}, "properties": {"name": "Vietnam Solar Park", "fuel": "solar", "mw": 50.0, "country": "VNM", "status": "operating"}}, {"type": "Feature", "id": 2121, "geometry": {"type": "Point", "coordinates": [106.316, 10.764]}, "properties": {"name": "Vietnam Solar Park", "fuel": "solar", "mw": 50.0, "country": "VNM", "status": "operating"}}, {"type": "Feature", "id": 2122, "geometry": {"type": "Point", "coordinates": [106.316, 10.764]}, "properties": {"name": "Vietnam Solar Park", "fuel": "solar", "mw": 50.0, "country": "VNM", "status": "operating"}}, {"type": "Feature", "id": 2123, "geometry": {"type": "Point", "coordinates": [106.316, 10.764]}, "properties": {"name": "Vietnam Solar Park", "fuel": "solar", "mw": 50.0, "country": "VNM", "status": "operating"}}, {"type": "Feature", "id": 2124, "geometry": {"type": "Point", "coordinates": [106.316, 10.764]}, "properties": {"name": "Vietnam Solar Park", "fuel": "solar", "mw": 50.0, "country": "VNM", "status": "planned"}}, {"type": "Feature", "id": 2125, "geometry": {"type": "Point", "coordinates": [106.316, 10.764]}, "properties": {"name": "Vietnam Solar Park", "fuel": "solar", "mw": 50.0, "country": "VNM", "status": "planned"}}, {"type": "Feature", "id": 2126, "geometry": {"type": "Point", "coordinates": [106.316, 10.764]}, "properties": {"name": "Vietnam Solar Park", "fuel": "solar", "mw": 100.0, "country": "VNM", "status": "planned"}}, {"type": "Feature", "id": 2127, "geometry": {"type": "Point", "coordinates": [106.295, 10.047]}, "properties": {"name": "Vinh Long 1 solar farm", "fuel": "solar", "mw": 50.0, "country": "VNM", "status": "planned"}}, {"type": "Feature", "id": 2128, "geometry": {"type": "Point", "coordinates": [108.811, 11.314]}, "properties": {"name": "Vinh Tan port solar project", "fuel": "solar", "mw": 5.0, "country": "VNM", "status": "operating"}}, {"type": "Feature", "id": 2129, "geometry": {"type": "Point", "coordinates": [104.968, 10.572]}, "properties": {"name": "V\u0103n Gi\u00e1o solar farm", "fuel": "solar", "mw": 50.0, "country": "VNM", "status": "operating"}}, {"type": "Feature", "id": 2130, "geometry": {"type": "Point", "coordinates": [104.965, 10.561]}, "properties": {"name": "V\u0103n Gi\u00e1o solar farm", "fuel": "solar", "mw": 50.0, "country": "VNM", "status": "operating"}}, {"type": "Feature", "id": 2131, "geometry": {"type": "Point", "coordinates": [107.004, 11.074]}, "properties": {"name": "V\u0129nh C\u1eedu District solar project I", "fuel": "solar", "mw": 2.9, "country": "VNM", "status": "operating"}}, {"type": "Feature", "id": 2132, "geometry": {"type": "Point", "coordinates": [107.015, 11.107]}, "properties": {"name": "V\u0129nh C\u1eedu District solar project II", "fuel": "solar", "mw": 2.6, "country": "VNM", "status": "operating"}}, {"type": "Feature", "id": 2133, "geometry": {"type": "Point", "coordinates": [105.756, 11.001]}, "properties": {"name": "V\u0129nh H\u01b0ng District solar project", "fuel": "solar", "mw": 7.6, "country": "VNM", "status": "operating"}}, {"type": "Feature", "id": 2134, "geometry": {"type": "Point", "coordinates": [108.733, 11.282]}, "properties": {"name": "V\u0129nh H\u1ea3o 1 solar farm", "fuel": "solar", "mw": 30.0, "country": "VNM", "status": "operating"}}, {"type": "Feature", "id": 2135, "geometry": {"type": "Point", "coordinates": [108.73, 11.295]}, "properties": {"name": "V\u0129nh H\u1ea3o 4 solar farm", "fuel": "solar", "mw": 39.0, "country": "VNM", "status": "operating"}}, {"type": "Feature", "id": 2136, "geometry": {"type": "Point", "coordinates": [108.754, 11.306]}, "properties": {"name": "V\u0129nh H\u1ea3o 6 solar farm", "fuel": "solar", "mw": 50.0, "country": "VNM", "status": "operating"}}, {"type": "Feature", "id": 2137, "geometry": {"type": "Point", "coordinates": [108.234, 15.336]}, "properties": {"name": "V\u0129nh H\u1ea3o 6.2 solar farm", "fuel": "solar", "mw": 110.0, "country": "VNM", "status": "planned"}}, {"type": "Feature", "id": 2138, "geometry": {"type": "Point", "coordinates": [108.724, 11.288]}, "properties": {"name": "V\u0129nh H\u1ea3o PPV solar farm", "fuel": "solar", "mw": 30.0, "country": "VNM", "status": "operating"}}, {"type": "Feature", "id": 2139, "geometry": {"type": "Point", "coordinates": [107.101, 17.039]}, "properties": {"name": "V\u0129nh Linh District solar project I", "fuel": "solar", "mw": 4.2, "country": "VNM", "status": "operating"}}, {"type": "Feature", "id": 2140, "geometry": {"type": "Point", "coordinates": [107.079, 17.049]}, "properties": {"name": "V\u0129nh Linh District solar project II", "fuel": "solar", "mw": 1.6, "country": "VNM", "status": "operating"}}, {"type": "Feature", "id": 2141, "geometry": {"type": "Point", "coordinates": [106.356, 9.771]}, "properties": {"name": "V\u0129nh Long VNECO solar farm", "fuel": "solar", "mw": 49.0, "country": "VNM", "status": "operating"}}, {"type": "Feature", "id": 2142, "geometry": {"type": "Point", "coordinates": [105.676, 9.291]}, "properties": {"name": "V\u0129nh L\u1ee3i District solar project", "fuel": "solar", "mw": 2.3, "country": "VNM", "status": "operating"}}, {"type": "Feature", "id": 2143, "geometry": {"type": "Point", "coordinates": [108.81, 11.317]}, "properties": {"name": "V\u0129nh T\u00e2n 2 solar farm", "fuel": "solar", "mw": 43.0, "country": "VNM", "status": "operating"}}, {"type": "Feature", "id": 2144, "geometry": {"type": "Point", "coordinates": [109.165, 12.606]}, "properties": {"name": "V\u1ea1n Ninh District solar project", "fuel": "solar", "mw": 1.5, "country": "VNM", "status": "operating"}}, {"type": "Feature", "id": 2145, "geometry": {"type": "Point", "coordinates": [109.168, 12.591]}, "properties": {"name": "V\u1ea1n Ninh KN solar farm", "fuel": "solar", "mw": 100.0, "country": "VNM", "status": "operating"}}, {"type": "Feature", "id": 2146, "geometry": {"type": "Point", "coordinates": [105.426, 9.763]}, "properties": {"name": "V\u1ecb Thanh solar project", "fuel": "solar", "mw": 7.1, "country": "VNM", "status": "operating"}}, {"type": "Feature", "id": 2147, "geometry": {"type": "Point", "coordinates": [104.892, 19.297]}, "properties": {"name": "V\u1ef1c M\u1ea5u solar farm", "fuel": "solar", "mw": 160.0, "country": "VNM", "status": "planned"}}, {"type": "Feature", "id": 2148, "geometry": {"type": "Point", "coordinates": [109.149, 13.752]}, "properties": {"name": "West Quy Nhon Ward Phuong Quy Nhon Tay solar project I", "fuel": "solar", "mw": 1.6, "country": "VNM", "status": "operating"}}, {"type": "Feature", "id": 2149, "geometry": {"type": "Point", "coordinates": [109.155, 13.74]}, "properties": {"name": "West Quy Nhon Ward Phuong Quy Nhon Tay solar project II", "fuel": "solar", "mw": 16.9, "country": "VNM", "status": "operating"}}, {"type": "Feature", "id": 2150, "geometry": {"type": "Point", "coordinates": [106.876, 11.872]}, "properties": {"name": "Xa A Kia solar project", "fuel": "solar", "mw": 2.9, "country": "VNM", "status": "operating"}}, {"type": "Feature", "id": 2151, "geometry": {"type": "Point", "coordinates": [107.517, 11.506]}, "properties": {"name": "Xa A Teh 2 solar project I", "fuel": "solar", "mw": 1.5, "country": "VNM", "status": "operating"}}, {"type": "Feature", "id": 2152, "geometry": {"type": "Point", "coordinates": [107.527, 11.524]}, "properties": {"name": "Xa A Teh 2 solar project II", "fuel": "solar", "mw": 2.1, "country": "VNM", "status": "operating"}}, {"type": "Feature", "id": 2153, "geometry": {"type": "Point", "coordinates": [107.519, 11.563]}, "properties": {"name": "Xa A Teh 3 solar project", "fuel": "solar", "mw": 2.1, "country": "VNM", "status": "operating"}}, {"type": "Feature", "id": 2154, "geometry": {"type": "Point", "coordinates": [107.946, 14.5]}, "properties": {"name": "Xa Ak Ha solar project I", "fuel": "solar", "mw": 1.5, "country": "VNM", "status": "operating"}}, {"type": "Feature", "id": 2155, "geometry": {"type": "Point", "coordinates": [107.963, 14.435]}, "properties": {"name": "Xa Ak Ha solar project II", "fuel": "solar", "mw": 1.4, "country": "VNM", "status": "operating"}}, {"type": "Feature", "id": 2156, "geometry": {"type": "Point", "coordinates": [107.958, 14.444]}, "properties": {"name": "Xa Ak Ha solar project III", "fuel": "solar", "mw": 2.2, "country": "VNM", "status": "operating"}}, {"type": "Feature", "id": 2157, "geometry": {"type": "Point", "coordinates": [107.953, 14.499]}, "properties": {"name": "Xa Ak Ha solar project IV", "fuel": "solar", "mw": 2.0, "country": "VNM", "status": "operating"}}, {"type": "Feature", "id": 2158, "geometry": {"type": "Point", "coordinates": [107.929, 14.484]}, "properties": {"name": "Xa Ak Ha solar project V", "fuel": "solar", "mw": 1.4, "country": "VNM", "status": "operating"}}, {"type": "Feature", "id": 2159, "geometry": {"type": "Point", "coordinates": [107.788, 12.519]}, "properties": {"name": "Xa Ak Mil solar project I", "fuel": "solar", "mw": 1.3, "country": "VNM", "status": "operating"}}, {"type": "Feature", "id": 2160, "geometry": {"type": "Point", "coordinates": [107.815, 12.552]}, "properties": {"name": "Xa Ak Mil solar project II", "fuel": "solar", "mw": 2.4, "country": "VNM", "status": "operating"}}, {"type": "Feature", "id": 2161, "geometry": {"type": "Point", "coordinates": [107.697, 12.53]}, "properties": {"name": "Xa Ak Mil solar project III", "fuel": "solar", "mw": 6.1, "country": "VNM", "status": "operating"}}, {"type": "Feature", "id": 2162, "geometry": {"type": "Point", "coordinates": [107.693, 12.548]}, "properties": {"name": "Xa Ak Mil solar project IV", "fuel": "solar", "mw": 3.6, "country": "VNM", "status": "operating"}}, {"type": "Feature", "id": 2163, "geometry": {"type": "Point", "coordinates": [108.175, 13.967]}, "properties": {"name": "Xa Ak Oa solar project", "fuel": "solar", "mw": 2.7, "country": "VNM", "status": "operating"}}, {"type": "Feature", "id": 2164, "geometry": {"type": "Point", "coordinates": [108.205, 12.345]}, "properties": {"name": "Xa Ak Phoi solar project", "fuel": "solar", "mw": 1.3, "country": "VNM", "status": "operating"}}, {"type": "Feature", "id": 2165, "geometry": {"type": "Point", "coordinates": [108.548, 13.913]}, "properties": {"name": "Xa Ak Po solar project I", "fuel": "solar", "mw": 4.0, "country": "VNM", "status": "operating"}}, {"type": "Feature", "id": 2166, "geometry": {"type": "Point", "coordinates": [108.548, 13.957]}, "properties": {"name": "Xa Ak Po solar project II", "fuel": "solar", "mw": 1.9, "country": "VNM", "status": "operating"}}, {"type": "Feature", "id": 2167, "geometry": {"type": "Point", "coordinates": [107.971, 14.296]}, "properties": {"name": "Xa Ak Ro Wa solar project I", "fuel": "solar", "mw": 1.6, "country": "VNM", "status": "operating"}}, {"type": "Feature", "id": 2168, "geometry": {"type": "Point", "coordinates": [107.989, 14.284]}, "properties": {"name": "Xa Ak Ro Wa solar project II", "fuel": "solar", "mw": 2.1, "country": "VNM", "status": "operating"}}, {"type": "Feature", "id": 2169, "geometry": {"type": "Point", "coordinates": [108.044, 14.372]}, "properties": {"name": "Xa Ak Ro Wa solar project III", "fuel": "solar", "mw": 2.2, "country": "VNM", "status": "operating"}}, {"type": "Feature", "id": 2170, "geometry": {"type": "Point", "coordinates": [107.984, 14.269]}, "properties": {"name": "Xa Ak Ro Wa solar project IV", "fuel": "solar", "mw": 3.6, "country": "VNM", "status": "operating"}}, {"type": "Feature", "id": 2171, "geometry": {"type": "Point", "coordinates": [107.894, 14.59]}, "properties": {"name": "Xa Ak To solar project I", "fuel": "solar", "mw": 2.0, "country": "VNM", "status": "operating"}}, {"type": "Feature", "id": 2172, "geometry": {"type": "Point", "coordinates": [107.827, 14.551]}, "properties": {"name": "Xa Ak To solar project II", "fuel": "solar", "mw": 2.2, "country": "VNM", "status": "operating"}}, {"type": "Feature", "id": 2173, "geometry": {"type": "Point", "coordinates": [107.745, 14.669]}, "properties": {"name": "Xa Ak To solar project III", "fuel": "solar", "mw": 1.6, "country": "VNM", "status": "operating"}}, {"type": "Feature", "id": 2174, "geometry": {"type": "Point", "coordinates": [107.844, 14.679]}, "properties": {"name": "Xa Ak To solar project IV", "fuel": "solar", "mw": 2.0, "country": "VNM", "status": "operating"}}, {"type": "Feature", "id": 2175, "geometry": {"type": "Point", "coordinates": [107.834, 14.596]}, "properties": {"name": "Xa Ak To solar project V", "fuel": "solar", "mw": 1.7, "country": "VNM", "status": "operating"}}, {"type": "Feature", "id": 2176, "geometry": {"type": "Point", "coordinates": [108.125, 11.893]}, "properties": {"name": "Xa Am Rong 1 solar project", "fuel": "solar", "mw": 4.2, "country": "VNM", "status": "operating"}}, {"type": "Feature", "id": 2177, "geometry": {"type": "Point", "coordinates": [104.994, 10.578]}, "properties": {"name": "Xa An Cu solar project", "fuel": "solar", "mw": 3.6, "country": "VNM", "status": "operating"}}, {"type": "Feature", "id": 2178, "geometry": {"type": "Point", "coordinates": [106.955, 10.843]}, "properties": {"name": "Xa An Phuoc solar project", "fuel": "solar", "mw": 1.9, "country": "VNM", "status": "operating"}}, {"type": "Feature", "id": 2179, "geometry": {"type": "Point", "coordinates": [105.409, 9.208]}, "properties": {"name": "Xa An Trach solar project", "fuel": "solar", "mw": 7.8, "country": "VNM", "status": "operating"}}, {"type": "Feature", "id": 2180, "geometry": {"type": "Point", "coordinates": [108.772, 11.707]}, "properties": {"name": "Xa Anh Dung solar project", "fuel": "solar", "mw": 1.0, "country": "VNM", "status": "operating"}}, {"type": "Feature", "id": 2181, "geometry": {"type": "Point", "coordinates": [105.692, 10.515]}, "properties": {"name": "Xa Ba Sao solar project", "fuel": "solar", "mw": 1.7, "country": "VNM", "status": "operating"}}, {"type": "Feature", "id": 2182, "geometry": {"type": "Point", "coordinates": [108.761, 11.864]}, "properties": {"name": "Xa Bac Ai Tay solar project", "fuel": "solar", "mw": 1.7, "country": "VNM", "status": "operating"}}, {"type": "Feature", "id": 2183, "geometry": {"type": "Point", "coordinates": [108.83, 11.825]}, "properties": {"name": "Xa Bac Ai solar project", "fuel": "solar", "mw": 1.6, "country": "VNM", "status": "operating"}}, {"type": "Feature", "id": 2184, "geometry": {"type": "Point", "coordinates": [109.159, 12.605]}, "properties": {"name": "Xa Bac Ninh Hoa solar project I", "fuel": "solar", "mw": 13.2, "country": "VNM", "status": "operating"}}, {"type": "Feature", "id": 2185, "geometry": {"type": "Point", "coordinates": [109.124, 12.61]}, "properties": {"name": "Xa Bac Ninh Hoa solar project II", "fuel": "solar", "mw": 1.6, "country": "VNM", "status": "operating"}}, {"type": "Feature", "id": 2186, "geometry": {"type": "Point", "coordinates": [107.886, 11.369]}, "properties": {"name": "Xa Bao Lam 3 solar project", "fuel": "solar", "mw": 1.1, "country": "VNM", "status": "operating"}}, {"type": "Feature", "id": 2187, "geometry": {"type": "Point", "coordinates": [107.917, 13.862]}, "properties": {"name": "Xa Bau Can solar project I", "fuel": "solar", "mw": 1.4, "country": "VNM", "status": "operating"}}, {"type": "Feature", "id": 2188, "geometry": {"type": "Point", "coordinates": [107.919, 13.85]}, "properties": {"name": "Xa Bau Can solar project II", "fuel": "solar", "mw": 1.6, "country": "VNM", "status": "operating"}}, {"type": "Feature", "id": 2189, "geometry": {"type": "Point", "coordinates": [108.944, 14.004]}, "properties": {"name": "Xa Binh Hiep solar project", "fuel": "solar", "mw": 4.5, "country": "VNM", "status": "operating"}}, {"type": "Feature", "id": 2190, "geometry": {"type": "Point", "coordinates": [106.791, 11.774]}, "properties": {"name": "Xa Binh Tan solar project I", "fuel": "solar", "mw": 1.3, "country": "VNM", "status": "operating"}}, {"type": "Feature", "id": 2191, "geometry": {"type": "Point", "coordinates": [106.798, 11.781]}, "properties": {"name": "Xa Binh Tan solar project II", "fuel": "solar", "mw": 1.3, "country": "VNM", "status": "operating"}}, {"type": "Feature", "id": 2192, "geometry": {"type": "Point", "coordinates": [106.237, 10.754]}, "properties": {"name": "Xa Binh Thanh solar project", "fuel": "solar", "mw": 4.1, "country": "VNM", "status": "operating"}}, {"type": "Feature", "id": 2193, "geometry": {"type": "Point", "coordinates": [106.468, 10.629]}, "properties": {"name": "Xa Binh Uc solar project", "fuel": "solar", "mw": 2.4, "country": "VNM", "status": "operating"}}, {"type": "Feature", "id": 2194, "geometry": {"type": "Point", "coordinates": [108.121, 13.787]}, "properties": {"name": "Xa Bo Ngoong solar project", "fuel": "solar", "mw": 2.1, "country": "VNM", "status": "operating"}}, {"type": "Feature", "id": 2195, "geometry": {"type": "Point", "coordinates": [107.653, 14.691]}, "properties": {"name": "Xa Bo Y solar project I", "fuel": "solar", "mw": 3.2, "country": "VNM", "status": "operating"}}, {"type": "Feature", "id": 2196, "geometry": {"type": "Point", "coordinates": [107.636, 14.732]}, "properties": {"name": "Xa Bo Y solar project II", "fuel": "solar", "mw": 1.1, "country": "VNM", "status": "operating"}}, {"type": "Feature", "id": 2197, "geometry": {"type": "Point", "coordinates": [107.57, 14.703]}, "properties": {"name": "Xa Bo Y solar project III", "fuel": "solar", "mw": 1.7, "country": "VNM", "status": "operating"}}, {"type": "Feature", "id": 2198, "geometry": {"type": "Point", "coordinates": [107.188, 11.854]}, "properties": {"name": "Xa Bom Bo solar project", "fuel": "solar", "mw": 1.4, "country": "VNM", "status": "operating"}}, {"type": "Feature", "id": 2199, "geometry": {"type": "Point", "coordinates": [107.228, 11.787]}, "properties": {"name": "Xa Bu Ang solar project", "fuel": "solar", "mw": 1.8, "country": "VNM", "status": "operating"}}, {"type": "Feature", "id": 2200, "geometry": {"type": "Point", "coordinates": [109.067, 11.967]}, "properties": {"name": "Xa Cam An solar project", "fuel": "solar", "mw": 1.6, "country": "VNM", "status": "operating"}}, {"type": "Feature", "id": 2201, "geometry": {"type": "Point", "coordinates": [109.123, 12.034]}, "properties": {"name": "Xa Cam Hiep solar project", "fuel": "solar", "mw": 2.0, "country": "VNM", "status": "operating"}}, {"type": "Feature", "id": 2202, "geometry": {"type": "Point", "coordinates": [109.066, 12.154]}, "properties": {"name": "Xa Cam Lam solar project I", "fuel": "solar", "mw": 1.8, "country": "VNM", "status": "operating"}}, {"type": "Feature", "id": 2203, "geometry": {"type": "Point", "coordinates": [109.09, 12.129]}, "properties": {"name": "Xa Cam Lam solar project II", "fuel": "solar", "mw": 3.4, "country": "VNM", "status": "operating"}}, {"type": "Feature", "id": 2204, "geometry": {"type": "Point", "coordinates": [109.073, 12.146]}, "properties": {"name": "Xa Cam Lam solar project III", "fuel": "solar", "mw": 1.1, "country": "VNM", "status": "operating"}}, {"type": "Feature", "id": 2205, "geometry": {"type": "Point", "coordinates": [109.041, 13.692]}, "properties": {"name": "Xa Canh Vinh solar project", "fuel": "solar", "mw": 2.6, "country": "VNM", "status": "operating"}}, {"type": "Feature", "id": 2206, "geometry": {"type": "Point", "coordinates": [106.021, 11.356]}, "properties": {"name": "Xa Chau Thanh solar project", "fuel": "solar", "mw": 3.2, "country": "VNM", "status": "operating"}}, {"type": "Feature", "id": 2207, "geometry": {"type": "Point", "coordinates": [105.283, 10.671]}, "properties": {"name": "Xa Cho Vam solar project", "fuel": "solar", "mw": 3.1, "country": "VNM", "status": "operating"}}, {"type": "Feature", "id": 2208, "geometry": {"type": "Point", "coordinates": [108.3, 13.576]}, "properties": {"name": "Xa Chu A Thai solar project", "fuel": "solar", "mw": 5.6, "country": "VNM", "status": "operating"}}, {"type": "Feature", "id": 2209, "geometry": {"type": "Point", "coordinates": [108.102, 13.504]}, "properties": {"name": "Xa Chu Puh solar project", "fuel": "solar", "mw": 8.2, "country": "VNM", "status": "operating"}}, {"type": "Feature", "id": 2210, "geometry": {"type": "Point", "coordinates": [108.08, 13.649]}, "properties": {"name": "Xa Chu Se solar project I", "fuel": "solar", "mw": 1.4, "country": "VNM", "status": "operating"}}, {"type": "Feature", "id": 2211, "geometry": {"type": "Point", "coordinates": [108.011, 13.754]}, "properties": {"name": "Xa Chu Se solar project II", "fuel": "solar", "mw": 2.2, "country": "VNM", "status": "operating"}}, {"type": "Feature", "id": 2212, "geometry": {"type": "Point", "coordinates": [108.02, 13.709]}, "properties": {"name": "Xa Chu Se solar project III", "fuel": "solar", "mw": 2.1, "country": "VNM", "status": "operating"}}, {"type": "Feature", "id": 2213, "geometry": {"type": "Point", "coordinates": [109.08, 11.827]}, "properties": {"name": "Xa Cong Hai solar project I", "fuel": "solar", "mw": 1.0, "country": "VNM", "status": "operating"}}, {"type": "Feature", "id": 2214, "geometry": {"type": "Point", "coordinates": [109.076, 11.762]}, "properties": {"name": "Xa Cong Hai solar project II", "fuel": "solar", "mw": 1.4, "country": "VNM", "status": "operating"}}, {"type": "Feature", "id": 2215, "geometry": {"type": "Point", "coordinates": [107.842, 12.605]}, "properties": {"name": "Xa Cu Jut solar project I", "fuel": "solar", "mw": 5.8, "country": "VNM", "status": "operating"}}, {"type": "Feature", "id": 2216, "geometry": {"type": "Point", "coordinates": [107.825, 12.581]}, "properties": {"name": "Xa Cu Jut solar project II", "fuel": "solar", "mw": 2.3, "country": "VNM", "status": "operating"}}, {"type": "Feature", "id": 2217, "geometry": {"type": "Point", "coordinates": [108.074, 12.842]}, "properties": {"name": "Xa Cu M'Gar solar project", "fuel": "solar", "mw": 3.6, "country": "VNM", "status": "operating"}}, {"type": "Feature", "id": 2218, "geometry": {"type": "Point", "coordinates": [108.564, 11.793]}, "properties": {"name": "Xa D'Ran solar project", "fuel": "solar", "mw": 1.3, "country": "VNM", "status": "operating"}}, {"type": "Feature", "id": 2219, "geometry": {"type": "Point", "coordinates": [107.104, 10.903]}, "properties": {"name": "Xa Dau Giay solar project", "fuel": "solar", "mw": 1.2, "country": "VNM", "status": "operating"}}, {"type": "Feature", "id": 2220, "geometry": {"type": "Point", "coordinates": [108.971, 12.3]}, "properties": {"name": "Xa Dien Lam solar project", "fuel": "solar", "mw": 2.0, "country": "VNM", "status": "operating"}}, {"type": "Feature", "id": 2221, "geometry": {"type": "Point", "coordinates": [108.967, 12.282]}, "properties": {"name": "Xa Dien Tho solar project", "fuel": "solar", "mw": 1.3, "country": "VNM", "status": "operating"}}, {"type": "Feature", "id": 2222, "geometry": {"type": "Point", "coordinates": [108.395, 13.146]}, "properties": {"name": "Xa Dlie Ya solar project", "fuel": "solar", "mw": 2.6, "country": "VNM", "status": "operating"}}, {"type": "Feature", "id": 2223, "geometry": {"type": "Point", "coordinates": [108.216, 12.544]}, "properties": {"name": "Xa Dray Bhang solar project", "fuel": "solar", "mw": 8.8, "country": "VNM", "status": "operating"}}, {"type": "Feature", "id": 2224, "geometry": {"type": "Point", "coordinates": [108.153, 12.497]}, "properties": {"name": "Xa Dur Kmal solar project I", "fuel": "solar", "mw": 1.9, "country": "VNM", "status": "operating"}}, {"type": "Feature", "id": 2225, "geometry": {"type": "Point", "coordinates": [108.116, 12.48]}, "properties": {"name": "Xa Dur Kmal solar project II", "fuel": "solar", "mw": 2.6, "country": "VNM", "status": "operating"}}, {"type": "Feature", "id": 2226, "geometry": {"type": "Point", "coordinates": [108.128, 12.465]}, "properties": {"name": "Xa Dur Kmal solar project III", "fuel": "solar", "mw": 2.7, "country": "VNM", "status": "operating"}}, {"type": "Feature", "id": 2227, "geometry": {"type": "Point", "coordinates": [108.1, 13.403]}, "properties": {"name": "Xa Ea H'Leo solar project I", "fuel": "solar", "mw": 2.3, "country": "VNM", "status": "operating"}}, {"type": "Feature", "id": 2228, "geometry": {"type": "Point", "coordinates": [108.174, 13.383]}, "properties": {"name": "Xa Ea H'Leo solar project II", "fuel": "solar", "mw": 4.3, "country": "VNM", "status": "operating"}}, {"type": "Feature", "id": 2229, "geometry": {"type": "Point", "coordinates": [108.478, 12.88]}, "properties": {"name": "Xa Ea Kar solar project I", "fuel": "solar", "mw": 1.3, "country": "VNM", "status": "operating"}}, {"type": "Feature", "id": 2230, "geometry": {"type": "Point", "coordinates": [108.518, 12.731]}, "properties": {"name": "Xa Ea Kar solar project II", "fuel": "solar", "mw": 1.3, "country": "VNM", "status": "operating"}}, {"type": "Feature", "id": 2231, "geometry": {"type": "Point", "coordinates": [108.473, 12.868]}, "properties": {"name": "Xa Ea Kar solar project III", "fuel": "solar", "mw": 4.8, "country": "VNM", "status": "operating"}}, {"type": "Feature", "id": 2232, "geometry": {"type": "Point", "coordinates": [108.059, 12.942]}, "properties": {"name": "Xa Ea Kiet solar project", "fuel": "solar", "mw": 2.6, "country": "VNM", "status": "operating"}}, {"type": "Feature", "id": 2233, "geometry": {"type": "Point", "coordinates": [108.124, 12.638]}, "properties": {"name": "Xa Ea Ktur solar project", "fuel": "solar", "mw": 1.4, "country": "VNM", "status": "operating"}}, {"type": "Feature", "id": 2234, "geometry": {"type": "Point", "coordinates": [107.987, 12.552]}, "properties": {"name": "Xa Ea Na solar project I", "fuel": "solar", "mw": 1.4, "country": "VNM", "status": "operating"}}, {"type": "Feature", "id": 2235, "geometry": {"type": "Point", "coordinates": [107.999, 12.551]}, "properties": {"name": "Xa Ea Na solar project II", "fuel": "solar", "mw": 4.4, "country": "VNM", "status": "operating"}}, {"type": "Feature", "id": 2236, "geometry": {"type": "Point", "coordinates": [108.06, 12.514]}, "properties": {"name": "Xa Ea Na solar project III", "fuel": "solar", "mw": 1.9, "country": "VNM", "status": "operating"}}, {"type": "Feature", "id": 2237, "geometry": {"type": "Point", "coordinates": [108.541, 12.623]}, "properties": {"name": "Xa Ea O solar project I", "fuel": "solar", "mw": 1.9, "country": "VNM", "status": "operating"}}, {"type": "Feature", "id": 2238, "geometry": {"type": "Point", "coordinates": [108.495, 12.675]}, "properties": {"name": "Xa Ea O solar project II", "fuel": "solar", "mw": 2.1, "country": "VNM", "status": "operating"}}, {"type": "Feature", "id": 2239, "geometry": {"type": "Point", "coordinates": [108.552, 12.754]}, "properties": {"name": "Xa Ea Pal solar project", "fuel": "solar", "mw": 1.9, "country": "VNM", "status": "operating"}}, {"type": "Feature", "id": 2240, "geometry": {"type": "Point", "coordinates": [108.34, 12.78]}, "properties": {"name": "Xa Ea Phe solar project", "fuel": "solar", "mw": 1.4, "country": "VNM", "status": "operating"}}, {"type": "Feature", "id": 2241, "geometry": {"type": "Point", "coordinates": [107.797, 13.183]}, "properties": {"name": "Xa Ea Rok solar project", "fuel": "solar", "mw": 3.8, "country": "VNM", "status": "operating"}}, {"type": "Feature", "id": 2242, "geometry": {"type": "Point", "coordinates": [107.845, 13.043]}, "properties": {"name": "Xa Ea Sup solar project I", "fuel": "solar", "mw": 3.2, "country": "VNM", "status": "operating"}}, {"type": "Feature", "id": 2243, "geometry": {"type": "Point", "coordinates": [107.906, 13.072]}, "properties": {"name": "Xa Ea Sup solar project II", "fuel": "solar", "mw": 2.6, "country": "VNM", "status": "operating"}}, {"type": "Feature", "id": 2244, "geometry": {"type": "Point", "coordinates": [107.871, 13.128]}, "properties": {"name": "Xa Ea Sup solar project III", "fuel": "solar", "mw": 1.6, "country": "VNM", "status": "operating"}}, {"type": "Feature", "id": 2245, "geometry": {"type": "Point", "coordinates": [107.851, 13.026]}, "properties": {"name": "Xa Ea Sup solar project IV", "fuel": "solar", "mw": 8.8, "country": "VNM", "status": "operating"}}, {"type": "Feature", "id": 2246, "geometry": {"type": "Point", "coordinates": [107.893, 13.048]}, "properties": {"name": "Xa Ea Sup solar project V", "fuel": "solar", "mw": 2.7, "country": "VNM", "status": "operating"}}, {"type": "Feature", "id": 2247, "geometry": {"type": "Point", "coordinates": [107.85, 13.05]}, "properties": {"name": "Xa Ea Sup solar project VI", "fuel": "solar", "mw": 1.7, "country": "VNM", "status": "operating"}}, {"type": "Feature", "id": 2248, "geometry": {"type": "Point", "coordinates": [108.213, 12.876]}, "properties": {"name": "Xa Ea Tul solar project", "fuel": "solar", "mw": 2.6, "country": "VNM", "status": "operating"}}, {"type": "Feature", "id": 2249, "geometry": {"type": "Point", "coordinates": [107.848, 12.845]}, "properties": {"name": "Xa Ea Wer solar project I", "fuel": "solar", "mw": 1.1, "country": "VNM", "status": "operating"}}, {"type": "Feature", "id": 2250, "geometry": {"type": "Point", "coordinates": [107.834, 12.865]}, "properties": {"name": "Xa Ea Wer solar project II", "fuel": "solar", "mw": 2.8, "country": "VNM", "status": "operating"}}, {"type": "Feature", "id": 2251, "geometry": {"type": "Point", "coordinates": [107.845, 12.859]}, "properties": {"name": "Xa Ea Wer solar project III", "fuel": "solar", "mw": 1.7, "country": "VNM", "status": "operating"}}, {"type": "Feature", "id": 2252, "geometry": {"type": "Point", "coordinates": [105.397, 9.063]}, "properties": {"name": "Xa Ganh Hao solar project", "fuel": "solar", "mw": 5.2, "country": "VNM", "status": "operating"}}, {"type": "Feature", "id": 2253, "geometry": {"type": "Point", "coordinates": [107.841, 13.915]}, "properties": {"name": "Xa Gao solar project I", "fuel": "solar", "mw": 2.3, "country": "VNM", "status": "operating"}}, {"type": "Feature", "id": 2254, "geometry": {"type": "Point", "coordinates": [107.976, 13.846]}, "properties": {"name": "Xa Gao solar project II", "fuel": "solar", "mw": 2.3, "country": "VNM", "status": "operating"}}, {"type": "Feature", "id": 2255, "geometry": {"type": "Point", "coordinates": [107.992, 13.905]}, "properties": {"name": "Xa Gao solar project III", "fuel": "solar", "mw": 1.2, "country": "VNM", "status": "operating"}}, {"type": "Feature", "id": 2256, "geometry": {"type": "Point", "coordinates": [108.196, 11.633]}, "properties": {"name": "Xa Gia Hiep solar project I", "fuel": "solar", "mw": 3.9, "country": "VNM", "status": "operating"}}, {"type": "Feature", "id": 2257, "geometry": {"type": "Point", "coordinates": [108.188, 11.651]}, "properties": {"name": "Xa Gia Hiep solar project II", "fuel": "solar", "mw": 7.4, "country": "VNM", "status": "operating"}}, {"type": "Feature", "id": 2258, "geometry": {"type": "Point", "coordinates": [108.193, 11.649]}, "properties": {"name": "Xa Gia Hiep solar project III", "fuel": "solar", "mw": 3.6, "country": "VNM", "status": "operating"}}, {"type": "Feature", "id": 2259, "geometry": {"type": "Point", "coordinates": [104.56, 10.426]}, "properties": {"name": "Xa Giang Thanh solar project", "fuel": "solar", "mw": 5.9, "country": "VNM", "status": "operating"}}, {"type": "Feature", "id": 2260, "geometry": {"type": "Point", "coordinates": [106.393, 10.302]}, "properties": {"name": "Xa Giao Long solar project", "fuel": "solar", "mw": 2.7, "country": "VNM", "status": "operating"}}, {"type": "Feature", "id": 2261, "geometry": {"type": "Point", "coordinates": [108.411, 11.332]}, "properties": {"name": "Xa Hai Ninh solar project", "fuel": "solar", "mw": 1.1, "country": "VNM", "status": "operating"}}, {"type": "Feature", "id": 2262, "geometry": {"type": "Point", "coordinates": [107.934, 10.957]}, "properties": {"name": "Xa Ham Kiem solar project", "fuel": "solar", "mw": 4.1, "country": "VNM", "status": "operating"}}, {"type": "Feature", "id": 2263, "geometry": {"type": "Point", "coordinates": [108.061, 11.004]}, "properties": {"name": "Xa Ham Liem solar project I", "fuel": "solar", "mw": 1.8, "country": "VNM", "status": "operating"}}, {"type": "Feature", "id": 2264, "geometry": {"type": "Point", "coordinates": [108.063, 11.027]}, "properties": {"name": "Xa Ham Liem solar project II", "fuel": "solar", "mw": 3.8, "country": "VNM", "status": "operating"}}, {"type": "Feature", "id": 2265, "geometry": {"type": "Point", "coordinates": [108.073, 11.026]}, "properties": {"name": "Xa Ham Liem solar project III", "fuel": "solar", "mw": 2.5, "country": "VNM", "status": "operating"}}, {"type": "Feature", "id": 2266, "geometry": {"type": "Point", "coordinates": [107.725, 10.778]}, "properties": {"name": "Xa Ham Tan solar project", "fuel": "solar", "mw": 1.4, "country": "VNM", "status": "operating"}}, {"type": "Feature", "id": 2267, "geometry": {"type": "Point", "coordinates": [107.924, 10.998]}, "properties": {"name": "Xa Ham Thanh solar project", "fuel": "solar", "mw": 1.8, "country": "VNM", "status": "operating"}}, {"type": "Feature", "id": 2268, "geometry": {"type": "Point", "coordinates": [107.868, 10.833]}, "properties": {"name": "Xa Ham Thuan Nam solar project I", "fuel": "solar", "mw": 2.5, "country": "VNM", "status": "operating"}}, {"type": "Feature", "id": 2269, "geometry": {"type": "Point", "coordinates": [107.922, 10.891]}, "properties": {"name": "Xa Ham Thuan Nam solar project II", "fuel": "solar", "mw": 3.1, "country": "VNM", "status": "operating"}}, {"type": "Feature", "id": 2270, "geometry": {"type": "Point", "coordinates": [105.554, 9.249]}, "properties": {"name": "Xa Hoa Binh solar project", "fuel": "solar", "mw": 3.4, "country": "VNM", "status": "operating"}}, {"type": "Feature", "id": 2271, "geometry": {"type": "Point", "coordinates": [109.051, 14.055]}, "properties": {"name": "Xa Hoa Hoi solar project I", "fuel": "solar", "mw": 3.1, "country": "VNM", "status": "operating"}}, {"type": "Feature", "id": 2272, "geometry": {"type": "Point", "coordinates": [109.061, 14.042]}, "properties": {"name": "Xa Hoa Hoi solar project II", "fuel": "solar", "mw": 1.5, "country": "VNM", "status": "operating"}}, {"type": "Feature", "id": 2273, "geometry": {"type": "Point", "coordinates": [105.891, 11.292]}, "properties": {"name": "Xa Hoa Hoi solar project III", "fuel": "solar", "mw": 4.1, "country": "VNM", "status": "operating"}}, {"type": "Feature", "id": 2274, "geometry": {"type": "Point", "coordinates": [108.996, 14.039]}, "properties": {"name": "Xa Hoa Hoi solar project IV", "fuel": "solar", "mw": 1.4, "country": "VNM", "status": "operating"}}, {"type": "Feature", "id": 2275, "geometry": {"type": "Point", "coordinates": [109.001, 14.027]}, "properties": {"name": "Xa Hoa Hoi solar project V", "fuel": "solar", "mw": 1.3, "country": "VNM", "status": "operating"}}, {"type": "Feature", "id": 2276, "geometry": {"type": "Point", "coordinates": [107.934, 11.565]}, "properties": {"name": "Xa Hoa Ninh solar project", "fuel": "solar", "mw": 2.7, "country": "VNM", "status": "operating"}}, {"type": "Feature", "id": 2277, "geometry": {"type": "Point", "coordinates": [107.924, 12.677]}, "properties": {"name": "Xa Hoa Phu solar project I", "fuel": "solar", "mw": 2.2, "country": "VNM", "status": "operating"}}, {"type": "Feature", "id": 2278, "geometry": {"type": "Point", "coordinates": [107.941, 12.603]}, "properties": {"name": "Xa Hoa Phu solar project II", "fuel": "solar", "mw": 7.5, "country": "VNM", "status": "operating"}}, {"type": "Feature", "id": 2279, "geometry": {"type": "Point", "coordinates": [108.365, 11.156]}, "properties": {"name": "Xa Hoa Thang solar project", "fuel": "solar", "mw": 1.9, "country": "VNM", "status": "operating"}}, {"type": "Feature", "id": 2280, "geometry": {"type": "Point", "coordinates": [108.983, 14.052]}, "properties": {"name": "Xa Hoi Son solar project", "fuel": "solar", "mw": 3.2, "country": "VNM", "status": "operating"}}, {"type": "Feature", "id": 2281, "geometry": {"type": "Point", "coordinates": [104.906, 10.228]}, "properties": {"name": "Xa Hon At solar project", "fuel": "solar", "mw": 5.3, "country": "VNM", "status": "operating"}}, {"type": "Feature", "id": 2282, "geometry": {"type": "Point", "coordinates": [108.276, 11.17]}, "properties": {"name": "Xa Hong Son solar project I", "fuel": "solar", "mw": 8.2, "country": "VNM", "status": "operating"}}, {"type": "Feature", "id": 2283, "geometry": {"type": "Point", "coordinates": [108.202, 11.047]}, "properties": {"name": "Xa Hong Son solar project II", "fuel": "solar", "mw": 3.6, "country": "VNM", "status": "operating"}}, {"type": "Feature", "id": 2284, "geometry": {"type": "Point", "coordinates": [105.829, 9.381]}, "properties": {"name": "Xa Hung Hoi solar project", "fuel": "solar", "mw": 2.6, "country": "VNM", "status": "operating"}}, {"type": "Feature", "id": 2285, "geometry": {"type": "Point", "coordinates": [107.096, 10.895]}, "properties": {"name": "Xa Hung Thinh solar project", "fuel": "solar", "mw": 1.3, "country": "VNM", "status": "operating"}}, {"type": "Feature", "id": 2286, "geometry": {"type": "Point", "coordinates": [108.062, 13.915]}, "properties": {"name": "Xa Ia Bang solar project I", "fuel": "solar", "mw": 1.8, "country": "VNM", "status": "operating"}}, {"type": "Feature", "id": 2287, "geometry": {"type": "Point", "coordinates": [108.031, 13.872]}, "properties": {"name": "Xa Ia Bang solar project II", "fuel": "solar", "mw": 2.4, "country": "VNM", "status": "operating"}}, {"type": "Feature", "id": 2288, "geometry": {"type": "Point", "coordinates": [107.842, 13.67]}, "properties": {"name": "Xa Ia Boong solar project I", "fuel": "solar", "mw": 2.1, "country": "VNM", "status": "operating"}}, {"type": "Feature", "id": 2289, "geometry": {"type": "Point", "coordinates": [107.856, 13.676]}, "properties": {"name": "Xa Ia Boong solar project II", "fuel": "solar", "mw": 2.0, "country": "VNM", "status": "operating"}}, {"type": "Feature", "id": 2290, "geometry": {"type": "Point", "coordinates": [107.825, 13.715]}, "properties": {"name": "Xa Ia Boong solar project III", "fuel": "solar", "mw": 1.0, "country": "VNM", "status": "operating"}}, {"type": "Feature", "id": 2291, "geometry": {"type": "Point", "coordinates": [107.648, 13.886]}, "properties": {"name": "Xa Ia Chia solar project", "fuel": "solar", "mw": 2.1, "country": "VNM", "status": "operating"}}, {"type": "Feature", "id": 2292, "geometry": {"type": "Point", "coordinates": [107.656, 13.832]}, "properties": {"name": "Xa Ia Dok solar project", "fuel": "solar", "mw": 2.4, "country": "VNM", "status": "operating"}}, {"type": "Feature", "id": 2293, "geometry": {"type": "Point", "coordinates": [107.838, 14.03]}, "properties": {"name": "Xa Ia Grai solar project", "fuel": "solar", "mw": 2.3, "country": "VNM", "status": "operating"}}, {"type": "Feature", "id": 2294, "geometry": {"type": "Point", "coordinates": [108.187, 13.602]}, "properties": {"name": "Xa Ia Hru solar project I", "fuel": "solar", "mw": 3.2, "country": "VNM", "status": "operating"}}, {"type": "Feature", "id": 2295, "geometry": {"type": "Point", "coordinates": [108.11, 13.594]}, "properties": {"name": "Xa Ia Hru solar project II", "fuel": "solar", "mw": 4.3, "country": "VNM", "status": "operating"}}, {"type": "Feature", "id": 2296, "geometry": {"type": "Point", "coordinates": [108.106, 13.58]}, "properties": {"name": "Xa Ia Hru solar project III", "fuel": "solar", "mw": 2.7, "country": "VNM", "status": "operating"}}, {"type": "Feature", "id": 2297, "geometry": {"type": "Point", "coordinates": [108.209, 13.597]}, "properties": {"name": "Xa Ia Hru solar project IV", "fuel": "solar", "mw": 1.5, "country": "VNM", "status": "operating"}}, {"type": "Feature", "id": 2298, "geometry": {"type": "Point", "coordinates": [108.213, 13.612]}, "properties": {"name": "Xa Ia Hru solar project V", "fuel": "solar", "mw": 1.7, "country": "VNM", "status": "operating"}}, {"type": "Feature", "id": 2299, "geometry": {"type": "Point", "coordinates": [108.097, 13.576]}, "properties": {"name": "Xa Ia Hru solar project VI", "fuel": "solar", "mw": 2.9, "country": "VNM", "status": "operating"}}, {"type": "Feature", "id": 2300, "geometry": {"type": "Point", "coordinates": [107.916, 14.007]}, "properties": {"name": "Xa Ia Hrung solar project I", "fuel": "solar", "mw": 1.6, "country": "VNM", "status": "operating"}}, {"type": "Feature", "id": 2301, "geometry": {"type": "Point", "coordinates": [107.925, 14.002]}, "properties": {"name": "Xa Ia Hrung solar project II", "fuel": "solar", "mw": 4.3, "country": "VNM", "status": "operating"}}, {"type": "Feature", "id": 2302, "geometry": {"type": "Point", "coordinates": [107.985, 13.587]}, "properties": {"name": "Xa Ia Ko solar project I", "fuel": "solar", "mw": 3.1, "country": "VNM", "status": "operating"}}, {"type": "Feature", "id": 2303, "geometry": {"type": "Point", "coordinates": [108.024, 13.597]}, "properties": {"name": "Xa Ia Ko solar project II", "fuel": "solar", "mw": 1.4, "country": "VNM", "status": "operating"}}, {"type": "Feature", "id": 2304, "geometry": {"type": "Point", "coordinates": [107.892, 13.485]}, "properties": {"name": "Xa Ia Lau solar project", "fuel": "solar", "mw": 8.3, "country": "VNM", "status": "operating"}}, {"type": "Feature", "id": 2305, "geometry": {"type": "Point", "coordinates": [108.051, 13.451]}, "properties": {"name": "Xa Ia Le solar project", "fuel": "solar", "mw": 1.2, "country": "VNM", "status": "operating"}}, {"type": "Feature", "id": 2306, "geometry": {"type": "Point", "coordinates": [107.83, 14.214]}, "properties": {"name": "Xa Ia Ly solar project", "fuel": "solar", "mw": 3.3, "country": "VNM", "status": "operating"}}, {"type": "Feature", "id": 2307, "geometry": {"type": "Point", "coordinates": [107.532, 13.765]}, "properties": {"name": "Xa Ia Nan solar project", "fuel": "solar", "mw": 3.6, "country": "VNM", "status": "operating"}}, {"type": "Feature", "id": 2308, "geometry": {"type": "Point", "coordinates": [108.466, 13.519]}, "properties": {"name": "Xa Ia Pa solar project", "fuel": "solar", "mw": 5.1, "country": "VNM", "status": "operating"}}, {"type": "Feature", "id": 2309, "geometry": {"type": "Point", "coordinates": [107.991, 13.639]}, "properties": {"name": "Xa Ia Pia solar project", "fuel": "solar", "mw": 3.6, "country": "VNM", "status": "operating"}}, {"type": "Feature", "id": 2310, "geometry": {"type": "Point", "coordinates": [108.402, 13.398]}, "properties": {"name": "Xa Ia Rbol solar project", "fuel": "solar", "mw": 4.1, "country": "VNM", "status": "operating"}}, {"type": "Feature", "id": 2311, "geometry": {"type": "Point", "coordinates": [108.49, 13.359]}, "properties": {"name": "Xa Ia Sao solar project", "fuel": "solar", "mw": 1.1, "country": "VNM", "status": "operating"}}, {"type": "Feature", "id": 2312, "geometry": {"type": "Point", "coordinates": [108.006, 13.877]}, "properties": {"name": "Xa Ia Tor solar project", "fuel": "solar", "mw": 1.4, "country": "VNM", "status": "operating"}}, {"type": "Feature", "id": 2313, "geometry": {"type": "Point", "coordinates": [107.323, 11.229]}, "properties": {"name": "Xa Inh Quan solar project I", "fuel": "solar", "mw": 4.0, "country": "VNM", "status": "operating"}}, {"type": "Feature", "id": 2314, "geometry": {"type": "Point", "coordinates": [107.327, 11.15]}, "properties": {"name": "Xa Inh Quan solar project II", "fuel": "solar", "mw": 1.8, "country": "VNM", "status": "operating"}}, {"type": "Feature", "id": 2315, "geometry": {"type": "Point", "coordinates": [108.039, 11.668]}, "properties": {"name": "Xa Inh Trang Thuong solar project", "fuel": "solar", "mw": 8.4, "country": "VNM", "status": "operating"}}, {"type": "Feature", "id": 2316, "geometry": {"type": "Point", "coordinates": [108.284, 11.797]}, "properties": {"name": "Xa Inh Van Lam Ha solar project", "fuel": "solar", "mw": 7.0, "country": "VNM", "status": "operating"}}, {"type": "Feature", "id": 2317, "geometry": {"type": "Point", "coordinates": [108.589, 14.132]}, "properties": {"name": "Xa Kbang solar project", "fuel": "solar", "mw": 3.4, "country": "VNM", "status": "operating"}}, {"type": "Feature", "id": 2318, "geometry": {"type": "Point", "coordinates": [108.216, 13.975]}, "properties": {"name": "Xa Kdang solar project I", "fuel": "solar", "mw": 1.7, "country": "VNM", "status": "operating"}}, {"type": "Feature", "id": 2319, "geometry": {"type": "Point", "coordinates": [108.194, 13.916]}, "properties": {"name": "Xa Kdang solar project II", "fuel": "solar", "mw": 2.8, "country": "VNM", "status": "operating"}}, {"type": "Feature", "id": 2320, "geometry": {"type": "Point", "coordinates": [108.195, 13.932]}, "properties": {"name": "Xa Kdang solar project III", "fuel": "solar", "mw": 1.5, "country": "VNM", "status": "operating"}}, {"type": "Feature", "id": 2321, "geometry": {"type": "Point", "coordinates": [105.073, 9.231]}, "properties": {"name": "Xa Khanh An solar project I", "fuel": "solar", "mw": 5.0, "country": "VNM", "status": "operating"}}, {"type": "Feature", "id": 2322, "geometry": {"type": "Point", "coordinates": [105.077, 9.223]}, "properties": {"name": "Xa Khanh An solar project II", "fuel": "solar", "mw": 2.2, "country": "VNM", "status": "operating"}}, {"type": "Feature", "id": 2323, "geometry": {"type": "Point", "coordinates": [108.953, 12.25]}, "properties": {"name": "Xa Khanh Vinh solar project", "fuel": "solar", "mw": 1.5, "country": "VNM", "status": "operating"}}, {"type": "Feature", "id": 2324, "geometry": {"type": "Point", "coordinates": [104.649, 10.234]}, "properties": {"name": "Xa Kien Luong solar project I", "fuel": "solar", "mw": 2.0, "country": "VNM", "status": "operating"}}, {"type": "Feature", "id": 2325, "geometry": {"type": "Point", "coordinates": [104.624, 10.205]}, "properties": {"name": "Xa Kien Luong solar project II", "fuel": "solar", "mw": 4.6, "country": "VNM", "status": "operating"}}, {"type": "Feature", "id": 2326, "geometry": {"type": "Point", "coordinates": [104.665, 10.239]}, "properties": {"name": "Xa Kien Luong solar project III", "fuel": "solar", "mw": 5.5, "country": "VNM", "status": "operating"}}, {"type": "Feature", "id": 2327, "geometry": {"type": "Point", "coordinates": [107.542, 12.012]}, "properties": {"name": "Xa Kien Uc solar project", "fuel": "solar", "mw": 2.7, "country": "VNM", "status": "operating"}}, {"type": "Feature", "id": 2328, "geometry": {"type": "Point", "coordinates": [108.125, 14.104]}, "properties": {"name": "Xa Kon Gang solar project I", "fuel": "solar", "mw": 1.8, "country": "VNM", "status": "operating"}}, {"type": "Feature", "id": 2329, "geometry": {"type": "Point", "coordinates": [108.12, 14.075]}, "properties": {"name": "Xa Kon Gang solar project II", "fuel": "solar", "mw": 2.3, "country": "VNM", "status": "operating"}}, {"type": "Feature", "id": 2330, "geometry": {"type": "Point", "coordinates": [108.659, 14.094]}, "properties": {"name": "Xa Kong Bo La solar project", "fuel": "solar", "mw": 1.9, "country": "VNM", "status": "operating"}}, {"type": "Feature", "id": 2331, "geometry": {"type": "Point", "coordinates": [108.51, 13.822]}, "properties": {"name": "Xa Kong Chro solar project", "fuel": "solar", "mw": 5.2, "country": "VNM", "status": "operating"}}, {"type": "Feature", "id": 2332, "geometry": {"type": "Point", "coordinates": [108.055, 12.453]}, "properties": {"name": "Xa Krong Ana solar project", "fuel": "solar", "mw": 1.0, "country": "VNM", "status": "operating"}}, {"type": "Feature", "id": 2333, "geometry": {"type": "Point", "coordinates": [107.791, 12.439]}, "properties": {"name": "Xa Krong No solar project I", "fuel": "solar", "mw": 1.6, "country": "VNM", "status": "operating"}}, {"type": "Feature", "id": 2334, "geometry": {"type": "Point", "coordinates": [107.803, 12.432]}, "properties": {"name": "Xa Krong No solar project II", "fuel": "solar", "mw": 1.7, "country": "VNM", "status": "operating"}}, {"type": "Feature", "id": 2335, "geometry": {"type": "Point", "coordinates": [108.72, 11.806]}, "properties": {"name": "Xa Lam Son solar project", "fuel": "solar", "mw": 3.9, "country": "VNM", "status": "operating"}}, {"type": "Feature", "id": 2336, "geometry": {"type": "Point", "coordinates": [105.545, 10.358]}, "properties": {"name": "Xa Lap Vo solar project I", "fuel": "solar", "mw": 3.7, "country": "VNM", "status": "operating"}}, {"type": "Feature", "id": 2337, "geometry": {"type": "Point", "coordinates": [105.493, 10.337]}, "properties": {"name": "Xa Lap Vo solar project II", "fuel": "solar", "mw": 4.3, "country": "VNM", "status": "operating"}}, {"type": "Feature", "id": 2338, "geometry": {"type": "Point", "coordinates": [106.621, 11.777]}, "properties": {"name": "Xa Loc Hung solar project", "fuel": "solar", "mw": 2.4, "country": "VNM", "status": "operating"}}, {"type": "Feature", "id": 2339, "geometry": {"type": "Point", "coordinates": [106.51, 11.848]}, "properties": {"name": "Xa Loc Tan solar project", "fuel": "solar", "mw": 4.8, "country": "VNM", "status": "operating"}}, {"type": "Feature", "id": 2340, "geometry": {"type": "Point", "coordinates": [106.583, 11.937]}, "properties": {"name": "Xa Loc Thanh solar project I", "fuel": "solar", "mw": 2.4, "country": "VNM", "status": "operating"}}, {"type": "Feature", "id": 2341, "geometry": {"type": "Point", "coordinates": [106.502, 11.755]}, "properties": {"name": "Xa Loc Thanh solar project II", "fuel": "solar", "mw": 3.2, "country": "VNM", "status": "operating"}}, {"type": "Feature", "id": 2342, "geometry": {"type": "Point", "coordinates": [106.535, 11.752]}, "properties": {"name": "Xa Loc Thanh solar project III", "fuel": "solar", "mw": 2.4, "country": "VNM", "status": "operating"}}, {"type": "Feature", "id": 2343, "geometry": {"type": "Point", "coordinates": [106.811, 11.769]}, "properties": {"name": "Xa Long Ha solar project I", "fuel": "solar", "mw": 3.0, "country": "VNM", "status": "operating"}}, {"type": "Feature", "id": 2344, "geometry": {"type": "Point", "coordinates": [106.826, 11.65]}, "properties": {"name": "Xa Long Ha solar project II", "fuel": "solar", "mw": 2.9, "country": "VNM", "status": "operating"}}, {"type": "Feature", "id": 2345, "geometry": {"type": "Point", "coordinates": [106.987, 10.736]}, "properties": {"name": "Xa Long Phuoc solar project", "fuel": "solar", "mw": 1.4, "country": "VNM", "status": "operating"}}, {"type": "Feature", "id": 2346, "geometry": {"type": "Point", "coordinates": [106.097, 11.109]}, "properties": {"name": "Xa Long Thuan solar project I", "fuel": "solar", "mw": 3.8, "country": "VNM", "status": "operating"}}, {"type": "Feature", "id": 2347, "geometry": {"type": "Point", "coordinates": [106.084, 11.171]}, "properties": {"name": "Xa Long Thuan solar project II", "fuel": "solar", "mw": 1.6, "country": "VNM", "status": "operating"}}, {"type": "Feature", "id": 2348, "geometry": {"type": "Point", "coordinates": [106.445, 10.715]}, "properties": {"name": "Xa Luong Hoa solar project", "fuel": "solar", "mw": 1.1, "country": "VNM", "status": "operating"}}, {"type": "Feature", "id": 2349, "geometry": {"type": "Point", "coordinates": [108.341, 11.248]}, "properties": {"name": "Xa Luong Son solar project I", "fuel": "solar", "mw": 2.4, "country": "VNM", "status": "operating"}}, {"type": "Feature", "id": 2350, "geometry": {"type": "Point", "coordinates": [108.372, 11.271]}, "properties": {"name": "Xa Luong Son solar project II", "fuel": "solar", "mw": 1.7, "country": "VNM", "status": "operating"}}, {"type": "Feature", "id": 2351, "geometry": {"type": "Point", "coordinates": [108.353, 11.206]}, "properties": {"name": "Xa Luong Son solar project III", "fuel": "solar", "mw": 10.5, "country": "VNM", "status": "operating"}}, {"type": "Feature", "id": 2352, "geometry": {"type": "Point", "coordinates": [105.073, 9.088]}, "properties": {"name": "Xa Luong The Tran solar project I", "fuel": "solar", "mw": 1.4, "country": "VNM", "status": "operating"}}, {"type": "Feature", "id": 2353, "geometry": {"type": "Point", "coordinates": [105.047, 9.062]}, "properties": {"name": "Xa Luong The Tran solar project II", "fuel": "solar", "mw": 2.0, "country": "VNM", "status": "operating"}}, {"type": "Feature", "id": 2354, "geometry": {"type": "Point", "coordinates": [108.228, 14.08]}, "properties": {"name": "Xa Mang Yang solar project I", "fuel": "solar", "mw": 1.5, "country": "VNM", "status": "operating"}}, {"type": "Feature", "id": 2355, "geometry": {"type": "Point", "coordinates": [108.289, 14.059]}, "properties": {"name": "Xa Mang Yang solar project II", "fuel": "solar", "mw": 1.7, "country": "VNM", "status": "operating"}}, {"type": "Feature", "id": 2356, "geometry": {"type": "Point", "coordinates": [108.231, 14.003]}, "properties": {"name": "Xa Mang Yang solar project III", "fuel": "solar", "mw": 5.3, "country": "VNM", "status": "operating"}}, {"type": "Feature", "id": 2357, "geometry": {"type": "Point", "coordinates": [108.247, 14.01]}, "properties": {"name": "Xa Mang Yang solar project IV", "fuel": "solar", "mw": 1.5, "country": "VNM", "status": "operating"}}, {"type": "Feature", "id": 2358, "geometry": {"type": "Point", "coordinates": [106.503, 11.555]}, "properties": {"name": "Xa Minh Uc solar project I", "fuel": "solar", "mw": 4.3, "country": "VNM", "status": "operating"}}, {"type": "Feature", "id": 2359, "geometry": {"type": "Point", "coordinates": [106.544, 11.63]}, "properties": {"name": "Xa Minh Uc solar project II", "fuel": "solar", "mw": 2.8, "country": "VNM", "status": "operating"}}, {"type": "Feature", "id": 2360, "geometry": {"type": "Point", "coordinates": [107.537, 14.375]}, "properties": {"name": "Xa Mo Rai solar project", "fuel": "solar", "mw": 2.1, "country": "VNM", "status": "operating"}}, {"type": "Feature", "id": 2361, "geometry": {"type": "Point", "coordinates": [108.862, 14.936]}, "properties": {"name": "Xa Mo Uc solar project", "fuel": "solar", "mw": 1.9, "country": "VNM", "status": "operating"}}, {"type": "Feature", "id": 2362, "geometry": {"type": "Point", "coordinates": [106.457, 10.858]}, "properties": {"name": "Xa My Hanh solar project", "fuel": "solar", "mw": 2.4, "country": "VNM", "status": "operating"}}, {"type": "Feature", "id": 2363, "geometry": {"type": "Point", "coordinates": [105.795, 10.472]}, "properties": {"name": "Xa My Qui solar project", "fuel": "solar", "mw": 2.0, "country": "VNM", "status": "operating"}}, {"type": "Feature", "id": 2364, "geometry": {"type": "Point", "coordinates": [108.879, 11.688]}, "properties": {"name": "Xa My Son solar project I", "fuel": "solar", "mw": 2.1, "country": "VNM", "status": "operating"}}, {"type": "Feature", "id": 2365, "geometry": {"type": "Point", "coordinates": [108.862, 11.689]}, "properties": {"name": "Xa My Son solar project II", "fuel": "solar", "mw": 1.0, "country": "VNM", "status": "operating"}}, {"type": "Feature", "id": 2366, "geometry": {"type": "Point", "coordinates": [108.957, 11.666]}, "properties": {"name": "Xa My Son solar project III", "fuel": "solar", "mw": 1.2, "country": "VNM", "status": "operating"}}, {"type": "Feature", "id": 2367, "geometry": {"type": "Point", "coordinates": [107.856, 12.626]}, "properties": {"name": "Xa Nam Dong solar project I", "fuel": "solar", "mw": 4.2, "country": "VNM", "status": "operating"}}, {"type": "Feature", "id": 2368, "geometry": {"type": "Point", "coordinates": [107.798, 12.646]}, "properties": {"name": "Xa Nam Dong solar project II", "fuel": "solar", "mw": 2.3, "country": "VNM", "status": "operating"}}, {"type": "Feature", "id": 2369, "geometry": {"type": "Point", "coordinates": [108.773, 15.065]}, "properties": {"name": "Xa Nghia Hanh solar project", "fuel": "solar", "mw": 1.1, "country": "VNM", "status": "operating"}}, {"type": "Feature", "id": 2370, "geometry": {"type": "Point", "coordinates": [107.141, 11.726]}, "properties": {"name": "Xa Nghia Trung solar project", "fuel": "solar", "mw": 1.6, "country": "VNM", "status": "operating"}}, {"type": "Feature", "id": 2371, "geometry": {"type": "Point", "coordinates": [107.989, 14.465]}, "properties": {"name": "Xa Ngok Reo solar project", "fuel": "solar", "mw": 1.0, "country": "VNM", "status": "operating"}}, {"type": "Feature", "id": 2372, "geometry": {"type": "Point", "coordinates": [106.759, 11.577]}, "properties": {"name": "Xa Nha Bich solar project", "fuel": "solar", "mw": 4.3, "country": "VNM", "status": "operating"}}, {"type": "Feature", "id": 2373, "geometry": {"type": "Point", "coordinates": [107.571, 12.016]}, "properties": {"name": "Xa Nhan Co solar project", "fuel": "solar", "mw": 1.4, "country": "VNM", "status": "operating"}}, {"type": "Feature", "id": 2374, "geometry": {"type": "Point", "coordinates": [106.912, 10.708]}, "properties": {"name": "Xa Nhon Trach solar project", "fuel": "solar", "mw": 1.3, "country": "VNM", "status": "operating"}}, {"type": "Feature", "id": 2375, "geometry": {"type": "Point", "coordinates": [106.02, 11.256]}, "properties": {"name": "Xa Ninh Ien solar project", "fuel": "solar", "mw": 1.9, "country": "VNM", "status": "operating"}}, {"type": "Feature", "id": 2376, "geometry": {"type": "Point", "coordinates": [108.947, 11.506]}, "properties": {"name": "Xa Ninh Phuoc solar project", "fuel": "solar", "mw": 1.6, "country": "VNM", "status": "operating"}}, {"type": "Feature", "id": 2377, "geometry": {"type": "Point", "coordinates": [108.808, 11.72]}, "properties": {"name": "Xa Ninh Son solar project", "fuel": "solar", "mw": 2.7, "country": "VNM", "status": "operating"}}, {"type": "Feature", "id": 2378, "geometry": {"type": "Point", "coordinates": [105.023, 10.496]}, "properties": {"name": "Xa Nui Cam solar project", "fuel": "solar", "mw": 1.9, "country": "VNM", "status": "operating"}}, {"type": "Feature", "id": 2379, "geometry": {"type": "Point", "coordinates": [108.437, 11.72]}, "properties": {"name": "Xa On Duong solar project I", "fuel": "solar", "mw": 9.3, "country": "VNM", "status": "operating"}}, {"type": "Feature", "id": 2380, "geometry": {"type": "Point", "coordinates": [108.498, 11.772]}, "properties": {"name": "Xa On Duong solar project II", "fuel": "solar", "mw": 1.1, "country": "VNM", "status": "operating"}}, {"type": "Feature", "id": 2381, "geometry": {"type": "Point", "coordinates": [108.433, 11.695]}, "properties": {"name": "Xa On Duong solar project III", "fuel": "solar", "mw": 11.1, "country": "VNM", "status": "operating"}}, {"type": "Feature", "id": 2382, "geometry": {"type": "Point", "coordinates": [106.835, 11.385]}, "properties": {"name": "Xa Ong Phu solar project I", "fuel": "solar", "mw": 1.9, "country": "VNM", "status": "operating"}}, {"type": "Feature", "id": 2383, "geometry": {"type": "Point", "coordinates": [106.848, 11.398]}, "properties": {"name": "Xa Ong Phu solar project II", "fuel": "solar", "mw": 2.5, "country": "VNM", "status": "operating"}}, {"type": "Feature", "id": 2384, "geometry": {"type": "Point", "coordinates": [106.851, 11.43]}, "properties": {"name": "Xa Ong Phu solar project III", "fuel": "solar", "mw": 2.4, "country": "VNM", "status": "operating"}}, {"type": "Feature", "id": 2385, "geometry": {"type": "Point", "coordinates": [106.838, 11.404]}, "properties": {"name": "Xa Ong Phu solar project IV", "fuel": "solar", "mw": 2.1, "country": "VNM", "status": "operating"}}, {"type": "Feature", "id": 2386, "geometry": {"type": "Point", "coordinates": [107.031, 11.561]}, "properties": {"name": "Xa Ong Tam solar project", "fuel": "solar", "mw": 2.7, "country": "VNM", "status": "operating"}}, {"type": "Feature", "id": 2387, "geometry": {"type": "Point", "coordinates": [108.639, 11.217]}, "properties": {"name": "Xa Phan Ri Cua solar project I", "fuel": "solar", "mw": 1.0, "country": "VNM", "status": "operating"}}, {"type": "Feature", "id": 2388, "geometry": {"type": "Point", "coordinates": [108.628, 11.21]}, "properties": {"name": "Xa Phan Ri Cua solar project II", "fuel": "solar", "mw": 1.9, "country": "VNM", "status": "operating"}}, {"type": "Feature", "id": 2389, "geometry": {"type": "Point", "coordinates": [109.036, 13.993]}, "properties": {"name": "Xa Phu Cat solar project I", "fuel": "solar", "mw": 1.1, "country": "VNM", "status": "operating"}}, {"type": "Feature", "id": 2390, "geometry": {"type": "Point", "coordinates": [109.071, 14.012]}, "properties": {"name": "Xa Phu Cat solar project II", "fuel": "solar", "mw": 2.8, "country": "VNM", "status": "operating"}}, {"type": "Feature", "id": 2391, "geometry": {"type": "Point", "coordinates": [107.413, 11.201]}, "properties": {"name": "Xa Phu Hoa solar project I", "fuel": "solar", "mw": 1.4, "country": "VNM", "status": "operating"}}, {"type": "Feature", "id": 2392, "geometry": {"type": "Point", "coordinates": [107.4, 11.194]}, "properties": {"name": "Xa Phu Hoa solar project II", "fuel": "solar", "mw": 1.1, "country": "VNM", "status": "operating"}}, {"type": "Feature", "id": 2393, "geometry": {"type": "Point", "coordinates": [107.135, 11.32]}, "properties": {"name": "Xa Phu Ly solar project", "fuel": "solar", "mw": 7.6, "country": "VNM", "status": "operating"}}, {"type": "Feature", "id": 2394, "geometry": {"type": "Point", "coordinates": [107.006, 11.868]}, "properties": {"name": "Xa Phu Nghia solar project", "fuel": "solar", "mw": 1.0, "country": "VNM", "status": "operating"}}, {"type": "Feature", "id": 2395, "geometry": {"type": "Point", "coordinates": [105.925, 10.17]}, "properties": {"name": "Xa Phu Quoi solar project", "fuel": "solar", "mw": 1.1, "country": "VNM", "status": "operating"}}, {"type": "Feature", "id": 2396, "geometry": {"type": "Point", "coordinates": [106.979, 11.664]}, "properties": {"name": "Xa Phu Rieng solar project", "fuel": "solar", "mw": 2.4, "country": "VNM", "status": "operating"}}, {"type": "Feature", "id": 2397, "geometry": {"type": "Point", "coordinates": [106.28, 10.269]}, "properties": {"name": "Xa Phu Tuc solar project I", "fuel": "solar", "mw": 2.9, "country": "VNM", "status": "operating"}}, {"type": "Feature", "id": 2398, "geometry": {"type": "Point", "coordinates": [108.713, 13.217]}, "properties": {"name": "Xa Phu Tuc solar project II", "fuel": "solar", "mw": 2.1, "country": "VNM", "status": "operating"}}, {"type": "Feature", "id": 2399, "geometry": {"type": "Point", "coordinates": [108.733, 13.166]}, "properties": {"name": "Xa Phu Tuc solar project III", "fuel": "solar", "mw": 1.9, "country": "VNM", "status": "operating"}}, {"type": "Feature", "id": 2400, "geometry": {"type": "Point", "coordinates": [108.989, 11.43]}, "properties": {"name": "Xa Phuoc Dinh solar project", "fuel": "solar", "mw": 2.5, "country": "VNM", "status": "operating"}}, {"type": "Feature", "id": 2401, "geometry": {"type": "Point", "coordinates": [105.664, 10.568]}, "properties": {"name": "Xa Phuong Thinh solar project", "fuel": "solar", "mw": 2.3, "country": "VNM", "status": "operating"}}, {"type": "Feature", "id": 2402, "geometry": {"type": "Point", "coordinates": [108.386, 13.617]}, "properties": {"name": "Xa Po To solar project", "fuel": "solar", "mw": 1.9, "country": "VNM", "status": "operating"}}, {"type": "Feature", "id": 2403, "geometry": {"type": "Point", "coordinates": [107.555, 12.092]}, "properties": {"name": "Xa Quang Tan solar project", "fuel": "solar", "mw": 1.0, "country": "VNM", "status": "operating"}}, {"type": "Feature", "id": 2404, "geometry": {"type": "Point", "coordinates": [107.515, 11.868]}, "properties": {"name": "Xa Quang Tin solar project", "fuel": "solar", "mw": 7.1, "country": "VNM", "status": "operating"}}, {"type": "Feature", "id": 2405, "geometry": {"type": "Point", "coordinates": [107.755, 14.506]}, "properties": {"name": "Xa Ro Koi solar project", "fuel": "solar", "mw": 1.8, "country": "VNM", "status": "operating"}}, {"type": "Feature", "id": 2406, "geometry": {"type": "Point", "coordinates": [107.851, 14.429]}, "properties": {"name": "Xa Sa Binh solar project", "fuel": "solar", "mw": 2.7, "country": "VNM", "status": "operating"}}, {"type": "Feature", "id": 2407, "geometry": {"type": "Point", "coordinates": [108.548, 15.085]}, "properties": {"name": "Xa Son Ha solar project", "fuel": "solar", "mw": 2.4, "country": "VNM", "status": "operating"}}, {"type": "Feature", "id": 2408, "geometry": {"type": "Point", "coordinates": [108.935, 13.105]}, "properties": {"name": "Xa Son Hoa solar project I", "fuel": "solar", "mw": 4.2, "country": "VNM", "status": "operating"}}, {"type": "Feature", "id": 2409, "geometry": {"type": "Point", "coordinates": [109.006, 13.064]}, "properties": {"name": "Xa Son Hoa solar project II", "fuel": "solar", "mw": 3.7, "country": "VNM", "status": "operating"}}, {"type": "Feature", "id": 2410, "geometry": {"type": "Point", "coordinates": [104.969, 10.146]}, "properties": {"name": "Xa Son Kien solar project", "fuel": "solar", "mw": 3.2, "country": "VNM", "status": "operating"}}, {"type": "Feature", "id": 2411, "geometry": {"type": "Point", "coordinates": [107.582, 10.63]}, "properties": {"name": "Xa Son My solar project I", "fuel": "solar", "mw": 1.8, "country": "VNM", "status": "operating"}}, {"type": "Feature", "id": 2412, "geometry": {"type": "Point", "coordinates": [107.616, 10.625]}, "properties": {"name": "Xa Son My solar project II", "fuel": "solar", "mw": 2.2, "country": "VNM", "status": "operating"}}, {"type": "Feature", "id": 2413, "geometry": {"type": "Point", "coordinates": [106.255, 9.894]}, "properties": {"name": "Xa Song Loc solar project", "fuel": "solar", "mw": 3.6, "country": "VNM", "status": "operating"}}, {"type": "Feature", "id": 2414, "geometry": {"type": "Point", "coordinates": [108.294, 11.174]}, "properties": {"name": "Xa Song Luy solar project", "fuel": "solar", "mw": 3.0, "country": "VNM", "status": "operating"}}, {"type": "Feature", "id": 2415, "geometry": {"type": "Point", "coordinates": [107.331, 10.741]}, "properties": {"name": "Xa Song Ray solar project", "fuel": "solar", "mw": 5.7, "country": "VNM", "status": "operating"}}, {"type": "Feature", "id": 2416, "geometry": {"type": "Point", "coordinates": [109.114, 12.185]}, "properties": {"name": "Xa Suoi Dau solar project", "fuel": "solar", "mw": 2.6, "country": "VNM", "status": "operating"}}, {"type": "Feature", "id": 2417, "geometry": {"type": "Point", "coordinates": [108.871, 13.068]}, "properties": {"name": "Xa Suoi Trai solar project I", "fuel": "solar", "mw": 2.1, "country": "VNM", "status": "operating"}}, {"type": "Feature", "id": 2418, "geometry": {"type": "Point", "coordinates": [108.877, 13.082]}, "properties": {"name": "Xa Suoi Trai solar project II", "fuel": "solar", "mw": 6.4, "country": "VNM", "status": "operating"}}, {"type": "Feature", "id": 2419, "geometry": {"type": "Point", "coordinates": [108.37, 11.573]}, "properties": {"name": "Xa Ta Hine solar project", "fuel": "solar", "mw": 12.0, "country": "VNM", "status": "operating"}}, {"type": "Feature", "id": 2420, "geometry": {"type": "Point", "coordinates": [108.516, 11.581]}, "properties": {"name": "Xa Ta Nang solar project", "fuel": "solar", "mw": 1.3, "country": "VNM", "status": "operating"}}, {"type": "Feature", "id": 2421, "geometry": {"type": "Point", "coordinates": [105.502, 10.769]}, "properties": {"name": "Xa Tam Nong solar project I", "fuel": "solar", "mw": 2.5, "country": "VNM", "status": "operating"}}, {"type": "Feature", "id": 2422, "geometry": {"type": "Point", "coordinates": [105.557, 10.753]}, "properties": {"name": "Xa Tam Nong solar project II", "fuel": "solar", "mw": 4.7, "country": "VNM", "status": "operating"}}, {"type": "Feature", "id": 2423, "geometry": {"type": "Point", "coordinates": [106.96, 11.043]}, "properties": {"name": "Xa Tan An solar project", "fuel": "solar", "mw": 2.3, "country": "VNM", "status": "operating"}}, {"type": "Feature", "id": 2424, "geometry": {"type": "Point", "coordinates": [108.215, 11.705]}, "properties": {"name": "Xa Tan Ha Lam Ha solar project", "fuel": "solar", "mw": 2.4, "country": "VNM", "status": "operating"}}, {"type": "Feature", "id": 2425, "geometry": {"type": "Point", "coordinates": [105.465, 10.905]}, "properties": {"name": "Xa Tan Ho Co solar project I", "fuel": "solar", "mw": 5.1, "country": "VNM", "status": "operating"}}, {"type": "Feature", "id": 2426, "geometry": {"type": "Point", "coordinates": [105.441, 10.915]}, "properties": {"name": "Xa Tan Ho Co solar project II", "fuel": "solar", "mw": 2.7, "country": "VNM", "status": "operating"}}, {"type": "Feature", "id": 2427, "geometry": {"type": "Point", "coordinates": [106.376, 11.565]}, "properties": {"name": "Xa Tan Hoa solar project I", "fuel": "solar", "mw": 1.3, "country": "VNM", "status": "operating"}}, {"type": "Feature", "id": 2428, "geometry": {"type": "Point", "coordinates": [106.328, 11.563]}, "properties": {"name": "Xa Tan Hoa solar project II", "fuel": "solar", "mw": 3.2, "country": "VNM", "status": "operating"}}, {"type": "Feature", "id": 2429, "geometry": {"type": "Point", "coordinates": [106.403, 11.608]}, "properties": {"name": "Xa Tan Hoa solar project III", "fuel": "solar", "mw": 4.5, "country": "VNM", "status": "operating"}}, {"type": "Feature", "id": 2430, "geometry": {"type": "Point", "coordinates": [106.326, 11.576]}, "properties": {"name": "Xa Tan Hoa solar project IV", "fuel": "solar", "mw": 2.2, "country": "VNM", "status": "operating"}}, {"type": "Feature", "id": 2431, "geometry": {"type": "Point", "coordinates": [106.187, 11.646]}, "properties": {"name": "Xa Tan Hoi solar project", "fuel": "solar", "mw": 7.8, "country": "VNM", "status": "operating"}}, {"type": "Feature", "id": 2432, "geometry": {"type": "Point", "coordinates": [105.41, 10.861]}, "properties": {"name": "Xa Tan Hong solar project", "fuel": "solar", "mw": 3.1, "country": "VNM", "status": "operating"}}, {"type": "Feature", "id": 2433, "geometry": {"type": "Point", "coordinates": [106.363, 10.482]}, "properties": {"name": "Xa Tan Huong solar project", "fuel": "solar", "mw": 2.4, "country": "VNM", "status": "operating"}}, {"type": "Feature", "id": 2434, "geometry": {"type": "Point", "coordinates": [109.035, 12.515]}, "properties": {"name": "Xa Tan Inh solar project I", "fuel": "solar", "mw": 1.8, "country": "VNM", "status": "operating"}}, {"type": "Feature", "id": 2435, "geometry": {"type": "Point", "coordinates": [109.048, 12.524]}, "properties": {"name": "Xa Tan Inh solar project II", "fuel": "solar", "mw": 3.0, "country": "VNM", "status": "operating"}}, {"type": "Feature", "id": 2436, "geometry": {"type": "Point", "coordinates": [109.063, 12.508]}, "properties": {"name": "Xa Tan Inh solar project III", "fuel": "solar", "mw": 1.8, "country": "VNM", "status": "operating"}}, {"type": "Feature", "id": 2437, "geometry": {"type": "Point", "coordinates": [106.115, 11.687]}, "properties": {"name": "Xa Tan Lap solar project I", "fuel": "solar", "mw": 3.2, "country": "VNM", "status": "operating"}}, {"type": "Feature", "id": 2438, "geometry": {"type": "Point", "coordinates": [106.115, 11.706]}, "properties": {"name": "Xa Tan Lap solar project II", "fuel": "solar", "mw": 5.6, "country": "VNM", "status": "operating"}}, {"type": "Feature", "id": 2439, "geometry": {"type": "Point", "coordinates": [107.011, 11.429]}, "properties": {"name": "Xa Tan Loi solar project I", "fuel": "solar", "mw": 2.1, "country": "VNM", "status": "operating"}}, {"type": "Feature", "id": 2440, "geometry": {"type": "Point", "coordinates": [106.947, 11.484]}, "properties": {"name": "Xa Tan Loi solar project II", "fuel": "solar", "mw": 1.6, "country": "VNM", "status": "operating"}}, {"type": "Feature", "id": 2441, "geometry": {"type": "Point", "coordinates": [106.189, 11.71]}, "properties": {"name": "Xa Tan Ong solar project I", "fuel": "solar", "mw": 3.8, "country": "VNM", "status": "operating"}}, {"type": "Feature", "id": 2442, "geometry": {"type": "Point", "coordinates": [106.126, 11.697]}, "properties": {"name": "Xa Tan Ong solar project II", "fuel": "solar", "mw": 4.2, "country": "VNM", "status": "operating"}}, {"type": "Feature", "id": 2443, "geometry": {"type": "Point", "coordinates": [106.175, 11.716]}, "properties": {"name": "Xa Tan Ong solar project III", "fuel": "solar", "mw": 2.8, "country": "VNM", "status": "operating"}}, {"type": "Feature", "id": 2444, "geometry": {"type": "Point", "coordinates": [107.463, 11.237]}, "properties": {"name": "Xa Tan Phu solar project I", "fuel": "solar", "mw": 1.0, "country": "VNM", "status": "operating"}}, {"type": "Feature", "id": 2445, "geometry": {"type": "Point", "coordinates": [107.461, 11.242]}, "properties": {"name": "Xa Tan Phu solar project II", "fuel": "solar", "mw": 4.3, "country": "VNM", "status": "operating"}}, {"type": "Feature", "id": 2446, "geometry": {"type": "Point", "coordinates": [107.423, 11.292]}, "properties": {"name": "Xa Tan Phu solar project III", "fuel": "solar", "mw": 2.1, "country": "VNM", "status": "operating"}}, {"type": "Feature", "id": 2447, "geometry": {"type": "Point", "coordinates": [106.186, 11.42]}, "properties": {"name": "Xa Tan Phu solar project IV", "fuel": "solar", "mw": 1.9, "country": "VNM", "status": "operating"}}, {"type": "Feature", "id": 2448, "geometry": {"type": "Point", "coordinates": [106.133, 11.47]}, "properties": {"name": "Xa Tan Phu solar project V", "fuel": "solar", "mw": 6.2, "country": "VNM", "status": "operating"}}, {"type": "Feature", "id": 2449, "geometry": {"type": "Point", "coordinates": [106.237, 10.437]}, "properties": {"name": "Xa Tan Phuoc 3 solar project", "fuel": "solar", "mw": 3.8, "country": "VNM", "status": "operating"}}, {"type": "Feature", "id": 2450, "geometry": {"type": "Point", "coordinates": [106.66, 11.54]}, "properties": {"name": "Xa Tan Quan solar project I", "fuel": "solar", "mw": 1.4, "country": "VNM", "status": "operating"}}, {"type": "Feature", "id": 2451, "geometry": {"type": "Point", "coordinates": [106.643, 11.655]}, "properties": {"name": "Xa Tan Quan solar project II", "fuel": "solar", "mw": 2.3, "country": "VNM", "status": "operating"}}, {"type": "Feature", "id": 2452, "geometry": {"type": "Point", "coordinates": [106.266, 11.554]}, "properties": {"name": "Xa Tan Thanh solar project I", "fuel": "solar", "mw": 1.3, "country": "VNM", "status": "operating"}}, {"type": "Feature", "id": 2453, "geometry": {"type": "Point", "coordinates": [107.855, 10.783]}, "properties": {"name": "Xa Tan Thanh solar project II", "fuel": "solar", "mw": 6.4, "country": "VNM", "status": "operating"}}, {"type": "Feature", "id": 2454, "geometry": {"type": "Point", "coordinates": [105.476, 10.936]}, "properties": {"name": "Xa Tan Thanh solar project III", "fuel": "solar", "mw": 1.6, "country": "VNM", "status": "operating"}}, {"type": "Feature", "id": 2455, "geometry": {"type": "Point", "coordinates": [108.391, 12.589]}, "properties": {"name": "Xa Tan Tien solar project", "fuel": "solar", "mw": 2.0, "country": "VNM", "status": "operating"}}, {"type": "Feature", "id": 2456, "geometry": {"type": "Point", "coordinates": [108.966, 12.539]}, "properties": {"name": "Xa Tay Ninh Hoa solar project", "fuel": "solar", "mw": 2.4, "country": "VNM", "status": "operating"}}, {"type": "Feature", "id": 2457, "geometry": {"type": "Point", "coordinates": [107.018, 21.404]}, "properties": {"name": "Xa Thai Binh solar project", "fuel": "solar", "mw": 5.1, "country": "VNM", "status": "operating"}}, {"type": "Feature", "id": 2458, "geometry": {"type": "Point", "coordinates": [105.113, 10.009]}, "properties": {"name": "Xa Thanh Loc solar project I", "fuel": "solar", "mw": 2.6, "country": "VNM", "status": "operating"}}, {"type": "Feature", "id": 2459, "geometry": {"type": "Point", "coordinates": [105.129, 9.994]}, "properties": {"name": "Xa Thanh Loc solar project II", "fuel": "solar", "mw": 1.0, "country": "VNM", "status": "operating"}}, {"type": "Feature", "id": 2460, "geometry": {"type": "Point", "coordinates": [106.436, 10.73]}, "properties": {"name": "Xa Thanh Loi solar project", "fuel": "solar", "mw": 11.0, "country": "VNM", "status": "operating"}}, {"type": "Feature", "id": 2461, "geometry": {"type": "Point", "coordinates": [105.091, 10.557]}, "properties": {"name": "Xa Thanh My Tay solar project", "fuel": "solar", "mw": 1.4, "country": "VNM", "status": "operating"}}, {"type": "Feature", "id": 2462, "geometry": {"type": "Point", "coordinates": [106.216, 11.168]}, "properties": {"name": "Xa Thanh Uc solar project", "fuel": "solar", "mw": 2.5, "country": "VNM", "status": "operating"}}, {"type": "Feature", "id": 2463, "geometry": {"type": "Point", "coordinates": [106.795, 12.0]}, "properties": {"name": "Xa Thien Hung solar project I", "fuel": "solar", "mw": 2.3, "country": "VNM", "status": "operating"}}, {"type": "Feature", "id": 2464, "geometry": {"type": "Point", "coordinates": [106.837, 11.953]}, "properties": {"name": "Xa Thien Hung solar project II", "fuel": "solar", "mw": 6.3, "country": "VNM", "status": "operating"}}, {"type": "Feature", "id": 2465, "geometry": {"type": "Point", "coordinates": [108.798, 15.222]}, "properties": {"name": "Xa Tho Phong solar project", "fuel": "solar", "mw": 4.5, "country": "VNM", "status": "operating"}}, {"type": "Feature", "id": 2466, "geometry": {"type": "Point", "coordinates": [107.581, 12.367]}, "properties": {"name": "Xa Thuan An solar project", "fuel": "solar", "mw": 2.1, "country": "VNM", "status": "operating"}}, {"type": "Feature", "id": 2467, "geometry": {"type": "Point", "coordinates": [106.897, 11.622]}, "properties": {"name": "Xa Thuan Loi solar project I", "fuel": "solar", "mw": 3.2, "country": "VNM", "status": "operating"}}, {"type": "Feature", "id": 2468, "geometry": {"type": "Point", "coordinates": [106.85, 11.63]}, "properties": {"name": "Xa Thuan Loi solar project II", "fuel": "solar", "mw": 1.4, "country": "VNM", "status": "operating"}}, {"type": "Feature", "id": 2469, "geometry": {"type": "Point", "coordinates": [108.939, 11.482]}, "properties": {"name": "Xa Thuan Nam solar project", "fuel": "solar", "mw": 1.7, "country": "VNM", "status": "operating"}}, {"type": "Feature", "id": 2470, "geometry": {"type": "Point", "coordinates": [108.532, 15.259]}, "properties": {"name": "Xa Tra Bong solar project", "fuel": "solar", "mw": 1.2, "country": "VNM", "status": "operating"}}, {"type": "Feature", "id": 2471, "geometry": {"type": "Point", "coordinates": [107.48, 11.042]}, "properties": {"name": "Xa Tra Tan solar project", "fuel": "solar", "mw": 1.1, "country": "VNM", "status": "operating"}}, {"type": "Feature", "id": 2472, "geometry": {"type": "Point", "coordinates": [105.585, 10.692]}, "properties": {"name": "Xa Tram Chim solar project", "fuel": "solar", "mw": 4.9, "country": "VNM", "status": "operating"}}, {"type": "Feature", "id": 2473, "geometry": {"type": "Point", "coordinates": [107.012, 10.949]}, "properties": {"name": "Xa Trang Bom solar project I", "fuel": "solar", "mw": 1.1, "country": "VNM", "status": "operating"}}, {"type": "Feature", "id": 2474, "geometry": {"type": "Point", "coordinates": [107.021, 10.956]}, "properties": {"name": "Xa Trang Bom solar project II", "fuel": "solar", "mw": 2.1, "country": "VNM", "status": "operating"}}, {"type": "Feature", "id": 2475, "geometry": {"type": "Point", "coordinates": [108.844, 12.44]}, "properties": {"name": "Xa Trung Khanh Vinh solar project I", "fuel": "solar", "mw": 1.1, "country": "VNM", "status": "operating"}}, {"type": "Feature", "id": 2476, "geometry": {"type": "Point", "coordinates": [108.926, 12.382]}, "properties": {"name": "Xa Trung Khanh Vinh solar project II", "fuel": "solar", "mw": 1.6, "country": "VNM", "status": "operating"}}, {"type": "Feature", "id": 2477, "geometry": {"type": "Point", "coordinates": [108.906, 12.341]}, "properties": {"name": "Xa Trung Khanh Vinh solar project III", "fuel": "solar", "mw": 1.7, "country": "VNM", "status": "operating"}}, {"type": "Feature", "id": 2478, "geometry": {"type": "Point", "coordinates": [105.771, 10.654]}, "properties": {"name": "Xa Truong Xuan solar project", "fuel": "solar", "mw": 1.0, "country": "VNM", "status": "operating"}}, {"type": "Feature", "id": 2479, "geometry": {"type": "Point", "coordinates": [109.145, 13.279]}, "properties": {"name": "Xa Tuy An Tay solar project", "fuel": "solar", "mw": 1.4, "country": "VNM", "status": "operating"}}, {"type": "Feature", "id": 2480, "geometry": {"type": "Point", "coordinates": [108.604, 13.22]}, "properties": {"name": "Xa Uar solar project", "fuel": "solar", "mw": 2.8, "country": "VNM", "status": "operating"}}, {"type": "Feature", "id": 2481, "geometry": {"type": "Point", "coordinates": [107.533, 12.206]}, "properties": {"name": "Xa Uc An solar project", "fuel": "solar", "mw": 1.5, "country": "VNM", "status": "operating"}}, {"type": "Feature", "id": 2482, "geometry": {"type": "Point", "coordinates": [107.72, 13.784]}, "properties": {"name": "Xa Uc Co solar project", "fuel": "solar", "mw": 1.3, "country": "VNM", "status": "operating"}}, {"type": "Feature", "id": 2483, "geometry": {"type": "Point", "coordinates": [107.655, 12.507]}, "properties": {"name": "Xa Uc Lap solar project I", "fuel": "solar", "mw": 2.2, "country": "VNM", "status": "operating"}}, {"type": "Feature", "id": 2484, "geometry": {"type": "Point", "coordinates": [106.468, 10.916]}, "properties": {"name": "Xa Uc Lap solar project II", "fuel": "solar", "mw": 4.6, "country": "VNM", "status": "operating"}}, {"type": "Feature", "id": 2485, "geometry": {"type": "Point", "coordinates": [108.293, 11.68]}, "properties": {"name": "Xa Uc Trong solar project", "fuel": "solar", "mw": 10.1, "country": "VNM", "status": "operating"}}, {"type": "Feature", "id": 2486, "geometry": {"type": "Point", "coordinates": [109.064, 13.124]}, "properties": {"name": "Xa Van Hoa solar project", "fuel": "solar", "mw": 1.7, "country": "VNM", "status": "operating"}}, {"type": "Feature", "id": 2487, "geometry": {"type": "Point", "coordinates": [109.184, 12.668]}, "properties": {"name": "Xa Van Ninh solar project", "fuel": "solar", "mw": 1.4, "country": "VNM", "status": "operating"}}, {"type": "Feature", "id": 2488, "geometry": {"type": "Point", "coordinates": [105.178, 10.446]}, "properties": {"name": "Xa Vinh An solar project", "fuel": "solar", "mw": 3.8, "country": "VNM", "status": "operating"}}, {"type": "Feature", "id": 2489, "geometry": {"type": "Point", "coordinates": [105.699, 9.199]}, "properties": {"name": "Xa Vinh Hau solar project I", "fuel": "solar", "mw": 1.8, "country": "VNM", "status": "operating"}}, {"type": "Feature", "id": 2490, "geometry": {"type": "Point", "coordinates": [105.663, 9.205]}, "properties": {"name": "Xa Vinh Hau solar project II", "fuel": "solar", "mw": 1.4, "country": "VNM", "status": "operating"}}, {"type": "Feature", "id": 2491, "geometry": {"type": "Point", "coordinates": [105.351, 9.753]}, "properties": {"name": "Xa Vinh Hoa Hung solar project", "fuel": "solar", "mw": 1.8, "country": "VNM", "status": "operating"}}, {"type": "Feature", "id": 2492, "geometry": {"type": "Point", "coordinates": [108.829, 14.026]}, "properties": {"name": "Xa Vinh Quang solar project", "fuel": "solar", "mw": 3.3, "country": "VNM", "status": "operating"}}, {"type": "Feature", "id": 2493, "geometry": {"type": "Point", "coordinates": [107.303, 11.064]}, "properties": {"name": "Xa Xuan Bac solar project I", "fuel": "solar", "mw": 2.7, "country": "VNM", "status": "operating"}}, {"type": "Feature", "id": 2494, "geometry": {"type": "Point", "coordinates": [107.311, 11.052]}, "properties": {"name": "Xa Xuan Bac solar project II", "fuel": "solar", "mw": 1.3, "country": "VNM", "status": "operating"}}, {"type": "Feature", "id": 2495, "geometry": {"type": "Point", "coordinates": [107.321, 10.996]}, "properties": {"name": "Xa Xuan Bac solar project III", "fuel": "solar", "mw": 4.1, "country": "VNM", "status": "operating"}}, {"type": "Feature", "id": 2496, "geometry": {"type": "Point", "coordinates": [107.514, 10.796]}, "properties": {"name": "Xa Xuan Hoa solar project I", "fuel": "solar", "mw": 3.6, "country": "VNM", "status": "operating"}}, {"type": "Feature", "id": 2497, "geometry": {"type": "Point", "coordinates": [107.534, 10.85]}, "properties": {"name": "Xa Xuan Hoa solar project II", "fuel": "solar", "mw": 1.8, "country": "VNM", "status": "operating"}}, {"type": "Feature", "id": 2498, "geometry": {"type": "Point", "coordinates": [107.524, 10.875]}, "properties": {"name": "Xa Xuan Hoa solar project III", "fuel": "solar", "mw": 1.8, "country": "VNM", "status": "operating"}}, {"type": "Feature", "id": 2499, "geometry": {"type": "Point", "coordinates": [109.025, 13.516]}, "properties": {"name": "Xa Xuan Lanh solar project", "fuel": "solar", "mw": 2.3, "country": "VNM", "status": "operating"}}, {"type": "Feature", "id": 2500, "geometry": {"type": "Point", "coordinates": [107.433, 10.957]}, "properties": {"name": "Xa Xuan Loc solar project I", "fuel": "solar", "mw": 1.2, "country": "VNM", "status": "operating"}}, {"type": "Feature", "id": 2501, "geometry": {"type": "Point", "coordinates": [107.426, 10.962]}, "properties": {"name": "Xa Xuan Loc solar project II", "fuel": "solar", "mw": 2.4, "country": "VNM", "status": "operating"}}, {"type": "Feature", "id": 2502, "geometry": {"type": "Point", "coordinates": [107.399, 10.872]}, "properties": {"name": "Xa Xuan Loc solar project III", "fuel": "solar", "mw": 1.7, "country": "VNM", "status": "operating"}}, {"type": "Feature", "id": 2503, "geometry": {"type": "Point", "coordinates": [107.356, 10.925]}, "properties": {"name": "Xa Xuan Loc solar project IV", "fuel": "solar", "mw": 2.8, "country": "VNM", "status": "operating"}}, {"type": "Feature", "id": 2504, "geometry": {"type": "Point", "coordinates": [107.394, 10.809]}, "properties": {"name": "Xa Xuan Ong solar project", "fuel": "solar", "mw": 8.2, "country": "VNM", "status": "operating"}}, {"type": "Feature", "id": 2505, "geometry": {"type": "Point", "coordinates": [107.412, 11.037]}, "properties": {"name": "Xa Xuan Thanh solar project I", "fuel": "solar", "mw": 1.8, "country": "VNM", "status": "operating"}}, {"type": "Feature", "id": 2506, "geometry": {"type": "Point", "coordinates": [107.41, 11.022]}, "properties": {"name": "Xa Xuan Thanh solar project II", "fuel": "solar", "mw": 3.9, "country": "VNM", "status": "operating"}}, {"type": "Feature", "id": 2507, "geometry": {"type": "Point", "coordinates": [107.388, 11.035]}, "properties": {"name": "Xa Xuan Thanh solar project III", "fuel": "solar", "mw": 2.3, "country": "VNM", "status": "operating"}}, {"type": "Feature", "id": 2508, "geometry": {"type": "Point", "coordinates": [107.422, 10.995]}, "properties": {"name": "Xa Xuan Thanh solar project IV", "fuel": "solar", "mw": 3.0, "country": "VNM", "status": "operating"}}, {"type": "Feature", "id": 2509, "geometry": {"type": "Point", "coordinates": [107.824, 14.221]}, "properties": {"name": "Xa Ya Ly solar project", "fuel": "solar", "mw": 2.6, "country": "VNM", "status": "operating"}}, {"type": "Feature", "id": 2510, "geometry": {"type": "Point", "coordinates": [106.489, 11.904]}, "properties": {"name": "Xinghai 4/5 solar farm", "fuel": "solar", "mw": 250.0, "country": "VNM", "status": "operating"}}, {"type": "Feature", "id": 2511, "geometry": {"type": "Point", "coordinates": [109.239, 13.2]}, "properties": {"name": "Xuan Quang Phu Yen solar farm", "fuel": "solar", "mw": 100.0, "country": "VNM", "status": "planned"}}, {"type": "Feature", "id": 2512, "geometry": {"type": "Point", "coordinates": [107.531, 12.207]}, "properties": {"name": "Xuy\u00ean H\u00e0 solar farm", "fuel": "solar", "mw": 104.0, "country": "VNM", "status": "planned"}}, {"type": "Feature", "id": 2513, "geometry": {"type": "Point", "coordinates": [107.557, 10.633]}, "properties": {"name": "Xuy\u00ean M\u1ed9c District solar project I", "fuel": "solar", "mw": 2.3, "country": "VNM", "status": "operating"}}, {"type": "Feature", "id": 2514, "geometry": {"type": "Point", "coordinates": [107.463, 10.684]}, "properties": {"name": "Xuy\u00ean M\u1ed9c District solar project II", "fuel": "solar", "mw": 4.2, "country": "VNM", "status": "operating"}}, {"type": "Feature", "id": 2515, "geometry": {"type": "Point", "coordinates": [107.406, 10.584]}, "properties": {"name": "Xuy\u00ean M\u1ed9c District solar project III", "fuel": "solar", "mw": 10.3, "country": "VNM", "status": "operating"}}, {"type": "Feature", "id": 2516, "geometry": {"type": "Point", "coordinates": [107.375, 10.542]}, "properties": {"name": "Xuy\u00ean M\u1ed9c District solar project IV", "fuel": "solar", "mw": 2.5, "country": "VNM", "status": "operating"}}, {"type": "Feature", "id": 2517, "geometry": {"type": "Point", "coordinates": [107.452, 10.589]}, "properties": {"name": "Xuy\u00ean M\u1ed9c District solar project VI", "fuel": "solar", "mw": 1.9, "country": "VNM", "status": "operating"}}, {"type": "Feature", "id": 2518, "geometry": {"type": "Point", "coordinates": [107.358, 10.571]}, "properties": {"name": "Xuy\u00ean M\u1ed9c District solar project VII", "fuel": "solar", "mw": 2.8, "country": "VNM", "status": "operating"}}, {"type": "Feature", "id": 2519, "geometry": {"type": "Point", "coordinates": [107.482, 10.94]}, "properties": {"name": "Xu\u00e2n L\u1ed9c District solar project I", "fuel": "solar", "mw": 3.8, "country": "VNM", "status": "operating"}}, {"type": "Feature", "id": 2520, "geometry": {"type": "Point", "coordinates": [107.564, 10.81]}, "properties": {"name": "Xu\u00e2n L\u1ed9c District solar project II", "fuel": "solar", "mw": 5.6, "country": "VNM", "status": "operating"}}, {"type": "Feature", "id": 2521, "geometry": {"type": "Point", "coordinates": [107.488, 10.925]}, "properties": {"name": "Xu\u00e2n L\u1ed9c District solar project III", "fuel": "solar", "mw": 4.6, "country": "VNM", "status": "operating"}}, {"type": "Feature", "id": 2522, "geometry": {"type": "Point", "coordinates": [109.175, 13.378]}, "properties": {"name": "Xu\u00e2n Th\u1ecd solar farm", "fuel": "solar", "mw": 50.0, "country": "VNM", "status": "operating"}}, {"type": "Feature", "id": 2523, "geometry": {"type": "Point", "coordinates": [109.175, 13.378]}, "properties": {"name": "Xu\u00e2n Th\u1ecd solar farm", "fuel": "solar", "mw": 50.0, "country": "VNM", "status": "operating"}}, {"type": "Feature", "id": 2524, "geometry": {"type": "Point", "coordinates": [104.879, 10.369]}, "properties": {"name": "X\u00e3 L\u01b0\u01a1ng An Tr\u00e0 Tri T\u00f4n District solar project", "fuel": "solar", "mw": 8.3, "country": "VNM", "status": "operating"}}, {"type": "Feature", "id": 2525, "geometry": {"type": "Point", "coordinates": [107.362, 11.019]}, "properties": {"name": "X\u00e3 Su\u1ed1i Cao Xu\u00e2n L\u1ed9c District solar project", "fuel": "solar", "mw": 7.3, "country": "VNM", "status": "operating"}}, {"type": "Feature", "id": 2526, "geometry": {"type": "Point", "coordinates": [107.263, 11.115]}, "properties": {"name": "X\u00e3 T\u00fac Tr\u01b0ng \u0110\u1ecbnh Qu\u00e1n District solar project", "fuel": "solar", "mw": 5.7, "country": "VNM", "status": "operating"}}, {"type": "Feature", "id": 2527, "geometry": {"type": "Point", "coordinates": [107.327, 11.054]}, "properties": {"name": "X\u00e3 Xu\u00e2n B\u1eafc Xu\u00e2n L\u1ed9c District solar project", "fuel": "solar", "mw": 3.7, "country": "VNM", "status": "operating"}}, {"type": "Feature", "id": 2528, "geometry": {"type": "Point", "coordinates": [107.504, 10.876]}, "properties": {"name": "X\u00e3 Xu\u00e2n H\u01b0ng Xu\u00e2n L\u1ed9c District solar project", "fuel": "solar", "mw": 7.8, "country": "VNM", "status": "operating"}}, {"type": "Feature", "id": 2529, "geometry": {"type": "Point", "coordinates": [107.329, 10.93]}, "properties": {"name": "X\u00e3 Xu\u00e2n Ph\u00fa Xu\u00e2n L\u1ed9c District solar project", "fuel": "solar", "mw": 11.7, "country": "VNM", "status": "operating"}}, {"type": "Feature", "id": 2530, "geometry": {"type": "Point", "coordinates": [107.932, 14.7]}, "properties": {"name": "Ya Tang Buddhist Temple solar farm", "fuel": "solar", "mw": 60.0, "country": "VNM", "status": "planned"}}, {"type": "Feature", "id": 2531, "geometry": {"type": "Point", "coordinates": [104.518, 21.809]}, "properties": {"name": "Yen Binh solar farm", "fuel": "solar", "mw": 500.0, "country": "VNM", "status": "planned"}}, {"type": "Feature", "id": 2532, "geometry": {"type": "Point", "coordinates": [104.158, 21.228]}, "properties": {"name": "Yen Chau 4 solar farm", "fuel": "solar", "mw": 135.0, "country": "VNM", "status": "planned"}}, {"type": "Feature", "id": 2533, "geometry": {"type": "Point", "coordinates": [104.158, 21.228]}, "properties": {"name": "Yen Chau 5 solar farm", "fuel": "solar", "mw": 80.0, "country": "VNM", "status": "planned"}}, {"type": "Feature", "id": 2534, "geometry": {"type": "Point", "coordinates": [107.201, 21.172]}, "properties": {"name": "Yen Lap Lake solar farm", "fuel": "solar", "mw": 140.0, "country": "VNM", "status": "planned"}}, {"type": "Feature", "id": 2535, "geometry": {"type": "Point", "coordinates": [105.482, 19.978]}, "properties": {"name": "Yen My 2 Lake solar farm", "fuel": "solar", "mw": 52.0, "country": "VNM", "status": "planned"}}, {"type": "Feature", "id": 2536, "geometry": {"type": "Point", "coordinates": [106.045, 20.885]}, "properties": {"name": "Yen My Reservoir floating solar farm", "fuel": "solar", "mw": 80.0, "country": "VNM", "status": "planned"}}, {"type": "Feature", "id": 2537, "geometry": {"type": "Point", "coordinates": [106.466, 21.374]}, "properties": {"name": "Yen The solar farm", "fuel": "solar", "mw": 50.0, "country": "VNM", "status": "planned"}}, {"type": "Feature", "id": 2538, "geometry": {"type": "Point", "coordinates": [104.35, 21.039]}, "properties": {"name": "Y\u00ean Ch\u00e2u District solar project", "fuel": "solar", "mw": 2.2, "country": "VNM", "status": "operating"}}, {"type": "Feature", "id": 2539, "geometry": {"type": "Point", "coordinates": [105.549, 20.052]}, "properties": {"name": "Y\u00ean \u0110\u1ecbnh District solar project I", "fuel": "solar", "mw": 9.4, "country": "VNM", "status": "operating"}}, {"type": "Feature", "id": 2540, "geometry": {"type": "Point", "coordinates": [105.659, 19.947]}, "properties": {"name": "Y\u00ean \u0110\u1ecbnh District solar project II", "fuel": "solar", "mw": 4.5, "country": "VNM", "status": "operating"}}, {"type": "Feature", "id": 2541, "geometry": {"type": "Point", "coordinates": [105.619, 19.998]}, "properties": {"name": "Y\u00ean \u0110\u1ecbnh solar farm", "fuel": "solar", "mw": 30.0, "country": "VNM", "status": "operating"}}, {"type": "Feature", "id": 2542, "geometry": {"type": "Point", "coordinates": [103.18, 22.292]}, "properties": {"name": "connected on Lai Chau reservoir solar farm", "fuel": "solar", "mw": 120.0, "country": "VNM", "status": "planned"}}, {"type": "Feature", "id": 2543, "geometry": {"type": "Point", "coordinates": [108.53, 13.907]}, "properties": {"name": "\u0110ak P\u01a1 District solar project I", "fuel": "solar", "mw": 2.1, "country": "VNM", "status": "operating"}}, {"type": "Feature", "id": 2544, "geometry": {"type": "Point", "coordinates": [108.588, 13.89]}, "properties": {"name": "\u0110ak P\u01a1 District solar project II", "fuel": "solar", "mw": 3.1, "country": "VNM", "status": "operating"}}, {"type": "Feature", "id": 2545, "geometry": {"type": "Point", "coordinates": [108.556, 13.91]}, "properties": {"name": "\u0110ak P\u01a1 District solar project III", "fuel": "solar", "mw": 1.7, "country": "VNM", "status": "operating"}}, {"type": "Feature", "id": 2546, "geometry": {"type": "Point", "coordinates": [108.117, 14.086]}, "properties": {"name": "\u0110ak \u0110oa District solar project I", "fuel": "solar", "mw": 3.4, "country": "VNM", "status": "operating"}}, {"type": "Feature", "id": 2547, "geometry": {"type": "Point", "coordinates": [108.206, 13.998]}, "properties": {"name": "\u0110ak \u0110oa District solar project II", "fuel": "solar", "mw": 1.4, "country": "VNM", "status": "operating"}}, {"type": "Feature", "id": 2548, "geometry": {"type": "Point", "coordinates": [108.391, 15.02]}, "properties": {"name": "\u0110ak\u0111rinh HPP floating solar farm", "fuel": "solar", "mw": 80.0, "country": "VNM", "status": "planned"}}, {"type": "Feature", "id": 2549, "geometry": {"type": "Point", "coordinates": [103.07, 21.383]}, "properties": {"name": "\u0110i\u1ec7n Bi\u00ean Ph\u1ee7 solar project", "fuel": "solar", "mw": 4.6, "country": "VNM", "status": "operating"}}, {"type": "Feature", "id": 2550, "geometry": {"type": "Point", "coordinates": [109.102, 12.01]}, "properties": {"name": "\u0110i\u1ec7n L\u1ef1c Mi\u1ec1n Trung solar farm", "fuel": "solar", "mw": 50.0, "country": "VNM", "status": "operating"}}, {"type": "Feature", "id": 2551, "geometry": {"type": "Point", "coordinates": [107.277, 10.58]}, "properties": {"name": "\u0110\u00e1 B\u1ea1c solar farm", "fuel": "solar", "mw": 60.0, "country": "VNM", "status": "operating"}}, {"type": "Feature", "id": 2552, "geometry": {"type": "Point", "coordinates": [107.277, 10.58]}, "properties": {"name": "\u0110\u00e1 B\u1ea1c solar farm", "fuel": "solar", "mw": 60.0, "country": "VNM", "status": "operating"}}, {"type": "Feature", "id": 2553, "geometry": {"type": "Point", "coordinates": [107.277, 10.58]}, "properties": {"name": "\u0110\u00e1 B\u1ea1c solar farm", "fuel": "solar", "mw": 50.0, "country": "VNM", "status": "operating"}}, {"type": "Feature", "id": 2554, "geometry": {"type": "Point", "coordinates": [107.277, 10.58]}, "properties": {"name": "\u0110\u00e1 B\u1ea1c solar farm", "fuel": "solar", "mw": 50.0, "country": "VNM", "status": "operating"}}, {"type": "Feature", "id": 2555, "geometry": {"type": "Point", "coordinates": [105.423, 9.054]}, "properties": {"name": "\u0110\u00f4ng H\u1ea3i District solar project I", "fuel": "solar", "mw": 5.6, "country": "VNM", "status": "operating"}}, {"type": "Feature", "id": 2556, "geometry": {"type": "Point", "coordinates": [105.545, 9.246]}, "properties": {"name": "\u0110\u00f4ng H\u1ea3i District solar project II", "fuel": "solar", "mw": 5.6, "country": "VNM", "status": "operating"}}, {"type": "Feature", "id": 2557, "geometry": {"type": "Point", "coordinates": [107.958, 14.434]}, "properties": {"name": "\u0110\u0103k H\u00e0 District solar project", "fuel": "solar", "mw": 2.7, "country": "VNM", "status": "operating"}}, {"type": "Feature", "id": 2558, "geometry": {"type": "Point", "coordinates": [107.737, 14.678]}, "properties": {"name": "\u0110\u0103k T\u00f4 District solar project", "fuel": "solar", "mw": 1.3, "country": "VNM", "status": "operating"}}, {"type": "Feature", "id": 2559, "geometry": {"type": "Point", "coordinates": [108.415, 11.73]}, "properties": {"name": "\u0110\u01a1n D\u01b0\u01a1ng District solar project", "fuel": "solar", "mw": 5.7, "country": "VNM", "status": "operating"}}, {"type": "Feature", "id": 2560, "geometry": {"type": "Point", "coordinates": [107.415, 11.533]}, "properties": {"name": "\u0110\u1ea1 Huoai District solar project I", "fuel": "solar", "mw": 2.2, "country": "VNM", "status": "operating"}}, {"type": "Feature", "id": 2561, "geometry": {"type": "Point", "coordinates": [107.56, 11.522]}, "properties": {"name": "\u0110\u1ea1 Huoai District solar project II", "fuel": "solar", "mw": 5.2, "country": "VNM", "status": "operating"}}, {"type": "Feature", "id": 2562, "geometry": {"type": "Point", "coordinates": [107.496, 11.586]}, "properties": {"name": "\u0110\u1ea1 Huoai District solar project III", "fuel": "solar", "mw": 4.3, "country": "VNM", "status": "operating"}}, {"type": "Feature", "id": 2563, "geometry": {"type": "Point", "coordinates": [107.423, 11.539]}, "properties": {"name": "\u0110\u1ea1 Huoai District solar project IV", "fuel": "solar", "mw": 6.0, "country": "VNM", "status": "operating"}}, {"type": "Feature", "id": 2564, "geometry": {"type": "Point", "coordinates": [107.449, 11.527]}, "properties": {"name": "\u0110\u1ea1 Huoai District solar project V", "fuel": "solar", "mw": 5.6, "country": "VNM", "status": "operating"}}, {"type": "Feature", "id": 2565, "geometry": {"type": "Point", "coordinates": [107.503, 11.404]}, "properties": {"name": "\u0110\u1ea1 Huoai District solar project VI", "fuel": "solar", "mw": 5.2, "country": "VNM", "status": "operating"}}, {"type": "Feature", "id": 2566, "geometry": {"type": "Point", "coordinates": [107.439, 11.551]}, "properties": {"name": "\u0110\u1ea1 Huoai District solar project VII", "fuel": "solar", "mw": 1.8, "country": "VNM", "status": "operating"}}, {"type": "Feature", "id": 2567, "geometry": {"type": "Point", "coordinates": [107.527, 11.57]}, "properties": {"name": "\u0110\u1ea1 Huoai District solar project VIII", "fuel": "solar", "mw": 1.6, "country": "VNM", "status": "operating"}}, {"type": "Feature", "id": 2568, "geometry": {"type": "Point", "coordinates": [108.044, 15.818]}, "properties": {"name": "\u0110\u1ea1i L\u1ed9c District solar project", "fuel": "solar", "mw": 2.2, "country": "VNM", "status": "operating"}}, {"type": "Feature", "id": 2569, "geometry": {"type": "Point", "coordinates": [108.8, 15.1]}, "properties": {"name": "\u0110\u1ea7m N\u01b0\u1edbc M\u1eb7n solar farm", "fuel": "solar", "mw": 50.0, "country": "VNM", "status": "planned"}}, {"type": "Feature", "id": 2570, "geometry": {"type": "Point", "coordinates": [108.368, 12.779]}, "properties": {"name": "\u0110\u1eafk L\u1eafk BMT solar farm", "fuel": "solar", "mw": 30.0, "country": "VNM", "status": "operating"}}, {"type": "Feature", "id": 2571, "geometry": {"type": "Point", "coordinates": [108.256, 12.605]}, "properties": {"name": "\u0110\u1eafk L\u1eafk Province solar project I", "fuel": "solar", "mw": 5.2, "country": "VNM", "status": "operating"}}, {"type": "Feature", "id": 2572, "geometry": {"type": "Point", "coordinates": [108.364, 12.862]}, "properties": {"name": "\u0110\u1eafk L\u1eafk Province solar project II", "fuel": "solar", "mw": 1.4, "country": "VNM", "status": "operating"}}, {"type": "Feature", "id": 2573, "geometry": {"type": "Point", "coordinates": [107.719, 12.451]}, "properties": {"name": "\u0110\u1eafk Mil District solar project I", "fuel": "solar", "mw": 3.5, "country": "VNM", "status": "operating"}}, {"type": "Feature", "id": 2574, "geometry": {"type": "Point", "coordinates": [107.586, 12.371]}, "properties": {"name": "\u0110\u1eafk Mil District solar project II", "fuel": "solar", "mw": 2.8, "country": "VNM", "status": "operating"}}, {"type": "Feature", "id": 2575, "geometry": {"type": "Point", "coordinates": [107.742, 12.522]}, "properties": {"name": "\u0110\u1eafk Mil District solar project III", "fuel": "solar", "mw": 7.5, "country": "VNM", "status": "operating"}}, {"type": "Feature", "id": 2576, "geometry": {"type": "Point", "coordinates": [107.586, 12.483]}, "properties": {"name": "\u0110\u1eafk Mil District solar project IV", "fuel": "solar", "mw": 10.0, "country": "VNM", "status": "operating"}}, {"type": "Feature", "id": 2577, "geometry": {"type": "Point", "coordinates": [107.547, 12.039]}, "properties": {"name": "\u0110\u1eafk R'L\u1ea5p District solar project I", "fuel": "solar", "mw": 3.0, "country": "VNM", "status": "operating"}}, {"type": "Feature", "id": 2578, "geometry": {"type": "Point", "coordinates": [107.492, 11.889]}, "properties": {"name": "\u0110\u1eafk R'L\u1ea5p District solar project II", "fuel": "solar", "mw": 6.6, "country": "VNM", "status": "operating"}}, {"type": "Feature", "id": 2579, "geometry": {"type": "Point", "coordinates": [107.604, 12.198]}, "properties": {"name": "\u0110\u1eafk Song District solar project I", "fuel": "solar", "mw": 7.3, "country": "VNM", "status": "operating"}}, {"type": "Feature", "id": 2580, "geometry": {"type": "Point", "coordinates": [107.645, 12.149]}, "properties": {"name": "\u0110\u1eafk Song District solar project II", "fuel": "solar", "mw": 1.5, "country": "VNM", "status": "operating"}}, {"type": "Feature", "id": 2581, "geometry": {"type": "Point", "coordinates": [107.66, 12.126]}, "properties": {"name": "\u0110\u1eafk Song District solar project III", "fuel": "solar", "mw": 4.1, "country": "VNM", "status": "operating"}}, {"type": "Feature", "id": 2582, "geometry": {"type": "Point", "coordinates": [107.5, 12.271]}, "properties": {"name": "\u0110\u1eafk Song District solar project IV", "fuel": "solar", "mw": 2.7, "country": "VNM", "status": "operating"}}, {"type": "Feature", "id": 2583, "geometry": {"type": "Point", "coordinates": [107.537, 12.329]}, "properties": {"name": "\u0110\u1eafk Song District solar project V", "fuel": "solar", "mw": 3.3, "country": "VNM", "status": "operating"}}, {"type": "Feature", "id": 2584, "geometry": {"type": "Point", "coordinates": [107.326, 11.249]}, "properties": {"name": "\u0110\u1ecbnh Qu\u00e1n District solar project I", "fuel": "solar", "mw": 1.4, "country": "VNM", "status": "operating"}}, {"type": "Feature", "id": 2585, "geometry": {"type": "Point", "coordinates": [107.306, 11.146]}, "properties": {"name": "\u0110\u1ecbnh Qu\u00e1n District solar project II", "fuel": "solar", "mw": 6.3, "country": "VNM", "status": "operating"}}, {"type": "Feature", "id": 2586, "geometry": {"type": "Point", "coordinates": [107.359, 11.301]}, "properties": {"name": "\u0110\u1ecbnh Qu\u00e1n District solar project III", "fuel": "solar", "mw": 2.6, "country": "VNM", "status": "operating"}}, {"type": "Feature", "id": 2587, "geometry": {"type": "Point", "coordinates": [107.248, 11.145]}, "properties": {"name": "\u0110\u1ecbnh Qu\u00e1n District solar project IV", "fuel": "solar", "mw": 1.4, "country": "VNM", "status": "operating"}}, {"type": "Feature", "id": 2588, "geometry": {"type": "Point", "coordinates": [107.31, 11.209]}, "properties": {"name": "\u0110\u1ecbnh Qu\u00e1n District solar project V", "fuel": "solar", "mw": 1.6, "country": "VNM", "status": "operating"}}, {"type": "Feature", "id": 2589, "geometry": {"type": "Point", "coordinates": [107.353, 11.28]}, "properties": {"name": "\u0110\u1ecbnh Qu\u00e1n District solar project VI", "fuel": "solar", "mw": 1.4, "country": "VNM", "status": "operating"}}, {"type": "Feature", "id": 2590, "geometry": {"type": "Point", "coordinates": [107.01, 11.442]}, "properties": {"name": "\u0110\u1ed3ng Ph\u00fa District solar project I", "fuel": "solar", "mw": 2.8, "country": "VNM", "status": "operating"}}, {"type": "Feature", "id": 2591, "geometry": {"type": "Point", "coordinates": [106.824, 11.431]}, "properties": {"name": "\u0110\u1ed3ng Ph\u00fa District solar project II", "fuel": "solar", "mw": 4.5, "country": "VNM", "status": "operating"}}, {"type": "Feature", "id": 2592, "geometry": {"type": "Point", "coordinates": [106.926, 11.476]}, "properties": {"name": "\u0110\u1ed3ng Ph\u00fa District solar project III", "fuel": "solar", "mw": 5.0, "country": "VNM", "status": "operating"}}, {"type": "Feature", "id": 2593, "geometry": {"type": "Point", "coordinates": [106.941, 11.535]}, "properties": {"name": "\u0110\u1ed3ng Ph\u00fa District solar project IV", "fuel": "solar", "mw": 1.6, "country": "VNM", "status": "operating"}}, {"type": "Feature", "id": 2594, "geometry": {"type": "Point", "coordinates": [106.962, 11.495]}, "properties": {"name": "\u0110\u1ed3ng Ph\u00fa District solar project IX", "fuel": "solar", "mw": 4.7, "country": "VNM", "status": "operating"}}, {"type": "Feature", "id": 2595, "geometry": {"type": "Point", "coordinates": [107.035, 11.632]}, "properties": {"name": "\u0110\u1ed3ng Ph\u00fa District solar project V", "fuel": "solar", "mw": 3.5, "country": "VNM", "status": "operating"}}, {"type": "Feature", "id": 2596, "geometry": {"type": "Point", "coordinates": [106.94, 11.481]}, "properties": {"name": "\u0110\u1ed3ng Ph\u00fa District solar project VI", "fuel": "solar", "mw": 3.6, "country": "VNM", "status": "operating"}}, {"type": "Feature", "id": 2597, "geometry": {"type": "Point", "coordinates": [106.967, 11.498]}, "properties": {"name": "\u0110\u1ed3ng Ph\u00fa District solar project VII", "fuel": "solar", "mw": 1.7, "country": "VNM", "status": "operating"}}, {"type": "Feature", "id": 2598, "geometry": {"type": "Point", "coordinates": [107.022, 11.612]}, "properties": {"name": "\u0110\u1ed3ng Ph\u00fa District solar project VIII", "fuel": "solar", "mw": 1.5, "country": "VNM", "status": "operating"}}, {"type": "Feature", "id": 2599, "geometry": {"type": "Point", "coordinates": [106.982, 11.516]}, "properties": {"name": "\u0110\u1ed3ng Ph\u00fa District solar project X", "fuel": "solar", "mw": 4.7, "country": "VNM", "status": "operating"}}, {"type": "Feature", "id": 2600, "geometry": {"type": "Point", "coordinates": [106.817, 11.428]}, "properties": {"name": "\u0110\u1ed3ng Ph\u00fa District solar project XI", "fuel": "solar", "mw": 2.0, "country": "VNM", "status": "operating"}}, {"type": "Feature", "id": 2601, "geometry": {"type": "Point", "coordinates": [106.874, 11.446]}, "properties": {"name": "\u0110\u1ed3ng Ph\u00fa District solar project XII", "fuel": "solar", "mw": 3.1, "country": "VNM", "status": "operating"}}, {"type": "Feature", "id": 2602, "geometry": {"type": "Point", "coordinates": [106.866, 11.434]}, "properties": {"name": "\u0110\u1ed3ng Ph\u00fa District solar project XIII", "fuel": "solar", "mw": 2.0, "country": "VNM", "status": "operating"}}, {"type": "Feature", "id": 2603, "geometry": {"type": "Point", "coordinates": [106.886, 11.458]}, "properties": {"name": "\u0110\u1ed3ng Ph\u00fa District solar project XIV", "fuel": "solar", "mw": 5.1, "country": "VNM", "status": "operating"}}, {"type": "Feature", "id": 2604, "geometry": {"type": "Point", "coordinates": [106.905, 11.487]}, "properties": {"name": "\u0110\u1ed3ng Xo\u00e0i solar project I", "fuel": "solar", "mw": 8.8, "country": "VNM", "status": "operating"}}, {"type": "Feature", "id": 2605, "geometry": {"type": "Point", "coordinates": [106.785, 11.506]}, "properties": {"name": "\u0110\u1ed3ng Xo\u00e0i solar project II", "fuel": "solar", "mw": 2.4, "country": "VNM", "status": "operating"}}, {"type": "Feature", "id": 2606, "geometry": {"type": "Point", "coordinates": [106.772, 11.519]}, "properties": {"name": "\u0110\u1ed3ng Xo\u00e0i solar project III", "fuel": "solar", "mw": 2.0, "country": "VNM", "status": "operating"}}, {"type": "Feature", "id": 2607, "geometry": {"type": "Point", "coordinates": [109.007, 13.351]}, "properties": {"name": "\u0110\u1ed3ng Xu\u00e2n District solar project", "fuel": "solar", "mw": 5.8, "country": "VNM", "status": "operating"}}, {"type": "Feature", "id": 2608, "geometry": {"type": "Point", "coordinates": [107.716, 12.118]}, "properties": {"name": "\u0110\u1ee9c An solar farm", "fuel": "solar", "mw": 30.0, "country": "VNM", "status": "planned"}}, {"type": "Feature", "id": 2609, "geometry": {"type": "Point", "coordinates": [107.578, 13.773]}, "properties": {"name": "\u0110\u1ee9c C\u01a1 District solar project", "fuel": "solar", "mw": 4.7, "country": "VNM", "status": "operating"}}, {"type": "Feature", "id": 2610, "geometry": {"type": "Point", "coordinates": [106.27, 10.915]}, "properties": {"name": "\u0110\u1ee9c Hu\u1ec7 TTC solar farm", "fuel": "solar", "mw": 49.0, "country": "VNM", "status": "operating"}}, {"type": "Feature", "id": 2611, "geometry": {"type": "Point", "coordinates": [106.059, 10.753]}, "properties": {"name": "\u0110\u1ee9c Hu\u1ec7 solar farm", "fuel": "solar", "mw": 49.0, "country": "VNM", "status": "operating"}}, {"type": "Feature", "id": 2612, "geometry": {"type": "Point", "coordinates": [106.059, 10.753]}, "properties": {"name": "\u0110\u1ee9c Hu\u1ec7 solar farm", "fuel": "solar", "mw": 41.4, "country": "VNM", "status": "planned"}}, {"type": "Feature", "id": 2613, "geometry": {"type": "Point", "coordinates": [106.419, 10.826]}, "properties": {"name": "\u0110\u1ee9c H\u00f2a District solar project", "fuel": "solar", "mw": 3.1, "country": "VNM", "status": "operating"}}, {"type": "Feature", "id": 2614, "geometry": {"type": "Point", "coordinates": [107.59, 11.262]}, "properties": {"name": "\u0110\u1ee9c Linh District solar project I", "fuel": "solar", "mw": 3.6, "country": "VNM", "status": "operating"}}, {"type": "Feature", "id": 2615, "geometry": {"type": "Point", "coordinates": [107.499, 11.06]}, "properties": {"name": "\u0110\u1ee9c Linh District solar project II", "fuel": "solar", "mw": 4.6, "country": "VNM", "status": "operating"}}, {"type": "Feature", "id": 2616, "geometry": {"type": "Point", "coordinates": [107.521, 11.031]}, "properties": {"name": "\u0110\u1ee9c Linh District solar project III", "fuel": "solar", "mw": 4.5, "country": "VNM", "status": "operating"}}, {"type": "Feature", "id": 2617, "geometry": {"type": "Point", "coordinates": [108.972, 14.765]}, "properties": {"name": "\u0110\u1ee9c Ph\u1ed5 solar project I", "fuel": "solar", "mw": 9.1, "country": "VNM", "status": "operating"}}, {"type": "Feature", "id": 2618, "geometry": {"type": "Point", "coordinates": [108.863, 14.826]}, "properties": {"name": "\u0110\u1ee9c Ph\u1ed5 solar project II", "fuel": "solar", "mw": 1.9, "country": "VNM", "status": "operating"}}, {"type": "Feature", "id": 2619, "geometry": {"type": "Point", "coordinates": [105.619, 18.512]}, "properties": {"name": "\u0110\u1ee9c Th\u1ecd District solar project", "fuel": "solar", "mw": 6.6, "country": "VNM", "status": "operating"}}, {"type": "Feature", "id": 2620, "geometry": {"type": "Point", "coordinates": [108.261, 11.673]}, "properties": {"name": "\u0110\u1ee9c Tr\u1ecdng District solar project", "fuel": "solar", "mw": 9.6, "country": "VNM", "status": "operating"}}, {"type": "Feature", "id": 2621, "geometry": {"type": "Point", "coordinates": [107.108, 12.464]}, "properties": {"name": "Mondulkiri (Blue Circle) wind farm", "fuel": "wind", "mw": 100.0, "country": "KHM", "status": "planned"}}, {"type": "Feature", "id": 2622, "geometry": {"type": "Point", "coordinates": [107.042, 12.712]}, "properties": {"name": "Mondulkiri (HK OASIS) wind farm", "fuel": "wind", "mw": 150.0, "country": "KHM", "status": "planned"}}, {"type": "Feature", "id": 2623, "geometry": {"type": "Point", "coordinates": [104.79, 16.577]}, "properties": {"name": "AMI Savannakhet wind farm", "fuel": "wind", "mw": 1220.0, "country": "LAO", "status": "planned"}}, {"type": "Feature", "id": 2624, "geometry": {"type": "Point", "coordinates": [105.143, 17.833]}, "properties": {"name": "Chalo wind farm", "fuel": "wind", "mw": 500.0, "country": "LAO", "status": "planned"}}, {"type": "Feature", "id": 2625, "geometry": {"type": "Point", "coordinates": [105.015, 18.584]}, "properties": {"name": "Kalong wind farm", "fuel": "wind", "mw": 750.0, "country": "LAO", "status": "planned"}}, {"type": "Feature", "id": 2626, "geometry": {"type": "Point", "coordinates": [105.173, 17.735]}, "properties": {"name": "Light wind farm", "fuel": "wind", "mw": 500.0, "country": "LAO", "status": "planned"}}, {"type": "Feature", "id": 2627, "geometry": {"type": "Point", "coordinates": [107.231, 15.393]}, "properties": {"name": "Monsoon wind farm", "fuel": "wind", "mw": 600.0, "country": "LAO", "status": "operating"}}, {"type": "Feature", "id": 2628, "geometry": {"type": "Point", "coordinates": [104.197, 18.894]}, "properties": {"name": "Namtong wind farm", "fuel": "wind", "mw": 750.0, "country": "LAO", "status": "planned"}}, {"type": "Feature", "id": 2629, "geometry": {"type": "Point", "coordinates": [104.608, 18.659]}, "properties": {"name": "Phakhao wind farm", "fuel": "wind", "mw": 750.0, "country": "LAO", "status": "planned"}}, {"type": "Feature", "id": 2630, "geometry": {"type": "Point", "coordinates": [104.858, 18.168]}, "properties": {"name": "Phila wind farm", "fuel": "wind", "mw": 500.0, "country": "LAO", "status": "planned"}}, {"type": "Feature", "id": 2631, "geometry": {"type": "Point", "coordinates": [106.21, 16.699]}, "properties": {"name": "Sepon wind farm", "fuel": "wind", "mw": 1200.0, "country": "LAO", "status": "planned"}}, {"type": "Feature", "id": 2632, "geometry": {"type": "Point", "coordinates": [103.001, 19.001]}, "properties": {"name": "Truong Son wind farm", "fuel": "wind", "mw": 250.0, "country": "LAO", "status": "operating"}}, {"type": "Feature", "id": 2633, "geometry": {"type": "Point", "coordinates": [103.001, 19.001]}, "properties": {"name": "Truong Son wind farm", "fuel": "wind", "mw": 350.0, "country": "LAO", "status": "construction"}}, {"type": "Feature", "id": 2634, "geometry": {"type": "Point", "coordinates": [95.045, 20.997]}, "properties": {"name": "Kyaukpadaung wind farm", "fuel": "wind", "mw": 210.0, "country": "MMR", "status": "operating"}}, {"type": "Feature", "id": 2635, "geometry": {"type": "Point", "coordinates": [95.107, 20.842]}, "properties": {"name": "Popa wind farm", "fuel": "wind", "mw": 200.0, "country": "MMR", "status": "planned"}}, {"type": "Feature", "id": 2636, "geometry": {"type": "Point", "coordinates": [99.032, 10.22]}, "properties": {"name": "Alpha One wind farm", "fuel": "wind", "mw": 48.0, "country": "THA", "status": "planned"}}, {"type": "Feature", "id": 2637, "geometry": {"type": "Point", "coordinates": [99.793, 11.808]}, "properties": {"name": "Alpha Two wind farm", "fuel": "wind", "mw": 70.0, "country": "THA", "status": "planned"}}, {"type": "Feature", "id": 2638, "geometry": {"type": "Point", "coordinates": [104.413, 16.39]}, "properties": {"name": "Bo Thong wind farm", "fuel": "wind", "mw": 16.0, "country": "THA", "status": "operating"}}, {"type": "Feature", "id": 2639, "geometry": {"type": "Point", "coordinates": [101.509, 15.599]}, "properties": {"name": "Chaiyaphum (EGCO) wind farm", "fuel": "wind", "mw": 80.0, "country": "THA", "status": "operating"}}, {"type": "Feature", "id": 2640, "geometry": {"type": "Point", "coordinates": [101.844, 16.111]}, "properties": {"name": "Chaiyaphum (Wayu Power) wind farm", "fuel": "wind", "mw": 78.0, "country": "THA", "status": "planned"}}, {"type": "Feature", "id": 2641, "geometry": {"type": "Point", "coordinates": [100.322, 7.763]}, "properties": {"name": "Had Kanghan 1 wind farm", "fuel": "wind", "mw": 36.0, "country": "THA", "status": "operating"}}, {"type": "Feature", "id": 2642, "geometry": {"type": "Point", "coordinates": [100.281, 8.036]}, "properties": {"name": "Had Kanghan 2 wind farm", "fuel": "wind", "mw": 45.0, "country": "THA", "status": "operating"}}, {"type": "Feature", "id": 2643, "geometry": {"type": "Point", "coordinates": [100.266, 8.203]}, "properties": {"name": "Had Kanghan 3 wind farm", "fuel": "wind", "mw": 45.0, "country": "THA", "status": "operating"}}, {"type": "Feature", "id": 2644, "geometry": {"type": "Point", "coordinates": [101.564, 15.538]}, "properties": {"name": "Hanuman 1 wind farm", "fuel": "wind", "mw": 45.0, "country": "THA", "status": "operating"}}, {"type": "Feature", "id": 2645, "geometry": {"type": "Point", "coordinates": [101.564, 15.538]}, "properties": {"name": "Hanuman 10 wind farm", "fuel": "wind", "mw": 80.0, "country": "THA", "status": "operating"}}, {"type": "Feature", "id": 2646, "geometry": {"type": "Point", "coordinates": [101.564, 15.538]}, "properties": {"name": "Hanuman 5 wind farm", "fuel": "wind", "mw": 48.0, "country": "THA", "status": "operating"}}, {"type": "Feature", "id": 2647, "geometry": {"type": "Point", "coordinates": [101.574, 15.552]}, "properties": {"name": "Hanuman 8 wind farm", "fuel": "wind", "mw": 45.0, "country": "THA", "status": "operating"}}, {"type": "Feature", "id": 2648, "geometry": {"type": "Point", "coordinates": [101.564, 15.538]}, "properties": {"name": "Hanuman 9 wind farm", "fuel": "wind", "mw": 42.0, "country": "THA", "status": "operating"}}, {"type": "Feature", "id": 2649, "geometry": {"type": "Point", "coordinates": [101.46, 15.15]}, "properties": {"name": "Huay Bong wind farm", "fuel": "wind", "mw": 104.0, "country": "THA", "status": "operating"}}, {"type": "Feature", "id": 2650, "geometry": {"type": "Point", "coordinates": [101.463, 15.21]}, "properties": {"name": "Huay Bong wind farm", "fuel": "wind", "mw": 104.0, "country": "THA", "status": "operating"}}, {"type": "Feature", "id": 2651, "geometry": {"type": "Point", "coordinates": [101.564, 15.538]}, "properties": {"name": "Jhimpir Power (Energy Absolute) wind farm", "fuel": "wind", "mw": 600.0, "country": "THA", "status": "operating"}}, {"type": "Feature", "id": 2652, "geometry": {"type": "Point", "coordinates": [101.021, 16.726]}, "properties": {"name": "Khao Kor wind farm", "fuel": "wind", "mw": 60.0, "country": "THA", "status": "operating"}}, {"type": "Feature", "id": 2653, "geometry": {"type": "Point", "coordinates": [101.561, 14.815]}, "properties": {"name": "Lam Takhong wind farm", "fuel": "wind", "mw": 24.0, "country": "THA", "status": "operating"}}, {"type": "Feature", "id": 2654, "geometry": {"type": "Point", "coordinates": [100.238, 8.302]}, "properties": {"name": "Lomligor wind farm", "fuel": "wind", "mw": 10.0, "country": "THA", "status": "operating"}}, {"type": "Feature", "id": 2655, "geometry": {"type": "Point", "coordinates": [101.445, 14.946]}, "properties": {"name": "Mittrahap wind farm", "fuel": "wind", "mw": 50.0, "country": "THA", "status": "operating"}}, {"type": "Feature", "id": 2656, "geometry": {"type": "Point", "coordinates": [104.677, 16.561]}, "properties": {"name": "Mukdahan wind farm", "fuel": "wind", "mw": 90.0, "country": "THA", "status": "planned"}}, {"type": "Feature", "id": 2657, "geometry": {"type": "Point", "coordinates": [101.51, 15.09]}, "properties": {"name": "NKS Wind Farms", "fuel": "wind", "mw": 90.0, "country": "THA", "status": "operating"}}, {"type": "Feature", "id": 2658, "geometry": {"type": "Point", "coordinates": [100.251, 8.341]}, "properties": {"name": "Pak Phanang wind farm", "fuel": "wind", "mw": 10.0, "country": "THA", "status": "operating"}}, {"type": "Feature", "id": 2659, "geometry": {"type": "Point", "coordinates": [104.415, 16.375]}, "properties": {"name": "Rom Klao wind farm", "fuel": "wind", "mw": 45.0, "country": "THA", "status": "operating"}}, {"type": "Feature", "id": 2660, "geometry": {"type": "Point", "coordinates": [101.489, 15.174]}, "properties": {"name": "Sarahnlom wind farm", "fuel": "wind", "mw": 36.0, "country": "THA", "status": "operating"}}, {"type": "Feature", "id": 2661, "geometry": {"type": "Point", "coordinates": [101.489, 15.174]}, "properties": {"name": "Sarahnlom wind farm", "fuel": "wind", "mw": 32.0, "country": "THA", "status": "operating"}}, {"type": "Feature", "id": 2662, "geometry": {"type": "Point", "coordinates": [101.47, 15.28]}, "properties": {"name": "T1 Wind Farms", "fuel": "wind", "mw": 90.0, "country": "THA", "status": "operating"}}, {"type": "Feature", "id": 2663, "geometry": {"type": "Point", "coordinates": [101.48, 15.34]}, "properties": {"name": "T2 Wind Farms", "fuel": "wind", "mw": 90.0, "country": "THA", "status": "operating"}}, {"type": "Feature", "id": 2664, "geometry": {"type": "Point", "coordinates": [101.449, 15.369]}, "properties": {"name": "T3 Wind Farms", "fuel": "wind", "mw": 90.0, "country": "THA", "status": "operating"}}, {"type": "Feature", "id": 2665, "geometry": {"type": "Point", "coordinates": [101.51, 15.222]}, "properties": {"name": "T4 Wind Farms", "fuel": "wind", "mw": 90.0, "country": "THA", "status": "operating"}}, {"type": "Feature", "id": 2666, "geometry": {"type": "Point", "coordinates": [99.962, 8.43]}, "properties": {"name": "Tha Phaya wind farm", "fuel": "wind", "mw": 20.0, "country": "THA", "status": "operating"}}, {"type": "Feature", "id": 2667, "geometry": {"type": "Point", "coordinates": [101.487, 15.129]}, "properties": {"name": "Wayu wind farm", "fuel": "wind", "mw": 50.0, "country": "THA", "status": "operating"}}, {"type": "Feature", "id": 2668, "geometry": {"type": "Point", "coordinates": [101.492, 15.432]}, "properties": {"name": "WTB Wind Farms", "fuel": "wind", "mw": 60.0, "country": "THA", "status": "operating"}}, {"type": "Feature", "id": 2669, "geometry": {"type": "Point", "coordinates": [109.005, 11.728]}, "properties": {"name": "7A 2 wind farm", "fuel": "wind", "mw": 21.0, "country": "VNM", "status": "construction"}}, {"type": "Feature", "id": 2670, "geometry": {"type": "Point", "coordinates": [106.312, 11.303]}, "properties": {"name": "7A wind farm", "fuel": "wind", "mw": 50.0, "country": "VNM", "status": "operating"}}, {"type": "Feature", "id": 2671, "geometry": {"type": "Point", "coordinates": [106.552, 21.922]}, "properties": {"name": "Ai Quoc Wind Power Plant", "fuel": "wind", "mw": 100.0, "country": "VNM", "status": "planned"}}, {"type": "Feature", "id": 2672, "geometry": {"type": "Point", "coordinates": [105.697, 8.896]}, "properties": {"name": "An Phuc Dong Hai wind farm", "fuel": "wind", "mw": 40.0, "country": "VNM", "status": "planned"}}, {"type": "Feature", "id": 2673, "geometry": {"type": "Point", "coordinates": [106.248, 9.527]}, "properties": {"name": "An Th\u1ea1nh Nam wind farm", "fuel": "wind", "mw": 101.0, "country": "VNM", "status": "planned"}}, {"type": "Feature", "id": 2674, "geometry": {"type": "Point", "coordinates": [107.618, 12.289]}, "properties": {"name": "Asia \u0110\u1eafk Song 1 wind farm", "fuel": "wind", "mw": 50.0, "country": "VNM", "status": "construction"}}, {"type": "Feature", "id": 2675, "geometry": {"type": "Point", "coordinates": [106.591, 21.331]}, "properties": {"name": "Bac Giang 1 wind farm", "fuel": "wind", "mw": 55.0, "country": "VNM", "status": "planned"}}, {"type": "Feature", "id": 2676, "geometry": {"type": "Point", "coordinates": [106.59, 21.337]}, "properties": {"name": "Bac Giang 2 wind farm", "fuel": "wind", "mw": 55.0, "country": "VNM", "status": "planned"}}, {"type": "Feature", "id": 2677, "geometry": {"type": "Point", "coordinates": [105.697, 8.896]}, "properties": {"name": "Bac Lieu Japanese wind farm", "fuel": "wind", "mw": 50.0, "country": "VNM", "status": "planned"}}, {"type": "Feature", "id": 2678, "geometry": {"type": "Point", "coordinates": [105.671, 9.172]}, "properties": {"name": "B\u1ea1c Li\u00eau Kosy Offshore wind farm", "fuel": "wind", "mw": 40.5, "country": "VNM", "status": "operating"}}, {"type": "Feature", "id": 2679, "geometry": {"type": "Point", "coordinates": [105.822, 9.237]}, "properties": {"name": "B\u1ea1c Li\u00eau Offshore wind farm", "fuel": "wind", "mw": 16.0, "country": "VNM", "status": "operating"}}, {"type": "Feature", "id": 2680, "geometry": {"type": "Point", "coordinates": [105.822, 9.237]}, "properties": {"name": "B\u1ea1c Li\u00eau Offshore wind farm", "fuel": "wind", "mw": 83.0, "country": "VNM", "status": "operating"}}, {"type": "Feature", "id": 2681, "geometry": {"type": "Point", "coordinates": [105.795, 9.223]}, "properties": {"name": "B\u1ea1c Li\u00eau Offshore wind farm", "fuel": "wind", "mw": 141.0, "country": "VNM", "status": "construction"}}, {"type": "Feature", "id": 2682, "geometry": {"type": "Point", "coordinates": [105.251, 20.167]}, "properties": {"name": "Bac Phuong - Nghi Son Wind Power Plant", "fuel": "wind", "mw": 100.0, "country": "VNM", "status": "planned"}}, {"type": "Feature", "id": 2683, "geometry": {"type": "Point", "coordinates": [106.734, 9.884]}, "properties": {"name": "Bao Thanh wind farm", "fuel": "wind", "mw": 50.0, "country": "VNM", "status": "planned"}}, {"type": "Feature", "id": 2684, "geometry": {"type": "Point", "coordinates": [109.012, 11.708]}, "properties": {"name": "Bau Ngu Wind Power Plant", "fuel": "wind", "mw": 25.2, "country": "VNM", "status": "planned"}}, {"type": "Feature", "id": 2685, "geometry": {"type": "Point", "coordinates": [103.089, 21.508]}, "properties": {"name": "BCG Dien Bien 1 Wind Power Plant", "fuel": "wind", "mw": 175.0, "country": "VNM", "status": "planned"}}, {"type": "Feature", "id": 2686, "geometry": {"type": "Point", "coordinates": [105.922, 9.343]}, "properties": {"name": "BCG Soc Trang wind farm", "fuel": "wind", "mw": 50.0, "country": "VNM", "status": "planned"}}, {"type": "Feature", "id": 2687, "geometry": {"type": "Point", "coordinates": [106.811, 10.095]}, "properties": {"name": "B\u1ebfn Tre 10 B\u00ecnh \u0110\u1ea1i 1 Offshore wind farm", "fuel": "wind", "mw": 30.0, "country": "VNM", "status": "operating"}}, {"type": "Feature", "id": 2688, "geometry": {"type": "Point", "coordinates": [106.801, 10.11]}, "properties": {"name": "B\u1ebfn Tre 10 B\u00ecnh \u0110\u1ea1i 1 Offshore wind farm", "fuel": "wind", "mw": 49.0, "country": "VNM", "status": "operating"}}, {"type": "Feature", "id": 2689, "geometry": {"type": "Point", "coordinates": [106.801, 10.151]}, "properties": {"name": "B\u1ebfn Tre 10 B\u00ecnh \u0110\u1ea1i 1 Offshore wind farm", "fuel": "wind", "mw": 49.0, "country": "VNM", "status": "operating"}}, {"type": "Feature", "id": 2690, "geometry": {"type": "Point", "coordinates": [107.157, 9.921]}, "properties": {"name": "B\u1ebfn Tre 2 offshore wind farm", "fuel": "wind", "mw": 30.0, "country": "VNM", "status": "planned"}}, {"type": "Feature", "id": 2691, "geometry": {"type": "Point", "coordinates": [106.529, 9.458]}, "properties": {"name": "B\u1ebfn Tre Mainstream Offshore wind farm", "fuel": "wind", "mw": 500.0, "country": "VNM", "status": "planned"}}, {"type": "Feature", "id": 2692, "geometry": {"type": "Point", "coordinates": [106.703, 9.822]}, "properties": {"name": "B\u1ebfn Tre Nexif Energy Offshore wind farm", "fuel": "wind", "mw": 30.0, "country": "VNM", "status": "planned"}}, {"type": "Feature", "id": 2693, "geometry": {"type": "Point", "coordinates": [106.703, 9.822]}, "properties": {"name": "B\u1ebfn Tre Nexif Energy Offshore wind farm", "fuel": "wind", "mw": 25.0, "country": "VNM", "status": "planned"}}, {"type": "Feature", "id": 2694, "geometry": {"type": "Point", "coordinates": [106.703, 9.822]}, "properties": {"name": "B\u1ebfn Tre Nexif Energy Offshore wind farm", "fuel": "wind", "mw": 25.0, "country": "VNM", "status": "planned"}}, {"type": "Feature", "id": 2695, "geometry": {"type": "Point", "coordinates": [106.681, 9.974]}, "properties": {"name": "B\u1ebfn Tre V1-3 Offshore wind farm", "fuel": "wind", "mw": 29.0, "country": "VNM", "status": "operating"}}, {"type": "Feature", "id": 2696, "geometry": {"type": "Point", "coordinates": [106.777, 10.135]}, "properties": {"name": "B\u00ecnh \u0110\u1ea1i wind farm", "fuel": "wind", "mw": 25.8, "country": "VNM", "status": "operating"}}, {"type": "Feature", "id": 2697, "geometry": {"type": "Point", "coordinates": [109.301, 14.024]}, "properties": {"name": "B\u00ecnh \u0110\u1ecbnh Province Offshore wind farm", "fuel": "wind", "mw": 750.0, "country": "VNM", "status": "planned"}}, {"type": "Feature", "id": 2698, "geometry": {"type": "Point", "coordinates": [109.301, 14.024]}, "properties": {"name": "B\u00ecnh \u0110\u1ecbnh Province Offshore wind farm", "fuel": "wind", "mw": 650.0, "country": "VNM", "status": "planned"}}, {"type": "Feature", "id": 2699, "geometry": {"type": "Point", "coordinates": [109.301, 14.024]}, "properties": {"name": "B\u00ecnh \u0110\u1ecbnh Province Offshore wind farm", "fuel": "wind", "mw": 650.0, "country": "VNM", "status": "planned"}}, {"type": "Feature", "id": 2700, "geometry": {"type": "Point", "coordinates": [106.575, 21.903]}, "properties": {"name": "Binh Gia Wind Power Plant", "fuel": "wind", "mw": 80.0, "country": "VNM", "status": "planned"}}, {"type": "Feature", "id": 2701, "geometry": {"type": "Point", "coordinates": [108.781, 15.121]}, "properties": {"name": "Binh Son Refinery and Petrochemical Plant wind farm", "fuel": "wind", "mw": 48.0, "country": "VNM", "status": "planned"}}, {"type": "Feature", "id": 2702, "geometry": {"type": "Point", "coordinates": [108.151, 11.024]}, "properties": {"name": "B\u00ecnh Thu\u1eadn wind farm", "fuel": "wind", "mw": 29.7, "country": "VNM", "status": "planned"}}, {"type": "Feature", "id": 2703, "geometry": {"type": "Point", "coordinates": [108.151, 11.024]}, "properties": {"name": "B\u00ecnh Thu\u1eadn wind farm", "fuel": "wind", "mw": 30.0, "country": "VNM", "status": "planned"}}, {"type": "Feature", "id": 2704, "geometry": {"type": "Point", "coordinates": [108.151, 11.024]}, "properties": {"name": "B\u00ecnh Thu\u1eadn wind farm", "fuel": "wind", "mw": 30.0, "country": "VNM", "status": "planned"}}, {"type": "Feature", "id": 2705, "geometry": {"type": "Point", "coordinates": [105.844, 21.961]}, "properties": {"name": "BPC Vo Nhai wind farm", "fuel": "wind", "mw": 100.0, "country": "VNM", "status": "planned"}}, {"type": "Feature", "id": 2706, "geometry": {"type": "Point", "coordinates": [105.891, 9.327]}, "properties": {"name": "BPP V\u0129nh Ch\u00e2u wind farm", "fuel": "wind", "mw": 30.0, "country": "VNM", "status": "operating"}}, {"type": "Feature", "id": 2707, "geometry": {"type": "Point", "coordinates": [108.154, 12.84]}, "properties": {"name": "Buon Ho 1 Wind Power Plant", "fuel": "wind", "mw": 20.0, "country": "VNM", "status": "planned"}}, {"type": "Feature", "id": 2708, "geometry": {"type": "Point", "coordinates": [108.123, 12.883]}, "properties": {"name": "Buon Ho 2 Wind Power Plant", "fuel": "wind", "mw": 20.0, "country": "VNM", "status": "planned"}}, {"type": "Feature", "id": 2709, "geometry": {"type": "Point", "coordinates": [108.11, 12.898]}, "properties": {"name": "Buon Ho 3 Wind Power Plant", "fuel": "wind", "mw": 15.0, "country": "VNM", "status": "planned"}}, {"type": "Feature", "id": 2710, "geometry": {"type": "Point", "coordinates": [105.249, 8.538]}, "properties": {"name": "C\u00e0 Mau wind farm", "fuel": "wind", "mw": 88.0, "country": "VNM", "status": "operating"}}, {"type": "Feature", "id": 2711, "geometry": {"type": "Point", "coordinates": [105.249, 8.538]}, "properties": {"name": "C\u00e0 Mau wind farm", "fuel": "wind", "mw": 88.0, "country": "VNM", "status": "operating"}}, {"type": "Feature", "id": 2712, "geometry": {"type": "Point", "coordinates": [105.249, 8.538]}, "properties": {"name": "C\u00e0 Mau wind farm", "fuel": "wind", "mw": 88.0, "country": "VNM", "status": "operating"}}, {"type": "Feature", "id": 2713, "geometry": {"type": "Point", "coordinates": [105.249, 8.538]}, "properties": {"name": "C\u00e0 Mau wind farm", "fuel": "wind", "mw": 88.0, "country": "VNM", "status": "operating"}}, {"type": "Feature", "id": 2714, "geometry": {"type": "Point", "coordinates": [106.955, 17.217]}, "properties": {"name": "Cam Lo wind farm", "fuel": "wind", "mw": 200.0, "country": "VNM", "status": "planned"}}, {"type": "Feature", "id": 2715, "geometry": {"type": "Point", "coordinates": [106.582, 21.337]}, "properties": {"name": "Cam Ly wind farm", "fuel": "wind", "mw": 55.0, "country": "VNM", "status": "planned"}}, {"type": "Feature", "id": 2716, "geometry": {"type": "Point", "coordinates": [106.003, 18.173]}, "properties": {"name": "Cam Xuyen 1 Wind Power Plant", "fuel": "wind", "mw": 84.0, "country": "VNM", "status": "planned"}}, {"type": "Feature", "id": 2717, "geometry": {"type": "Point", "coordinates": [106.04, 18.144]}, "properties": {"name": "Cam Xuyen 2 Wind Power Plant", "fuel": "wind", "mw": 100.0, "country": "VNM", "status": "planned"}}, {"type": "Feature", "id": 2718, "geometry": {"type": "Point", "coordinates": [106.949, 10.282]}, "properties": {"name": "C\u1ea7n Gi\u1edd offshore floating wind farm", "fuel": "wind", "mw": 100.0, "country": "VNM", "status": "planned"}}, {"type": "Feature", "id": 2719, "geometry": {"type": "Point", "coordinates": [106.949, 10.282]}, "properties": {"name": "C\u1ea7n Gi\u1edd offshore floating wind farm", "fuel": "wind", "mw": 100.0, "country": "VNM", "status": "planned"}}, {"type": "Feature", "id": 2720, "geometry": {"type": "Point", "coordinates": [106.949, 10.282]}, "properties": {"name": "C\u1ea7n Gi\u1edd offshore floating wind farm", "fuel": "wind", "mw": 100.0, "country": "VNM", "status": "planned"}}, {"type": "Feature", "id": 2721, "geometry": {"type": "Point", "coordinates": [106.949, 10.282]}, "properties": {"name": "C\u1ea7n Gi\u1edd offshore floating wind farm", "fuel": "wind", "mw": 100.0, "country": "VNM", "status": "planned"}}, {"type": "Feature", "id": 2722, "geometry": {"type": "Point", "coordinates": [106.949, 10.282]}, "properties": {"name": "C\u1ea7n Gi\u1edd offshore floating wind farm", "fuel": "wind", "mw": 100.0, "country": "VNM", "status": "planned"}}, {"type": "Feature", "id": 2723, "geometry": {"type": "Point", "coordinates": [106.949, 10.282]}, "properties": {"name": "C\u1ea7n Gi\u1edd offshore floating wind farm", "fuel": "wind", "mw": 100.0, "country": "VNM", "status": "planned"}}, {"type": "Feature", "id": 2724, "geometry": {"type": "Point", "coordinates": [106.949, 10.282]}, "properties": {"name": "C\u1ea7n Gi\u1edd offshore floating wind farm", "fuel": "wind", "mw": 100.0, "country": "VNM", "status": "planned"}}, {"type": "Feature", "id": 2725, "geometry": {"type": "Point", "coordinates": [106.949, 10.282]}, "properties": {"name": "C\u1ea7n Gi\u1edd offshore floating wind farm", "fuel": "wind", "mw": 100.0, "country": "VNM", "status": "planned"}}, {"type": "Feature", "id": 2726, "geometry": {"type": "Point", "coordinates": [106.949, 10.282]}, "properties": {"name": "C\u1ea7n Gi\u1edd offshore floating wind farm", "fuel": "wind", "mw": 100.0, "country": "VNM", "status": "planned"}}, {"type": "Feature", "id": 2727, "geometry": {"type": "Point", "coordinates": [106.949, 10.282]}, "properties": {"name": "C\u1ea7n Gi\u1edd offshore floating wind farm", "fuel": "wind", "mw": 100.0, "country": "VNM", "status": "planned"}}, {"type": "Feature", "id": 2728, "geometry": {"type": "Point", "coordinates": [106.949, 10.282]}, "properties": {"name": "C\u1ea7n Gi\u1edd offshore floating wind farm", "fuel": "wind", "mw": 100.0, "country": "VNM", "status": "planned"}}, {"type": "Feature", "id": 2729, "geometry": {"type": "Point", "coordinates": [106.927, 10.345]}, "properties": {"name": "C\u1ea7n Gi\u1edd offshore wind farm", "fuel": "wind", "mw": 3000.0, "country": "VNM", "status": "planned"}}, {"type": "Feature", "id": 2730, "geometry": {"type": "Point", "coordinates": [106.927, 10.345]}, "properties": {"name": "C\u1ea7n Gi\u1edd offshore wind farm", "fuel": "wind", "mw": 3000.0, "country": "VNM", "status": "planned"}}, {"type": "Feature", "id": 2731, "geometry": {"type": "Point", "coordinates": [106.563, 21.962]}, "properties": {"name": "Cao Loc 1 Wind Power Plant", "fuel": "wind", "mw": 50.0, "country": "VNM", "status": "planned"}}, {"type": "Feature", "id": 2732, "geometry": {"type": "Point", "coordinates": [106.564, 21.98]}, "properties": {"name": "Cao Loc 1.1 Wind Power Plant", "fuel": "wind", "mw": 50.0, "country": "VNM", "status": "planned"}}, {"type": "Feature", "id": 2733, "geometry": {"type": "Point", "coordinates": [106.6, 21.833]}, "properties": {"name": "Cao Loc 3 Wind Power Plant", "fuel": "wind", "mw": 69.0, "country": "VNM", "status": "planned"}}, {"type": "Feature", "id": 2734, "geometry": {"type": "Point", "coordinates": [106.738, 21.794]}, "properties": {"name": "Cao Loc Wind Power Plant", "fuel": "wind", "mw": 55.0, "country": "VNM", "status": "planned"}}, {"type": "Feature", "id": 2735, "geometry": {"type": "Point", "coordinates": [108.565, 11.887]}, "properties": {"name": "Cau Dat wind farm", "fuel": "wind", "mw": 68.9, "country": "VNM", "status": "operating"}}, {"type": "Feature", "id": 2736, "geometry": {"type": "Point", "coordinates": [107.946, 13.836]}, "properties": {"name": "Central Highlands wind farm", "fuel": "wind", "mw": 50.0, "country": "VNM", "status": "construction"}}, {"type": "Feature", "id": 2737, "geometry": {"type": "Point", "coordinates": [106.75, 21.812]}, "properties": {"name": "Chi Lang Wind Power Plant", "fuel": "wind", "mw": 100.0, "country": "VNM", "status": "planned"}}, {"type": "Feature", "id": 2738, "geometry": {"type": "Point", "coordinates": [109.146, 11.606]}, "properties": {"name": "Chinh Thang wind farm", "fuel": "wind", "mw": 50.0, "country": "VNM", "status": "operating"}}, {"type": "Feature", "id": 2739, "geometry": {"type": "Point", "coordinates": [108.417, 13.74]}, "properties": {"name": "Ch\u01a1 Long wind farm", "fuel": "wind", "mw": 49.5, "country": "VNM", "status": "operating"}}, {"type": "Feature", "id": 2740, "geometry": {"type": "Point", "coordinates": [108.417, 13.74]}, "properties": {"name": "Ch\u01a1 Long wind farm", "fuel": "wind", "mw": 105.5, "country": "VNM", "status": "planned"}}, {"type": "Feature", "id": 2741, "geometry": {"type": "Point", "coordinates": [105.867, 22.11]}, "properties": {"name": "Cho Moi 2 wind farm", "fuel": "wind", "mw": 130.0, "country": "VNM", "status": "planned"}}, {"type": "Feature", "id": 2742, "geometry": {"type": "Point", "coordinates": [108.261, 13.796]}, "properties": {"name": "Chu Pu wind farm", "fuel": "wind", "mw": 200.0, "country": "VNM", "status": "operating"}}, {"type": "Feature", "id": 2743, "geometry": {"type": "Point", "coordinates": [108.635, 14.02]}, "properties": {"name": "Chu Se 1 wind farm", "fuel": "wind", "mw": 42.0, "country": "VNM", "status": "planned"}}, {"type": "Feature", "id": 2744, "geometry": {"type": "Point", "coordinates": [108.055, 12.687]}, "properties": {"name": "Chu Se wind farm", "fuel": "wind", "mw": 700.0, "country": "VNM", "status": "operating"}}, {"type": "Feature", "id": 2745, "geometry": {"type": "Point", "coordinates": [109.022, 11.714]}, "properties": {"name": "Cong Hai 1 Wind Power Plant", "fuel": "wind", "mw": 25.0, "country": "VNM", "status": "construction"}}, {"type": "Feature", "id": 2746, "geometry": {"type": "Point", "coordinates": [107.449, 10.505]}, "properties": {"name": "Cong Ly Ba Ria - Vung Tau Wind Power Plant", "fuel": "wind", "mw": 103.0, "country": "VNM", "status": "planned"}}, {"type": "Feature", "id": 2747, "geometry": {"type": "Point", "coordinates": [105.911, 9.237]}, "properties": {"name": "C\u00f4ng L\u00fd S\u00f3c Tr\u0103ng wind farm", "fuel": "wind", "mw": 30.0, "country": "VNM", "status": "construction"}}, {"type": "Feature", "id": 2748, "geometry": {"type": "Point", "coordinates": [107.983, 13.957]}, "properties": {"name": "C\u01b0 An wind farm", "fuel": "wind", "mw": 200.0, "country": "VNM", "status": "operating"}}, {"type": "Feature", "id": 2749, "geometry": {"type": "Point", "coordinates": [108.142, 12.806]}, "properties": {"name": "Cu M\u2019Gar 2 Wind Power Plant", "fuel": "wind", "mw": 10.0, "country": "VNM", "status": "planned"}}, {"type": "Feature", "id": 2750, "geometry": {"type": "Point", "coordinates": [108.198, 13.039]}, "properties": {"name": "C\u01b0 N\u00e9 1 wind farm", "fuel": "wind", "mw": 50.0, "country": "VNM", "status": "construction"}}, {"type": "Feature", "id": 2751, "geometry": {"type": "Point", "coordinates": [108.198, 13.039]}, "properties": {"name": "C\u01b0 N\u00e9 1 wind farm", "fuel": "wind", "mw": 50.0, "country": "VNM", "status": "construction"}}, {"type": "Feature", "id": 2752, "geometry": {"type": "Point", "coordinates": [108.101, 12.837]}, "properties": {"name": "Cu Pong wind farm", "fuel": "wind", "mw": 40.0, "country": "VNM", "status": "planned"}}, {"type": "Feature", "id": 2753, "geometry": {"type": "Point", "coordinates": [108.101, 12.837]}, "properties": {"name": "Cu Pong wind farm", "fuel": "wind", "mw": 40.0, "country": "VNM", "status": "planned"}}, {"type": "Feature", "id": 2754, "geometry": {"type": "Point", "coordinates": [108.297, 10.98]}, "properties": {"name": "Dai Phong wind farm", "fuel": "wind", "mw": 20.0, "country": "VNM", "status": "operating"}}, {"type": "Feature", "id": 2755, "geometry": {"type": "Point", "coordinates": [108.297, 10.98]}, "properties": {"name": "Dai Phong wind farm", "fuel": "wind", "mw": 20.0, "country": "VNM", "status": "operating"}}, {"type": "Feature", "id": 2756, "geometry": {"type": "Point", "coordinates": [107.685, 12.252]}, "properties": {"name": "\u0110\u0103k N'Drung wind farm", "fuel": "wind", "mw": 100.0, "country": "VNM", "status": "planned"}}, {"type": "Feature", "id": 2757, "geometry": {"type": "Point", "coordinates": [107.685, 12.252]}, "properties": {"name": "\u0110\u0103k N'Drung wind farm", "fuel": "wind", "mw": 100.0, "country": "VNM", "status": "planned"}}, {"type": "Feature", "id": 2758, "geometry": {"type": "Point", "coordinates": [107.685, 12.252]}, "properties": {"name": "\u0110\u0103k N'Drung wind farm", "fuel": "wind", "mw": 100.0, "country": "VNM", "status": "planned"}}, {"type": "Feature", "id": 2759, "geometry": {"type": "Point", "coordinates": [109.146, 11.606]}, "properties": {"name": "\u0110\u1ea7m N\u1ea1i wind farm", "fuel": "wind", "mw": 31.5, "country": "VNM", "status": "operating"}}, {"type": "Feature", "id": 2760, "geometry": {"type": "Point", "coordinates": [109.146, 11.606]}, "properties": {"name": "\u0110\u1ea7m N\u1ea1i wind farm", "fuel": "wind", "mw": 39.4, "country": "VNM", "status": "planned"}}, {"type": "Feature", "id": 2761, "geometry": {"type": "Point", "coordinates": [108.914, 11.661]}, "properties": {"name": "\u0110\u1ea7m N\u1ea1i wind farm", "fuel": "wind", "mw": 27.6, "country": "VNM", "status": "planned"}}, {"type": "Feature", "id": 2762, "geometry": {"type": "Point", "coordinates": [106.767, 21.901]}, "properties": {"name": "Dinh Lap 1 Wind Power Plant", "fuel": "wind", "mw": 50.0, "country": "VNM", "status": "planned"}}, {"type": "Feature", "id": 2763, "geometry": {"type": "Point", "coordinates": [106.704, 21.888]}, "properties": {"name": "Dinh Lap 1.1 Wind Power Plant", "fuel": "wind", "mw": 50.0, "country": "VNM", "status": "planned"}}, {"type": "Feature", "id": 2764, "geometry": {"type": "Point", "coordinates": [106.912, 21.874]}, "properties": {"name": "Dinh Lap 4 Wind Power Plant", "fuel": "wind", "mw": 90.0, "country": "VNM", "status": "planned"}}, {"type": "Feature", "id": 2765, "geometry": {"type": "Point", "coordinates": [106.512, 21.968]}, "properties": {"name": "Dinh Lap 5 Wind Power Plant", "fuel": "wind", "mw": 100.0, "country": "VNM", "status": "planned"}}, {"type": "Feature", "id": 2766, "geometry": {"type": "Point", "coordinates": [106.788, 21.635]}, "properties": {"name": "Dinh Lap Wind Power Plant", "fuel": "wind", "mw": 100.0, "country": "VNM", "status": "planned"}}, {"type": "Feature", "id": 2767, "geometry": {"type": "Point", "coordinates": [106.48, 9.49]}, "properties": {"name": "Dong Hai - Tr\u00e0 Vinh Offshore wind farm", "fuel": "wind", "mw": 100.0, "country": "VNM", "status": "operating"}}, {"type": "Feature", "id": 2768, "geometry": {"type": "Point", "coordinates": [105.601, 9.101]}, "properties": {"name": "Dong Hai 1 Offshore wind farm", "fuel": "wind", "mw": 50.0, "country": "VNM", "status": "operating"}}, {"type": "Feature", "id": 2769, "geometry": {"type": "Point", "coordinates": [105.601, 9.101]}, "properties": {"name": "Dong Hai 1 Offshore wind farm", "fuel": "wind", "mw": 50.0, "country": "VNM", "status": "operating"}}, {"type": "Feature", "id": 2770, "geometry": {"type": "Point", "coordinates": [109.146, 9.352]}, "properties": {"name": "Dong Hai 1 Offshore wind farm", "fuel": "wind", "mw": 50.0, "country": "VNM", "status": "planned"}}, {"type": "Feature", "id": 2771, "geometry": {"type": "Point", "coordinates": [105.697, 8.896]}, "properties": {"name": "Dong Hai 13 wind farm", "fuel": "wind", "mw": 100.0, "country": "VNM", "status": "planned"}}, {"type": "Feature", "id": 2772, "geometry": {"type": "Point", "coordinates": [106.531, 9.582]}, "properties": {"name": "Dong Hai 3 (V3-3) wind farm", "fuel": "wind", "mw": 48.0, "country": "VNM", "status": "planned"}}, {"type": "Feature", "id": 2773, "geometry": {"type": "Point", "coordinates": [105.697, 8.896]}, "properties": {"name": "Dong Hai 3 wind farm", "fuel": "wind", "mw": 50.0, "country": "VNM", "status": "planned"}}, {"type": "Feature", "id": 2774, "geometry": {"type": "Point", "coordinates": [105.697, 8.896]}, "properties": {"name": "Dong Hai 5 wind farm", "fuel": "wind", "mw": 36.0, "country": "VNM", "status": "planned"}}, {"type": "Feature", "id": 2775, "geometry": {"type": "Point", "coordinates": [105.697, 8.896]}, "properties": {"name": "Dong Hai 6 wind farm", "fuel": "wind", "mw": 30.0, "country": "VNM", "status": "planned"}}, {"type": "Feature", "id": 2776, "geometry": {"type": "Point", "coordinates": [106.391, 9.514]}, "properties": {"name": "Dong Hai V1-4 Offshore wind farm", "fuel": "wind", "mw": 50.0, "country": "VNM", "status": "planned"}}, {"type": "Feature", "id": 2777, "geometry": {"type": "Point", "coordinates": [108.001, 9.554]}, "properties": {"name": "\u0110\u00f4ng Th\u00e0nh 1 - Th\u00e1i H\u00f2a offshore wind farm", "fuel": "wind", "mw": 80.0, "country": "VNM", "status": "construction"}}, {"type": "Feature", "id": 2778, "geometry": {"type": "Point", "coordinates": [108.001, 9.554]}, "properties": {"name": "\u0110\u00f4ng Th\u00e0nh 1 - Th\u00e1i H\u00f2a offshore wind farm", "fuel": "wind", "mw": 120.0, "country": "VNM", "status": "planned"}}, {"type": "Feature", "id": 2779, "geometry": {"type": "Point", "coordinates": [106.955, 17.217]}, "properties": {"name": "Duc Thang 2 wind farm", "fuel": "wind", "mw": 42.0, "country": "VNM", "status": "planned"}}, {"type": "Feature", "id": 2780, "geometry": {"type": "Point", "coordinates": [108.151, 11.881]}, "properties": {"name": "Duc Trong Wind Power Plant", "fuel": "wind", "mw": 50.0, "country": "VNM", "status": "planned"}}, {"type": "Feature", "id": 2781, "geometry": {"type": "Point", "coordinates": [106.451, 9.558]}, "properties": {"name": "Duy\u00ean Hai wind farm", "fuel": "wind", "mw": 48.0, "country": "VNM", "status": "construction"}}, {"type": "Feature", "id": 2782, "geometry": {"type": "Point", "coordinates": [106.451, 9.558]}, "properties": {"name": "Duy\u00ean Hai wind farm", "fuel": "wind", "mw": 96.0, "country": "VNM", "status": "planned"}}, {"type": "Feature", "id": 2783, "geometry": {"type": "Point", "coordinates": [108.112, 12.865]}, "properties": {"name": "Ea H\u2019Leo 3 (Cu M\u2019Gar) Wind Power Plant", "fuel": "wind", "mw": 10.0, "country": "VNM", "status": "planned"}}, {"type": "Feature", "id": 2784, "geometry": {"type": "Point", "coordinates": [108.112, 12.875]}, "properties": {"name": "Ea H\u2019Leo 4 (Cu M\u2019Gar - Buon Ho) Wind Power Plant", "fuel": "wind", "mw": 10.0, "country": "VNM", "status": "planned"}}, {"type": "Feature", "id": 2785, "geometry": {"type": "Point", "coordinates": [108.255, 13.139]}, "properties": {"name": "Ea Nam Da Lak wind farm", "fuel": "wind", "mw": 400.0, "country": "VNM", "status": "operating"}}, {"type": "Feature", "id": 2786, "geometry": {"type": "Point", "coordinates": [108.798, 12.874]}, "properties": {"name": "Ea Sin wind farm", "fuel": "wind", "mw": 77.0, "country": "VNM", "status": "planned"}}, {"type": "Feature", "id": 2787, "geometry": {"type": "Point", "coordinates": [108.119, 12.882]}, "properties": {"name": "Easin 1 Wind Power Plant", "fuel": "wind", "mw": 100.0, "country": "VNM", "status": "planned"}}, {"type": "Feature", "id": 2788, "geometry": {"type": "Point", "coordinates": [103.179, 21.36]}, "properties": {"name": "Envision Nam Po wind farm", "fuel": "wind", "mw": 125.0, "country": "VNM", "status": "planned"}}, {"type": "Feature", "id": 2789, "geometry": {"type": "Point", "coordinates": [109.155, 11.798]}, "properties": {"name": "Expanded BIM Wind Power Plant", "fuel": "wind", "mw": 50.0, "country": "VNM", "status": "planned"}}, {"type": "Feature", "id": 2790, "geometry": {"type": "Point", "coordinates": [109.155, 11.798]}, "properties": {"name": "Expanded BIM Wind Power Plant", "fuel": "wind", "mw": 120.0, "country": "VNM", "status": "planned"}}, {"type": "Feature", "id": 2791, "geometry": {"type": "Point", "coordinates": [106.737, 16.715]}, "properties": {"name": "Gelex wind farm", "fuel": "wind", "mw": 29.0, "country": "VNM", "status": "operating"}}, {"type": "Feature", "id": 2792, "geometry": {"type": "Point", "coordinates": [106.737, 16.715]}, "properties": {"name": "Gelex wind farm", "fuel": "wind", "mw": 29.0, "country": "VNM", "status": "operating"}}, {"type": "Feature", "id": 2793, "geometry": {"type": "Point", "coordinates": [106.737, 16.715]}, "properties": {"name": "Gelex wind farm", "fuel": "wind", "mw": 29.0, "country": "VNM", "status": "operating"}}, {"type": "Feature", "id": 2794, "geometry": {"type": "Point", "coordinates": [108.044, 13.885]}, "properties": {"name": "Gia Lai wind farm", "fuel": "wind", "mw": 50.0, "country": "VNM", "status": "operating"}}, {"type": "Feature", "id": 2795, "geometry": {"type": "Point", "coordinates": [109.229, 13.585]}, "properties": {"name": "Green S\u00f4ng C\u1ea7u wind farm", "fuel": "wind", "mw": 50.0, "country": "VNM", "status": "planned"}}, {"type": "Feature", "id": 2796, "geometry": {"type": "Point", "coordinates": [106.614, 16.65]}, "properties": {"name": "H\u1ea3i Anh wind farm", "fuel": "wind", "mw": 40.0, "country": "VNM", "status": "operating"}}, {"type": "Feature", "id": 2797, "geometry": {"type": "Point", "coordinates": [106.623, 17.516]}, "properties": {"name": "Hai Ninh wind farm Cluster", "fuel": "wind", "mw": 80.0, "country": "VNM", "status": "planned"}}, {"type": "Feature", "id": 2798, "geometry": {"type": "Point", "coordinates": [106.975, 20.636]}, "properties": {"name": "H\u1ea3i Ph\u00f2ng offshore wind farm", "fuel": "wind", "mw": 1000.0, "country": "VNM", "status": "planned"}}, {"type": "Feature", "id": 2799, "geometry": {"type": "Point", "coordinates": [106.623, 17.516]}, "properties": {"name": "Hal Com Hong Duc wind farm", "fuel": "wind", "mw": 80.0, "country": "VNM", "status": "planned"}}, {"type": "Feature", "id": 2800, "geometry": {"type": "Point", "coordinates": [108.003, 10.969]}, "properties": {"name": "Ham Kiem 2 wind farm", "fuel": "wind", "mw": 15.0, "country": "VNM", "status": "planned"}}, {"type": "Feature", "id": 2801, "geometry": {"type": "Point", "coordinates": [109.146, 11.606]}, "properties": {"name": "Hanbaram wind farm", "fuel": "wind", "mw": 24.0, "country": "VNM", "status": "operating"}}, {"type": "Feature", "id": 2802, "geometry": {"type": "Point", "coordinates": [109.146, 11.606]}, "properties": {"name": "Hanbaram wind farm", "fuel": "wind", "mw": 93.0, "country": "VNM", "status": "operating"}}, {"type": "Feature", "id": 2803, "geometry": {"type": "Point", "coordinates": [106.256, 18.127]}, "properties": {"name": "HBRE H\u00e0 T\u0129nh wind farm", "fuel": "wind", "mw": 120.0, "country": "VNM", "status": "planned"}}, {"type": "Feature", "id": 2804, "geometry": {"type": "Point", "coordinates": [106.581, 9.752]}, "properties": {"name": "Hi\u1ec7p Th\u00e0nh Offshore wind farm", "fuel": "wind", "mw": 78.0, "country": "VNM", "status": "operating"}}, {"type": "Feature", "id": 2805, "geometry": {"type": "Point", "coordinates": [106.641, 9.751]}, "properties": {"name": "Hi\u1ec7p Th\u00e0nh Offshore wind farm", "fuel": "wind", "mw": 64.5, "country": "VNM", "status": "planned"}}, {"type": "Feature", "id": 2806, "geometry": {"type": "Point", "coordinates": [106.555, 9.73]}, "properties": {"name": "Hi\u1ec7p Th\u00e0nh wind farm", "fuel": "wind", "mw": 65.0, "country": "VNM", "status": "operating"}}, {"type": "Feature", "id": 2807, "geometry": {"type": "Point", "coordinates": [105.697, 8.896]}, "properties": {"name": "Hoa Binh 2 wind farm", "fuel": "wind", "mw": 50.0, "country": "VNM", "status": "planned"}}, {"type": "Feature", "id": 2808, "geometry": {"type": "Point", "coordinates": [105.697, 8.896]}, "properties": {"name": "Hoa Binh 2 wind farm", "fuel": "wind", "mw": 50.0, "country": "VNM", "status": "planned"}}, {"type": "Feature", "id": 2809, "geometry": {"type": "Point", "coordinates": [105.697, 8.896]}, "properties": {"name": "Hoa Binh 2 wind farm", "fuel": "wind", "mw": 80.0, "country": "VNM", "status": "planned"}}, {"type": "Feature", "id": 2810, "geometry": {"type": "Point", "coordinates": [105.697, 8.896]}, "properties": {"name": "Hoa Binh 2 wind farm", "fuel": "wind", "mw": 40.0, "country": "VNM", "status": "planned"}}, {"type": "Feature", "id": 2811, "geometry": {"type": "Point", "coordinates": [105.697, 8.896]}, "properties": {"name": "Hoa Binh 2 wind farm", "fuel": "wind", "mw": 50.0, "country": "VNM", "status": "planned"}}, {"type": "Feature", "id": 2812, "geometry": {"type": "Point", "coordinates": [105.697, 8.896]}, "properties": {"name": "Hoa Binh 2 wind farm", "fuel": "wind", "mw": 50.0, "country": "VNM", "status": "planned"}}, {"type": "Feature", "id": 2813, "geometry": {"type": "Point", "coordinates": [105.612, 9.192]}, "properties": {"name": "H\u00f2a B\u00ecnh 5 wind farm", "fuel": "wind", "mw": 80.0, "country": "VNM", "status": "operating"}}, {"type": "Feature", "id": 2814, "geometry": {"type": "Point", "coordinates": [105.701, 9.131]}, "properties": {"name": "Hoa Binh wind farm", "fuel": "wind", "mw": 50.0, "country": "VNM", "status": "operating"}}, {"type": "Feature", "id": 2815, "geometry": {"type": "Point", "coordinates": [105.731, 9.134]}, "properties": {"name": "Hoa Binh wind farm", "fuel": "wind", "mw": 50.0, "country": "VNM", "status": "operating"}}, {"type": "Feature", "id": 2816, "geometry": {"type": "Point", "coordinates": [106.043, 9.407]}, "properties": {"name": "H\u00f2a \u0110\u00f4ng 2 wind farm", "fuel": "wind", "mw": 46.0, "country": "VNM", "status": "operating"}}, {"type": "Feature", "id": 2817, "geometry": {"type": "Point", "coordinates": [105.876, 9.566]}, "properties": {"name": "H\u00f2a \u0110\u00f4ng T&T wind farm", "fuel": "wind", "mw": 72.0, "country": "VNM", "status": "operating"}}, {"type": "Feature", "id": 2818, "geometry": {"type": "Point", "coordinates": [106.008, 9.394]}, "properties": {"name": "H\u00f2a \u0110\u00f4ng wind farm", "fuel": "wind", "mw": 30.0, "country": "VNM", "status": "operating"}}, {"type": "Feature", "id": 2819, "geometry": {"type": "Point", "coordinates": [108.498, 11.187]}, "properties": {"name": "H\u00f2a Th\u1eafng 1.2 wind farm", "fuel": "wind", "mw": 100.0, "country": "VNM", "status": "planned"}}, {"type": "Feature", "id": 2820, "geometry": {"type": "Point", "coordinates": [108.191, 11.127]}, "properties": {"name": "H\u00f2a Th\u1eafng wind farm", "fuel": "wind", "mw": 19.8, "country": "VNM", "status": "planned"}}, {"type": "Feature", "id": 2821, "geometry": {"type": "Point", "coordinates": [108.191, 11.127]}, "properties": {"name": "H\u00f2a Th\u1eafng wind farm", "fuel": "wind", "mw": 30.0, "country": "VNM", "status": "planned"}}, {"type": "Feature", "id": 2822, "geometry": {"type": "Point", "coordinates": [108.635, 14.02]}, "properties": {"name": "Hoang An wind farm", "fuel": "wind", "mw": 42.0, "country": "VNM", "status": "planned"}}, {"type": "Feature", "id": 2823, "geometry": {"type": "Point", "coordinates": [106.769, 16.584]}, "properties": {"name": "Ho\u1eb1ng H\u1ea3i wind farm", "fuel": "wind", "mw": 50.0, "country": "VNM", "status": "operating"}}, {"type": "Feature", "id": 2824, "geometry": {"type": "Point", "coordinates": [104.473, 9.767]}, "properties": {"name": "Hon Dat 1 wind farm", "fuel": "wind", "mw": 77.0, "country": "VNM", "status": "planned"}}, {"type": "Feature", "id": 2825, "geometry": {"type": "Point", "coordinates": [104.158, 21.228]}, "properties": {"name": "Hong Ngai - Bac Yen wind farm", "fuel": "wind", "mw": 108.0, "country": "VNM", "status": "planned"}}, {"type": "Feature", "id": 2826, "geometry": {"type": "Point", "coordinates": [108.003, 10.969]}, "properties": {"name": "Hong Phong 2 wind farm", "fuel": "wind", "mw": 20.0, "country": "VNM", "status": "planned"}}, {"type": "Feature", "id": 2827, "geometry": {"type": "Point", "coordinates": [106.955, 17.217]}, "properties": {"name": "Hung Bac wind farm", "fuel": "wind", "mw": 30.0, "country": "VNM", "status": "planned"}}, {"type": "Feature", "id": 2828, "geometry": {"type": "Point", "coordinates": [108.414, 13.89]}, "properties": {"name": "H\u01b0ng H\u1ea3i Gia Lai wind farm", "fuel": "wind", "mw": 96.0, "country": "VNM", "status": "operating"}}, {"type": "Feature", "id": 2829, "geometry": {"type": "Point", "coordinates": [106.811, 16.769]}, "properties": {"name": "H\u01b0\u1edbng Hi\u1ec7p 2 wind farm", "fuel": "wind", "mw": 30.0, "country": "VNM", "status": "planned"}}, {"type": "Feature", "id": 2830, "geometry": {"type": "Point", "coordinates": [106.808, 16.757]}, "properties": {"name": "H\u01b0\u1edbng Hi\u1ec7p 3 wind farm", "fuel": "wind", "mw": 30.0, "country": "VNM", "status": "planned"}}, {"type": "Feature", "id": 2831, "geometry": {"type": "Point", "coordinates": [106.978, 16.568]}, "properties": {"name": "H\u01b0\u1edbng Hi\u1ec7p wind farm", "fuel": "wind", "mw": 26.0, "country": "VNM", "status": "operating"}}, {"type": "Feature", "id": 2832, "geometry": {"type": "Point", "coordinates": [106.663, 16.689]}, "properties": {"name": "H\u01b0\u1edbng H\u00f3a 2 LIG wind farm", "fuel": "wind", "mw": 48.0, "country": "VNM", "status": "planned"}}, {"type": "Feature", "id": 2833, "geometry": {"type": "Point", "coordinates": [106.955, 16.633]}, "properties": {"name": "H\u01b0\u1edbng H\u00f3a wind farm", "fuel": "wind", "mw": 48.0, "country": "VNM", "status": "planned"}}, {"type": "Feature", "id": 2834, "geometry": {"type": "Point", "coordinates": [106.768, 16.724]}, "properties": {"name": "H\u01b0\u1edbng Linh 7 wind farm", "fuel": "wind", "mw": 17.0, "country": "VNM", "status": "operating"}}, {"type": "Feature", "id": 2835, "geometry": {"type": "Point", "coordinates": [106.707, 16.695]}, "properties": {"name": "H\u01b0\u1edbng Linh 8 wind farm", "fuel": "wind", "mw": 25.0, "country": "VNM", "status": "operating"}}, {"type": "Feature", "id": 2836, "geometry": {"type": "Point", "coordinates": [106.778, 16.715]}, "properties": {"name": "H\u01b0\u1edbng Linh wind farm", "fuel": "wind", "mw": 30.0, "country": "VNM", "status": "operating"}}, {"type": "Feature", "id": 2837, "geometry": {"type": "Point", "coordinates": [106.778, 16.715]}, "properties": {"name": "H\u01b0\u1edbng Linh wind farm", "fuel": "wind", "mw": 30.0, "country": "VNM", "status": "operating"}}, {"type": "Feature", "id": 2838, "geometry": {"type": "Point", "coordinates": [106.703, 16.709]}, "properties": {"name": "H\u01b0\u1edbng Linh wind farm", "fuel": "wind", "mw": 30.0, "country": "VNM", "status": "operating"}}, {"type": "Feature", "id": 2839, "geometry": {"type": "Point", "coordinates": [106.715, 16.711]}, "properties": {"name": "H\u01b0\u1edbng Linh wind farm", "fuel": "wind", "mw": 30.0, "country": "VNM", "status": "operating"}}, {"type": "Feature", "id": 2840, "geometry": {"type": "Point", "coordinates": [106.625, 16.724]}, "properties": {"name": "H\u01b0\u1edbng Ph\u00f9ng wind farm", "fuel": "wind", "mw": 30.0, "country": "VNM", "status": "construction"}}, {"type": "Feature", "id": 2841, "geometry": {"type": "Point", "coordinates": [106.625, 16.724]}, "properties": {"name": "H\u01b0\u1edbng Ph\u00f9ng wind farm", "fuel": "wind", "mw": 20.0, "country": "VNM", "status": "operating"}}, {"type": "Feature", "id": 2842, "geometry": {"type": "Point", "coordinates": [106.625, 16.724]}, "properties": {"name": "H\u01b0\u1edbng Ph\u00f9ng wind farm", "fuel": "wind", "mw": 30.0, "country": "VNM", "status": "operating"}}, {"type": "Feature", "id": 2843, "geometry": {"type": "Point", "coordinates": [106.836, 21.801]}, "properties": {"name": "Huu Kien Wind Power Plant", "fuel": "wind", "mw": 90.0, "country": "VNM", "status": "planned"}}, {"type": "Feature", "id": 2844, "geometry": {"type": "Point", "coordinates": [108.079, 13.509]}, "properties": {"name": "Ia Bang wind farm", "fuel": "wind", "mw": 50.0, "country": "VNM", "status": "operating"}}, {"type": "Feature", "id": 2845, "geometry": {"type": "Point", "coordinates": [108.635, 14.02]}, "properties": {"name": "Ia Blu 1 wind farm", "fuel": "wind", "mw": 42.0, "country": "VNM", "status": "planned"}}, {"type": "Feature", "id": 2846, "geometry": {"type": "Point", "coordinates": [108.635, 14.02]}, "properties": {"name": "Ia Boong - Chu Prong wind farm", "fuel": "wind", "mw": 50.0, "country": "VNM", "status": "planned"}}, {"type": "Feature", "id": 2847, "geometry": {"type": "Point", "coordinates": [108.635, 14.02]}, "properties": {"name": "Ia Ko wind farm", "fuel": "wind", "mw": 42.0, "country": "VNM", "status": "planned"}}, {"type": "Feature", "id": 2848, "geometry": {"type": "Point", "coordinates": [108.635, 14.02]}, "properties": {"name": "Ia Ko wind farm", "fuel": "wind", "mw": 42.0, "country": "VNM", "status": "planned"}}, {"type": "Feature", "id": 2849, "geometry": {"type": "Point", "coordinates": [108.635, 14.02]}, "properties": {"name": "Ia Le 1 wind farm", "fuel": "wind", "mw": 52.8, "country": "VNM", "status": "planned"}}, {"type": "Feature", "id": 2850, "geometry": {"type": "Point", "coordinates": [108.079, 13.509]}, "properties": {"name": "Ia Le wind farm", "fuel": "wind", "mw": 47.0, "country": "VNM", "status": "operating"}}, {"type": "Feature", "id": 2851, "geometry": {"type": "Point", "coordinates": [108.079, 13.509]}, "properties": {"name": "Ia Le wind farm", "fuel": "wind", "mw": 53.0, "country": "VNM", "status": "planned"}}, {"type": "Feature", "id": 2852, "geometry": {"type": "Point", "coordinates": [108.261, 13.796]}, "properties": {"name": "Ia P\u1ebfch wind farm", "fuel": "wind", "mw": 50.0, "country": "VNM", "status": "operating"}}, {"type": "Feature", "id": 2853, "geometry": {"type": "Point", "coordinates": [108.261, 13.796]}, "properties": {"name": "Ia P\u1ebfch wind farm", "fuel": "wind", "mw": 16.0, "country": "VNM", "status": "operating"}}, {"type": "Feature", "id": 2854, "geometry": {"type": "Point", "coordinates": [108.261, 13.796]}, "properties": {"name": "Ia P\u1ebfch wind farm", "fuel": "wind", "mw": 34.0, "country": "VNM", "status": "planned"}}, {"type": "Feature", "id": 2855, "geometry": {"type": "Point", "coordinates": [108.106, 13.889]}, "properties": {"name": "Ia P\u1ebft \u0110\u1eafk \u0110oa wind farm", "fuel": "wind", "mw": 100.0, "country": "VNM", "status": "operating"}}, {"type": "Feature", "id": 2856, "geometry": {"type": "Point", "coordinates": [108.106, 13.889]}, "properties": {"name": "Ia P\u1ebft \u0110\u1eafk \u0110oa wind farm", "fuel": "wind", "mw": 100.0, "country": "VNM", "status": "operating"}}, {"type": "Feature", "id": 2857, "geometry": {"type": "Point", "coordinates": [108.14, 13.481]}, "properties": {"name": "Ia Phang wind farm", "fuel": "wind", "mw": 100.0, "country": "VNM", "status": "planned"}}, {"type": "Feature", "id": 2858, "geometry": {"type": "Point", "coordinates": [105.043, 10.319]}, "properties": {"name": "JR An Giang wind farm", "fuel": "wind", "mw": 50.0, "country": "VNM", "status": "planned"}}, {"type": "Feature", "id": 2859, "geometry": {"type": "Point", "coordinates": [105.288, 8.766]}, "properties": {"name": "Khai Long Offshore wind farm", "fuel": "wind", "mw": 100.0, "country": "VNM", "status": "planned"}}, {"type": "Feature", "id": 2860, "geometry": {"type": "Point", "coordinates": [105.288, 8.766]}, "properties": {"name": "Khai Long Offshore wind farm", "fuel": "wind", "mw": 100.0, "country": "VNM", "status": "planned"}}, {"type": "Feature", "id": 2861, "geometry": {"type": "Point", "coordinates": [105.288, 8.766]}, "properties": {"name": "Khai Long Offshore wind farm", "fuel": "wind", "mw": 100.0, "country": "VNM", "status": "planned"}}, {"type": "Feature", "id": 2862, "geometry": {"type": "Point", "coordinates": [105.087, 9.018]}, "properties": {"name": "Khanh Binh Tay wind farm", "fuel": "wind", "mw": 50.0, "country": "VNM", "status": "planned"}}, {"type": "Feature", "id": 2863, "geometry": {"type": "Point", "coordinates": [109.034, 12.312]}, "properties": {"name": "Khanh Hoa 1 wind farm", "fuel": "wind", "mw": 102.0, "country": "VNM", "status": "planned"}}, {"type": "Feature", "id": 2864, "geometry": {"type": "Point", "coordinates": [104.473, 9.767]}, "properties": {"name": "Kien Luong 1 wind farm", "fuel": "wind", "mw": 60.0, "country": "VNM", "status": "planned"}}, {"type": "Feature", "id": 2865, "geometry": {"type": "Point", "coordinates": [107.974, 14.336]}, "properties": {"name": "Kon Pl\u00f4ng wind farm", "fuel": "wind", "mw": 104.0, "country": "VNM", "status": "planned"}}, {"type": "Feature", "id": 2866, "geometry": {"type": "Point", "coordinates": [108.591, 13.762]}, "properties": {"name": "Kong Yang wind farm", "fuel": "wind", "mw": 175.0, "country": "VNM", "status": "operating"}}, {"type": "Feature", "id": 2867, "geometry": {"type": "Point", "coordinates": [107.818, 12.985]}, "properties": {"name": "Krong Buk 3 Wind Power Plant", "fuel": "wind", "mw": 100.0, "country": "VNM", "status": "planned"}}, {"type": "Feature", "id": 2868, "geometry": {"type": "Point", "coordinates": [108.194, 13.014]}, "properties": {"name": "Kr\u00f4ng B\u00fak wind farm", "fuel": "wind", "mw": 50.0, "country": "VNM", "status": "construction"}}, {"type": "Feature", "id": 2869, "geometry": {"type": "Point", "coordinates": [108.194, 13.014]}, "properties": {"name": "Kr\u00f4ng B\u00fak wind farm", "fuel": "wind", "mw": 50.0, "country": "VNM", "status": "construction"}}, {"type": "Feature", "id": 2870, "geometry": {"type": "Point", "coordinates": [107.826, 12.987]}, "properties": {"name": "Krong Nang Wind Power Plant", "fuel": "wind", "mw": 40.0, "country": "VNM", "status": "planned"}}, {"type": "Feature", "id": 2871, "geometry": {"type": "Point", "coordinates": [107.826, 12.987]}, "properties": {"name": "Krong Nang Wind Power Plant", "fuel": "wind", "mw": 40.0, "country": "VNM", "status": "planned"}}, {"type": "Feature", "id": 2872, "geometry": {"type": "Point", "coordinates": [105.762, 18.351]}, "properties": {"name": "Ky Anh (DT2, DT3) wind farm", "fuel": "wind", "mw": 99.0, "country": "VNM", "status": "planned"}}, {"type": "Feature", "id": 2873, "geometry": {"type": "Point", "coordinates": [106.204, 18.27]}, "properties": {"name": "K\u1ef3 Anh (Ecoland) offshore wind farm", "fuel": "wind", "mw": 498.0, "country": "VNM", "status": "planned"}}, {"type": "Feature", "id": 2874, "geometry": {"type": "Point", "coordinates": [106.0, 18.173]}, "properties": {"name": "Ky Khang Wind Power Plant", "fuel": "wind", "mw": 60.0, "country": "VNM", "status": "planned"}}, {"type": "Feature", "id": 2875, "geometry": {"type": "Point", "coordinates": [106.0, 18.173]}, "properties": {"name": "Ky Khang Wind Power Plant", "fuel": "wind", "mw": 60.0, "country": "VNM", "status": "planned"}}, {"type": "Feature", "id": 2876, "geometry": {"type": "Point", "coordinates": [105.762, 18.351]}, "properties": {"name": "Ky Nam wind farm", "fuel": "wind", "mw": 167.0, "country": "VNM", "status": "planned"}}, {"type": "Feature", "id": 2877, "geometry": {"type": "Point", "coordinates": [108.43, 10.923]}, "properties": {"name": "La G\u00e0n offshore wind farm", "fuel": "wind", "mw": 1750.0, "country": "VNM", "status": "planned"}}, {"type": "Feature", "id": 2878, "geometry": {"type": "Point", "coordinates": [108.43, 10.923]}, "properties": {"name": "La G\u00e0n offshore wind farm", "fuel": "wind", "mw": 1750.0, "country": "VNM", "status": "planned"}}, {"type": "Feature", "id": 2879, "geometry": {"type": "Point", "coordinates": [106.102, 9.417]}, "properties": {"name": "L\u1ea1c H\u00f2a wind farm", "fuel": "wind", "mw": 30.0, "country": "VNM", "status": "operating"}}, {"type": "Feature", "id": 2880, "geometry": {"type": "Point", "coordinates": [106.073, 9.369]}, "properties": {"name": "L\u1ea1c H\u00f2a wind farm", "fuel": "wind", "mw": 124.0, "country": "VNM", "status": "operating"}}, {"type": "Feature", "id": 2881, "geometry": {"type": "Point", "coordinates": [106.623, 17.516]}, "properties": {"name": "Le Thuy 3 wind farm", "fuel": "wind", "mw": 30.0, "country": "VNM", "status": "planned"}}, {"type": "Feature", "id": 2882, "geometry": {"type": "Point", "coordinates": [106.623, 17.516]}, "properties": {"name": "Le Thuy 3 wind farm", "fuel": "wind", "mw": 30.0, "country": "VNM", "status": "planned"}}, {"type": "Feature", "id": 2883, "geometry": {"type": "Point", "coordinates": [106.683, 16.672]}, "properties": {"name": "Lien Lap wind farm", "fuel": "wind", "mw": 48.0, "country": "VNM", "status": "operating"}}, {"type": "Feature", "id": 2884, "geometry": {"type": "Point", "coordinates": [108.635, 14.02]}, "properties": {"name": "Lo Pang - Gia Lai wind farm", "fuel": "wind", "mw": 42.0, "country": "VNM", "status": "planned"}}, {"type": "Feature", "id": 2885, "geometry": {"type": "Point", "coordinates": [106.82, 21.665]}, "properties": {"name": "Loc Binh - Pharbaco Wind Power Plant", "fuel": "wind", "mw": 50.0, "country": "VNM", "status": "planned"}}, {"type": "Feature", "id": 2886, "geometry": {"type": "Point", "coordinates": [106.796, 21.631]}, "properties": {"name": "Loc Binh 1 Wind Power Plant", "fuel": "wind", "mw": 50.0, "country": "VNM", "status": "planned"}}, {"type": "Feature", "id": 2887, "geometry": {"type": "Point", "coordinates": [106.727, 21.6]}, "properties": {"name": "Loc Binh 3 Wind Power Plant", "fuel": "wind", "mw": 60.0, "country": "VNM", "status": "planned"}}, {"type": "Feature", "id": 2888, "geometry": {"type": "Point", "coordinates": [106.744, 21.722]}, "properties": {"name": "Loc Binh Wind Power Plant", "fuel": "wind", "mw": 60.0, "country": "VNM", "status": "planned"}}, {"type": "Feature", "id": 2889, "geometry": {"type": "Point", "coordinates": [109.06, 11.716]}, "properties": {"name": "L\u1ee3i H\u1ea3i wind farm", "fuel": "wind", "mw": 30.0, "country": "VNM", "status": "operating"}}, {"type": "Feature", "id": 2890, "geometry": {"type": "Point", "coordinates": [105.571, 9.679]}, "properties": {"name": "Long My 1 wind farm", "fuel": "wind", "mw": 100.0, "country": "VNM", "status": "planned"}}, {"type": "Feature", "id": 2891, "geometry": {"type": "Point", "coordinates": [109.239, 13.2]}, "properties": {"name": "LRSH Son Hoa wind farm", "fuel": "wind", "mw": 82.0, "country": "VNM", "status": "planned"}}, {"type": "Feature", "id": 2892, "geometry": {"type": "Point", "coordinates": [106.59, 21.488]}, "properties": {"name": "Luc Ngan wind farm", "fuel": "wind", "mw": 30.0, "country": "VNM", "status": "planned"}}, {"type": "Feature", "id": 2893, "geometry": {"type": "Point", "coordinates": [108.374, 11.006]}, "properties": {"name": "Macquarie offshore wind farm", "fuel": "wind", "mw": 3000.0, "country": "VNM", "status": "planned"}}, {"type": "Feature", "id": 2894, "geometry": {"type": "Point", "coordinates": [106.835, 21.833]}, "properties": {"name": "Mau Son Wind Power Plant", "fuel": "wind", "mw": 30.0, "country": "VNM", "status": "planned"}}, {"type": "Feature", "id": 2895, "geometry": {"type": "Point", "coordinates": [107.946, 13.836]}, "properties": {"name": "Mountain wind farm (Vietnam)", "fuel": "wind", "mw": 50.0, "country": "VNM", "status": "construction"}}, {"type": "Feature", "id": 2896, "geometry": {"type": "Point", "coordinates": [108.886, 11.451]}, "properties": {"name": "Mui Dinh wind farm", "fuel": "wind", "mw": 38.0, "country": "VNM", "status": "operating"}}, {"type": "Feature", "id": 2897, "geometry": {"type": "Point", "coordinates": [108.206, 10.949]}, "properties": {"name": "M\u0169i N\u00e9 wind farm", "fuel": "wind", "mw": 40.0, "country": "VNM", "status": "operating"}}, {"type": "Feature", "id": 2898, "geometry": {"type": "Point", "coordinates": [108.206, 10.949]}, "properties": {"name": "M\u0169i N\u00e9 wind farm", "fuel": "wind", "mw": 40.0, "country": "VNM", "status": "operating"}}, {"type": "Feature", "id": 2899, "geometry": {"type": "Point", "coordinates": [105.26, 20.188]}, "properties": {"name": "Muong Lat Wind Power Plant", "fuel": "wind", "mw": 200.0, "country": "VNM", "status": "planned"}}, {"type": "Feature", "id": 2900, "geometry": {"type": "Point", "coordinates": [107.743, 12.281]}, "properties": {"name": "Nam Binh 1 wind farm", "fuel": "wind", "mw": 50.0, "country": "VNM", "status": "planned"}}, {"type": "Feature", "id": 2901, "geometry": {"type": "Point", "coordinates": [108.075, 12.784]}, "properties": {"name": "Nam B\u00ecnh wind farm", "fuel": "wind", "mw": 30.0, "country": "VNM", "status": "operating"}}, {"type": "Feature", "id": 2902, "geometry": {"type": "Point", "coordinates": [104.861, 21.767]}, "properties": {"name": "Nam Bung wind farm", "fuel": "wind", "mw": 200.0, "country": "VNM", "status": "planned"}}, {"type": "Feature", "id": 2903, "geometry": {"type": "Point", "coordinates": [105.558, 18.876]}, "properties": {"name": "Nam Dan Wind Power Plant", "fuel": "wind", "mw": 70.0, "country": "VNM", "status": "planned"}}, {"type": "Feature", "id": 2904, "geometry": {"type": "Point", "coordinates": [105.558, 18.876]}, "properties": {"name": "Nam Dan Wind Power Plant", "fuel": "wind", "mw": 130.0, "country": "VNM", "status": "planned"}}, {"type": "Feature", "id": 2905, "geometry": {"type": "Point", "coordinates": [105.864, 22.114]}, "properties": {"name": "Ngan Son wind farm", "fuel": "wind", "mw": 150.0, "country": "VNM", "status": "planned"}}, {"type": "Feature", "id": 2906, "geometry": {"type": "Point", "coordinates": [106.623, 17.516]}, "properties": {"name": "Ngu Thuy Bac Tan Hoan Cau wind farm", "fuel": "wind", "mw": 80.0, "country": "VNM", "status": "planned"}}, {"type": "Feature", "id": 2907, "geometry": {"type": "Point", "coordinates": [108.261, 13.796]}, "properties": {"name": "Nh\u01a1n H\u00f2a wind farm", "fuel": "wind", "mw": 50.0, "country": "VNM", "status": "operating"}}, {"type": "Feature", "id": 2908, "geometry": {"type": "Point", "coordinates": [108.261, 13.796]}, "properties": {"name": "Nh\u01a1n H\u00f2a wind farm", "fuel": "wind", "mw": 50.0, "country": "VNM", "status": "operating"}}, {"type": "Feature", "id": 2909, "geometry": {"type": "Point", "coordinates": [108.261, 13.796]}, "properties": {"name": "Nh\u01a1n H\u00f2a wind farm", "fuel": "wind", "mw": 42.0, "country": "VNM", "status": "planned"}}, {"type": "Feature", "id": 2910, "geometry": {"type": "Point", "coordinates": [108.261, 13.796]}, "properties": {"name": "Nh\u01a1n H\u00f2a wind farm", "fuel": "wind", "mw": 42.0, "country": "VNM", "status": "planned"}}, {"type": "Feature", "id": 2911, "geometry": {"type": "Point", "coordinates": [109.233, 13.776]}, "properties": {"name": "Nhon Hoi wind farm", "fuel": "wind", "mw": 30.0, "country": "VNM", "status": "operating"}}, {"type": "Feature", "id": 2912, "geometry": {"type": "Point", "coordinates": [109.233, 13.776]}, "properties": {"name": "Nhon Hoi wind farm", "fuel": "wind", "mw": 30.0, "country": "VNM", "status": "operating"}}, {"type": "Feature", "id": 2913, "geometry": {"type": "Point", "coordinates": [108.947, 11.724]}, "properties": {"name": "Ninh Thu\u1eadn (AC Energy) wind farm", "fuel": "wind", "mw": 88.0, "country": "VNM", "status": "operating"}}, {"type": "Feature", "id": 2914, "geometry": {"type": "Point", "coordinates": [108.871, 11.504]}, "properties": {"name": "Ninh Thu\u1eadn No. 5 wind farm", "fuel": "wind", "mw": 46.0, "country": "VNM", "status": "operating"}}, {"type": "Feature", "id": 2915, "geometry": {"type": "Point", "coordinates": [109.146, 11.606]}, "properties": {"name": "Ninh Thu\u1eadn wind farm", "fuel": "wind", "mw": 88.0, "country": "VNM", "status": "operating"}}, {"type": "Feature", "id": 2916, "geometry": {"type": "Point", "coordinates": [106.734, 9.884]}, "properties": {"name": "No. 19 Ben Tre wind farm", "fuel": "wind", "mw": 50.0, "country": "VNM", "status": "planned"}}, {"type": "Feature", "id": 2917, "geometry": {"type": "Point", "coordinates": [106.734, 9.884]}, "properties": {"name": "No. 20 Ben Tre wind farm", "fuel": "wind", "mw": 50.0, "country": "VNM", "status": "planned"}}, {"type": "Feature", "id": 2918, "geometry": {"type": "Point", "coordinates": [106.531, 9.582]}, "properties": {"name": "No. 3 (V3-8) wind farm", "fuel": "wind", "mw": 48.0, "country": "VNM", "status": "planned"}}, {"type": "Feature", "id": 2919, "geometry": {"type": "Point", "coordinates": [107.84, 13.01]}, "properties": {"name": "NT 1 Wind Power Plant", "fuel": "wind", "mw": 37.5, "country": "VNM", "status": "planned"}}, {"type": "Feature", "id": 2920, "geometry": {"type": "Point", "coordinates": [107.84, 13.01]}, "properties": {"name": "NT 2 Wind Power Plant", "fuel": "wind", "mw": 37.5, "country": "VNM", "status": "planned"}}, {"type": "Feature", "id": 2921, "geometry": {"type": "Point", "coordinates": [107.145, 16.672]}, "properties": {"name": "Phong Huy wind farm", "fuel": "wind", "mw": 48.0, "country": "VNM", "status": "operating"}}, {"type": "Feature", "id": 2922, "geometry": {"type": "Point", "coordinates": [106.678, 16.704]}, "properties": {"name": "Phong Lieu wind farm", "fuel": "wind", "mw": 48.0, "country": "VNM", "status": "operating"}}, {"type": "Feature", "id": 2923, "geometry": {"type": "Point", "coordinates": [107.145, 16.672]}, "properties": {"name": "Phong Nguyen wind farm", "fuel": "wind", "mw": 48.0, "country": "VNM", "status": "operating"}}, {"type": "Feature", "id": 2924, "geometry": {"type": "Point", "coordinates": [105.916, 9.25]}, "properties": {"name": "Phu Cuong Soc Trang Offshore wind farm", "fuel": "wind", "mw": 200.0, "country": "VNM", "status": "planned"}}, {"type": "Feature", "id": 2925, "geometry": {"type": "Point", "coordinates": [105.916, 9.25]}, "properties": {"name": "Phu Cuong Soc Trang Offshore wind farm", "fuel": "wind", "mw": 1200.0, "country": "VNM", "status": "planned"}}, {"type": "Feature", "id": 2926, "geometry": {"type": "Point", "coordinates": [108.685, 11.221]}, "properties": {"name": "Phu Lac wind farm", "fuel": "wind", "mw": 24.0, "country": "VNM", "status": "operating"}}, {"type": "Feature", "id": 2927, "geometry": {"type": "Point", "coordinates": [108.685, 11.221]}, "properties": {"name": "Phu Lac wind farm", "fuel": "wind", "mw": 26.0, "country": "VNM", "status": "operating"}}, {"type": "Feature", "id": 2928, "geometry": {"type": "Point", "coordinates": [108.635, 14.02]}, "properties": {"name": "Phu My wind farm", "fuel": "wind", "mw": 42.0, "country": "VNM", "status": "planned"}}, {"type": "Feature", "id": 2929, "geometry": {"type": "Point", "coordinates": [109.211, 13.255]}, "properties": {"name": "Ph\u00fa Y\u00ean HBRE wind farm", "fuel": "wind", "mw": 200.0, "country": "VNM", "status": "construction"}}, {"type": "Feature", "id": 2930, "geometry": {"type": "Point", "coordinates": [104.158, 21.228]}, "properties": {"name": "Phu Yen wind farm", "fuel": "wind", "mw": 70.0, "country": "VNM", "status": "planned"}}, {"type": "Feature", "id": 2931, "geometry": {"type": "Point", "coordinates": [106.623, 17.516]}, "properties": {"name": "Phuc Loc Tho wind farm", "fuel": "wind", "mw": 80.0, "country": "VNM", "status": "planned"}}, {"type": "Feature", "id": 2932, "geometry": {"type": "Point", "coordinates": [109.148, 11.808]}, "properties": {"name": "Phuoc Dan Wind Power Plant", "fuel": "wind", "mw": 45.0, "country": "VNM", "status": "planned"}}, {"type": "Feature", "id": 2933, "geometry": {"type": "Point", "coordinates": [109.229, 11.743]}, "properties": {"name": "Phuoc Huu Wind Power Plant", "fuel": "wind", "mw": 50.0, "country": "VNM", "status": "construction"}}, {"type": "Feature", "id": 2934, "geometry": {"type": "Point", "coordinates": [108.87, 11.501]}, "properties": {"name": "Phuoc Huu-Duyen wind farm", "fuel": "wind", "mw": 30.0, "country": "VNM", "status": "operating"}}, {"type": "Feature", "id": 2935, "geometry": {"type": "Point", "coordinates": [108.886, 11.451]}, "properties": {"name": "Phuoc Minh Revn wind farm", "fuel": "wind", "mw": 27.0, "country": "VNM", "status": "operating"}}, {"type": "Feature", "id": 2936, "geometry": {"type": "Point", "coordinates": [109.229, 11.745]}, "properties": {"name": "Phuoc Nam - Enfinity - Ninh Thuan renewable energy power plant wind farm", "fuel": "wind", "mw": 65.0, "country": "VNM", "status": "planned"}}, {"type": "Feature", "id": 2937, "geometry": {"type": "Point", "coordinates": [108.741, 11.255]}, "properties": {"name": "Ph\u01b0\u1edbc Th\u1ec3 wind farm", "fuel": "wind", "mw": 26.3, "country": "VNM", "status": "planned"}}, {"type": "Feature", "id": 2938, "geometry": {"type": "Point", "coordinates": [109.233, 13.776]}, "properties": {"name": "Phuong Mai 1 wind farm", "fuel": "wind", "mw": 26.0, "country": "VNM", "status": "operating"}}, {"type": "Feature", "id": 2939, "geometry": {"type": "Point", "coordinates": [109.245, 13.918]}, "properties": {"name": "Phuong Mai 3 wind farm", "fuel": "wind", "mw": 21.0, "country": "VNM", "status": "operating"}}, {"type": "Feature", "id": 2940, "geometry": {"type": "Point", "coordinates": [106.623, 17.516]}, "properties": {"name": "Quang Binh 2 wind farm", "fuel": "wind", "mw": 30.0, "country": "VNM", "status": "planned"}}, {"type": "Feature", "id": 2941, "geometry": {"type": "Point", "coordinates": [106.494, 17.254]}, "properties": {"name": "Qu\u1ea3ng B\u00ecnh B&T Province wind farm", "fuel": "wind", "mw": 252.0, "country": "VNM", "status": "operating"}}, {"type": "Feature", "id": 2942, "geometry": {"type": "Point", "coordinates": [107.201, 21.172]}, "properties": {"name": "Quang Ninh wind farm", "fuel": "wind", "mw": 100.0, "country": "VNM", "status": "planned"}}, {"type": "Feature", "id": 2943, "geometry": {"type": "Point", "coordinates": [107.201, 21.172]}, "properties": {"name": "Quang Ninh wind farm", "fuel": "wind", "mw": 70.0, "country": "VNM", "status": "planned"}}, {"type": "Feature", "id": 2944, "geometry": {"type": "Point", "coordinates": [107.201, 21.172]}, "properties": {"name": "Quang Ninh wind farm", "fuel": "wind", "mw": 50.0, "country": "VNM", "status": "planned"}}, {"type": "Feature", "id": 2945, "geometry": {"type": "Point", "coordinates": [107.201, 21.172]}, "properties": {"name": "Quang Ninh wind farm", "fuel": "wind", "mw": 50.0, "country": "VNM", "status": "planned"}}, {"type": "Feature", "id": 2946, "geometry": {"type": "Point", "coordinates": [107.201, 21.172]}, "properties": {"name": "Quang Ninh wind farm", "fuel": "wind", "mw": 100.0, "country": "VNM", "status": "planned"}}, {"type": "Feature", "id": 2947, "geometry": {"type": "Point", "coordinates": [106.738, 16.59]}, "properties": {"name": "Qu\u1ea3ng Tr\u1ecb TNC 1 wind farm", "fuel": "wind", "mw": 40.0, "country": "VNM", "status": "operating"}}, {"type": "Feature", "id": 2948, "geometry": {"type": "Point", "coordinates": [106.955, 17.217]}, "properties": {"name": "Quang Tri Win wind farm", "fuel": "wind", "mw": 48.0, "country": "VNM", "status": "planned"}}, {"type": "Feature", "id": 2949, "geometry": {"type": "Point", "coordinates": [106.955, 17.217]}, "properties": {"name": "Quang Tri Win wind farm", "fuel": "wind", "mw": 48.0, "country": "VNM", "status": "planned"}}, {"type": "Feature", "id": 2950, "geometry": {"type": "Point", "coordinates": [106.955, 17.217]}, "properties": {"name": "Quang Tri Win wind farm", "fuel": "wind", "mw": 48.0, "country": "VNM", "status": "planned"}}, {"type": "Feature", "id": 2951, "geometry": {"type": "Point", "coordinates": [106.17, 9.388]}, "properties": {"name": "Quoc Vinh Soc Trang wind farm", "fuel": "wind", "mw": 30.0, "country": "VNM", "status": "operating"}}, {"type": "Feature", "id": 2952, "geometry": {"type": "Point", "coordinates": [104.158, 21.228]}, "properties": {"name": "Risen Phu Yen wind farm", "fuel": "wind", "mw": 80.0, "country": "VNM", "status": "planned"}}, {"type": "Feature", "id": 2953, "geometry": {"type": "Point", "coordinates": [107.932, 14.7]}, "properties": {"name": "Sac Ly - Kon Tum wind farm", "fuel": "wind", "mw": 104.0, "country": "VNM", "status": "planned"}}, {"type": "Feature", "id": 2954, "geometry": {"type": "Point", "coordinates": [108.135, 11.206]}, "properties": {"name": "Sao Mai 1 Wind Power Plant Project", "fuel": "wind", "mw": 100.0, "country": "VNM", "status": "planned"}}, {"type": "Feature", "id": 2955, "geometry": {"type": "Point", "coordinates": [106.955, 17.217]}, "properties": {"name": "SCI Tan Thanh wind farm", "fuel": "wind", "mw": 30.0, "country": "VNM", "status": "planned"}}, {"type": "Feature", "id": 2956, "geometry": {"type": "Point", "coordinates": [106.326, 9.29]}, "properties": {"name": "Soc Trang 11 offshore wind farm", "fuel": "wind", "mw": 100.0, "country": "VNM", "status": "planned"}}, {"type": "Feature", "id": 2957, "geometry": {"type": "Point", "coordinates": [106.062, 9.369]}, "properties": {"name": "S\u00f3c Tr\u0103ng 4 wind farm", "fuel": "wind", "mw": 350.0, "country": "VNM", "status": "planned"}}, {"type": "Feature", "id": 2958, "geometry": {"type": "Point", "coordinates": [106.131, 9.301]}, "properties": {"name": "Soc Trang 7 Offshore wind farm", "fuel": "wind", "mw": 29.0, "country": "VNM", "status": "operating"}}, {"type": "Feature", "id": 2959, "geometry": {"type": "Point", "coordinates": [106.106, 9.276]}, "properties": {"name": "Soc Trang 7 Offshore wind farm", "fuel": "wind", "mw": 90.0, "country": "VNM", "status": "planned"}}, {"type": "Feature", "id": 2960, "geometry": {"type": "Point", "coordinates": [107.983, 13.957]}, "properties": {"name": "Song An wind farm", "fuel": "wind", "mw": 46.2, "country": "VNM", "status": "operating"}}, {"type": "Feature", "id": 2961, "geometry": {"type": "Point", "coordinates": [109.239, 13.2]}, "properties": {"name": "Song Cau 2 wind farm", "fuel": "wind", "mw": 82.0, "country": "VNM", "status": "planned"}}, {"type": "Feature", "id": 2962, "geometry": {"type": "Point", "coordinates": [106.141, 9.454]}, "properties": {"name": "S\u00f4ng H\u1eadu wind farm", "fuel": "wind", "mw": 50.0, "country": "VNM", "status": "planned"}}, {"type": "Feature", "id": 2963, "geometry": {"type": "Point", "coordinates": [104.158, 21.228]}, "properties": {"name": "Ta Xua - Bac Yen wind farm", "fuel": "wind", "mw": 72.0, "country": "VNM", "status": "planned"}}, {"type": "Feature", "id": 2964, "geometry": {"type": "Point", "coordinates": [105.17, 8.66]}, "properties": {"name": "T\u00e2n An 1 offshore wind farm", "fuel": "wind", "mw": 25.0, "country": "VNM", "status": "operating"}}, {"type": "Feature", "id": 2965, "geometry": {"type": "Point", "coordinates": [105.148, 8.681]}, "properties": {"name": "T\u00e2n An 1 offshore wind farm", "fuel": "wind", "mw": 45.0, "country": "VNM", "status": "operating"}}, {"type": "Feature", "id": 2966, "geometry": {"type": "Point", "coordinates": [105.17, 8.701]}, "properties": {"name": "T\u00e2n An 1 offshore wind farm", "fuel": "wind", "mw": 45.0, "country": "VNM", "status": "operating"}}, {"type": "Feature", "id": 2967, "geometry": {"type": "Point", "coordinates": [106.755, 16.621]}, "properties": {"name": "T\u00e2n H\u1ee3p wind farm", "fuel": "wind", "mw": 38.0, "country": "VNM", "status": "construction"}}, {"type": "Feature", "id": 2968, "geometry": {"type": "Point", "coordinates": [107.858, 13.013]}, "properties": {"name": "Tan Lap - Ea Ho Wind Power Plant", "fuel": "wind", "mw": 50.0, "country": "VNM", "status": "planned"}}, {"type": "Feature", "id": 2969, "geometry": {"type": "Point", "coordinates": [106.79, 10.253]}, "properties": {"name": "T\u00e2n Ph\u00fa \u0110\u00f4ng 1 Wind Power Plant Project", "fuel": "wind", "mw": 100.0, "country": "VNM", "status": "operating"}}, {"type": "Feature", "id": 2970, "geometry": {"type": "Point", "coordinates": [107.438, 10.467]}, "properties": {"name": "T\u00e2n Ph\u00fa \u0110\u00f4ng 2 nearshore wind power plant", "fuel": "wind", "mw": 50.0, "country": "VNM", "status": "operating"}}, {"type": "Feature", "id": 2971, "geometry": {"type": "Point", "coordinates": [106.591, 21.486]}, "properties": {"name": "Tan Son wind farm", "fuel": "wind", "mw": 50.0, "country": "VNM", "status": "planned"}}, {"type": "Feature", "id": 2972, "geometry": {"type": "Point", "coordinates": [107.736, 15.086]}, "properties": {"name": "T\u00e2n T\u1ea5n Nh\u1eadt - \u0110\u0103k Glei wind farm", "fuel": "wind", "mw": 50.0, "country": "VNM", "status": "construction"}}, {"type": "Feature", "id": 2973, "geometry": {"type": "Point", "coordinates": [105.303, 10.78]}, "properties": {"name": "Tan Thanh wind farm", "fuel": "wind", "mw": 100.0, "country": "VNM", "status": "planned"}}, {"type": "Feature", "id": 2974, "geometry": {"type": "Point", "coordinates": [105.411, 8.981]}, "properties": {"name": "T\u00e2n Thu\u1eadn PECC2 Offshore wind farm", "fuel": "wind", "mw": 25.0, "country": "VNM", "status": "operating"}}, {"type": "Feature", "id": 2975, "geometry": {"type": "Point", "coordinates": [105.421, 8.981]}, "properties": {"name": "T\u00e2n Thu\u1eadn PECC2 Offshore wind farm", "fuel": "wind", "mw": 50.0, "country": "VNM", "status": "operating"}}, {"type": "Feature", "id": 2976, "geometry": {"type": "Point", "coordinates": [108.199, 13.232]}, "properties": {"name": "T\u00e2y Nguy\u00ean wind farm", "fuel": "wind", "mw": 29.0, "country": "VNM", "status": "operating"}}, {"type": "Feature", "id": 2977, "geometry": {"type": "Point", "coordinates": [106.623, 17.516]}, "properties": {"name": "Thai Duong 1 wind farm", "fuel": "wind", "mw": 80.0, "country": "VNM", "status": "planned"}}, {"type": "Feature", "id": 2978, "geometry": {"type": "Point", "coordinates": [108.36, 11.264]}, "properties": {"name": "Th\u00e1i H\u00f2a wind farm", "fuel": "wind", "mw": 90.0, "country": "VNM", "status": "operating"}}, {"type": "Feature", "id": 2979, "geometry": {"type": "Point", "coordinates": [108.635, 14.02]}, "properties": {"name": "Thang Hung wind farm", "fuel": "wind", "mw": 42.0, "country": "VNM", "status": "planned"}}, {"type": "Feature", "id": 2980, "geometry": {"type": "Point", "coordinates": [106.836, 21.853]}, "properties": {"name": "Thang Long 3 Wind Power Plant", "fuel": "wind", "mw": 50.0, "country": "VNM", "status": "planned"}}, {"type": "Feature", "id": 2981, "geometry": {"type": "Point", "coordinates": [106.356, 9.771]}, "properties": {"name": "Th\u0103ng Long wind farm", "fuel": "wind", "mw": 96.0, "country": "VNM", "status": "planned"}}, {"type": "Feature", "id": 2982, "geometry": {"type": "Point", "coordinates": [106.681, 9.915]}, "properties": {"name": "Thanh H\u1ea3i No. 5 Offshore wind farm", "fuel": "wind", "mw": 32.0, "country": "VNM", "status": "operating"}}, {"type": "Feature", "id": 2983, "geometry": {"type": "Point", "coordinates": [106.681, 9.915]}, "properties": {"name": "Thanh H\u1ea3i No. 5 Offshore wind farm", "fuel": "wind", "mw": 32.0, "country": "VNM", "status": "operating"}}, {"type": "Feature", "id": 2984, "geometry": {"type": "Point", "coordinates": [106.681, 9.915]}, "properties": {"name": "Thanh H\u1ea3i No. 5 Offshore wind farm", "fuel": "wind", "mw": 30.0, "country": "VNM", "status": "operating"}}, {"type": "Feature", "id": 2985, "geometry": {"type": "Point", "coordinates": [106.681, 9.915]}, "properties": {"name": "Thanh H\u1ea3i No. 5 Offshore wind farm", "fuel": "wind", "mw": 33.0, "country": "VNM", "status": "operating"}}, {"type": "Feature", "id": 2986, "geometry": {"type": "Point", "coordinates": [108.979, 11.61]}, "properties": {"name": "Thanh Phong wind farm", "fuel": "wind", "mw": 29.7, "country": "VNM", "status": "operating"}}, {"type": "Feature", "id": 2987, "geometry": {"type": "Point", "coordinates": [106.593, 9.939]}, "properties": {"name": "Th\u1ea1nh Ph\u00fa wind farm", "fuel": "wind", "mw": 120.0, "country": "VNM", "status": "planned"}}, {"type": "Feature", "id": 2988, "geometry": {"type": "Point", "coordinates": [106.623, 17.516]}, "properties": {"name": "Thanh Son wind farm", "fuel": "wind", "mw": 15.0, "country": "VNM", "status": "planned"}}, {"type": "Feature", "id": 2989, "geometry": {"type": "Point", "coordinates": [106.623, 17.516]}, "properties": {"name": "Thanh Son wind farm", "fuel": "wind", "mw": 15.0, "country": "VNM", "status": "planned"}}, {"type": "Feature", "id": 2990, "geometry": {"type": "Point", "coordinates": [104.931, 8.566]}, "properties": {"name": "Thi Tran Rach Goc - Vien An offshore wind farm", "fuel": "wind", "mw": 50.0, "country": "VNM", "status": "planned"}}, {"type": "Feature", "id": 2991, "geometry": {"type": "Point", "coordinates": [105.886, 22.103]}, "properties": {"name": "Thien Long Cho Moi wind farm", "fuel": "wind", "mw": 120.0, "country": "VNM", "status": "planned"}}, {"type": "Feature", "id": 2992, "geometry": {"type": "Point", "coordinates": [105.846, 22.129]}, "properties": {"name": "Thien Long Ngan Son wind farm", "fuel": "wind", "mw": 130.0, "country": "VNM", "status": "planned"}}, {"type": "Feature", "id": 2993, "geometry": {"type": "Point", "coordinates": [106.672, 9.906]}, "properties": {"name": "Thi\u00ean Ph\u00fa 1 Offshore wind farm", "fuel": "wind", "mw": 30.0, "country": "VNM", "status": "planned"}}, {"type": "Feature", "id": 2994, "geometry": {"type": "Point", "coordinates": [106.684, 9.85]}, "properties": {"name": "Thi\u00ean Ph\u00fa 2 Offshore wind farm", "fuel": "wind", "mw": 30.0, "country": "VNM", "status": "planned"}}, {"type": "Feature", "id": 2995, "geometry": {"type": "Point", "coordinates": [104.158, 21.228]}, "properties": {"name": "Thien Vu Bac Yen wind farm", "fuel": "wind", "mw": 70.0, "country": "VNM", "status": "planned"}}, {"type": "Feature", "id": 2996, "geometry": {"type": "Point", "coordinates": [109.06, 11.716]}, "properties": {"name": "Thu\u1eadn B\u1eafc Trungnam wind farm", "fuel": "wind", "mw": 40.0, "country": "VNM", "status": "operating"}}, {"type": "Feature", "id": 2997, "geometry": {"type": "Point", "coordinates": [109.06, 11.716]}, "properties": {"name": "Thu\u1eadn B\u1eafc Trungnam wind farm", "fuel": "wind", "mw": 64.0, "country": "VNM", "status": "operating"}}, {"type": "Feature", "id": 2998, "geometry": {"type": "Point", "coordinates": [109.06, 11.716]}, "properties": {"name": "Thu\u1eadn B\u1eafc Trungnam wind farm", "fuel": "wind", "mw": 48.0, "country": "VNM", "status": "operating"}}, {"type": "Feature", "id": 2999, "geometry": {"type": "Point", "coordinates": [108.402, 11.051]}, "properties": {"name": "Thu\u1eadn Nhi\u00ean Phong wind farm", "fuel": "wind", "mw": 11.0, "country": "VNM", "status": "operating"}}, {"type": "Feature", "id": 3000, "geometry": {"type": "Point", "coordinates": [107.856, 13.015]}, "properties": {"name": "Thuan Phong Dak Lak Wind Power Plant", "fuel": "wind", "mw": 100.0, "country": "VNM", "status": "planned"}}, {"type": "Feature", "id": 3001, "geometry": {"type": "Point", "coordinates": [106.594, 20.403]}, "properties": {"name": "Tien Hai - Thai Binh wind farm", "fuel": "wind", "mw": 70.0, "country": "VNM", "status": "planned"}}, {"type": "Feature", "id": 3002, "geometry": {"type": "Point", "coordinates": [106.498, 20.476]}, "properties": {"name": "Tien Hai - Thai Binh Wind Power Plant", "fuel": "wind", "mw": 70.0, "country": "VNM", "status": "planned"}}, {"type": "Feature", "id": 3003, "geometry": {"type": "Point", "coordinates": [106.955, 17.217]}, "properties": {"name": "TK Power wind farm", "fuel": "wind", "mw": 48.0, "country": "VNM", "status": "planned"}}, {"type": "Feature", "id": 3004, "geometry": {"type": "Point", "coordinates": [106.56, 9.607]}, "properties": {"name": "Tra Vinh nearshore wind farm", "fuel": "wind", "mw": 1500.0, "country": "VNM", "status": "planned"}}, {"type": "Feature", "id": 3005, "geometry": {"type": "Point", "coordinates": [106.56, 9.607]}, "properties": {"name": "Tra Vinh nearshore wind farm", "fuel": "wind", "mw": 1500.0, "country": "VNM", "status": "planned"}}, {"type": "Feature", "id": 3006, "geometry": {"type": "Point", "coordinates": [106.57, 9.6]}, "properties": {"name": "Tra Vinh Truong Long Hoa offshore wind farm", "fuel": "wind", "mw": 48.0, "country": "VNM", "status": "operating"}}, {"type": "Feature", "id": 3007, "geometry": {"type": "Point", "coordinates": [106.57, 9.6]}, "properties": {"name": "Tra Vinh Truong Long Hoa offshore wind farm", "fuel": "wind", "mw": 48.0, "country": "VNM", "status": "operating"}}, {"type": "Feature", "id": 3008, "geometry": {"type": "Point", "coordinates": [106.585, 9.679]}, "properties": {"name": "Tr\u00e0 Vinh V1-2 Offshore wind farm", "fuel": "wind", "mw": 48.0, "country": "VNM", "status": "operating"}}, {"type": "Feature", "id": 3009, "geometry": {"type": "Point", "coordinates": [106.106, 9.32]}, "properties": {"name": "Tran De wind farm", "fuel": "wind", "mw": 50.0, "country": "VNM", "status": "planned"}}, {"type": "Feature", "id": 3010, "geometry": {"type": "Point", "coordinates": [109.228, 11.724]}, "properties": {"name": "Tri Hai Wind Power Plant", "fuel": "wind", "mw": 39.5, "country": "VNM", "status": "planned"}}, {"type": "Feature", "id": 3011, "geometry": {"type": "Point", "coordinates": [109.228, 11.724]}, "properties": {"name": "Tri Hai Wind Power Plant", "fuel": "wind", "mw": 39.5, "country": "VNM", "status": "planned"}}, {"type": "Feature", "id": 3012, "geometry": {"type": "Point", "coordinates": [109.031, 11.684]}, "properties": {"name": "Trung Nam wind farm", "fuel": "wind", "mw": 40.0, "country": "VNM", "status": "operating"}}, {"type": "Feature", "id": 3013, "geometry": {"type": "Point", "coordinates": [109.031, 11.684]}, "properties": {"name": "Trung Nam wind farm", "fuel": "wind", "mw": 64.0, "country": "VNM", "status": "operating"}}, {"type": "Feature", "id": 3014, "geometry": {"type": "Point", "coordinates": [109.031, 11.684]}, "properties": {"name": "Trung Nam wind farm", "fuel": "wind", "mw": 48.0, "country": "VNM", "status": "operating"}}, {"type": "Feature", "id": 3015, "geometry": {"type": "Point", "coordinates": [106.564, 9.77]}, "properties": {"name": "Truong Long Hoa offshore wind farm", "fuel": "wind", "mw": 48.0, "country": "VNM", "status": "operating"}}, {"type": "Feature", "id": 3016, "geometry": {"type": "Point", "coordinates": [106.991, 10.055]}, "properties": {"name": "Truong Long Hoa V3-5 offshore wind farm", "fuel": "wind", "mw": 120.0, "country": "VNM", "status": "planned"}}, {"type": "Feature", "id": 3017, "geometry": {"type": "Point", "coordinates": [107.743, 12.281]}, "properties": {"name": "Tuy Duc 10 wind farm", "fuel": "wind", "mw": 60.0, "country": "VNM", "status": "planned"}}, {"type": "Feature", "id": 3018, "geometry": {"type": "Point", "coordinates": [107.743, 12.281]}, "properties": {"name": "Tuy Duc wind farm", "fuel": "wind", "mw": 50.0, "country": "VNM", "status": "planned"}}, {"type": "Feature", "id": 3019, "geometry": {"type": "Point", "coordinates": [106.531, 9.582]}, "properties": {"name": "V1-5 and V1-6 wind farm", "fuel": "wind", "mw": 80.0, "country": "VNM", "status": "planned"}}, {"type": "Feature", "id": 3020, "geometry": {"type": "Point", "coordinates": [109.132, 11.464]}, "properties": {"name": "V2 wind farm", "fuel": "wind", "mw": 40.0, "country": "VNM", "status": "planned"}}, {"type": "Feature", "id": 3021, "geometry": {"type": "Point", "coordinates": [108.847, 13.699]}, "properties": {"name": "Van Canh wind farm", "fuel": "wind", "mw": 143.0, "country": "VNM", "status": "planned"}}, {"type": "Feature", "id": 3022, "geometry": {"type": "Point", "coordinates": [106.87, 21.812]}, "properties": {"name": "Van Lang 1 Wind Power Plant", "fuel": "wind", "mw": 80.0, "country": "VNM", "status": "planned"}}, {"type": "Feature", "id": 3023, "geometry": {"type": "Point", "coordinates": [106.873, 21.821]}, "properties": {"name": "Van Quan 1 Wind Power Plant", "fuel": "wind", "mw": 50.0, "country": "VNM", "status": "planned"}}, {"type": "Feature", "id": 3024, "geometry": {"type": "Point", "coordinates": [106.892, 21.824]}, "properties": {"name": "Van Quan Wind Power Plant", "fuel": "wind", "mw": 30.0, "country": "VNM", "status": "planned"}}, {"type": "Feature", "id": 3025, "geometry": {"type": "Point", "coordinates": [109.23, 11.724]}, "properties": {"name": "Vietnam No. 1 Wind Power Plant", "fuel": "wind", "mw": 30.0, "country": "VNM", "status": "construction"}}, {"type": "Feature", "id": 3026, "geometry": {"type": "Point", "coordinates": [104.471, 7.468]}, "properties": {"name": "Vietnam-Malaysia-Singapore wind farm", "fuel": "wind", "mw": 2300.0, "country": "VNM", "status": "planned"}}, {"type": "Feature", "id": 3027, "geometry": {"type": "Point", "coordinates": [105.981, 9.324]}, "properties": {"name": "Vinh Ch\u00e2u wind farm", "fuel": "wind", "mw": 29.0, "country": "VNM", "status": "construction"}}, {"type": "Feature", "id": 3028, "geometry": {"type": "Point", "coordinates": [105.981, 9.324]}, "properties": {"name": "Vinh Ch\u00e2u wind farm", "fuel": "wind", "mw": 30.0, "country": "VNM", "status": "planned"}}, {"type": "Feature", "id": 3029, "geometry": {"type": "Point", "coordinates": [105.958, 9.353]}, "properties": {"name": "Vinh Ch\u00e2u wind farm", "fuel": "wind", "mw": 21.0, "country": "VNM", "status": "planned"}}, {"type": "Feature", "id": 3030, "geometry": {"type": "Point", "coordinates": [106.106, 9.32]}, "properties": {"name": "Vinh Hai - Vinh Chau wind farm", "fuel": "wind", "mw": 129.0, "country": "VNM", "status": "planned"}}, {"type": "Feature", "id": 3031, "geometry": {"type": "Point", "coordinates": [109.246, 11.679]}, "properties": {"name": "V\u0129nh H\u1ea3i 1 offshore wind farm", "fuel": "wind", "mw": 400.0, "country": "VNM", "status": "planned"}}, {"type": "Feature", "id": 3032, "geometry": {"type": "Point", "coordinates": [106.186, 9.338]}, "properties": {"name": "V\u0129nh H\u1ea3i 2 offshore wind farm", "fuel": "wind", "mw": 270.0, "country": "VNM", "status": "planned"}}, {"type": "Feature", "id": 3033, "geometry": {"type": "Point", "coordinates": [105.913, 9.256]}, "properties": {"name": "V\u0129nh T\u00e2n offshore wind farm", "fuel": "wind", "mw": 200.0, "country": "VNM", "status": "planned"}}, {"type": "Feature", "id": 3034, "geometry": {"type": "Point", "coordinates": [106.926, 10.142]}, "properties": {"name": "VPL 1 nearshore wind power plant", "fuel": "wind", "mw": 30.0, "country": "VNM", "status": "operating"}}, {"type": "Feature", "id": 3035, "geometry": {"type": "Point", "coordinates": [107.181, 10.095]}, "properties": {"name": "V\u0169ng T\u00e0u (FECON) offshore wind farm", "fuel": "wind", "mw": 500.0, "country": "VNM", "status": "planned"}}, {"type": "Feature", "id": 3036, "geometry": {"type": "Point", "coordinates": [108.635, 14.02]}, "properties": {"name": "Xa Trang wind farm", "fuel": "wind", "mw": 100.0, "country": "VNM", "status": "planned"}}, {"type": "Feature", "id": 3037, "geometry": {"type": "Point", "coordinates": [109.23, 13.318]}, "properties": {"name": "Xanh Nam Viet Wind Power Plant", "fuel": "wind", "mw": 48.0, "country": "VNM", "status": "planned"}}, {"type": "Feature", "id": 3038, "geometry": {"type": "Point", "coordinates": [109.551, 11.36]}, "properties": {"name": "Xinshun offshore wind farm", "fuel": "wind", "mw": 90.0, "country": "VNM", "status": "operating"}}, {"type": "Feature", "id": 3039, "geometry": {"type": "Point", "coordinates": [108.133, 11.662]}, "properties": {"name": "Xuan Truong wind farm", "fuel": "wind", "mw": 50.0, "country": "VNM", "status": "planned"}}, {"type": "Feature", "id": 3040, "geometry": {"type": "Point", "coordinates": [108.133, 11.662]}, "properties": {"name": "Xuan Truong wind farm", "fuel": "wind", "mw": 48.0, "country": "VNM", "status": "planned"}}, {"type": "Feature", "id": 3041, "geometry": {"type": "Point", "coordinates": [107.459, 10.479]}, "properties": {"name": "Xuyen Moc near-shore Wind Power Plant", "fuel": "wind", "mw": 47.0, "country": "VNM", "status": "planned"}}, {"type": "Feature", "id": 3042, "geometry": {"type": "Point", "coordinates": [108.591, 13.762]}, "properties": {"name": "Yang Trung wind farm", "fuel": "wind", "mw": 145.0, "country": "VNM", "status": "construction"}}, {"type": "Feature", "id": 3043, "geometry": {"type": "Point", "coordinates": [106.603, 21.499]}, "properties": {"name": "Yen Dung wind farm", "fuel": "wind", "mw": 150.0, "country": "VNM", "status": "planned"}}, {"type": "Feature", "id": 3044, "geometry": {"type": "Point", "coordinates": [109.046, 11.668]}, "properties": {"name": "\u0110\u1ea7m N\u1ea1i wind farm", "fuel": "wind", "mw": 7.9, "country": "VNM", "status": "operating"}}, {"type": "Feature", "id": 3045, "geometry": {"type": "Point", "coordinates": [109.011, 14.092]}, "properties": {"name": "Hoi Van geothermal power plant", "fuel": "geothermal", "mw": 15.0, "country": "VNM", "status": "planned"}}, {"type": "Feature", "id": 3046, "geometry": {"type": "Point", "coordinates": [109.011, 14.092]}, "properties": {"name": "Hoi Van geothermal power plant", "fuel": "geothermal", "mw": 30.0, "country": "VNM", "status": "planned"}}, {"type": "Feature", "id": 3047, "geometry": {"type": "Point", "coordinates": [104.119, 10.703]}, "properties": {"name": "Kamchay hydroelectric plant", "fuel": "hydro", "mw": 194.0, "country": "KHM", "status": "operating"}}, {"type": "Feature", "id": 3048, "geometry": {"type": "Point", "coordinates": [106.256, 13.553]}, "properties": {"name": "Lower Sesan 2 hydroelectric plant", "fuel": "hydro", "mw": 400.0, "country": "KHM", "status": "operating"}}, {"type": "Feature", "id": 3049, "geometry": {"type": "Point", "coordinates": [103.109, 11.824]}, "properties": {"name": "Russei Chrum Krom Lower hydroelectric plant", "fuel": "hydro", "mw": 132.0, "country": "KHM", "status": "operating"}}, {"type": "Feature", "id": 3050, "geometry": {"type": "Point", "coordinates": [103.103, 11.857]}, "properties": {"name": "Russei Chrum Krom Upper hydroelectric plant", "fuel": "hydro", "mw": 206.0, "country": "KHM", "status": "operating"}}, {"type": "Feature", "id": 3051, "geometry": {"type": "Point", "coordinates": [104.814, 12.543]}, "properties": {"name": "Sambor hydroelectric plant", "fuel": "hydro", "mw": 2600.0, "country": "KHM", "status": "planned"}}, {"type": "Feature", "id": 3052, "geometry": {"type": "Point", "coordinates": [103.145, 11.972]}, "properties": {"name": "Stung Atay hydroelectric plant", "fuel": "hydro", "mw": 120.0, "country": "KHM", "status": "operating"}}, {"type": "Feature", "id": 3053, "geometry": {"type": "Point", "coordinates": [103.92, 12.542]}, "properties": {"name": "Stung Pursat hydroelectric plant", "fuel": "hydro", "mw": 80.0, "country": "KHM", "status": "construction"}}, {"type": "Feature", "id": 3054, "geometry": {"type": "Point", "coordinates": [103.077, 11.735]}, "properties": {"name": "Stung Russey Chrum Kandal hydroelectric plant", "fuel": "hydro", "mw": 70.0, "country": "KHM", "status": "planned"}}, {"type": "Feature", "id": 3055, "geometry": {"type": "Point", "coordinates": [104.814, 12.543]}, "properties": {"name": "Stung Tatai Leu hydroelectric plant", "fuel": "hydro", "mw": 150.0, "country": "KHM", "status": "construction"}}, {"type": "Feature", "id": 3056, "geometry": {"type": "Point", "coordinates": [103.17, 11.59]}, "properties": {"name": "Stung Tatay hydroelectric plant", "fuel": "hydro", "mw": 246.0, "country": "KHM", "status": "operating"}}, {"type": "Feature", "id": 3057, "geometry": {"type": "Point", "coordinates": [104.814, 12.543]}, "properties": {"name": "Stung Treng hydroelectric plant", "fuel": "hydro", "mw": 1400.0, "country": "KHM", "status": "planned"}}, {"type": "Feature", "id": 3058, "geometry": {"type": "Point", "coordinates": [103.479, 11.77]}, "properties": {"name": "Stung Veay Thmar Kambot hydroelectric plant", "fuel": "hydro", "mw": 100.0, "country": "KHM", "status": "planned"}}, {"type": "Feature", "id": 3059, "geometry": {"type": "Point", "coordinates": [105.587, 15.418]}, "properties": {"name": "Ban Koum hydroelectric plant", "fuel": "hydro", "mw": 1872.0, "country": "LAO", "status": "planned"}}, {"type": "Feature", "id": 3060, "geometry": {"type": "Point", "coordinates": [105.956, 13.944]}, "properties": {"name": "Don Sahong hydroelectric plant", "fuel": "hydro", "mw": 260.0, "country": "LAO", "status": "operating"}}, {"type": "Feature", "id": 3061, "geometry": {"type": "Point", "coordinates": [106.829, 15.079]}, "properties": {"name": "Houay Ho hydroelectric plant", "fuel": "hydro", "mw": 152.0, "country": "LAO", "status": "operating"}}, {"type": "Feature", "id": 3062, "geometry": {"type": "Point", "coordinates": [107.137, 15.805]}, "properties": {"name": "Houay La Ngae hydroelectric plant", "fuel": "hydro", "mw": 60.0, "country": "LAO", "status": "operating"}}, {"type": "Feature", "id": 3063, "geometry": {"type": "Point", "coordinates": [106.587, 15.356]}, "properties": {"name": "Houay Lamphan Gnai hydroelectric plant", "fuel": "hydro", "mw": 88.0, "country": "LAO", "status": "operating"}}, {"type": "Feature", "id": 3064, "geometry": {"type": "Point", "coordinates": [102.188, 20.073]}, "properties": {"name": "Luang Prabang hydroelectric plant", "fuel": "hydro", "mw": 1460.0, "country": "LAO", "status": "construction"}}, {"type": "Feature", "id": 3065, "geometry": {"type": "Point", "coordinates": [101.241, 19.946]}, "properties": {"name": "Nam Beng hydroelectric plant", "fuel": "hydro", "mw": 36.0, "country": "LAO", "status": "operating"}}, {"type": "Feature", "id": 3066, "geometry": {"type": "Point", "coordinates": [107.503, 15.233]}, "properties": {"name": "Nam Bi 1 hydroelectric plant", "fuel": "hydro", "mw": 50.0, "country": "LAO", "status": "planned"}}, {"type": "Feature", "id": 3067, "geometry": {"type": "Point", "coordinates": [107.533, 15.206]}, "properties": {"name": "Nam Bi 2 hydroelectric plant", "fuel": "hydro", "mw": 68.0, "country": "LAO", "status": "planned"}}, {"type": "Feature", "id": 3068, "geometry": {"type": "Point", "coordinates": [103.521, 19.065]}, "properties": {"name": "Nam Chiane hydroelectric plant", "fuel": "hydro", "mw": 104.0, "country": "LAO", "status": "operating"}}, {"type": "Feature", "id": 3069, "geometry": {"type": "Point", "coordinates": [107.049, 15.934]}, "properties": {"name": "Nam Emeun hydroelectric plant", "fuel": "hydro", "mw": 75.0, "country": "LAO", "status": "planned"}}, {"type": "Feature", "id": 3070, "geometry": {"type": "Point", "coordinates": [107.049, 15.934]}, "properties": {"name": "Nam Emeun hydroelectric plant", "fuel": "hydro", "mw": 100.0, "country": "LAO", "status": "planned"}}, {"type": "Feature", "id": 3071, "geometry": {"type": "Point", "coordinates": [106.969, 15.574]}, "properties": {"name": "Nam Emoun hydroelectric plant", "fuel": "hydro", "mw": 129.0, "country": "LAO", "status": "operating"}}, {"type": "Feature", "id": 3072, "geometry": {"type": "Point", "coordinates": [104.636, 18.296]}, "properties": {"name": "Nam Gnouang hydroelectric plant", "fuel": "hydro", "mw": 60.0, "country": "LAO", "status": "operating"}}, {"type": "Feature", "id": 3073, "geometry": {"type": "Point", "coordinates": [104.425, 18.025]}, "properties": {"name": "Nam Hinboun 2 hydroelectric plant", "fuel": "hydro", "mw": 30.0, "country": "LAO", "status": "construction"}}, {"type": "Feature", "id": 3074, "geometry": {"type": "Point", "coordinates": [102.368, 19.684]}, "properties": {"name": "Nam Khan 2 hydroelectric plant", "fuel": "hydro", "mw": 130.0, "country": "LAO", "status": "operating"}}, {"type": "Feature", "id": 3075, "geometry": {"type": "Point", "coordinates": [102.223, 19.747]}, "properties": {"name": "Nam Khan 3 hydroelectric plant", "fuel": "hydro", "mw": 60.0, "country": "LAO", "status": "operating"}}, {"type": "Feature", "id": 3076, "geometry": {"type": "Point", "coordinates": [106.736, 14.575]}, "properties": {"name": "Nam Kong 1 hydroelectric plant", "fuel": "hydro", "mw": 160.0, "country": "LAO", "status": "operating"}}, {"type": "Feature", "id": 3077, "geometry": {"type": "Point", "coordinates": [106.857, 14.495]}, "properties": {"name": "Nam Kong 2 hydroelectric plant", "fuel": "hydro", "mw": 66.0, "country": "LAO", "status": "operating"}}, {"type": "Feature", "id": 3078, "geometry": {"type": "Point", "coordinates": [106.919, 14.572]}, "properties": {"name": "Nam Kong 3 hydroelectric plant", "fuel": "hydro", "mw": 53.0, "country": "LAO", "status": "operating"}}, {"type": "Feature", "id": 3079, "geometry": {"type": "Point", "coordinates": [102.325, 18.315]}, "properties": {"name": "Nam Leuk hydroelectric plant", "fuel": "hydro", "mw": 60.0, "country": "LAO", "status": "operating"}}, {"type": "Feature", "id": 3080, "geometry": {"type": "Point", "coordinates": [102.387, 18.619]}, "properties": {"name": "Nam Lik 1 hydroelectric plant", "fuel": "hydro", "mw": 65.0, "country": "LAO", "status": "operating"}}, {"type": "Feature", "id": 3081, "geometry": {"type": "Point", "coordinates": [102.123, 18.79]}, "properties": {"name": "Nam Lik 1-2 hydroelectric plant", "fuel": "hydro", "mw": 100.0, "country": "LAO", "status": "operating"}}, {"type": "Feature", "id": 3082, "geometry": {"type": "Point", "coordinates": [103.183, 18.472]}, "properties": {"name": "Nam Mang 1 hydroelectric plant", "fuel": "hydro", "mw": 64.0, "country": "LAO", "status": "operating"}}, {"type": "Feature", "id": 3083, "geometry": {"type": "Point", "coordinates": [103.851, 19.214]}, "properties": {"name": "Nam Mo 1 hydroelectric plant", "fuel": "hydro", "mw": 60.0, "country": "LAO", "status": "construction"}}, {"type": "Feature", "id": 3084, "geometry": {"type": "Point", "coordinates": [104.0, 19.041]}, "properties": {"name": "Nam Mo 2 hydroelectric plant", "fuel": "hydro", "mw": 120.0, "country": "LAO", "status": "construction"}}, {"type": "Feature", "id": 3085, "geometry": {"type": "Point", "coordinates": [104.024, 19.708]}, "properties": {"name": "Nam Neun 1 hydroelectric plant", "fuel": "hydro", "mw": 124.0, "country": "LAO", "status": "construction"}}, {"type": "Feature", "id": 3086, "geometry": {"type": "Point", "coordinates": [103.542, 18.647]}, "properties": {"name": "Nam Ngiep 1 hydroelectric plant", "fuel": "hydro", "mw": 290.0, "country": "LAO", "status": "operating"}}, {"type": "Feature", "id": 3087, "geometry": {"type": "Point", "coordinates": [103.319, 19.126]}, "properties": {"name": "Nam Ngiep 2 hydroelectric plant", "fuel": "hydro", "mw": 180.0, "country": "LAO", "status": "operating"}}, {"type": "Feature", "id": 3088, "geometry": {"type": "Point", "coordinates": [103.342, 19.288]}, "properties": {"name": "Nam Ngiep 3A hydroelectric plant", "fuel": "hydro", "mw": 44.0, "country": "LAO", "status": "operating"}}, {"type": "Feature", "id": 3089, "geometry": {"type": "Point", "coordinates": [102.547, 18.531]}, "properties": {"name": "Nam Ngum 1 hydroelectric plant", "fuel": "hydro", "mw": 275.0, "country": "LAO", "status": "operating"}}, {"type": "Feature", "id": 3090, "geometry": {"type": "Point", "coordinates": [102.777, 18.753]}, "properties": {"name": "Nam Ngum 2 hydroelectric plant", "fuel": "hydro", "mw": 615.0, "country": "LAO", "status": "operating"}}, {"type": "Feature", "id": 3091, "geometry": {"type": "Point", "coordinates": [102.878, 19.083]}, "properties": {"name": "Nam Ngum 3 hydroelectric plant", "fuel": "hydro", "mw": 480.0, "country": "LAO", "status": "construction"}}, {"type": "Feature", "id": 3092, "geometry": {"type": "Point", "coordinates": [102.606, 19.353]}, "properties": {"name": "Nam Ngum 4 hydroelectric plant", "fuel": "hydro", "mw": 240.0, "country": "LAO", "status": "operating"}}, {"type": "Feature", "id": 3093, "geometry": {"type": "Point", "coordinates": [102.712, 19.36]}, "properties": {"name": "Nam Ngum 5 hydroelectric plant", "fuel": "hydro", "mw": 120.0, "country": "LAO", "status": "operating"}}, {"type": "Feature", "id": 3094, "geometry": {"type": "Point", "coordinates": [102.317, 20.149]}, "properties": {"name": "Nam Ou 1 hydroelectric plant", "fuel": "hydro", "mw": 180.0, "country": "LAO", "status": "operating"}}, {"type": "Feature", "id": 3095, "geometry": {"type": "Point", "coordinates": [102.451, 20.387]}, "properties": {"name": "Nam Ou 2 hydroelectric plant", "fuel": "hydro", "mw": 120.0, "country": "LAO", "status": "operating"}}, {"type": "Feature", "id": 3096, "geometry": {"type": "Point", "coordinates": [102.668, 20.724]}, "properties": {"name": "Nam Ou 3 hydroelectric plant", "fuel": "hydro", "mw": 210.0, "country": "LAO", "status": "operating"}}, {"type": "Feature", "id": 3097, "geometry": {"type": "Point", "coordinates": [102.498, 21.104]}, "properties": {"name": "Nam Ou 4 hydroelectric plant", "fuel": "hydro", "mw": 132.0, "country": "LAO", "status": "operating"}}, {"type": "Feature", "id": 3098, "geometry": {"type": "Point", "coordinates": [102.344, 21.411]}, "properties": {"name": "Nam Ou 5 hydroelectric plant", "fuel": "hydro", "mw": 240.0, "country": "LAO", "status": "operating"}}, {"type": "Feature", "id": 3099, "geometry": {"type": "Point", "coordinates": [102.195, 21.769]}, "properties": {"name": "Nam Ou 6 hydroelectric plant", "fuel": "hydro", "mw": 180.0, "country": "LAO", "status": "operating"}}, {"type": "Feature", "id": 3100, "geometry": {"type": "Point", "coordinates": [102.258, 22.088]}, "properties": {"name": "Nam Ou 7 hydroelectric plant", "fuel": "hydro", "mw": 210.0, "country": "LAO", "status": "operating"}}, {"type": "Feature", "id": 3101, "geometry": {"type": "Point", "coordinates": [100.629, 20.83]}, "properties": {"name": "Nam Pha hydroelectric plant", "fuel": "hydro", "mw": 180.0, "country": "LAO", "status": "planned"}}, {"type": "Feature", "id": 3102, "geometry": {"type": "Point", "coordinates": [106.233, 15.177]}, "properties": {"name": "Nam Phak hydroelectric plant", "fuel": "hydro", "mw": 128.0, "country": "LAO", "status": "construction"}}, {"type": "Feature", "id": 3103, "geometry": {"type": "Point", "coordinates": [102.715, 19.098]}, "properties": {"name": "Nam Phay hydroelectric plant", "fuel": "hydro", "mw": 86.0, "country": "LAO", "status": "operating"}}, {"type": "Feature", "id": 3104, "geometry": {"type": "Point", "coordinates": [103.662, 19.13]}, "properties": {"name": "Nam San 3A hydroelectric plant", "fuel": "hydro", "mw": 69.0, "country": "LAO", "status": "operating"}}, {"type": "Feature", "id": 3105, "geometry": {"type": "Point", "coordinates": [103.62, 19.085]}, "properties": {"name": "Nam San 3B hydroelectric plant", "fuel": "hydro", "mw": 45.0, "country": "LAO", "status": "operating"}}, {"type": "Feature", "id": 3106, "geometry": {"type": "Point", "coordinates": [104.838, 19.916]}, "properties": {"name": "Nam Sum 1A hydroelectric plant", "fuel": "hydro", "mw": 50.0, "country": "LAO", "status": "construction"}}, {"type": "Feature", "id": 3107, "geometry": {"type": "Point", "coordinates": [104.509, 20.15]}, "properties": {"name": "Nam Sum 3 hydroelectric plant", "fuel": "hydro", "mw": 156.0, "country": "LAO", "status": "operating"}}, {"type": "Feature", "id": 3108, "geometry": {"type": "Point", "coordinates": [104.41, 20.114]}, "properties": {"name": "Nam Sum 3A hydroelectric plant", "fuel": "hydro", "mw": 45.0, "country": "LAO", "status": "construction"}}, {"type": "Feature", "id": 3109, "geometry": {"type": "Point", "coordinates": [100.869, 20.267]}, "properties": {"name": "Nam Tha hydroelectric plant", "fuel": "hydro", "mw": 168.0, "country": "LAO", "status": "operating"}}, {"type": "Feature", "id": 3110, "geometry": {"type": "Point", "coordinates": [104.148, 18.357]}, "properties": {"name": "Nam Theun 1 hydroelectric plant", "fuel": "hydro", "mw": 650.0, "country": "LAO", "status": "operating"}}, {"type": "Feature", "id": 3111, "geometry": {"type": "Point", "coordinates": [104.954, 17.997]}, "properties": {"name": "Nam Theun 2 hydroelectric plant", "fuel": "hydro", "mw": 1070.0, "country": "LAO", "status": "operating"}}, {"type": "Feature", "id": 3112, "geometry": {"type": "Point", "coordinates": [102.403, 18.3]}, "properties": {"name": "Nan Mang 3 hydroelectric plant", "fuel": "hydro", "mw": 40.0, "country": "LAO", "status": "operating"}}, {"type": "Feature", "id": 3113, "geometry": {"type": "Point", "coordinates": [100.827, 19.896]}, "properties": {"name": "Pak Beng hydroelectric plant", "fuel": "hydro", "mw": 912.0, "country": "LAO", "status": "construction"}}, {"type": "Feature", "id": 3114, "geometry": {"type": "Point", "coordinates": [102.046, 18.199]}, "properties": {"name": "Pak Chom hydroelectric plant", "fuel": "hydro", "mw": 1079.0, "country": "LAO", "status": "planned"}}, {"type": "Feature", "id": 3115, "geometry": {"type": "Point", "coordinates": [101.584, 18.401]}, "properties": {"name": "Pak Lay hydroelectric plant", "fuel": "hydro", "mw": 770.0, "country": "LAO", "status": "construction"}}, {"type": "Feature", "id": 3116, "geometry": {"type": "Point", "coordinates": [105.882, 14.994]}, "properties": {"name": "Phou Ngoy hydroelectric plant", "fuel": "hydro", "mw": 728.0, "country": "LAO", "status": "planned"}}, {"type": "Feature", "id": 3117, "geometry": {"type": "Point", "coordinates": [101.536, 17.816]}, "properties": {"name": "Sanakham hydroelectric plant", "fuel": "hydro", "mw": 684.0, "country": "LAO", "status": "planned"}}, {"type": "Feature", "id": 3118, "geometry": {"type": "Point", "coordinates": [104.562, 18.261]}, "properties": {"name": "Theun Hinboun hydroelectric plant", "fuel": "hydro", "mw": 440.0, "country": "LAO", "status": "operating"}}, {"type": "Feature", "id": 3119, "geometry": {"type": "Point", "coordinates": [101.818, 19.244]}, "properties": {"name": "Xayaburi hydroelectric plant", "fuel": "hydro", "mw": 1285.0, "country": "LAO", "status": "operating"}}, {"type": "Feature", "id": 3120, "geometry": {"type": "Point", "coordinates": [106.239, 16.356]}, "properties": {"name": "Xe LaNong 1 hydroelectric plant", "fuel": "hydro", "mw": 70.0, "country": "LAO", "status": "operating"}}, {"type": "Feature", "id": 3121, "geometry": {"type": "Point", "coordinates": [106.606, 15.026]}, "properties": {"name": "Xe Pian Xe Namnoy hydroelectric plant", "fuel": "hydro", "mw": 410.0, "country": "LAO", "status": "operating"}}, {"type": "Feature", "id": 3122, "geometry": {"type": "Point", "coordinates": [107.156, 14.96]}, "properties": {"name": "Xekaman 1 hydroelectric plant", "fuel": "hydro", "mw": 322.0, "country": "LAO", "status": "operating"}}, {"type": "Feature", "id": 3123, "geometry": {"type": "Point", "coordinates": [106.828, 14.812]}, "properties": {"name": "Xekaman 2B hydroelectric plant", "fuel": "hydro", "mw": 100.0, "country": "LAO", "status": "planned"}}, {"type": "Feature", "id": 3124, "geometry": {"type": "Point", "coordinates": [107.268, 15.461]}, "properties": {"name": "Xekaman 3 hydroelectric plant", "fuel": "hydro", "mw": 250.0, "country": "LAO", "status": "operating"}}, {"type": "Feature", "id": 3125, "geometry": {"type": "Point", "coordinates": [106.554, 14.599]}, "properties": {"name": "Xekong 1A Downstream hydroelectric plant", "fuel": "hydro", "mw": 86.0, "country": "LAO", "status": "construction"}}, {"type": "Feature", "id": 3126, "geometry": {"type": "Point", "coordinates": [106.779, 15.384]}, "properties": {"name": "Xekong 3A hydroelectric plant", "fuel": "hydro", "mw": 140.0, "country": "LAO", "status": "construction"}}, {"type": "Feature", "id": 3127, "geometry": {"type": "Point", "coordinates": [106.823, 15.12]}, "properties": {"name": "Xekong 3B hydroelectric plant", "fuel": "hydro", "mw": 147.0, "country": "LAO", "status": "construction"}}, {"type": "Feature", "id": 3128, "geometry": {"type": "Point", "coordinates": [106.788, 15.514]}, "properties": {"name": "Xekong 4A hydroelectric plant", "fuel": "hydro", "mw": 165.0, "country": "LAO", "status": "planned"}}, {"type": "Feature", "id": 3129, "geometry": {"type": "Point", "coordinates": [106.757, 15.796]}, "properties": {"name": "Xekong 4B hydroelectric plant", "fuel": "hydro", "mw": 175.0, "country": "LAO", "status": "planned"}}, {"type": "Feature", "id": 3130, "geometry": {"type": "Point", "coordinates": [106.931, 15.975]}, "properties": {"name": "Xekong 5 hydroelectric plant", "fuel": "hydro", "mw": 330.0, "country": "LAO", "status": "planned"}}, {"type": "Feature", "id": 3131, "geometry": {"type": "Point", "coordinates": [106.276, 15.503]}, "properties": {"name": "Xeset 1 hydroelectric plant", "fuel": "hydro", "mw": 45.0, "country": "LAO", "status": "operating"}}, {"type": "Feature", "id": 3132, "geometry": {"type": "Point", "coordinates": [106.28, 15.491]}, "properties": {"name": "Xeset 2 hydroelectric plant", "fuel": "hydro", "mw": 76.0, "country": "LAO", "status": "operating"}}, {"type": "Feature", "id": 3133, "geometry": {"type": "Point", "coordinates": [97.397, 19.544]}, "properties": {"name": "Baluchaung 3 hydroelectric plant", "fuel": "hydro", "mw": 52.0, "country": "MMR", "status": "operating"}}, {"type": "Feature", "id": 3134, "geometry": {"type": "Point", "coordinates": [97.359, 19.556]}, "properties": {"name": "Baluchung 2 hydroelectric plant", "fuel": "hydro", "mw": 168.0, "country": "MMR", "status": "operating"}}, {"type": "Feature", "id": 3135, "geometry": {"type": "Point", "coordinates": [94.247, 20.448]}, "properties": {"name": "Buywa Upper hydroelectric plant", "fuel": "hydro", "mw": 150.0, "country": "MMR", "status": "construction"}}, {"type": "Feature", "id": 3136, "geometry": {"type": "Point", "coordinates": [98.08, 25.832]}, "properties": {"name": "Chipwi Nge hydroelectric plant", "fuel": "hydro", "mw": 99.0, "country": "MMR", "status": "operating"}}, {"type": "Feature", "id": 3137, "geometry": {"type": "Point", "coordinates": [97.501, 24.404]}, "properties": {"name": "Dapein 1 hydroelectric plant", "fuel": "hydro", "mw": 240.0, "country": "MMR", "status": "operating"}}, {"type": "Feature", "id": 3138, "geometry": {"type": "Point", "coordinates": [97.907, 25.512]}, "properties": {"name": "Dum Ban hydroelectric plant", "fuel": "hydro", "mw": 130.0, "country": "MMR", "status": "planned"}}, {"type": "Feature", "id": 3139, "geometry": {"type": "Point", "coordinates": [98.581, 26.052]}, "properties": {"name": "Gaw Lan hydroelectric plant", "fuel": "hydro", "mw": 120.0, "country": "MMR", "status": "planned"}}, {"type": "Feature", "id": 3140, "geometry": {"type": "Point", "coordinates": [97.749, 17.529]}, "properties": {"name": "Hatgyi hydroelectric plant", "fuel": "hydro", "mw": 1360.0, "country": "MMR", "status": "planned"}}, {"type": "Feature", "id": 3141, "geometry": {"type": "Point", "coordinates": [100.721, 21.341]}, "properties": {"name": "He Kou hydroelectric plant", "fuel": "hydro", "mw": 138.0, "country": "MMR", "status": "planned"}}, {"type": "Feature", "id": 3142, "geometry": {"type": "Point", "coordinates": [98.43, 26.024]}, "properties": {"name": "Hkankawn hydroelectric plant", "fuel": "hydro", "mw": 140.0, "country": "MMR", "status": "planned"}}, {"type": "Feature", "id": 3143, "geometry": {"type": "Point", "coordinates": [99.501, 21.618]}, "properties": {"name": "Keng Tong hydroelectric plant", "fuel": "hydro", "mw": 170.0, "country": "MMR", "status": "planned"}}, {"type": "Feature", "id": 3144, "geometry": {"type": "Point", "coordinates": [98.293, 20.586]}, "properties": {"name": "Kengtawn hydroelectric plant", "fuel": "hydro", "mw": 54.0, "country": "MMR", "status": "operating"}}, {"type": "Feature", "id": 3145, "geometry": {"type": "Point", "coordinates": [96.717, 19.16]}, "properties": {"name": "Khabaung hydroelectric plant", "fuel": "hydro", "mw": 30.0, "country": "MMR", "status": "operating"}}, {"type": "Feature", "id": 3146, "geometry": {"type": "Point", "coordinates": [95.589, 21.81]}, "properties": {"name": "Kinda hydroelectric plant", "fuel": "hydro", "mw": 56.0, "country": "MMR", "status": "operating"}}, {"type": "Feature", "id": 3147, "geometry": {"type": "Point", "coordinates": [96.364, 18.42]}, "properties": {"name": "Kun hydroelectric plant", "fuel": "hydro", "mw": 60.0, "country": "MMR", "status": "operating"}}, {"type": "Feature", "id": 3148, "geometry": {"type": "Point", "coordinates": [98.611, 23.532]}, "properties": {"name": "Kunlong hydroelectric plant", "fuel": "hydro", "mw": 1400.0, "country": "MMR", "status": "planned"}}, {"type": "Feature", "id": 3149, "geometry": {"type": "Point", "coordinates": [96.221, 18.9]}, "properties": {"name": "Kyee On Kyee Wa hydroelectric plant", "fuel": "hydro", "mw": 74.0, "country": "MMR", "status": "operating"}}, {"type": "Feature", "id": 3150, "geometry": {"type": "Point", "coordinates": [98.278, 26.043]}, "properties": {"name": "Lawngdin hydroelectric plant", "fuel": "hydro", "mw": 600.0, "country": "MMR", "status": "planned"}}, {"type": "Feature", "id": 3151, "geometry": {"type": "Point", "coordinates": [97.777, 26.492]}, "properties": {"name": "Laza hydroelectric plant", "fuel": "hydro", "mw": 1900.0, "country": "MMR", "status": "planned"}}, {"type": "Feature", "id": 3152, "geometry": {"type": "Point", "coordinates": [97.211, 19.676]}, "properties": {"name": "Lower Nam Pawn hydroelectric plant", "fuel": "hydro", "mw": 105.0, "country": "MMR", "status": "planned"}}, {"type": "Feature", "id": 3153, "geometry": {"type": "Point", "coordinates": [98.557, 22.975]}, "properties": {"name": "Mantong hydroelectric plant", "fuel": "hydro", "mw": 225.0, "country": "MMR", "status": "planned"}}, {"type": "Feature", "id": 3154, "geometry": {"type": "Point", "coordinates": [96.508, 19.86]}, "properties": {"name": "Middle Paunglaung hydroelectric plant", "fuel": "hydro", "mw": 152.0, "country": "MMR", "status": "construction"}}, {"type": "Feature", "id": 3155, "geometry": {"type": "Point", "coordinates": [96.873, 21.96]}, "properties": {"name": "Middle Yeywa hydroelectric plant", "fuel": "hydro", "mw": 700.0, "country": "MMR", "status": "planned"}}, {"type": "Feature", "id": 3156, "geometry": {"type": "Point", "coordinates": [94.254, 20.479]}, "properties": {"name": "Mone Chaung hydroelectric plant", "fuel": "hydro", "mw": 75.0, "country": "MMR", "status": "operating"}}, {"type": "Feature", "id": 3157, "geometry": {"type": "Point", "coordinates": [99.979, 21.653]}, "properties": {"name": "Mongwa hydroelectric plant", "fuel": "hydro", "mw": 66.0, "country": "MMR", "status": "operating"}}, {"type": "Feature", "id": 3158, "geometry": {"type": "Point", "coordinates": [96.382, 21.463]}, "properties": {"name": "Myogyi hydroelectric plant", "fuel": "hydro", "mw": 30.0, "country": "MMR", "status": "operating"}}, {"type": "Feature", "id": 3159, "geometry": {"type": "Point", "coordinates": [98.95, 21.734]}, "properties": {"name": "Nam Hka hydroelectric plant", "fuel": "hydro", "mw": 210.0, "country": "MMR", "status": "planned"}}, {"type": "Feature", "id": 3160, "geometry": {"type": "Point", "coordinates": [97.249, 22.156]}, "properties": {"name": "Nam Lang hydroelectric plant", "fuel": "hydro", "mw": 210.0, "country": "MMR", "status": "planned"}}, {"type": "Feature", "id": 3161, "geometry": {"type": "Point", "coordinates": [97.409, 19.555]}, "properties": {"name": "Nam Pawn Lower hydroelectric plant", "fuel": "hydro", "mw": 150.0, "country": "MMR", "status": "planned"}}, {"type": "Feature", "id": 3162, "geometry": {"type": "Point", "coordinates": [97.714, 25.091]}, "properties": {"name": "Nam Tabak 1 hydroelectric plant", "fuel": "hydro", "mw": 141.0, "country": "MMR", "status": "planned"}}, {"type": "Feature", "id": 3163, "geometry": {"type": "Point", "coordinates": [97.651, 25.12]}, "properties": {"name": "Nam Tabak 2 hydroelectric plant", "fuel": "hydro", "mw": 144.0, "country": "MMR", "status": "planned"}}, {"type": "Feature", "id": 3164, "geometry": {"type": "Point", "coordinates": [97.319, 22.721]}, "properties": {"name": "Nam Tu hydroelectric plant", "fuel": "hydro", "mw": 100.0, "country": "MMR", "status": "construction"}}, {"type": "Feature", "id": 3165, "geometry": {"type": "Point", "coordinates": [96.432, 19.752]}, "properties": {"name": "Nancho hydroelectric plant", "fuel": "hydro", "mw": 40.0, "country": "MMR", "status": "operating"}}, {"type": "Feature", "id": 3166, "geometry": {"type": "Point", "coordinates": [96.333, 19.785]}, "properties": {"name": "Paung Laung hydroelectric plant", "fuel": "hydro", "mw": 280.0, "country": "MMR", "status": "operating"}}, {"type": "Feature", "id": 3167, "geometry": {"type": "Point", "coordinates": [96.352, 18.507]}, "properties": {"name": "Phyu Chaung hydroelectric plant", "fuel": "hydro", "mw": 40.0, "country": "MMR", "status": "operating"}}, {"type": "Feature", "id": 3168, "geometry": {"type": "Point", "coordinates": [96.354, 18.51]}, "properties": {"name": "Phyu Creek hydroelectric plant", "fuel": "hydro", "mw": 65.0, "country": "MMR", "status": "operating"}}, {"type": "Feature", "id": 3169, "geometry": {"type": "Point", "coordinates": [98.343, 26.598]}, "properties": {"name": "Pisa hydroelectric plant", "fuel": "hydro", "mw": 1200.0, "country": "MMR", "status": "planned"}}, {"type": "Feature", "id": 3170, "geometry": {"type": "Point", "coordinates": [96.933, 17.968]}, "properties": {"name": "Shwegyin hydroelectric plant", "fuel": "hydro", "mw": 75.0, "country": "MMR", "status": "operating"}}, {"type": "Feature", "id": 3171, "geometry": {"type": "Point", "coordinates": [97.456, 23.668]}, "properties": {"name": "Shweli 1 hydroelectric plant", "fuel": "hydro", "mw": 600.0, "country": "MMR", "status": "operating"}}, {"type": "Feature", "id": 3172, "geometry": {"type": "Point", "coordinates": [97.312, 23.653]}, "properties": {"name": "Shweli 2 hydroelectric plant", "fuel": "hydro", "mw": 520.0, "country": "MMR", "status": "planned"}}, {"type": "Feature", "id": 3173, "geometry": {"type": "Point", "coordinates": [96.468, 26.718]}, "properties": {"name": "Ta Rung Hka hydroelectric plant", "fuel": "hydro", "mw": 150.0, "country": "MMR", "status": "planned"}}, {"type": "Feature", "id": 3174, "geometry": {"type": "Point", "coordinates": [94.007, 19.521]}, "properties": {"name": "Tha Htay hydroelectric plant", "fuel": "hydro", "mw": 111.0, "country": "MMR", "status": "construction"}}, {"type": "Feature", "id": 3175, "geometry": {"type": "Point", "coordinates": [95.358, 23.31]}, "properties": {"name": "Thaphanseik hydroelectric plant", "fuel": "hydro", "mw": 30.0, "country": "MMR", "status": "operating"}}, {"type": "Feature", "id": 3176, "geometry": {"type": "Point", "coordinates": [96.72, 18.939]}, "properties": {"name": "Thauk Ye Khat 1 hydroelectric plant", "fuel": "hydro", "mw": 150.0, "country": "MMR", "status": "planned"}}, {"type": "Feature", "id": 3177, "geometry": {"type": "Point", "coordinates": [96.617, 18.911]}, "properties": {"name": "Thaukyegat 2 hydroelectric plant", "fuel": "hydro", "mw": 120.0, "country": "MMR", "status": "operating"}}, {"type": "Feature", "id": 3178, "geometry": {"type": "Point", "coordinates": [98.36, 25.964]}, "properties": {"name": "Tongxinqiao hydroelectric plant", "fuel": "hydro", "mw": 340.0, "country": "MMR", "status": "planned"}}, {"type": "Feature", "id": 3179, "geometry": {"type": "Point", "coordinates": [96.932, 20.069]}, "properties": {"name": "Upper Baluchaung hydroelectric plant", "fuel": "hydro", "mw": 30.0, "country": "MMR", "status": "operating"}}, {"type": "Feature", "id": 3180, "geometry": {"type": "Point", "coordinates": [97.4, 19.212]}, "properties": {"name": "Upper Haw Kham hydroelectric plant", "fuel": "hydro", "mw": 180.0, "country": "MMR", "status": "planned"}}, {"type": "Feature", "id": 3181, "geometry": {"type": "Point", "coordinates": [98.184, 20.746]}, "properties": {"name": "Upper Kengtawng hydroelectric plant", "fuel": "hydro", "mw": 51.0, "country": "MMR", "status": "construction"}}, {"type": "Feature", "id": 3182, "geometry": {"type": "Point", "coordinates": [96.593, 19.756]}, "properties": {"name": "Upper Paung Laung hydroelectric plant", "fuel": "hydro", "mw": 140.0, "country": "MMR", "status": "operating"}}, {"type": "Feature", "id": 3183, "geometry": {"type": "Point", "coordinates": [97.301, 22.624]}, "properties": {"name": "Upper Yeywa hydroelectric plant", "fuel": "hydro", "mw": 280.0, "country": "MMR", "status": "construction"}}, {"type": "Feature", "id": 3184, "geometry": {"type": "Point", "coordinates": [96.474, 21.674]}, "properties": {"name": "Yeywa hydroelectric plant", "fuel": "hydro", "mw": 790.0, "country": "MMR", "status": "operating"}}, {"type": "Feature", "id": 3185, "geometry": {"type": "Point", "coordinates": [101.316, 6.171]}, "properties": {"name": "Bang Lang hydroelectric plant", "fuel": "hydro", "mw": 84.0, "country": "THA", "status": "operating"}}, {"type": "Feature", "id": 3186, "geometry": {"type": "Point", "coordinates": [98.973, 17.241]}, "properties": {"name": "Bhumibol hydroelectric plant", "fuel": "hydro", "mw": 171.0, "country": "THA", "status": "operating"}}, {"type": "Feature", "id": 3187, "geometry": {"type": "Point", "coordinates": [98.973, 17.241]}, "properties": {"name": "Bhumibol hydroelectric plant", "fuel": "hydro", "mw": 779.0, "country": "THA", "status": "operating"}}, {"type": "Feature", "id": 3188, "geometry": {"type": "Point", "coordinates": [101.65, 16.536]}, "properties": {"name": "Chulabhorn hydroelectric plant", "fuel": "hydro", "mw": 40.0, "country": "THA", "status": "operating"}}, {"type": "Feature", "id": 3189, "geometry": {"type": "Point", "coordinates": [100.207, 8.355]}, "properties": {"name": "Chulabhorn Pumped Storage hydroelectric plant", "fuel": "hydro", "mw": 800.0, "country": "THA", "status": "planned"}}, {"type": "Feature", "id": 3190, "geometry": {"type": "Point", "coordinates": [99.812, 8.442]}, "properties": {"name": "Kathoon Pumped Storage hydroelectric plant", "fuel": "hydro", "mw": 780.0, "country": "THA", "status": "planned"}}, {"type": "Feature", "id": 3191, "geometry": {"type": "Point", "coordinates": [100.419, 17.189]}, "properties": {"name": "Kwai Noi Bumrung Dan hydroelectric plant", "fuel": "hydro", "mw": 30.0, "country": "THA", "status": "operating"}}, {"type": "Feature", "id": 3192, "geometry": {"type": "Point", "coordinates": [101.56, 14.865]}, "properties": {"name": "Lam Ta Khong hydroelectric plant", "fuel": "hydro", "mw": 1000.0, "country": "THA", "status": "operating"}}, {"type": "Feature", "id": 3193, "geometry": {"type": "Point", "coordinates": [105.468, 15.283]}, "properties": {"name": "Pak Mun hydroelectric plant", "fuel": "hydro", "mw": 136.0, "country": "THA", "status": "operating"}}, {"type": "Feature", "id": 3194, "geometry": {"type": "Point", "coordinates": [98.807, 8.973]}, "properties": {"name": "Rajjaprabha hydroelectric plant", "fuel": "hydro", "mw": 240.0, "country": "THA", "status": "operating"}}, {"type": "Feature", "id": 3195, "geometry": {"type": "Point", "coordinates": [100.563, 17.765]}, "properties": {"name": "Sirikit hydroelectric plant", "fuel": "hydro", "mw": 500.0, "country": "THA", "status": "operating"}}, {"type": "Feature", "id": 3196, "geometry": {"type": "Point", "coordinates": [105.428, 15.206]}, "properties": {"name": "Sirindhorn hydroelectric plant", "fuel": "hydro", "mw": 36.0, "country": "THA", "status": "operating"}}, {"type": "Feature", "id": 3197, "geometry": {"type": "Point", "coordinates": [99.126, 14.408]}, "properties": {"name": "Srinagarind hydroelectric plant", "fuel": "hydro", "mw": 360.0, "country": "THA", "status": "operating"}}, {"type": "Feature", "id": 3198, "geometry": {"type": "Point", "coordinates": [99.126, 14.408]}, "properties": {"name": "Srinagarind hydroelectric plant", "fuel": "hydro", "mw": 360.0, "country": "THA", "status": "operating"}}, {"type": "Feature", "id": 3199, "geometry": {"type": "Point", "coordinates": [105.429, 15.206]}, "properties": {"name": "Tha Thung hydroelectric plant", "fuel": "hydro", "mw": 36.0, "country": "THA", "status": "operating"}}, {"type": "Feature", "id": 3200, "geometry": {"type": "Point", "coordinates": [98.597, 14.8]}, "properties": {"name": "Vajiralongkorn hydroelectric plant", "fuel": "hydro", "mw": 300.0, "country": "THA", "status": "operating"}}, {"type": "Feature", "id": 3201, "geometry": {"type": "Point", "coordinates": [98.597, 14.799]}, "properties": {"name": "Vajiralongkorn Pumped Storage hydroelectric plant", "fuel": "hydro", "mw": 900.0, "country": "THA", "status": "planned"}}, {"type": "Feature", "id": 3202, "geometry": {"type": "Point", "coordinates": [107.2, 16.402]}, "properties": {"name": "A Lin B1 hydroelectric plant", "fuel": "hydro", "mw": 42.0, "country": "VNM", "status": "operating"}}, {"type": "Feature", "id": 3203, "geometry": {"type": "Point", "coordinates": [107.273, 16.227]}, "properties": {"name": "A Luoi hydroelectric plant", "fuel": "hydro", "mw": 170.0, "country": "VNM", "status": "operating"}}, {"type": "Feature", "id": 3204, "geometry": {"type": "Point", "coordinates": [107.617, 15.8]}, "properties": {"name": "A Vuong hydroelectric plant", "fuel": "hydro", "mw": 210.0, "country": "VNM", "status": "operating"}}, {"type": "Feature", "id": 3205, "geometry": {"type": "Point", "coordinates": [108.68, 14.015]}, "properties": {"name": "An Khe hydroelectric plant", "fuel": "hydro", "mw": 160.0, "country": "VNM", "status": "operating"}}, {"type": "Feature", "id": 3206, "geometry": {"type": "Point", "coordinates": [105.172, 20.32]}, "properties": {"name": "Ba Thuoc 1 hydroelectric plant", "fuel": "hydro", "mw": 60.0, "country": "VNM", "status": "operating"}}, {"type": "Feature", "id": 3207, "geometry": {"type": "Point", "coordinates": [105.328, 20.321]}, "properties": {"name": "Ba Thuoc 2 hydroelectric plant", "fuel": "hydro", "mw": 80.0, "country": "VNM", "status": "operating"}}, {"type": "Feature", "id": 3208, "geometry": {"type": "Point", "coordinates": [108.788, 11.887]}, "properties": {"name": "Bac Ai hydroelectric plant", "fuel": "hydro", "mw": 1200.0, "country": "VNM", "status": "construction"}}, {"type": "Feature", "id": 3209, "geometry": {"type": "Point", "coordinates": [108.33, 11.371]}, "properties": {"name": "Bac Binh hydroelectric plant", "fuel": "hydro", "mw": 33.0, "country": "VNM", "status": "operating"}}, {"type": "Feature", "id": 3210, "geometry": {"type": "Point", "coordinates": [103.829, 21.86]}, "properties": {"name": "Ban Chat hydroelectric plant", "fuel": "hydro", "mw": 220.0, "country": "VNM", "status": "operating"}}, {"type": "Feature", "id": 3211, "geometry": {"type": "Point", "coordinates": [104.488, 19.341]}, "properties": {"name": "Ban Ve hydroelectric plant", "fuel": "hydro", "mw": 320.0, "country": "VNM", "status": "operating"}}, {"type": "Feature", "id": 3212, "geometry": {"type": "Point", "coordinates": [105.509, 22.99]}, "properties": {"name": "Bao Lam 1 hydroelectric plant", "fuel": "hydro", "mw": 30.0, "country": "VNM", "status": "operating"}}, {"type": "Feature", "id": 3213, "geometry": {"type": "Point", "coordinates": [105.49, 23.013]}, "properties": {"name": "Bao Lam 3 hydroelectric plant", "fuel": "hydro", "mw": 46.0, "country": "VNM", "status": "operating"}}, {"type": "Feature", "id": 3214, "geometry": {"type": "Point", "coordinates": [107.502, 16.317]}, "properties": {"name": "Binh Dien hydroelectric plant", "fuel": "hydro", "mw": 44.0, "country": "VNM", "status": "operating"}}, {"type": "Feature", "id": 3215, "geometry": {"type": "Point", "coordinates": [107.924, 12.53]}, "properties": {"name": "Buon Kuop hydroelectric plant", "fuel": "hydro", "mw": 280.0, "country": "VNM", "status": "operating"}}, {"type": "Feature", "id": 3216, "geometry": {"type": "Point", "coordinates": [108.038, 12.285]}, "properties": {"name": "Buon Tua Srah hydroelectric plant", "fuel": "hydro", "mw": 86.0, "country": "VNM", "status": "operating"}}, {"type": "Feature", "id": 3217, "geometry": {"type": "Point", "coordinates": [106.844, 11.969]}, "properties": {"name": "Can Don hydroelectric plant", "fuel": "hydro", "mw": 78.0, "country": "VNM", "status": "operating"}}, {"type": "Feature", "id": 3218, "geometry": {"type": "Point", "coordinates": [104.846, 19.073]}, "properties": {"name": "Chi Khe hydroelectric plant", "fuel": "hydro", "mw": 41.0, "country": "VNM", "status": "operating"}}, {"type": "Feature", "id": 3219, "geometry": {"type": "Point", "coordinates": [105.329, 22.197]}, "properties": {"name": "Chiem Hoa hydroelectric plant", "fuel": "hydro", "mw": 48.0, "country": "VNM", "status": "operating"}}, {"type": "Feature", "id": 3220, "geometry": {"type": "Point", "coordinates": [104.194, 22.506]}, "properties": {"name": "Coc Ly hydroelectric plant", "fuel": "hydro", "mw": 90.0, "country": "VNM", "status": "operating"}}, {"type": "Feature", "id": 3221, "geometry": {"type": "Point", "coordinates": [103.907, 22.414]}, "properties": {"name": "Coc San hydroelectric plant", "fuel": "hydro", "mw": 30.0, "country": "VNM", "status": "operating"}}, {"type": "Feature", "id": 3222, "geometry": {"type": "Point", "coordinates": [105.273, 19.878]}, "properties": {"name": "Cua Dat hydroelectric plant", "fuel": "hydro", "mw": 97.0, "country": "VNM", "status": "operating"}}, {"type": "Feature", "id": 3223, "geometry": {"type": "Point", "coordinates": [108.247, 11.722]}, "properties": {"name": "Da Dang 2 hydroelectric plant", "fuel": "hydro", "mw": 34.0, "country": "VNM", "status": "operating"}}, {"type": "Feature", "id": 3224, "geometry": {"type": "Point", "coordinates": [107.934, 11.326]}, "properties": {"name": "Da Mi hydroelectric plant", "fuel": "hydro", "mw": 175.0, "country": "VNM", "status": "operating"}}, {"type": "Feature", "id": 3225, "geometry": {"type": "Point", "coordinates": [108.613, 11.852]}, "properties": {"name": "Da Nhim hydroelectric plant", "fuel": "hydro", "mw": 243.0, "country": "VNM", "status": "operating"}}, {"type": "Feature", "id": 3226, "geometry": {"type": "Point", "coordinates": [108.32, 11.65]}, "properties": {"name": "Dai Ninh hydroelectric plant", "fuel": "hydro", "mw": 300.0, "country": "VNM", "status": "operating"}}, {"type": "Feature", "id": 3227, "geometry": {"type": "Point", "coordinates": [108.323, 15.012]}, "properties": {"name": "Dak Ba hydroelectric plant", "fuel": "hydro", "mw": 30.0, "country": "VNM", "status": "operating"}}, {"type": "Feature", "id": 3228, "geometry": {"type": "Point", "coordinates": [108.107, 15.039]}, "properties": {"name": "Dak Di 1 hydroelectric plant", "fuel": "hydro", "mw": 30.0, "country": "VNM", "status": "operating"}}, {"type": "Feature", "id": 3229, "geometry": {"type": "Point", "coordinates": [108.302, 14.979]}, "properties": {"name": "Dak Drinh hydroelectric plant", "fuel": "hydro", "mw": 125.0, "country": "VNM", "status": "operating"}}, {"type": "Feature", "id": 3230, "geometry": {"type": "Point", "coordinates": [107.819, 15.295]}, "properties": {"name": "Dak Mi 2 hydroelectric plant", "fuel": "hydro", "mw": 98.0, "country": "VNM", "status": "operating"}}, {"type": "Feature", "id": 3231, "geometry": {"type": "Point", "coordinates": [107.832, 15.337]}, "properties": {"name": "Dak Mi 3 hydroelectric plant", "fuel": "hydro", "mw": 63.0, "country": "VNM", "status": "operating"}}, {"type": "Feature", "id": 3232, "geometry": {"type": "Point", "coordinates": [107.892, 15.444]}, "properties": {"name": "Dak Mi 4A hydroelectric plant", "fuel": "hydro", "mw": 148.0, "country": "VNM", "status": "operating"}}, {"type": "Feature", "id": 3233, "geometry": {"type": "Point", "coordinates": [107.916, 15.458]}, "properties": {"name": "Dak Mi 4B hydroelectric plant", "fuel": "hydro", "mw": 42.0, "country": "VNM", "status": "operating"}}, {"type": "Feature", "id": 3234, "geometry": {"type": "Point", "coordinates": [108.003, 14.768]}, "properties": {"name": "Dak Psi 4 hydroelectric plant", "fuel": "hydro", "mw": 30.0, "country": "VNM", "status": "operating"}}, {"type": "Feature", "id": 3235, "geometry": {"type": "Point", "coordinates": [107.825, 15.319]}, "properties": {"name": "Dak Re hydroelectric plant", "fuel": "hydro", "mw": 60.0, "country": "VNM", "status": "operating"}}, {"type": "Feature", "id": 3236, "geometry": {"type": "Point", "coordinates": [107.639, 11.994]}, "properties": {"name": "Dakr Tih 1 hydroelectric plant", "fuel": "hydro", "mw": 82.0, "country": "VNM", "status": "operating"}}, {"type": "Feature", "id": 3237, "geometry": {"type": "Point", "coordinates": [107.672, 11.913]}, "properties": {"name": "DakRTih-2 hydroelectric plant", "fuel": "hydro", "mw": 62.0, "country": "VNM", "status": "operating"}}, {"type": "Feature", "id": 3238, "geometry": {"type": "Point", "coordinates": [107.673, 11.583]}, "properties": {"name": "Dam'Bri hydroelectric plant", "fuel": "hydro", "mw": 75.0, "country": "VNM", "status": "operating"}}, {"type": "Feature", "id": 3239, "geometry": {"type": "Point", "coordinates": [108.058, 11.713]}, "properties": {"name": "Dong Nai 2 hydroelectric plant", "fuel": "hydro", "mw": 70.0, "country": "VNM", "status": "operating"}}, {"type": "Feature", "id": 3240, "geometry": {"type": "Point", "coordinates": [107.875, 11.874]}, "properties": {"name": "Dong Nai 3 hydroelectric plant", "fuel": "hydro", "mw": 180.0, "country": "VNM", "status": "operating"}}, {"type": "Feature", "id": 3241, "geometry": {"type": "Point", "coordinates": [107.728, 11.885]}, "properties": {"name": "Dong Nai 4 hydroelectric plant", "fuel": "hydro", "mw": 340.0, "country": "VNM", "status": "operating"}}, {"type": "Feature", "id": 3242, "geometry": {"type": "Point", "coordinates": [107.554, 11.792]}, "properties": {"name": "Dong Nai 5 hydroelectric plant", "fuel": "hydro", "mw": 150.0, "country": "VNM", "status": "operating"}}, {"type": "Feature", "id": 3243, "geometry": {"type": "Point", "coordinates": [103.972, 20.913]}, "properties": {"name": "Dong Phu Yen hydroelectric plant", "fuel": "hydro", "mw": 1500.0, "country": "VNM", "status": "planned"}}, {"type": "Feature", "id": 3244, "geometry": {"type": "Point", "coordinates": [106.803, 11.654]}, "properties": {"name": "Duc Thanh hydroelectric plant", "fuel": "hydro", "mw": 40.0, "country": "VNM", "status": "construction"}}, {"type": "Feature", "id": 3245, "geometry": {"type": "Point", "coordinates": [107.935, 11.336]}, "properties": {"name": "Ham Thuan hydroelectric plant", "fuel": "hydro", "mw": 300.0, "country": "VNM", "status": "operating"}}, {"type": "Feature", "id": 3246, "geometry": {"type": "Point", "coordinates": [105.324, 20.809]}, "properties": {"name": "Hoa Binh hydroelectric plant", "fuel": "hydro", "mw": 2400.0, "country": "VNM", "status": "operating"}}, {"type": "Feature", "id": 3247, "geometry": {"type": "Point", "coordinates": [105.053, 20.446]}, "properties": {"name": "Hoi Xuan hydroelectric plant", "fuel": "hydro", "mw": 102.0, "country": "VNM", "status": "construction"}}, {"type": "Feature", "id": 3248, "geometry": {"type": "Point", "coordinates": [105.085, 19.838]}, "properties": {"name": "Hua Na hydroelectric plant", "fuel": "hydro", "mw": 180.0, "country": "VNM", "status": "operating"}}, {"type": "Feature", "id": 3249, "geometry": {"type": "Point", "coordinates": [103.877, 21.695]}, "properties": {"name": "Huoi Quang hydroelectric plant", "fuel": "hydro", "mw": 520.0, "country": "VNM", "status": "operating"}}, {"type": "Feature", "id": 3250, "geometry": {"type": "Point", "coordinates": [107.423, 16.46]}, "properties": {"name": "Huong Dien hydroelectric plant", "fuel": "hydro", "mw": 81.0, "country": "VNM", "status": "operating"}}, {"type": "Feature", "id": 3251, "geometry": {"type": "Point", "coordinates": [105.151, 18.446]}, "properties": {"name": "Huong Son hydroelectric plant", "fuel": "hydro", "mw": 33.0, "country": "VNM", "status": "operating"}}, {"type": "Feature", "id": 3252, "geometry": {"type": "Point", "coordinates": [107.833, 14.222]}, "properties": {"name": "Ialy hydroelectric plant", "fuel": "hydro", "mw": 360.0, "country": "VNM", "status": "operating"}}, {"type": "Feature", "id": 3253, "geometry": {"type": "Point", "coordinates": [104.663, 19.181]}, "properties": {"name": "Khe Bo hydroelectric plant", "fuel": "hydro", "mw": 100.0, "country": "VNM", "status": "operating"}}, {"type": "Feature", "id": 3254, "geometry": {"type": "Point", "coordinates": [108.947, 12.927]}, "properties": {"name": "Krong H\u2019nang hydroelectric plant", "fuel": "hydro", "mw": 64.0, "country": "VNM", "status": "operating"}}, {"type": "Feature", "id": 3255, "geometry": {"type": "Point", "coordinates": [108.342, 12.23]}, "properties": {"name": "Krong No 2 hydroelectric plant", "fuel": "hydro", "mw": 30.0, "country": "VNM", "status": "operating"}}, {"type": "Feature", "id": 3256, "geometry": {"type": "Point", "coordinates": [102.985, 22.14]}, "properties": {"name": "Lai Chau hydroelectric plant", "fuel": "hydro", "mw": 1200.0, "country": "VNM", "status": "operating"}}, {"type": "Feature", "id": 3257, "geometry": {"type": "Point", "coordinates": [104.09, 22.044]}, "properties": {"name": "Minh Luong hydroelectric plant", "fuel": "hydro", "mw": 30.0, "country": "VNM", "status": "operating"}}, {"type": "Feature", "id": 3258, "geometry": {"type": "Point", "coordinates": [106.291, 22.647]}, "properties": {"name": "Mong An hydroelectric plant", "fuel": "hydro", "mw": 30.0, "country": "VNM", "status": "operating"}}, {"type": "Feature", "id": 3259, "geometry": {"type": "Point", "coordinates": [103.714, 22.54]}, "properties": {"name": "Muong Hum hydroelectric plant", "fuel": "hydro", "mw": 32.0, "country": "VNM", "status": "operating"}}, {"type": "Feature", "id": 3260, "geometry": {"type": "Point", "coordinates": [103.134, 21.968]}, "properties": {"name": "Muong Tung hydroelectric plant", "fuel": "hydro", "mw": 34.0, "country": "VNM", "status": "operating"}}, {"type": "Feature", "id": 3261, "geometry": {"type": "Point", "coordinates": [104.144, 21.594]}, "properties": {"name": "Nam Chien 1 hydroelectric plant", "fuel": "hydro", "mw": 200.0, "country": "VNM", "status": "operating"}}, {"type": "Feature", "id": 3262, "geometry": {"type": "Point", "coordinates": [104.091, 21.5]}, "properties": {"name": "Nam Chien 2 hydroelectric plant", "fuel": "hydro", "mw": 32.0, "country": "VNM", "status": "operating"}}, {"type": "Feature", "id": 3263, "geometry": {"type": "Point", "coordinates": [102.579, 22.518]}, "properties": {"name": "Nam Cum 4 hydroelectric plant", "fuel": "hydro", "mw": 54.0, "country": "VNM", "status": "operating"}}, {"type": "Feature", "id": 3264, "geometry": {"type": "Point", "coordinates": [103.984, 21.405]}, "properties": {"name": "Nam La hydroelectric plant", "fuel": "hydro", "mw": 32.0, "country": "VNM", "status": "operating"}}, {"type": "Feature", "id": 3265, "geometry": {"type": "Point", "coordinates": [103.293, 21.798]}, "properties": {"name": "Nam Muc hydroelectric plant", "fuel": "hydro", "mw": 44.0, "country": "VNM", "status": "operating"}}, {"type": "Feature", "id": 3266, "geometry": {"type": "Point", "coordinates": [103.261, 22.596]}, "properties": {"name": "Nam Na 1 hydroelectric plant", "fuel": "hydro", "mw": 30.0, "country": "VNM", "status": "operating"}}, {"type": "Feature", "id": 3267, "geometry": {"type": "Point", "coordinates": [103.234, 22.493]}, "properties": {"name": "Nam Na 2 hydroelectric plant", "fuel": "hydro", "mw": 66.0, "country": "VNM", "status": "operating"}}, {"type": "Feature", "id": 3268, "geometry": {"type": "Point", "coordinates": [103.161, 22.299]}, "properties": {"name": "Nam Na 3 hydroelectric plant", "fuel": "hydro", "mw": 84.0, "country": "VNM", "status": "operating"}}, {"type": "Feature", "id": 3269, "geometry": {"type": "Point", "coordinates": [104.341, 22.446]}, "properties": {"name": "Nam Phang A hydroelectric plant", "fuel": "hydro", "mw": 36.0, "country": "VNM", "status": "operating"}}, {"type": "Feature", "id": 3270, "geometry": {"type": "Point", "coordinates": [105.038, 19.518]}, "properties": {"name": "Nam Pong hydroelectric plant", "fuel": "hydro", "mw": 32.0, "country": "VNM", "status": "operating"}}, {"type": "Feature", "id": 3271, "geometry": {"type": "Point", "coordinates": [103.962, 22.263]}, "properties": {"name": "Nam Toong hydroelectric plant", "fuel": "hydro", "mw": 34.0, "country": "VNM", "status": "operating"}}, {"type": "Feature", "id": 3272, "geometry": {"type": "Point", "coordinates": [104.332, 21.794]}, "properties": {"name": "Ngoi Hut 2 hydroelectric plant", "fuel": "hydro", "mw": 48.0, "country": "VNM", "status": "operating"}}, {"type": "Feature", "id": 3273, "geometry": {"type": "Point", "coordinates": [103.743, 22.555]}, "properties": {"name": "Ngoi Phat hydroelectric plant", "fuel": "hydro", "mw": 84.0, "country": "VNM", "status": "operating"}}, {"type": "Feature", "id": 3274, "geometry": {"type": "Point", "coordinates": [104.958, 19.538]}, "properties": {"name": "Nhan Hac -A hydroelectric plant", "fuel": "hydro", "mw": 45.0, "country": "VNM", "status": "operating"}}, {"type": "Feature", "id": 3275, "geometry": {"type": "Point", "coordinates": [105.485, 23.178]}, "properties": {"name": "Nho Que 2 hydroelectric plant", "fuel": "hydro", "mw": 48.0, "country": "VNM", "status": "operating"}}, {"type": "Feature", "id": 3276, "geometry": {"type": "Point", "coordinates": [105.515, 23.143]}, "properties": {"name": "Nho Que 3 hydroelectric plant", "fuel": "hydro", "mw": 110.0, "country": "VNM", "status": "operating"}}, {"type": "Feature", "id": 3277, "geometry": {"type": "Point", "coordinates": [103.368, 22.588]}, "properties": {"name": "Pa Vai Su hydroelectric plant", "fuel": "hydro", "mw": 51.0, "country": "VNM", "status": "construction"}}, {"type": "Feature", "id": 3278, "geometry": {"type": "Point", "coordinates": [107.862, 14.408]}, "properties": {"name": "Plei Krong hydroelectric plant", "fuel": "hydro", "mw": 100.0, "country": "VNM", "status": "operating"}}, {"type": "Feature", "id": 3279, "geometry": {"type": "Point", "coordinates": [106.698, 16.662]}, "properties": {"name": "Quang Tri hydroelectric plant", "fuel": "hydro", "mw": 64.0, "country": "VNM", "status": "operating"}}, {"type": "Feature", "id": 3280, "geometry": {"type": "Point", "coordinates": [107.722, 14.216]}, "properties": {"name": "Se San 3 hydroelectric plant", "fuel": "hydro", "mw": 260.0, "country": "VNM", "status": "operating"}}, {"type": "Feature", "id": 3281, "geometry": {"type": "Point", "coordinates": [107.659, 14.106]}, "properties": {"name": "Se San 3A hydroelectric plant", "fuel": "hydro", "mw": 108.0, "country": "VNM", "status": "operating"}}, {"type": "Feature", "id": 3282, "geometry": {"type": "Point", "coordinates": [107.495, 13.969]}, "properties": {"name": "Se San 4 hydroelectric plant", "fuel": "hydro", "mw": 360.0, "country": "VNM", "status": "operating"}}, {"type": "Feature", "id": 3283, "geometry": {"type": "Point", "coordinates": [107.468, 13.931]}, "properties": {"name": "Se San 4A hydroelectric plant", "fuel": "hydro", "mw": 63.0, "country": "VNM", "status": "operating"}}, {"type": "Feature", "id": 3284, "geometry": {"type": "Point", "coordinates": [103.996, 21.498]}, "properties": {"name": "Son La hydroelectric plant", "fuel": "hydro", "mw": 2400.0, "country": "VNM", "status": "operating"}}, {"type": "Feature", "id": 3285, "geometry": {"type": "Point", "coordinates": [108.904, 13.023]}, "properties": {"name": "Song Ba Ha hydroelectric plant", "fuel": "hydro", "mw": 220.0, "country": "VNM", "status": "operating"}}, {"type": "Feature", "id": 3286, "geometry": {"type": "Point", "coordinates": [104.717, 22.416]}, "properties": {"name": "Song Bac hydroelectric plant", "fuel": "hydro", "mw": 40.0, "country": "VNM", "status": "operating"}}, {"type": "Feature", "id": 3287, "geometry": {"type": "Point", "coordinates": [107.485, 15.7]}, "properties": {"name": "Song Bung 2 hydroelectric plant", "fuel": "hydro", "mw": 100.0, "country": "VNM", "status": "operating"}}, {"type": "Feature", "id": 3288, "geometry": {"type": "Point", "coordinates": [107.651, 15.726]}, "properties": {"name": "Song Bung 4 hydroelectric plant", "fuel": "hydro", "mw": 156.0, "country": "VNM", "status": "operating"}}, {"type": "Feature", "id": 3289, "geometry": {"type": "Point", "coordinates": [107.68, 15.765]}, "properties": {"name": "Song Bung 4A hydroelectric plant", "fuel": "hydro", "mw": 49.0, "country": "VNM", "status": "operating"}}, {"type": "Feature", "id": 3290, "geometry": {"type": "Point", "coordinates": [107.747, 15.808]}, "properties": {"name": "Song Bung 5 hydroelectric plant", "fuel": "hydro", "mw": 57.0, "country": "VNM", "status": "operating"}}, {"type": "Feature", "id": 3291, "geometry": {"type": "Point", "coordinates": [107.808, 15.933]}, "properties": {"name": "Song Con 2 hydroelectric plant", "fuel": "hydro", "mw": 63.0, "country": "VNM", "status": "operating"}}, {"type": "Feature", "id": 3292, "geometry": {"type": "Point", "coordinates": [108.837, 12.373]}, "properties": {"name": "Song Giang 2 hydroelectric plant", "fuel": "hydro", "mw": 37.0, "country": "VNM", "status": "operating"}}, {"type": "Feature", "id": 3293, "geometry": {"type": "Point", "coordinates": [108.994, 12.928]}, "properties": {"name": "Song Hinh hydroelectric plant", "fuel": "hydro", "mw": 70.0, "country": "VNM", "status": "operating"}}, {"type": "Feature", "id": 3294, "geometry": {"type": "Point", "coordinates": [104.918, 22.295]}, "properties": {"name": "Song Lo 6 hydroelectric plant", "fuel": "hydro", "mw": 60.0, "country": "VNM", "status": "operating"}}, {"type": "Feature", "id": 3295, "geometry": {"type": "Point", "coordinates": [108.453, 14.869]}, "properties": {"name": "Song Tra 1A hydroelectric plant", "fuel": "hydro", "mw": 30.0, "country": "VNM", "status": "operating"}}, {"type": "Feature", "id": 3296, "geometry": {"type": "Point", "coordinates": [108.465, 14.886]}, "properties": {"name": "Song Tra 1B hydroelectric plant", "fuel": "hydro", "mw": 30.0, "country": "VNM", "status": "operating"}}, {"type": "Feature", "id": 3297, "geometry": {"type": "Point", "coordinates": [108.148, 15.331]}, "properties": {"name": "Song Tranh 2 hydroelectric plant", "fuel": "hydro", "mw": 190.0, "country": "VNM", "status": "operating"}}, {"type": "Feature", "id": 3298, "geometry": {"type": "Point", "coordinates": [108.143, 15.444]}, "properties": {"name": "Song Tranh 3 hydroelectric plant", "fuel": "hydro", "mw": 62.0, "country": "VNM", "status": "operating"}}, {"type": "Feature", "id": 3299, "geometry": {"type": "Point", "coordinates": [107.877, 12.752]}, "properties": {"name": "Sre Pok 3 hydroelectric plant", "fuel": "hydro", "mw": 220.0, "country": "VNM", "status": "operating"}}, {"type": "Feature", "id": 3300, "geometry": {"type": "Point", "coordinates": [107.855, 12.807]}, "properties": {"name": "Sre Pok 4 hydroelectric plant", "fuel": "hydro", "mw": 80.0, "country": "VNM", "status": "operating"}}, {"type": "Feature", "id": 3301, "geometry": {"type": "Point", "coordinates": [107.812, 12.893]}, "properties": {"name": "Sre Pok 4A hydroelectric plant", "fuel": "hydro", "mw": 64.0, "country": "VNM", "status": "operating"}}, {"type": "Feature", "id": 3302, "geometry": {"type": "Point", "coordinates": [106.756, 11.769]}, "properties": {"name": "Srok Phu Mieng hydroelectric plant", "fuel": "hydro", "mw": 51.0, "country": "VNM", "status": "operating"}}, {"type": "Feature", "id": 3303, "geometry": {"type": "Point", "coordinates": [103.817, 22.328]}, "properties": {"name": "Su Pan 1 hydroelectric plant", "fuel": "hydro", "mw": 30.0, "country": "VNM", "status": "operating"}}, {"type": "Feature", "id": 3304, "geometry": {"type": "Point", "coordinates": [103.962, 22.265]}, "properties": {"name": "Su Pan 2 hydroelectric plant", "fuel": "hydro", "mw": 35.0, "country": "VNM", "status": "operating"}}, {"type": "Feature", "id": 3305, "geometry": {"type": "Point", "coordinates": [104.504, 21.232]}, "properties": {"name": "Suoi Sap 2A hydroelectric plant", "fuel": "hydro", "mw": 66.0, "country": "VNM", "status": "operating"}}, {"type": "Feature", "id": 3306, "geometry": {"type": "Point", "coordinates": [103.647, 20.996]}, "properties": {"name": "Ta Co hydroelectric plant", "fuel": "hydro", "mw": 30.0, "country": "VNM", "status": "operating"}}, {"type": "Feature", "id": 3307, "geometry": {"type": "Point", "coordinates": [104.022, 22.299]}, "properties": {"name": "Ta Thang hydroelectric plant", "fuel": "hydro", "mw": 60.0, "country": "VNM", "status": "operating"}}, {"type": "Feature", "id": 3308, "geometry": {"type": "Point", "coordinates": [105.025, 21.748]}, "properties": {"name": "Thac Ba hydroelectric plant", "fuel": "hydro", "mw": 120.0, "country": "VNM", "status": "operating"}}, {"type": "Feature", "id": 3309, "geometry": {"type": "Point", "coordinates": [104.644, 21.741]}, "properties": {"name": "Thac Ca 1 hydroelectric plant", "fuel": "hydro", "mw": 35.0, "country": "VNM", "status": "operating"}}, {"type": "Feature", "id": 3310, "geometry": {"type": "Point", "coordinates": [107.014, 11.859]}, "properties": {"name": "Thac Mo hydroelectric plant", "fuel": "hydro", "mw": 225.0, "country": "VNM", "status": "operating"}}, {"type": "Feature", "id": 3311, "geometry": {"type": "Point", "coordinates": [105.066, 22.999]}, "properties": {"name": "Thai An hydroelectric plant", "fuel": "hydro", "mw": 82.0, "country": "VNM", "status": "operating"}}, {"type": "Feature", "id": 3312, "geometry": {"type": "Point", "coordinates": [105.247, 19.708]}, "properties": {"name": "Thanh Son hydroelectric plant", "fuel": "hydro", "mw": 30.0, "country": "VNM", "status": "operating"}}, {"type": "Feature", "id": 3313, "geometry": {"type": "Point", "coordinates": [105.035, 22.96]}, "properties": {"name": "Thuan Hoa hydroelectric plant", "fuel": "hydro", "mw": 38.0, "country": "VNM", "status": "operating"}}, {"type": "Feature", "id": 3314, "geometry": {"type": "Point", "coordinates": [108.229, 14.692]}, "properties": {"name": "Thuong Kon Tum hydroelectric plant", "fuel": "hydro", "mw": 220.0, "country": "VNM", "status": "operating"}}, {"type": "Feature", "id": 3315, "geometry": {"type": "Point", "coordinates": [106.984, 11.105]}, "properties": {"name": "Tri An hydroelectric plant", "fuel": "hydro", "mw": 200.0, "country": "VNM", "status": "planned"}}, {"type": "Feature", "id": 3316, "geometry": {"type": "Point", "coordinates": [106.984, 11.105]}, "properties": {"name": "Tri An hydroelectric plant", "fuel": "hydro", "mw": 400.0, "country": "VNM", "status": "operating"}}, {"type": "Feature", "id": 3317, "geometry": {"type": "Point", "coordinates": [104.84, 20.61]}, "properties": {"name": "Trung Son hydroelectric plant", "fuel": "hydro", "mw": 260.0, "country": "VNM", "status": "operating"}}, {"type": "Feature", "id": 3318, "geometry": {"type": "Point", "coordinates": [105.399, 22.36]}, "properties": {"name": "Tuyen Quang hydroelectric plant", "fuel": "hydro", "mw": 342.0, "country": "VNM", "status": "operating"}}, {"type": "Feature", "id": 3319, "geometry": {"type": "Point", "coordinates": [104.549, 21.681]}, "properties": {"name": "Van Chan hydroelectric plant", "fuel": "hydro", "mw": 57.0, "country": "VNM", "status": "operating"}}, {"type": "Feature", "id": 3320, "geometry": {"type": "Point", "coordinates": [108.607, 14.488]}, "properties": {"name": "Vinh Son 2 hydroelectric plant", "fuel": "hydro", "mw": 80.0, "country": "VNM", "status": "planned"}}, {"type": "Feature", "id": 3321, "geometry": {"type": "Point", "coordinates": [108.694, 14.366]}, "properties": {"name": "Vinh Son hydroelectric plant", "fuel": "hydro", "mw": 66.0, "country": "VNM", "status": "operating"}}, {"type": "Feature", "id": 3322, "geometry": {"type": "Point", "coordinates": [107.654, 15.86]}, "properties": {"name": "Zahung hydroelectric plant", "fuel": "hydro", "mw": 30.0, "country": "VNM", "status": "operating"}}, {"type": "Feature", "id": 3323, "geometry": {"type": "Point", "coordinates": [105.132, 19.892]}, "properties": {"name": "Dong Van hydroelectric plant", "fuel": "hydro", "mw": 28.0, "country": "VNM", "status": "operating"}}, {"type": "Feature", "id": 3324, "geometry": {"type": "Point", "coordinates": [104.269, 14.23]}, "properties": {"name": "Han Seng power station", "fuel": "coal", "mw": 132.5, "country": "KHM", "status": "construction"}}, {"type": "Feature", "id": 3325, "geometry": {"type": "Point", "coordinates": [104.269, 14.23]}, "properties": {"name": "Han Seng power station", "fuel": "coal", "mw": 132.5, "country": "KHM", "status": "construction"}}, {"type": "Feature", "id": 3326, "geometry": {"type": "Point", "coordinates": [103.581, 10.74]}, "properties": {"name": "Sihanoukville CEL power station", "fuel": "coal", "mw": 50.0, "country": "KHM", "status": "operating"}}, {"type": "Feature", "id": 3327, "geometry": {"type": "Point", "coordinates": [103.581, 10.74]}, "properties": {"name": "Sihanoukville CEL power station", "fuel": "coal", "mw": 50.0, "country": "KHM", "status": "operating"}}, {"type": "Feature", "id": 3328, "geometry": {"type": "Point", "coordinates": [103.581, 10.74]}, "properties": {"name": "Sihanoukville CEL power station", "fuel": "coal", "mw": 150.0, "country": "KHM", "status": "operating"}}, {"type": "Feature", "id": 3329, "geometry": {"type": "Point", "coordinates": [103.583, 10.733]}, "properties": {"name": "Sihanoukville CIIDG power station", "fuel": "coal", "mw": 135.0, "country": "KHM", "status": "operating"}}, {"type": "Feature", "id": 3330, "geometry": {"type": "Point", "coordinates": [103.583, 10.733]}, "properties": {"name": "Sihanoukville CIIDG power station", "fuel": "coal", "mw": 135.0, "country": "KHM", "status": "operating"}}, {"type": "Feature", "id": 3331, "geometry": {"type": "Point", "coordinates": [103.583, 10.733]}, "properties": {"name": "Sihanoukville CIIDG power station", "fuel": "coal", "mw": 135.0, "country": "KHM", "status": "operating"}}, {"type": "Feature", "id": 3332, "geometry": {"type": "Point", "coordinates": [103.596, 10.734]}, "properties": {"name": "Sihanoukville CIIDG power station 2", "fuel": "coal", "mw": 350.0, "country": "KHM", "status": "operating"}}, {"type": "Feature", "id": 3333, "geometry": {"type": "Point", "coordinates": [103.596, 10.734]}, "properties": {"name": "Sihanoukville CIIDG power station 2", "fuel": "coal", "mw": 350.0, "country": "KHM", "status": "operating"}}, {"type": "Feature", "id": 3334, "geometry": {"type": "Point", "coordinates": [103.634, 10.629]}, "properties": {"name": "Sihanoukville SEZ power station", "fuel": "coal", "mw": 50.0, "country": "KHM", "status": "operating"}}, {"type": "Feature", "id": 3335, "geometry": {"type": "Point", "coordinates": [103.634, 10.629]}, "properties": {"name": "Sihanoukville SEZ power station", "fuel": "coal", "mw": 50.0, "country": "KHM", "status": "operating"}}, {"type": "Feature", "id": 3336, "geometry": {"type": "Point", "coordinates": [101.278, 19.691]}, "properties": {"name": "Hongsa power station", "fuel": "coal", "mw": 626.0, "country": "LAO", "status": "operating"}}, {"type": "Feature", "id": 3337, "geometry": {"type": "Point", "coordinates": [101.278, 19.691]}, "properties": {"name": "Hongsa power station", "fuel": "coal", "mw": 626.0, "country": "LAO", "status": "operating"}}, {"type": "Feature", "id": 3338, "geometry": {"type": "Point", "coordinates": [101.278, 19.691]}, "properties": {"name": "Hongsa power station", "fuel": "coal", "mw": 626.0, "country": "LAO", "status": "operating"}}, {"type": "Feature", "id": 3339, "geometry": {"type": "Point", "coordinates": [106.747, 15.748]}, "properties": {"name": "Phonesack Xekong power station", "fuel": "coal", "mw": 300.0, "country": "LAO", "status": "construction"}}, {"type": "Feature", "id": 3340, "geometry": {"type": "Point", "coordinates": [106.747, 15.748]}, "properties": {"name": "Phonesack Xekong power station", "fuel": "coal", "mw": 300.0, "country": "LAO", "status": "planned"}}, {"type": "Feature", "id": 3341, "geometry": {"type": "Point", "coordinates": [106.747, 15.748]}, "properties": {"name": "Phonesack Xekong power station", "fuel": "coal", "mw": 300.0, "country": "LAO", "status": "planned"}}, {"type": "Feature", "id": 3342, "geometry": {"type": "Point", "coordinates": [106.747, 15.748]}, "properties": {"name": "Phonesack Xekong power station", "fuel": "coal", "mw": 300.0, "country": "LAO", "status": "planned"}}, {"type": "Feature", "id": 3343, "geometry": {"type": "Point", "coordinates": [106.747, 15.748]}, "properties": {"name": "Phonesack Xekong power station", "fuel": "coal", "mw": 300.0, "country": "LAO", "status": "planned"}}, {"type": "Feature", "id": 3344, "geometry": {"type": "Point", "coordinates": [106.747, 15.748]}, "properties": {"name": "Phonesack Xekong power station", "fuel": "coal", "mw": 300.0, "country": "LAO", "status": "planned"}}, {"type": "Feature", "id": 3345, "geometry": {"type": "Point", "coordinates": [107.265, 15.471]}, "properties": {"name": "Sekong power station (EPIC)", "fuel": "coal", "mw": 1000.0, "country": "LAO", "status": "planned"}}, {"type": "Feature", "id": 3346, "geometry": {"type": "Point", "coordinates": [106.713, 15.358]}, "properties": {"name": "TSBP Sekong power station", "fuel": "coal", "mw": 300.0, "country": "LAO", "status": "planned"}}, {"type": "Feature", "id": 3347, "geometry": {"type": "Point", "coordinates": [106.713, 15.358]}, "properties": {"name": "TSBP Sekong power station", "fuel": "coal", "mw": 300.0, "country": "LAO", "status": "planned"}}, {"type": "Feature", "id": 3348, "geometry": {"type": "Point", "coordinates": [97.585, 16.877]}, "properties": {"name": "Myainggalay Cement power station", "fuel": "coal", "mw": 30.0, "country": "MMR", "status": "operating"}}, {"type": "Feature", "id": 3349, "geometry": {"type": "Point", "coordinates": [96.704, 20.431]}, "properties": {"name": "Tigyit power station", "fuel": "coal", "mw": 60.0, "country": "MMR", "status": "operating"}}, {"type": "Feature", "id": 3350, "geometry": {"type": "Point", "coordinates": [96.704, 20.431]}, "properties": {"name": "Tigyit power station", "fuel": "coal", "mw": 60.0, "country": "MMR", "status": "operating"}}, {"type": "Feature", "id": 3351, "geometry": {"type": "Point", "coordinates": [99.276, 20.408]}, "properties": {"name": "Wan Hoong power station", "fuel": "coal", "mw": 30.0, "country": "MMR", "status": "operating"}}, {"type": "Feature", "id": 3352, "geometry": {"type": "Point", "coordinates": [100.467, 13.75]}, "properties": {"name": "Bangkok HSFC Plant power station", "fuel": "coal", "mw": 36.0, "country": "THA", "status": "operating"}}, {"type": "Feature", "id": 3353, "geometry": {"type": "Point", "coordinates": [101.135, 12.675]}, "properties": {"name": "Gheco One power station", "fuel": "coal", "mw": 660.0, "country": "THA", "status": "operating"}}, {"type": "Feature", "id": 3354, "geometry": {"type": "Point", "coordinates": [101.135, 12.676]}, "properties": {"name": "Glow Energy power complex", "fuel": "coal", "mw": 222.0, "country": "THA", "status": "operating"}}, {"type": "Feature", "id": 3355, "geometry": {"type": "Point", "coordinates": [101.135, 12.676]}, "properties": {"name": "Glow Energy power complex", "fuel": "coal", "mw": 222.0, "country": "THA", "status": "operating"}}, {"type": "Feature", "id": 3356, "geometry": {"type": "Point", "coordinates": [101.135, 12.676]}, "properties": {"name": "Glow Energy power complex", "fuel": "coal", "mw": 85.0, "country": "THA", "status": "operating"}}, {"type": "Feature", "id": 3357, "geometry": {"type": "Point", "coordinates": [101.312, 12.655]}, "properties": {"name": "IRPC power station", "fuel": "coal", "mw": 307.0, "country": "THA", "status": "operating"}}, {"type": "Feature", "id": 3358, "geometry": {"type": "Point", "coordinates": [99.752, 18.296]}, "properties": {"name": "Mae Moh power station", "fuel": "coal", "mw": 300.0, "country": "THA", "status": "operating"}}, {"type": "Feature", "id": 3359, "geometry": {"type": "Point", "coordinates": [99.752, 18.296]}, "properties": {"name": "Mae Moh power station", "fuel": "coal", "mw": 300.0, "country": "THA", "status": "operating"}}, {"type": "Feature", "id": 3360, "geometry": {"type": "Point", "coordinates": [99.752, 18.296]}, "properties": {"name": "Mae Moh power station", "fuel": "coal", "mw": 300.0, "country": "THA", "status": "operating"}}, {"type": "Feature", "id": 3361, "geometry": {"type": "Point", "coordinates": [99.752, 18.296]}, "properties": {"name": "Mae Moh power station", "fuel": "coal", "mw": 300.0, "country": "THA", "status": "operating"}}, {"type": "Feature", "id": 3362, "geometry": {"type": "Point", "coordinates": [99.752, 18.296]}, "properties": {"name": "Mae Moh power station", "fuel": "coal", "mw": 300.0, "country": "THA", "status": "operating"}}, {"type": "Feature", "id": 3363, "geometry": {"type": "Point", "coordinates": [99.752, 18.296]}, "properties": {"name": "Mae Moh power station", "fuel": "coal", "mw": 300.0, "country": "THA", "status": "operating"}}, {"type": "Feature", "id": 3364, "geometry": {"type": "Point", "coordinates": [99.752, 18.296]}, "properties": {"name": "Mae Moh power station", "fuel": "coal", "mw": 655.0, "country": "THA", "status": "operating"}}, {"type": "Feature", "id": 3365, "geometry": {"type": "Point", "coordinates": [101.161, 12.643]}, "properties": {"name": "Map Ta Phut BLCP power station", "fuel": "coal", "mw": 717.0, "country": "THA", "status": "operating"}}, {"type": "Feature", "id": 3366, "geometry": {"type": "Point", "coordinates": [101.161, 12.643]}, "properties": {"name": "Map Ta Phut BLCP power station", "fuel": "coal", "mw": 717.0, "country": "THA", "status": "operating"}}, {"type": "Feature", "id": 3367, "geometry": {"type": "Point", "coordinates": [101.588, 13.932]}, "properties": {"name": "Tha Tum power station", "fuel": "coal", "mw": 164.0, "country": "THA", "status": "operating"}}, {"type": "Feature", "id": 3368, "geometry": {"type": "Point", "coordinates": [101.588, 13.932]}, "properties": {"name": "Tha Tum power station", "fuel": "coal", "mw": 164.0, "country": "THA", "status": "operating"}}, {"type": "Feature", "id": 3369, "geometry": {"type": "Point", "coordinates": [101.151, 12.684]}, "properties": {"name": "TPT Petrochemical power station", "fuel": "coal", "mw": 55.0, "country": "THA", "status": "operating"}}, {"type": "Feature", "id": 3370, "geometry": {"type": "Point", "coordinates": [99.711, 13.944]}, "properties": {"name": "Wang Sala Mill power station", "fuel": "coal", "mw": 34.0, "country": "THA", "status": "operating"}}, {"type": "Feature", "id": 3371, "geometry": {"type": "Point", "coordinates": [106.354, 21.232]}, "properties": {"name": "An Khanh - Bac Giang power station", "fuel": "coal", "mw": 325.0, "country": "VNM", "status": "planned"}}, {"type": "Feature", "id": 3372, "geometry": {"type": "Point", "coordinates": [106.354, 21.232]}, "properties": {"name": "An Khanh - Bac Giang power station", "fuel": "coal", "mw": 325.0, "country": "VNM", "status": "planned"}}, {"type": "Feature", "id": 3373, "geometry": {"type": "Point", "coordinates": [105.767, 21.597]}, "properties": {"name": "An Khanh power station", "fuel": "coal", "mw": 50.0, "country": "VNM", "status": "operating"}}, {"type": "Feature", "id": 3374, "geometry": {"type": "Point", "coordinates": [105.767, 21.597]}, "properties": {"name": "An Khanh power station", "fuel": "coal", "mw": 50.0, "country": "VNM", "status": "operating"}}, {"type": "Feature", "id": 3375, "geometry": {"type": "Point", "coordinates": [107.358, 21.006]}, "properties": {"name": "Cam Pha power station", "fuel": "coal", "mw": 340.0, "country": "VNM", "status": "operating"}}, {"type": "Feature", "id": 3376, "geometry": {"type": "Point", "coordinates": [107.358, 21.006]}, "properties": {"name": "Cam Pha power station", "fuel": "coal", "mw": 340.0, "country": "VNM", "status": "operating"}}, {"type": "Feature", "id": 3377, "geometry": {"type": "Point", "coordinates": [105.815, 21.613]}, "properties": {"name": "Cao Ngan power station", "fuel": "coal", "mw": 57.5, "country": "VNM", "status": "operating"}}, {"type": "Feature", "id": 3378, "geometry": {"type": "Point", "coordinates": [105.815, 21.613]}, "properties": {"name": "Cao Ngan power station", "fuel": "coal", "mw": 57.5, "country": "VNM", "status": "operating"}}, {"type": "Feature", "id": 3379, "geometry": {"type": "Point", "coordinates": [106.528, 9.585]}, "properties": {"name": "Duyen Hai Power Generation Complex", "fuel": "coal", "mw": 622.5, "country": "VNM", "status": "operating"}}, {"type": "Feature", "id": 3380, "geometry": {"type": "Point", "coordinates": [106.528, 9.585]}, "properties": {"name": "Duyen Hai Power Generation Complex", "fuel": "coal", "mw": 622.5, "country": "VNM", "status": "operating"}}, {"type": "Feature", "id": 3381, "geometry": {"type": "Point", "coordinates": [106.528, 9.585]}, "properties": {"name": "Duyen Hai Power Generation Complex", "fuel": "coal", "mw": 600.0, "country": "VNM", "status": "operating"}}, {"type": "Feature", "id": 3382, "geometry": {"type": "Point", "coordinates": [106.528, 9.585]}, "properties": {"name": "Duyen Hai Power Generation Complex", "fuel": "coal", "mw": 600.0, "country": "VNM", "status": "operating"}}, {"type": "Feature", "id": 3383, "geometry": {"type": "Point", "coordinates": [106.528, 9.585]}, "properties": {"name": "Duyen Hai Power Generation Complex", "fuel": "coal", "mw": 688.0, "country": "VNM", "status": "operating"}}, {"type": "Feature", "id": 3384, "geometry": {"type": "Point", "coordinates": [106.528, 9.585]}, "properties": {"name": "Duyen Hai Power Generation Complex", "fuel": "coal", "mw": 622.5, "country": "VNM", "status": "operating"}}, {"type": "Feature", "id": 3385, "geometry": {"type": "Point", "coordinates": [106.528, 9.585]}, "properties": {"name": "Duyen Hai Power Generation Complex", "fuel": "coal", "mw": 622.5, "country": "VNM", "status": "operating"}}, {"type": "Feature", "id": 3386, "geometry": {"type": "Point", "coordinates": [106.446, 18.029]}, "properties": {"name": "Ha Tinh Formosa Plastics Steel Complex power station", "fuel": "coal", "mw": 150.0, "country": "VNM", "status": "operating"}}, {"type": "Feature", "id": 3387, "geometry": {"type": "Point", "coordinates": [106.446, 18.029]}, "properties": {"name": "Ha Tinh Formosa Plastics Steel Complex power station", "fuel": "coal", "mw": 150.0, "country": "VNM", "status": "operating"}}, {"type": "Feature", "id": 3388, "geometry": {"type": "Point", "coordinates": [106.446, 18.029]}, "properties": {"name": "Ha Tinh Formosa Plastics Steel Complex power station", "fuel": "coal", "mw": 150.0, "country": "VNM", "status": "operating"}}, {"type": "Feature", "id": 3389, "geometry": {"type": "Point", "coordinates": [106.412, 21.034]}, "properties": {"name": "Hai Duong Thermal Power Plant", "fuel": "coal", "mw": 600.0, "country": "VNM", "status": "operating"}}, {"type": "Feature", "id": 3390, "geometry": {"type": "Point", "coordinates": [106.412, 21.034]}, "properties": {"name": "Hai Duong Thermal Power Plant", "fuel": "coal", "mw": 600.0, "country": "VNM", "status": "operating"}}, {"type": "Feature", "id": 3391, "geometry": {"type": "Point", "coordinates": [106.758, 20.943]}, "properties": {"name": "Hai Phong Thermal Power Station", "fuel": "coal", "mw": 300.0, "country": "VNM", "status": "operating"}}, {"type": "Feature", "id": 3392, "geometry": {"type": "Point", "coordinates": [106.758, 20.943]}, "properties": {"name": "Hai Phong Thermal Power Station", "fuel": "coal", "mw": 300.0, "country": "VNM", "status": "operating"}}, {"type": "Feature", "id": 3393, "geometry": {"type": "Point", "coordinates": [106.755, 20.94]}, "properties": {"name": "Hai Phong Thermal Power Station", "fuel": "coal", "mw": 300.0, "country": "VNM", "status": "operating"}}, {"type": "Feature", "id": 3394, "geometry": {"type": "Point", "coordinates": [106.755, 20.94]}, "properties": {"name": "Hai Phong Thermal Power Station", "fuel": "coal", "mw": 300.0, "country": "VNM", "status": "operating"}}, {"type": "Feature", "id": 3395, "geometry": {"type": "Point", "coordinates": [105.875, 9.945]}, "properties": {"name": "Hau Giang Lee & Man power station", "fuel": "coal", "mw": 50.0, "country": "VNM", "status": "operating"}}, {"type": "Feature", "id": 3396, "geometry": {"type": "Point", "coordinates": [106.082, 9.709]}, "properties": {"name": "Long Phu Power Centre", "fuel": "coal", "mw": 600.0, "country": "VNM", "status": "construction"}}, {"type": "Feature", "id": 3397, "geometry": {"type": "Point", "coordinates": [106.082, 9.709]}, "properties": {"name": "Long Phu Power Centre", "fuel": "coal", "mw": 600.0, "country": "VNM", "status": "construction"}}, {"type": "Feature", "id": 3398, "geometry": {"type": "Point", "coordinates": [106.577, 21.091]}, "properties": {"name": "Mao Khe power station", "fuel": "coal", "mw": 220.0, "country": "VNM", "status": "operating"}}, {"type": "Feature", "id": 3399, "geometry": {"type": "Point", "coordinates": [106.577, 21.091]}, "properties": {"name": "Mao Khe power station", "fuel": "coal", "mw": 220.0, "country": "VNM", "status": "operating"}}, {"type": "Feature", "id": 3400, "geometry": {"type": "Point", "coordinates": [107.348, 21.073]}, "properties": {"name": "Mong Duong power station", "fuel": "coal", "mw": 540.0, "country": "VNM", "status": "operating"}}, {"type": "Feature", "id": 3401, "geometry": {"type": "Point", "coordinates": [107.348, 21.073]}, "properties": {"name": "Mong Duong power station", "fuel": "coal", "mw": 540.0, "country": "VNM", "status": "operating"}}, {"type": "Feature", "id": 3402, "geometry": {"type": "Point", "coordinates": [107.348, 21.073]}, "properties": {"name": "Mong Duong power station", "fuel": "coal", "mw": 620.0, "country": "VNM", "status": "operating"}}, {"type": "Feature", "id": 3403, "geometry": {"type": "Point", "coordinates": [107.348, 21.073]}, "properties": {"name": "Mong Duong power station", "fuel": "coal", "mw": 620.0, "country": "VNM", "status": "operating"}}, {"type": "Feature", "id": 3404, "geometry": {"type": "Point", "coordinates": [106.976, 21.698]}, "properties": {"name": "Na Duong power station", "fuel": "coal", "mw": 50.0, "country": "VNM", "status": "operating"}}, {"type": "Feature", "id": 3405, "geometry": {"type": "Point", "coordinates": [106.976, 21.698]}, "properties": {"name": "Na Duong power station", "fuel": "coal", "mw": 50.0, "country": "VNM", "status": "operating"}}, {"type": "Feature", "id": 3406, "geometry": {"type": "Point", "coordinates": [106.977, 21.698]}, "properties": {"name": "Na Duong power station", "fuel": "coal", "mw": 110.0, "country": "VNM", "status": "construction"}}, {"type": "Feature", "id": 3407, "geometry": {"type": "Point", "coordinates": [105.8, 19.316]}, "properties": {"name": "Nghi Son coal power station", "fuel": "coal", "mw": 300.0, "country": "VNM", "status": "operating"}}, {"type": "Feature", "id": 3408, "geometry": {"type": "Point", "coordinates": [105.8, 19.316]}, "properties": {"name": "Nghi Son coal power station", "fuel": "coal", "mw": 300.0, "country": "VNM", "status": "operating"}}, {"type": "Feature", "id": 3409, "geometry": {"type": "Point", "coordinates": [105.8, 19.316]}, "properties": {"name": "Nghi Son coal power station", "fuel": "coal", "mw": 660.0, "country": "VNM", "status": "operating"}}, {"type": "Feature", "id": 3410, "geometry": {"type": "Point", "coordinates": [105.8, 19.316]}, "properties": {"name": "Nghi Son coal power station", "fuel": "coal", "mw": 660.0, "country": "VNM", "status": "operating"}}, {"type": "Feature", "id": 3411, "geometry": {"type": "Point", "coordinates": [106.935, 10.733]}, "properties": {"name": "Nhon Trach Formosa power station", "fuel": "coal", "mw": 150.0, "country": "VNM", "status": "operating"}}, {"type": "Feature", "id": 3412, "geometry": {"type": "Point", "coordinates": [106.935, 10.733]}, "properties": {"name": "Nhon Trach Formosa power station", "fuel": "coal", "mw": 150.0, "country": "VNM", "status": "operating"}}, {"type": "Feature", "id": 3413, "geometry": {"type": "Point", "coordinates": [106.935, 10.733]}, "properties": {"name": "Nhon Trach Formosa power station", "fuel": "coal", "mw": 150.0, "country": "VNM", "status": "operating"}}, {"type": "Feature", "id": 3414, "geometry": {"type": "Point", "coordinates": [108.031, 15.716]}, "properties": {"name": "Nong Son power station", "fuel": "coal", "mw": 30.0, "country": "VNM", "status": "operating"}}, {"type": "Feature", "id": 3415, "geometry": {"type": "Point", "coordinates": [106.306, 21.117]}, "properties": {"name": "Pha Lai Power Complex", "fuel": "coal", "mw": 110.0, "country": "VNM", "status": "operating"}}, {"type": "Feature", "id": 3416, "geometry": {"type": "Point", "coordinates": [106.306, 21.117]}, "properties": {"name": "Pha Lai Power Complex", "fuel": "coal", "mw": 110.0, "country": "VNM", "status": "operating"}}, {"type": "Feature", "id": 3417, "geometry": {"type": "Point", "coordinates": [106.306, 21.117]}, "properties": {"name": "Pha Lai Power Complex", "fuel": "coal", "mw": 110.0, "country": "VNM", "status": "operating"}}, {"type": "Feature", "id": 3418, "geometry": {"type": "Point", "coordinates": [106.306, 21.117]}, "properties": {"name": "Pha Lai Power Complex", "fuel": "coal", "mw": 110.0, "country": "VNM", "status": "operating"}}, {"type": "Feature", "id": 3419, "geometry": {"type": "Point", "coordinates": [106.309, 21.117]}, "properties": {"name": "Pha Lai Power Complex", "fuel": "coal", "mw": 300.0, "country": "VNM", "status": "operating"}}, {"type": "Feature", "id": 3420, "geometry": {"type": "Point", "coordinates": [106.309, 21.117]}, "properties": {"name": "Pha Lai Power Complex", "fuel": "coal", "mw": 300.0, "country": "VNM", "status": "operating"}}, {"type": "Feature", "id": 3421, "geometry": {"type": "Point", "coordinates": [106.309, 21.117]}, "properties": {"name": "Pha Lai Power Complex", "fuel": "coal", "mw": 2000.0, "country": "VNM", "status": "planned"}}, {"type": "Feature", "id": 3422, "geometry": {"type": "Point", "coordinates": [107.129, 21.012]}, "properties": {"name": "Quang Ninh power station", "fuel": "coal", "mw": 300.0, "country": "VNM", "status": "operating"}}, {"type": "Feature", "id": 3423, "geometry": {"type": "Point", "coordinates": [107.129, 21.012]}, "properties": {"name": "Quang Ninh power station", "fuel": "coal", "mw": 300.0, "country": "VNM", "status": "operating"}}, {"type": "Feature", "id": 3424, "geometry": {"type": "Point", "coordinates": [107.129, 21.012]}, "properties": {"name": "Quang Ninh power station", "fuel": "coal", "mw": 300.0, "country": "VNM", "status": "operating"}}, {"type": "Feature", "id": 3425, "geometry": {"type": "Point", "coordinates": [107.129, 21.012]}, "properties": {"name": "Quang Ninh power station", "fuel": "coal", "mw": 300.0, "country": "VNM", "status": "operating"}}, {"type": "Feature", "id": 3426, "geometry": {"type": "Point", "coordinates": [106.504, 17.95]}, "properties": {"name": "Quang Trach Power Center", "fuel": "coal", "mw": 701.0, "country": "VNM", "status": "construction"}}, {"type": "Feature", "id": 3427, "geometry": {"type": "Point", "coordinates": [106.504, 17.95]}, "properties": {"name": "Quang Trach Power Center", "fuel": "coal", "mw": 702.0, "country": "VNM", "status": "construction"}}, {"type": "Feature", "id": 3428, "geometry": {"type": "Point", "coordinates": [107.367, 16.757]}, "properties": {"name": "Quang Tri power station", "fuel": "coal", "mw": 600.0, "country": "VNM", "status": "planned"}}, {"type": "Feature", "id": 3429, "geometry": {"type": "Point", "coordinates": [107.367, 16.757]}, "properties": {"name": "Quang Tri power station", "fuel": "coal", "mw": 600.0, "country": "VNM", "status": "planned"}}, {"type": "Feature", "id": 3430, "geometry": {"type": "Point", "coordinates": [106.78, 21.179]}, "properties": {"name": "Son Dong power station", "fuel": "coal", "mw": 110.0, "country": "VNM", "status": "operating"}}, {"type": "Feature", "id": 3431, "geometry": {"type": "Point", "coordinates": [106.78, 21.179]}, "properties": {"name": "Son Dong power station", "fuel": "coal", "mw": 110.0, "country": "VNM", "status": "operating"}}, {"type": "Feature", "id": 3432, "geometry": {"type": "Point", "coordinates": [105.861, 9.953]}, "properties": {"name": "Song Hau Thermal Power Plant", "fuel": "coal", "mw": 600.0, "country": "VNM", "status": "operating"}}, {"type": "Feature", "id": 3433, "geometry": {"type": "Point", "coordinates": [105.861, 9.953]}, "properties": {"name": "Song Hau Thermal Power Plant", "fuel": "coal", "mw": 600.0, "country": "VNM", "status": "operating"}}, {"type": "Feature", "id": 3434, "geometry": {"type": "Point", "coordinates": [106.56, 20.481]}, "properties": {"name": "Thai Binh Power Center", "fuel": "coal", "mw": 300.0, "country": "VNM", "status": "operating"}}, {"type": "Feature", "id": 3435, "geometry": {"type": "Point", "coordinates": [106.56, 20.481]}, "properties": {"name": "Thai Binh Power Center", "fuel": "coal", "mw": 300.0, "country": "VNM", "status": "operating"}}, {"type": "Feature", "id": 3436, "geometry": {"type": "Point", "coordinates": [106.563, 20.483]}, "properties": {"name": "Thai Binh Power Center", "fuel": "coal", "mw": 600.0, "country": "VNM", "status": "operating"}}, {"type": "Feature", "id": 3437, "geometry": {"type": "Point", "coordinates": [106.563, 20.483]}, "properties": {"name": "Thai Binh Power Center", "fuel": "coal", "mw": 600.0, "country": "VNM", "status": "operating"}}, {"type": "Feature", "id": 3438, "geometry": {"type": "Point", "coordinates": [107.048, 21.022]}, "properties": {"name": "Thang Long power station", "fuel": "coal", "mw": 300.0, "country": "VNM", "status": "operating"}}, {"type": "Feature", "id": 3439, "geometry": {"type": "Point", "coordinates": [107.048, 21.022]}, "properties": {"name": "Thang Long power station", "fuel": "coal", "mw": 300.0, "country": "VNM", "status": "operating"}}, {"type": "Feature", "id": 3440, "geometry": {"type": "Point", "coordinates": [106.786, 21.039]}, "properties": {"name": "Uong Bi power station", "fuel": "coal", "mw": 300.0, "country": "VNM", "status": "operating"}}, {"type": "Feature", "id": 3441, "geometry": {"type": "Point", "coordinates": [106.786, 21.039]}, "properties": {"name": "Uong Bi power station", "fuel": "coal", "mw": 330.0, "country": "VNM", "status": "operating"}}, {"type": "Feature", "id": 3442, "geometry": {"type": "Point", "coordinates": [109.292, 12.477]}, "properties": {"name": "Van Phong power station", "fuel": "coal", "mw": 716.0, "country": "VNM", "status": "operating"}}, {"type": "Feature", "id": 3443, "geometry": {"type": "Point", "coordinates": [109.292, 12.477]}, "properties": {"name": "Van Phong power station", "fuel": "coal", "mw": 716.0, "country": "VNM", "status": "operating"}}, {"type": "Feature", "id": 3444, "geometry": {"type": "Point", "coordinates": [107.025, 10.661]}, "properties": {"name": "Vedan Vietnam Cogeneration power station", "fuel": "coal", "mw": 60.0, "country": "VNM", "status": "operating"}}, {"type": "Feature", "id": 3445, "geometry": {"type": "Point", "coordinates": [108.808, 11.317]}, "properties": {"name": "Vinh Tan power station", "fuel": "coal", "mw": 600.0, "country": "VNM", "status": "operating"}}, {"type": "Feature", "id": 3446, "geometry": {"type": "Point", "coordinates": [108.808, 11.317]}, "properties": {"name": "Vinh Tan power station", "fuel": "coal", "mw": 600.0, "country": "VNM", "status": "operating"}}, {"type": "Feature", "id": 3447, "geometry": {"type": "Point", "coordinates": [108.808, 11.317]}, "properties": {"name": "Vinh Tan power station", "fuel": "coal", "mw": 622.0, "country": "VNM", "status": "operating"}}, {"type": "Feature", "id": 3448, "geometry": {"type": "Point", "coordinates": [108.808, 11.317]}, "properties": {"name": "Vinh Tan power station", "fuel": "coal", "mw": 622.0, "country": "VNM", "status": "operating"}}, {"type": "Feature", "id": 3449, "geometry": {"type": "Point", "coordinates": [108.808, 11.317]}, "properties": {"name": "Vinh Tan power station", "fuel": "coal", "mw": 660.0, "country": "VNM", "status": "planned"}}, {"type": "Feature", "id": 3450, "geometry": {"type": "Point", "coordinates": [108.808, 11.317]}, "properties": {"name": "Vinh Tan power station", "fuel": "coal", "mw": 660.0, "country": "VNM", "status": "planned"}}, {"type": "Feature", "id": 3451, "geometry": {"type": "Point", "coordinates": [108.808, 11.317]}, "properties": {"name": "Vinh Tan power station", "fuel": "coal", "mw": 660.0, "country": "VNM", "status": "planned"}}, {"type": "Feature", "id": 3452, "geometry": {"type": "Point", "coordinates": [108.808, 11.317]}, "properties": {"name": "Vinh Tan power station", "fuel": "coal", "mw": 600.0, "country": "VNM", "status": "operating"}}, {"type": "Feature", "id": 3453, "geometry": {"type": "Point", "coordinates": [108.808, 11.317]}, "properties": {"name": "Vinh Tan power station", "fuel": "coal", "mw": 600.0, "country": "VNM", "status": "operating"}}, {"type": "Feature", "id": 3454, "geometry": {"type": "Point", "coordinates": [108.808, 11.317]}, "properties": {"name": "Vinh Tan power station", "fuel": "coal", "mw": 600.0, "country": "VNM", "status": "operating"}}, {"type": "Feature", "id": 3455, "geometry": {"type": "Point", "coordinates": [106.381, 18.098]}, "properties": {"name": "Vung Ang power station", "fuel": "coal", "mw": 600.0, "country": "VNM", "status": "operating"}}, {"type": "Feature", "id": 3456, "geometry": {"type": "Point", "coordinates": [106.381, 18.098]}, "properties": {"name": "Vung Ang power station", "fuel": "coal", "mw": 600.0, "country": "VNM", "status": "operating"}}, {"type": "Feature", "id": 3457, "geometry": {"type": "Point", "coordinates": [106.381, 18.098]}, "properties": {"name": "Vung Ang power station", "fuel": "coal", "mw": 660.0, "country": "VNM", "status": "operating"}}, {"type": "Feature", "id": 3458, "geometry": {"type": "Point", "coordinates": [106.381, 18.098]}, "properties": {"name": "Vung Ang power station", "fuel": "coal", "mw": 660.0, "country": "VNM", "status": "operating"}}]}