{"type":"FeatureCollection","features":[{"type":"Feature","id":0,"geometry":{"type":"Point","coordinates":[10.216,24.591]},"properties":{"name":"","fuel":"gas","mw":0.9,"country":"","status":"operating"}},{"type":"Feature","id":1,"geometry":{"type":"Point","coordinates":[10.556,25.789]},"properties":{"name":"66KVA","fuel":"gas","mw":5.0,"country":"LBY","status":"operating"}},{"type":"Feature","id":2,"geometry":{"type":"Point","coordinates":[9.786,28.642]},"properties":{"name":"Centrale électrique d'Alrar","fuel":"gas","mw":120.0,"country":"","status":"operating"}},{"type":"Feature","id":3,"geometry":{"type":"Point","coordinates":[11.144,31.957]},"properties":{"name":"محطة الرويسات الكهربائية","fuel":"gas","mw":936.0,"country":"LBY","status":"operating"}},{"type":"Feature","id":4,"geometry":{"type":"Point","coordinates":[12.674,32.789]},"properties":{"name":"Zawiya CCGT Power Plant","fuel":"gas","mw":1490.0,"country":"LBY","status":"operating"}},{"type":"Feature","id":5,"geometry":{"type":"Point","coordinates":[11.822,33.063]},"properties":{"name":"Abu Kammash Power Station","fuel":"gas","mw":90.0,"country":"","status":"operating"}},{"type":"Feature","id":6,"geometry":{"type":"Point","coordinates":[12.678,26.564]},"properties":{"name":"محطة اوباري الغازية لتوليد الكهرباء","fuel":"oil","mw":640.0,"country":"LBY","status":"operating"}},{"type":"Feature","id":7,"geometry":{"type":"Point","coordinates":[15.232,32.333]},"properties":{"name":"LISCO Power Plant","fuel":"gas","mw":507.0,"country":"LBY","status":"operating"}},{"type":"Feature","id":8,"geometry":{"type":"Point","coordinates":[12.878,32.679]},"properties":{"name":"Zahra Power Plant","fuel":"gas","mw":141.0,"country":"LBY","status":"operating"}},{"type":"Feature","id":9,"geometry":{"type":"Point","coordinates":[12.974,32.824]},"properties":{"name":"محطه توليد الكهرباء غرب طرابلس","fuel":"oil","mw":677.0,"country":"LBY","status":"operating"}},{"type":"Feature","id":10,"geometry":{"type":"Point","coordinates":[14.329,32.623]},"properties":{"name":"محطة الخمس الغازية","fuel":"gas","mw":1658.0,"country":"LBY","status":"operating"}},{"type":"Feature","id":11,"geometry":{"type":"Point","coordinates":[12.456,32.731]},"properties":{"name":"محطة توليد النهضة","fuel":"شركة_الكهرباء","mw":0.0,"country":"LBY","status":"operating"}},{"type":"Feature","id":12,"geometry":{"type":"Point","coordinates":[16.348,31.218]},"properties":{"name":"محطة سرت البخارية لتوليد الكهرباء","fuel":"oil","mw":350.0,"country":"LBY","status":"operating"}},{"type":"Feature","id":13,"geometry":{"type":"Point","coordinates":[13.621,-5.528]},"properties":{"name":"Inga II","fuel":"hydro","mw":1424.0,"country":"COD","status":"operating"}},{"type":"Feature","id":14,"geometry":{"type":"Point","coordinates":[13.622,-5.516]},"properties":{"name":"Inga I","fuel":"hydro","mw":351.0,"country":"COD","status":"operating"}},{"type":"Feature","id":15,"geometry":{"type":"Point","coordinates":[14.958,-4.842]},"properties":{"name":"Centrale hydroélectrique de Sanga","fuel":"hydro","mw":11.0,"country":"COD","status":"operating"}},{"type":"Feature","id":16,"geometry":{"type":"Point","coordinates":[14.868,-4.78]},"properties":{"name":"Centrale hydroélectrique de Zongo II","fuel":"hydro","mw":150.0,"country":"COD","status":"operating"}},{"type":"Feature","id":17,"geometry":{"type":"Point","coordinates":[14.902,-4.782]},"properties":{"name":"Centrale hydroélectrique de Zongo I","fuel":"hydro","mw":75.0,"country":"COD","status":"operating"}},{"type":"Feature","id":18,"geometry":{"type":"Point","coordinates":[27.104,-11.249]},"properties":{"name":"Kipoi","fuel":"diesel","mw":14.0,"country":"COD","status":"operating"}},{"type":"Feature","id":19,"geometry":{"type":"Point","coordinates":[27.245,-10.745]},"properties":{"name":"Centrale hydroélectrique de Mwadingusha","fuel":"hydro","mw":68.0,"country":"COD","status":"operating"}},{"type":"Feature","id":20,"geometry":{"type":"Point","coordinates":[27.284,-10.719]},"properties":{"name":"Centrale hydroélectrique de Koni","fuel":"hydro","mw":42.0,"country":"COD","status":"operating"}},{"type":"Feature","id":21,"geometry":{"type":"Point","coordinates":[27.568,-11.377]},"properties":{"name":"Kinesevere","fuel":"diesel","mw":14.0,"country":"COD","status":"operating"}},{"type":"Feature","id":22,"geometry":{"type":"Point","coordinates":[27.587,-11.628]},"properties":{"name":"L'Etoile","fuel":"diesel","mw":0.0,"country":"COD","status":"operating"}},{"type":"Feature","id":23,"geometry":{"type":"Point","coordinates":[28.784,-13.027]},"properties":{"name":"Dangote Cement","fuel":"coal","mw":30.0,"country":"","status":"operating"}},{"type":"Feature","id":24,"geometry":{"type":"Point","coordinates":[28.928,-13.18]},"properties":{"name":"Lonshi Mine","fuel":"diesel","mw":0.0,"country":"COD","status":"operating"}},{"type":"Feature","id":25,"geometry":{"type":"Point","coordinates":[27.24,-11.764]},"properties":{"name":"Kipushi Mine","fuel":"diesel","mw":14.0,"country":"COD","status":"operating"}},{"type":"Feature","id":26,"geometry":{"type":"Point","coordinates":[25.189,-10.884]},"properties":{"name":"Kakula","fuel":"diesel","mw":0.0,"country":"COD","status":"operating"}},{"type":"Feature","id":27,"geometry":{"type":"Point","coordinates":[25.24,-10.811]},"properties":{"name":"Kansoko","fuel":"diesel","mw":0.0,"country":"COD","status":"operating"}},{"type":"Feature","id":28,"geometry":{"type":"Point","coordinates":[25.356,-10.667]},"properties":{"name":"Luilu Resources","fuel":"diesel","mw":9.0,"country":"COD","status":"operating"}},{"type":"Feature","id":29,"geometry":{"type":"Point","coordinates":[25.393,-10.683]},"properties":{"name":"KCC","fuel":"diesel","mw":0.0,"country":"COD","status":"operating"}},{"type":"Feature","id":30,"geometry":{"type":"Point","coordinates":[25.396,-10.676]},"properties":{"name":"KCC","fuel":"diesel","mw":0.0,"country":"COD","status":"operating"}},{"type":"Feature","id":31,"geometry":{"type":"Point","coordinates":[25.406,-10.304]},"properties":{"name":"Centrale hydroélectrique de Nseke","fuel":"hydro","mw":260.0,"country":"COD","status":"operating"}},{"type":"Feature","id":32,"geometry":{"type":"Point","coordinates":[25.41,-10.126]},"properties":{"name":"Centrale hydroélectrique de Busanga","fuel":"hydro","mw":240.0,"country":"COD","status":"operating"}},{"type":"Feature","id":33,"geometry":{"type":"Point","coordinates":[25.423,-10.749]},"properties":{"name":"Zijin 2","fuel":"diesel","mw":0.0,"country":"COD","status":"operating"}},{"type":"Feature","id":34,"geometry":{"type":"Point","coordinates":[25.425,-10.751]},"properties":{"name":"Zijin 1","fuel":"diesel","mw":0.0,"country":"COD","status":"operating"}},{"type":"Feature","id":35,"geometry":{"type":"Point","coordinates":[25.426,-10.64]},"properties":{"name":"Metakol","fuel":"diesel","mw":0.0,"country":"COD","status":"operating"}},{"type":"Feature","id":36,"geometry":{"type":"Point","coordinates":[25.446,-10.503]},"properties":{"name":"Centrale hydroélectrique de Nzilo","fuel":"hydro","mw":108.0,"country":"COD","status":"operating"}},{"type":"Feature","id":37,"geometry":{"type":"Point","coordinates":[25.463,-10.701]},"properties":{"name":"","fuel":"diesel","mw":0.0,"country":"COD","status":"operating"}},{"type":"Feature","id":38,"geometry":{"type":"Point","coordinates":[25.779,-10.801]},"properties":{"name":"Deziwa","fuel":"diesel","mw":15.0,"country":"COD","status":"operating"}},{"type":"Feature","id":39,"geometry":{"type":"Point","coordinates":[25.794,-10.8]},"properties":{"name":"Mutanda","fuel":"diesel","mw":0.0,"country":"COD","status":"operating"}},{"type":"Feature","id":40,"geometry":{"type":"Point","coordinates":[25.816,-10.799]},"properties":{"name":"Mutanda 2","fuel":"diesel","mw":12.0,"country":"COD","status":"operating"}},{"type":"Feature","id":41,"geometry":{"type":"Point","coordinates":[25.894,-10.006]},"properties":{"name":"Lubudi Hydroelectric Powerstation","fuel":"hydro","mw":1.0,"country":"COD","status":"operating"}},{"type":"Feature","id":42,"geometry":{"type":"Point","coordinates":[25.904,-9.963]},"properties":{"name":"Kalule Hydroelectric Powerstation","fuel":"hydro","mw":2.0,"country":"COD","status":"operating"}},{"type":"Feature","id":43,"geometry":{"type":"Point","coordinates":[20.89,-6.501]},"properties":{"name":"Centrale hydroélectrique de Lungudi","fuel":"hydro","mw":1.5,"country":"COD","status":"operating"}},{"type":"Feature","id":44,"geometry":{"type":"Point","coordinates":[19.051,-5.629]},"properties":{"name":"Centrale hydroélectrique de Kakobola","fuel":"hydro","mw":9.0,"country":"COD","status":"operating"}},{"type":"Feature","id":45,"geometry":{"type":"Point","coordinates":[20.116,30.955]},"properties":{"name":"محطة كهرباء الزويتينة الغازية","fuel":"gas","mw":770.0,"country":"LBY","status":"operating"}},{"type":"Feature","id":46,"geometry":{"type":"Point","coordinates":[20.132,32.201]},"properties":{"name":"محطة توليد شمال بنغازي البخارية","fuel":"gas","mw":1735.0,"country":"LBY","status":"operating"}},{"type":"Feature","id":47,"geometry":{"type":"Point","coordinates":[19.814,29.464]},"properties":{"name":"","fuel":"unknown","mw":0.0,"country":"LBY","status":"operating"}},{"type":"Feature","id":48,"geometry":{"type":"Point","coordinates":[20.21,3.386]},"properties":{"name":"Zulu","fuel":"hydro","mw":0.0,"country":"COD","status":"operating"}},{"type":"Feature","id":49,"geometry":{"type":"Point","coordinates":[19.518,28.45]},"properties":{"name":"Zaggut Station","fuel":"oil","mw":0.0,"country":"LBY","status":"operating"}},{"type":"Feature","id":50,"geometry":{"type":"Point","coordinates":[23.766,-6.085]},"properties":{"name":"Barrage hydro électrique de Tshiala II","fuel":"hydro","mw":6.0,"country":"COD","status":"operating"}},{"type":"Feature","id":51,"geometry":{"type":"Point","coordinates":[25.276,-8.041]},"properties":{"name":"Kilubi Hydroelectic Power Station","fuel":"hydro","mw":9.9,"country":"COD","status":"operating"}},{"type":"Feature","id":52,"geometry":{"type":"Point","coordinates":[26.493,-1.426]},"properties":{"name":"Punia Hydroelectric Powerstation","fuel":"hydro","mw":2.0,"country":"COD","status":"operating"}},{"type":"Feature","id":53,"geometry":{"type":"Point","coordinates":[26.621,-2.642]},"properties":{"name":"Lutshurukuru Hydroelectric Powerstation","fuel":"hydro","mw":5.6,"country":"COD","status":"operating"}},{"type":"Feature","id":54,"geometry":{"type":"Point","coordinates":[27.397,-7.305]},"properties":{"name":"Manono","fuel":"solar","mw":1.0,"country":"COD","status":"operating"}},{"type":"Feature","id":55,"geometry":{"type":"Point","coordinates":[28.094,-7.649]},"properties":{"name":"Piana Mwanga Hydroelectric Powerstation","fuel":"hydro","mw":54.0,"country":"COD","status":"operating"}},{"type":"Feature","id":56,"geometry":{"type":"Point","coordinates":[28.246,-3.058]},"properties":{"name":"centrale de Mugombe","fuel":"hydro","mw":0.0,"country":"COD","status":"operating"}},{"type":"Feature","id":57,"geometry":{"type":"Point","coordinates":[28.875,-2.509]},"properties":{"name":"Centrale hydroélectrique Rusizi I","fuel":"hydro","mw":29.8,"country":"COD","status":"operating"}},{"type":"Feature","id":58,"geometry":{"type":"Point","coordinates":[28.902,-2.633]},"properties":{"name":"Centrale hydroélectrique Rusizi II","fuel":"hydro","mw":43.8,"country":"RWA","status":"operating"}},{"type":"Feature","id":59,"geometry":{"type":"Point","coordinates":[28.93,-5.044]},"properties":{"name":"Usine hydroélectrique de Bendera","fuel":"hydro","mw":17.2,"country":"COD","status":"operating"}},{"type":"Feature","id":60,"geometry":{"type":"Point","coordinates":[28.94,-2.667]},"properties":{"name":"Gishoma Thermal Power Station","fuel":"peat","mw":15.0,"country":"RWA","status":"operating"}},{"type":"Feature","id":61,"geometry":{"type":"Point","coordinates":[29.243,-2.276]},"properties":{"name":"Nyirabuhombohombo Hydro Power Plant","fuel":"hydro","mw":0.5,"country":"RWA","status":"operating"}},{"type":"Feature","id":62,"geometry":{"type":"Point","coordinates":[29.265,-1.71]},"properties":{"name":"","fuel":"hydro","mw":0.0,"country":"RWA","status":"operating"}},{"type":"Feature","id":63,"geometry":{"type":"Point","coordinates":[29.278,-1.691]},"properties":{"name":"","fuel":"hydro","mw":0.0,"country":"RWA","status":"operating"}},{"type":"Feature","id":64,"geometry":{"type":"Point","coordinates":[29.293,-1.807]},"properties":{"name":"Gashashi Hydro Power Plant","fuel":"hydro","mw":0.2,"country":"RWA","status":"operating"}},{"type":"Feature","id":65,"geometry":{"type":"Point","coordinates":[29.298,-1.828]},"properties":{"name":"Cyimbili Hydro Power Plant","fuel":"hydro","mw":0.3,"country":"RWA","status":"operating"}},{"type":"Feature","id":66,"geometry":{"type":"Point","coordinates":[29.299,-1.85]},"properties":{"name":"Nkora Hydro Power Plant","fuel":"hydro","mw":0.7,"country":"RWA","status":"operating"}},{"type":"Feature","id":67,"geometry":{"type":"Point","coordinates":[29.313,-1.705]},"properties":{"name":"Keya Hydro Power Plant","fuel":"hydro","mw":2.2,"country":"RWA","status":"operating"}},{"type":"Feature","id":68,"geometry":{"type":"Point","coordinates":[29.32,-2.068]},"properties":{"name":"Kivu Watt Power Station","fuel":"gas","mw":26.4,"country":"RWA","status":"operating"}},{"type":"Feature","id":69,"geometry":{"type":"Point","coordinates":[29.351,-3.372]},"properties":{"name":"Centrale Interpetrol","fuel":"diesel","mw":30.0,"country":"BDI","status":"operating"}},{"type":"Feature","id":70,"geometry":{"type":"Point","coordinates":[29.194,-1.641]},"properties":{"name":"Nuru Solar PV Metrogrid","fuel":"solar","mw":1.3,"country":"COD","status":"operating"}},{"type":"Feature","id":71,"geometry":{"type":"Point","coordinates":[29.334,-3.745]},"properties":{"name":"Centrale Hydroélectrique de Ruzibazi","fuel":"hydro","mw":15.0,"country":"BDI","status":"operating"}},{"type":"Feature","id":72,"geometry":{"type":"Point","coordinates":[29.271,-2.925]},"properties":{"name":"Centrale Hydroélectrique de Kaburantwa 16","fuel":"hydro","mw":20.0,"country":"BDI","status":"operating"}},{"type":"Feature","id":73,"geometry":{"type":"Point","coordinates":[29.415,-3.491]},"properties":{"name":"Centrale hydroélectrique du Nyankere","fuel":"hydro","mw":8.0,"country":"BDI","status":"operating"}},{"type":"Feature","id":74,"geometry":{"type":"Point","coordinates":[29.463,-2.938]},"properties":{"name":"Centrale hydroélectrique de Rwegura","fuel":"hydro","mw":18.0,"country":"BDI","status":"operating"}},{"type":"Feature","id":75,"geometry":{"type":"Point","coordinates":[29.496,-2.441]},"properties":{"name":"Rukarara I Hydroelectric Plant","fuel":"hydro","mw":9.5,"country":"RWA","status":"operating"}},{"type":"Feature","id":76,"geometry":{"type":"Point","coordinates":[29.512,-2.441]},"properties":{"name":"Rukarara V Hydroelectric Plant","fuel":"hydro","mw":2.2,"country":"RWA","status":"operating"}},{"type":"Feature","id":77,"geometry":{"type":"Point","coordinates":[29.517,-2.774]},"properties":{"name":"Nshili 1 Hydro Power Plant","fuel":"hydro","mw":0.4,"country":"RWA","status":"operating"}},{"type":"Feature","id":78,"geometry":{"type":"Point","coordinates":[29.546,-4.06]},"properties":{"name":"Buhinda Micro-Hydro Power Plant","fuel":"hydro","mw":0.0,"country":"BDI","status":"operating"}},{"type":"Feature","id":79,"geometry":{"type":"Point","coordinates":[29.568,-3.96]},"properties":{"name":"Centrale hydroélectrique Nyemanga","fuel":"hydro","mw":2.9,"country":"BDI","status":"operating"}},{"type":"Feature","id":80,"geometry":{"type":"Point","coordinates":[29.574,-1.688]},"properties":{"name":"Giciye I Hydro Power Plant","fuel":"hydro","mw":4.0,"country":"RWA","status":"operating"}},{"type":"Feature","id":81,"geometry":{"type":"Point","coordinates":[29.591,-1.669]},"properties":{"name":"Giciye II Hydro Power Plant","fuel":"hydro","mw":4.0,"country":"RWA","status":"operating"}},{"type":"Feature","id":82,"geometry":{"type":"Point","coordinates":[29.622,-4.886]},"properties":{"name":"Kigoma Power Station","fuel":"diesel","mw":6.2,"country":"TZA","status":"operating"}},{"type":"Feature","id":83,"geometry":{"type":"Point","coordinates":[29.639,-1.978]},"properties":{"name":"Nyabarongo I Hydro Power Plant","fuel":"hydro","mw":28.0,"country":"RWA","status":"operating"}},{"type":"Feature","id":84,"geometry":{"type":"Point","coordinates":[29.648,-1.625]},"properties":{"name":"Gaseke Hydro Power Plant","fuel":"hydro","mw":0.5,"country":"RWA","status":"operating"}},{"type":"Feature","id":85,"geometry":{"type":"Point","coordinates":[29.655,-1.582]},"properties":{"name":"Mukungwa II Hydro Power Plant","fuel":"hydro","mw":2.5,"country":"RWA","status":"operating"}},{"type":"Feature","id":86,"geometry":{"type":"Point","coordinates":[29.659,-3.26]},"properties":{"name":"Centrale hydroélectrique Gikonge","fuel":"hydro","mw":1.0,"country":"BDI","status":"operating"}},{"type":"Feature","id":87,"geometry":{"type":"Point","coordinates":[29.682,-1.537]},"properties":{"name":"SoEnergy","fuel":"oil","mw":10.0,"country":"RWA","status":"operating"}},{"type":"Feature","id":88,"geometry":{"type":"Point","coordinates":[29.683,-1.537]},"properties":{"name":"Mukungwa Hydro Power Plant","fuel":"hydro","mw":12.0,"country":"RWA","status":"operating"}},{"type":"Feature","id":89,"geometry":{"type":"Point","coordinates":[29.688,-4.899]},"properties":{"name":"","fuel":"solar","mw":0.0,"country":"TZA","status":"operating"}},{"type":"Feature","id":90,"geometry":{"type":"Point","coordinates":[29.688,-4.899]},"properties":{"name":"Solawazi","fuel":"solar","mw":5.0,"country":"TZA","status":"operating"}},{"type":"Feature","id":91,"geometry":{"type":"Point","coordinates":[29.75,-1.477]},"properties":{"name":"Ntaruka Hydro Power Station","fuel":"hydro","mw":11.2,"country":"RWA","status":"operating"}},{"type":"Feature","id":92,"geometry":{"type":"Point","coordinates":[29.828,-1.422]},"properties":{"name":"Rugezi Hydro Power Plant","fuel":"hydro","mw":2.2,"country":"RWA","status":"operating"}},{"type":"Feature","id":93,"geometry":{"type":"Point","coordinates":[29.964,-2.476]},"properties":{"name":"Mamba Hakan (Peatpower Plant)","fuel":"peat","mw":80.0,"country":"BDI","status":"operating"}},{"type":"Feature","id":94,"geometry":{"type":"Point","coordinates":[29.985,-3.347]},"properties":{"name":"Centrale Hydroélectrique de Ruvyironza","fuel":"hydro","mw":1.3,"country":"BDI","status":"operating"}},{"type":"Feature","id":95,"geometry":{"type":"Point","coordinates":[30.016,-1.884]},"properties":{"name":"Kigali Solaire - Kigali Photovoltaic Power Plant","fuel":"solar","mw":0.2,"country":"RWA","status":"operating"}},{"type":"Feature","id":96,"geometry":{"type":"Point","coordinates":[30.074,-1.882]},"properties":{"name":"Jabana I & II Thermal Power Plant","fuel":"oil","mw":27.8,"country":"RWA","status":"operating"}},{"type":"Feature","id":97,"geometry":{"type":"Point","coordinates":[30.124,-4.581]},"properties":{"name":"Kasulu Power Station","fuel":"diesel","mw":2.5,"country":"TZA","status":"operating"}},{"type":"Feature","id":98,"geometry":{"type":"Point","coordinates":[30.126,-1.907]},"properties":{"name":"SoEnergy","fuel":"oil","mw":10.0,"country":"RWA","status":"operating"}},{"type":"Feature","id":99,"geometry":{"type":"Point","coordinates":[30.15,-1.933]},"properties":{"name":"SoEnergy","fuel":"oil","mw":10.0,"country":"RWA","status":"operating"}},{"type":"Feature","id":100,"geometry":{"type":"Point","coordinates":[30.154,-3.04]},"properties":{"name":"Centrale Hydroélectrique de Buhiga","fuel":"hydro","mw":0.5,"country":"BDI","status":"operating"}},{"type":"Feature","id":101,"geometry":{"type":"Point","coordinates":[30.377,-2.027]},"properties":{"name":"Rwamagana Solar Power Station","fuel":"solar","mw":8.5,"country":"RWA","status":"operating"}},{"type":"Feature","id":102,"geometry":{"type":"Point","coordinates":[30.745,-2.098]},"properties":{"name":"Nasho Power","fuel":"solar","mw":3.3,"country":"RWA","status":"operating"}},{"type":"Feature","id":103,"geometry":{"type":"Point","coordinates":[30.784,-2.382]},"properties":{"name":"Rusumo Hydroelectric Power Station","fuel":"hydro","mw":80.0,"country":"TZA","status":"operating"}},{"type":"Feature","id":104,"geometry":{"type":"Point","coordinates":[30.887,-3.406]},"properties":{"name":"","fuel":"solar","mw":0.0,"country":"TZA","status":"operating"}},{"type":"Feature","id":105,"geometry":{"type":"Point","coordinates":[32.184,-2.864]},"properties":{"name":"Geita Gold Mine Power Plant","fuel":"diesel","mw":0.0,"country":"TZA","status":"operating"}},{"type":"Feature","id":106,"geometry":{"type":"Point","coordinates":[30.262,-2.276]},"properties":{"name":"","fuel":"solar","mw":0.0,"country":"RWA","status":"operating"}},{"type":"Feature","id":107,"geometry":{"type":"Point","coordinates":[29.647,-1.565]},"properties":{"name":"Rwanza","fuel":"hydro","mw":2.6,"country":"RWA","status":"operating"}},{"type":"Feature","id":108,"geometry":{"type":"Point","coordinates":[29.987,-3.375]},"properties":{"name":"Mubuga Solar Power Station","fuel":"solar","mw":7.5,"country":"BDI","status":"operating"}},{"type":"Feature","id":109,"geometry":{"type":"Point","coordinates":[29.384,-3.356]},"properties":{"name":"Centre Hospitalo–Universitaire de Kamenge (CHUK) Solar Plant","fuel":"solar","mw":0.0,"country":"BDI","status":"operating"}},{"type":"Feature","id":110,"geometry":{"type":"Point","coordinates":[29.436,-2.459]},"properties":{"name":"Rukarara II Hydroelectric Plant","fuel":"hydro","mw":5.0,"country":"RWA","status":"operating"}},{"type":"Feature","id":111,"geometry":{"type":"Point","coordinates":[29.582,-1.522]},"properties":{"name":"Mutobo Mini Hydro Electric Plant","fuel":"hydro","mw":0.0,"country":"RWA","status":"operating"}},{"type":"Feature","id":112,"geometry":{"type":"Point","coordinates":[30.388,-2.888]},"properties":{"name":"Centrale Hydroélectrique de Kayenzi","fuel":"hydro","mw":0.8,"country":"BDI","status":"operating"}},{"type":"Feature","id":113,"geometry":{"type":"Point","coordinates":[29.965,-2.73]},"properties":{"name":"Centrale Hydroélectrique de Marangara","fuel":"hydro","mw":0.3,"country":"BDI","status":"operating"}},{"type":"Feature","id":114,"geometry":{"type":"Point","coordinates":[29.777,-3.329]},"properties":{"name":"Centrale Hydroélectrique du Nyamyotsi","fuel":"hydro","mw":0.3,"country":"BDI","status":"operating"}},{"type":"Feature","id":115,"geometry":{"type":"Point","coordinates":[29.565,-3.887]},"properties":{"name":"Centrale Hydroélectrique de Jiji","fuel":"hydro","mw":32.5,"country":"BDI","status":"operating"}},{"type":"Feature","id":116,"geometry":{"type":"Point","coordinates":[30.096,-1.313]},"properties":{"name":"Muvumbe","fuel":"hydro","mw":6.5,"country":"RWA","status":"operating"}},{"type":"Feature","id":117,"geometry":{"type":"Point","coordinates":[32.15,-0.306]},"properties":{"name":"Bukuzindu Hybrid Solar and Thermal Power Station","fuel":"solar","mw":1.6,"country":"UGA","status":"operating"}},{"type":"Feature","id":118,"geometry":{"type":"Point","coordinates":[29.308,0.059]},"properties":{"name":"Microcentrale Katwakirundi","fuel":"hydro","mw":0.0,"country":"COD","status":"operating"}},{"type":"Feature","id":119,"geometry":{"type":"Point","coordinates":[30.321,0.067]},"properties":{"name":"Mpanga Hydroelectric Power Station","fuel":"hydro","mw":18.0,"country":"UGA","status":"operating"}},{"type":"Feature","id":120,"geometry":{"type":"Point","coordinates":[30.149,0.26]},"properties":{"name":"Mubuku III Power Station","fuel":"hydro","mw":9.9,"country":"UGA","status":"operating"}},{"type":"Feature","id":121,"geometry":{"type":"Point","coordinates":[30.098,0.305]},"properties":{"name":"Bugoye Power Station","fuel":"hydro","mw":13.0,"country":"UGA","status":"operating"}},{"type":"Feature","id":122,"geometry":{"type":"Point","coordinates":[30.069,0.328]},"properties":{"name":"Mubuku I Power Station","fuel":"hydro","mw":5.0,"country":"UGA","status":"operating"}},{"type":"Feature","id":123,"geometry":{"type":"Point","coordinates":[30.204,0.374]},"properties":{"name":"Rwimi Power Station","fuel":"hydro","mw":5.5,"country":"UGA","status":"operating"}},{"type":"Feature","id":124,"geometry":{"type":"Point","coordinates":[25.186,0.538]},"properties":{"name":"Centrale hydroélectrique de la Tshopo","fuel":"hydro","mw":19.6,"country":"COD","status":"operating"}},{"type":"Feature","id":125,"geometry":{"type":"Point","coordinates":[31.105,1.558]},"properties":{"name":"Kabalega Power Station","fuel":"hydro","mw":9.0,"country":"UGA","status":"operating"}},{"type":"Feature","id":126,"geometry":{"type":"Point","coordinates":[31.606,1.637]},"properties":{"name":"Kinyara Power Station","fuel":"biomass","mw":14.5,"country":"UGA","status":"operating"}},{"type":"Feature","id":127,"geometry":{"type":"Point","coordinates":[30.973,2.428]},"properties":{"name":"Nyagak Microhydropower","fuel":"hydro","mw":3.5,"country":"UGA","status":"operating"}},{"type":"Feature","id":128,"geometry":{"type":"Point","coordinates":[29.582,3.085]},"properties":{"name":"","fuel":"hydro","mw":0.0,"country":"COD","status":"operating"}},{"type":"Feature","id":129,"geometry":{"type":"Point","coordinates":[29.498,3.19]},"properties":{"name":"","fuel":"hydro","mw":0.0,"country":"COD","status":"operating"}},{"type":"Feature","id":130,"geometry":{"type":"Point","coordinates":[29.493,3.33]},"properties":{"name":"CHE Nzoro","fuel":"hydro","mw":0.0,"country":"COD","status":"operating"}},{"type":"Feature","id":131,"geometry":{"type":"Point","coordinates":[21.185,4.306]},"properties":{"name":"Barrage de Mobayi-Mbongo","fuel":"hydro","mw":11.4,"country":"","status":"operating"}},{"type":"Feature","id":132,"geometry":{"type":"Point","coordinates":[31.621,4.85]},"properties":{"name":"","fuel":"diesel","mw":0.0,"country":"SSD","status":"operating"}},{"type":"Feature","id":133,"geometry":{"type":"Point","coordinates":[29.461,-1.226]},"properties":{"name":"Centrale hydroélectrique de Rutshuru","fuel":"hydro","mw":13.8,"country":"COD","status":"operating"}},{"type":"Feature","id":134,"geometry":{"type":"Point","coordinates":[29.409,-1.212]},"properties":{"name":"Rutshuru","fuel":"hydro","mw":0.0,"country":"COD","status":"operating"}},{"type":"Feature","id":135,"geometry":{"type":"Point","coordinates":[29.752,0.081]},"properties":{"name":"Lubilia","fuel":"hydro","mw":5.4,"country":"UGA","status":"operating"}},{"type":"Feature","id":136,"geometry":{"type":"Point","coordinates":[30.262,1.638]},"properties":{"name":"CHE Soleniama","fuel":"hydro","mw":0.0,"country":"COD","status":"operating"}},{"type":"Feature","id":137,"geometry":{"type":"Point","coordinates":[30.163,1.562]},"properties":{"name":"CHE Budana","fuel":"hydro","mw":12.5,"country":"COD","status":"operating"}},{"type":"Feature","id":138,"geometry":{"type":"Point","coordinates":[29.985,0.599]},"properties":{"name":"Ndugutu","fuel":"hydro","mw":5.9,"country":"UGA","status":"operating"}},{"type":"Feature","id":139,"geometry":{"type":"Point","coordinates":[31.54,4.817]},"properties":{"name":"UN House - Juba","fuel":"solar","mw":1.0,"country":"SSD","status":"operating"}},{"type":"Feature","id":140,"geometry":{"type":"Point","coordinates":[29.941,0.105]},"properties":{"name":"Nyamagasani II Hydroelectric Power Station","fuel":"hydro","mw":6.0,"country":"UGA","status":"operating"}},{"type":"Feature","id":141,"geometry":{"type":"Point","coordinates":[29.94,0.133]},"properties":{"name":"Nyamagasani I Hydroelectric Power Station","fuel":"hydro","mw":15.0,"country":"UGA","status":"operating"}},{"type":"Feature","id":142,"geometry":{"type":"Point","coordinates":[29.993,0.224]},"properties":{"name":"Nyamwamba II Hydroelectric Power Station","fuel":"hydro","mw":7.8,"country":"UGA","status":"operating"}},{"type":"Feature","id":143,"geometry":{"type":"Point","coordinates":[30.016,0.196]},"properties":{"name":"Nyamwamba I Hydroelectric Power Station","fuel":"hydro","mw":7.8,"country":"UGA","status":"operating"}},{"type":"Feature","id":144,"geometry":{"type":"Point","coordinates":[30.261,0.472]},"properties":{"name":"Mahoma Hydro Plant","fuel":"hydro","mw":2.7,"country":"UGA","status":"operating"}},{"type":"Feature","id":145,"geometry":{"type":"Point","coordinates":[30.117,-0.209]},"properties":{"name":"Kyambura","fuel":"hydro","mw":7.6,"country":"UGA","status":"operating"}},{"type":"Feature","id":146,"geometry":{"type":"Point","coordinates":[31.637,4.844]},"properties":{"name":"Ezra Power - Juba","fuel":"solar","mw":30.0,"country":"SSD","status":"operating"}},{"type":"Feature","id":147,"geometry":{"type":"Point","coordinates":[31.635,4.844]},"properties":{"name":"Ezra Power","fuel":"diesel","mw":30.0,"country":"SSD","status":"operating"}},{"type":"Feature","id":148,"geometry":{"type":"Point","coordinates":[29.708,3.732]},"properties":{"name":"Faradje","fuel":"solar","mw":0.2,"country":"COD","status":"operating"}},{"type":"Feature","id":149,"geometry":{"type":"Point","coordinates":[29.702,3.461]},"properties":{"name":"Tadu","fuel":"solar","mw":0.2,"country":"COD","status":"operating"}},{"type":"Feature","id":150,"geometry":{"type":"Point","coordinates":[29.431,0.116]},"properties":{"name":"Talihya-Nord I","fuel":"hydro","mw":13.8,"country":"COD","status":"operating"}},{"type":"Feature","id":151,"geometry":{"type":"Point","coordinates":[31.49,4.87]},"properties":{"name":"Juba Solar Power Station","fuel":"solar","mw":20.0,"country":"SSD","status":"operating"}},{"type":"Feature","id":152,"geometry":{"type":"Point","coordinates":[18.451,29.015]},"properties":{"name":"Gattar Station","fuel":"oil","mw":0.0,"country":"LBY","status":"operating"}},{"type":"Feature","id":153,"geometry":{"type":"Point","coordinates":[27.966,7.715]},"properties":{"name":"UN Compound - Wau","fuel":"solar","mw":1.2,"country":"SSD","status":"operating"}},{"type":"Feature","id":154,"geometry":{"type":"Point","coordinates":[27.968,7.715]},"properties":{"name":"UN Compound - Wau","fuel":"oil","mw":0.0,"country":"SSD","status":"operating"}},{"type":"Feature","id":155,"geometry":{"type":"Point","coordinates":[27.932,8.267]},"properties":{"name":"","fuel":"solar","mw":0.0,"country":"SSD","status":"operating"}},{"type":"Feature","id":156,"geometry":{"type":"Point","coordinates":[29.411,10.111]},"properties":{"name":"","fuel":"oil","mw":0.0,"country":"SDN","status":"operating"}},{"type":"Feature","id":157,"geometry":{"type":"Point","coordinates":[29.412,10.116]},"properties":{"name":"","fuel":"oil","mw":0.0,"country":"SDN","status":"operating"}},{"type":"Feature","id":158,"geometry":{"type":"Point","coordinates":[29.411,10.12]},"properties":{"name":"","fuel":"oil","mw":0.0,"country":"SDN","status":"operating"}},{"type":"Feature","id":159,"geometry":{"type":"Point","coordinates":[29.41,10.123]},"properties":{"name":"","fuel":"oil","mw":0.0,"country":"SDN","status":"operating"}},{"type":"Feature","id":160,"geometry":{"type":"Point","coordinates":[29.38,10.124]},"properties":{"name":"","fuel":"oil","mw":0.0,"country":"SDN","status":"operating"}},{"type":"Feature","id":161,"geometry":{"type":"Point","coordinates":[29.38,10.133]},"properties":{"name":"","fuel":"oil","mw":0.0,"country":"SDN","status":"operating"}},{"type":"Feature","id":162,"geometry":{"type":"Point","coordinates":[29.38,10.136]},"properties":{"name":"","fuel":"oil","mw":0.0,"country":"SDN","status":"operating"}},{"type":"Feature","id":163,"geometry":{"type":"Point","coordinates":[29.382,10.138]},"properties":{"name":"","fuel":"oil","mw":0.0,"country":"SDN","status":"operating"}},{"type":"Feature","id":164,"geometry":{"type":"Point","coordinates":[29.395,10.143]},"properties":{"name":"","fuel":"oil","mw":0.0,"country":"SDN","status":"operating"}},{"type":"Feature","id":165,"geometry":{"type":"Point","coordinates":[29.383,10.144]},"properties":{"name":"","fuel":"oil","mw":0.0,"country":"SDN","status":"operating"}},{"type":"Feature","id":166,"geometry":{"type":"Point","coordinates":[29.393,10.146]},"properties":{"name":"","fuel":"oil","mw":0.0,"country":"SDN","status":"operating"}},{"type":"Feature","id":167,"geometry":{"type":"Point","coordinates":[29.384,10.151]},"properties":{"name":"","fuel":"oil","mw":0.0,"country":"SDN","status":"operating"}},{"type":"Feature","id":168,"geometry":{"type":"Point","coordinates":[29.384,10.157]},"properties":{"name":"","fuel":"oil","mw":0.0,"country":"SDN","status":"operating"}},{"type":"Feature","id":169,"geometry":{"type":"Point","coordinates":[29.387,10.258]},"properties":{"name":"","fuel":"oil","mw":0.0,"country":"SDN","status":"operating"}},{"type":"Feature","id":170,"geometry":{"type":"Point","coordinates":[29.381,10.26]},"properties":{"name":"","fuel":"oil","mw":0.0,"country":"SDN","status":"operating"}},{"type":"Feature","id":171,"geometry":{"type":"Point","coordinates":[29.386,10.261]},"properties":{"name":"","fuel":"oil","mw":0.0,"country":"SDN","status":"operating"}},{"type":"Feature","id":172,"geometry":{"type":"Point","coordinates":[29.412,10.264]},"properties":{"name":"","fuel":"oil","mw":0.0,"country":"SDN","status":"operating"}},{"type":"Feature","id":173,"geometry":{"type":"Point","coordinates":[29.376,10.264]},"properties":{"name":"","fuel":"oil","mw":0.0,"country":"SDN","status":"operating"}},{"type":"Feature","id":174,"geometry":{"type":"Point","coordinates":[29.383,10.265]},"properties":{"name":"","fuel":"oil","mw":0.0,"country":"SDN","status":"operating"}},{"type":"Feature","id":175,"geometry":{"type":"Point","coordinates":[29.372,10.266]},"properties":{"name":"","fuel":"oil","mw":0.0,"country":"SDN","status":"operating"}},{"type":"Feature","id":176,"geometry":{"type":"Point","coordinates":[29.405,10.266]},"properties":{"name":"","fuel":"oil","mw":0.0,"country":"SDN","status":"operating"}},{"type":"Feature","id":177,"geometry":{"type":"Point","coordinates":[29.372,10.269]},"properties":{"name":"","fuel":"oil","mw":0.0,"country":"SDN","status":"operating"}},{"type":"Feature","id":178,"geometry":{"type":"Point","coordinates":[29.401,10.269]},"properties":{"name":"","fuel":"oil","mw":0.0,"country":"SDN","status":"operating"}},{"type":"Feature","id":179,"geometry":{"type":"Point","coordinates":[29.382,10.269]},"properties":{"name":"","fuel":"oil","mw":0.0,"country":"SDN","status":"operating"}},{"type":"Feature","id":180,"geometry":{"type":"Point","coordinates":[29.379,10.269]},"properties":{"name":"","fuel":"oil","mw":0.0,"country":"SDN","status":"operating"}},{"type":"Feature","id":181,"geometry":{"type":"Point","coordinates":[29.381,10.27]},"properties":{"name":"","fuel":"oil","mw":0.0,"country":"SDN","status":"operating"}},{"type":"Feature","id":182,"geometry":{"type":"Point","coordinates":[29.407,10.27]},"properties":{"name":"","fuel":"oil","mw":0.0,"country":"SDN","status":"operating"}},{"type":"Feature","id":183,"geometry":{"type":"Point","coordinates":[29.401,10.274]},"properties":{"name":"","fuel":"oil","mw":0.0,"country":"SDN","status":"operating"}},{"type":"Feature","id":184,"geometry":{"type":"Point","coordinates":[29.404,10.26]},"properties":{"name":"","fuel":"oil","mw":0.0,"country":"SDN","status":"operating"}},{"type":"Feature","id":185,"geometry":{"type":"Point","coordinates":[29.369,10.264]},"properties":{"name":"","fuel":"oil","mw":0.0,"country":"SDN","status":"operating"}},{"type":"Feature","id":186,"geometry":{"type":"Point","coordinates":[29.365,10.271]},"properties":{"name":"","fuel":"oil","mw":0.0,"country":"SDN","status":"operating"}},{"type":"Feature","id":187,"geometry":{"type":"Point","coordinates":[29.359,10.275]},"properties":{"name":"","fuel":"oil","mw":0.0,"country":"SDN","status":"operating"}},{"type":"Feature","id":188,"geometry":{"type":"Point","coordinates":[29.354,10.274]},"properties":{"name":"","fuel":"oil","mw":0.0,"country":"SDN","status":"operating"}},{"type":"Feature","id":189,"geometry":{"type":"Point","coordinates":[23.29,24.122]},"properties":{"name":"","fuel":"gas","mw":0.0,"country":"LBY","status":"operating"}},{"type":"Feature","id":190,"geometry":{"type":"Point","coordinates":[23.981,32.059]},"properties":{"name":"محطة كهرباء طبرق","fuel":"oil","mw":310.0,"country":"LBY","status":"operating"}},{"type":"Feature","id":191,"geometry":{"type":"Point","coordinates":[14.471,25.948]},"properties":{"name":"تراغن","fuel":"unknown","mw":0.0,"country":"LBY","status":"operating"}},{"type":"Feature","id":192,"geometry":{"type":"Point","coordinates":[14.89,27.222]},"properties":{"name":"محطه توليد كهرباء ديزل سمنو","fuel":"diesel","mw":220.0,"country":"LBY","status":"operating"}},{"type":"Feature","id":193,"geometry":{"type":"Point","coordinates":[15.247,32.33]},"properties":{"name":"محطة كهرباء مصراته للدورة المزدوجة","fuel":"gas","mw":750.0,"country":"","status":"operating"}},{"type":"Feature","id":194,"geometry":{"type":"Point","coordinates":[15.047,32.355]},"properties":{"name":"شركة الكهرباء","fuel":"unknown","mw":0.0,"country":"LBY","status":"operating"}},{"type":"Feature","id":195,"geometry":{"type":"Point","coordinates":[13.099,32.776]},"properties":{"name":"محطة جنوب طرابلس الغازية لتوليد الكهرباء","fuel":"gas","mw":594.0,"country":"LBY","status":"operating"}},{"type":"Feature","id":196,"geometry":{"type":"Point","coordinates":[13.333,32.847]},"properties":{"name":"محطة كهرباء شرق طرابلس","fuel":"unknown","mw":12.0,"country":"LBY","status":"operating"}},{"type":"Feature","id":197,"geometry":{"type":"Point","coordinates":[14.013,31.762]},"properties":{"name":"محطة بني وليد للكهرباء الغازية","fuel":"gas","mw":0.0,"country":"LBY","status":"operating"}},{"type":"Feature","id":198,"geometry":{"type":"Point","coordinates":[22.096,26.909]},"properties":{"name":"","fuel":"oil","mw":0.0,"country":"LBY","status":"operating"}},{"type":"Feature","id":199,"geometry":{"type":"Point","coordinates":[21.601,27.588]},"properties":{"name":"محطة كهرباء مشروع النهر الصناعي","fuel":"oil","mw":0.0,"country":"LBY","status":"operating"}},{"type":"Feature","id":200,"geometry":{"type":"Point","coordinates":[21.617,27.596]},"properties":{"name":"Sareer Gas Turbine Power Plant","fuel":"oil","mw":855.0,"country":"LBY","status":"operating"}},{"type":"Feature","id":201,"geometry":{"type":"Point","coordinates":[22.141,32.782]},"properties":{"name":"محطة كهرباء لملودة","fuel":"oil","mw":33.0,"country":"LBY","status":"operating"}},{"type":"Feature","id":202,"geometry":{"type":"Point","coordinates":[22.587,32.781]},"properties":{"name":"Derna Power Plant","fuel":"oil","mw":130.0,"country":"LBY","status":"operating"}},{"type":"Feature","id":203,"geometry":{"type":"Point","coordinates":[22.33,27.987]},"properties":{"name":"","fuel":"unknown","mw":0.0,"country":"LBY","status":"operating"}},{"type":"Feature","id":204,"geometry":{"type":"Point","coordinates":[22.802,15.049]},"properties":{"name":"Tanfon Tine","fuel":"solar","mw":2.5,"country":"","status":"operating"}},{"type":"Feature","id":205,"geometry":{"type":"Point","coordinates":[31.007,28.921]},"properties":{"name":"محطة بني سويف المركبة","fuel":"gas","mw":4800.0,"country":"EGY","status":"operating"}},{"type":"Feature","id":206,"geometry":{"type":"Point","coordinates":[31.217,29.219]},"properties":{"name":"محطة جنوب حلوان","fuel":"gas","mw":1950.0,"country":"EGY","status":"operating"}},{"type":"Feature","id":207,"geometry":{"type":"Point","coordinates":[31.225,29.272]},"properties":{"name":"قطاع الكريمات","fuel":"gas","mw":2754.0,"country":"EGY","status":"operating"}},{"type":"Feature","id":208,"geometry":{"type":"Point","coordinates":[31.249,29.278]},"properties":{"name":"المحطة الشمسية الحرارية بالكريمات","fuel":"gas","mw":140.0,"country":"EGY","status":"operating"}},{"type":"Feature","id":209,"geometry":{"type":"Point","coordinates":[31.298,29.776]},"properties":{"name":"محطة كهرباء التبين","fuel":"gas","mw":700.0,"country":"EGY","status":"operating"}},{"type":"Feature","id":210,"geometry":{"type":"Point","coordinates":[31.755,29.909]},"properties":{"name":"محطة كهرباء العاصمة الإدارية الجديدة","fuel":"gas","mw":4800.0,"country":"EGY","status":"operating"}},{"type":"Feature","id":211,"geometry":{"type":"Point","coordinates":[31.045,30.055]},"properties":{"name":"محطة كهرباء 6 أكتوبر","fuel":"gas","mw":1518.7,"country":"EGY","status":"operating"}},{"type":"Feature","id":212,"geometry":{"type":"Point","coordinates":[31.238,30.124]},"properties":{"name":"كهرباء شبرا الخيمة","fuel":"gas","mw":1295.0,"country":"EGY","status":"operating"}},{"type":"Feature","id":213,"geometry":{"type":"Point","coordinates":[31.165,30.139]},"properties":{"name":"محطة كهرباء غرب القاهرة","fuel":"gas","mw":2010.0,"country":"EGY","status":"operating"}},{"type":"Feature","id":214,"geometry":{"type":"Point","coordinates":[30.947,30.248]},"properties":{"name":"محطة كهرباء شمال الجيزة","fuel":"gas","mw":2250.0,"country":"EGY","status":"operating"}},{"type":"Feature","id":215,"geometry":{"type":"Point","coordinates":[31.925,30.466]},"properties":{"name":"محطة كهرباء الشباب المركبة","fuel":"gas","mw":1500.0,"country":"EGY","status":"operating"}},{"type":"Feature","id":216,"geometry":{"type":"Point","coordinates":[31.223,30.497]},"properties":{"name":"محطة كهرباء بنها المركبة","fuel":"gas","mw":750.0,"country":"EGY","status":"operating"}},{"type":"Feature","id":217,"geometry":{"type":"Point","coordinates":[30.667,30.698]},"properties":{"name":"محطة كهرباء النوبارية المركبة","fuel":"gas","mw":2250.0,"country":"EGY","status":"operating"}},{"type":"Feature","id":218,"geometry":{"type":"Point","coordinates":[29.835,31.018]},"properties":{"name":"ETHYDCO Power Plant","fuel":"gas","mw":150.0,"country":"EGY","status":"operating"}},{"type":"Feature","id":219,"geometry":{"type":"Point","coordinates":[29.663,31.044]},"properties":{"name":"محطة سيدي كرير 1,2","fuel":"gas","mw":1390.0,"country":"EGY","status":"operating"}},{"type":"Feature","id":220,"geometry":{"type":"Point","coordinates":[31.393,31.062]},"properties":{"name":"محطة كهرباء طلخا","fuel":"gas","mw":1460.0,"country":"EGY","status":"operating"}},{"type":"Feature","id":221,"geometry":{"type":"Point","coordinates":[30.429,31.082]},"properties":{"name":"محطة دمنهور المركبة","fuel":"gas","mw":156.4,"country":"EGY","status":"operating"}},{"type":"Feature","id":222,"geometry":{"type":"Point","coordinates":[30.429,31.086]},"properties":{"name":"محطة كهرباء دمنهور","fuel":"gas","mw":300.0,"country":"EGY","status":"operating"}},{"type":"Feature","id":223,"geometry":{"type":"Point","coordinates":[30.53,31.175]},"properties":{"name":"محطة كهرباء المحمودية الغازية","fuel":"gas","mw":653.0,"country":"EGY","status":"operating"}},{"type":"Feature","id":224,"geometry":{"type":"Point","coordinates":[30.53,31.185]},"properties":{"name":"محطة كهرباء العطف المركبة","fuel":"gas","mw":750.0,"country":"EGY","status":"operating"}},{"type":"Feature","id":225,"geometry":{"type":"Point","coordinates":[30.142,31.269]},"properties":{"name":"محطة أبوقير البخارية","fuel":"gas","mw":2235.3,"country":"","status":"operating"}},{"type":"Feature","id":226,"geometry":{"type":"Point","coordinates":[31.722,31.382]},"properties":{"name":"محطة كهرباء دمياط المركبة","fuel":"gas","mw":1450.0,"country":"EGY","status":"operating"}},{"type":"Feature","id":227,"geometry":{"type":"Point","coordinates":[31.606,31.443]},"properties":{"name":"محطة كهرباء دمياط الجديدة","fuel":"gas","mw":1500.0,"country":"EGY","status":"operating"}},{"type":"Feature","id":228,"geometry":{"type":"Point","coordinates":[30.807,31.53]},"properties":{"name":"محطة البرلس المركبة","fuel":"gas","mw":4800.0,"country":"EGY","status":"operating"}},{"type":"Feature","id":229,"geometry":{"type":"Point","coordinates":[29.658,31.043]},"properties":{"name":"محطة سيدي كرير3 ,4","fuel":"gas","mw":682.5,"country":"EGY","status":"operating"}},{"type":"Feature","id":230,"geometry":{"type":"Point","coordinates":[29.762,31.028]},"properties":{"name":"EL-AMERYA FTZ","fuel":"unknown","mw":0.0,"country":"EGY","status":"operating"}},{"type":"Feature","id":231,"geometry":{"type":"Point","coordinates":[28.496,31.048]},"properties":{"name":"محطة الضبعة النووية","fuel":"nuclear","mw":4800.0,"country":"EGY","status":"operating"}},{"type":"Feature","id":232,"geometry":{"type":"Point","coordinates":[29.85,31.002]},"properties":{"name":"El Ameriya Refinery Power Plant","fuel":"unknown","mw":0.0,"country":"EGY","status":"operating"}},{"type":"Feature","id":233,"geometry":{"type":"Point","coordinates":[28.745,30.264]},"properties":{"name":"","fuel":"solar","mw":0.0,"country":"EGY","status":"operating"}},{"type":"Feature","id":234,"geometry":{"type":"Point","coordinates":[25.515,29.178]},"properties":{"name":"محطة سيوه للطاقة الشمسية","fuel":"solar","mw":10.0,"country":"EGY","status":"operating"}},{"type":"Feature","id":235,"geometry":{"type":"Point","coordinates":[27.205,31.371]},"properties":{"name":"محطة مطروح البخارية","fuel":"gas","mw":60.0,"country":"EGY","status":"operating"}},{"type":"Feature","id":236,"geometry":{"type":"Point","coordinates":[29.373,10.275]},"properties":{"name":"","fuel":"oil","mw":0.0,"country":"SDN","status":"operating"}},{"type":"Feature","id":237,"geometry":{"type":"Point","coordinates":[29.39,10.276]},"properties":{"name":"","fuel":"oil","mw":0.0,"country":"SDN","status":"operating"}},{"type":"Feature","id":238,"geometry":{"type":"Point","coordinates":[29.371,10.277]},"properties":{"name":"","fuel":"oil","mw":0.0,"country":"SDN","status":"operating"}},{"type":"Feature","id":239,"geometry":{"type":"Point","coordinates":[29.373,10.277]},"properties":{"name":"","fuel":"oil","mw":0.0,"country":"SDN","status":"operating"}},{"type":"Feature","id":240,"geometry":{"type":"Point","coordinates":[29.399,10.277]},"properties":{"name":"","fuel":"oil","mw":0.0,"country":"SDN","status":"operating"}},{"type":"Feature","id":241,"geometry":{"type":"Point","coordinates":[29.373,10.28]},"properties":{"name":"","fuel":"oil","mw":0.0,"country":"SDN","status":"operating"}},{"type":"Feature","id":242,"geometry":{"type":"Point","coordinates":[29.393,10.281]},"properties":{"name":"","fuel":"oil","mw":0.0,"country":"SDN","status":"operating"}},{"type":"Feature","id":243,"geometry":{"type":"Point","coordinates":[29.398,10.281]},"properties":{"name":"","fuel":"oil","mw":0.0,"country":"SDN","status":"operating"}},{"type":"Feature","id":244,"geometry":{"type":"Point","coordinates":[29.39,10.294]},"properties":{"name":"","fuel":"oil","mw":0.0,"country":"SDN","status":"operating"}},{"type":"Feature","id":245,"geometry":{"type":"Point","coordinates":[29.391,10.296]},"properties":{"name":"","fuel":"oil","mw":0.0,"country":"SDN","status":"operating"}},{"type":"Feature","id":246,"geometry":{"type":"Point","coordinates":[29.406,10.304]},"properties":{"name":"","fuel":"oil","mw":0.0,"country":"SDN","status":"operating"}},{"type":"Feature","id":247,"geometry":{"type":"Point","coordinates":[29.402,10.309]},"properties":{"name":"","fuel":"oil","mw":0.0,"country":"SDN","status":"operating"}},{"type":"Feature","id":248,"geometry":{"type":"Point","coordinates":[28.309,11.699]},"properties":{"name":"Al Fula Power Plant","fuel":"unknown","mw":0.0,"country":"SDN","status":"operating"}},{"type":"Feature","id":249,"geometry":{"type":"Point","coordinates":[28.309,11.699]},"properties":{"name":"","fuel":"gas","mw":0.0,"country":"SDN","status":"operating"}},{"type":"Feature","id":250,"geometry":{"type":"Point","coordinates":[32.053,18.669]},"properties":{"name":"Merowe-Hamdab High Dam Hydroelectric power plant","fuel":"hydro","mw":1250.0,"country":"SDN","status":"operating"}},{"type":"Feature","id":251,"geometry":{"type":"Point","coordinates":[31.348,22.654]},"properties":{"name":"محطة توشكي للطاقة الشمسية","fuel":"solar","mw":20.0,"country":"EGY","status":"operating"}},{"type":"Feature","id":252,"geometry":{"type":"Point","coordinates":[30.36,23.981]},"properties":{"name":"","fuel":"solar","mw":0.0,"country":"EGY","status":"operating"}},{"type":"Feature","id":253,"geometry":{"type":"Point","coordinates":[27.963,27.047]},"properties":{"name":"","fuel":"solar","mw":0.0,"country":"EGY","status":"operating"}},{"type":"Feature","id":254,"geometry":{"type":"Point","coordinates":[28.2,27.058]},"properties":{"name":"","fuel":"solar","mw":0.0,"country":"EGY","status":"operating"}},{"type":"Feature","id":255,"geometry":{"type":"Point","coordinates":[31.0,27.182]},"properties":{"name":"محطة توليد كهرباء غرب أسيوط","fuel":"gas","mw":1500.0,"country":"EGY","status":"operating"}},{"type":"Feature","id":256,"geometry":{"type":"Point","coordinates":[31.188,27.206]},"properties":{"name":"سد أسيوط الجديد","fuel":"hydro","mw":32.0,"country":"EGY","status":"operating"}},{"type":"Feature","id":257,"geometry":{"type":"Point","coordinates":[29.396,10.291]},"properties":{"name":"","fuel":"oil","mw":0.0,"country":"SDN","status":"operating"}},{"type":"Feature","id":258,"geometry":{"type":"Point","coordinates":[29.391,10.292]},"properties":{"name":"","fuel":"oil","mw":0.0,"country":"SDN","status":"operating"}},{"type":"Feature","id":259,"geometry":{"type":"Point","coordinates":[29.387,10.291]},"properties":{"name":"","fuel":"oil","mw":0.0,"country":"SDN","status":"operating"}},{"type":"Feature","id":260,"geometry":{"type":"Point","coordinates":[29.385,10.291]},"properties":{"name":"","fuel":"oil","mw":0.0,"country":"SDN","status":"operating"}},{"type":"Feature","id":261,"geometry":{"type":"Point","coordinates":[29.382,10.287]},"properties":{"name":"","fuel":"oil","mw":0.0,"country":"SDN","status":"operating"}},{"type":"Feature","id":262,"geometry":{"type":"Point","coordinates":[29.395,10.284]},"properties":{"name":"","fuel":"oil","mw":0.0,"country":"SDN","status":"operating"}},{"type":"Feature","id":263,"geometry":{"type":"Point","coordinates":[29.367,10.276]},"properties":{"name":"","fuel":"oil","mw":0.0,"country":"SDN","status":"operating"}},{"type":"Feature","id":264,"geometry":{"type":"Point","coordinates":[29.356,10.276]},"properties":{"name":"","fuel":"oil","mw":0.0,"country":"SDN","status":"operating"}},{"type":"Feature","id":265,"geometry":{"type":"Point","coordinates":[29.352,10.277]},"properties":{"name":"","fuel":"oil","mw":0.0,"country":"SDN","status":"operating"}},{"type":"Feature","id":266,"geometry":{"type":"Point","coordinates":[29.349,10.28]},"properties":{"name":"","fuel":"oil","mw":0.0,"country":"SDN","status":"operating"}},{"type":"Feature","id":267,"geometry":{"type":"Point","coordinates":[29.354,10.282]},"properties":{"name":"","fuel":"oil","mw":0.0,"country":"SDN","status":"operating"}},{"type":"Feature","id":268,"geometry":{"type":"Point","coordinates":[29.36,10.278]},"properties":{"name":"","fuel":"oil","mw":0.0,"country":"SDN","status":"operating"}},{"type":"Feature","id":269,"geometry":{"type":"Point","coordinates":[29.362,10.281]},"properties":{"name":"","fuel":"oil","mw":0.0,"country":"SDN","status":"operating"}},{"type":"Feature","id":270,"geometry":{"type":"Point","coordinates":[29.369,10.282]},"properties":{"name":"","fuel":"oil","mw":0.0,"country":"SDN","status":"operating"}},{"type":"Feature","id":271,"geometry":{"type":"Point","coordinates":[29.366,10.285]},"properties":{"name":"","fuel":"oil","mw":0.0,"country":"SDN","status":"operating"}},{"type":"Feature","id":272,"geometry":{"type":"Point","coordinates":[29.363,10.285]},"properties":{"name":"","fuel":"oil","mw":0.0,"country":"SDN","status":"operating"}},{"type":"Feature","id":273,"geometry":{"type":"Point","coordinates":[29.36,10.285]},"properties":{"name":"","fuel":"oil","mw":0.0,"country":"SDN","status":"operating"}},{"type":"Feature","id":274,"geometry":{"type":"Point","coordinates":[29.352,10.288]},"properties":{"name":"","fuel":"oil","mw":0.0,"country":"SDN","status":"operating"}},{"type":"Feature","id":275,"geometry":{"type":"Point","coordinates":[29.349,10.292]},"properties":{"name":"","fuel":"oil","mw":0.0,"country":"SDN","status":"operating"}},{"type":"Feature","id":276,"geometry":{"type":"Point","coordinates":[29.356,10.293]},"properties":{"name":"","fuel":"oil","mw":0.0,"country":"SDN","status":"operating"}},{"type":"Feature","id":277,"geometry":{"type":"Point","coordinates":[29.358,10.296]},"properties":{"name":"","fuel":"oil","mw":0.0,"country":"SDN","status":"operating"}},{"type":"Feature","id":278,"geometry":{"type":"Point","coordinates":[29.366,10.288]},"properties":{"name":"","fuel":"oil","mw":0.0,"country":"SDN","status":"operating"}},{"type":"Feature","id":279,"geometry":{"type":"Point","coordinates":[29.349,10.299]},"properties":{"name":"","fuel":"oil","mw":0.0,"country":"SDN","status":"operating"}},{"type":"Feature","id":280,"geometry":{"type":"Point","coordinates":[29.346,10.299]},"properties":{"name":"","fuel":"oil","mw":0.0,"country":"SDN","status":"operating"}},{"type":"Feature","id":281,"geometry":{"type":"Point","coordinates":[31.68,9.574]},"properties":{"name":"Malakal solar plant","fuel":"solar","mw":0.7,"country":"SSD","status":"operating"}},{"type":"Feature","id":282,"geometry":{"type":"Point","coordinates":[30.194,31.129]},"properties":{"name":"محطة كفر الدوار البخارية","fuel":"gas","mw":220.0,"country":"EGY","status":"operating"}},{"type":"Feature","id":283,"geometry":{"type":"Point","coordinates":[30.555,27.913]},"properties":{"name":"","fuel":"solar","mw":0.0,"country":"EGY","status":"operating"}},{"type":"Feature","id":284,"geometry":{"type":"Point","coordinates":[31.161,27.212]},"properties":{"name":"محطة أسيوط الوليدية","fuel":"gas","mw":1250.0,"country":"EGY","status":"operating"}},{"type":"Feature","id":285,"geometry":{"type":"Point","coordinates":[31.267,30.108]},"properties":{"name":"محطة كهرباء شمال القاهرة","fuel":"gas","mw":1500.0,"country":"EGY","status":"operating"}},{"type":"Feature","id":286,"geometry":{"type":"Point","coordinates":[31.478,31.45]},"properties":{"name":"","fuel":"solar","mw":0.0,"country":"EGY","status":"operating"}},{"type":"Feature","id":287,"geometry":{"type":"Point","coordinates":[31.745,31.469]},"properties":{"name":"Damietta LNG Terminal Power Station","fuel":"unknown","mw":0.0,"country":"EGY","status":"operating"}},{"type":"Feature","id":288,"geometry":{"type":"Point","coordinates":[32.293,31.24]},"properties":{"name":"محطة كهرباء بورسعيد الغازية","fuel":"gas","mw":84.0,"country":"EGY","status":"operating"}},{"type":"Feature","id":289,"geometry":{"type":"Point","coordinates":[32.308,30.402]},"properties":{"name":"محطة كهرباء أبو سلطان البخارية","fuel":"gas","mw":600.0,"country":"EGY","status":"operating"}},{"type":"Feature","id":290,"geometry":{"type":"Point","coordinates":[32.353,29.621]},"properties":{"name":"محطة كهرباء العين السخنة البخارية","fuel":"gas","mw":1300.0,"country":"","status":"operating"}},{"type":"Feature","id":291,"geometry":{"type":"Point","coordinates":[32.352,29.619]},"properties":{"name":"محطة توليد كهرباء العين السخنة","fuel":"gas","mw":682.5,"country":"","status":"operating"}},{"type":"Feature","id":292,"geometry":{"type":"Point","coordinates":[32.471,29.936]},"properties":{"name":"محطه توليد كهرباء عتاقه","fuel":"gas","mw":1240.0,"country":"EGY","status":"operating"}},{"type":"Feature","id":293,"geometry":{"type":"Point","coordinates":[32.504,29.952]},"properties":{"name":"محطة كهرباء السويس البخارية","fuel":"gas","mw":650.0,"country":"EGY","status":"operating"}},{"type":"Feature","id":294,"geometry":{"type":"Point","coordinates":[32.575,29.216]},"properties":{"name":"مزرعة رياح الزعفرانة","fuel":"wind","mw":540.2,"country":"EGY","status":"operating"}},{"type":"Feature","id":295,"geometry":{"type":"Point","coordinates":[32.519,31.099]},"properties":{"name":"Port Said East Power Station","fuel":"gas","mw":682.5,"country":"EGY","status":"operating"}},{"type":"Feature","id":296,"geometry":{"type":"Point","coordinates":[32.595,29.913]},"properties":{"name":"محطة كهرباء عيون موسى البخارية","fuel":"gas","mw":640.0,"country":"","status":"operating"}},{"type":"Feature","id":297,"geometry":{"type":"Point","coordinates":[32.811,24.614]},"properties":{"name":"محطة الخلايا الفوتو فلطية بكوم امبو","fuel":"solar","mw":26.0,"country":"EGY","status":"operating"}},{"type":"Feature","id":298,"geometry":{"type":"Point","coordinates":[33.684,31.114]},"properties":{"name":"محطة كهرباء العريش البخارية","fuel":"gas","mw":316.0,"country":"EGY","status":"operating"}},{"type":"Feature","id":299,"geometry":{"type":"Point","coordinates":[33.882,27.061]},"properties":{"name":"","fuel":"solar","mw":0.0,"country":"EGY","status":"operating"}},{"type":"Feature","id":300,"geometry":{"type":"Point","coordinates":[33.446,30.173]},"properties":{"name":"","fuel":"solar","mw":0.0,"country":"EGY","status":"operating"}},{"type":"Feature","id":301,"geometry":{"type":"Point","coordinates":[32.553,25.318]},"properties":{"name":"Esna Power Plant","fuel":"hydro","mw":86.0,"country":"EGY","status":"operating"}},{"type":"Feature","id":302,"geometry":{"type":"Point","coordinates":[32.147,26.154]},"properties":{"name":"Naga Hammadi power plant","fuel":"hydro","mw":64.0,"country":"EGY","status":"operating"}},{"type":"Feature","id":303,"geometry":{"type":"Point","coordinates":[30.914,30.059]},"properties":{"name":"","fuel":"solar","mw":0.0,"country":"EGY","status":"operating"}},{"type":"Feature","id":304,"geometry":{"type":"Point","coordinates":[34.006,29.785]},"properties":{"name":"","fuel":"solar","mw":0.0,"country":"EGY","status":"operating"}},{"type":"Feature","id":305,"geometry":{"type":"Point","coordinates":[32.544,29.177]},"properties":{"name":"Zafarana Solar Power Station","fuel":"solar","mw":43.0,"country":"EGY","status":"operating"}},{"type":"Feature","id":306,"geometry":{"type":"Point","coordinates":[32.682,24.583]},"properties":{"name":"AMEA Kom Ombo Solar Power Plant","fuel":"solar","mw":500.0,"country":"EGY","status":"operating"}},{"type":"Feature","id":307,"geometry":{"type":"Point","coordinates":[33.703,31.117]},"properties":{"name":"محطة كهرباء المساعيد الغازية","fuel":"oil","mw":48.4,"country":"EGY","status":"operating"}},{"type":"Feature","id":308,"geometry":{"type":"Point","coordinates":[34.873,25.063]},"properties":{"name":"Marsa Alam Solar Power Station","fuel":"solar","mw":6.0,"country":"","status":"operating"}},{"type":"Feature","id":309,"geometry":{"type":"Point","coordinates":[34.612,25.537]},"properties":{"name":"","fuel":"unknown","mw":0.0,"country":"","status":"operating"}},{"type":"Feature","id":310,"geometry":{"type":"Point","coordinates":[34.231,31.308]},"properties":{"name":"","fuel":"solar","mw":0.0,"country":"","status":"operating"}},{"type":"Feature","id":311,"geometry":{"type":"Point","coordinates":[34.23,31.307]},"properties":{"name":"","fuel":"solar","mw":0.0,"country":"","status":"operating"}},{"type":"Feature","id":312,"geometry":{"type":"Point","coordinates":[34.304,27.877]},"properties":{"name":"محطة كهرباء شرم الشيخ الغازية","fuel":"gas","mw":288.0,"country":"EGY","status":"operating"}},{"type":"Feature","id":313,"geometry":{"type":"Point","coordinates":[34.296,27.935]},"properties":{"name":"محطة نبق \"جلوبال\" للطاقة الشمسية","fuel":"solar","mw":10.0,"country":"EGY","status":"operating"}},{"type":"Feature","id":314,"geometry":{"type":"Point","coordinates":[34.544,30.435]},"properties":{"name":"","fuel":"solar","mw":0.0,"country":"","status":"operating"}},{"type":"Feature","id":315,"geometry":{"type":"Point","coordinates":[34.374,30.941]},"properties":{"name":"","fuel":"solar","mw":0.0,"country":"","status":"operating"}},{"type":"Feature","id":316,"geometry":{"type":"Point","coordinates":[34.355,30.993]},"properties":{"name":"","fuel":"solar","mw":0.0,"country":"","status":"operating"}},{"type":"Feature","id":317,"geometry":{"type":"Point","coordinates":[34.339,31.04]},"properties":{"name":"","fuel":"solar","mw":0.0,"country":"","status":"operating"}},{"type":"Feature","id":318,"geometry":{"type":"Point","coordinates":[34.321,31.084]},"properties":{"name":"","fuel":"solar","mw":0.0,"country":"","status":"operating"}},{"type":"Feature","id":319,"geometry":{"type":"Point","coordinates":[34.308,31.121]},"properties":{"name":"","fuel":"solar","mw":0.0,"country":"","status":"operating"}},{"type":"Feature","id":320,"geometry":{"type":"Point","coordinates":[34.289,31.226]},"properties":{"name":"","fuel":"solar","mw":6.4,"country":"","status":"operating"}},{"type":"Feature","id":321,"geometry":{"type":"Point","coordinates":[34.287,31.229]},"properties":{"name":"","fuel":"solar","mw":0.0,"country":"","status":"operating"}},{"type":"Feature","id":322,"geometry":{"type":"Point","coordinates":[40.028,-10.279]},"properties":{"name":"","fuel":"gas","mw":0.0,"country":"TZA","status":"operating"}},{"type":"Feature","id":323,"geometry":{"type":"Point","coordinates":[40.204,-10.273]},"properties":{"name":"Mtwara Power Plant","fuel":"gas","mw":22.0,"country":"","status":"operating"}},{"type":"Feature","id":324,"geometry":{"type":"Point","coordinates":[40.047,-10.256]},"properties":{"name":"Dangote Industries Tanzania Thermal Power Station","fuel":"gas","mw":45.0,"country":"TZA","status":"operating"}},{"type":"Feature","id":325,"geometry":{"type":"Point","coordinates":[34.529,-9.84]},"properties":{"name":"Mawengi Hydropower Plant","fuel":"hydro","mw":0.3,"country":"TZA","status":"operating"}},{"type":"Feature","id":326,"geometry":{"type":"Point","coordinates":[34.704,-9.795]},"properties":{"name":"Lugarawa Old Hydropower Plant","fuel":"hydro","mw":0.0,"country":"TZA","status":"operating"}},{"type":"Feature","id":327,"geometry":{"type":"Point","coordinates":[34.793,-9.453]},"properties":{"name":"Uwemba Hydro Power Plant","fuel":"hydro","mw":0.8,"country":"TZA","status":"operating"}},{"type":"Feature","id":328,"geometry":{"type":"Point","coordinates":[34.382,-8.721]},"properties":{"name":"","fuel":"hydro","mw":0.0,"country":"TZA","status":"operating"}},{"type":"Feature","id":329,"geometry":{"type":"Point","coordinates":[35.689,-8.624]},"properties":{"name":"Mwenga Hydroelectric Power Plant","fuel":"hydro","mw":4.0,"country":"TZA","status":"operating"}},{"type":"Feature","id":330,"geometry":{"type":"Point","coordinates":[35.857,-8.615]},"properties":{"name":"Kihansi Hydro Power Plant","fuel":"hydro","mw":180.0,"country":"TZA","status":"operating"}},{"type":"Feature","id":331,"geometry":{"type":"Point","coordinates":[39.269,-8.441]},"properties":{"name":"Somanga Fungu Power Plant","fuel":"gas","mw":7.5,"country":"TZA","status":"operating"}},{"type":"Feature","id":332,"geometry":{"type":"Point","coordinates":[35.597,-7.837]},"properties":{"name":"Tosamaganga Hydro Power Plant","fuel":"hydro","mw":1.2,"country":"TZA","status":"operating"}},{"type":"Feature","id":333,"geometry":{"type":"Point","coordinates":[37.854,-7.802]},"properties":{"name":"Julius Nyerere Hydropower Station","fuel":"hydro","mw":2115.0,"country":"TZA","status":"operating"}},{"type":"Feature","id":334,"geometry":{"type":"Point","coordinates":[36.966,-7.663]},"properties":{"name":"Kidatu Hydro Power Plant","fuel":"hydro","mw":204.0,"country":"TZA","status":"operating"}},{"type":"Feature","id":335,"geometry":{"type":"Point","coordinates":[36.886,-7.635]},"properties":{"name":"Kidatu Dam","fuel":"hydro","mw":0.0,"country":"TZA","status":"operating"}},{"type":"Feature","id":336,"geometry":{"type":"Point","coordinates":[35.988,-7.138]},"properties":{"name":"Mtera Hydro Power Plant","fuel":"hydro","mw":80.0,"country":"TZA","status":"operating"}},{"type":"Feature","id":337,"geometry":{"type":"Point","coordinates":[39.152,-6.859]},"properties":{"name":"Kinyerezi Gas Plant","fuel":"gas","mw":398.0,"country":"TZA","status":"operating"}},{"type":"Feature","id":338,"geometry":{"type":"Point","coordinates":[39.209,-6.794]},"properties":{"name":"Songas Power Plant","fuel":"gas","mw":189.0,"country":"TZA","status":"operating"}},{"type":"Feature","id":339,"geometry":{"type":"Point","coordinates":[39.205,-6.794]},"properties":{"name":"Ubungo II Power Plant","fuel":"gas","mw":0.0,"country":"TZA","status":"operating"}},{"type":"Feature","id":340,"geometry":{"type":"Point","coordinates":[39.204,-6.793]},"properties":{"name":"Ubungo Power Plant","fuel":"gas","mw":231.0,"country":"TZA","status":"operating"}},{"type":"Feature","id":341,"geometry":{"type":"Point","coordinates":[39.188,-6.674]},"properties":{"name":"IPTL Tegeta Diesel Power Station","fuel":"diesel","mw":100.0,"country":"","status":"operating"}},{"type":"Feature","id":342,"geometry":{"type":"Point","coordinates":[39.184,-6.674]},"properties":{"name":"Tegeta Thermal Power Station","fuel":"gas","mw":45.0,"country":"","status":"operating"}},{"type":"Feature","id":343,"geometry":{"type":"Point","coordinates":[38.659,-5.35]},"properties":{"name":"New Pangani Falls Hydroelectric Power Station","fuel":"hydro","mw":68.0,"country":"TZA","status":"operating"}},{"type":"Feature","id":344,"geometry":{"type":"Point","coordinates":[38.615,-5.298]},"properties":{"name":"Hale Hydroelectric Power Station","fuel":"hydro","mw":21.0,"country":"TZA","status":"operating"}},{"type":"Feature","id":345,"geometry":{"type":"Point","coordinates":[39.532,-6.191]},"properties":{"name":"Zanzibar Collection Solar Plant","fuel":"solar","mw":0.0,"country":"","status":"operating"}},{"type":"Feature","id":346,"geometry":{"type":"Point","coordinates":[36.255,-0.889]},"properties":{"name":"Olkaria III Generation Plant","fuel":"geothermal","mw":150.0,"country":"KEN","status":"operating"}},{"type":"Feature","id":347,"geometry":{"type":"Point","coordinates":[36.272,-0.867]},"properties":{"name":"","fuel":"solar","mw":0.0,"country":"KEN","status":"operating"}},{"type":"Feature","id":348,"geometry":{"type":"Point","coordinates":[36.3,-0.865]},"properties":{"name":"Olkaria II Geothermal Power Station","fuel":"geothermal","mw":104.5,"country":"KEN","status":"operating"}},{"type":"Feature","id":349,"geometry":{"type":"Point","coordinates":[36.308,-0.89]},"properties":{"name":"Olkaria I Geothermal Power Station","fuel":"geothermal","mw":282.4,"country":"KEN","status":"operating"}},{"type":"Feature","id":350,"geometry":{"type":"Point","coordinates":[36.335,-0.918]},"properties":{"name":"Olkaria IV Geothermal Power Station","fuel":"geothermal","mw":149.9,"country":"KEN","status":"operating"}},{"type":"Feature","id":351,"geometry":{"type":"Point","coordinates":[36.351,-0.9]},"properties":{"name":"Olkaria V Geothermal Power Station","fuel":"geothermal","mw":172.3,"country":"KEN","status":"operating"}},{"type":"Feature","id":352,"geometry":{"type":"Point","coordinates":[36.638,-1.383]},"properties":{"name":"Ngong Hills Wind Farm","fuel":"wind","mw":25.5,"country":"KEN","status":"operating"}},{"type":"Feature","id":353,"geometry":{"type":"Point","coordinates":[36.667,-1.746]},"properties":{"name":"Kipeto Wind Power Station","fuel":"wind","mw":100.0,"country":"KEN","status":"operating"}},{"type":"Feature","id":354,"geometry":{"type":"Point","coordinates":[36.702,-1.349]},"properties":{"name":"","fuel":"solar","mw":0.0,"country":"KEN","status":"operating"}},{"type":"Feature","id":355,"geometry":{"type":"Point","coordinates":[36.793,2.49]},"properties":{"name":"Lake Turkana Wind Power Project","fuel":"unknown","mw":0.0,"country":"KEN","status":"operating"}},{"type":"Feature","id":356,"geometry":{"type":"Point","coordinates":[36.954,-1.461]},"properties":{"name":"Triumph Power Plant","fuel":"oil","mw":83.0,"country":"KEN","status":"operating"}},{"type":"Feature","id":357,"geometry":{"type":"Point","coordinates":[37.004,-1.459]},"properties":{"name":"Gulf Energy Power Station","fuel":"oil","mw":80.3,"country":"KEN","status":"operating"}},{"type":"Feature","id":358,"geometry":{"type":"Point","coordinates":[37.052,-0.475]},"properties":{"name":"Sagana Falls Power Station","fuel":"hydro","mw":1.5,"country":"KEN","status":"operating"}},{"type":"Feature","id":359,"geometry":{"type":"Point","coordinates":[37.149,-0.755]},"properties":{"name":"Mesco Power Station","fuel":"hydro","mw":0.4,"country":"KEN","status":"operating"}},{"type":"Feature","id":360,"geometry":{"type":"Point","coordinates":[37.175,-0.749]},"properties":{"name":"Wanjii power station","fuel":"hydro","mw":7.4,"country":"KEN","status":"operating"}},{"type":"Feature","id":361,"geometry":{"type":"Point","coordinates":[37.26,-1.02]},"properties":{"name":"Ndula","fuel":"hydro","mw":2.0,"country":"KEN","status":"operating"}},{"type":"Feature","id":362,"geometry":{"type":"Point","coordinates":[37.265,-0.786]},"properties":{"name":"Tana power station","fuel":"hydro","mw":25.7,"country":"KEN","status":"operating"}},{"type":"Feature","id":363,"geometry":{"type":"Point","coordinates":[37.469,-3.826]},"properties":{"name":"Nyumba ya Mungu Power station","fuel":"hydro","mw":8.0,"country":"TZA","status":"operating"}},{"type":"Feature","id":364,"geometry":{"type":"Point","coordinates":[37.589,-0.879]},"properties":{"name":"Masinga Power Station","fuel":"hydro","mw":41.2,"country":"KEN","status":"operating"}},{"type":"Feature","id":365,"geometry":{"type":"Point","coordinates":[37.686,-0.806]},"properties":{"name":"Kamburu Hydro Power Station","fuel":"hydro","mw":94.2,"country":"KEN","status":"operating"}},{"type":"Feature","id":366,"geometry":{"type":"Point","coordinates":[37.753,-0.795]},"properties":{"name":"Gitaru Hydro Power Station","fuel":"hydro","mw":225.0,"country":"KEN","status":"operating"}},{"type":"Feature","id":367,"geometry":{"type":"Point","coordinates":[37.813,-0.81]},"properties":{"name":"Kindaruma Hydro Power Station","fuel":"hydro","mw":72.0,"country":"KEN","status":"operating"}},{"type":"Feature","id":368,"geometry":{"type":"Point","coordinates":[37.888,-0.6]},"properties":{"name":"Kiambere Hydro Power Station","fuel":"hydro","mw":168.0,"country":"KEN","status":"operating"}},{"type":"Feature","id":369,"geometry":{"type":"Point","coordinates":[37.986,2.332]},"properties":{"name":"Marsabit","fuel":"diesel","mw":0.0,"country":"KEN","status":"operating"}},{"type":"Feature","id":370,"geometry":{"type":"Point","coordinates":[39.562,-3.933]},"properties":{"name":"Rabai Power Plant","fuel":"oil","mw":90.0,"country":"KEN","status":"operating"}},{"type":"Feature","id":371,"geometry":{"type":"Point","coordinates":[39.606,-0.335]},"properties":{"name":"Garissa Solar Power Station","fuel":"solar","mw":50.0,"country":"KEN","status":"operating"}},{"type":"Feature","id":372,"geometry":{"type":"Point","coordinates":[39.633,-4.038]},"properties":{"name":"Kipevu III power plant","fuel":"oil","mw":120.0,"country":"KEN","status":"operating"}},{"type":"Feature","id":373,"geometry":{"type":"Point","coordinates":[39.636,-4.04]},"properties":{"name":"Kipevu I power plant","fuel":"oil","mw":73.5,"country":"","status":"operating"}},{"type":"Feature","id":374,"geometry":{"type":"Point","coordinates":[45.235,2.121]},"properties":{"name":"","fuel":"solar","mw":0.0,"country":"SOM","status":"operating"}},{"type":"Feature","id":375,"geometry":{"type":"Point","coordinates":[45.317,2.107]},"properties":{"name":"","fuel":"solar","mw":0.0,"country":"SOM","status":"operating"}},{"type":"Feature","id":376,"geometry":{"type":"Point","coordinates":[45.324,2.147]},"properties":{"name":"","fuel":"solar","mw":0.0,"country":"SOM","status":"operating"}},{"type":"Feature","id":377,"geometry":{"type":"Point","coordinates":[36.884,-1.301]},"properties":{"name":"Iberafrica Power Station","fuel":"oil","mw":52.5,"country":"KEN","status":"operating"}},{"type":"Feature","id":378,"geometry":{"type":"Point","coordinates":[36.901,-0.631]},"properties":{"name":"Metumi","fuel":"hydro","mw":5.6,"country":"KEN","status":"operating"}},{"type":"Feature","id":379,"geometry":{"type":"Point","coordinates":[37.051,-1.061]},"properties":{"name":"Thika (MELEC) MSD Power Plant","fuel":"diesel","mw":87.0,"country":"KEN","status":"operating"}},{"type":"Feature","id":380,"geometry":{"type":"Point","coordinates":[39.752,-3.202]},"properties":{"name":"Malindi Solar Power Station","fuel":"solar","mw":40.0,"country":"KEN","status":"operating"}},{"type":"Feature","id":381,"geometry":{"type":"Point","coordinates":[45.292,2.119]},"properties":{"name":"","fuel":"solar","mw":0.0,"country":"SOM","status":"operating"}},{"type":"Feature","id":382,"geometry":{"type":"Point","coordinates":[37.593,-0.048]},"properties":{"name":"Imenti Tea","fuel":"hydro","mw":0.9,"country":"KEN","status":"operating"}},{"type":"Feature","id":383,"geometry":{"type":"Point","coordinates":[36.809,-0.857]},"properties":{"name":"Chania","fuel":"hydro","mw":1.0,"country":"KEN","status":"operating"}},{"type":"Feature","id":384,"geometry":{"type":"Point","coordinates":[36.881,-0.5]},"properties":{"name":"Gura","fuel":"hydro","mw":5.8,"country":"KEN","status":"operating"}},{"type":"Feature","id":385,"geometry":{"type":"Point","coordinates":[36.855,-1.328]},"properties":{"name":"","fuel":"solar","mw":0.0,"country":"KEN","status":"operating"}},{"type":"Feature","id":386,"geometry":{"type":"Point","coordinates":[36.923,-1.14]},"properties":{"name":"","fuel":"solar","mw":0.0,"country":"KEN","status":"operating"}},{"type":"Feature","id":387,"geometry":{"type":"Point","coordinates":[36.923,-1.139]},"properties":{"name":"","fuel":"solar","mw":0.0,"country":"KEN","status":"operating"}},{"type":"Feature","id":388,"geometry":{"type":"Point","coordinates":[39.53,-3.924]},"properties":{"name":"","fuel":"solar","mw":0.0,"country":"KEN","status":"operating"}},{"type":"Feature","id":389,"geometry":{"type":"Point","coordinates":[31.636,4.844]},"properties":{"name":"","fuel":"unknown","mw":0.0,"country":"SSD","status":"operating"}},{"type":"Feature","id":390,"geometry":{"type":"Point","coordinates":[31.821,0.152]},"properties":{"name":"Kabulasoke Solar Power Station","fuel":"solar","mw":20.0,"country":"UGA","status":"operating"}},{"type":"Feature","id":391,"geometry":{"type":"Point","coordinates":[32.267,2.246]},"properties":{"name":"Karuma Hydro Power Station","fuel":"hydro","mw":600.0,"country":"UGA","status":"operating"}},{"type":"Feature","id":392,"geometry":{"type":"Point","coordinates":[32.679,0.382]},"properties":{"name":"Namanve Power Station","fuel":"oil","mw":50.0,"country":"UGA","status":"operating"}},{"type":"Feature","id":393,"geometry":{"type":"Point","coordinates":[32.945,0.379]},"properties":{"name":"Lugazi Power Station","fuel":"biomass","mw":25.0,"country":"UGA","status":"operating"}},{"type":"Feature","id":394,"geometry":{"type":"Point","coordinates":[32.966,-2.542]},"properties":{"name":"Nyakato Power Plant","fuel":"oil","mw":63.0,"country":"TZA","status":"operating"}},{"type":"Feature","id":395,"geometry":{"type":"Point","coordinates":[33.137,0.498]},"properties":{"name":"Bujagali Power Station","fuel":"hydro","mw":250.0,"country":"UGA","status":"operating"}},{"type":"Feature","id":396,"geometry":{"type":"Point","coordinates":[33.185,0.444]},"properties":{"name":"Nalubaale Power Station","fuel":"hydro","mw":180.0,"country":"UGA","status":"operating"}},{"type":"Feature","id":397,"geometry":{"type":"Point","coordinates":[33.186,0.45]},"properties":{"name":"Kiira Power Station","fuel":"hydro","mw":200.0,"country":"UGA","status":"operating"}},{"type":"Feature","id":398,"geometry":{"type":"Point","coordinates":[33.29,0.509]},"properties":{"name":"Kakira Power Station","fuel":"biomass","mw":51.1,"country":"UGA","status":"operating"}},{"type":"Feature","id":399,"geometry":{"type":"Point","coordinates":[33.413,0.506]},"properties":{"name":"Mayuge Thermal Power Station","fuel":"biomass","mw":9.2,"country":"UGA","status":"operating"}},{"type":"Feature","id":400,"geometry":{"type":"Point","coordinates":[34.117,0.637]},"properties":{"name":"Tororo Thermal Power Station","fuel":"oil","mw":50.0,"country":"UGA","status":"operating"}},{"type":"Feature","id":401,"geometry":{"type":"Point","coordinates":[34.348,-0.909]},"properties":{"name":"Gogo Power Station","fuel":"hydro","mw":2.0,"country":"KEN","status":"operating"}},{"type":"Feature","id":402,"geometry":{"type":"Point","coordinates":[34.813,-0.354]},"properties":{"name":"Sang'oro Hydroelectric Power Station","fuel":"hydro","mw":21.2,"country":"KEN","status":"operating"}},{"type":"Feature","id":403,"geometry":{"type":"Point","coordinates":[34.852,-0.343]},"properties":{"name":"Sondu Miriu Hydroelectric Power Station","fuel":"hydro","mw":60.7,"country":"KEN","status":"operating"}},{"type":"Feature","id":404,"geometry":{"type":"Point","coordinates":[34.871,3.694]},"properties":{"name":"","fuel":"solar","mw":0.0,"country":"KEN","status":"operating"}},{"type":"Feature","id":405,"geometry":{"type":"Point","coordinates":[35.151,-0.211]},"properties":{"name":"Muhoroni power plant","fuel":"oil","mw":60.0,"country":"KEN","status":"operating"}},{"type":"Feature","id":406,"geometry":{"type":"Point","coordinates":[35.177,0.548]},"properties":{"name":"Sosiani Power station","fuel":"hydro","mw":0.4,"country":"KEN","status":"operating"}},{"type":"Feature","id":407,"geometry":{"type":"Point","coordinates":[35.22,-0.451]},"properties":{"name":"Tagabi 1 Hydro Power Plant","fuel":"hydro","mw":0.9,"country":"KEN","status":"operating"}},{"type":"Feature","id":408,"geometry":{"type":"Point","coordinates":[35.357,1.913]},"properties":{"name":"Turkwel Hydro Power Station","fuel":"hydro","mw":106.0,"country":"KEN","status":"operating"}},{"type":"Feature","id":409,"geometry":{"type":"Point","coordinates":[34.111,0.63]},"properties":{"name":"Tororo Solar North Power Station","fuel":"solar","mw":10.0,"country":"UGA","status":"operating"}},{"type":"Feature","id":410,"geometry":{"type":"Point","coordinates":[32.518,3.148]},"properties":{"name":"Achwa 2 Hydropower Station","fuel":"hydro","mw":41.0,"country":"UGA","status":"operating"}},{"type":"Feature","id":411,"geometry":{"type":"Point","coordinates":[35.375,0.404]},"properties":{"name":"Alten Solar Power Station","fuel":"solar","mw":44.0,"country":"KEN","status":"operating"}},{"type":"Feature","id":412,"geometry":{"type":"Point","coordinates":[35.361,0.42]},"properties":{"name":"Radiant Solar Power Station","fuel":"solar","mw":40.0,"country":"KEN","status":"operating"}},{"type":"Feature","id":413,"geometry":{"type":"Point","coordinates":[35.36,0.414]},"properties":{"name":"Eldosol Solar Power Station","fuel":"solar","mw":40.0,"country":"KEN","status":"operating"}},{"type":"Feature","id":414,"geometry":{"type":"Point","coordinates":[33.042,0.772]},"properties":{"name":"Isimba Hydropower Station","fuel":"hydro","mw":183.0,"country":"UGA","status":"operating"}},{"type":"Feature","id":415,"geometry":{"type":"Point","coordinates":[34.139,0.591]},"properties":{"name":"","fuel":"solar","mw":0.0,"country":"UGA","status":"operating"}},{"type":"Feature","id":416,"geometry":{"type":"Point","coordinates":[33.429,0.49]},"properties":{"name":"Mayuge Solar Power Station","fuel":"solar","mw":10.0,"country":"UGA","status":"operating"}},{"type":"Feature","id":417,"geometry":{"type":"Point","coordinates":[33.658,1.686]},"properties":{"name":"Soroti Solar Power Station","fuel":"solar","mw":10.0,"country":"UGA","status":"operating"}},{"type":"Feature","id":418,"geometry":{"type":"Point","coordinates":[32.514,3.129]},"properties":{"name":"Achwa 1 Hydropower Station","fuel":"hydro","mw":42.0,"country":"UGA","status":"operating"}},{"type":"Feature","id":419,"geometry":{"type":"Point","coordinates":[34.019,0.55]},"properties":{"name":"Busitema University Solar Farm","fuel":"solar","mw":4.0,"country":"UGA","status":"operating"}},{"type":"Feature","id":420,"geometry":{"type":"Point","coordinates":[34.667,1.348]},"properties":{"name":"Siti I","fuel":"hydro","mw":5.0,"country":"UGA","status":"operating"}},{"type":"Feature","id":421,"geometry":{"type":"Point","coordinates":[34.681,1.375]},"properties":{"name":"Siti II","fuel":"hydro","mw":16.5,"country":"UGA","status":"operating"}},{"type":"Feature","id":422,"geometry":{"type":"Point","coordinates":[34.814,3.74]},"properties":{"name":"","fuel":"solar","mw":0.0,"country":"KEN","status":"operating"}},{"type":"Feature","id":423,"geometry":{"type":"Point","coordinates":[35.236,-0.417]},"properties":{"name":"Kerenga 1 & 2","fuel":"hydro","mw":0.5,"country":"KEN","status":"operating"}},{"type":"Feature","id":424,"geometry":{"type":"Point","coordinates":[35.252,-0.41]},"properties":{"name":"Kapsongoi","fuel":"hydro","mw":2.4,"country":"KEN","status":"operating"}},{"type":"Feature","id":425,"geometry":{"type":"Point","coordinates":[35.189,-0.468]},"properties":{"name":"Jamji 1","fuel":"hydro","mw":0.3,"country":"KEN","status":"operating"}},{"type":"Feature","id":426,"geometry":{"type":"Point","coordinates":[35.189,-0.469]},"properties":{"name":"Jamji 2","fuel":"hydro","mw":0.3,"country":"KEN","status":"operating"}},{"type":"Feature","id":427,"geometry":{"type":"Point","coordinates":[35.182,-0.47]},"properties":{"name":"Jamji Solar Plant","fuel":"solar","mw":0.6,"country":"KEN","status":"operating"}},{"type":"Feature","id":428,"geometry":{"type":"Point","coordinates":[33.957,1.368]},"properties":{"name":"","fuel":"solar","mw":0.0,"country":"UGA","status":"operating"}},{"type":"Feature","id":429,"geometry":{"type":"Point","coordinates":[35.082,0.255]},"properties":{"name":"","fuel":"solar","mw":0.0,"country":"KEN","status":"operating"}},{"type":"Feature","id":430,"geometry":{"type":"Point","coordinates":[35.083,0.258]},"properties":{"name":"","fuel":"solar","mw":0.0,"country":"KEN","status":"operating"}},{"type":"Feature","id":431,"geometry":{"type":"Point","coordinates":[33.487,0.947]},"properties":{"name":"Kaliro Power Station","fuel":"biomass","mw":11.9,"country":"UGA","status":"operating"}},{"type":"Feature","id":432,"geometry":{"type":"Point","coordinates":[32.485,15.239]},"properties":{"name":"Jebel Aulia Dam","fuel":"hydro","mw":30.4,"country":"SDN","status":"operating"}},{"type":"Feature","id":433,"geometry":{"type":"Point","coordinates":[32.562,15.65]},"properties":{"name":"محطة الشهيد د/ محمود شريف الحرارية","fuel":"oil","mw":380.0,"country":"SDN","status":"operating"}},{"type":"Feature","id":434,"geometry":{"type":"Point","coordinates":[32.697,16.119]},"properties":{"name":"محطة قري","fuel":"oil","mw":1111.0,"country":"SDN","status":"operating"}},{"type":"Feature","id":435,"geometry":{"type":"Point","coordinates":[32.826,13.207]},"properties":{"name":"محطة كهرباء أم دباكر","fuel":"oil","mw":500.0,"country":"SDN","status":"operating"}},{"type":"Feature","id":436,"geometry":{"type":"Point","coordinates":[34.387,11.798]},"properties":{"name":"Roseires Dam Power Station","fuel":"hydro","mw":250.0,"country":"SDN","status":"operating"}},{"type":"Feature","id":437,"geometry":{"type":"Point","coordinates":[35.092,11.216]},"properties":{"name":"ታላቁ የኢትዮጵያ ሕዳሴ ግድብ","fuel":"hydro","mw":750.0,"country":"ETH","status":"operating"}},{"type":"Feature","id":438,"geometry":{"type":"Point","coordinates":[35.44,8.398]},"properties":{"name":"Sor","fuel":"hydro","mw":5.0,"country":"ETH","status":"operating"}},{"type":"Feature","id":439,"geometry":{"type":"Point","coordinates":[35.906,14.926]},"properties":{"name":"El Girba","fuel":"hydro","mw":10.0,"country":"SDN","status":"operating"}},{"type":"Feature","id":440,"geometry":{"type":"Point","coordinates":[35.918,14.243]},"properties":{"name":"Upper Atbara ans Setit hydropower plant","fuel":"hydro","mw":320.0,"country":"SDN","status":"operating"}},{"type":"Feature","id":441,"geometry":{"type":"Point","coordinates":[37.301,6.843]},"properties":{"name":"Gilgel Gibe III Power Station","fuel":"hydro","mw":1870.0,"country":"ETH","status":"operating"}},{"type":"Feature","id":442,"geometry":{"type":"Point","coordinates":[37.412,9.562]},"properties":{"name":"Fincha Hydroelectric Power Station","fuel":"hydro","mw":134.0,"country":"ETH","status":"operating"}},{"type":"Feature","id":443,"geometry":{"type":"Point","coordinates":[37.562,7.757]},"properties":{"name":"Gilgel Gibe II","fuel":"hydro","mw":420.0,"country":"ETH","status":"operating"}},{"type":"Feature","id":444,"geometry":{"type":"Point","coordinates":[37.59,11.486]},"properties":{"name":"Tis Abay I Hydroelectric Plant","fuel":"hydro","mw":11.4,"country":"ETH","status":"operating"}},{"type":"Feature","id":445,"geometry":{"type":"Point","coordinates":[37.6,11.489]},"properties":{"name":"Tis Abay II Hydroelectric Plant","fuel":"hydro","mw":73.0,"country":"ETH","status":"operating"}},{"type":"Feature","id":446,"geometry":{"type":"Point","coordinates":[38.71,8.976]},"properties":{"name":"Reppie waste-to-energy plant","fuel":"waste","mw":50.0,"country":"ETH","status":"operating"}},{"type":"Feature","id":447,"geometry":{"type":"Point","coordinates":[38.716,8.751]},"properties":{"name":"Aba Samuel Power Plant","fuel":"hydro","mw":6.6,"country":"ETH","status":"operating"}},{"type":"Feature","id":448,"geometry":{"type":"Point","coordinates":[38.741,13.349]},"properties":{"name":"Tekezé Dam Power Station","fuel":"hydro","mw":300.0,"country":"ETH","status":"operating"}},{"type":"Feature","id":449,"geometry":{"type":"Point","coordinates":[39.219,8.589]},"properties":{"name":"Adama Wind Power Plant","fuel":"wind","mw":204.0,"country":"ETH","status":"operating"}},{"type":"Feature","id":450,"geometry":{"type":"Point","coordinates":[39.159,8.469]},"properties":{"name":"Koka Hydroelectric Power Plant","fuel":"hydro","mw":43.0,"country":"ETH","status":"operating"}},{"type":"Feature","id":451,"geometry":{"type":"Point","coordinates":[39.352,8.393]},"properties":{"name":"Awash II Hydroelectric Power Plant","fuel":"hydro","mw":32.0,"country":"ETH","status":"operating"}},{"type":"Feature","id":452,"geometry":{"type":"Point","coordinates":[39.36,8.382]},"properties":{"name":"Awash III Hydroelectric Power Plant","fuel":"hydro","mw":32.0,"country":"ETH","status":"operating"}},{"type":"Feature","id":453,"geometry":{"type":"Point","coordinates":[39.462,7.225]},"properties":{"name":"Melka Wakena Hydroelectric Power Station","fuel":"hydro","mw":153.0,"country":"ETH","status":"operating"}},{"type":"Feature","id":454,"geometry":{"type":"Point","coordinates":[37.369,7.903]},"properties":{"name":"Gilgel Gibe I Power Station","fuel":"hydro","mw":184.0,"country":"ETH","status":"operating"}},{"type":"Feature","id":455,"geometry":{"type":"Point","coordinates":[37.269,9.789]},"properties":{"name":"Amerti Neshi power plant","fuel":"hydro","mw":95.0,"country":"ETH","status":"operating"}},{"type":"Feature","id":456,"geometry":{"type":"Point","coordinates":[38.795,7.789]},"properties":{"name":"Aluto–Langano Geothermal Power Station","fuel":"geothermal","mw":7.3,"country":"ETH","status":"operating"}},{"type":"Feature","id":457,"geometry":{"type":"Point","coordinates":[36.052,6.3]},"properties":{"name":"Gilgel Gibe V","fuel":"unknown","mw":0.0,"country":"ETH","status":"operating"}},{"type":"Feature","id":458,"geometry":{"type":"Point","coordinates":[32.469,14.072]},"properties":{"name":"White Nile Sugar Co Power Plant","fuel":"biomass","mw":0.0,"country":"SDN","status":"operating"}},{"type":"Feature","id":459,"geometry":{"type":"Point","coordinates":[38.782,9.045]},"properties":{"name":"","fuel":"unknown","mw":0.0,"country":"ETH","status":"operating"}},{"type":"Feature","id":460,"geometry":{"type":"Point","coordinates":[39.775,5.523]},"properties":{"name":"Genale Dawa III Hydroelectric Power Plant","fuel":"hydro","mw":254.0,"country":"ETH","status":"operating"}},{"type":"Feature","id":461,"geometry":{"type":"Point","coordinates":[38.405,7.112]},"properties":{"name":"Solar plant","fuel":"solar","mw":0.0,"country":"ETH","status":"operating"}},{"type":"Feature","id":462,"geometry":{"type":"Point","coordinates":[39.102,8.596]},"properties":{"name":"George Shoe","fuel":"unknown","mw":0.0,"country":"ETH","status":"operating"}},{"type":"Feature","id":463,"geometry":{"type":"Point","coordinates":[39.032,8.729]},"properties":{"name":"Kanoria Industry","fuel":"unknown","mw":0.0,"country":"ETH","status":"operating"}},{"type":"Feature","id":464,"geometry":{"type":"Point","coordinates":[36.923,11.818]},"properties":{"name":"Beles Hydroelectric Power Plant","fuel":"hydro","mw":460.0,"country":"ETH","status":"operating"}},{"type":"Feature","id":465,"geometry":{"type":"Point","coordinates":[36.549,6.574]},"properties":{"name":"Koysha Hydroelectric Project","fuel":"hydro","mw":2160.0,"country":"ETH","status":"operating"}},{"type":"Feature","id":466,"geometry":{"type":"Point","coordinates":[36.456,11.557]},"properties":{"name":"Tana Beles Sugar Factory Power Plant","fuel":"biomass","mw":45.0,"country":"ETH","status":"operating"}},{"type":"Feature","id":467,"geometry":{"type":"Point","coordinates":[46.41,8.956]},"properties":{"name":"","fuel":"solar","mw":0.0,"country":"SOM","status":"operating"}},{"type":"Feature","id":468,"geometry":{"type":"Point","coordinates":[43.344,9.618]},"properties":{"name":"","fuel":"solar","mw":0.0,"country":"SOM","status":"operating"}},{"type":"Feature","id":469,"geometry":{"type":"Point","coordinates":[41.735,9.625]},"properties":{"name":"","fuel":"unknown","mw":0.0,"country":"ETH","status":"operating"}},{"type":"Feature","id":470,"geometry":{"type":"Point","coordinates":[41.803,9.627]},"properties":{"name":"Dire Dawa oil power plant","fuel":"oil","mw":40.0,"country":"ETH","status":"operating"}},{"type":"Feature","id":471,"geometry":{"type":"Point","coordinates":[44.972,10.4]},"properties":{"name":"","fuel":"solar","mw":7.0,"country":"SOM","status":"operating"}},{"type":"Feature","id":472,"geometry":{"type":"Point","coordinates":[42.591,10.691]},"properties":{"name":"Aysha 2 WPP","fuel":"wind","mw":120.0,"country":"ETH","status":"operating"}},{"type":"Feature","id":473,"geometry":{"type":"Point","coordinates":[42.107,11.005]},"properties":{"name":"As-Eyla Solar","fuel":"solar","mw":0.1,"country":"DJI","status":"operating"}},{"type":"Feature","id":474,"geometry":{"type":"Point","coordinates":[42.689,11.151]},"properties":{"name":"","fuel":"unknown","mw":0.0,"country":"DJI","status":"operating"}},{"type":"Feature","id":475,"geometry":{"type":"Point","coordinates":[42.5,11.53]},"properties":{"name":"Ghoubet Windfarm","fuel":"wind","mw":60.0,"country":"DJI","status":"operating"}},{"type":"Feature","id":476,"geometry":{"type":"Point","coordinates":[41.389,11.55]},"properties":{"name":"Tendaho Sugar Factory","fuel":"unknown","mw":0.0,"country":"ETH","status":"operating"}},{"type":"Feature","id":477,"geometry":{"type":"Point","coordinates":[43.157,11.576]},"properties":{"name":"Centrale de Boulaos","fuel":"oil","mw":100.0,"country":"DJI","status":"operating"}},{"type":"Feature","id":478,"geometry":{"type":"Point","coordinates":[42.869,11.784]},"properties":{"name":"Centrale Thermique de Tadjourah كهرباء جيبوتي تاجورة","fuel":"unknown","mw":0.0,"country":"DJI","status":"operating"}},{"type":"Feature","id":479,"geometry":{"type":"Point","coordinates":[45.435,7.296]},"properties":{"name":"","fuel":"solar","mw":0.0,"country":"ETH","status":"operating"}},{"type":"Feature","id":480,"geometry":{"type":"Point","coordinates":[44.092,9.549]},"properties":{"name":"","fuel":"solar","mw":0.0,"country":"SOM","status":"operating"}},{"type":"Feature","id":481,"geometry":{"type":"Point","coordinates":[47.317,8.52]},"properties":{"name":"Sool Power","fuel":"solar","mw":0.0,"country":"SOM","status":"operating"}},{"type":"Feature","id":482,"geometry":{"type":"Point","coordinates":[48.503,8.399]},"properties":{"name":"","fuel":"solar","mw":0.0,"country":"SOM","status":"operating"}},{"type":"Feature","id":483,"geometry":{"type":"Point","coordinates":[43.213,9.953]},"properties":{"name":"","fuel":"solar","mw":0.0,"country":"SOM","status":"operating"}},{"type":"Feature","id":484,"geometry":{"type":"Point","coordinates":[43.216,9.952]},"properties":{"name":"","fuel":"solar","mw":0.0,"country":"SOM","status":"operating"}},{"type":"Feature","id":485,"geometry":{"type":"Point","coordinates":[43.22,9.951]},"properties":{"name":"","fuel":"solar","mw":0.0,"country":"SOM","status":"operating"}},{"type":"Feature","id":486,"geometry":{"type":"Point","coordinates":[48.328,10.713]},"properties":{"name":"FV","fuel":"solar","mw":0.0,"country":"SOM","status":"operating"}},{"type":"Feature","id":487,"geometry":{"type":"Point","coordinates":[45.553,9.556]},"properties":{"name":"HECO Solar power Station","fuel":"solar","mw":0.0,"country":"SOM","status":"operating"}},{"type":"Feature","id":488,"geometry":{"type":"Point","coordinates":[49.176,11.282]},"properties":{"name":"Enee","fuel":"unknown","mw":0.0,"country":"SOM","status":"operating"}},{"type":"Feature","id":489,"geometry":{"type":"Point","coordinates":[49.178,11.261]},"properties":{"name":"Bosaso Solar Power Plant","fuel":"solar","mw":0.0,"country":"SOM","status":"operating"}},{"type":"Feature","id":490,"geometry":{"type":"Point","coordinates":[39.607,13.448]},"properties":{"name":"Ashegoda Wind Power Plant","fuel":"wind","mw":120.0,"country":"ETH","status":"operating"}},{"type":"Feature","id":491,"geometry":{"type":"Point","coordinates":[43.637,3.107]},"properties":{"name":"Baidoa Solar Farm","fuel":"solar","mw":0.0,"country":"SOM","status":"operating"}},{"type":"Feature","id":492,"geometry":{"type":"Point","coordinates":[32.717,24.424]},"properties":{"name":"محطة بنبان للطاقة الشمسية","fuel":"solar","mw":1465.0,"country":"EGY","status":"operating"}},{"type":"Feature","id":493,"geometry":{"type":"Point","coordinates":[32.773,28.654]},"properties":{"name":"Red Sea Wind Energy","fuel":"wind","mw":500.0,"country":"EGY","status":"operating"}},{"type":"Feature","id":494,"geometry":{"type":"Point","coordinates":[32.829,28.554]},"properties":{"name":"Lekela’s West Bakr Wind Farm","fuel":"wind","mw":252.0,"country":"EGY","status":"operating"}},{"type":"Feature","id":495,"geometry":{"type":"Point","coordinates":[32.856,24.44]},"properties":{"name":"","fuel":"solar","mw":0.0,"country":"EGY","status":"operating"}},{"type":"Feature","id":496,"geometry":{"type":"Point","coordinates":[32.863,24.028]},"properties":{"name":"Aswan I Power Plant","fuel":"hydro","mw":280.0,"country":"EGY","status":"operating"}},{"type":"Feature","id":497,"geometry":{"type":"Point","coordinates":[32.866,24.034]},"properties":{"name":"Aswan II Power Plant","fuel":"hydro","mw":270.0,"country":"EGY","status":"operating"}},{"type":"Feature","id":498,"geometry":{"type":"Point","coordinates":[32.913,28.47]},"properties":{"name":"Amunet Wind Farm","fuel":"wind","mw":500.5,"country":"EGY","status":"operating"}},{"type":"Feature","id":499,"geometry":{"type":"Point","coordinates":[32.883,23.972]},"properties":{"name":"Aswan High Dam Power Plant","fuel":"hydro","mw":2100.0,"country":"EGY","status":"operating"}},{"type":"Feature","id":500,"geometry":{"type":"Point","coordinates":[32.997,28.183]},"properties":{"name":"Ras Ghareb wind farm","fuel":"wind","mw":262.5,"country":"EGY","status":"operating"}},{"type":"Feature","id":501,"geometry":{"type":"Point","coordinates":[33.052,28.122]},"properties":{"name":"Gulf of Suez wind farm","fuel":"wind","mw":252.0,"country":"EGY","status":"operating"}},{"type":"Feature","id":502,"geometry":{"type":"Point","coordinates":[33.181,28.109]},"properties":{"name":"مزرعة رياح جبل الزيت","fuel":"wind","mw":580.0,"country":"EGY","status":"operating"}},{"type":"Feature","id":503,"geometry":{"type":"Point","coordinates":[33.708,27.31]},"properties":{"name":"","fuel":"wind","mw":0.0,"country":"EGY","status":"operating"}},{"type":"Feature","id":504,"geometry":{"type":"Point","coordinates":[33.819,27.149]},"properties":{"name":"محطة كهرباء الغردقة الغازية","fuel":"gas","mw":288.0,"country":"EGY","status":"operating"}},{"type":"Feature","id":505,"geometry":{"type":"Point","coordinates":[34.001,17.613]},"properties":{"name":"مشروع ماس للطاقة الشمسية","fuel":"solar","mw":54.0,"country":"SDN","status":"operating"}},{"type":"Feature","id":506,"geometry":{"type":"Point","coordinates":[34.295,27.932]},"properties":{"name":"محطة نبق \"جلوبال\" للطاقة الشمسية","fuel":"solar","mw":10.0,"country":"EGY","status":"operating"}},{"type":"Feature","id":507,"geometry":{"type":"Point","coordinates":[35.41,24.236]},"properties":{"name":"","fuel":"solar","mw":0.0,"country":"EGY","status":"operating"}},{"type":"Feature","id":508,"geometry":{"type":"Point","coordinates":[35.422,23.981]},"properties":{"name":"","fuel":"solar","mw":0.0,"country":"EGY","status":"operating"}},{"type":"Feature","id":509,"geometry":{"type":"Point","coordinates":[35.422,24.198]},"properties":{"name":"","fuel":"oil","mw":0.0,"country":"EGY","status":"operating"}},{"type":"Feature","id":510,"geometry":{"type":"Point","coordinates":[35.612,23.127]},"properties":{"name":"Shalateen Solar Power Station","fuel":"solar","mw":5.0,"country":"EGY","status":"operating"}},{"type":"Feature","id":511,"geometry":{"type":"Point","coordinates":[36.409,22.404]},"properties":{"name":"Abu Ramad Solar Power Station","fuel":"solar","mw":2.0,"country":"EGY","status":"operating"}},{"type":"Feature","id":512,"geometry":{"type":"Point","coordinates":[36.668,22.175]},"properties":{"name":"Halayeb Solar Power Station","fuel":"solar","mw":1.0,"country":"EGY","status":"operating"}},{"type":"Feature","id":513,"geometry":{"type":"Point","coordinates":[36.718,22.034]},"properties":{"name":"","fuel":"solar","mw":0.0,"country":"EGY","status":"operating"}},{"type":"Feature","id":514,"geometry":{"type":"Point","coordinates":[32.796,24.613]},"properties":{"name":"ACWA Kom Ombo Solar Power Station","fuel":"solar","mw":200.0,"country":"EGY","status":"operating"}},{"type":"Feature","id":515,"geometry":{"type":"Point","coordinates":[34.386,28.014]},"properties":{"name":"","fuel":"solar","mw":0.0,"country":"EGY","status":"operating"}},{"type":"Feature","id":516,"geometry":{"type":"Point","coordinates":[34.713,24.976]},"properties":{"name":"Sukari Gold Mine Solar Plant","fuel":"solar","mw":36.0,"country":"EGY","status":"operating"}},{"type":"Feature","id":517,"geometry":{"type":"Point","coordinates":[33.621,27.416]},"properties":{"name":"","fuel":"solar","mw":0.0,"country":"EGY","status":"operating"}},{"type":"Feature","id":518,"geometry":{"type":"Point","coordinates":[34.737,25.322]},"properties":{"name":"","fuel":"solar","mw":0.0,"country":"","status":"operating"}},{"type":"Feature","id":519,"geometry":{"type":"Point","coordinates":[33.359,28.687]},"properties":{"name":"","fuel":"solar","mw":0.0,"country":"EGY","status":"operating"}},{"type":"Feature","id":520,"geometry":{"type":"Point","coordinates":[33.971,26.876]},"properties":{"name":"","fuel":"solar","mw":0.0,"country":"EGY","status":"operating"}},{"type":"Feature","id":521,"geometry":{"type":"Point","coordinates":[34.961,24.913]},"properties":{"name":"","fuel":"solar","mw":0.0,"country":"","status":"operating"}},{"type":"Feature","id":522,"geometry":{"type":"Point","coordinates":[37.249,19.52]},"properties":{"name":"Port Sudan Power Plant","fuel":"gas","mw":0.0,"country":"SDN","status":"operating"}},{"type":"Feature","id":523,"geometry":{"type":"Point","coordinates":[37.313,19.39]},"properties":{"name":"Karadeniz Powership Kaya Bey","fuel":"unknown","mw":0.0,"country":"","status":"operating"}},{"type":"Feature","id":524,"geometry":{"type":"Point","coordinates":[40.922,2.82]},"properties":{"name":"","fuel":"solar","mw":0.0,"country":"KEN","status":"operating"}},{"type":"Feature","id":525,"geometry":{"type":"Point","coordinates":[40.874,3.551]},"properties":{"name":"","fuel":"solar","mw":0.0,"country":"KEN","status":"operating"}},{"type":"Feature","id":526,"geometry":{"type":"Point","coordinates":[15.043,-23.562]},"properties":{"name":"Gobabeb Research Centre Solar Farm","fuel":"solar","mw":0.0,"country":"NAM","status":"operating"}},{"type":"Feature","id":527,"geometry":{"type":"Point","coordinates":[14.517,-22.939]},"properties":{"name":"Paratus Powerstation","fuel":"diesel","mw":0.0,"country":"NAM","status":"operating"}},{"type":"Feature","id":528,"geometry":{"type":"Point","coordinates":[14.964,-22.43]},"properties":{"name":"Arandis","fuel":"solar","mw":3.8,"country":"NAM","status":"operating"}},{"type":"Feature","id":529,"geometry":{"type":"Point","coordinates":[14.807,-22.156]},"properties":{"name":"Trekopje Solar Farm","fuel":"solar","mw":5.0,"country":"NAM","status":"operating"}},{"type":"Feature","id":530,"geometry":{"type":"Point","coordinates":[14.984,-16.765]},"properties":{"name":"Xangongo Hybrid Power Plant","fuel":"solar_radiation","mw":0.0,"country":"AGO","status":"operating"}},{"type":"Feature","id":531,"geometry":{"type":"Point","coordinates":[11.85,-15.805]},"properties":{"name":"Tômbwa Power Plant","fuel":"diesel","mw":10.0,"country":"AGO","status":"operating"}},{"type":"Feature","id":532,"geometry":{"type":"Point","coordinates":[11.917,-15.774]},"properties":{"name":"Central Híbrida de Tômbwa","fuel":"solar","mw":5.0,"country":"AGO","status":"operating"}},{"type":"Feature","id":533,"geometry":{"type":"Point","coordinates":[12.124,-15.239]},"properties":{"name":"Central Térmica do Aeroporto","fuel":"diesel","mw":11.7,"country":"AGO","status":"operating"}},{"type":"Feature","id":534,"geometry":{"type":"Point","coordinates":[12.171,-15.146]},"properties":{"name":"Central Térmica do Xitoto","fuel":"diesel","mw":56.0,"country":"AGO","status":"operating"}},{"type":"Feature","id":535,"geometry":{"type":"Point","coordinates":[12.624,-15.024]},"properties":{"name":"Central Fotovoltaica de Caraculo","fuel":"solar","mw":25.0,"country":"AGO","status":"operating"}},{"type":"Feature","id":536,"geometry":{"type":"Point","coordinates":[13.185,-12.661]},"properties":{"name":"Central Solar Fotovoltaíca da Baía Farta","fuel":"solar","mw":75.9,"country":"AGO","status":"operating"}},{"type":"Feature","id":537,"geometry":{"type":"Point","coordinates":[14.134,-12.486]},"properties":{"name":"Central Híbrida do Bocoio","fuel":"solar","mw":2.0,"country":"AGO","status":"operating"}},{"type":"Feature","id":538,"geometry":{"type":"Point","coordinates":[13.761,-12.399]},"properties":{"name":"Central Solar Fotovoltaíca do Bíopio","fuel":"solar","mw":144.9,"country":"AGO","status":"operating"}},{"type":"Feature","id":539,"geometry":{"type":"Point","coordinates":[13.165,-8.954]},"properties":{"name":"Benfica","fuel":"diesel","mw":40.0,"country":"AGO","status":"operating"}},{"type":"Feature","id":540,"geometry":{"type":"Point","coordinates":[13.165,-8.954]},"properties":{"name":"Benfica Power Plant","fuel":"oil","mw":0.0,"country":"AGO","status":"operating"}},{"type":"Feature","id":541,"geometry":{"type":"Point","coordinates":[13.189,-8.893]},"properties":{"name":"Morro Bento","fuel":"diesel","mw":90.0,"country":"AGO","status":"operating"}},{"type":"Feature","id":542,"geometry":{"type":"Point","coordinates":[13.427,-8.799]},"properties":{"name":"Nova Cimangola II Thermal Power Station","fuel":"oil","mw":0.0,"country":"AGO","status":"operating"}},{"type":"Feature","id":543,"geometry":{"type":"Point","coordinates":[12.325,-6.182]},"properties":{"name":"Central do Ciclo Combinado do Soyo","fuel":"gas","mw":750.0,"country":"AGO","status":"operating"}},{"type":"Feature","id":544,"geometry":{"type":"Point","coordinates":[12.336,-6.119]},"properties":{"name":"Soyo LNG Power Plant","fuel":"gas","mw":120.0,"country":"AGO","status":"operating"}},{"type":"Feature","id":545,"geometry":{"type":"Point","coordinates":[12.281,-5.55]},"properties":{"name":"Central Térmica do Chibodo","fuel":"oil","mw":30.0,"country":"AGO","status":"operating"}},{"type":"Feature","id":546,"geometry":{"type":"Point","coordinates":[12.21,-5.368]},"properties":{"name":"Central Térmica de Malembo (Futila)","fuel":"gas","mw":95.0,"country":"AGO","status":"operating"}},{"type":"Feature","id":547,"geometry":{"type":"Point","coordinates":[13.433,-8.765]},"properties":{"name":"Quifandongo water works","fuel":"diesel","mw":0.0,"country":"AGO","status":"operating"}},{"type":"Feature","id":548,"geometry":{"type":"Point","coordinates":[14.222,-17.398]},"properties":{"name":"Ruacana Power Station Solar PV","fuel":"solar","mw":0.0,"country":"NAM","status":"operating"}},{"type":"Feature","id":549,"geometry":{"type":"Point","coordinates":[15.323,-12.238]},"properties":{"name":"Londuimbali Hybrid Power Station","fuel":"solar","mw":5.0,"country":"AGO","status":"operating"}},{"type":"Feature","id":550,"geometry":{"type":"Point","coordinates":[15.013,-22.591]},"properties":{"name":"Husab","fuel":"solar","mw":12.0,"country":"NAM","status":"operating"}},{"type":"Feature","id":551,"geometry":{"type":"Point","coordinates":[13.298,-8.781]},"properties":{"name":"Sonangol Luanda Refinery Power Station","fuel":"unknown","mw":0.0,"country":"AGO","status":"operating"}},{"type":"Feature","id":552,"geometry":{"type":"Point","coordinates":[19.614,-34.756]},"properties":{"name":"Buffelsjagsbaai Abalone Farm","fuel":"wind","mw":1.3,"country":"ZAF","status":"operating"}},{"type":"Feature","id":553,"geometry":{"type":"Point","coordinates":[19.923,-33.413]},"properties":{"name":"Soitec Touwsrivier Solar Energy Facility","fuel":"solar","mw":36.0,"country":"ZAF","status":"operating"}},{"type":"Feature","id":554,"geometry":{"type":"Point","coordinates":[20.107,-33.061]},"properties":{"name":"Perdekraal East Wind Farm","fuel":"wind","mw":107.8,"country":"ZAF","status":"operating"}},{"type":"Feature","id":555,"geometry":{"type":"Point","coordinates":[20.074,-34.516]},"properties":{"name":"P&B Limeworks Solar Plant","fuel":"solar","mw":1.0,"country":"ZAF","status":"operating"}},{"type":"Feature","id":556,"geometry":{"type":"Point","coordinates":[20.229,-34.233]},"properties":{"name":"Excelsior Wind Energy Facility","fuel":"wind","mw":31.9,"country":"ZAF","status":"operating"}},{"type":"Feature","id":557,"geometry":{"type":"Point","coordinates":[20.517,-32.896]},"properties":{"name":"Roggeveld Wind Farm","fuel":"wind","mw":140.0,"country":"ZAF","status":"operating"}},{"type":"Feature","id":558,"geometry":{"type":"Point","coordinates":[20.627,-32.835]},"properties":{"name":"Karusa Wind Farm","fuel":"wind","mw":139.8,"country":"ZAF","status":"operating"}},{"type":"Feature","id":559,"geometry":{"type":"Point","coordinates":[20.689,-32.758]},"properties":{"name":"Soetwater Wind Farm","fuel":"wind","mw":139.4,"country":"ZAF","status":"operating"}},{"type":"Feature","id":560,"geometry":{"type":"Point","coordinates":[22.012,-33.994]},"properties":{"name":"","fuel":"solar","mw":0.0,"country":"ZAF","status":"operating"}},{"type":"Feature","id":561,"geometry":{"type":"Point","coordinates":[22.083,-34.058]},"properties":{"name":"","fuel":"solar","mw":0.0,"country":"","status":"operating"}},{"type":"Feature","id":562,"geometry":{"type":"Point","coordinates":[22.231,-33.608]},"properties":{"name":"Klein Karoo Intenational","fuel":"solar","mw":1.0,"country":"ZAF","status":"operating"}},{"type":"Feature","id":563,"geometry":{"type":"Point","coordinates":[22.232,-33.608]},"properties":{"name":"","fuel":"solar","mw":0.0,"country":"ZAF","status":"operating"}},{"type":"Feature","id":564,"geometry":{"type":"Point","coordinates":[22.753,-31.458]},"properties":{"name":"","fuel":"oil","mw":0.0,"country":"ZAF","status":"operating"}},{"type":"Feature","id":565,"geometry":{"type":"Point","coordinates":[23.165,-31.774]},"properties":{"name":"Noblesfontein Wind Farm","fuel":"wind","mw":73.8,"country":"ZAF","status":"operating"}},{"type":"Feature","id":566,"geometry":{"type":"Point","coordinates":[22.223,-34.03]},"properties":{"name":"Groot Brakrivier","fuel":"hydro","mw":0.4,"country":"","status":"operating"}},{"type":"Feature","id":567,"geometry":{"type":"Point","coordinates":[19.782,-33.746]},"properties":{"name":"","fuel":"solar","mw":0.0,"country":"ZAF","status":"operating"}},{"type":"Feature","id":568,"geometry":{"type":"Point","coordinates":[22.485,-33.945]},"properties":{"name":"Denneoord WTW","fuel":"solar","mw":0.4,"country":"","status":"operating"}},{"type":"Feature","id":569,"geometry":{"type":"Point","coordinates":[22.4,-33.946]},"properties":{"name":"","fuel":"solar","mw":0.0,"country":"","status":"operating"}},{"type":"Feature","id":570,"geometry":{"type":"Point","coordinates":[19.691,-33.835]},"properties":{"name":"","fuel":"solar","mw":0.0,"country":"ZAF","status":"operating"}},{"type":"Feature","id":571,"geometry":{"type":"Point","coordinates":[19.711,-33.878]},"properties":{"name":"","fuel":"solar","mw":0.0,"country":"ZAF","status":"operating"}},{"type":"Feature","id":572,"geometry":{"type":"Point","coordinates":[19.722,-33.886]},"properties":{"name":"","fuel":"solar","mw":0.0,"country":"ZAF","status":"operating"}},{"type":"Feature","id":573,"geometry":{"type":"Point","coordinates":[20.305,-34.075]},"properties":{"name":"","fuel":"solar","mw":0.0,"country":"ZAF","status":"operating"}},{"type":"Feature","id":574,"geometry":{"type":"Point","coordinates":[20.215,-34.075]},"properties":{"name":"","fuel":"solar","mw":0.0,"country":"ZAF","status":"operating"}},{"type":"Feature","id":575,"geometry":{"type":"Point","coordinates":[23.053,-31.903]},"properties":{"name":"Travalia Farm Store","fuel":"solar","mw":0.0,"country":"ZAF","status":"operating"}},{"type":"Feature","id":576,"geometry":{"type":"Point","coordinates":[23.049,-31.902]},"properties":{"name":"Travalia Guest Farm","fuel":"solar","mw":0.0,"country":"ZAF","status":"operating"}},{"type":"Feature","id":577,"geometry":{"type":"Point","coordinates":[20.911,-31.344]},"properties":{"name":"Williston Abattoir","fuel":"solar","mw":0.0,"country":"ZAF","status":"operating"}},{"type":"Feature","id":578,"geometry":{"type":"Point","coordinates":[20.728,-32.546]},"properties":{"name":"","fuel":"solar","mw":0.0,"country":"ZAF","status":"operating"}},{"type":"Feature","id":579,"geometry":{"type":"Point","coordinates":[19.382,-34.231]},"properties":{"name":"Klipheuwel Wind Farm","fuel":"wind","mw":27.0,"country":"ZAF","status":"operating"}},{"type":"Feature","id":580,"geometry":{"type":"Point","coordinates":[18.974,-34.198]},"properties":{"name":"Palmiet Pumped Storage Scheme","fuel":"hydro","mw":400.0,"country":"ZAF","status":"operating"}},{"type":"Feature","id":581,"geometry":{"type":"Point","coordinates":[18.897,-34.152]},"properties":{"name":"Steenbras Hydroelectric Power Station","fuel":"hydro","mw":180.0,"country":"ZAF","status":"operating"}},{"type":"Feature","id":582,"geometry":{"type":"Point","coordinates":[18.781,-34.065]},"properties":{"name":"RDM Solar Farm","fuel":"solar","mw":5.0,"country":"ZAF","status":"operating"}},{"type":"Feature","id":583,"geometry":{"type":"Point","coordinates":[18.896,-34.065]},"properties":{"name":"Lourensford Estate","fuel":"solar","mw":0.0,"country":"ZAF","status":"operating"}},{"type":"Feature","id":584,"geometry":{"type":"Point","coordinates":[18.513,-33.948]},"properties":{"name":"Athlone Power Station","fuel":"coal","mw":0.0,"country":"ZAF","status":"operating"}},{"type":"Feature","id":585,"geometry":{"type":"Point","coordinates":[18.513,-33.947]},"properties":{"name":"Athlone Gas Turbine","fuel":"diesel","mw":36.0,"country":"ZAF","status":"operating"}},{"type":"Feature","id":586,"geometry":{"type":"Point","coordinates":[18.633,-33.936]},"properties":{"name":"UWC Backup Generators","fuel":"diesel","mw":0.0,"country":"ZAF","status":"operating"}},{"type":"Feature","id":587,"geometry":{"type":"Point","coordinates":[18.425,-33.914]},"properties":{"name":"Roggebaai Gas Turbine","fuel":"gas","mw":42.0,"country":"ZAF","status":"operating"}},{"type":"Feature","id":588,"geometry":{"type":"Point","coordinates":[18.916,-33.911]},"properties":{"name":"Tokara Solar Farm","fuel":"solar","mw":0.8,"country":"ZAF","status":"operating"}},{"type":"Feature","id":589,"geometry":{"type":"Point","coordinates":[19.006,-33.909]},"properties":{"name":"L'Ormarins Hydroelectrical Power Station 1","fuel":"hydro","mw":1.9,"country":"ZAF","status":"operating"}},{"type":"Feature","id":590,"geometry":{"type":"Point","coordinates":[19.013,-33.902]},"properties":{"name":"L'Ormarins Hydroelectric Power Station II","fuel":"hydro","mw":0.3,"country":"ZAF","status":"operating"}},{"type":"Feature","id":591,"geometry":{"type":"Point","coordinates":[18.964,-33.885]},"properties":{"name":"Boschendal","fuel":"solar","mw":0.7,"country":"ZAF","status":"operating"}},{"type":"Feature","id":592,"geometry":{"type":"Point","coordinates":[18.535,-33.883]},"properties":{"name":"Acacia Power Station","fuel":"diesel","mw":171.0,"country":"ZAF","status":"operating"}},{"type":"Feature","id":593,"geometry":{"type":"Point","coordinates":[19.386,-33.883]},"properties":{"name":"","fuel":"solar","mw":0.0,"country":"ZAF","status":"operating"}},{"type":"Feature","id":594,"geometry":{"type":"Point","coordinates":[18.556,-33.847]},"properties":{"name":"","fuel":"solar","mw":0.0,"country":"ZAF","status":"operating"}},{"type":"Feature","id":595,"geometry":{"type":"Point","coordinates":[19.429,-33.829]},"properties":{"name":"","fuel":"solar","mw":0.0,"country":"ZAF","status":"operating"}},{"type":"Feature","id":596,"geometry":{"type":"Point","coordinates":[18.957,-33.826]},"properties":{"name":"Marlenique","fuel":"solar","mw":1.1,"country":"ZAF","status":"operating"}},{"type":"Feature","id":597,"geometry":{"type":"Point","coordinates":[19.423,-33.821]},"properties":{"name":"","fuel":"solar","mw":0.0,"country":"ZAF","status":"operating"}},{"type":"Feature","id":598,"geometry":{"type":"Point","coordinates":[19.543,-33.772]},"properties":{"name":"","fuel":"solar","mw":0.0,"country":"ZAF","status":"operating"}},{"type":"Feature","id":599,"geometry":{"type":"Point","coordinates":[19.464,-33.7]},"properties":{"name":"Worcester East Pumps","fuel":"solar","mw":0.0,"country":"ZAF","status":"operating"}},{"type":"Feature","id":600,"geometry":{"type":"Point","coordinates":[18.434,-33.676]},"properties":{"name":"Koeberg Nuclear Power Station","fuel":"nuclear","mw":1940.0,"country":"ZAF","status":"operating"}},{"type":"Feature","id":601,"geometry":{"type":"Point","coordinates":[19.541,-33.632]},"properties":{"name":"","fuel":"solar","mw":0.0,"country":"ZAF","status":"operating"}},{"type":"Feature","id":602,"geometry":{"type":"Point","coordinates":[19.453,-33.616]},"properties":{"name":"","fuel":"solar","mw":0.0,"country":"ZAF","status":"operating"}},{"type":"Feature","id":603,"geometry":{"type":"Point","coordinates":[18.476,-33.598]},"properties":{"name":"Atlantis Foundries Solar Farm","fuel":"solar","mw":13.0,"country":"ZAF","status":"operating"}},{"type":"Feature","id":604,"geometry":{"type":"Point","coordinates":[18.462,-33.59]},"properties":{"name":"Ankerlig Power Station","fuel":"gas","mw":1338.0,"country":"ZAF","status":"operating"}},{"type":"Feature","id":605,"geometry":{"type":"Point","coordinates":[18.627,-33.508]},"properties":{"name":"","fuel":"solar","mw":0.0,"country":"ZAF","status":"operating"}},{"type":"Feature","id":606,"geometry":{"type":"Point","coordinates":[18.483,-33.576]},"properties":{"name":"Atlantis","fuel":"solar","mw":7.0,"country":"ZAF","status":"operating"}},{"type":"Feature","id":607,"geometry":{"type":"Point","coordinates":[19.411,-34.441]},"properties":{"name":"","fuel":"solar","mw":0.0,"country":"ZAF","status":"operating"}},{"type":"Feature","id":608,"geometry":{"type":"Point","coordinates":[19.477,-33.635]},"properties":{"name":"Hex Battery Energy Storage System","fuel":"battery","mw":60.0,"country":"ZAF","status":"operating"}},{"type":"Feature","id":609,"geometry":{"type":"Point","coordinates":[18.798,-33.767]},"properties":{"name":"Zandam Abattoir","fuel":"solar","mw":0.0,"country":"ZAF","status":"operating"}},{"type":"Feature","id":610,"geometry":{"type":"Point","coordinates":[18.805,-33.768]},"properties":{"name":"Zandam Dairy","fuel":"solar","mw":0.0,"country":"ZAF","status":"operating"}},{"type":"Feature","id":611,"geometry":{"type":"Point","coordinates":[18.794,-33.779]},"properties":{"name":"","fuel":"solar","mw":0.0,"country":"ZAF","status":"operating"}},{"type":"Feature","id":612,"geometry":{"type":"Point","coordinates":[18.719,-33.902]},"properties":{"name":"Hazendal","fuel":"solar","mw":0.4,"country":"ZAF","status":"operating"}},{"type":"Feature","id":613,"geometry":{"type":"Point","coordinates":[24.547,-32.292]},"properties":{"name":"","fuel":"solar","mw":0.0,"country":"ZAF","status":"operating"}},{"type":"Feature","id":614,"geometry":{"type":"Point","coordinates":[24.65,-30.999]},"properties":{"name":"Linde Solar Farm","fuel":"solar","mw":40.0,"country":"ZAF","status":"operating"}},{"type":"Feature","id":615,"geometry":{"type":"Point","coordinates":[25.043,-31.18]},"properties":{"name":"Noupoort Mainstream Wind Farm","fuel":"wind","mw":79.0,"country":"ZAF","status":"operating"}},{"type":"Feature","id":616,"geometry":{"type":"Point","coordinates":[25.392,-33.65]},"properties":{"name":"","fuel":"solar","mw":0.0,"country":"ZAF","status":"operating"}},{"type":"Feature","id":617,"geometry":{"type":"Point","coordinates":[25.486,-32.035]},"properties":{"name":"","fuel":"solar","mw":0.0,"country":"ZAF","status":"operating"}},{"type":"Feature","id":618,"geometry":{"type":"Point","coordinates":[25.517,-32.042]},"properties":{"name":"","fuel":"solar","mw":0.0,"country":"ZAF","status":"operating"}},{"type":"Feature","id":619,"geometry":{"type":"Point","coordinates":[25.517,-32.041]},"properties":{"name":"","fuel":"solar","mw":0.0,"country":"ZAF","status":"operating"}},{"type":"Feature","id":620,"geometry":{"type":"Point","coordinates":[25.525,-31.493]},"properties":{"name":"","fuel":"solar","mw":0.0,"country":"ZAF","status":"operating"}},{"type":"Feature","id":621,"geometry":{"type":"Point","coordinates":[25.525,-32.058]},"properties":{"name":"","fuel":"solar","mw":0.0,"country":"ZAF","status":"operating"}},{"type":"Feature","id":622,"geometry":{"type":"Point","coordinates":[25.526,-31.908]},"properties":{"name":"","fuel":"solar","mw":0.0,"country":"ZAF","status":"operating"}},{"type":"Feature","id":623,"geometry":{"type":"Point","coordinates":[25.539,-33.837]},"properties":{"name":"Ibhayi Brewery Solar Farm","fuel":"solar","mw":1.0,"country":"ZAF","status":"operating"}},{"type":"Feature","id":624,"geometry":{"type":"Point","coordinates":[25.544,-31.499]},"properties":{"name":"","fuel":"solar","mw":0.0,"country":"ZAF","status":"operating"}},{"type":"Feature","id":625,"geometry":{"type":"Point","coordinates":[25.588,-33.66]},"properties":{"name":"Grassridge Wind Farm","fuel":"wind","mw":59.8,"country":"ZAF","status":"operating"}},{"type":"Feature","id":626,"geometry":{"type":"Point","coordinates":[25.56,-33.841]},"properties":{"name":"","fuel":"solar","mw":0.0,"country":"ZAF","status":"operating"}},{"type":"Feature","id":627,"geometry":{"type":"Point","coordinates":[25.564,-32.057]},"properties":{"name":"","fuel":"solar","mw":0.0,"country":"ZAF","status":"operating"}},{"type":"Feature","id":628,"geometry":{"type":"Point","coordinates":[25.568,-32.047]},"properties":{"name":"","fuel":"solar","mw":0.0,"country":"ZAF","status":"operating"}},{"type":"Feature","id":629,"geometry":{"type":"Point","coordinates":[25.573,-31.512]},"properties":{"name":"","fuel":"solar","mw":0.0,"country":"ZAF","status":"operating"}},{"type":"Feature","id":630,"geometry":{"type":"Point","coordinates":[25.583,-32.063]},"properties":{"name":"","fuel":"solar","mw":0.0,"country":"ZAF","status":"operating"}},{"type":"Feature","id":631,"geometry":{"type":"Point","coordinates":[25.673,-33.744]},"properties":{"name":"Dedisa Peaking Power","fuel":"oil","mw":335.0,"country":"ZAF","status":"operating"}},{"type":"Feature","id":632,"geometry":{"type":"Point","coordinates":[25.403,-31.874]},"properties":{"name":"","fuel":"solar","mw":0.0,"country":"ZAF","status":"operating"}},{"type":"Feature","id":633,"geometry":{"type":"Point","coordinates":[25.573,-31.535]},"properties":{"name":"","fuel":"solar","mw":0.0,"country":"ZAF","status":"operating"}},{"type":"Feature","id":634,"geometry":{"type":"Point","coordinates":[25.537,-31.551]},"properties":{"name":"","fuel":"solar","mw":0.0,"country":"ZAF","status":"operating"}},{"type":"Feature","id":635,"geometry":{"type":"Point","coordinates":[25.582,-31.593]},"properties":{"name":"","fuel":"solar","mw":0.0,"country":"ZAF","status":"operating"}},{"type":"Feature","id":636,"geometry":{"type":"Point","coordinates":[25.438,-31.79]},"properties":{"name":"","fuel":"solar","mw":0.0,"country":"ZAF","status":"operating"}},{"type":"Feature","id":637,"geometry":{"type":"Point","coordinates":[25.459,-31.894]},"properties":{"name":"","fuel":"solar","mw":0.0,"country":"ZAF","status":"operating"}},{"type":"Feature","id":638,"geometry":{"type":"Point","coordinates":[25.56,-31.995]},"properties":{"name":"","fuel":"solar","mw":0.0,"country":"ZAF","status":"operating"}},{"type":"Feature","id":639,"geometry":{"type":"Point","coordinates":[25.493,-32.002]},"properties":{"name":"","fuel":"solar","mw":0.0,"country":"ZAF","status":"operating"}},{"type":"Feature","id":640,"geometry":{"type":"Point","coordinates":[25.466,-32.051]},"properties":{"name":"Andrew Jordaan & Seuns","fuel":"solar","mw":0.0,"country":"ZAF","status":"operating"}},{"type":"Feature","id":641,"geometry":{"type":"Point","coordinates":[25.439,-32.655]},"properties":{"name":"","fuel":"solar","mw":0.0,"country":"ZAF","status":"operating"}},{"type":"Feature","id":642,"geometry":{"type":"Point","coordinates":[25.445,-32.571]},"properties":{"name":"","fuel":"solar","mw":0.0,"country":"ZAF","status":"operating"}},{"type":"Feature","id":643,"geometry":{"type":"Point","coordinates":[25.68,-33.475]},"properties":{"name":"Woodridge Citrus","fuel":"solar","mw":0.8,"country":"ZAF","status":"operating"}},{"type":"Feature","id":644,"geometry":{"type":"Point","coordinates":[25.599,-33.028]},"properties":{"name":"","fuel":"solar","mw":0.0,"country":"ZAF","status":"operating"}},{"type":"Feature","id":645,"geometry":{"type":"Point","coordinates":[25.409,-33.787]},"properties":{"name":"Sovereign Foods - Kelvin","fuel":"solar","mw":1.5,"country":"ZAF","status":"operating"}},{"type":"Feature","id":646,"geometry":{"type":"Point","coordinates":[25.699,-33.769]},"properties":{"name":"Cerebos Refinery","fuel":"solar","mw":2.2,"country":"ZAF","status":"operating"}},{"type":"Feature","id":647,"geometry":{"type":"Point","coordinates":[24.849,-33.806]},"properties":{"name":"","fuel":"solar","mw":0.0,"country":"ZAF","status":"operating"}},{"type":"Feature","id":648,"geometry":{"type":"Point","coordinates":[24.849,-33.807]},"properties":{"name":"","fuel":"solar","mw":0.0,"country":"ZAF","status":"operating"}},{"type":"Feature","id":649,"geometry":{"type":"Point","coordinates":[26.211,-30.838]},"properties":{"name":"Dreunberg Power Plant","fuel":"solar","mw":75.0,"country":"ZAF","status":"operating"}},{"type":"Feature","id":650,"geometry":{"type":"Point","coordinates":[26.702,-30.681]},"properties":{"name":"","fuel":"solar","mw":0.0,"country":"ZAF","status":"operating"}},{"type":"Feature","id":651,"geometry":{"type":"Point","coordinates":[26.709,-30.674]},"properties":{"name":"","fuel":"solar","mw":0.0,"country":"ZAF","status":"operating"}},{"type":"Feature","id":652,"geometry":{"type":"Point","coordinates":[26.632,-30.67]},"properties":{"name":"","fuel":"solar","mw":0.0,"country":"ZAF","status":"operating"}},{"type":"Feature","id":653,"geometry":{"type":"Point","coordinates":[26.537,-30.644]},"properties":{"name":"","fuel":"solar","mw":0.0,"country":"ZAF","status":"operating"}},{"type":"Feature","id":654,"geometry":{"type":"Point","coordinates":[28.04,-29.828]},"properties":{"name":"Semonkong Generation Plant & Office","fuel":"hydro","mw":0.0,"country":"LSO","status":"operating"}},{"type":"Feature","id":655,"geometry":{"type":"Point","coordinates":[27.328,-29.809]},"properties":{"name":"Mafeteng Ha Ramarothole Solar Park","fuel":"solar","mw":30.0,"country":"LSO","status":"operating"}},{"type":"Feature","id":656,"geometry":{"type":"Point","coordinates":[26.673,-29.58]},"properties":{"name":"Dewetsdorp Power Station","fuel":"oil","mw":0.0,"country":"ZAF","status":"operating"}},{"type":"Feature","id":657,"geometry":{"type":"Point","coordinates":[27.56,-29.456]},"properties":{"name":"Moshoeshoe I International Airport","fuel":"solar","mw":0.3,"country":"LSO","status":"operating"}},{"type":"Feature","id":658,"geometry":{"type":"Point","coordinates":[26.081,-29.384]},"properties":{"name":"De Oudekraal Estate","fuel":"solar","mw":0.0,"country":"ZAF","status":"operating"}},{"type":"Feature","id":659,"geometry":{"type":"Point","coordinates":[26.762,-29.228]},"properties":{"name":"","fuel":"solar","mw":0.0,"country":"ZAF","status":"operating"}},{"type":"Feature","id":660,"geometry":{"type":"Point","coordinates":[26.206,-29.221]},"properties":{"name":"","fuel":"solar","mw":0.0,"country":"ZAF","status":"operating"}},{"type":"Feature","id":661,"geometry":{"type":"Point","coordinates":[26.212,-29.186]},"properties":{"name":"South Campus","fuel":"solar","mw":0.8,"country":"ZAF","status":"operating"}},{"type":"Feature","id":662,"geometry":{"type":"Point","coordinates":[26.204,-29.138]},"properties":{"name":"","fuel":"solar","mw":0.0,"country":"ZAF","status":"operating"}},{"type":"Feature","id":663,"geometry":{"type":"Point","coordinates":[26.139,-29.132]},"properties":{"name":"iTau Milling - Quaggafontein","fuel":"solar","mw":3.2,"country":"ZAF","status":"operating"}},{"type":"Feature","id":664,"geometry":{"type":"Point","coordinates":[26.174,-29.105]},"properties":{"name":"UFS Main Campus","fuel":"solar","mw":3.7,"country":"ZAF","status":"operating"}},{"type":"Feature","id":665,"geometry":{"type":"Point","coordinates":[26.294,-29.096]},"properties":{"name":"Bram Fischer International Airport","fuel":"solar","mw":0.8,"country":"ZAF","status":"operating"}},{"type":"Feature","id":666,"geometry":{"type":"Point","coordinates":[26.253,-29.096]},"properties":{"name":"","fuel":"solar","mw":0.0,"country":"ZAF","status":"operating"}},{"type":"Feature","id":667,"geometry":{"type":"Point","coordinates":[26.329,-29.027]},"properties":{"name":"","fuel":"solar","mw":0.0,"country":"ZAF","status":"operating"}},{"type":"Feature","id":668,"geometry":{"type":"Point","coordinates":[25.921,-28.921]},"properties":{"name":"Letsatsi Solar Power Station","fuel":"solar","mw":75.0,"country":"ZAF","status":"operating"}},{"type":"Feature","id":669,"geometry":{"type":"Point","coordinates":[26.21,-29.051]},"properties":{"name":"Free State National Botanical Garden","fuel":"solar","mw":0.0,"country":"ZAF","status":"operating"}},{"type":"Feature","id":670,"geometry":{"type":"Point","coordinates":[26.341,-28.992]},"properties":{"name":"","fuel":"solar","mw":0.0,"country":"ZAF","status":"operating"}},{"type":"Feature","id":671,"geometry":{"type":"Point","coordinates":[26.223,-29.046]},"properties":{"name":"","fuel":"solar","mw":0.0,"country":"ZAF","status":"operating"}},{"type":"Feature","id":672,"geometry":{"type":"Point","coordinates":[26.657,-30.283]},"properties":{"name":"","fuel":"solar","mw":0.0,"country":"ZAF","status":"operating"}},{"type":"Feature","id":673,"geometry":{"type":"Point","coordinates":[25.939,-30.432]},"properties":{"name":"Driefontein Abattoir","fuel":"solar","mw":0.0,"country":"ZAF","status":"operating"}},{"type":"Feature","id":674,"geometry":{"type":"Point","coordinates":[26.096,-29.03]},"properties":{"name":"Valencia Private Airstrip","fuel":"solar","mw":0.0,"country":"ZAF","status":"operating"}},{"type":"Feature","id":675,"geometry":{"type":"Point","coordinates":[26.119,-29.02]},"properties":{"name":"","fuel":"solar","mw":0.0,"country":"ZAF","status":"operating"}},{"type":"Feature","id":676,"geometry":{"type":"Point","coordinates":[27.59,-29.18]},"properties":{"name":"Ha Makebe Solar Mini-grid","fuel":"solar","mw":0.0,"country":"ZAF","status":"operating"}},{"type":"Feature","id":677,"geometry":{"type":"Point","coordinates":[22.768,-29.652]},"properties":{"name":"","fuel":"solar","mw":0.0,"country":"ZAF","status":"operating"}},{"type":"Feature","id":678,"geometry":{"type":"Point","coordinates":[22.779,-29.683]},"properties":{"name":"ORV - Prieska","fuel":"solar","mw":0.0,"country":"ZAF","status":"operating"}},{"type":"Feature","id":679,"geometry":{"type":"Point","coordinates":[22.79,-29.665]},"properties":{"name":"","fuel":"solar","mw":0.0,"country":"ZAF","status":"operating"}},{"type":"Feature","id":680,"geometry":{"type":"Point","coordinates":[22.79,-29.665]},"properties":{"name":"","fuel":"solar","mw":0.0,"country":"ZAF","status":"operating"}},{"type":"Feature","id":681,"geometry":{"type":"Point","coordinates":[22.808,-29.677]},"properties":{"name":"","fuel":"solar","mw":0.0,"country":"ZAF","status":"operating"}},{"type":"Feature","id":682,"geometry":{"type":"Point","coordinates":[22.81,-29.678]},"properties":{"name":"","fuel":"solar","mw":0.0,"country":"ZAF","status":"operating"}},{"type":"Feature","id":683,"geometry":{"type":"Point","coordinates":[22.811,-29.685]},"properties":{"name":"","fuel":"solar","mw":0.0,"country":"ZAF","status":"operating"}},{"type":"Feature","id":684,"geometry":{"type":"Point","coordinates":[22.831,-29.676]},"properties":{"name":"","fuel":"solar","mw":0.0,"country":"ZAF","status":"operating"}},{"type":"Feature","id":685,"geometry":{"type":"Point","coordinates":[22.833,-29.66]},"properties":{"name":"","fuel":"solar","mw":0.0,"country":"ZAF","status":"operating"}},{"type":"Feature","id":686,"geometry":{"type":"Point","coordinates":[22.834,-29.665]},"properties":{"name":"","fuel":"solar","mw":0.0,"country":"ZAF","status":"operating"}},{"type":"Feature","id":687,"geometry":{"type":"Point","coordinates":[22.848,-29.581]},"properties":{"name":"","fuel":"solar","mw":0.0,"country":"ZAF","status":"operating"}},{"type":"Feature","id":688,"geometry":{"type":"Point","coordinates":[22.86,-29.645]},"properties":{"name":"","fuel":"solar","mw":0.0,"country":"ZAF","status":"operating"}},{"type":"Feature","id":689,"geometry":{"type":"Point","coordinates":[22.863,-29.625]},"properties":{"name":"","fuel":"solar","mw":0.0,"country":"ZAF","status":"operating"}},{"type":"Feature","id":690,"geometry":{"type":"Point","coordinates":[22.865,-29.642]},"properties":{"name":"","fuel":"solar","mw":0.0,"country":"ZAF","status":"operating"}},{"type":"Feature","id":691,"geometry":{"type":"Point","coordinates":[22.868,-29.548]},"properties":{"name":"","fuel":"solar","mw":0.0,"country":"ZAF","status":"operating"}},{"type":"Feature","id":692,"geometry":{"type":"Point","coordinates":[22.868,-29.582]},"properties":{"name":"","fuel":"solar","mw":0.0,"country":"ZAF","status":"operating"}},{"type":"Feature","id":693,"geometry":{"type":"Point","coordinates":[22.87,-29.609]},"properties":{"name":"","fuel":"solar","mw":0.0,"country":"ZAF","status":"operating"}},{"type":"Feature","id":694,"geometry":{"type":"Point","coordinates":[22.872,-29.588]},"properties":{"name":"","fuel":"solar","mw":0.0,"country":"ZAF","status":"operating"}},{"type":"Feature","id":695,"geometry":{"type":"Point","coordinates":[22.874,-29.655]},"properties":{"name":"","fuel":"solar","mw":0.0,"country":"ZAF","status":"operating"}},{"type":"Feature","id":696,"geometry":{"type":"Point","coordinates":[22.874,-29.542]},"properties":{"name":"","fuel":"solar","mw":0.0,"country":"ZAF","status":"operating"}},{"type":"Feature","id":697,"geometry":{"type":"Point","coordinates":[22.874,-29.557]},"properties":{"name":"","fuel":"solar","mw":0.0,"country":"ZAF","status":"operating"}},{"type":"Feature","id":698,"geometry":{"type":"Point","coordinates":[22.879,-29.542]},"properties":{"name":"","fuel":"solar","mw":0.0,"country":"ZAF","status":"operating"}},{"type":"Feature","id":699,"geometry":{"type":"Point","coordinates":[22.898,-29.57]},"properties":{"name":"","fuel":"solar","mw":0.0,"country":"ZAF","status":"operating"}},{"type":"Feature","id":700,"geometry":{"type":"Point","coordinates":[22.911,-29.563]},"properties":{"name":"","fuel":"solar","mw":0.0,"country":"ZAF","status":"operating"}},{"type":"Feature","id":701,"geometry":{"type":"Point","coordinates":[22.918,-29.549]},"properties":{"name":"","fuel":"solar","mw":0.0,"country":"ZAF","status":"operating"}},{"type":"Feature","id":702,"geometry":{"type":"Point","coordinates":[22.932,-29.518]},"properties":{"name":"","fuel":"solar","mw":0.0,"country":"ZAF","status":"operating"}},{"type":"Feature","id":703,"geometry":{"type":"Point","coordinates":[22.941,-29.51]},"properties":{"name":"","fuel":"solar","mw":0.0,"country":"ZAF","status":"operating"}},{"type":"Feature","id":704,"geometry":{"type":"Point","coordinates":[22.941,-29.534]},"properties":{"name":"","fuel":"solar","mw":0.0,"country":"ZAF","status":"operating"}},{"type":"Feature","id":705,"geometry":{"type":"Point","coordinates":[22.951,-29.532]},"properties":{"name":"","fuel":"solar","mw":0.0,"country":"ZAF","status":"operating"}},{"type":"Feature","id":706,"geometry":{"type":"Point","coordinates":[22.722,-29.683]},"properties":{"name":"Prieska","fuel":"solar","mw":0.0,"country":"ZAF","status":"operating"}},{"type":"Feature","id":707,"geometry":{"type":"Point","coordinates":[23.009,-27.937]},"properties":{"name":"Salene Manganese","fuel":"solar","mw":0.2,"country":"ZAF","status":"operating"}},{"type":"Feature","id":708,"geometry":{"type":"Point","coordinates":[19.503,-30.431]},"properties":{"name":"Khobab Wind Farm","fuel":"wind","mw":137.7,"country":"ZAF","status":"operating"}},{"type":"Feature","id":709,"geometry":{"type":"Point","coordinates":[19.489,-28.669]},"properties":{"name":"","fuel":"solar","mw":0.0,"country":"NAM","status":"operating"}},{"type":"Feature","id":710,"geometry":{"type":"Point","coordinates":[19.555,-28.889]},"properties":{"name":"Konkoonsies Solar PV","fuel":"solar","mw":9.7,"country":"ZAF","status":"operating"}},{"type":"Feature","id":711,"geometry":{"type":"Point","coordinates":[19.564,-28.893]},"properties":{"name":"Konkoonsies 2 Solar PV Park","fuel":"solar","mw":75.0,"country":"ZAF","status":"operating"}},{"type":"Feature","id":712,"geometry":{"type":"Point","coordinates":[19.592,-30.406]},"properties":{"name":"Loeriesfontein 2 Wind Farm","fuel":"wind","mw":138.2,"country":"ZAF","status":"operating"}},{"type":"Feature","id":713,"geometry":{"type":"Point","coordinates":[19.594,-28.881]},"properties":{"name":"KaXu Solar One","fuel":"solar","mw":100.0,"country":"ZAF","status":"operating"}},{"type":"Feature","id":714,"geometry":{"type":"Point","coordinates":[19.592,-28.893]},"properties":{"name":"Xina Solar One","fuel":"solar","mw":100.0,"country":"ZAF","status":"operating"}},{"type":"Feature","id":715,"geometry":{"type":"Point","coordinates":[19.609,-30.507]},"properties":{"name":"Solar Capital Orange PV","fuel":"solar","mw":75.0,"country":"ZAF","status":"operating"}},{"type":"Feature","id":716,"geometry":{"type":"Point","coordinates":[20.305,-28.642]},"properties":{"name":"","fuel":"solar","mw":0.0,"country":"ZAF","status":"operating"}},{"type":"Feature","id":717,"geometry":{"type":"Point","coordinates":[20.383,-28.667]},"properties":{"name":"","fuel":"solar","mw":1.1,"country":"ZAF","status":"operating"}},{"type":"Feature","id":718,"geometry":{"type":"Point","coordinates":[20.435,-28.682]},"properties":{"name":"","fuel":"solar","mw":0.0,"country":"ZAF","status":"operating"}},{"type":"Feature","id":719,"geometry":{"type":"Point","coordinates":[20.464,-28.698]},"properties":{"name":"","fuel":"solar","mw":0.0,"country":"ZAF","status":"operating"}},{"type":"Feature","id":720,"geometry":{"type":"Point","coordinates":[20.583,-28.765]},"properties":{"name":"","fuel":"solar","mw":0.0,"country":"ZAF","status":"operating"}},{"type":"Feature","id":721,"geometry":{"type":"Point","coordinates":[20.727,-28.767]},"properties":{"name":"Neusberg Hydroelectric Power Station","fuel":"hydro","mw":10.0,"country":"ZAF","status":"operating"}},{"type":"Feature","id":722,"geometry":{"type":"Point","coordinates":[20.785,-29.496]},"properties":{"name":"Aries Solar Power project","fuel":"solar","mw":11.0,"country":"ZAF","status":"operating"}},{"type":"Feature","id":723,"geometry":{"type":"Point","coordinates":[21.058,-28.567]},"properties":{"name":"Dyason’s Klip 2","fuel":"solar","mw":86.0,"country":"ZAF","status":"operating"}},{"type":"Feature","id":724,"geometry":{"type":"Point","coordinates":[21.078,-28.537]},"properties":{"name":"Khi Solar One","fuel":"solar","mw":50.0,"country":"ZAF","status":"operating"}},{"type":"Feature","id":725,"geometry":{"type":"Point","coordinates":[21.071,-28.573]},"properties":{"name":"Dyason’s Klip 1","fuel":"solar","mw":86.0,"country":"ZAF","status":"operating"}},{"type":"Feature","id":726,"geometry":{"type":"Point","coordinates":[21.097,-28.544]},"properties":{"name":"Sirius Solar PV Project One","fuel":"solar","mw":86.0,"country":"ZAF","status":"operating"}},{"type":"Feature","id":727,"geometry":{"type":"Point","coordinates":[21.256,-28.417]},"properties":{"name":"Upington Airport Solar Farm","fuel":"solar","mw":0.5,"country":"ZAF","status":"operating"}},{"type":"Feature","id":728,"geometry":{"type":"Point","coordinates":[21.268,-28.418]},"properties":{"name":"Upington Solar Plant","fuel":"solar","mw":9.9,"country":"ZAF","status":"operating"}},{"type":"Feature","id":729,"geometry":{"type":"Point","coordinates":[21.268,-28.4]},"properties":{"name":"","fuel":"solar","mw":0.0,"country":"ZAF","status":"operating"}},{"type":"Feature","id":730,"geometry":{"type":"Point","coordinates":[21.535,-28.488]},"properties":{"name":"Karoshoek Solar One","fuel":"solar","mw":100.0,"country":"ZAF","status":"operating"}},{"type":"Feature","id":731,"geometry":{"type":"Point","coordinates":[21.995,-28.727]},"properties":{"name":"Bokpoort Concentrated Solar Power Project","fuel":"solar","mw":50.0,"country":"ZAF","status":"operating"}},{"type":"Feature","id":732,"geometry":{"type":"Point","coordinates":[22.259,-29.332]},"properties":{"name":"","fuel":"solar","mw":0.0,"country":"ZAF","status":"operating"}},{"type":"Feature","id":733,"geometry":{"type":"Point","coordinates":[22.315,-30.036]},"properties":{"name":"Mulilo Prieska PV","fuel":"solar","mw":75.0,"country":"ZAF","status":"operating"}},{"type":"Feature","id":734,"geometry":{"type":"Point","coordinates":[22.32,-29.967]},"properties":{"name":"Mulilo Renewable Energy Solar PV Prieska","fuel":"solar","mw":20.0,"country":"ZAF","status":"operating"}},{"type":"Feature","id":735,"geometry":{"type":"Point","coordinates":[22.351,-29.896]},"properties":{"name":"Copperton Wind Farm","fuel":"wind","mw":102.0,"country":"ZAF","status":"operating"}},{"type":"Feature","id":736,"geometry":{"type":"Point","coordinates":[22.362,-30.021]},"properties":{"name":"Mulilo Sonnedix Prieska PV","fuel":"solar","mw":75.0,"country":"ZAF","status":"operating"}},{"type":"Feature","id":737,"geometry":{"type":"Point","coordinates":[21.225,-28.452]},"properties":{"name":"Saltcor","fuel":"solar","mw":0.0,"country":"ZAF","status":"operating"}},{"type":"Feature","id":738,"geometry":{"type":"Point","coordinates":[20.347,-28.64]},"properties":{"name":"Augpad Koelkamers","fuel":"solar","mw":0.0,"country":"ZAF","status":"operating"}},{"type":"Feature","id":739,"geometry":{"type":"Point","coordinates":[20.658,-28.785]},"properties":{"name":"","fuel":"solar","mw":0.0,"country":"ZAF","status":"operating"}},{"type":"Feature","id":740,"geometry":{"type":"Point","coordinates":[19.718,-28.526]},"properties":{"name":"","fuel":"solar","mw":0.0,"country":"NAM","status":"operating"}},{"type":"Feature","id":741,"geometry":{"type":"Point","coordinates":[22.413,-29.918]},"properties":{"name":"Garob Wind Farm","fuel":"wind","mw":135.9,"country":"ZAF","status":"operating"}},{"type":"Feature","id":742,"geometry":{"type":"Point","coordinates":[20.708,-28.746]},"properties":{"name":"","fuel":"solar","mw":0.0,"country":"ZAF","status":"operating"}},{"type":"Feature","id":743,"geometry":{"type":"Point","coordinates":[21.303,-29.182]},"properties":{"name":"Kenhardt PV1","fuel":"solar","mw":75.0,"country":"ZAF","status":"operating"}},{"type":"Feature","id":744,"geometry":{"type":"Point","coordinates":[21.308,-29.194]},"properties":{"name":"Kenhardt PV2","fuel":"solar","mw":75.0,"country":"ZAF","status":"operating"}},{"type":"Feature","id":745,"geometry":{"type":"Point","coordinates":[21.294,-29.212]},"properties":{"name":"Kenhardt PV3","fuel":"solar","mw":75.0,"country":"ZAF","status":"operating"}},{"type":"Feature","id":746,"geometry":{"type":"Point","coordinates":[21.314,-29.202]},"properties":{"name":"Kenhardt Battery Storage","fuel":"battery","mw":225.0,"country":"ZAF","status":"operating"}},{"type":"Feature","id":747,"geometry":{"type":"Point","coordinates":[21.311,-29.213]},"properties":{"name":"Kenhardt PV","fuel":"solar","mw":140.0,"country":"ZAF","status":"operating"}},{"type":"Feature","id":748,"geometry":{"type":"Point","coordinates":[21.303,-29.249]},"properties":{"name":"Kenhardt PV","fuel":"solar","mw":75.0,"country":"ZAF","status":"operating"}},{"type":"Feature","id":749,"geometry":{"type":"Point","coordinates":[21.486,-28.389]},"properties":{"name":"","fuel":"solar","mw":0.0,"country":"ZAF","status":"operating"}},{"type":"Feature","id":750,"geometry":{"type":"Point","coordinates":[19.281,-28.754]},"properties":{"name":"","fuel":"solar","mw":0.0,"country":"NAM","status":"operating"}},{"type":"Feature","id":751,"geometry":{"type":"Point","coordinates":[21.283,-28.464]},"properties":{"name":"","fuel":"solar","mw":0.0,"country":"ZAF","status":"operating"}},{"type":"Feature","id":752,"geometry":{"type":"Point","coordinates":[21.22,-28.429]},"properties":{"name":"Kalkpoort Soutwerke","fuel":"solar","mw":0.0,"country":"ZAF","status":"operating"}},{"type":"Feature","id":753,"geometry":{"type":"Point","coordinates":[21.564,-28.388]},"properties":{"name":"","fuel":"solar","mw":0.0,"country":"ZAF","status":"operating"}},{"type":"Feature","id":754,"geometry":{"type":"Point","coordinates":[22.419,-29.406]},"properties":{"name":"","fuel":"solar","mw":0.0,"country":"ZAF","status":"operating"}},{"type":"Feature","id":755,"geometry":{"type":"Point","coordinates":[18.36,-29.624]},"properties":{"name":"Kangnas Wind Farm","fuel":"wind","mw":136.7,"country":"ZAF","status":"operating"}},{"type":"Feature","id":756,"geometry":{"type":"Point","coordinates":[18.89,-29.239]},"properties":{"name":"Aggeneis Solar","fuel":"solar","mw":40.0,"country":"ZAF","status":"operating"}},{"type":"Feature","id":757,"geometry":{"type":"Point","coordinates":[18.99,-28.942]},"properties":{"name":"Karstens Boerdery","fuel":"solar","mw":0.0,"country":"NAM","status":"operating"}},{"type":"Feature","id":758,"geometry":{"type":"Point","coordinates":[17.423,-28.43]},"properties":{"name":"","fuel":"solar","mw":0.0,"country":"NAM","status":"operating"}},{"type":"Feature","id":759,"geometry":{"type":"Point","coordinates":[17.465,-28.421]},"properties":{"name":"Aussenkehr","fuel":"solar","mw":6.8,"country":"NAM","status":"operating"}},{"type":"Feature","id":760,"geometry":{"type":"Point","coordinates":[17.405,-28.415]},"properties":{"name":"","fuel":"solar","mw":0.0,"country":"NAM","status":"operating"}},{"type":"Feature","id":761,"geometry":{"type":"Point","coordinates":[17.411,-28.401]},"properties":{"name":"","fuel":"solar","mw":0.0,"country":"NAM","status":"operating"}},{"type":"Feature","id":762,"geometry":{"type":"Point","coordinates":[17.412,-28.394]},"properties":{"name":"Norotshama","fuel":"solar","mw":0.2,"country":"NAM","status":"operating"}},{"type":"Feature","id":763,"geometry":{"type":"Point","coordinates":[17.401,-28.351]},"properties":{"name":"","fuel":"solar","mw":0.0,"country":"NAM","status":"operating"}},{"type":"Feature","id":764,"geometry":{"type":"Point","coordinates":[17.399,-28.347]},"properties":{"name":"","fuel":"solar","mw":0.0,"country":"NAM","status":"operating"}},{"type":"Feature","id":765,"geometry":{"type":"Point","coordinates":[16.732,-27.982]},"properties":{"name":"Rosh Pinah Solar Farm","fuel":"solar","mw":5.0,"country":"NAM","status":"operating"}},{"type":"Feature","id":766,"geometry":{"type":"Point","coordinates":[16.789,-27.966]},"properties":{"name":"Rosh Pinah Solar Park","fuel":"solar","mw":5.7,"country":"NAM","status":"operating"}},{"type":"Feature","id":767,"geometry":{"type":"Point","coordinates":[18.289,-26.43]},"properties":{"name":"Momentous - Keetmanshoop","fuel":"solar","mw":6.0,"country":"NAM","status":"operating"}},{"type":"Feature","id":768,"geometry":{"type":"Point","coordinates":[18.284,-26.417]},"properties":{"name":"GreeNam - Keetmanshoop","fuel":"solar","mw":10.0,"country":"NAM","status":"operating"}},{"type":"Feature","id":769,"geometry":{"type":"Point","coordinates":[18.032,-24.665]},"properties":{"name":"Hardap Solar","fuel":"solar","mw":47.0,"country":"NAM","status":"operating"}},{"type":"Feature","id":770,"geometry":{"type":"Point","coordinates":[18.027,-24.653]},"properties":{"name":"Mariental Solar","fuel":"solar","mw":10.0,"country":"NAM","status":"operating"}},{"type":"Feature","id":771,"geometry":{"type":"Point","coordinates":[17.947,-24.642]},"properties":{"name":"Mariental Piggery","fuel":"solar","mw":0.0,"country":"NAM","status":"operating"}},{"type":"Feature","id":772,"geometry":{"type":"Point","coordinates":[17.962,-24.561]},"properties":{"name":"Mariental Abattoir Solar Water Heating","fuel":"solar","mw":0.5,"country":"NAM","status":"operating"}},{"type":"Feature","id":773,"geometry":{"type":"Point","coordinates":[18.971,-22.437]},"properties":{"name":"Ejuva I and II","fuel":"solar","mw":10.0,"country":"NAM","status":"operating"}},{"type":"Feature","id":774,"geometry":{"type":"Point","coordinates":[17.415,-28.382]},"properties":{"name":"","fuel":"solar","mw":0.0,"country":"NAM","status":"operating"}},{"type":"Feature","id":775,"geometry":{"type":"Point","coordinates":[30.584,-29.752]},"properties":{"name":"","fuel":"solar","mw":0.0,"country":"ZAF","status":"operating"}},{"type":"Feature","id":776,"geometry":{"type":"Point","coordinates":[30.387,-29.746]},"properties":{"name":"Al-Mizbah Abattoir","fuel":"solar","mw":0.0,"country":"ZAF","status":"operating"}},{"type":"Feature","id":777,"geometry":{"type":"Point","coordinates":[31.091,-29.612]},"properties":{"name":"","fuel":"solar","mw":0.0,"country":"ZAF","status":"operating"}},{"type":"Feature","id":778,"geometry":{"type":"Point","coordinates":[31.203,-29.46]},"properties":{"name":"Spec Silica","fuel":"solar","mw":0.3,"country":"ZAF","status":"operating"}},{"type":"Feature","id":779,"geometry":{"type":"Point","coordinates":[31.157,-29.419]},"properties":{"name":"Avon Gas Turbine Peaking Station","fuel":"diesel","mw":670.0,"country":"ZAF","status":"operating"}},{"type":"Feature","id":780,"geometry":{"type":"Point","coordinates":[30.453,-29.376]},"properties":{"name":"","fuel":"solar","mw":0.0,"country":"ZAF","status":"operating"}},{"type":"Feature","id":781,"geometry":{"type":"Point","coordinates":[30.717,-29.357]},"properties":{"name":"","fuel":"solar","mw":0.0,"country":"ZAF","status":"operating"}},{"type":"Feature","id":782,"geometry":{"type":"Point","coordinates":[30.645,-29.283]},"properties":{"name":"","fuel":"solar","mw":0.0,"country":"ZAF","status":"operating"}},{"type":"Feature","id":783,"geometry":{"type":"Point","coordinates":[30.577,-29.268]},"properties":{"name":"","fuel":"solar","mw":0.0,"country":"ZAF","status":"operating"}},{"type":"Feature","id":784,"geometry":{"type":"Point","coordinates":[31.994,-28.761]},"properties":{"name":"Mondi Richards Bay Mill Power Station","fuel":"biomass","mw":0.0,"country":"ZAF","status":"operating"}},{"type":"Feature","id":785,"geometry":{"type":"Point","coordinates":[32.337,-27.982]},"properties":{"name":"","fuel":"solar","mw":0.0,"country":"ZAF","status":"operating"}},{"type":"Feature","id":786,"geometry":{"type":"Point","coordinates":[32.389,-27.89]},"properties":{"name":"","fuel":"solar","mw":0.0,"country":"ZAF","status":"operating"}},{"type":"Feature","id":787,"geometry":{"type":"Point","coordinates":[32.385,-27.889]},"properties":{"name":"","fuel":"solar","mw":0.0,"country":"ZAF","status":"operating"}},{"type":"Feature","id":788,"geometry":{"type":"Point","coordinates":[32.39,-27.888]},"properties":{"name":"","fuel":"solar","mw":0.0,"country":"ZAF","status":"operating"}},{"type":"Feature","id":789,"geometry":{"type":"Point","coordinates":[30.711,-27.75]},"properties":{"name":"","fuel":"solar","mw":0.0,"country":"ZAF","status":"operating"}},{"type":"Feature","id":790,"geometry":{"type":"Point","coordinates":[31.639,-27.449]},"properties":{"name":"Pongola BESS","fuel":"battery","mw":40.0,"country":"ZAF","status":"operating"}},{"type":"Feature","id":791,"geometry":{"type":"Point","coordinates":[30.607,-27.432]},"properties":{"name":"","fuel":"solar","mw":0.0,"country":"ZAF","status":"operating"}},{"type":"Feature","id":792,"geometry":{"type":"Point","coordinates":[30.61,-27.43]},"properties":{"name":"","fuel":"solar","mw":0.0,"country":"ZAF","status":"operating"}},{"type":"Feature","id":793,"geometry":{"type":"Point","coordinates":[30.561,-29.443]},"properties":{"name":"","fuel":"solar","mw":0.0,"country":"ZAF","status":"operating"}},{"type":"Feature","id":794,"geometry":{"type":"Point","coordinates":[28.89,-29.242]},"properties":{"name":"Tlokoeng Power Station","fuel":"hydro","mw":0.0,"country":"LSO","status":"operating"}},{"type":"Feature","id":795,"geometry":{"type":"Point","coordinates":[29.441,-28.95]},"properties":{"name":"","fuel":"solar","mw":0.0,"country":"ZAF","status":"operating"}},{"type":"Feature","id":796,"geometry":{"type":"Point","coordinates":[29.54,-28.807]},"properties":{"name":"","fuel":"solar","mw":0.0,"country":"ZAF","status":"operating"}},{"type":"Feature","id":797,"geometry":{"type":"Point","coordinates":[28.452,-28.779]},"properties":{"name":"'Muela Power Station","fuel":"hydro","mw":72.0,"country":"LSO","status":"operating"}},{"type":"Feature","id":798,"geometry":{"type":"Point","coordinates":[29.083,-28.565]},"properties":{"name":"Drakensberg Pumped Storage Scheme","fuel":"hydro","mw":1000.0,"country":"ZAF","status":"operating"}},{"type":"Feature","id":799,"geometry":{"type":"Point","coordinates":[28.562,-28.507]},"properties":{"name":"Kiara Lodge Solar Plant","fuel":"solar","mw":0.0,"country":"ZAF","status":"operating"}},{"type":"Feature","id":800,"geometry":{"type":"Point","coordinates":[28.822,-28.482]},"properties":{"name":"Qwa Qwa Campus","fuel":"solar","mw":0.8,"country":"ZAF","status":"operating"}},{"type":"Feature","id":801,"geometry":{"type":"Point","coordinates":[28.385,-28.431]},"properties":{"name":"Stortemelk Hydroelectric Power Plant","fuel":"hydro","mw":4.5,"country":"ZAF","status":"operating"}},{"type":"Feature","id":802,"geometry":{"type":"Point","coordinates":[28.365,-28.404]},"properties":{"name":"Middle Kruisvallei Hydroelectric Power Plant","fuel":"hydro","mw":2.8,"country":"ZAF","status":"operating"}},{"type":"Feature","id":803,"geometry":{"type":"Point","coordinates":[28.365,-28.379]},"properties":{"name":"Lower Kruisvallei Hydroelectric Power Plant","fuel":"hydro","mw":1.8,"country":"ZAF","status":"operating"}},{"type":"Feature","id":804,"geometry":{"type":"Point","coordinates":[28.362,-28.364]},"properties":{"name":"Merino Power Station","fuel":"hydro","mw":4.0,"country":"ZAF","status":"operating"}},{"type":"Feature","id":805,"geometry":{"type":"Point","coordinates":[29.587,-28.277]},"properties":{"name":"Ingula Pumped Storage Scheme","fuel":"hydro","mw":1332.0,"country":"ZAF","status":"operating"}},{"type":"Feature","id":806,"geometry":{"type":"Point","coordinates":[29.125,-28.279]},"properties":{"name":"Nestle Harrismith Solar Farm","fuel":"solar","mw":1.0,"country":"ZAF","status":"operating"}},{"type":"Feature","id":807,"geometry":{"type":"Point","coordinates":[28.363,-28.216]},"properties":{"name":"Sol Plaatje Power Station","fuel":"hydro","mw":3.0,"country":"ZAF","status":"operating"}},{"type":"Feature","id":808,"geometry":{"type":"Point","coordinates":[29.969,-27.785]},"properties":{"name":"Newcastle Cogeneration","fuel":"gas","mw":13.0,"country":"ZAF","status":"operating"}},{"type":"Feature","id":809,"geometry":{"type":"Point","coordinates":[30.135,-27.601]},"properties":{"name":"Uitkomst Gensets","fuel":"diesel","mw":0.0,"country":"ZAF","status":"operating"}},{"type":"Feature","id":810,"geometry":{"type":"Point","coordinates":[28.5,-27.547]},"properties":{"name":"Tweeling","fuel":"solar","mw":0.0,"country":"ZAF","status":"operating"}},{"type":"Feature","id":811,"geometry":{"type":"Point","coordinates":[28.482,-27.282]},"properties":{"name":"Frankfort Solar Farm","fuel":"solar","mw":3.8,"country":"ZAF","status":"operating"}},{"type":"Feature","id":812,"geometry":{"type":"Point","coordinates":[29.773,-27.106]},"properties":{"name":"Majuba Power Station","fuel":"coal","mw":4110.0,"country":"ZAF","status":"operating"}},{"type":"Feature","id":813,"geometry":{"type":"Point","coordinates":[28.654,-27.03]},"properties":{"name":"Villiers Chicken Solar Farm","fuel":"solar","mw":0.0,"country":"ZAF","status":"operating"}},{"type":"Feature","id":814,"geometry":{"type":"Point","coordinates":[29.352,-26.776]},"properties":{"name":"Tutuka Power Station","fuel":"coal","mw":3654.0,"country":"ZAF","status":"operating"}},{"type":"Feature","id":815,"geometry":{"type":"Point","coordinates":[28.498,-26.77]},"properties":{"name":"Grootvlei Power Station","fuel":"coal","mw":1180.0,"country":"ZAF","status":"operating"}},{"type":"Feature","id":816,"geometry":{"type":"Point","coordinates":[30.092,-26.621]},"properties":{"name":"Camden Power Station","fuel":"coal","mw":1561.0,"country":"ZAF","status":"operating"}},{"type":"Feature","id":817,"geometry":{"type":"Point","coordinates":[29.167,-26.563]},"properties":{"name":"Sasol Power Station East","fuel":"gas","mw":280.0,"country":"ZAF","status":"operating"}},{"type":"Feature","id":818,"geometry":{"type":"Point","coordinates":[29.149,-26.56]},"properties":{"name":"Sasol Power Station West","fuel":"coal","mw":600.0,"country":"ZAF","status":"operating"}},{"type":"Feature","id":819,"geometry":{"type":"Point","coordinates":[29.091,-26.467]},"properties":{"name":"Elikhulu Solar Farm","fuel":"solar","mw":10.0,"country":"ZAF","status":"operating"}},{"type":"Feature","id":820,"geometry":{"type":"Point","coordinates":[28.35,-27.705]},"properties":{"name":"","fuel":"solar","mw":0.0,"country":"ZAF","status":"operating"}},{"type":"Feature","id":821,"geometry":{"type":"Point","coordinates":[28.339,-27.702]},"properties":{"name":"","fuel":"solar","mw":0.0,"country":"ZAF","status":"operating"}},{"type":"Feature","id":822,"geometry":{"type":"Point","coordinates":[28.322,-27.699]},"properties":{"name":"","fuel":"solar","mw":0.0,"country":"ZAF","status":"operating"}},{"type":"Feature","id":823,"geometry":{"type":"Point","coordinates":[28.347,-27.689]},"properties":{"name":"","fuel":"solar","mw":0.0,"country":"ZAF","status":"operating"}},{"type":"Feature","id":824,"geometry":{"type":"Point","coordinates":[28.313,-27.706]},"properties":{"name":"","fuel":"solar","mw":0.0,"country":"ZAF","status":"operating"}},{"type":"Feature","id":825,"geometry":{"type":"Point","coordinates":[29.63,-29.818]},"properties":{"name":"Reichenau Mission Mill","fuel":"hydro","mw":0.0,"country":"ZAF","status":"operating"}},{"type":"Feature","id":826,"geometry":{"type":"Point","coordinates":[29.37,-30.571]},"properties":{"name":"Bryden Farms","fuel":"solar","mw":0.3,"country":"ZAF","status":"operating"}},{"type":"Feature","id":827,"geometry":{"type":"Point","coordinates":[30.26,-29.331]},"properties":{"name":"","fuel":"solar","mw":0.0,"country":"ZAF","status":"operating"}},{"type":"Feature","id":828,"geometry":{"type":"Point","coordinates":[29.768,-29.308]},"properties":{"name":"","fuel":"solar","mw":0.0,"country":"ZAF","status":"operating"}},{"type":"Feature","id":829,"geometry":{"type":"Point","coordinates":[30.264,-29.343]},"properties":{"name":"","fuel":"solar","mw":0.0,"country":"ZAF","status":"operating"}},{"type":"Feature","id":830,"geometry":{"type":"Point","coordinates":[30.041,-29.4]},"properties":{"name":"Michaelhouse Solar Farm","fuel":"solar","mw":0.3,"country":"ZAF","status":"operating"}},{"type":"Feature","id":831,"geometry":{"type":"Point","coordinates":[29.976,-26.527]},"properties":{"name":"Hoerskool Ermelo","fuel":"solar","mw":0.2,"country":"ZAF","status":"operating"}},{"type":"Feature","id":832,"geometry":{"type":"Point","coordinates":[30.077,-29.672]},"properties":{"name":"Elandskop BESS","fuel":"battery","mw":8.0,"country":"ZAF","status":"operating"}},{"type":"Feature","id":833,"geometry":{"type":"Point","coordinates":[29.114,-28.255]},"properties":{"name":"Bergview One-Stop","fuel":"solar","mw":0.6,"country":"ZAF","status":"operating"}},{"type":"Feature","id":834,"geometry":{"type":"Point","coordinates":[29.945,-27.776]},"properties":{"name":"Newcastle Mall","fuel":"solar","mw":3.3,"country":"ZAF","status":"operating"}},{"type":"Feature","id":835,"geometry":{"type":"Point","coordinates":[28.646,-27.042]},"properties":{"name":"Villiers","fuel":"solar","mw":0.0,"country":"ZAF","status":"operating"}},{"type":"Feature","id":836,"geometry":{"type":"Point","coordinates":[29.469,-29.024]},"properties":{"name":"","fuel":"solar","mw":0.0,"country":"ZAF","status":"operating"}},{"type":"Feature","id":837,"geometry":{"type":"Point","coordinates":[29.493,-26.566]},"properties":{"name":"","fuel":"solar","mw":0.0,"country":"ZAF","status":"operating"}},{"type":"Feature","id":838,"geometry":{"type":"Point","coordinates":[29.787,-30.05]},"properties":{"name":"Heston Farm","fuel":"solar","mw":0.0,"country":"ZAF","status":"operating"}},{"type":"Feature","id":839,"geometry":{"type":"Point","coordinates":[30.368,-30.324]},"properties":{"name":"","fuel":"solar","mw":0.0,"country":"ZAF","status":"operating"}},{"type":"Feature","id":840,"geometry":{"type":"Point","coordinates":[28.593,-28.964]},"properties":{"name":"Motete Solar Mini Grid Project","fuel":"solar","mw":0.0,"country":"LSO","status":"operating"}},{"type":"Feature","id":841,"geometry":{"type":"Point","coordinates":[28.257,-29.593]},"properties":{"name":"Mantsonyane Power Station","fuel":"hydro","mw":0.0,"country":"LSO","status":"operating"}},{"type":"Feature","id":842,"geometry":{"type":"Point","coordinates":[24.647,-29.201]},"properties":{"name":"","fuel":"solar","mw":0.0,"country":"ZAF","status":"operating"}},{"type":"Feature","id":843,"geometry":{"type":"Point","coordinates":[23.369,-29.194]},"properties":{"name":"","fuel":"solar","mw":0.0,"country":"ZAF","status":"operating"}},{"type":"Feature","id":844,"geometry":{"type":"Point","coordinates":[23.738,-29.192]},"properties":{"name":"Henbrie Boerdery","fuel":"solar","mw":1.2,"country":"ZAF","status":"operating"}},{"type":"Feature","id":845,"geometry":{"type":"Point","coordinates":[24.722,-29.131]},"properties":{"name":"","fuel":"solar","mw":0.0,"country":"ZAF","status":"operating"}},{"type":"Feature","id":846,"geometry":{"type":"Point","coordinates":[23.778,-29.112]},"properties":{"name":"","fuel":"solar","mw":0.0,"country":"ZAF","status":"operating"}},{"type":"Feature","id":847,"geometry":{"type":"Point","coordinates":[23.746,-29.109]},"properties":{"name":"","fuel":"solar","mw":0.0,"country":"ZAF","status":"operating"}},{"type":"Feature","id":848,"geometry":{"type":"Point","coordinates":[24.677,-29.106]},"properties":{"name":"","fuel":"solar","mw":0.0,"country":"ZAF","status":"operating"}},{"type":"Feature","id":849,"geometry":{"type":"Point","coordinates":[24.561,-29.083]},"properties":{"name":"","fuel":"solar","mw":0.0,"country":"ZAF","status":"operating"}},{"type":"Feature","id":850,"geometry":{"type":"Point","coordinates":[24.61,-29.055]},"properties":{"name":"","fuel":"solar","mw":0.0,"country":"ZAF","status":"operating"}},{"type":"Feature","id":851,"geometry":{"type":"Point","coordinates":[24.925,-29.044]},"properties":{"name":"Pulida Solar Power Station","fuel":"solar","mw":82.5,"country":"ZAF","status":"operating"}},{"type":"Feature","id":852,"geometry":{"type":"Point","coordinates":[24.024,-29.028]},"properties":{"name":"","fuel":"solar","mw":0.0,"country":"ZAF","status":"operating"}},{"type":"Feature","id":853,"geometry":{"type":"Point","coordinates":[24.95,-29.014]},"properties":{"name":"","fuel":"solar","mw":0.0,"country":"ZAF","status":"operating"}},{"type":"Feature","id":854,"geometry":{"type":"Point","coordinates":[23.8,-29.001]},"properties":{"name":"Herbert Solar Park","fuel":"solar","mw":22.0,"country":"ZAF","status":"operating"}},{"type":"Feature","id":855,"geometry":{"type":"Point","coordinates":[24.477,-28.992]},"properties":{"name":"","fuel":"solar","mw":0.0,"country":"ZAF","status":"operating"}},{"type":"Feature","id":856,"geometry":{"type":"Point","coordinates":[23.973,-28.923]},"properties":{"name":"","fuel":"solar","mw":0.0,"country":"ZAF","status":"operating"}},{"type":"Feature","id":857,"geometry":{"type":"Point","coordinates":[23.961,-28.902]},"properties":{"name":"","fuel":"solar","mw":0.0,"country":"ZAF","status":"operating"}},{"type":"Feature","id":858,"geometry":{"type":"Point","coordinates":[24.015,-28.87]},"properties":{"name":"","fuel":"solar","mw":0.0,"country":"ZAF","status":"operating"}},{"type":"Feature","id":859,"geometry":{"type":"Point","coordinates":[24.027,-28.832]},"properties":{"name":"","fuel":"solar","mw":0.0,"country":"ZAF","status":"operating"}},{"type":"Feature","id":860,"geometry":{"type":"Point","coordinates":[24.045,-28.813]},"properties":{"name":"","fuel":"solar","mw":0.0,"country":"ZAF","status":"operating"}},{"type":"Feature","id":861,"geometry":{"type":"Point","coordinates":[24.064,-28.801]},"properties":{"name":"","fuel":"solar","mw":0.0,"country":"ZAF","status":"operating"}},{"type":"Feature","id":862,"geometry":{"type":"Point","coordinates":[24.77,-28.79]},"properties":{"name":"Kimberley Airport","fuel":"solar","mw":0.5,"country":"ZAF","status":"operating"}},{"type":"Feature","id":863,"geometry":{"type":"Point","coordinates":[24.752,-28.612]},"properties":{"name":"Droogfontein Solar Power","fuel":"solar","mw":45.4,"country":"ZAF","status":"operating"}},{"type":"Feature","id":864,"geometry":{"type":"Point","coordinates":[24.701,-28.568]},"properties":{"name":"Matla A Bokone Solar","fuel":"solar","mw":75.0,"country":"ZAF","status":"operating"}},{"type":"Feature","id":865,"geometry":{"type":"Point","coordinates":[23.381,-28.309]},"properties":{"name":"Jasper Solar Energy Project","fuel":"solar","mw":75.0,"country":"ZAF","status":"operating"}},{"type":"Feature","id":866,"geometry":{"type":"Point","coordinates":[23.36,-28.315]},"properties":{"name":"Lesedi Solar Park","fuel":"solar","mw":64.0,"country":"ZAF","status":"operating"}},{"type":"Feature","id":867,"geometry":{"type":"Point","coordinates":[23.367,-28.3]},"properties":{"name":"Redstone Solar Thermal Power Plant","fuel":"solar","mw":100.0,"country":"ZAF","status":"operating"}},{"type":"Feature","id":868,"geometry":{"type":"Point","coordinates":[24.461,-28.221]},"properties":{"name":"","fuel":"solar","mw":0.0,"country":"ZAF","status":"operating"}},{"type":"Feature","id":869,"geometry":{"type":"Point","coordinates":[23.465,-28.033]},"properties":{"name":"","fuel":"solar","mw":0.0,"country":"ZAF","status":"operating"}},{"type":"Feature","id":870,"geometry":{"type":"Point","coordinates":[23.449,-28.031]},"properties":{"name":"","fuel":"solar","mw":0.0,"country":"ZAF","status":"operating"}},{"type":"Feature","id":871,"geometry":{"type":"Point","coordinates":[24.625,-27.959]},"properties":{"name":"","fuel":"solar","mw":0.0,"country":"ZAF","status":"operating"}},{"type":"Feature","id":872,"geometry":{"type":"Point","coordinates":[24.675,-27.866]},"properties":{"name":"","fuel":"solar","mw":0.0,"country":"ZAF","status":"operating"}},{"type":"Feature","id":873,"geometry":{"type":"Point","coordinates":[24.851,-27.859]},"properties":{"name":"","fuel":"solar","mw":0.0,"country":"ZAF","status":"operating"}},{"type":"Feature","id":874,"geometry":{"type":"Point","coordinates":[24.849,-27.844]},"properties":{"name":"","fuel":"solar","mw":0.0,"country":"ZAF","status":"operating"}},{"type":"Feature","id":875,"geometry":{"type":"Point","coordinates":[24.749,-27.798]},"properties":{"name":"","fuel":"solar","mw":0.0,"country":"ZAF","status":"operating"}},{"type":"Feature","id":876,"geometry":{"type":"Point","coordinates":[24.726,-27.762]},"properties":{"name":"","fuel":"solar","mw":0.0,"country":"ZAF","status":"operating"}},{"type":"Feature","id":877,"geometry":{"type":"Point","coordinates":[23.987,-28.97]},"properties":{"name":"","fuel":"solar","mw":0.0,"country":"ZAF","status":"operating"}},{"type":"Feature","id":878,"geometry":{"type":"Point","coordinates":[24.045,-28.825]},"properties":{"name":"","fuel":"solar","mw":0.0,"country":"ZAF","status":"operating"}},{"type":"Feature","id":879,"geometry":{"type":"Point","coordinates":[24.623,-29.113]},"properties":{"name":"","fuel":"solar","mw":0.0,"country":"ZAF","status":"operating"}},{"type":"Feature","id":880,"geometry":{"type":"Point","coordinates":[24.673,-29.105]},"properties":{"name":"","fuel":"solar","mw":0.0,"country":"ZAF","status":"operating"}},{"type":"Feature","id":881,"geometry":{"type":"Point","coordinates":[27.931,-25.801]},"properties":{"name":"Pelindaba Research Reactor","fuel":"nuclear","mw":20.0,"country":"ZAF","status":"operating"}},{"type":"Feature","id":882,"geometry":{"type":"Point","coordinates":[27.49,-24.907]},"properties":{"name":"Liverpool Solar Plant","fuel":"solar","mw":10.0,"country":"ZAF","status":"operating"}},{"type":"Feature","id":883,"geometry":{"type":"Point","coordinates":[28.362,-26.289]},"properties":{"name":"ERGO Solar farm","fuel":"solar","mw":60.0,"country":"ZAF","status":"operating"}},{"type":"Feature","id":884,"geometry":{"type":"Point","coordinates":[28.174,-26.095]},"properties":{"name":"Modderfontein","fuel":"solar","mw":4.0,"country":"ZAF","status":"operating"}},{"type":"Feature","id":885,"geometry":{"type":"Point","coordinates":[28.126,-25.987]},"properties":{"name":"","fuel":"solar","mw":0.0,"country":"ZAF","status":"operating"}},{"type":"Feature","id":886,"geometry":{"type":"Point","coordinates":[27.525,-24.923]},"properties":{"name":"Wilmar Boerdery","fuel":"solar","mw":0.0,"country":"ZAF","status":"operating"}},{"type":"Feature","id":887,"geometry":{"type":"Point","coordinates":[28.278,-25.351]},"properties":{"name":"Nestle Babelegi","fuel":"solar","mw":1.0,"country":"ZAF","status":"operating"}},{"type":"Feature","id":888,"geometry":{"type":"Point","coordinates":[28.055,-25.819]},"properties":{"name":"","fuel":"solar","mw":0.0,"country":"ZAF","status":"operating"}},{"type":"Feature","id":889,"geometry":{"type":"Point","coordinates":[28.114,-26.232]},"properties":{"name":"Eskom Research, Testing & Development Solar Farm","fuel":"solar","mw":0.0,"country":"ZAF","status":"operating"}},{"type":"Feature","id":890,"geometry":{"type":"Point","coordinates":[27.743,-25.411]},"properties":{"name":"","fuel":"solar","mw":0.0,"country":"ZAF","status":"operating"}},{"type":"Feature","id":891,"geometry":{"type":"Point","coordinates":[27.969,-25.774]},"properties":{"name":"","fuel":"solar","mw":0.0,"country":"ZAF","status":"operating"}},{"type":"Feature","id":892,"geometry":{"type":"Point","coordinates":[27.803,-25.519]},"properties":{"name":"","fuel":"solar","mw":0.0,"country":"ZAF","status":"operating"}},{"type":"Feature","id":893,"geometry":{"type":"Point","coordinates":[28.116,-26.209]},"properties":{"name":"","fuel":"solar","mw":0.0,"country":"ZAF","status":"operating"}},{"type":"Feature","id":894,"geometry":{"type":"Point","coordinates":[28.047,-26.17]},"properties":{"name":"Brenthurst Solar Farm","fuel":"solar","mw":0.0,"country":"ZAF","status":"operating"}},{"type":"Feature","id":895,"geometry":{"type":"Point","coordinates":[27.46,-24.828]},"properties":{"name":"","fuel":"solar","mw":0.0,"country":"ZAF","status":"operating"}},{"type":"Feature","id":896,"geometry":{"type":"Point","coordinates":[28.021,-26.039]},"properties":{"name":"Knightsbridge Office Park","fuel":"solar","mw":0.2,"country":"ZAF","status":"operating"}},{"type":"Feature","id":897,"geometry":{"type":"Point","coordinates":[28.009,-26.475]},"properties":{"name":"Ferrero Solar Farm","fuel":"solar","mw":0.0,"country":"ZAF","status":"operating"}},{"type":"Feature","id":898,"geometry":{"type":"Point","coordinates":[27.667,-26.107]},"properties":{"name":"","fuel":"solar","mw":0.0,"country":"ZAF","status":"operating"}},{"type":"Feature","id":899,"geometry":{"type":"Point","coordinates":[27.654,-26.412]},"properties":{"name":"South Deep Solar Plant","fuel":"solar","mw":60.0,"country":"ZAF","status":"operating"}},{"type":"Feature","id":900,"geometry":{"type":"Point","coordinates":[27.512,-24.914]},"properties":{"name":"","fuel":"solar","mw":0.0,"country":"ZAF","status":"operating"}},{"type":"Feature","id":901,"geometry":{"type":"Point","coordinates":[27.467,-24.852]},"properties":{"name":"","fuel":"solar","mw":0.0,"country":"ZAF","status":"operating"}},{"type":"Feature","id":902,"geometry":{"type":"Point","coordinates":[28.136,-25.939]},"properties":{"name":"","fuel":"solar","mw":0.0,"country":"ZAF","status":"operating"}},{"type":"Feature","id":903,"geometry":{"type":"Point","coordinates":[28.126,-25.631]},"properties":{"name":"Truda Foods Gas Engine","fuel":"gas","mw":1.1,"country":"ZAF","status":"operating"}},{"type":"Feature","id":904,"geometry":{"type":"Point","coordinates":[28.081,-25.628]},"properties":{"name":"NeoPak CHP","fuel":"gas","mw":6.0,"country":"ZAF","status":"operating"}},{"type":"Feature","id":905,"geometry":{"type":"Point","coordinates":[27.533,-24.894]},"properties":{"name":"","fuel":"solar","mw":0.0,"country":"ZAF","status":"operating"}},{"type":"Feature","id":906,"geometry":{"type":"Point","coordinates":[28.184,-26.071]},"properties":{"name":"","fuel":"solar","mw":0.0,"country":"ZAF","status":"operating"}},{"type":"Feature","id":907,"geometry":{"type":"Point","coordinates":[28.171,-25.725]},"properties":{"name":"PPC Hercules","fuel":"solar","mw":2.4,"country":"ZAF","status":"operating"}},{"type":"Feature","id":908,"geometry":{"type":"Point","coordinates":[27.633,-25.844]},"properties":{"name":"","fuel":"solar","mw":0.0,"country":"ZAF","status":"operating"}},{"type":"Feature","id":909,"geometry":{"type":"Point","coordinates":[27.875,-25.572]},"properties":{"name":"Vametco Mini-Grid","fuel":"solar","mw":3.5,"country":"ZAF","status":"operating"}},{"type":"Feature","id":910,"geometry":{"type":"Point","coordinates":[28.46,-24.807]},"properties":{"name":"","fuel":"solar","mw":0.0,"country":"ZAF","status":"operating"}},{"type":"Feature","id":911,"geometry":{"type":"Point","coordinates":[28.104,-26.209]},"properties":{"name":"","fuel":"solar","mw":0.0,"country":"ZAF","status":"operating"}},{"type":"Feature","id":912,"geometry":{"type":"Point","coordinates":[27.776,-26.112]},"properties":{"name":"","fuel":"solar","mw":0.0,"country":"ZAF","status":"operating"}},{"type":"Feature","id":913,"geometry":{"type":"Point","coordinates":[27.473,-24.859]},"properties":{"name":"","fuel":"solar","mw":0.0,"country":"ZAF","status":"operating"}},{"type":"Feature","id":914,"geometry":{"type":"Point","coordinates":[28.099,-25.634]},"properties":{"name":"","fuel":"solar","mw":0.0,"country":"ZAF","status":"operating"}},{"type":"Feature","id":915,"geometry":{"type":"Point","coordinates":[28.032,-26.36]},"properties":{"name":"","fuel":"solar","mw":0.0,"country":"ZAF","status":"operating"}},{"type":"Feature","id":916,"geometry":{"type":"Point","coordinates":[28.091,-25.624]},"properties":{"name":"Rosslyn Brewery CHP","fuel":"gas","mw":6.0,"country":"ZAF","status":"operating"}},{"type":"Feature","id":917,"geometry":{"type":"Point","coordinates":[27.529,-24.897]},"properties":{"name":"","fuel":"solar","mw":0.0,"country":"ZAF","status":"operating"}},{"type":"Feature","id":918,"geometry":{"type":"Point","coordinates":[27.49,-24.906]},"properties":{"name":"Liverpool","fuel":"hydro","mw":0.0,"country":"ZAF","status":"operating"}},{"type":"Feature","id":919,"geometry":{"type":"Point","coordinates":[28.19,-26.062]},"properties":{"name":"","fuel":"solar","mw":0.0,"country":"ZAF","status":"operating"}},{"type":"Feature","id":920,"geometry":{"type":"Point","coordinates":[27.537,-25.223]},"properties":{"name":"","fuel":"solar","mw":0.0,"country":"ZAF","status":"operating"}},{"type":"Feature","id":921,"geometry":{"type":"Point","coordinates":[27.534,-25.232]},"properties":{"name":"","fuel":"solar","mw":0.0,"country":"ZAF","status":"operating"}},{"type":"Feature","id":922,"geometry":{"type":"Point","coordinates":[28.031,-26.36]},"properties":{"name":"","fuel":"solar","mw":0.0,"country":"ZAF","status":"operating"}},{"type":"Feature","id":923,"geometry":{"type":"Point","coordinates":[28.057,-26.209]},"properties":{"name":"Durban Street Gas Turbine Power Station","fuel":"diesel","mw":50.0,"country":"ZAF","status":"operating"}},{"type":"Feature","id":924,"geometry":{"type":"Point","coordinates":[27.932,-25.638]},"properties":{"name":"De Wildt Solar project","fuel":"solar","mw":50.0,"country":"ZAF","status":"operating"}},{"type":"Feature","id":925,"geometry":{"type":"Point","coordinates":[27.915,-26.105]},"properties":{"name":"Sentech Radiokop","fuel":"solar","mw":0.0,"country":"ZAF","status":"operating"}},{"type":"Feature","id":926,"geometry":{"type":"Point","coordinates":[28.022,-26.187]},"properties":{"name":"Cottesloe Gas Turbine Power Station","fuel":"diesel","mw":50.0,"country":"ZAF","status":"operating"}},{"type":"Feature","id":927,"geometry":{"type":"Point","coordinates":[28.146,-25.758]},"properties":{"name":"Pretoria West power station","fuel":"coal","mw":180.0,"country":"ZAF","status":"operating"}},{"type":"Feature","id":928,"geometry":{"type":"Point","coordinates":[28.108,-25.619]},"properties":{"name":"","fuel":"solar","mw":0.0,"country":"ZAF","status":"operating"}},{"type":"Feature","id":929,"geometry":{"type":"Point","coordinates":[28.063,-26.43]},"properties":{"name":"Sedibeng Brewery Solar Plant","fuel":"solar","mw":7.0,"country":"ZAF","status":"operating"}},{"type":"Feature","id":930,"geometry":{"type":"Point","coordinates":[28.194,-26.116]},"properties":{"name":"Kelvin Power Station","fuel":"coal","mw":600.0,"country":"ZAF","status":"operating"}},{"type":"Feature","id":931,"geometry":{"type":"Point","coordinates":[29.142,-26.282]},"properties":{"name":"Matla Power Station","fuel":"coal","mw":3600.0,"country":"ZAF","status":"operating"}},{"type":"Feature","id":932,"geometry":{"type":"Point","coordinates":[28.46,-26.285]},"properties":{"name":"McCains - Springs","fuel":"solar","mw":1.0,"country":"ZAF","status":"operating"}},{"type":"Feature","id":933,"geometry":{"type":"Point","coordinates":[29.187,-26.26]},"properties":{"name":"","fuel":"solar","mw":0.0,"country":"ZAF","status":"operating"}},{"type":"Feature","id":934,"geometry":{"type":"Point","coordinates":[29.177,-26.253]},"properties":{"name":"Kriel Power Station","fuel":"coal","mw":3000.0,"country":"ZAF","status":"operating"}},{"type":"Feature","id":935,"geometry":{"type":"Point","coordinates":[28.428,-26.254]},"properties":{"name":"Morgan Beef Solar Farm","fuel":"solar","mw":0.0,"country":"ZAF","status":"operating"}},{"type":"Feature","id":936,"geometry":{"type":"Point","coordinates":[28.309,-26.23]},"properties":{"name":"Leeupan Solar PV Project","fuel":"solar","mw":0.2,"country":"ZAF","status":"operating"}},{"type":"Feature","id":937,"geometry":{"type":"Point","coordinates":[28.377,-26.196]},"properties":{"name":"Atoll Mining Solar Farm","fuel":"solar","mw":0.5,"country":"ZAF","status":"operating"}},{"type":"Feature","id":938,"geometry":{"type":"Point","coordinates":[28.267,-26.19]},"properties":{"name":"Khanyisa Solar Plant","fuel":"solar","mw":1.1,"country":"ZAF","status":"operating"}},{"type":"Feature","id":939,"geometry":{"type":"Point","coordinates":[28.193,-26.157]},"properties":{"name":"CBI-Electric Solar Farm","fuel":"solar","mw":1.1,"country":"ZAF","status":"operating"}},{"type":"Feature","id":940,"geometry":{"type":"Point","coordinates":[28.683,-26.126]},"properties":{"name":"McCains Delmas","fuel":"solar","mw":0.0,"country":"ZAF","status":"operating"}},{"type":"Feature","id":941,"geometry":{"type":"Point","coordinates":[28.972,-26.093]},"properties":{"name":"Kendal Power Station","fuel":"coal","mw":4116.0,"country":"ZAF","status":"operating"}},{"type":"Feature","id":942,"geometry":{"type":"Point","coordinates":[29.472,-26.09]},"properties":{"name":"Komati Power Station","fuel":"coal","mw":990.0,"country":"ZAF","status":"operating"}},{"type":"Feature","id":943,"geometry":{"type":"Point","coordinates":[28.98,-26.087]},"properties":{"name":"Kendal Power Station Solar Plant","fuel":"solar","mw":0.7,"country":"ZAF","status":"operating"}},{"type":"Feature","id":944,"geometry":{"type":"Point","coordinates":[28.967,-26.086]},"properties":{"name":"Black Start Standby Gas Turbines","fuel":"diesel","mw":50.0,"country":"ZAF","status":"operating"}},{"type":"Feature","id":945,"geometry":{"type":"Point","coordinates":[29.601,-26.033]},"properties":{"name":"Hendrina Power Station","fuel":"coal","mw":1723.0,"country":"ZAF","status":"operating"}},{"type":"Feature","id":946,"geometry":{"type":"Point","coordinates":[29.339,-25.959]},"properties":{"name":"Duvha Power Station","fuel":"coal","mw":3000.0,"country":"ZAF","status":"operating"}},{"type":"Feature","id":947,"geometry":{"type":"Point","coordinates":[29.79,-25.943]},"properties":{"name":"Arnot Power Station","fuel":"coal","mw":2220.0,"country":"ZAF","status":"operating"}},{"type":"Feature","id":948,"geometry":{"type":"Point","coordinates":[28.922,-25.921]},"properties":{"name":"Kusile Power Station","fuel":"coal","mw":4800.0,"country":"ZAF","status":"operating"}},{"type":"Feature","id":949,"geometry":{"type":"Point","coordinates":[28.606,-25.913]},"properties":{"name":"Brokhorstspruit Biogas","fuel":"biogas","mw":10.0,"country":"ZAF","status":"operating"}},{"type":"Feature","id":950,"geometry":{"type":"Point","coordinates":[29.653,-25.894]},"properties":{"name":"Alzu Solar Farm","fuel":"solar","mw":1.1,"country":"ZAF","status":"operating"}},{"type":"Feature","id":951,"geometry":{"type":"Point","coordinates":[28.209,-25.877]},"properties":{"name":"","fuel":"solar","mw":0.0,"country":"ZAF","status":"operating"}},{"type":"Feature","id":952,"geometry":{"type":"Point","coordinates":[29.796,-25.834]},"properties":{"name":"Alzu Petropoort Solar Farm","fuel":"solar","mw":0.3,"country":"ZAF","status":"operating"}},{"type":"Feature","id":953,"geometry":{"type":"Point","coordinates":[28.734,-25.816]},"properties":{"name":"","fuel":"solar","mw":0.0,"country":"ZAF","status":"operating"}},{"type":"Feature","id":954,"geometry":{"type":"Point","coordinates":[28.738,-25.791]},"properties":{"name":"Bronkhorstspruit Silo","fuel":"solar","mw":0.2,"country":"ZAF","status":"operating"}},{"type":"Feature","id":955,"geometry":{"type":"Point","coordinates":[28.279,-25.742]},"properties":{"name":"CSIR Solar Farm","fuel":"solar","mw":0.6,"country":"ZAF","status":"operating"}},{"type":"Feature","id":956,"geometry":{"type":"Point","coordinates":[28.238,-25.556]},"properties":{"name":"Rooiwal Power Station","fuel":"coal","mw":300.0,"country":"ZAF","status":"operating"}},{"type":"Feature","id":957,"geometry":{"type":"Point","coordinates":[28.68,-26.125]},"properties":{"name":"","fuel":"solar","mw":0.0,"country":"ZAF","status":"operating"}},{"type":"Feature","id":958,"geometry":{"type":"Point","coordinates":[28.678,-26.128]},"properties":{"name":"","fuel":"solar","mw":0.0,"country":"ZAF","status":"operating"}},{"type":"Feature","id":959,"geometry":{"type":"Point","coordinates":[28.608,-26.148]},"properties":{"name":"Rossgro Feed Mill","fuel":"solar","mw":0.0,"country":"ZAF","status":"operating"}},{"type":"Feature","id":960,"geometry":{"type":"Point","coordinates":[30.443,-26.237]},"properties":{"name":"Warburton Sawmill","fuel":"solar","mw":0.8,"country":"ZAF","status":"operating"}},{"type":"Feature","id":961,"geometry":{"type":"Point","coordinates":[28.496,-25.8]},"properties":{"name":"","fuel":"solar","mw":0.0,"country":"ZAF","status":"operating"}},{"type":"Feature","id":962,"geometry":{"type":"Point","coordinates":[28.552,-26.222]},"properties":{"name":"","fuel":"solar","mw":0.0,"country":"ZAF","status":"operating"}},{"type":"Feature","id":963,"geometry":{"type":"Point","coordinates":[28.412,-26.256]},"properties":{"name":"Mpact Springs","fuel":"solar","mw":5.4,"country":"ZAF","status":"operating"}},{"type":"Feature","id":964,"geometry":{"type":"Point","coordinates":[29.177,-25.958]},"properties":{"name":"Greenside Coilliery","fuel":"solar","mw":0.1,"country":"ZAF","status":"operating"}},{"type":"Feature","id":965,"geometry":{"type":"Point","coordinates":[29.195,-25.94]},"properties":{"name":"","fuel":"solar","mw":0.0,"country":"ZAF","status":"operating"}},{"type":"Feature","id":966,"geometry":{"type":"Point","coordinates":[28.608,-26.119]},"properties":{"name":"","fuel":"solar","mw":0.0,"country":"ZAF","status":"operating"}},{"type":"Feature","id":967,"geometry":{"type":"Point","coordinates":[28.198,-25.932]},"properties":{"name":"Midstream Estate","fuel":"solar","mw":12.0,"country":"ZAF","status":"operating"}},{"type":"Feature","id":968,"geometry":{"type":"Point","coordinates":[28.254,-25.84]},"properties":{"name":"Sunrise View","fuel":"solar","mw":0.1,"country":"ZAF","status":"operating"}},{"type":"Feature","id":969,"geometry":{"type":"Point","coordinates":[28.371,-26.009]},"properties":{"name":"Chalmar Beef","fuel":"solar","mw":1.2,"country":"ZAF","status":"operating"}},{"type":"Feature","id":970,"geometry":{"type":"Point","coordinates":[28.359,-25.958]},"properties":{"name":"Pitsana Mills","fuel":"solar","mw":1.0,"country":"ZAF","status":"operating"}},{"type":"Feature","id":971,"geometry":{"type":"Point","coordinates":[28.367,-25.993]},"properties":{"name":"","fuel":"solar","mw":0.0,"country":"ZAF","status":"operating"}},{"type":"Feature","id":972,"geometry":{"type":"Point","coordinates":[28.265,-25.937]},"properties":{"name":"Rosema Bricks","fuel":"solar","mw":1.0,"country":"ZAF","status":"operating"}},{"type":"Feature","id":973,"geometry":{"type":"Point","coordinates":[29.823,-25.423]},"properties":{"name":"Blinkwater Mills - Stoffberg","fuel":"solar","mw":1.0,"country":"ZAF","status":"operating"}},{"type":"Feature","id":974,"geometry":{"type":"Point","coordinates":[31.095,-25.417]},"properties":{"name":"","fuel":"solar","mw":0.0,"country":"ZAF","status":"operating"}},{"type":"Feature","id":975,"geometry":{"type":"Point","coordinates":[31.091,-25.415]},"properties":{"name":"","fuel":"solar","mw":0.0,"country":"ZAF","status":"operating"}},{"type":"Feature","id":976,"geometry":{"type":"Point","coordinates":[31.058,-25.322]},"properties":{"name":"Timrite - Yaverland PV","fuel":"solar","mw":0.7,"country":"ZAF","status":"operating"}},{"type":"Feature","id":977,"geometry":{"type":"Point","coordinates":[30.805,-25.305]},"properties":{"name":"Densa Sawmill","fuel":"solar","mw":0.4,"country":"ZAF","status":"operating"}},{"type":"Feature","id":978,"geometry":{"type":"Point","coordinates":[32.134,-25.219]},"properties":{"name":"","fuel":"hydro","mw":0.0,"country":"MOZ","status":"operating"}},{"type":"Feature","id":979,"geometry":{"type":"Point","coordinates":[31.914,-25.129]},"properties":{"name":"","fuel":"solar","mw":0.0,"country":"MOZ","status":"operating"}},{"type":"Feature","id":980,"geometry":{"type":"Point","coordinates":[31.59,-24.998]},"properties":{"name":"","fuel":"solar","mw":0.0,"country":"ZAF","status":"operating"}},{"type":"Feature","id":981,"geometry":{"type":"Point","coordinates":[30.439,-24.998]},"properties":{"name":"Lydenburg Hydroelectric Powerstation","fuel":"hydro","mw":2.1,"country":"ZAF","status":"operating"}},{"type":"Feature","id":982,"geometry":{"type":"Point","coordinates":[30.532,-24.906]},"properties":{"name":"","fuel":"solar","mw":0.0,"country":"ZAF","status":"operating"}},{"type":"Feature","id":983,"geometry":{"type":"Point","coordinates":[30.516,-24.889]},"properties":{"name":"","fuel":"solar","mw":0.0,"country":"ZAF","status":"operating"}},{"type":"Feature","id":984,"geometry":{"type":"Point","coordinates":[30.329,-24.847]},"properties":{"name":"Naranja Fruit Packers Solar Farm","fuel":"solar","mw":0.6,"country":"ZAF","status":"operating"}},{"type":"Feature","id":985,"geometry":{"type":"Point","coordinates":[30.347,-24.796]},"properties":{"name":"","fuel":"solar","mw":0.0,"country":"ZAF","status":"operating"}},{"type":"Feature","id":986,"geometry":{"type":"Point","coordinates":[30.183,-24.75]},"properties":{"name":"TFC Site 4","fuel":"solar","mw":12.5,"country":"ZAF","status":"operating"}},{"type":"Feature","id":987,"geometry":{"type":"Point","coordinates":[30.187,-24.746]},"properties":{"name":"TFC Site 3","fuel":"solar","mw":12.5,"country":"ZAF","status":"operating"}},{"type":"Feature","id":988,"geometry":{"type":"Point","coordinates":[30.183,-24.74]},"properties":{"name":"TFC Site 5","fuel":"solar","mw":37.5,"country":"ZAF","status":"operating"}},{"type":"Feature","id":989,"geometry":{"type":"Point","coordinates":[30.551,-24.738]},"properties":{"name":"","fuel":"solar","mw":0.0,"country":"ZAF","status":"operating"}},{"type":"Feature","id":990,"geometry":{"type":"Point","coordinates":[30.212,-24.736]},"properties":{"name":"TFC Site 2","fuel":"solar","mw":18.8,"country":"ZAF","status":"operating"}},{"type":"Feature","id":991,"geometry":{"type":"Point","coordinates":[30.563,-24.731]},"properties":{"name":"","fuel":"solar","mw":0.0,"country":"ZAF","status":"operating"}},{"type":"Feature","id":992,"geometry":{"type":"Point","coordinates":[30.209,-24.727]},"properties":{"name":"TFC Site 1","fuel":"solar","mw":18.8,"country":"ZAF","status":"operating"}},{"type":"Feature","id":993,"geometry":{"type":"Point","coordinates":[30.833,-24.717]},"properties":{"name":"Goedegeloof Hydro","fuel":"hydro","mw":0.1,"country":"ZAF","status":"operating"}},{"type":"Feature","id":994,"geometry":{"type":"Point","coordinates":[31.107,-24.552]},"properties":{"name":"","fuel":"solar","mw":0.0,"country":"ZAF","status":"operating"}},{"type":"Feature","id":995,"geometry":{"type":"Point","coordinates":[31.096,-24.551]},"properties":{"name":"Wits Rural Facility","fuel":"solar","mw":0.1,"country":"ZAF","status":"operating"}},{"type":"Feature","id":996,"geometry":{"type":"Point","coordinates":[30.83,-24.49]},"properties":{"name":"","fuel":"solar","mw":0.0,"country":"ZAF","status":"operating"}},{"type":"Feature","id":997,"geometry":{"type":"Point","coordinates":[31.099,-24.473]},"properties":{"name":"","fuel":"solar","mw":0.0,"country":"ZAF","status":"operating"}},{"type":"Feature","id":998,"geometry":{"type":"Point","coordinates":[31.115,-24.472]},"properties":{"name":"Kubili House","fuel":"solar","mw":0.0,"country":"ZAF","status":"operating"}},{"type":"Feature","id":999,"geometry":{"type":"Point","coordinates":[31.979,-24.455]},"properties":{"name":"Singita Kruger","fuel":"solar","mw":0.5,"country":"MOZ","status":"operating"}},{"type":"Feature","id":1000,"geometry":{"type":"Point","coordinates":[31.134,-24.448]},"properties":{"name":"Royal Malewane","fuel":"solar","mw":0.0,"country":"ZAF","status":"operating"}},{"type":"Feature","id":1001,"geometry":{"type":"Point","coordinates":[30.874,-24.433]},"properties":{"name":"","fuel":"solar","mw":0.0,"country":"ZAF","status":"operating"}},{"type":"Feature","id":1002,"geometry":{"type":"Point","coordinates":[31.166,-24.411]},"properties":{"name":"Thornybush Game Lodge","fuel":"solar","mw":0.0,"country":"ZAF","status":"operating"}},{"type":"Feature","id":1003,"geometry":{"type":"Point","coordinates":[30.913,-24.364]},"properties":{"name":"Ambrosia Citrus Estate","fuel":"solar","mw":1.0,"country":"ZAF","status":"operating"}},{"type":"Feature","id":1004,"geometry":{"type":"Point","coordinates":[31.253,-24.334]},"properties":{"name":"Kambaku River Sands","fuel":"solar","mw":0.0,"country":"ZAF","status":"operating"}},{"type":"Feature","id":1005,"geometry":{"type":"Point","coordinates":[30.749,-24.332]},"properties":{"name":"","fuel":"solar","mw":0.0,"country":"ZAF","status":"operating"}},{"type":"Feature","id":1006,"geometry":{"type":"Point","coordinates":[29.98,-24.316]},"properties":{"name":"","fuel":"oil","mw":0.0,"country":"ZAF","status":"operating"}},{"type":"Feature","id":1007,"geometry":{"type":"Point","coordinates":[30.856,-24.315]},"properties":{"name":"","fuel":"solar","mw":0.0,"country":"ZAF","status":"operating"}},{"type":"Feature","id":1008,"geometry":{"type":"Point","coordinates":[30.624,-25.409]},"properties":{"name":"","fuel":"solar","mw":0.0,"country":"ZAF","status":"operating"}},{"type":"Feature","id":1009,"geometry":{"type":"Point","coordinates":[30.603,-25.394]},"properties":{"name":"","fuel":"solar","mw":0.0,"country":"ZAF","status":"operating"}},{"type":"Feature","id":1010,"geometry":{"type":"Point","coordinates":[27.288,-24.821]},"properties":{"name":"1 Shaft Emergency Generators","fuel":"diesel","mw":0.0,"country":"ZAF","status":"operating"}},{"type":"Feature","id":1011,"geometry":{"type":"Point","coordinates":[27.417,-24.77]},"properties":{"name":"Solar Farm","fuel":"solar","mw":0.0,"country":"ZAF","status":"operating"}},{"type":"Feature","id":1012,"geometry":{"type":"Point","coordinates":[27.43,-24.766]},"properties":{"name":"Reicor Boerdery","fuel":"solar","mw":0.7,"country":"ZAF","status":"operating"}},{"type":"Feature","id":1013,"geometry":{"type":"Point","coordinates":[27.388,-24.763]},"properties":{"name":"Dishaba Emergency Generators","fuel":"diesel","mw":0.0,"country":"ZAF","status":"operating"}},{"type":"Feature","id":1014,"geometry":{"type":"Point","coordinates":[27.352,-24.754]},"properties":{"name":"Thaba Mine Solar Farm","fuel":"solar","mw":1.0,"country":"ZAF","status":"operating"}},{"type":"Feature","id":1015,"geometry":{"type":"Point","coordinates":[27.427,-24.746]},"properties":{"name":"Solar Farm","fuel":"solar","mw":0.0,"country":"ZAF","status":"operating"}},{"type":"Feature","id":1016,"geometry":{"type":"Point","coordinates":[27.252,-24.588]},"properties":{"name":"","fuel":"solar","mw":0.0,"country":"ZAF","status":"operating"}},{"type":"Feature","id":1017,"geometry":{"type":"Point","coordinates":[27.261,-24.583]},"properties":{"name":"","fuel":"solar","mw":0.0,"country":"ZAF","status":"operating"}},{"type":"Feature","id":1018,"geometry":{"type":"Point","coordinates":[25.969,-24.573]},"properties":{"name":"Phakalane","fuel":"unknown","mw":0.0,"country":"BWA","status":"operating"}},{"type":"Feature","id":1019,"geometry":{"type":"Point","coordinates":[25.969,-24.574]},"properties":{"name":"Phakalane Solar Power Plant","fuel":"solar","mw":1.3,"country":"BWA","status":"operating"}},{"type":"Feature","id":1020,"geometry":{"type":"Point","coordinates":[26.051,-24.561]},"properties":{"name":"","fuel":"unknown","mw":0.0,"country":"BWA","status":"operating"}},{"type":"Feature","id":1021,"geometry":{"type":"Point","coordinates":[26.052,-24.56]},"properties":{"name":"","fuel":"unknown","mw":0.0,"country":"BWA","status":"operating"}},{"type":"Feature","id":1022,"geometry":{"type":"Point","coordinates":[26.049,-24.559]},"properties":{"name":"","fuel":"unknown","mw":0.0,"country":"BWA","status":"operating"}},{"type":"Feature","id":1023,"geometry":{"type":"Point","coordinates":[27.197,-24.548]},"properties":{"name":"Louma Boerdery - Staankraal","fuel":"solar","mw":0.0,"country":"ZAF","status":"operating"}},{"type":"Feature","id":1024,"geometry":{"type":"Point","coordinates":[27.204,-24.542]},"properties":{"name":"Solar Farm","fuel":"solar","mw":0.0,"country":"ZAF","status":"operating"}},{"type":"Feature","id":1025,"geometry":{"type":"Point","coordinates":[27.21,-24.536]},"properties":{"name":"Solar Farm","fuel":"solar","mw":0.0,"country":"ZAF","status":"operating"}},{"type":"Feature","id":1026,"geometry":{"type":"Point","coordinates":[27.217,-24.53]},"properties":{"name":"Solar Farm","fuel":"solar","mw":0.0,"country":"ZAF","status":"operating"}},{"type":"Feature","id":1027,"geometry":{"type":"Point","coordinates":[27.23,-24.528]},"properties":{"name":"Solar Farm","fuel":"solar","mw":0.0,"country":"ZAF","status":"operating"}},{"type":"Feature","id":1028,"geometry":{"type":"Point","coordinates":[27.131,-24.51]},"properties":{"name":"","fuel":"solar","mw":0.0,"country":"ZAF","status":"operating"}},{"type":"Feature","id":1029,"geometry":{"type":"Point","coordinates":[27.558,-23.704]},"properties":{"name":"Medupi Power Station","fuel":"coal","mw":4764.0,"country":"ZAF","status":"operating"}},{"type":"Feature","id":1030,"geometry":{"type":"Point","coordinates":[27.608,-23.667]},"properties":{"name":"Matimba Power Station","fuel":"coal","mw":3990.0,"country":"ZAF","status":"operating"}},{"type":"Feature","id":1031,"geometry":{"type":"Point","coordinates":[27.831,-23.115]},"properties":{"name":"","fuel":"solar","mw":0.0,"country":"ZAF","status":"operating"}},{"type":"Feature","id":1032,"geometry":{"type":"Point","coordinates":[27.916,-23.082]},"properties":{"name":"","fuel":"solar","mw":0.0,"country":"ZAF","status":"operating"}},{"type":"Feature","id":1033,"geometry":{"type":"Point","coordinates":[27.983,-23.071]},"properties":{"name":"Tom Burke Solar Park","fuel":"solar","mw":66.0,"country":"ZAF","status":"operating"}},{"type":"Feature","id":1034,"geometry":{"type":"Point","coordinates":[27.985,-22.977]},"properties":{"name":"","fuel":"solar","mw":0.0,"country":"ZAF","status":"operating"}},{"type":"Feature","id":1035,"geometry":{"type":"Point","coordinates":[27.049,-22.523]},"properties":{"name":"Morupule B Power Plant","fuel":"coal","mw":600.0,"country":"BWA","status":"operating"}},{"type":"Feature","id":1036,"geometry":{"type":"Point","coordinates":[24.714,-24.531]},"properties":{"name":"Jwaneng Gensets","fuel":"unknown","mw":0.0,"country":"BWA","status":"operating"}},{"type":"Feature","id":1037,"geometry":{"type":"Point","coordinates":[27.939,-22.956]},"properties":{"name":"","fuel":"solar","mw":0.0,"country":"ZAF","status":"operating"}},{"type":"Feature","id":1038,"geometry":{"type":"Point","coordinates":[27.19,-24.539]},"properties":{"name":"","fuel":"solar","mw":0.0,"country":"ZAF","status":"operating"}},{"type":"Feature","id":1039,"geometry":{"type":"Point","coordinates":[27.176,-24.523]},"properties":{"name":"","fuel":"solar","mw":0.0,"country":"ZAF","status":"operating"}},{"type":"Feature","id":1040,"geometry":{"type":"Point","coordinates":[27.157,-24.517]},"properties":{"name":"","fuel":"solar","mw":0.0,"country":"ZAF","status":"operating"}},{"type":"Feature","id":1041,"geometry":{"type":"Point","coordinates":[27.447,-24.783]},"properties":{"name":"","fuel":"solar","mw":0.0,"country":"ZAF","status":"operating"}},{"type":"Feature","id":1042,"geometry":{"type":"Point","coordinates":[27.427,-24.776]},"properties":{"name":"","fuel":"solar","mw":0.0,"country":"ZAF","status":"operating"}},{"type":"Feature","id":1043,"geometry":{"type":"Point","coordinates":[25.924,-24.656]},"properties":{"name":"","fuel":"unknown","mw":0.0,"country":"BWA","status":"operating"}},{"type":"Feature","id":1044,"geometry":{"type":"Point","coordinates":[25.417,-21.318]},"properties":{"name":"Orapa Power Station","fuel":"diesel","mw":90.0,"country":"BWA","status":"operating"}},{"type":"Feature","id":1045,"geometry":{"type":"Point","coordinates":[27.036,-22.52]},"properties":{"name":"Morupule A Power Plant","fuel":"coal","mw":132.0,"country":"BWA","status":"operating"}},{"type":"Feature","id":1046,"geometry":{"type":"Point","coordinates":[27.075,-24.387]},"properties":{"name":"","fuel":"solar","mw":0.0,"country":"ZAF","status":"operating"}},{"type":"Feature","id":1047,"geometry":{"type":"Point","coordinates":[27.744,-23.235]},"properties":{"name":"","fuel":"solar","mw":0.0,"country":"ZAF","status":"operating"}},{"type":"Feature","id":1048,"geometry":{"type":"Point","coordinates":[25.943,-24.594]},"properties":{"name":"BUAN Agrivoltaics","fuel":"solar","mw":1.0,"country":"BWA","status":"operating"}},{"type":"Feature","id":1049,"geometry":{"type":"Point","coordinates":[27.42,-24.698]},"properties":{"name":"Haakdoorndrif Boerdery","fuel":"solar","mw":0.2,"country":"ZAF","status":"operating"}},{"type":"Feature","id":1050,"geometry":{"type":"Point","coordinates":[26.464,-24.61]},"properties":{"name":"Klipdrift","fuel":"solar","mw":0.0,"country":"BWA","status":"operating"}},{"type":"Feature","id":1051,"geometry":{"type":"Point","coordinates":[27.811,-24.12]},"properties":{"name":"","fuel":"solar","mw":0.0,"country":"ZAF","status":"operating"}},{"type":"Feature","id":1052,"geometry":{"type":"Point","coordinates":[27.71,-23.326]},"properties":{"name":"","fuel":"solar","mw":0.0,"country":"ZAF","status":"operating"}},{"type":"Feature","id":1053,"geometry":{"type":"Point","coordinates":[27.721,-23.413]},"properties":{"name":"","fuel":"solar","mw":0.0,"country":"ZAF","status":"operating"}},{"type":"Feature","id":1054,"geometry":{"type":"Point","coordinates":[27.704,-23.413]},"properties":{"name":"","fuel":"solar","mw":0.0,"country":"ZAF","status":"operating"}},{"type":"Feature","id":1055,"geometry":{"type":"Point","coordinates":[16.281,-18.093]},"properties":{"name":"Okatope - Unisun - Solar Farm","fuel":"solar","mw":5.0,"country":"NAM","status":"operating"}},{"type":"Feature","id":1056,"geometry":{"type":"Point","coordinates":[15.839,-21.949]},"properties":{"name":"Karibib","fuel":"solar","mw":5.0,"country":"NAM","status":"operating"}},{"type":"Feature","id":1057,"geometry":{"type":"Point","coordinates":[16.031,-21.487]},"properties":{"name":"Omaruru Solar Power Plant","fuel":"solar","mw":4.5,"country":"NAM","status":"operating"}},{"type":"Feature","id":1058,"geometry":{"type":"Point","coordinates":[16.625,-20.447]},"properties":{"name":"HopSol Solarpark","fuel":"solar","mw":5.0,"country":"NAM","status":"operating"}},{"type":"Feature","id":1059,"geometry":{"type":"Point","coordinates":[15.741,-17.089]},"properties":{"name":"Central de Ondjiva","fuel":"diesel","mw":10.5,"country":"AGO","status":"operating"}},{"type":"Feature","id":1060,"geometry":{"type":"Point","coordinates":[15.871,-13.452]},"properties":{"name":"Central Hidroelétrica do Gove","fuel":"hydro","mw":60.0,"country":"AGO","status":"operating"}},{"type":"Feature","id":1061,"geometry":{"type":"Point","coordinates":[15.641,-12.782]},"properties":{"name":"Belém","fuel":"diesel","mw":50.0,"country":"AGO","status":"operating"}},{"type":"Feature","id":1062,"geometry":{"type":"Point","coordinates":[16.293,-14.388]},"properties":{"name":"Mini-Hídrica do Cuvango","fuel":"hydro","mw":2.0,"country":"AGO","status":"operating"}},{"type":"Feature","id":1063,"geometry":{"type":"Point","coordinates":[16.294,-18.11]},"properties":{"name":"Okatope - NCF","fuel":"solar","mw":5.0,"country":"NAM","status":"operating"}},{"type":"Feature","id":1064,"geometry":{"type":"Point","coordinates":[16.296,-18.107]},"properties":{"name":"Okatope - Tandii","fuel":"solar","mw":5.0,"country":"NAM","status":"operating"}},{"type":"Feature","id":1065,"geometry":{"type":"Point","coordinates":[15.767,-12.85]},"properties":{"name":"Lossambo","fuel":"diesel","mw":0.0,"country":"AGO","status":"operating"}},{"type":"Feature","id":1066,"geometry":{"type":"Point","coordinates":[16.02,-21.49]},"properties":{"name":"Omburu","fuel":"solar","mw":20.0,"country":"NAM","status":"operating"}},{"type":"Feature","id":1067,"geometry":{"type":"Point","coordinates":[15.797,-24.49]},"properties":{"name":"","fuel":"solar","mw":0.0,"country":"NAM","status":"operating"}},{"type":"Feature","id":1068,"geometry":{"type":"Point","coordinates":[15.805,-24.484]},"properties":{"name":"","fuel":"solar","mw":0.0,"country":"NAM","status":"operating"}},{"type":"Feature","id":1069,"geometry":{"type":"Point","coordinates":[15.724,-9.58]},"properties":{"name":"Biocom Power Plant","fuel":"biomass","mw":0.0,"country":"AGO","status":"operating"}},{"type":"Feature","id":1070,"geometry":{"type":"Point","coordinates":[15.901,-24.876]},"properties":{"name":"","fuel":"solar","mw":0.0,"country":"NAM","status":"operating"}},{"type":"Feature","id":1071,"geometry":{"type":"Point","coordinates":[15.815,-22.102]},"properties":{"name":"Namagra Mine","fuel":"solar","mw":0.4,"country":"NAM","status":"operating"}},{"type":"Feature","id":1072,"geometry":{"type":"Point","coordinates":[14.222,-17.399]},"properties":{"name":"Ruacana hydropower plant","fuel":"hydro","mw":330.0,"country":"NAM","status":"operating"}},{"type":"Feature","id":1073,"geometry":{"type":"Point","coordinates":[13.58,-14.952]},"properties":{"name":"Central Térmica da Arimba","fuel":"diesel","mw":40.0,"country":"AGO","status":"operating"}},{"type":"Feature","id":1074,"geometry":{"type":"Point","coordinates":[13.514,-14.931]},"properties":{"name":"Rede Nacional de Transporte de Electricidade (RNT)","fuel":"unknown","mw":0.0,"country":"AGO","status":"operating"}},{"type":"Feature","id":1075,"geometry":{"type":"Point","coordinates":[15.042,-14.744]},"properties":{"name":"Central hidroeléctrica da Matala","fuel":"hydro","mw":40.8,"country":"AGO","status":"operating"}},{"type":"Feature","id":1076,"geometry":{"type":"Point","coordinates":[13.727,-12.468]},"properties":{"name":"Centro de Produção de Energia do Biópio","fuel":"hydro","mw":15.0,"country":"AGO","status":"operating"}},{"type":"Feature","id":1077,"geometry":{"type":"Point","coordinates":[13.723,-12.463]},"properties":{"name":"Biopio Oil Power Plant","fuel":"oil","mw":0.0,"country":"AGO","status":"operating"}},{"type":"Feature","id":1078,"geometry":{"type":"Point","coordinates":[13.632,-12.457]},"properties":{"name":"Catumbela (Defunct)","fuel":"hydro","mw":0.0,"country":"AGO","status":"operating"}},{"type":"Feature","id":1079,"geometry":{"type":"Point","coordinates":[13.59,-12.382]},"properties":{"name":"Central de Quileva","fuel":"oil","mw":90.0,"country":"AGO","status":"operating"}},{"type":"Feature","id":1080,"geometry":{"type":"Point","coordinates":[15.464,-9.795]},"properties":{"name":"Central Hidroelétrica de Capanda","fuel":"hydro","mw":520.0,"country":"AGO","status":"operating"}},{"type":"Feature","id":1081,"geometry":{"type":"Point","coordinates":[14.484,-9.746]},"properties":{"name":"Central hidroelectrica de Cambambe II","fuel":"hydro","mw":700.0,"country":"AGO","status":"operating"}},{"type":"Feature","id":1082,"geometry":{"type":"Point","coordinates":[15.109,-9.734]},"properties":{"name":"Central hidroelectrica de Laúca","fuel":"hydro","mw":2069.5,"country":"AGO","status":"operating"}},{"type":"Feature","id":1083,"geometry":{"type":"Point","coordinates":[13.197,-8.87]},"properties":{"name":"","fuel":"unknown","mw":0.0,"country":"AGO","status":"operating"}},{"type":"Feature","id":1084,"geometry":{"type":"Point","coordinates":[13.241,-8.84]},"properties":{"name":"CT Quartéis","fuel":"diesel","mw":32.0,"country":"AGO","status":"operating"}},{"type":"Feature","id":1085,"geometry":{"type":"Point","coordinates":[13.696,-8.537]},"properties":{"name":"Central Hidroelétrica de Mabubas","fuel":"hydro","mw":26.8,"country":"AGO","status":"operating"}},{"type":"Feature","id":1086,"geometry":{"type":"Point","coordinates":[15.207,-4.302]},"properties":{"name":"Centrale hydroélectrique de Djoué","fuel":"hydro","mw":15.0,"country":"","status":"operating"}},{"type":"Feature","id":1087,"geometry":{"type":"Point","coordinates":[14.386,-12.725]},"properties":{"name":"Central Hidroelétrica de Lomaum","fuel":"hydro","mw":50.0,"country":"AGO","status":"operating"}},{"type":"Feature","id":1088,"geometry":{"type":"Point","coordinates":[14.544,-17.273]},"properties":{"name":"Calueque Hydropower Plant","fuel":"hydro","mw":14.0,"country":"AGO","status":"operating"}},{"type":"Feature","id":1089,"geometry":{"type":"Point","coordinates":[13.308,-8.815]},"properties":{"name":"Central de Cazenga","fuel":"oil","mw":188.0,"country":"AGO","status":"operating"}},{"type":"Feature","id":1090,"geometry":{"type":"Point","coordinates":[13.62,-15.184]},"properties":{"name":"Mini-Hídrica","fuel":"hydro","mw":1.2,"country":"AGO","status":"operating"}},{"type":"Feature","id":1091,"geometry":{"type":"Point","coordinates":[13.566,-9.108]},"properties":{"name":"CIF Thermal Power Station","fuel":"unknown","mw":0.0,"country":"AGO","status":"operating"}},{"type":"Feature","id":1092,"geometry":{"type":"Point","coordinates":[13.276,-8.828]},"properties":{"name":"Central CFL","fuel":"oil","mw":125.0,"country":"AGO","status":"operating"}},{"type":"Feature","id":1093,"geometry":{"type":"Point","coordinates":[13.461,-14.949]},"properties":{"name":"Grupo Gerador","fuel":"diesel","mw":0.0,"country":"AGO","status":"operating"}},{"type":"Feature","id":1094,"geometry":{"type":"Point","coordinates":[13.515,-14.932]},"properties":{"name":"Central Térmica do Lubango","fuel":"diesel","mw":40.0,"country":"AGO","status":"operating"}},{"type":"Feature","id":1095,"geometry":{"type":"Point","coordinates":[13.514,-14.932]},"properties":{"name":"Prodel - Empresa Pública de Produção de Eletricidade, E.P.","fuel":"unknown","mw":0.0,"country":"AGO","status":"operating"}},{"type":"Feature","id":1096,"geometry":{"type":"Point","coordinates":[13.891,-15.734]},"properties":{"name":"","fuel":"unknown","mw":0.0,"country":"AGO","status":"operating"}},{"type":"Feature","id":1097,"geometry":{"type":"Point","coordinates":[15.004,-17.517]},"properties":{"name":"Outapi Solar PV","fuel":"solar","mw":5.0,"country":"NAM","status":"operating"}},{"type":"Feature","id":1098,"geometry":{"type":"Point","coordinates":[15.431,-20.393]},"properties":{"name":"Vingerklip Lodge Solar Farm","fuel":"solar","mw":0.0,"country":"NAM","status":"operating"}},{"type":"Feature","id":1099,"geometry":{"type":"Point","coordinates":[13.891,-15.73]},"properties":{"name":"","fuel":"solar","mw":0.0,"country":"AGO","status":"operating"}},{"type":"Feature","id":1100,"geometry":{"type":"Point","coordinates":[15.179,-16.492]},"properties":{"name":"Centra Solar Fotovoltaica da Estação Elevatória do Canal do Cafu","fuel":"solar","mw":0.0,"country":"AGO","status":"operating"}},{"type":"Feature","id":1101,"geometry":{"type":"Point","coordinates":[13.366,-9.116]},"properties":{"name":"Central Térmica do Cassaque","fuel":"unknown","mw":24.0,"country":"AGO","status":"operating"}},{"type":"Feature","id":1102,"geometry":{"type":"Point","coordinates":[14.61,-22.955]},"properties":{"name":"Cleanergy Solutions","fuel":"unknown","mw":0.0,"country":"NAM","status":"operating"}},{"type":"Feature","id":1103,"geometry":{"type":"Point","coordinates":[14.993,-9.687]},"properties":{"name":"Caculo Cabaça Hydroelectric Power Station","fuel":"hydro","mw":2172.0,"country":"AGO","status":"operating"}},{"type":"Feature","id":1104,"geometry":{"type":"Point","coordinates":[14.517,-22.94]},"properties":{"name":"Anixas I","fuel":"oil","mw":22.5,"country":"NAM","status":"operating"}},{"type":"Feature","id":1105,"geometry":{"type":"Point","coordinates":[14.516,-22.939]},"properties":{"name":"Anixas II","fuel":"oil","mw":50.0,"country":"NAM","status":"operating"}},{"type":"Feature","id":1106,"geometry":{"type":"Point","coordinates":[15.267,-12.916]},"properties":{"name":"","fuel":"solar","mw":0.0,"country":"AGO","status":"operating"}},{"type":"Feature","id":1107,"geometry":{"type":"Point","coordinates":[20.5,-19.601]},"properties":{"name":"Tsumkwe Hybrid Power Plant","fuel":"solar","mw":0.2,"country":"NAM","status":"operating"}},{"type":"Feature","id":1108,"geometry":{"type":"Point","coordinates":[20.811,-20.239]},"properties":{"name":"Gam Solar Plant","fuel":"solar","mw":0.2,"country":"NAM","status":"operating"}},{"type":"Feature","id":1109,"geometry":{"type":"Point","coordinates":[22.561,-19.406]},"properties":{"name":"","fuel":"solar","mw":0.0,"country":"BWA","status":"operating"}},{"type":"Feature","id":1110,"geometry":{"type":"Point","coordinates":[22.586,-19.417]},"properties":{"name":"","fuel":"solar","mw":0.0,"country":"BWA","status":"operating"}},{"type":"Feature","id":1111,"geometry":{"type":"Point","coordinates":[22.588,-18.889]},"properties":{"name":"","fuel":"solar","mw":0.0,"country":"BWA","status":"operating"}},{"type":"Feature","id":1112,"geometry":{"type":"Point","coordinates":[22.596,-19.251]},"properties":{"name":"","fuel":"solar","mw":0.0,"country":"BWA","status":"operating"}},{"type":"Feature","id":1113,"geometry":{"type":"Point","coordinates":[22.604,-19.305]},"properties":{"name":"","fuel":"solar","mw":0.0,"country":"BWA","status":"operating"}},{"type":"Feature","id":1114,"geometry":{"type":"Point","coordinates":[22.608,-19.281]},"properties":{"name":"","fuel":"solar","mw":0.0,"country":"BWA","status":"operating"}},{"type":"Feature","id":1115,"geometry":{"type":"Point","coordinates":[22.697,-19.018]},"properties":{"name":"","fuel":"solar","mw":0.0,"country":"BWA","status":"operating"}},{"type":"Feature","id":1116,"geometry":{"type":"Point","coordinates":[22.755,-19.396]},"properties":{"name":"Xigera Solar Plant","fuel":"solar","mw":0.5,"country":"BWA","status":"operating"}},{"type":"Feature","id":1117,"geometry":{"type":"Point","coordinates":[22.777,-19.221]},"properties":{"name":"","fuel":"solar","mw":0.0,"country":"BWA","status":"operating"}},{"type":"Feature","id":1118,"geometry":{"type":"Point","coordinates":[22.795,-19.486]},"properties":{"name":"Nxabega","fuel":"solar","mw":0.0,"country":"BWA","status":"operating"}},{"type":"Feature","id":1119,"geometry":{"type":"Point","coordinates":[22.862,-19.544]},"properties":{"name":"Kanana","fuel":"solar","mw":0.0,"country":"BWA","status":"operating"}},{"type":"Feature","id":1120,"geometry":{"type":"Point","coordinates":[22.891,-18.982]},"properties":{"name":"","fuel":"solar","mw":0.0,"country":"BWA","status":"operating"}},{"type":"Feature","id":1121,"geometry":{"type":"Point","coordinates":[22.894,-18.974]},"properties":{"name":"","fuel":"solar","mw":0.0,"country":"BWA","status":"operating"}},{"type":"Feature","id":1122,"geometry":{"type":"Point","coordinates":[23.102,-19.135]},"properties":{"name":"","fuel":"solar","mw":0.0,"country":"BWA","status":"operating"}},{"type":"Feature","id":1123,"geometry":{"type":"Point","coordinates":[23.142,-19.526]},"properties":{"name":"","fuel":"solar","mw":0.0,"country":"BWA","status":"operating"}},{"type":"Feature","id":1124,"geometry":{"type":"Point","coordinates":[23.156,-19.121]},"properties":{"name":"","fuel":"solar","mw":0.0,"country":"BWA","status":"operating"}},{"type":"Feature","id":1125,"geometry":{"type":"Point","coordinates":[23.219,-19.581]},"properties":{"name":"","fuel":"solar","mw":0.0,"country":"BWA","status":"operating"}},{"type":"Feature","id":1126,"geometry":{"type":"Point","coordinates":[23.25,-19.596]},"properties":{"name":"","fuel":"solar","mw":0.0,"country":"BWA","status":"operating"}},{"type":"Feature","id":1127,"geometry":{"type":"Point","coordinates":[23.268,-19.109]},"properties":{"name":"","fuel":"solar","mw":0.0,"country":"BWA","status":"operating"}},{"type":"Feature","id":1128,"geometry":{"type":"Point","coordinates":[23.301,-19.452]},"properties":{"name":"Sandibe","fuel":"solar","mw":0.0,"country":"BWA","status":"operating"}},{"type":"Feature","id":1129,"geometry":{"type":"Point","coordinates":[23.372,-19.075]},"properties":{"name":"","fuel":"solar","mw":0.0,"country":"BWA","status":"operating"}},{"type":"Feature","id":1130,"geometry":{"type":"Point","coordinates":[23.381,-19.575]},"properties":{"name":"","fuel":"solar","mw":0.0,"country":"BWA","status":"operating"}},{"type":"Feature","id":1131,"geometry":{"type":"Point","coordinates":[21.839,-18.401]},"properties":{"name":"Shakawe","fuel":"solar","mw":1.0,"country":"BWA","status":"operating"}},{"type":"Feature","id":1132,"geometry":{"type":"Point","coordinates":[22.898,-19.632]},"properties":{"name":"Xudum Solar Farm","fuel":"solar","mw":0.0,"country":"BWA","status":"operating"}},{"type":"Feature","id":1133,"geometry":{"type":"Point","coordinates":[23.411,-19.187]},"properties":{"name":"","fuel":"solar","mw":0.0,"country":"BWA","status":"operating"}},{"type":"Feature","id":1134,"geometry":{"type":"Point","coordinates":[23.432,-19.869]},"properties":{"name":"","fuel":"solar","mw":0.0,"country":"BWA","status":"operating"}},{"type":"Feature","id":1135,"geometry":{"type":"Point","coordinates":[22.465,-19.291]},"properties":{"name":"","fuel":"solar","mw":0.0,"country":"BWA","status":"operating"}},{"type":"Feature","id":1136,"geometry":{"type":"Point","coordinates":[23.534,-18.588]},"properties":{"name":"","fuel":"solar","mw":0.0,"country":"BWA","status":"operating"}},{"type":"Feature","id":1137,"geometry":{"type":"Point","coordinates":[23.545,-19.586]},"properties":{"name":"","fuel":"solar","mw":0.0,"country":"BWA","status":"operating"}},{"type":"Feature","id":1138,"geometry":{"type":"Point","coordinates":[23.569,-19.138]},"properties":{"name":"","fuel":"solar","mw":0.0,"country":"BWA","status":"operating"}},{"type":"Feature","id":1139,"geometry":{"type":"Point","coordinates":[23.572,-19.555]},"properties":{"name":"","fuel":"solar","mw":0.0,"country":"BWA","status":"operating"}},{"type":"Feature","id":1140,"geometry":{"type":"Point","coordinates":[23.576,-19.586]},"properties":{"name":"","fuel":"solar","mw":0.0,"country":"BWA","status":"operating"}},{"type":"Feature","id":1141,"geometry":{"type":"Point","coordinates":[23.579,-18.527]},"properties":{"name":"","fuel":"solar","mw":0.0,"country":"BWA","status":"operating"}},{"type":"Feature","id":1142,"geometry":{"type":"Point","coordinates":[23.604,-19.747]},"properties":{"name":"","fuel":"solar","mw":0.0,"country":"BWA","status":"operating"}},{"type":"Feature","id":1143,"geometry":{"type":"Point","coordinates":[23.661,-19.127]},"properties":{"name":"","fuel":"solar","mw":0.0,"country":"BWA","status":"operating"}},{"type":"Feature","id":1144,"geometry":{"type":"Point","coordinates":[23.709,-18.438]},"properties":{"name":"","fuel":"solar","mw":0.0,"country":"BWA","status":"operating"}},{"type":"Feature","id":1145,"geometry":{"type":"Point","coordinates":[23.763,-19.151]},"properties":{"name":"","fuel":"solar","mw":0.0,"country":"BWA","status":"operating"}},{"type":"Feature","id":1146,"geometry":{"type":"Point","coordinates":[23.813,-19.123]},"properties":{"name":"","fuel":"solar","mw":0.0,"country":"BWA","status":"operating"}},{"type":"Feature","id":1147,"geometry":{"type":"Point","coordinates":[24.056,-18.571]},"properties":{"name":"","fuel":"solar","mw":0.0,"country":"BWA","status":"operating"}},{"type":"Feature","id":1148,"geometry":{"type":"Point","coordinates":[24.06,-18.565]},"properties":{"name":"","fuel":"solar","mw":0.0,"country":"BWA","status":"operating"}},{"type":"Feature","id":1149,"geometry":{"type":"Point","coordinates":[24.885,-18.32]},"properties":{"name":"","fuel":"solar","mw":0.0,"country":"BWA","status":"operating"}},{"type":"Feature","id":1150,"geometry":{"type":"Point","coordinates":[25.86,-17.931]},"properties":{"name":"Victoria Falls Station C","fuel":"hydro","mw":40.0,"country":"ZWE","status":"operating"}},{"type":"Feature","id":1151,"geometry":{"type":"Point","coordinates":[25.861,-17.931]},"properties":{"name":"Victoria Falls Station A","fuel":"hydro","mw":8.0,"country":"ZWE","status":"operating"}},{"type":"Feature","id":1152,"geometry":{"type":"Point","coordinates":[25.861,-17.932]},"properties":{"name":"Victoria Falls Station B (Underground)","fuel":"hydro","mw":60.0,"country":"ZWE","status":"operating"}},{"type":"Feature","id":1153,"geometry":{"type":"Point","coordinates":[25.881,-18.094]},"properties":{"name":"Victoria Falls Solar Plant - Phase 1","fuel":"solar","mw":5.0,"country":"ZWE","status":"operating"}},{"type":"Feature","id":1154,"geometry":{"type":"Point","coordinates":[26.47,-18.384]},"properties":{"name":"Hwange Thermal Power Station","fuel":"coal","mw":1520.0,"country":"ZWE","status":"operating"}},{"type":"Feature","id":1155,"geometry":{"type":"Point","coordinates":[27.032,-18.568]},"properties":{"name":"Cross Mabale","fuel":"solar","mw":7.5,"country":"ZWE","status":"operating"}},{"type":"Feature","id":1156,"geometry":{"type":"Point","coordinates":[27.185,-17.351]},"properties":{"name":"Maamba Power Station","fuel":"coal","mw":300.0,"country":"ZMB","status":"operating"}},{"type":"Feature","id":1157,"geometry":{"type":"Point","coordinates":[28.576,-20.159]},"properties":{"name":"Bulawayo Power Station","fuel":"coal","mw":90.0,"country":"ZWE","status":"operating"}},{"type":"Feature","id":1158,"geometry":{"type":"Point","coordinates":[29.782,-18.656]},"properties":{"name":"Munyati Power Station","fuel":"coal","mw":120.0,"country":"ZWE","status":"operating"}},{"type":"Feature","id":1159,"geometry":{"type":"Point","coordinates":[30.784,-17.669]},"properties":{"name":"Nyabira Solar Plant","fuel":"solar","mw":25.0,"country":"ZWE","status":"operating"}},{"type":"Feature","id":1160,"geometry":{"type":"Point","coordinates":[31.032,-17.845]},"properties":{"name":"Harare Thermal Power Station","fuel":"coal","mw":50.0,"country":"ZWE","status":"operating"}},{"type":"Feature","id":1161,"geometry":{"type":"Point","coordinates":[31.196,-18.058]},"properties":{"name":"Dema Power Plant (Defunct)","fuel":"diesel","mw":200.0,"country":"ZWE","status":"operating"}},{"type":"Feature","id":1162,"geometry":{"type":"Point","coordinates":[31.246,-18.109]},"properties":{"name":"Harava Solar Plant Phase 1","fuel":"solar","mw":6.0,"country":"ZWE","status":"operating"}},{"type":"Feature","id":1163,"geometry":{"type":"Point","coordinates":[32.191,-17.411]},"properties":{"name":"Riverside Solar Park","fuel":"solar","mw":2.5,"country":"ZWE","status":"operating"}},{"type":"Feature","id":1164,"geometry":{"type":"Point","coordinates":[28.796,-19.719]},"properties":{"name":"Turk Mine","fuel":"solar","mw":4.4,"country":"ZWE","status":"operating"}},{"type":"Feature","id":1165,"geometry":{"type":"Point","coordinates":[25.123,-17.806]},"properties":{"name":"Chobe Water Villas","fuel":"solar","mw":0.1,"country":"BWA","status":"operating"}},{"type":"Feature","id":1166,"geometry":{"type":"Point","coordinates":[26.404,-18.329]},"properties":{"name":"ZhongXin Power Station","fuel":"coal","mw":50.0,"country":"ZWE","status":"operating"}},{"type":"Feature","id":1167,"geometry":{"type":"Point","coordinates":[29.824,-18.938]},"properties":{"name":"Kwekwe General Hospital","fuel":"solar","mw":0.0,"country":"ZWE","status":"operating"}},{"type":"Feature","id":1168,"geometry":{"type":"Point","coordinates":[29.776,-18.505]},"properties":{"name":"Venice Mine","fuel":"solar","mw":0.7,"country":"ZWE","status":"operating"}},{"type":"Feature","id":1169,"geometry":{"type":"Point","coordinates":[30.205,-17.432]},"properties":{"name":"Chinoyi","fuel":"solar","mw":0.0,"country":"ZWE","status":"operating"}},{"type":"Feature","id":1170,"geometry":{"type":"Point","coordinates":[31.026,-17.766]},"properties":{"name":"Mutual Gardens","fuel":"solar","mw":0.6,"country":"ZWE","status":"operating"}},{"type":"Feature","id":1171,"geometry":{"type":"Point","coordinates":[31.696,-18.011]},"properties":{"name":"Dormervale","fuel":"solar","mw":0.4,"country":"ZWE","status":"operating"}},{"type":"Feature","id":1172,"geometry":{"type":"Point","coordinates":[30.897,-18.012]},"properties":{"name":"Kefalos Solar Farm","fuel":"solar","mw":0.6,"country":"ZWE","status":"operating"}},{"type":"Feature","id":1173,"geometry":{"type":"Point","coordinates":[31.875,-18.016]},"properties":{"name":"Durlstone Estate","fuel":"solar","mw":1.0,"country":"ZWE","status":"operating"}},{"type":"Feature","id":1174,"geometry":{"type":"Point","coordinates":[30.878,-17.406]},"properties":{"name":"Luxaflor Roses","fuel":"solar","mw":0.1,"country":"ZWE","status":"operating"}},{"type":"Feature","id":1175,"geometry":{"type":"Point","coordinates":[30.158,-18.117]},"properties":{"name":"Charles Stewart Day Old Chicks","fuel":"solar","mw":0.2,"country":"ZWE","status":"operating"}},{"type":"Feature","id":1176,"geometry":{"type":"Point","coordinates":[29.924,-18.33]},"properties":{"name":"Kadoma Hotel","fuel":"solar","mw":0.3,"country":"ZWE","status":"operating"}},{"type":"Feature","id":1177,"geometry":{"type":"Point","coordinates":[30.423,-18.041]},"properties":{"name":"Selous","fuel":"solar","mw":35.0,"country":"ZWE","status":"operating"}},{"type":"Feature","id":1178,"geometry":{"type":"Point","coordinates":[23.512,-19.492]},"properties":{"name":"","fuel":"solar","mw":0.0,"country":"BWA","status":"operating"}},{"type":"Feature","id":1179,"geometry":{"type":"Point","coordinates":[18.117,-19.556]},"properties":{"name":"Otjozondjupa","fuel":"solar","mw":5.0,"country":"NAM","status":"operating"}},{"type":"Feature","id":1180,"geometry":{"type":"Point","coordinates":[17.98,-15.429]},"properties":{"name":"","fuel":"solar","mw":0.0,"country":"AGO","status":"operating"}},{"type":"Feature","id":1181,"geometry":{"type":"Point","coordinates":[27.832,-12.382]},"properties":{"name":"","fuel":"diesel","mw":0.0,"country":"ZMB","status":"operating"}},{"type":"Feature","id":1182,"geometry":{"type":"Point","coordinates":[28.106,-12.656]},"properties":{"name":"","fuel":"diesel","mw":0.0,"country":"ZMB","status":"operating"}},{"type":"Feature","id":1183,"geometry":{"type":"Point","coordinates":[28.183,-12.692]},"properties":{"name":"Itimpi","fuel":"solar","mw":60.0,"country":"ZMB","status":"operating"}},{"type":"Feature","id":1184,"geometry":{"type":"Point","coordinates":[28.237,-12.808]},"properties":{"name":"Riverside Pilot Solar Farm","fuel":"solar","mw":1.0,"country":"ZMB","status":"operating"}},{"type":"Feature","id":1185,"geometry":{"type":"Point","coordinates":[28.427,-15.519]},"properties":{"name":"Ngonye Solar Power Station","fuel":"solar","mw":34.0,"country":"ZMB","status":"operating"}},{"type":"Feature","id":1186,"geometry":{"type":"Point","coordinates":[28.432,-15.514]},"properties":{"name":"Bangweulu Solar Power Station","fuel":"solar","mw":54.0,"country":"ZMB","status":"operating"}},{"type":"Feature","id":1187,"geometry":{"type":"Point","coordinates":[28.428,-16.849]},"properties":{"name":"Ume Crocodile Farm Solar plant","fuel":"solar","mw":0.3,"country":"ZWE","status":"operating"}},{"type":"Feature","id":1188,"geometry":{"type":"Point","coordinates":[28.473,-15.848]},"properties":{"name":"Kafue Gorge Upper Power Station","fuel":"hydro","mw":990.0,"country":"ZMB","status":"operating"}},{"type":"Feature","id":1189,"geometry":{"type":"Point","coordinates":[28.559,-15.896]},"properties":{"name":"Kafue Gorge Lower Power Plant","fuel":"hydro","mw":750.0,"country":"ZMB","status":"operating"}},{"type":"Feature","id":1190,"geometry":{"type":"Point","coordinates":[28.682,-13.036]},"properties":{"name":"Ndola Energy","fuel":"oil","mw":105.0,"country":"ZMB","status":"operating"}},{"type":"Feature","id":1191,"geometry":{"type":"Point","coordinates":[28.763,-16.519]},"properties":{"name":"Kariba North Bank Power Station","fuel":"hydro","mw":1080.0,"country":"ZWE","status":"operating"}},{"type":"Feature","id":1192,"geometry":{"type":"Point","coordinates":[28.765,-16.522]},"properties":{"name":"Kariba South Power Station","fuel":"hydro","mw":1050.0,"country":"ZWE","status":"operating"}},{"type":"Feature","id":1193,"geometry":{"type":"Point","coordinates":[28.806,-10.711]},"properties":{"name":"Musando Falls II","fuel":"hydro","mw":5.0,"country":"ZMB","status":"operating"}},{"type":"Feature","id":1194,"geometry":{"type":"Point","coordinates":[28.806,-10.711]},"properties":{"name":"Musonda Falls I","fuel":"hydro","mw":5.0,"country":"ZMB","status":"operating"}},{"type":"Feature","id":1195,"geometry":{"type":"Point","coordinates":[28.843,-14.739]},"properties":{"name":"Mulungushi Power Station","fuel":"hydro","mw":32.0,"country":"ZMB","status":"operating"}},{"type":"Feature","id":1196,"geometry":{"type":"Point","coordinates":[28.876,-16.538]},"properties":{"name":"Kariba Crocodile Farm Solar Plant","fuel":"solar","mw":1.2,"country":"ZWE","status":"operating"}},{"type":"Feature","id":1197,"geometry":{"type":"Point","coordinates":[29.121,-14.511]},"properties":{"name":"Lunsemfwa Power Station","fuel":"hydro","mw":24.0,"country":"ZMB","status":"operating"}},{"type":"Feature","id":1198,"geometry":{"type":"Point","coordinates":[30.75,-16.666]},"properties":{"name":"Delta Gold","fuel":"diesel","mw":12.0,"country":"ZWE","status":"operating"}},{"type":"Feature","id":1199,"geometry":{"type":"Point","coordinates":[30.914,-10.119]},"properties":{"name":"Chishimba Hydroelectric Power Station","fuel":"hydro","mw":6.2,"country":"ZMB","status":"operating"}},{"type":"Feature","id":1200,"geometry":{"type":"Point","coordinates":[31.019,-13.346]},"properties":{"name":"Lusiwasi Lower Hydroelectric Power Station","fuel":"hydro","mw":86.0,"country":"ZMB","status":"operating"}},{"type":"Feature","id":1201,"geometry":{"type":"Point","coordinates":[31.02,-13.317]},"properties":{"name":"Lusiwasi Upper Hydroelectric Power Station","fuel":"hydro","mw":15.0,"country":"ZMB","status":"operating"}},{"type":"Feature","id":1202,"geometry":{"type":"Point","coordinates":[31.16,-8.899]},"properties":{"name":"Lunzua Hydroelectric Power Station","fuel":"hydro","mw":14.8,"country":"ZMB","status":"operating"}},{"type":"Feature","id":1203,"geometry":{"type":"Point","coordinates":[31.16,-8.913]},"properties":{"name":"Old Lunzua Hydroelectric Power Station","fuel":"hydro","mw":0.8,"country":"ZMB","status":"operating"}},{"type":"Feature","id":1204,"geometry":{"type":"Point","coordinates":[31.551,-11.154]},"properties":{"name":"Shiwa Ng'andu Hydro Power Station","fuel":"hydro","mw":1.0,"country":"ZMB","status":"operating"}},{"type":"Feature","id":1205,"geometry":{"type":"Point","coordinates":[28.231,-12.8]},"properties":{"name":"Riverside Solar Farm","fuel":"solar","mw":33.0,"country":"ZMB","status":"operating"}},{"type":"Feature","id":1206,"geometry":{"type":"Point","coordinates":[30.725,-16.626]},"properties":{"name":"Guruve Solar","fuel":"solar","mw":2.0,"country":"ZWE","status":"operating"}},{"type":"Feature","id":1207,"geometry":{"type":"Point","coordinates":[24.192,-11.124]},"properties":{"name":"Zengamina Hydro Station","fuel":"hydro","mw":0.7,"country":"ZMB","status":"operating"}},{"type":"Feature","id":1208,"geometry":{"type":"Point","coordinates":[24.849,-12.355]},"properties":{"name":"Kasanjinku","fuel":"hydro","mw":0.6,"country":"ZMB","status":"operating"}},{"type":"Feature","id":1209,"geometry":{"type":"Point","coordinates":[25.298,-12.28]},"properties":{"name":"Sentinel Mine Gensets","fuel":"diesel","mw":0.0,"country":"ZMB","status":"operating"}},{"type":"Feature","id":1210,"geometry":{"type":"Point","coordinates":[25.865,-12.251]},"properties":{"name":"Lumwana Gensets","fuel":"diesel","mw":0.0,"country":"ZMB","status":"operating"}},{"type":"Feature","id":1211,"geometry":{"type":"Point","coordinates":[26.023,-15.77]},"properties":{"name":"Itezhi-Tezhi Hydroelectric Station","fuel":"hydro","mw":120.0,"country":"ZMB","status":"operating"}},{"type":"Feature","id":1212,"geometry":{"type":"Point","coordinates":[19.147,-15.141]},"properties":{"name":"Central de Cuito Cuanavale","fuel":"diesel","mw":8.5,"country":"AGO","status":"operating"}},{"type":"Feature","id":1213,"geometry":{"type":"Point","coordinates":[20.354,-9.486]},"properties":{"name":"Central Hidroelétrica Chicapa I","fuel":"hydro","mw":16.0,"country":"AGO","status":"operating"}},{"type":"Feature","id":1214,"geometry":{"type":"Point","coordinates":[20.401,-9.642]},"properties":{"name":"Saurimo","fuel":"diesel","mw":35.0,"country":"AGO","status":"operating"}},{"type":"Feature","id":1215,"geometry":{"type":"Point","coordinates":[20.806,-7.382]},"properties":{"name":"Dundo Nova","fuel":"diesel","mw":30.0,"country":"AGO","status":"operating"}},{"type":"Feature","id":1216,"geometry":{"type":"Point","coordinates":[19.946,-11.761]},"properties":{"name":"Luena (Hynday) Power Plant","fuel":"gas","mw":7.5,"country":"AGO","status":"operating"}},{"type":"Feature","id":1217,"geometry":{"type":"Point","coordinates":[20.205,-11.024]},"properties":{"name":"Chiumbe Dala Hydroelectric Powerstation","fuel":"hydro","mw":26.0,"country":"AGO","status":"operating"}},{"type":"Feature","id":1218,"geometry":{"type":"Point","coordinates":[20.843,-7.364]},"properties":{"name":"Central Hidroelétrica do Luachimo","fuel":"hydro","mw":34.0,"country":"AGO","status":"operating"}},{"type":"Feature","id":1219,"geometry":{"type":"Point","coordinates":[20.307,-9.393]},"properties":{"name":"Catoca Mine Gensets","fuel":"diesel","mw":22.0,"country":"AGO","status":"operating"}},{"type":"Feature","id":1220,"geometry":{"type":"Point","coordinates":[20.686,-8.483]},"properties":{"name":"Lucapa","fuel":"solar","mw":7.7,"country":"AGO","status":"operating"}},{"type":"Feature","id":1221,"geometry":{"type":"Point","coordinates":[20.448,-9.673]},"properties":{"name":"Saurimo","fuel":"solar","mw":26.9,"country":"AGO","status":"operating"}},{"type":"Feature","id":1222,"geometry":{"type":"Point","coordinates":[19.949,-11.755]},"properties":{"name":"Luena","fuel":"solar","mw":27.0,"country":"AGO","status":"operating"}},{"type":"Feature","id":1223,"geometry":{"type":"Point","coordinates":[20.423,-9.615]},"properties":{"name":"Saurimo Diamond Hub Hybrid Power Station","fuel":"solar","mw":0.0,"country":"AGO","status":"operating"}},{"type":"Feature","id":1224,"geometry":{"type":"Point","coordinates":[16.899,-12.445]},"properties":{"name":"Kaluapanda","fuel":"diesel","mw":10.0,"country":"AGO","status":"operating"}},{"type":"Feature","id":1225,"geometry":{"type":"Point","coordinates":[16.899,-12.444]},"properties":{"name":"Bie","fuel":"diesel","mw":0.0,"country":"AGO","status":"operating"}},{"type":"Feature","id":1226,"geometry":{"type":"Point","coordinates":[29.243,-2.276]},"properties":{"name":"Nyirabuhombohombo Hydro Power Plant","fuel":"hydro","mw":0.5,"country":"","status":"operating"}},{"type":"Feature","id":1227,"geometry":{"type":"Point","coordinates":[29.293,-1.807]},"properties":{"name":"Gashashi Hydro Power Plant","fuel":"hydro","mw":0.2,"country":"","status":"operating"}},{"type":"Feature","id":1228,"geometry":{"type":"Point","coordinates":[29.298,-1.828]},"properties":{"name":"Cyimbili Hydro Power Plant","fuel":"hydro","mw":0.3,"country":"","status":"operating"}},{"type":"Feature","id":1229,"geometry":{"type":"Point","coordinates":[29.299,-1.85]},"properties":{"name":"Nkora Hydro Power Plant","fuel":"hydro","mw":0.7,"country":"","status":"operating"}},{"type":"Feature","id":1230,"geometry":{"type":"Point","coordinates":[29.313,-1.705]},"properties":{"name":"Keya Hydro Power Plant","fuel":"hydro","mw":2.2,"country":"","status":"operating"}},{"type":"Feature","id":1231,"geometry":{"type":"Point","coordinates":[29.334,-3.745]},"properties":{"name":"Centrale Hydroélectrique de Ruzibazi","fuel":"hydro","mw":15.0,"country":"","status":"operating"}},{"type":"Feature","id":1232,"geometry":{"type":"Point","coordinates":[30.745,-2.098]},"properties":{"name":"Nasho Power","fuel":"solar","mw":3.3,"country":"","status":"operating"}},{"type":"Feature","id":1233,"geometry":{"type":"Point","coordinates":[26.068,-25.574]},"properties":{"name":"Zeerust Solar Park","fuel":"solar","mw":75.0,"country":"ZAF","status":"operating"}},{"type":"Feature","id":1234,"geometry":{"type":"Point","coordinates":[26.101,-26.056]},"properties":{"name":"Selema 2","fuel":"solar","mw":100.0,"country":"ZAF","status":"operating"}},{"type":"Feature","id":1235,"geometry":{"type":"Point","coordinates":[27.975,-26.741]},"properties":{"name":"Lethabo Power Station","fuel":"coal","mw":3708.0,"country":"ZAF","status":"operating"}},{"type":"Feature","id":1236,"geometry":{"type":"Point","coordinates":[26.129,-26.03]},"properties":{"name":"Selema 1","fuel":"solar","mw":130.0,"country":"ZAF","status":"operating"}},{"type":"Feature","id":1237,"geometry":{"type":"Point","coordinates":[26.708,-27.926]},"properties":{"name":"Harmony Eland","fuel":"solar","mw":10.0,"country":"ZAF","status":"operating"}},{"type":"Feature","id":1238,"geometry":{"type":"Point","coordinates":[26.133,-26.043]},"properties":{"name":"Selema 3","fuel":"solar","mw":100.0,"country":"ZAF","status":"operating"}},{"type":"Feature","id":1239,"geometry":{"type":"Point","coordinates":[27.569,-25.575]},"properties":{"name":"Rhovan","fuel":"solar","mw":0.0,"country":"ZAF","status":"operating"}},{"type":"Feature","id":1240,"geometry":{"type":"Point","coordinates":[27.202,-27.668]},"properties":{"name":"Kroonstad Municipal Power Station (Defunct)","fuel":"coal","mw":0.0,"country":"ZAF","status":"operating"}},{"type":"Feature","id":1241,"geometry":{"type":"Point","coordinates":[26.808,-26.902]},"properties":{"name":"Nicolor Solar Farm","fuel":"solar","mw":5.0,"country":"ZAF","status":"operating"}},{"type":"Feature","id":1242,"geometry":{"type":"Point","coordinates":[26.704,-27.868]},"properties":{"name":"Harmony Tshepong","fuel":"solar","mw":10.0,"country":"ZAF","status":"operating"}},{"type":"Feature","id":1243,"geometry":{"type":"Point","coordinates":[27.808,-26.667]},"properties":{"name":"","fuel":"waste","mw":0.0,"country":"ZAF","status":"operating"}},{"type":"Feature","id":1244,"geometry":{"type":"Point","coordinates":[27.017,-27.99]},"properties":{"name":"Henneman Mill Solar Farm","fuel":"solar","mw":0.5,"country":"ZAF","status":"operating"}},{"type":"Feature","id":1245,"geometry":{"type":"Point","coordinates":[27.042,-26.794]},"properties":{"name":"","fuel":"solar","mw":0.0,"country":"ZAF","status":"operating"}},{"type":"Feature","id":1246,"geometry":{"type":"Point","coordinates":[27.852,-26.822]},"properties":{"name":"AECI Mining Chemicals","fuel":"solar","mw":0.0,"country":"ZAF","status":"operating"}},{"type":"Feature","id":1247,"geometry":{"type":"Point","coordinates":[26.308,-28.024]},"properties":{"name":"","fuel":"solar","mw":0.0,"country":"ZAF","status":"operating"}},{"type":"Feature","id":1248,"geometry":{"type":"Point","coordinates":[27.725,-26.03]},"properties":{"name":"","fuel":"solar","mw":0.0,"country":"ZAF","status":"operating"}},{"type":"Feature","id":1249,"geometry":{"type":"Point","coordinates":[26.237,-27.229]},"properties":{"name":"North West School for the Deaf","fuel":"solar","mw":0.0,"country":"ZAF","status":"operating"}},{"type":"Feature","id":1250,"geometry":{"type":"Point","coordinates":[27.376,-27.01]},"properties":{"name":"Koepel Abattoir Solar Farm","fuel":"solar","mw":0.2,"country":"ZAF","status":"operating"}},{"type":"Feature","id":1251,"geometry":{"type":"Point","coordinates":[27.848,-26.822]},"properties":{"name":"Sasol Infrachem Coal Power Station","fuel":"coal","mw":140.0,"country":"ZAF","status":"operating"}},{"type":"Feature","id":1252,"geometry":{"type":"Point","coordinates":[27.513,-27.26]},"properties":{"name":"","fuel":"solar","mw":0.0,"country":"ZAF","status":"operating"}},{"type":"Feature","id":1253,"geometry":{"type":"Point","coordinates":[28.146,-27.652]},"properties":{"name":"Damplaas Kragbron","fuel":"solar","mw":0.3,"country":"ZAF","status":"operating"}},{"type":"Feature","id":1254,"geometry":{"type":"Point","coordinates":[27.49,-25.76]},"properties":{"name":"","fuel":"solar","mw":0.0,"country":"ZAF","status":"operating"}},{"type":"Feature","id":1255,"geometry":{"type":"Point","coordinates":[27.485,-25.759]},"properties":{"name":"","fuel":"solar","mw":0.0,"country":"ZAF","status":"operating"}},{"type":"Feature","id":1256,"geometry":{"type":"Point","coordinates":[27.157,-25.362]},"properties":{"name":"The Kingdom","fuel":"solar","mw":0.1,"country":"ZAF","status":"operating"}},{"type":"Feature","id":1257,"geometry":{"type":"Point","coordinates":[26.128,-28.018]},"properties":{"name":"","fuel":"solar","mw":0.0,"country":"ZAF","status":"operating"}},{"type":"Feature","id":1258,"geometry":{"type":"Point","coordinates":[27.925,-26.144]},"properties":{"name":"","fuel":"solar","mw":0.0,"country":"ZAF","status":"operating"}},{"type":"Feature","id":1259,"geometry":{"type":"Point","coordinates":[27.512,-27.265]},"properties":{"name":"","fuel":"solar","mw":0.0,"country":"ZAF","status":"operating"}},{"type":"Feature","id":1260,"geometry":{"type":"Point","coordinates":[27.866,-26.803]},"properties":{"name":"Safripol Solar Farm","fuel":"solar","mw":10.0,"country":"ZAF","status":"operating"}},{"type":"Feature","id":1261,"geometry":{"type":"Point","coordinates":[26.164,-27.939]},"properties":{"name":"","fuel":"solar","mw":0.0,"country":"ZAF","status":"operating"}},{"type":"Feature","id":1262,"geometry":{"type":"Point","coordinates":[27.848,-26.819]},"properties":{"name":"Sasol Infrachem Gas Power Station","fuel":"gas","mw":175.0,"country":"ZAF","status":"operating"}},{"type":"Feature","id":1263,"geometry":{"type":"Point","coordinates":[26.524,-28.133]},"properties":{"name":"","fuel":"solar","mw":0.0,"country":"ZAF","status":"operating"}},{"type":"Feature","id":1264,"geometry":{"type":"Point","coordinates":[28.027,-26.207]},"properties":{"name":"John Ware Gas Turbine Power Station","fuel":"diesel","mw":50.0,"country":"ZAF","status":"operating"}},{"type":"Feature","id":1265,"geometry":{"type":"Point","coordinates":[27.864,-25.701]},"properties":{"name":"Die Oord PV3 Solar Farm","fuel":"solar","mw":0.0,"country":"ZAF","status":"operating"}},{"type":"Feature","id":1266,"geometry":{"type":"Point","coordinates":[26.229,-27.024]},"properties":{"name":"Bona Bona","fuel":"solar","mw":0.0,"country":"ZAF","status":"operating"}},{"type":"Feature","id":1267,"geometry":{"type":"Point","coordinates":[26.176,-26.143]},"properties":{"name":"OptiChicks Hatchery","fuel":"solar","mw":0.3,"country":"ZAF","status":"operating"}},{"type":"Feature","id":1268,"geometry":{"type":"Point","coordinates":[26.478,-28.255]},"properties":{"name":"","fuel":"solar","mw":0.0,"country":"ZAF","status":"operating"}},{"type":"Feature","id":1269,"geometry":{"type":"Point","coordinates":[27.972,-26.738]},"properties":{"name":"Lethabo Power Station Solar Farm","fuel":"solar","mw":0.7,"country":"ZAF","status":"operating"}},{"type":"Feature","id":1270,"geometry":{"type":"Point","coordinates":[27.805,-28.1]},"properties":{"name":"","fuel":"solar","mw":0.0,"country":"ZAF","status":"operating"}},{"type":"Feature","id":1271,"geometry":{"type":"Point","coordinates":[26.909,-25.692]},"properties":{"name":"Millvale Golf Estate","fuel":"solar","mw":0.0,"country":"ZAF","status":"operating"}},{"type":"Feature","id":1272,"geometry":{"type":"Point","coordinates":[27.806,-26.67]},"properties":{"name":"Vanderbijlpark Works","fuel":"gas","mw":0.0,"country":"ZAF","status":"operating"}},{"type":"Feature","id":1273,"geometry":{"type":"Point","coordinates":[27.875,-26.83]},"properties":{"name":"Sasol Coalplex","fuel":"solar","mw":0.0,"country":"ZAF","status":"operating"}},{"type":"Feature","id":1274,"geometry":{"type":"Point","coordinates":[27.274,-27.665]},"properties":{"name":"","fuel":"solar","mw":0.0,"country":"ZAF","status":"operating"}},{"type":"Feature","id":1275,"geometry":{"type":"Point","coordinates":[26.683,-27.922]},"properties":{"name":"Harmony Nyala","fuel":"solar","mw":10.0,"country":"ZAF","status":"operating"}},{"type":"Feature","id":1276,"geometry":{"type":"Point","coordinates":[27.848,-26.821]},"properties":{"name":"Sasol One Power Complex","fuel":"unknown","mw":0.0,"country":"ZAF","status":"operating"}},{"type":"Feature","id":1277,"geometry":{"type":"Point","coordinates":[27.867,-26.81]},"properties":{"name":"Omnia Solar Farm","fuel":"solar","mw":10.0,"country":"ZAF","status":"operating"}},{"type":"Feature","id":1278,"geometry":{"type":"Point","coordinates":[27.419,-25.739]},"properties":{"name":"RustMo1 Solar Farm","fuel":"solar","mw":7.0,"country":"ZAF","status":"operating"}},{"type":"Feature","id":1279,"geometry":{"type":"Point","coordinates":[26.402,-27.167]},"properties":{"name":"Bokamoso Solar PV","fuel":"solar","mw":67.9,"country":"ZAF","status":"operating"}},{"type":"Feature","id":1280,"geometry":{"type":"Point","coordinates":[27.358,-25.681]},"properties":{"name":"Anglo American Platinum Distribution Centre","fuel":"solar","mw":0.3,"country":"ZAF","status":"operating"}},{"type":"Feature","id":1281,"geometry":{"type":"Point","coordinates":[28.061,-26.508]},"properties":{"name":"Glen Douglas Solar Plant","fuel":"solar","mw":4.0,"country":"ZAF","status":"operating"}},{"type":"Feature","id":1282,"geometry":{"type":"Point","coordinates":[23.878,-30.737]},"properties":{"name":"Longyuan Mulilo De Aar Maanhaarberg Wind Energy Facility","fuel":"wind","mw":100.5,"country":"ZAF","status":"operating"}},{"type":"Feature","id":1283,"geometry":{"type":"Point","coordinates":[24.035,-30.617]},"properties":{"name":"De Aar Solar Power","fuel":"solar","mw":48.0,"country":"ZAF","status":"operating"}},{"type":"Feature","id":1284,"geometry":{"type":"Point","coordinates":[24.005,-30.628]},"properties":{"name":"Mulilo Renewable Energy Solar PV De Aar","fuel":"solar","mw":10.0,"country":"ZAF","status":"operating"}},{"type":"Feature","id":1285,"geometry":{"type":"Point","coordinates":[25.504,-30.626]},"properties":{"name":"Gariep Hydroelectric Power Station","fuel":"hydro","mw":360.0,"country":"ZAF","status":"operating"}},{"type":"Feature","id":1286,"geometry":{"type":"Point","coordinates":[24.101,-30.596]},"properties":{"name":"Phelan Energy Group: DE AAR – Project 1","fuel":"solar","mw":90.0,"country":"ZAF","status":"operating"}},{"type":"Feature","id":1287,"geometry":{"type":"Point","coordinates":[25.441,-30.599]},"properties":{"name":"","fuel":"solar","mw":0.0,"country":"ZAF","status":"operating"}},{"type":"Feature","id":1288,"geometry":{"type":"Point","coordinates":[24.08,-30.579]},"properties":{"name":"De Aar 3 Solar Power","fuel":"solar","mw":90.0,"country":"ZAF","status":"operating"}},{"type":"Feature","id":1289,"geometry":{"type":"Point","coordinates":[25.423,-30.575]},"properties":{"name":"","fuel":"solar","mw":0.0,"country":"ZAF","status":"operating"}},{"type":"Feature","id":1290,"geometry":{"type":"Point","coordinates":[25.293,-30.569]},"properties":{"name":"","fuel":"solar","mw":0.0,"country":"ZAF","status":"operating"}},{"type":"Feature","id":1291,"geometry":{"type":"Point","coordinates":[24.321,-30.533]},"properties":{"name":"Longyuan Mulilo De Aar 2 North Wind Farm","fuel":"wind","mw":144.0,"country":"ZAF","status":"operating"}},{"type":"Feature","id":1292,"geometry":{"type":"Point","coordinates":[24.137,-30.159]},"properties":{"name":"Kalkbult","fuel":"solar","mw":75.0,"country":"ZAF","status":"operating"}},{"type":"Feature","id":1293,"geometry":{"type":"Point","coordinates":[24.73,-29.994]},"properties":{"name":"Vanderkloof Hydroelectric Power Station","fuel":"hydro","mw":240.0,"country":"ZAF","status":"operating"}},{"type":"Feature","id":1294,"geometry":{"type":"Point","coordinates":[24.653,-29.912]},"properties":{"name":"","fuel":"solar","mw":0.0,"country":"ZAF","status":"operating"}},{"type":"Feature","id":1295,"geometry":{"type":"Point","coordinates":[24.621,-29.893]},"properties":{"name":"","fuel":"solar","mw":0.0,"country":"ZAF","status":"operating"}},{"type":"Feature","id":1296,"geometry":{"type":"Point","coordinates":[24.701,-29.885]},"properties":{"name":"","fuel":"solar","mw":0.0,"country":"ZAF","status":"operating"}},{"type":"Feature","id":1297,"geometry":{"type":"Point","coordinates":[24.707,-29.878]},"properties":{"name":"","fuel":"solar","mw":0.0,"country":"ZAF","status":"operating"}},{"type":"Feature","id":1298,"geometry":{"type":"Point","coordinates":[24.528,-29.859]},"properties":{"name":"","fuel":"solar","mw":0.0,"country":"ZAF","status":"operating"}},{"type":"Feature","id":1299,"geometry":{"type":"Point","coordinates":[24.568,-29.858]},"properties":{"name":"","fuel":"solar","mw":0.0,"country":"ZAF","status":"operating"}},{"type":"Feature","id":1300,"geometry":{"type":"Point","coordinates":[24.551,-29.857]},"properties":{"name":"","fuel":"solar","mw":0.0,"country":"ZAF","status":"operating"}},{"type":"Feature","id":1301,"geometry":{"type":"Point","coordinates":[25.324,-30.569]},"properties":{"name":"","fuel":"solar","mw":0.0,"country":"ZAF","status":"operating"}},{"type":"Feature","id":1302,"geometry":{"type":"Point","coordinates":[24.662,-29.944]},"properties":{"name":"","fuel":"solar","mw":0.0,"country":"ZAF","status":"operating"}},{"type":"Feature","id":1303,"geometry":{"type":"Point","coordinates":[24.666,-29.913]},"properties":{"name":"","fuel":"solar","mw":0.0,"country":"ZAF","status":"operating"}},{"type":"Feature","id":1304,"geometry":{"type":"Point","coordinates":[25.05,-28.073]},"properties":{"name":"","fuel":"solar","mw":0.0,"country":"ZAF","status":"operating"}},{"type":"Feature","id":1305,"geometry":{"type":"Point","coordinates":[25.064,-28.127]},"properties":{"name":"","fuel":"solar","mw":0.0,"country":"ZAF","status":"operating"}},{"type":"Feature","id":1306,"geometry":{"type":"Point","coordinates":[25.08,-28.071]},"properties":{"name":"","fuel":"solar","mw":0.0,"country":"ZAF","status":"operating"}},{"type":"Feature","id":1307,"geometry":{"type":"Point","coordinates":[25.088,-28.043]},"properties":{"name":"","fuel":"solar","mw":0.0,"country":"ZAF","status":"operating"}},{"type":"Feature","id":1308,"geometry":{"type":"Point","coordinates":[25.091,-28.046]},"properties":{"name":"","fuel":"solar","mw":0.0,"country":"ZAF","status":"operating"}},{"type":"Feature","id":1309,"geometry":{"type":"Point","coordinates":[25.108,-28.019]},"properties":{"name":"","fuel":"solar","mw":0.0,"country":"ZAF","status":"operating"}},{"type":"Feature","id":1310,"geometry":{"type":"Point","coordinates":[25.112,-27.973]},"properties":{"name":"","fuel":"solar","mw":0.0,"country":"ZAF","status":"operating"}},{"type":"Feature","id":1311,"geometry":{"type":"Point","coordinates":[25.113,-27.971]},"properties":{"name":"","fuel":"solar","mw":0.0,"country":"ZAF","status":"operating"}},{"type":"Feature","id":1312,"geometry":{"type":"Point","coordinates":[25.122,-27.975]},"properties":{"name":"","fuel":"solar","mw":0.0,"country":"ZAF","status":"operating"}},{"type":"Feature","id":1313,"geometry":{"type":"Point","coordinates":[25.128,-27.927]},"properties":{"name":"","fuel":"solar","mw":0.0,"country":"ZAF","status":"operating"}},{"type":"Feature","id":1314,"geometry":{"type":"Point","coordinates":[25.166,-27.934]},"properties":{"name":"","fuel":"solar","mw":0.0,"country":"ZAF","status":"operating"}},{"type":"Feature","id":1315,"geometry":{"type":"Point","coordinates":[25.194,-28.466]},"properties":{"name":"Boshoff Solar Park","fuel":"solar","mw":66.0,"country":"ZAF","status":"operating"}},{"type":"Feature","id":1316,"geometry":{"type":"Point","coordinates":[25.247,-28.048]},"properties":{"name":"","fuel":"solar","mw":0.0,"country":"ZAF","status":"operating"}},{"type":"Feature","id":1317,"geometry":{"type":"Point","coordinates":[25.259,-27.852]},"properties":{"name":"","fuel":"solar","mw":0.0,"country":"ZAF","status":"operating"}},{"type":"Feature","id":1318,"geometry":{"type":"Point","coordinates":[25.271,-27.801]},"properties":{"name":"","fuel":"solar","mw":0.0,"country":"ZAF","status":"operating"}},{"type":"Feature","id":1319,"geometry":{"type":"Point","coordinates":[25.334,-27.795]},"properties":{"name":"","fuel":"solar","mw":0.0,"country":"ZAF","status":"operating"}},{"type":"Feature","id":1320,"geometry":{"type":"Point","coordinates":[25.605,-27.664]},"properties":{"name":"","fuel":"solar","mw":0.0,"country":"ZAF","status":"operating"}},{"type":"Feature","id":1321,"geometry":{"type":"Point","coordinates":[25.335,-27.891]},"properties":{"name":"","fuel":"solar","mw":0.0,"country":"ZAF","status":"operating"}},{"type":"Feature","id":1322,"geometry":{"type":"Point","coordinates":[25.562,-27.711]},"properties":{"name":"","fuel":"solar","mw":0.0,"country":"ZAF","status":"operating"}},{"type":"Feature","id":1323,"geometry":{"type":"Point","coordinates":[25.626,-27.718]},"properties":{"name":"","fuel":"solar","mw":0.0,"country":"ZAF","status":"operating"}},{"type":"Feature","id":1324,"geometry":{"type":"Point","coordinates":[25.114,-28.969]},"properties":{"name":"","fuel":"solar","mw":0.0,"country":"ZAF","status":"operating"}},{"type":"Feature","id":1325,"geometry":{"type":"Point","coordinates":[25.144,-28.96]},"properties":{"name":"","fuel":"solar","mw":0.0,"country":"ZAF","status":"operating"}},{"type":"Feature","id":1326,"geometry":{"type":"Point","coordinates":[25.315,-28.899]},"properties":{"name":"","fuel":"solar","mw":0.0,"country":"ZAF","status":"operating"}},{"type":"Feature","id":1327,"geometry":{"type":"Point","coordinates":[25.332,-28.898]},"properties":{"name":"","fuel":"solar","mw":0.0,"country":"ZAF","status":"operating"}},{"type":"Feature","id":1328,"geometry":{"type":"Point","coordinates":[25.345,-28.901]},"properties":{"name":"","fuel":"solar","mw":0.0,"country":"ZAF","status":"operating"}},{"type":"Feature","id":1329,"geometry":{"type":"Point","coordinates":[25.198,-27.893]},"properties":{"name":"","fuel":"solar","mw":0.0,"country":"ZAF","status":"operating"}},{"type":"Feature","id":1330,"geometry":{"type":"Point","coordinates":[25.301,-28.117]},"properties":{"name":"","fuel":"solar","mw":0.0,"country":"ZAF","status":"operating"}},{"type":"Feature","id":1331,"geometry":{"type":"Point","coordinates":[28.697,-24.502]},"properties":{"name":"Spif Chicken Solar Farm","fuel":"solar","mw":0.5,"country":"ZAF","status":"operating"}},{"type":"Feature","id":1332,"geometry":{"type":"Point","coordinates":[29.007,-24.169]},"properties":{"name":"","fuel":"solar","mw":0.0,"country":"ZAF","status":"operating"}},{"type":"Feature","id":1333,"geometry":{"type":"Point","coordinates":[29.275,-24.047]},"properties":{"name":"Ranch Hotel 2","fuel":"solar","mw":0.0,"country":"ZAF","status":"operating"}},{"type":"Feature","id":1334,"geometry":{"type":"Point","coordinates":[29.367,-24.042]},"properties":{"name":"Witkop Solar Park","fuel":"solar","mw":33.0,"country":"ZAF","status":"operating"}},{"type":"Feature","id":1335,"geometry":{"type":"Point","coordinates":[29.277,-24.044]},"properties":{"name":"Ranch Hotel 1","fuel":"solar","mw":0.0,"country":"ZAF","status":"operating"}},{"type":"Feature","id":1336,"geometry":{"type":"Point","coordinates":[28.924,-23.968]},"properties":{"name":"Mogalakwena Hydrogen Electrolyzer","fuel":"solar","mw":3.5,"country":"ZAF","status":"operating"}},{"type":"Feature","id":1337,"geometry":{"type":"Point","coordinates":[29.419,-23.751]},"properties":{"name":"Palmietfontein","fuel":"solar","mw":0.0,"country":"ZAF","status":"operating"}},{"type":"Feature","id":1338,"geometry":{"type":"Point","coordinates":[29.597,-23.725]},"properties":{"name":"ZZ2 Rietpol Packhouse","fuel":"solar","mw":0.8,"country":"ZAF","status":"operating"}},{"type":"Feature","id":1339,"geometry":{"type":"Point","coordinates":[29.503,-23.129]},"properties":{"name":"","fuel":"solar","mw":0.0,"country":"ZAF","status":"operating"}},{"type":"Feature","id":1340,"geometry":{"type":"Point","coordinates":[29.251,-22.992]},"properties":{"name":"Soutpan Solar Park","fuel":"solar","mw":28.0,"country":"ZAF","status":"operating"}},{"type":"Feature","id":1341,"geometry":{"type":"Point","coordinates":[28.044,-22.989]},"properties":{"name":"","fuel":"solar","mw":0.0,"country":"ZAF","status":"operating"}},{"type":"Feature","id":1342,"geometry":{"type":"Point","coordinates":[29.232,-22.979]},"properties":{"name":"","fuel":"solar","mw":0.0,"country":"ZAF","status":"operating"}},{"type":"Feature","id":1343,"geometry":{"type":"Point","coordinates":[28.704,-22.86]},"properties":{"name":"Becker Boerdery","fuel":"solar","mw":0.2,"country":"ZAF","status":"operating"}},{"type":"Feature","id":1344,"geometry":{"type":"Point","coordinates":[28.051,-22.84]},"properties":{"name":"","fuel":"solar","mw":0.0,"country":"ZAF","status":"operating"}},{"type":"Feature","id":1345,"geometry":{"type":"Point","coordinates":[28.15,-22.781]},"properties":{"name":"","fuel":"solar","mw":0.0,"country":"ZAF","status":"operating"}},{"type":"Feature","id":1346,"geometry":{"type":"Point","coordinates":[28.17,-22.747]},"properties":{"name":"","fuel":"solar","mw":0.0,"country":"BWA","status":"operating"}},{"type":"Feature","id":1347,"geometry":{"type":"Point","coordinates":[28.16,-22.735]},"properties":{"name":"","fuel":"solar","mw":0.0,"country":"BWA","status":"operating"}},{"type":"Feature","id":1348,"geometry":{"type":"Point","coordinates":[28.697,-22.525]},"properties":{"name":"","fuel":"solar","mw":0.0,"country":"ZAF","status":"operating"}},{"type":"Feature","id":1349,"geometry":{"type":"Point","coordinates":[29.037,-22.207]},"properties":{"name":"","fuel":"solar","mw":0.0,"country":"BWA","status":"operating"}},{"type":"Feature","id":1350,"geometry":{"type":"Point","coordinates":[29.644,-22.113]},"properties":{"name":"Nottingham Estate","fuel":"solar","mw":1.5,"country":"ZAF","status":"operating"}},{"type":"Feature","id":1351,"geometry":{"type":"Point","coordinates":[28.976,-21.734]},"properties":{"name":"Mashaba Solar Mini-Grid","fuel":"solar","mw":0.1,"country":"ZWE","status":"operating"}},{"type":"Feature","id":1352,"geometry":{"type":"Point","coordinates":[28.913,-20.855]},"properties":{"name":"Blanket Mine Solar Farm","fuel":"solar","mw":12.0,"country":"ZWE","status":"operating"}},{"type":"Feature","id":1353,"geometry":{"type":"Point","coordinates":[28.96,-24.081]},"properties":{"name":"Ivanplats Backup Generator Sets","fuel":"diesel","mw":20.0,"country":"ZAF","status":"operating"}},{"type":"Feature","id":1354,"geometry":{"type":"Point","coordinates":[28.968,-24.082]},"properties":{"name":"Ivanplats","fuel":"solar","mw":5.0,"country":"ZAF","status":"operating"}},{"type":"Feature","id":1355,"geometry":{"type":"Point","coordinates":[29.664,-22.136]},"properties":{"name":"Blossom Hill","fuel":"solar","mw":0.0,"country":"ZAF","status":"operating"}},{"type":"Feature","id":1356,"geometry":{"type":"Point","coordinates":[29.79,-21.978]},"properties":{"name":"Beitbridge Juicing Company","fuel":"solar","mw":0.5,"country":"ZWE","status":"operating"}},{"type":"Feature","id":1357,"geometry":{"type":"Point","coordinates":[29.103,-21.007]},"properties":{"name":"Sunset Tech Solar Farm","fuel":"solar","mw":1.3,"country":"ZWE","status":"operating"}},{"type":"Feature","id":1358,"geometry":{"type":"Point","coordinates":[28.475,-22.035]},"properties":{"name":"Bobonong","fuel":"solar","mw":3.0,"country":"BWA","status":"operating"}},{"type":"Feature","id":1359,"geometry":{"type":"Point","coordinates":[28.192,-23.678]},"properties":{"name":"Waterberg Boerdery","fuel":"solar","mw":2.0,"country":"ZAF","status":"operating"}},{"type":"Feature","id":1360,"geometry":{"type":"Point","coordinates":[29.468,-23.761]},"properties":{"name":"","fuel":"solar","mw":0.0,"country":"ZAF","status":"operating"}},{"type":"Feature","id":1361,"geometry":{"type":"Point","coordinates":[29.687,-22.821]},"properties":{"name":"","fuel":"solar","mw":0.0,"country":"ZAF","status":"operating"}},{"type":"Feature","id":1362,"geometry":{"type":"Point","coordinates":[29.641,-22.85]},"properties":{"name":"","fuel":"solar","mw":0.0,"country":"ZAF","status":"operating"}},{"type":"Feature","id":1363,"geometry":{"type":"Point","coordinates":[29.037,-22.236]},"properties":{"name":"","fuel":"solar","mw":0.0,"country":"BWA","status":"operating"}},{"type":"Feature","id":1364,"geometry":{"type":"Point","coordinates":[29.171,-22.208]},"properties":{"name":"","fuel":"solar","mw":0.0,"country":"BWA","status":"operating"}},{"type":"Feature","id":1365,"geometry":{"type":"Point","coordinates":[28.771,-22.796]},"properties":{"name":"AA Roux Boerdery","fuel":"solar","mw":0.4,"country":"ZAF","status":"operating"}},{"type":"Feature","id":1366,"geometry":{"type":"Point","coordinates":[29.609,-22.785]},"properties":{"name":"WM Foods","fuel":"solar","mw":0.0,"country":"ZAF","status":"operating"}},{"type":"Feature","id":1367,"geometry":{"type":"Point","coordinates":[29.514,-23.882]},"properties":{"name":"","fuel":"solar","mw":0.0,"country":"ZAF","status":"operating"}},{"type":"Feature","id":1368,"geometry":{"type":"Point","coordinates":[28.364,-23.937]},"properties":{"name":"","fuel":"solar","mw":0.0,"country":"ZAF","status":"operating"}},{"type":"Feature","id":1369,"geometry":{"type":"Point","coordinates":[28.139,-22.791]},"properties":{"name":"","fuel":"solar","mw":0.0,"country":"ZAF","status":"operating"}},{"type":"Feature","id":1370,"geometry":{"type":"Point","coordinates":[29.236,-24.157]},"properties":{"name":"Sentech Potgieterus Tower","fuel":"solar","mw":0.0,"country":"ZAF","status":"operating"}},{"type":"Feature","id":1371,"geometry":{"type":"Point","coordinates":[25.777,-32.57]},"properties":{"name":"Vanderlindenskraal","fuel":"hydro","mw":0.8,"country":"ZAF","status":"operating"}},{"type":"Feature","id":1372,"geometry":{"type":"Point","coordinates":[25.787,-32.854]},"properties":{"name":"","fuel":"solar","mw":0.0,"country":"ZAF","status":"operating"}},{"type":"Feature","id":1373,"geometry":{"type":"Point","coordinates":[25.808,-32.784]},"properties":{"name":"Cookhouse Piggery","fuel":"solar","mw":0.0,"country":"ZAF","status":"operating"}},{"type":"Feature","id":1374,"geometry":{"type":"Point","coordinates":[25.81,-32.891]},"properties":{"name":"","fuel":"solar","mw":0.0,"country":"ZAF","status":"operating"}},{"type":"Feature","id":1375,"geometry":{"type":"Point","coordinates":[25.827,-32.962]},"properties":{"name":"","fuel":"solar","mw":0.0,"country":"ZAF","status":"operating"}},{"type":"Feature","id":1376,"geometry":{"type":"Point","coordinates":[25.84,-32.97]},"properties":{"name":"","fuel":"solar","mw":0.0,"country":"ZAF","status":"operating"}},{"type":"Feature","id":1377,"geometry":{"type":"Point","coordinates":[25.921,-32.913]},"properties":{"name":"Golden Valley Wind","fuel":"wind","mw":117.7,"country":"ZAF","status":"operating"}},{"type":"Feature","id":1378,"geometry":{"type":"Point","coordinates":[25.911,-32.719]},"properties":{"name":"Cookhouse Wind Farm","fuel":"wind","mw":135.8,"country":"ZAF","status":"operating"}},{"type":"Feature","id":1379,"geometry":{"type":"Point","coordinates":[25.931,-32.782]},"properties":{"name":"Nojoli Wind Farm","fuel":"wind","mw":86.6,"country":"ZAF","status":"operating"}},{"type":"Feature","id":1380,"geometry":{"type":"Point","coordinates":[25.964,-32.733]},"properties":{"name":"Nxuba Wind Farm","fuel":"wind","mw":138.9,"country":"ZAF","status":"operating"}},{"type":"Feature","id":1381,"geometry":{"type":"Point","coordinates":[26.008,-32.875]},"properties":{"name":"Amakhala Emoyeni Wind Farm","fuel":"wind","mw":131.1,"country":"ZAF","status":"operating"}},{"type":"Feature","id":1382,"geometry":{"type":"Point","coordinates":[26.431,-31.484]},"properties":{"name":"Dorper Wind Farm","fuel":"wind","mw":97.5,"country":"ZAF","status":"operating"}},{"type":"Feature","id":1383,"geometry":{"type":"Point","coordinates":[26.462,-33.329]},"properties":{"name":"Waainek Wind Farm","fuel":"wind","mw":23.3,"country":"ZAF","status":"operating"}},{"type":"Feature","id":1384,"geometry":{"type":"Point","coordinates":[26.829,-31.957]},"properties":{"name":"Peninsula Piggery","fuel":"solar","mw":0.0,"country":"ZAF","status":"operating"}},{"type":"Feature","id":1385,"geometry":{"type":"Point","coordinates":[27.372,-33.292]},"properties":{"name":"Wesley-Ciskei Wind Project","fuel":"wind","mw":32.7,"country":"","status":"operating"}},{"type":"Feature","id":1386,"geometry":{"type":"Point","coordinates":[27.718,-31.779]},"properties":{"name":"Ncora Hydro Power Stations","fuel":"hydro","mw":2.1,"country":"ZAF","status":"operating"}},{"type":"Feature","id":1387,"geometry":{"type":"Point","coordinates":[27.832,-33.032]},"properties":{"name":"East London Airport","fuel":"solar","mw":0.5,"country":"","status":"operating"}},{"type":"Feature","id":1388,"geometry":{"type":"Point","coordinates":[27.881,-33.028]},"properties":{"name":"Port Rex Power Station","fuel":"diesel","mw":171.0,"country":"","status":"operating"}},{"type":"Feature","id":1389,"geometry":{"type":"Point","coordinates":[27.964,-32.587]},"properties":{"name":"Chaba Wind Farm","fuel":"wind","mw":21.0,"country":"ZAF","status":"operating"}},{"type":"Feature","id":1390,"geometry":{"type":"Point","coordinates":[27.985,-32.918]},"properties":{"name":"","fuel":"solar","mw":0.0,"country":"","status":"operating"}},{"type":"Feature","id":1391,"geometry":{"type":"Point","coordinates":[28.578,-32.011]},"properties":{"name":"Colleywobbles","fuel":"hydro","mw":42.0,"country":"ZAF","status":"operating"}},{"type":"Feature","id":1392,"geometry":{"type":"Point","coordinates":[28.818,-31.6]},"properties":{"name":"First Falls","fuel":"hydro","mw":6.0,"country":"ZAF","status":"operating"}},{"type":"Feature","id":1393,"geometry":{"type":"Point","coordinates":[28.883,-31.686]},"properties":{"name":"Second Falls","fuel":"hydro","mw":11.0,"country":"ZAF","status":"operating"}},{"type":"Feature","id":1394,"geometry":{"type":"Point","coordinates":[29.457,-31.672]},"properties":{"name":"Umngazi Mouth Hotel","fuel":"solar","mw":0.2,"country":"ZAF","status":"operating"}},{"type":"Feature","id":1395,"geometry":{"type":"Point","coordinates":[25.778,-32.284]},"properties":{"name":"","fuel":"solar","mw":0.0,"country":"ZAF","status":"operating"}},{"type":"Feature","id":1396,"geometry":{"type":"Point","coordinates":[25.777,-32.31]},"properties":{"name":"","fuel":"solar","mw":0.0,"country":"ZAF","status":"operating"}},{"type":"Feature","id":1397,"geometry":{"type":"Point","coordinates":[26.553,-33.259]},"properties":{"name":"Grahamstown Bricks","fuel":"solar","mw":0.2,"country":"ZAF","status":"operating"}},{"type":"Feature","id":1398,"geometry":{"type":"Point","coordinates":[25.841,-32.719]},"properties":{"name":"","fuel":"solar","mw":0.0,"country":"ZAF","status":"operating"}},{"type":"Feature","id":1399,"geometry":{"type":"Point","coordinates":[25.868,-32.653]},"properties":{"name":"","fuel":"solar","mw":0.0,"country":"ZAF","status":"operating"}},{"type":"Feature","id":1400,"geometry":{"type":"Point","coordinates":[25.828,-32.644]},"properties":{"name":"","fuel":"solar","mw":0.0,"country":"ZAF","status":"operating"}},{"type":"Feature","id":1401,"geometry":{"type":"Point","coordinates":[27.814,-33.057]},"properties":{"name":"","fuel":"solar","mw":0.0,"country":"","status":"operating"}},{"type":"Feature","id":1402,"geometry":{"type":"Point","coordinates":[27.893,-32.591]},"properties":{"name":"Konga Packaging","fuel":"solar","mw":0.0,"country":"ZAF","status":"operating"}},{"type":"Feature","id":1403,"geometry":{"type":"Point","coordinates":[27.975,-32.558]},"properties":{"name":"Glen roy Abattoir","fuel":"solar","mw":0.0,"country":"ZAF","status":"operating"}},{"type":"Feature","id":1404,"geometry":{"type":"Point","coordinates":[26.533,-33.304]},"properties":{"name":"Kingswood College","fuel":"solar","mw":0.7,"country":"ZAF","status":"operating"}},{"type":"Feature","id":1405,"geometry":{"type":"Point","coordinates":[26.016,-32.8]},"properties":{"name":"","fuel":"solar","mw":0.0,"country":"ZAF","status":"operating"}},{"type":"Feature","id":1406,"geometry":{"type":"Point","coordinates":[16.791,-22.102]},"properties":{"name":"Osona","fuel":"solar","mw":5.0,"country":"NAM","status":"operating"}},{"type":"Feature","id":1407,"geometry":{"type":"Point","coordinates":[16.955,-19.925]},"properties":{"name":"Maxwell Solar Plant","fuel":"solar","mw":13.0,"country":"NAM","status":"operating"}},{"type":"Feature","id":1408,"geometry":{"type":"Point","coordinates":[17.047,-18.814]},"properties":{"name":"Mokuti Etosha Lodge solar plant","fuel":"solar","mw":0.5,"country":"NAM","status":"operating"}},{"type":"Feature","id":1409,"geometry":{"type":"Point","coordinates":[17.079,-22.515]},"properties":{"name":"Van Eck Power Station","fuel":"coal","mw":120.0,"country":"NAM","status":"operating"}},{"type":"Feature","id":1410,"geometry":{"type":"Point","coordinates":[17.085,-22.605]},"properties":{"name":"Arebbusch Travel Lodge","fuel":"solar","mw":0.2,"country":"NAM","status":"operating"}},{"type":"Feature","id":1411,"geometry":{"type":"Point","coordinates":[17.092,-19.991]},"properties":{"name":"Otjikoto Mine HFO Power Station","fuel":"oil","mw":24.0,"country":"NAM","status":"operating"}},{"type":"Feature","id":1412,"geometry":{"type":"Point","coordinates":[17.119,-19.994]},"properties":{"name":"Otjikoto Mine","fuel":"solar","mw":7.0,"country":"NAM","status":"operating"}},{"type":"Feature","id":1413,"geometry":{"type":"Point","coordinates":[17.129,-22.585]},"properties":{"name":"","fuel":"solar","mw":0.0,"country":"NAM","status":"operating"}},{"type":"Feature","id":1414,"geometry":{"type":"Point","coordinates":[17.33,-22.379]},"properties":{"name":"","fuel":"solar","mw":0.0,"country":"NAM","status":"operating"}},{"type":"Feature","id":1415,"geometry":{"type":"Point","coordinates":[17.368,-22.046]},"properties":{"name":"Midgard Country Estate","fuel":"solar","mw":0.1,"country":"NAM","status":"operating"}},{"type":"Feature","id":1416,"geometry":{"type":"Point","coordinates":[17.38,-19.667]},"properties":{"name":"Otavifontein","fuel":"solar","mw":0.5,"country":"NAM","status":"operating"}},{"type":"Feature","id":1417,"geometry":{"type":"Point","coordinates":[17.456,-19.519]},"properties":{"name":"Ohorongo Cement","fuel":"solar","mw":5.0,"country":"NAM","status":"operating"}},{"type":"Feature","id":1418,"geometry":{"type":"Point","coordinates":[17.51,-22.765]},"properties":{"name":"","fuel":"solar","mw":0.0,"country":"NAM","status":"operating"}},{"type":"Feature","id":1419,"geometry":{"type":"Point","coordinates":[17.51,-22.765]},"properties":{"name":"","fuel":"solar","mw":0.0,"country":"NAM","status":"operating"}},{"type":"Feature","id":1420,"geometry":{"type":"Point","coordinates":[17.51,-22.765]},"properties":{"name":"","fuel":"solar","mw":0.0,"country":"NAM","status":"operating"}},{"type":"Feature","id":1421,"geometry":{"type":"Point","coordinates":[17.51,-22.765]},"properties":{"name":"","fuel":"solar","mw":0.0,"country":"NAM","status":"operating"}},{"type":"Feature","id":1422,"geometry":{"type":"Point","coordinates":[17.51,-22.765]},"properties":{"name":"","fuel":"solar","mw":0.0,"country":"NAM","status":"operating"}},{"type":"Feature","id":1423,"geometry":{"type":"Point","coordinates":[17.51,-22.765]},"properties":{"name":"","fuel":"solar","mw":0.0,"country":"NAM","status":"operating"}},{"type":"Feature","id":1424,"geometry":{"type":"Point","coordinates":[17.51,-22.766]},"properties":{"name":"","fuel":"solar","mw":0.0,"country":"NAM","status":"operating"}},{"type":"Feature","id":1425,"geometry":{"type":"Point","coordinates":[17.51,-22.766]},"properties":{"name":"","fuel":"solar","mw":0.0,"country":"NAM","status":"operating"}},{"type":"Feature","id":1426,"geometry":{"type":"Point","coordinates":[17.51,-22.766]},"properties":{"name":"","fuel":"solar","mw":0.0,"country":"NAM","status":"operating"}},{"type":"Feature","id":1427,"geometry":{"type":"Point","coordinates":[17.51,-22.766]},"properties":{"name":"","fuel":"solar","mw":0.0,"country":"NAM","status":"operating"}},{"type":"Feature","id":1428,"geometry":{"type":"Point","coordinates":[17.51,-22.766]},"properties":{"name":"","fuel":"solar","mw":0.0,"country":"NAM","status":"operating"}},{"type":"Feature","id":1429,"geometry":{"type":"Point","coordinates":[16.73,-18.496]},"properties":{"name":"","fuel":"solar","mw":0.0,"country":"NAM","status":"operating"}},{"type":"Feature","id":1430,"geometry":{"type":"Point","coordinates":[17.401,-19.699]},"properties":{"name":"","fuel":"solar","mw":0.0,"country":"NAM","status":"operating"}},{"type":"Feature","id":1431,"geometry":{"type":"Point","coordinates":[17.401,-19.701]},"properties":{"name":"","fuel":"solar","mw":0.0,"country":"NAM","status":"operating"}},{"type":"Feature","id":1432,"geometry":{"type":"Point","coordinates":[17.51,-22.766]},"properties":{"name":"","fuel":"solar","mw":0.0,"country":"NAM","status":"operating"}},{"type":"Feature","id":1433,"geometry":{"type":"Point","coordinates":[17.51,-22.765]},"properties":{"name":"","fuel":"solar","mw":0.0,"country":"NAM","status":"operating"}},{"type":"Feature","id":1434,"geometry":{"type":"Point","coordinates":[17.51,-22.766]},"properties":{"name":"","fuel":"solar","mw":0.0,"country":"NAM","status":"operating"}},{"type":"Feature","id":1435,"geometry":{"type":"Point","coordinates":[17.51,-22.765]},"properties":{"name":"","fuel":"solar","mw":0.0,"country":"NAM","status":"operating"}},{"type":"Feature","id":1436,"geometry":{"type":"Point","coordinates":[17.51,-22.766]},"properties":{"name":"","fuel":"solar","mw":0.0,"country":"NAM","status":"operating"}},{"type":"Feature","id":1437,"geometry":{"type":"Point","coordinates":[17.51,-22.765]},"properties":{"name":"","fuel":"solar","mw":0.0,"country":"NAM","status":"operating"}},{"type":"Feature","id":1438,"geometry":{"type":"Point","coordinates":[17.51,-22.765]},"properties":{"name":"","fuel":"solar","mw":0.0,"country":"NAM","status":"operating"}},{"type":"Feature","id":1439,"geometry":{"type":"Point","coordinates":[17.51,-22.765]},"properties":{"name":"","fuel":"solar","mw":0.0,"country":"NAM","status":"operating"}},{"type":"Feature","id":1440,"geometry":{"type":"Point","coordinates":[17.51,-22.765]},"properties":{"name":"","fuel":"solar","mw":0.0,"country":"NAM","status":"operating"}},{"type":"Feature","id":1441,"geometry":{"type":"Point","coordinates":[17.51,-22.765]},"properties":{"name":"","fuel":"solar","mw":0.0,"country":"NAM","status":"operating"}},{"type":"Feature","id":1442,"geometry":{"type":"Point","coordinates":[17.51,-22.766]},"properties":{"name":"","fuel":"solar","mw":0.0,"country":"NAM","status":"operating"}},{"type":"Feature","id":1443,"geometry":{"type":"Point","coordinates":[17.51,-22.766]},"properties":{"name":"","fuel":"solar","mw":0.0,"country":"NAM","status":"operating"}},{"type":"Feature","id":1444,"geometry":{"type":"Point","coordinates":[17.51,-22.766]},"properties":{"name":"","fuel":"solar","mw":0.0,"country":"NAM","status":"operating"}},{"type":"Feature","id":1445,"geometry":{"type":"Point","coordinates":[17.51,-22.766]},"properties":{"name":"","fuel":"solar","mw":0.0,"country":"NAM","status":"operating"}},{"type":"Feature","id":1446,"geometry":{"type":"Point","coordinates":[17.51,-22.766]},"properties":{"name":"","fuel":"solar","mw":0.0,"country":"NAM","status":"operating"}},{"type":"Feature","id":1447,"geometry":{"type":"Point","coordinates":[17.51,-22.766]},"properties":{"name":"","fuel":"solar","mw":0.0,"country":"NAM","status":"operating"}},{"type":"Feature","id":1448,"geometry":{"type":"Point","coordinates":[17.51,-22.765]},"properties":{"name":"","fuel":"solar","mw":0.0,"country":"NAM","status":"operating"}},{"type":"Feature","id":1449,"geometry":{"type":"Point","coordinates":[17.51,-22.765]},"properties":{"name":"","fuel":"solar","mw":0.0,"country":"NAM","status":"operating"}},{"type":"Feature","id":1450,"geometry":{"type":"Point","coordinates":[17.51,-22.765]},"properties":{"name":"","fuel":"solar","mw":0.0,"country":"NAM","status":"operating"}},{"type":"Feature","id":1451,"geometry":{"type":"Point","coordinates":[17.51,-22.765]},"properties":{"name":"","fuel":"solar","mw":0.0,"country":"NAM","status":"operating"}},{"type":"Feature","id":1452,"geometry":{"type":"Point","coordinates":[17.511,-22.766]},"properties":{"name":"","fuel":"solar","mw":0.0,"country":"NAM","status":"operating"}},{"type":"Feature","id":1453,"geometry":{"type":"Point","coordinates":[17.511,-22.766]},"properties":{"name":"","fuel":"solar","mw":0.0,"country":"NAM","status":"operating"}},{"type":"Feature","id":1454,"geometry":{"type":"Point","coordinates":[17.511,-22.766]},"properties":{"name":"","fuel":"solar","mw":0.0,"country":"NAM","status":"operating"}},{"type":"Feature","id":1455,"geometry":{"type":"Point","coordinates":[17.511,-22.765]},"properties":{"name":"","fuel":"solar","mw":0.0,"country":"NAM","status":"operating"}},{"type":"Feature","id":1456,"geometry":{"type":"Point","coordinates":[17.511,-22.765]},"properties":{"name":"","fuel":"solar","mw":0.0,"country":"NAM","status":"operating"}},{"type":"Feature","id":1457,"geometry":{"type":"Point","coordinates":[17.511,-22.765]},"properties":{"name":"","fuel":"solar","mw":0.0,"country":"NAM","status":"operating"}},{"type":"Feature","id":1458,"geometry":{"type":"Point","coordinates":[17.511,-22.765]},"properties":{"name":"","fuel":"solar","mw":0.0,"country":"NAM","status":"operating"}},{"type":"Feature","id":1459,"geometry":{"type":"Point","coordinates":[17.511,-22.765]},"properties":{"name":"","fuel":"solar","mw":0.0,"country":"NAM","status":"operating"}},{"type":"Feature","id":1460,"geometry":{"type":"Point","coordinates":[17.558,-22.84]},"properties":{"name":"","fuel":"solar","mw":0.0,"country":"NAM","status":"operating"}},{"type":"Feature","id":1461,"geometry":{"type":"Point","coordinates":[17.511,-22.765]},"properties":{"name":"","fuel":"solar","mw":0.0,"country":"NAM","status":"operating"}},{"type":"Feature","id":1462,"geometry":{"type":"Point","coordinates":[17.511,-22.765]},"properties":{"name":"","fuel":"solar","mw":0.0,"country":"NAM","status":"operating"}},{"type":"Feature","id":1463,"geometry":{"type":"Point","coordinates":[17.511,-22.765]},"properties":{"name":"","fuel":"solar","mw":0.0,"country":"NAM","status":"operating"}},{"type":"Feature","id":1464,"geometry":{"type":"Point","coordinates":[17.511,-22.765]},"properties":{"name":"","fuel":"solar","mw":0.0,"country":"NAM","status":"operating"}},{"type":"Feature","id":1465,"geometry":{"type":"Point","coordinates":[17.511,-22.765]},"properties":{"name":"","fuel":"solar","mw":0.0,"country":"NAM","status":"operating"}},{"type":"Feature","id":1466,"geometry":{"type":"Point","coordinates":[17.511,-22.765]},"properties":{"name":"","fuel":"solar","mw":0.0,"country":"NAM","status":"operating"}},{"type":"Feature","id":1467,"geometry":{"type":"Point","coordinates":[17.511,-22.765]},"properties":{"name":"","fuel":"solar","mw":0.0,"country":"NAM","status":"operating"}},{"type":"Feature","id":1468,"geometry":{"type":"Point","coordinates":[17.511,-22.765]},"properties":{"name":"","fuel":"solar","mw":0.0,"country":"NAM","status":"operating"}},{"type":"Feature","id":1469,"geometry":{"type":"Point","coordinates":[17.634,-19.211]},"properties":{"name":"Otjikoto Biomass Power Station (OBPS)","fuel":"biomass","mw":0.0,"country":"NAM","status":"operating"}},{"type":"Feature","id":1470,"geometry":{"type":"Point","coordinates":[17.855,-19.744]},"properties":{"name":"","fuel":"solar","mw":0.0,"country":"NAM","status":"operating"}},{"type":"Feature","id":1471,"geometry":{"type":"Point","coordinates":[17.738,-19.713]},"properties":{"name":"","fuel":"solar","mw":0.0,"country":"NAM","status":"operating"}},{"type":"Feature","id":1472,"geometry":{"type":"Point","coordinates":[17.749,-19.471]},"properties":{"name":"","fuel":"solar","mw":0.0,"country":"NAM","status":"operating"}},{"type":"Feature","id":1473,"geometry":{"type":"Point","coordinates":[29.065,-26.512]},"properties":{"name":"Solfos","fuel":"solar","mw":0.0,"country":"ZAF","status":"operating"}},{"type":"Feature","id":1474,"geometry":{"type":"Point","coordinates":[29.16,-26.562]},"properties":{"name":"Sasol Power Stations","fuel":"coal","mw":0.0,"country":"ZAF","status":"operating"}},{"type":"Feature","id":1475,"geometry":{"type":"Point","coordinates":[29.148,-25.091]},"properties":{"name":"","fuel":"solar","mw":0.0,"country":"ZAF","status":"operating"}},{"type":"Feature","id":1476,"geometry":{"type":"Point","coordinates":[29.183,-25.071]},"properties":{"name":"","fuel":"solar","mw":0.0,"country":"ZAF","status":"operating"}},{"type":"Feature","id":1477,"geometry":{"type":"Point","coordinates":[29.201,-25.037]},"properties":{"name":"","fuel":"solar","mw":0.0,"country":"ZAF","status":"operating"}},{"type":"Feature","id":1478,"geometry":{"type":"Point","coordinates":[29.23,-26.476]},"properties":{"name":"","fuel":"solar","mw":0.0,"country":"ZAF","status":"operating"}},{"type":"Feature","id":1479,"geometry":{"type":"Point","coordinates":[29.257,-25.096]},"properties":{"name":"","fuel":"solar","mw":0.0,"country":"ZAF","status":"operating"}},{"type":"Feature","id":1480,"geometry":{"type":"Point","coordinates":[29.258,-25.094]},"properties":{"name":"","fuel":"solar","mw":0.0,"country":"ZAF","status":"operating"}},{"type":"Feature","id":1481,"geometry":{"type":"Point","coordinates":[29.262,-25.092]},"properties":{"name":"","fuel":"solar","mw":0.0,"country":"ZAF","status":"operating"}},{"type":"Feature","id":1482,"geometry":{"type":"Point","coordinates":[29.284,-25.221]},"properties":{"name":"","fuel":"solar","mw":0.0,"country":"ZAF","status":"operating"}},{"type":"Feature","id":1483,"geometry":{"type":"Point","coordinates":[29.292,-25.075]},"properties":{"name":"","fuel":"solar","mw":0.0,"country":"ZAF","status":"operating"}},{"type":"Feature","id":1484,"geometry":{"type":"Point","coordinates":[29.303,-26.433]},"properties":{"name":"","fuel":"solar","mw":0.0,"country":"ZAF","status":"operating"}},{"type":"Feature","id":1485,"geometry":{"type":"Point","coordinates":[29.327,-25.087]},"properties":{"name":"","fuel":"solar","mw":0.0,"country":"ZAF","status":"operating"}},{"type":"Feature","id":1486,"geometry":{"type":"Point","coordinates":[29.336,-25.055]},"properties":{"name":"","fuel":"solar","mw":0.0,"country":"ZAF","status":"operating"}},{"type":"Feature","id":1487,"geometry":{"type":"Point","coordinates":[29.356,-25.176]},"properties":{"name":"","fuel":"solar","mw":0.0,"country":"ZAF","status":"operating"}},{"type":"Feature","id":1488,"geometry":{"type":"Point","coordinates":[29.366,-25.025]},"properties":{"name":"Schoeman Group Solar Farm","fuel":"solar","mw":0.0,"country":"ZAF","status":"operating"}},{"type":"Feature","id":1489,"geometry":{"type":"Point","coordinates":[29.398,-25.055]},"properties":{"name":"Schoonbee Landgoed Solar Farm","fuel":"solar","mw":0.3,"country":"ZAF","status":"operating"}},{"type":"Feature","id":1490,"geometry":{"type":"Point","coordinates":[29.41,-25.179]},"properties":{"name":"","fuel":"solar","mw":0.0,"country":"ZAF","status":"operating"}},{"type":"Feature","id":1491,"geometry":{"type":"Point","coordinates":[29.413,-25.133]},"properties":{"name":"","fuel":"solar","mw":0.0,"country":"ZAF","status":"operating"}},{"type":"Feature","id":1492,"geometry":{"type":"Point","coordinates":[29.415,-25.211]},"properties":{"name":"","fuel":"solar","mw":0.0,"country":"ZAF","status":"operating"}},{"type":"Feature","id":1493,"geometry":{"type":"Point","coordinates":[24.6,-29.852]},"properties":{"name":"","fuel":"solar","mw":0.0,"country":"ZAF","status":"operating"}},{"type":"Feature","id":1494,"geometry":{"type":"Point","coordinates":[24.529,-29.847]},"properties":{"name":"","fuel":"solar","mw":0.0,"country":"ZAF","status":"operating"}},{"type":"Feature","id":1495,"geometry":{"type":"Point","coordinates":[24.421,-29.826]},"properties":{"name":"Grootgeluk Sonpark","fuel":"solar","mw":0.0,"country":"ZAF","status":"operating"}},{"type":"Feature","id":1496,"geometry":{"type":"Point","coordinates":[24.421,-29.826]},"properties":{"name":"Grootgeluk Sonpark","fuel":"solar","mw":0.0,"country":"ZAF","status":"operating"}},{"type":"Feature","id":1497,"geometry":{"type":"Point","coordinates":[24.414,-29.811]},"properties":{"name":"","fuel":"solar","mw":0.0,"country":"ZAF","status":"operating"}},{"type":"Feature","id":1498,"geometry":{"type":"Point","coordinates":[24.415,-29.805]},"properties":{"name":"ORASOL Sonplaas","fuel":"solar","mw":0.9,"country":"ZAF","status":"operating"}},{"type":"Feature","id":1499,"geometry":{"type":"Point","coordinates":[24.396,-29.77]},"properties":{"name":"","fuel":"solar","mw":0.0,"country":"ZAF","status":"operating"}},{"type":"Feature","id":1500,"geometry":{"type":"Point","coordinates":[24.379,-29.767]},"properties":{"name":"","fuel":"solar","mw":0.0,"country":"ZAF","status":"operating"}},{"type":"Feature","id":1501,"geometry":{"type":"Point","coordinates":[24.372,-29.764]},"properties":{"name":"","fuel":"solar","mw":0.0,"country":"ZAF","status":"operating"}},{"type":"Feature","id":1502,"geometry":{"type":"Point","coordinates":[24.39,-29.762]},"properties":{"name":"","fuel":"solar","mw":0.0,"country":"ZAF","status":"operating"}},{"type":"Feature","id":1503,"geometry":{"type":"Point","coordinates":[24.386,-29.757]},"properties":{"name":"","fuel":"solar","mw":0.0,"country":"ZAF","status":"operating"}},{"type":"Feature","id":1504,"geometry":{"type":"Point","coordinates":[24.39,-29.755]},"properties":{"name":"","fuel":"solar","mw":0.0,"country":"ZAF","status":"operating"}},{"type":"Feature","id":1505,"geometry":{"type":"Point","coordinates":[24.383,-29.749]},"properties":{"name":"","fuel":"solar","mw":0.0,"country":"ZAF","status":"operating"}},{"type":"Feature","id":1506,"geometry":{"type":"Point","coordinates":[24.383,-29.739]},"properties":{"name":"","fuel":"solar","mw":0.0,"country":"ZAF","status":"operating"}},{"type":"Feature","id":1507,"geometry":{"type":"Point","coordinates":[24.369,-29.734]},"properties":{"name":"","fuel":"solar","mw":0.0,"country":"ZAF","status":"operating"}},{"type":"Feature","id":1508,"geometry":{"type":"Point","coordinates":[24.375,-29.732]},"properties":{"name":"","fuel":"solar","mw":0.0,"country":"ZAF","status":"operating"}},{"type":"Feature","id":1509,"geometry":{"type":"Point","coordinates":[24.376,-29.732]},"properties":{"name":"","fuel":"solar","mw":0.0,"country":"ZAF","status":"operating"}},{"type":"Feature","id":1510,"geometry":{"type":"Point","coordinates":[24.367,-29.731]},"properties":{"name":"","fuel":"solar","mw":0.0,"country":"ZAF","status":"operating"}},{"type":"Feature","id":1511,"geometry":{"type":"Point","coordinates":[24.364,-29.68]},"properties":{"name":"","fuel":"solar","mw":0.0,"country":"ZAF","status":"operating"}},{"type":"Feature","id":1512,"geometry":{"type":"Point","coordinates":[24.14,-29.599]},"properties":{"name":"","fuel":"solar","mw":0.0,"country":"ZAF","status":"operating"}},{"type":"Feature","id":1513,"geometry":{"type":"Point","coordinates":[24.11,-29.59]},"properties":{"name":"","fuel":"solar","mw":0.0,"country":"ZAF","status":"operating"}},{"type":"Feature","id":1514,"geometry":{"type":"Point","coordinates":[24.034,-29.577]},"properties":{"name":"","fuel":"solar","mw":0.0,"country":"ZAF","status":"operating"}},{"type":"Feature","id":1515,"geometry":{"type":"Point","coordinates":[24.002,-29.551]},"properties":{"name":"","fuel":"solar","mw":0.0,"country":"ZAF","status":"operating"}},{"type":"Feature","id":1516,"geometry":{"type":"Point","coordinates":[23.935,-29.507]},"properties":{"name":"Naauwtesfontein","fuel":"solar","mw":0.0,"country":"ZAF","status":"operating"}},{"type":"Feature","id":1517,"geometry":{"type":"Point","coordinates":[24.591,-29.435]},"properties":{"name":"","fuel":"solar","mw":0.0,"country":"ZAF","status":"operating"}},{"type":"Feature","id":1518,"geometry":{"type":"Point","coordinates":[24.62,-29.35]},"properties":{"name":"","fuel":"solar","mw":0.0,"country":"ZAF","status":"operating"}},{"type":"Feature","id":1519,"geometry":{"type":"Point","coordinates":[24.614,-29.347]},"properties":{"name":"","fuel":"solar","mw":0.0,"country":"ZAF","status":"operating"}},{"type":"Feature","id":1520,"geometry":{"type":"Point","coordinates":[24.613,-29.341]},"properties":{"name":"","fuel":"solar","mw":0.0,"country":"ZAF","status":"operating"}},{"type":"Feature","id":1521,"geometry":{"type":"Point","coordinates":[24.595,-29.339]},"properties":{"name":"","fuel":"solar","mw":0.0,"country":"ZAF","status":"operating"}},{"type":"Feature","id":1522,"geometry":{"type":"Point","coordinates":[24.618,-29.32]},"properties":{"name":"","fuel":"solar","mw":0.0,"country":"ZAF","status":"operating"}},{"type":"Feature","id":1523,"geometry":{"type":"Point","coordinates":[24.613,-29.312]},"properties":{"name":"","fuel":"solar","mw":0.0,"country":"ZAF","status":"operating"}},{"type":"Feature","id":1524,"geometry":{"type":"Point","coordinates":[24.603,-29.271]},"properties":{"name":"","fuel":"solar","mw":0.0,"country":"ZAF","status":"operating"}},{"type":"Feature","id":1525,"geometry":{"type":"Point","coordinates":[24.604,-29.261]},"properties":{"name":"","fuel":"solar","mw":0.0,"country":"ZAF","status":"operating"}},{"type":"Feature","id":1526,"geometry":{"type":"Point","coordinates":[24.602,-29.256]},"properties":{"name":"","fuel":"solar","mw":0.0,"country":"ZAF","status":"operating"}},{"type":"Feature","id":1527,"geometry":{"type":"Point","coordinates":[24.606,-29.244]},"properties":{"name":"","fuel":"solar","mw":0.0,"country":"ZAF","status":"operating"}},{"type":"Feature","id":1528,"geometry":{"type":"Point","coordinates":[24.407,-29.759]},"properties":{"name":"","fuel":"solar","mw":0.0,"country":"ZAF","status":"operating"}},{"type":"Feature","id":1529,"geometry":{"type":"Point","coordinates":[24.605,-29.4]},"properties":{"name":"","fuel":"solar","mw":0.0,"country":"ZAF","status":"operating"}},{"type":"Feature","id":1530,"geometry":{"type":"Point","coordinates":[24.61,-29.388]},"properties":{"name":"","fuel":"solar","mw":0.0,"country":"ZAF","status":"operating"}},{"type":"Feature","id":1531,"geometry":{"type":"Point","coordinates":[24.61,-29.37]},"properties":{"name":"","fuel":"solar","mw":0.0,"country":"ZAF","status":"operating"}},{"type":"Feature","id":1532,"geometry":{"type":"Point","coordinates":[24.612,-29.367]},"properties":{"name":"","fuel":"solar","mw":0.0,"country":"ZAF","status":"operating"}},{"type":"Feature","id":1533,"geometry":{"type":"Point","coordinates":[24.504,-29.84]},"properties":{"name":"","fuel":"solar","mw":0.0,"country":"ZAF","status":"operating"}},{"type":"Feature","id":1534,"geometry":{"type":"Point","coordinates":[24.428,-29.801]},"properties":{"name":"","fuel":"solar","mw":0.0,"country":"ZAF","status":"operating"}},{"type":"Feature","id":1535,"geometry":{"type":"Point","coordinates":[24.442,-29.746]},"properties":{"name":"","fuel":"solar","mw":0.0,"country":"ZAF","status":"operating"}},{"type":"Feature","id":1536,"geometry":{"type":"Point","coordinates":[24.602,-29.845]},"properties":{"name":"","fuel":"solar","mw":0.0,"country":"ZAF","status":"operating"}},{"type":"Feature","id":1537,"geometry":{"type":"Point","coordinates":[24.565,-29.847]},"properties":{"name":"","fuel":"solar","mw":0.0,"country":"ZAF","status":"operating"}},{"type":"Feature","id":1538,"geometry":{"type":"Point","coordinates":[24.428,-29.793]},"properties":{"name":"","fuel":"solar","mw":0.0,"country":"ZAF","status":"operating"}},{"type":"Feature","id":1539,"geometry":{"type":"Point","coordinates":[24.705,-29.659]},"properties":{"name":"","fuel":"solar","mw":0.0,"country":"ZAF","status":"operating"}},{"type":"Feature","id":1540,"geometry":{"type":"Point","coordinates":[24.623,-29.342]},"properties":{"name":"","fuel":"solar","mw":0.0,"country":"ZAF","status":"operating"}},{"type":"Feature","id":1541,"geometry":{"type":"Point","coordinates":[19.379,-33.389]},"properties":{"name":"Vadersgawe 1","fuel":"solar","mw":0.0,"country":"ZAF","status":"operating"}},{"type":"Feature","id":1542,"geometry":{"type":"Point","coordinates":[19.384,-33.384]},"properties":{"name":"Vadersgawe 2","fuel":"solar","mw":0.1,"country":"ZAF","status":"operating"}},{"type":"Feature","id":1543,"geometry":{"type":"Point","coordinates":[18.525,-33.352]},"properties":{"name":"","fuel":"solar","mw":0.0,"country":"ZAF","status":"operating"}},{"type":"Feature","id":1544,"geometry":{"type":"Point","coordinates":[18.53,-33.35]},"properties":{"name":"SlimSun Swartland Solar Park","fuel":"solar","mw":5.0,"country":"ZAF","status":"operating"}},{"type":"Feature","id":1545,"geometry":{"type":"Point","coordinates":[18.53,-33.346]},"properties":{"name":"","fuel":"solar","mw":0.0,"country":"ZAF","status":"operating"}},{"type":"Feature","id":1546,"geometry":{"type":"Point","coordinates":[19.33,-33.32]},"properties":{"name":"","fuel":"solar","mw":0.0,"country":"ZAF","status":"operating"}},{"type":"Feature","id":1547,"geometry":{"type":"Point","coordinates":[19.363,-33.303]},"properties":{"name":"Graaf Fruits","fuel":"solar","mw":0.6,"country":"ZAF","status":"operating"}},{"type":"Feature","id":1548,"geometry":{"type":"Point","coordinates":[19.028,-33.26]},"properties":{"name":"Gouda Wind Farm","fuel":"wind","mw":138.0,"country":"ZAF","status":"operating"}},{"type":"Feature","id":1549,"geometry":{"type":"Point","coordinates":[19.03,-33.261]},"properties":{"name":"Gouda Wind Facility","fuel":"wind","mw":135.5,"country":"ZAF","status":"operating"}},{"type":"Feature","id":1550,"geometry":{"type":"Point","coordinates":[19.236,-33.227]},"properties":{"name":"Die Eike Solar Farm 1","fuel":"solar","mw":0.7,"country":"ZAF","status":"operating"}},{"type":"Feature","id":1551,"geometry":{"type":"Point","coordinates":[19.355,-33.107]},"properties":{"name":"Howbill Farms Solar Farm","fuel":"solar","mw":1.1,"country":"ZAF","status":"operating"}},{"type":"Feature","id":1552,"geometry":{"type":"Point","coordinates":[18.392,-33.092]},"properties":{"name":"Umoya Energy Wind Farm","fuel":"wind","mw":65.4,"country":"ZAF","status":"operating"}},{"type":"Feature","id":1553,"geometry":{"type":"Point","coordinates":[19.327,-33.082]},"properties":{"name":"","fuel":"solar","mw":0.0,"country":"ZAF","status":"operating"}},{"type":"Feature","id":1554,"geometry":{"type":"Point","coordinates":[18.006,-32.833]},"properties":{"name":"West Coast 1 Wind Farm","fuel":"wind","mw":90.8,"country":"","status":"operating"}},{"type":"Feature","id":1555,"geometry":{"type":"Point","coordinates":[19.051,-32.684]},"properties":{"name":"ALG Juices - Citrusdal","fuel":"solar","mw":0.3,"country":"ZAF","status":"operating"}},{"type":"Feature","id":1556,"geometry":{"type":"Point","coordinates":[18.503,-32.643]},"properties":{"name":"Aurora-Rietvlei Solar Power","fuel":"solar","mw":10.0,"country":"ZAF","status":"operating"}},{"type":"Feature","id":1557,"geometry":{"type":"Point","coordinates":[18.996,-32.606]},"properties":{"name":"","fuel":"solar","mw":0.0,"country":"ZAF","status":"operating"}},{"type":"Feature","id":1558,"geometry":{"type":"Point","coordinates":[19.011,-32.579]},"properties":{"name":"","fuel":"solar","mw":0.0,"country":"ZAF","status":"operating"}},{"type":"Feature","id":1559,"geometry":{"type":"Point","coordinates":[18.727,-32.42]},"properties":{"name":"Paleisheuwel Solar Plant","fuel":"solar","mw":82.5,"country":"ZAF","status":"operating"}},{"type":"Feature","id":1560,"geometry":{"type":"Point","coordinates":[19.029,-32.34]},"properties":{"name":"","fuel":"solar","mw":0.0,"country":"ZAF","status":"operating"}},{"type":"Feature","id":1561,"geometry":{"type":"Point","coordinates":[18.875,-32.184]},"properties":{"name":"Clanwilliam Dam","fuel":"hydro","mw":0.3,"country":"ZAF","status":"operating"}},{"type":"Feature","id":1562,"geometry":{"type":"Point","coordinates":[18.921,-32.142]},"properties":{"name":"","fuel":"solar","mw":0.0,"country":"ZAF","status":"operating"}},{"type":"Feature","id":1563,"geometry":{"type":"Point","coordinates":[18.535,-31.746]},"properties":{"name":"Alzanne Boerdery Floating Solar","fuel":"solar","mw":0.2,"country":"ZAF","status":"operating"}},{"type":"Feature","id":1564,"geometry":{"type":"Point","coordinates":[18.505,-31.635]},"properties":{"name":"Vredendal Solar Power Park","fuel":"solar","mw":10.0,"country":"ZAF","status":"operating"}},{"type":"Feature","id":1565,"geometry":{"type":"Point","coordinates":[18.111,-31.518]},"properties":{"name":"Sere Wind Farm","fuel":"wind","mw":105.8,"country":"","status":"operating"}},{"type":"Feature","id":1566,"geometry":{"type":"Point","coordinates":[19.123,-31.372]},"properties":{"name":"Bokkeveld Rooibos - Nieuwoudtville","fuel":"solar","mw":0.0,"country":"ZAF","status":"operating"}},{"type":"Feature","id":1567,"geometry":{"type":"Point","coordinates":[19.409,-32.639]},"properties":{"name":"","fuel":"solar","mw":0.0,"country":"ZAF","status":"operating"}},{"type":"Feature","id":1568,"geometry":{"type":"Point","coordinates":[19.523,-32.338]},"properties":{"name":"","fuel":"solar","mw":0.0,"country":"ZAF","status":"operating"}},{"type":"Feature","id":1569,"geometry":{"type":"Point","coordinates":[18.768,-32.906]},"properties":{"name":"Piketko","fuel":"solar","mw":0.0,"country":"ZAF","status":"operating"}},{"type":"Feature","id":1570,"geometry":{"type":"Point","coordinates":[18.813,-33.049]},"properties":{"name":"","fuel":"solar","mw":0.0,"country":"ZAF","status":"operating"}},{"type":"Feature","id":1571,"geometry":{"type":"Point","coordinates":[18.404,-33.378]},"properties":{"name":"Darling Green Estate","fuel":"solar","mw":1.0,"country":"ZAF","status":"operating"}},{"type":"Feature","id":1572,"geometry":{"type":"Point","coordinates":[18.854,-33.339]},"properties":{"name":"De Gift Boerdery","fuel":"solar","mw":0.3,"country":"ZAF","status":"operating"}},{"type":"Feature","id":1573,"geometry":{"type":"Point","coordinates":[19.036,-33.298]},"properties":{"name":"Karsten Fruit Packers","fuel":"solar","mw":1.0,"country":"ZAF","status":"operating"}},{"type":"Feature","id":1574,"geometry":{"type":"Point","coordinates":[18.666,-33.068]},"properties":{"name":"Withoogte Water Treatment","fuel":"solar","mw":1.2,"country":"ZAF","status":"operating"}},{"type":"Feature","id":1575,"geometry":{"type":"Point","coordinates":[24.777,-27.735]},"properties":{"name":"","fuel":"solar","mw":0.0,"country":"ZAF","status":"operating"}},{"type":"Feature","id":1576,"geometry":{"type":"Point","coordinates":[24.749,-27.728]},"properties":{"name":"","fuel":"solar","mw":0.0,"country":"ZAF","status":"operating"}},{"type":"Feature","id":1577,"geometry":{"type":"Point","coordinates":[24.711,-27.697]},"properties":{"name":"","fuel":"solar","mw":0.0,"country":"ZAF","status":"operating"}},{"type":"Feature","id":1578,"geometry":{"type":"Point","coordinates":[24.734,-27.687]},"properties":{"name":"","fuel":"solar","mw":0.0,"country":"ZAF","status":"operating"}},{"type":"Feature","id":1579,"geometry":{"type":"Point","coordinates":[24.755,-27.686]},"properties":{"name":"","fuel":"solar","mw":0.0,"country":"ZAF","status":"operating"}},{"type":"Feature","id":1580,"geometry":{"type":"Point","coordinates":[24.756,-27.677]},"properties":{"name":"","fuel":"solar","mw":0.0,"country":"ZAF","status":"operating"}},{"type":"Feature","id":1581,"geometry":{"type":"Point","coordinates":[24.762,-27.652]},"properties":{"name":"","fuel":"solar","mw":0.0,"country":"ZAF","status":"operating"}},{"type":"Feature","id":1582,"geometry":{"type":"Point","coordinates":[23.028,-27.613]},"properties":{"name":"Kathu Solar Park","fuel":"solar","mw":100.0,"country":"ZAF","status":"operating"}},{"type":"Feature","id":1583,"geometry":{"type":"Point","coordinates":[22.922,-27.601]},"properties":{"name":"REISA Solar","fuel":"solar","mw":75.0,"country":"ZAF","status":"operating"}},{"type":"Feature","id":1584,"geometry":{"type":"Point","coordinates":[22.929,-27.577]},"properties":{"name":"Sishen Solar Energy Facility","fuel":"solar","mw":74.0,"country":"ZAF","status":"operating"}},{"type":"Feature","id":1585,"geometry":{"type":"Point","coordinates":[23.688,-27.463]},"properties":{"name":"","fuel":"solar","mw":0.0,"country":"ZAF","status":"operating"}},{"type":"Feature","id":1586,"geometry":{"type":"Point","coordinates":[23.004,-27.387]},"properties":{"name":"Adams Solar PV","fuel":"solar","mw":10.0,"country":"ZAF","status":"operating"}},{"type":"Feature","id":1587,"geometry":{"type":"Point","coordinates":[23.013,-27.366]},"properties":{"name":"Adams Solar PV 2","fuel":"solar","mw":75.0,"country":"ZAF","status":"operating"}},{"type":"Feature","id":1588,"geometry":{"type":"Point","coordinates":[22.455,-27.303]},"properties":{"name":"Tswalu","fuel":"solar","mw":0.0,"country":"ZAF","status":"operating"}},{"type":"Feature","id":1589,"geometry":{"type":"Point","coordinates":[23.225,-27.217]},"properties":{"name":"","fuel":"solar","mw":0.0,"country":"ZAF","status":"operating"}},{"type":"Feature","id":1590,"geometry":{"type":"Point","coordinates":[24.788,-27.038]},"properties":{"name":"Waterloo Solar Farm","fuel":"solar","mw":75.0,"country":"ZAF","status":"operating"}},{"type":"Feature","id":1591,"geometry":{"type":"Point","coordinates":[24.775,-26.948]},"properties":{"name":"","fuel":"solar","mw":0.0,"country":"ZAF","status":"operating"}},{"type":"Feature","id":1592,"geometry":{"type":"Point","coordinates":[24.787,-26.504]},"properties":{"name":"","fuel":"solar","mw":0.0,"country":"ZAF","status":"operating"}},{"type":"Feature","id":1593,"geometry":{"type":"Point","coordinates":[24.936,-26.071]},"properties":{"name":"","fuel":"solar","mw":0.0,"country":"ZAF","status":"operating"}},{"type":"Feature","id":1594,"geometry":{"type":"Point","coordinates":[24.892,-26.582]},"properties":{"name":"","fuel":"solar","mw":0.0,"country":"ZAF","status":"operating"}},{"type":"Feature","id":1595,"geometry":{"type":"Point","coordinates":[24.855,-26.545]},"properties":{"name":"Stella Abattoir","fuel":"solar","mw":0.0,"country":"ZAF","status":"operating"}},{"type":"Feature","id":1596,"geometry":{"type":"Point","coordinates":[22.974,-29.524]},"properties":{"name":"","fuel":"solar","mw":0.0,"country":"ZAF","status":"operating"}},{"type":"Feature","id":1597,"geometry":{"type":"Point","coordinates":[22.979,-29.528]},"properties":{"name":"","fuel":"solar","mw":0.0,"country":"ZAF","status":"operating"}},{"type":"Feature","id":1598,"geometry":{"type":"Point","coordinates":[22.992,-29.473]},"properties":{"name":"","fuel":"solar","mw":0.0,"country":"ZAF","status":"operating"}},{"type":"Feature","id":1599,"geometry":{"type":"Point","coordinates":[22.996,-29.534]},"properties":{"name":"","fuel":"solar","mw":0.0,"country":"ZAF","status":"operating"}},{"type":"Feature","id":1600,"geometry":{"type":"Point","coordinates":[23.005,-29.462]},"properties":{"name":"","fuel":"solar","mw":0.0,"country":"ZAF","status":"operating"}},{"type":"Feature","id":1601,"geometry":{"type":"Point","coordinates":[23.007,-29.526]},"properties":{"name":"","fuel":"solar","mw":0.0,"country":"ZAF","status":"operating"}},{"type":"Feature","id":1602,"geometry":{"type":"Point","coordinates":[23.011,-29.471]},"properties":{"name":"","fuel":"solar","mw":0.0,"country":"ZAF","status":"operating"}},{"type":"Feature","id":1603,"geometry":{"type":"Point","coordinates":[23.012,-29.474]},"properties":{"name":"","fuel":"solar","mw":0.0,"country":"ZAF","status":"operating"}},{"type":"Feature","id":1604,"geometry":{"type":"Point","coordinates":[23.018,-29.497]},"properties":{"name":"","fuel":"solar","mw":0.0,"country":"ZAF","status":"operating"}},{"type":"Feature","id":1605,"geometry":{"type":"Point","coordinates":[23.026,-29.413]},"properties":{"name":"","fuel":"solar","mw":0.0,"country":"ZAF","status":"operating"}},{"type":"Feature","id":1606,"geometry":{"type":"Point","coordinates":[23.036,-29.434]},"properties":{"name":"","fuel":"solar","mw":0.0,"country":"ZAF","status":"operating"}},{"type":"Feature","id":1607,"geometry":{"type":"Point","coordinates":[23.038,-29.417]},"properties":{"name":"","fuel":"solar","mw":0.0,"country":"ZAF","status":"operating"}},{"type":"Feature","id":1608,"geometry":{"type":"Point","coordinates":[23.038,-29.421]},"properties":{"name":"","fuel":"solar","mw":0.0,"country":"ZAF","status":"operating"}},{"type":"Feature","id":1609,"geometry":{"type":"Point","coordinates":[23.078,-29.422]},"properties":{"name":"","fuel":"solar","mw":0.0,"country":"ZAF","status":"operating"}},{"type":"Feature","id":1610,"geometry":{"type":"Point","coordinates":[23.091,-29.424]},"properties":{"name":"","fuel":"solar","mw":0.0,"country":"ZAF","status":"operating"}},{"type":"Feature","id":1611,"geometry":{"type":"Point","coordinates":[23.127,-29.353]},"properties":{"name":"","fuel":"solar","mw":0.0,"country":"ZAF","status":"operating"}},{"type":"Feature","id":1612,"geometry":{"type":"Point","coordinates":[23.137,-29.353]},"properties":{"name":"","fuel":"solar","mw":0.0,"country":"ZAF","status":"operating"}},{"type":"Feature","id":1613,"geometry":{"type":"Point","coordinates":[23.251,-29.288]},"properties":{"name":"","fuel":"solar","mw":0.0,"country":"ZAF","status":"operating"}},{"type":"Feature","id":1614,"geometry":{"type":"Point","coordinates":[23.271,-29.279]},"properties":{"name":"","fuel":"solar","mw":0.0,"country":"ZAF","status":"operating"}},{"type":"Feature","id":1615,"geometry":{"type":"Point","coordinates":[23.284,-29.274]},"properties":{"name":"","fuel":"solar","mw":0.0,"country":"ZAF","status":"operating"}},{"type":"Feature","id":1616,"geometry":{"type":"Point","coordinates":[23.29,-29.274]},"properties":{"name":"","fuel":"solar","mw":0.0,"country":"ZAF","status":"operating"}},{"type":"Feature","id":1617,"geometry":{"type":"Point","coordinates":[23.311,-29.386]},"properties":{"name":"Boikanyo Solar","fuel":"solar","mw":55.0,"country":"ZAF","status":"operating"}},{"type":"Feature","id":1618,"geometry":{"type":"Point","coordinates":[23.312,-29.391]},"properties":{"name":"Greefspan Solar Park","fuel":"solar","mw":9.9,"country":"ZAF","status":"operating"}},{"type":"Feature","id":1619,"geometry":{"type":"Point","coordinates":[23.139,-29.346]},"properties":{"name":"","fuel":"solar","mw":0.0,"country":"ZAF","status":"operating"}},{"type":"Feature","id":1620,"geometry":{"type":"Point","coordinates":[31.724,-27.117]},"properties":{"name":"Lavumisa Solar Array","fuel":"solar","mw":10.0,"country":"SWZ","status":"operating"}},{"type":"Feature","id":1621,"geometry":{"type":"Point","coordinates":[31.167,-27.095]},"properties":{"name":"Nhlangano Sawmill","fuel":"solar","mw":1.0,"country":"SWZ","status":"operating"}},{"type":"Feature","id":1622,"geometry":{"type":"Point","coordinates":[30.946,-27.085]},"properties":{"name":"Bakenkop Hydroelectric Powerstation","fuel":"hydro","mw":0.8,"country":"ZAF","status":"operating"}},{"type":"Feature","id":1623,"geometry":{"type":"Point","coordinates":[30.793,-26.964]},"properties":{"name":"Newington Sawmill","fuel":"solar","mw":0.0,"country":"ZAF","status":"operating"}},{"type":"Feature","id":1624,"geometry":{"type":"Point","coordinates":[31.942,-26.773]},"properties":{"name":"Ubombo Sugar Mill power station","fuel":"unknown","mw":0.0,"country":"SWZ","status":"operating"}},{"type":"Feature","id":1625,"geometry":{"type":"Point","coordinates":[31.766,-26.735]},"properties":{"name":"Tambuti Estate","fuel":"solar","mw":1.5,"country":"SWZ","status":"operating"}},{"type":"Feature","id":1626,"geometry":{"type":"Point","coordinates":[31.697,-26.722]},"properties":{"name":"","fuel":"solar","mw":0.0,"country":"SWZ","status":"operating"}},{"type":"Feature","id":1627,"geometry":{"type":"Point","coordinates":[31.555,-26.674]},"properties":{"name":"","fuel":"solar","mw":0.0,"country":"SWZ","status":"operating"}},{"type":"Feature","id":1628,"geometry":{"type":"Point","coordinates":[31.354,-26.615]},"properties":{"name":"Maguduza","fuel":"unknown","mw":0.0,"country":"SWZ","status":"operating"}},{"type":"Feature","id":1629,"geometry":{"type":"Point","coordinates":[31.353,-26.615]},"properties":{"name":"Maguduza Hydroelectric Power Plant","fuel":"hydro","mw":0.0,"country":"SWZ","status":"operating"}},{"type":"Feature","id":1630,"geometry":{"type":"Point","coordinates":[31.323,-26.59]},"properties":{"name":"Edwaleni","fuel":"unknown","mw":0.0,"country":"SWZ","status":"operating"}},{"type":"Feature","id":1631,"geometry":{"type":"Point","coordinates":[31.323,-26.59]},"properties":{"name":"Edwaleni Diesel","fuel":"gas","mw":9.0,"country":"SWZ","status":"operating"}},{"type":"Feature","id":1632,"geometry":{"type":"Point","coordinates":[31.324,-26.589]},"properties":{"name":"Edwaleni Hydroelectric Power Station","fuel":"hydro","mw":15.0,"country":"SWZ","status":"operating"}},{"type":"Feature","id":1633,"geometry":{"type":"Point","coordinates":[31.269,-26.558]},"properties":{"name":"","fuel":"solar","mw":0.0,"country":"SWZ","status":"operating"}},{"type":"Feature","id":1634,"geometry":{"type":"Point","coordinates":[30.633,-26.556]},"properties":{"name":"Glen Aggy","fuel":"solar","mw":0.0,"country":"ZAF","status":"operating"}},{"type":"Feature","id":1635,"geometry":{"type":"Point","coordinates":[31.298,-26.517]},"properties":{"name":"Eswatini Poultry Processors","fuel":"solar","mw":1.0,"country":"SWZ","status":"operating"}},{"type":"Feature","id":1636,"geometry":{"type":"Point","coordinates":[31.292,-26.517]},"properties":{"name":"","fuel":"solar","mw":0.0,"country":"SWZ","status":"operating"}},{"type":"Feature","id":1637,"geometry":{"type":"Point","coordinates":[31.295,-26.511]},"properties":{"name":"","fuel":"solar","mw":0.0,"country":"SWZ","status":"operating"}},{"type":"Feature","id":1638,"geometry":{"type":"Point","coordinates":[31.385,-26.505]},"properties":{"name":"","fuel":"unknown","mw":0.0,"country":"SWZ","status":"operating"}},{"type":"Feature","id":1639,"geometry":{"type":"Point","coordinates":[31.362,-26.501]},"properties":{"name":"RFM Hospital Solar Farm","fuel":"solar","mw":1.0,"country":"SWZ","status":"operating"}},{"type":"Feature","id":1640,"geometry":{"type":"Point","coordinates":[31.913,-26.438]},"properties":{"name":"Buckwoods House","fuel":"solar","mw":0.1,"country":"SWZ","status":"operating"}},{"type":"Feature","id":1641,"geometry":{"type":"Point","coordinates":[31.155,-26.376]},"properties":{"name":"Ezulwini Hydropower Station","fuel":"hydro","mw":20.0,"country":"SWZ","status":"operating"}},{"type":"Feature","id":1642,"geometry":{"type":"Point","coordinates":[31.262,-26.079]},"properties":{"name":"Maguga Power Station","fuel":"hydro","mw":19.0,"country":"SWZ","status":"operating"}},{"type":"Feature","id":1643,"geometry":{"type":"Point","coordinates":[30.56,-25.953]},"properties":{"name":"Badplaas","fuel":"hydro","mw":0.2,"country":"ZAF","status":"operating"}},{"type":"Feature","id":1644,"geometry":{"type":"Point","coordinates":[31.407,-25.791]},"properties":{"name":"Ngonini Estate","fuel":"solar","mw":0.8,"country":"SWZ","status":"operating"}},{"type":"Feature","id":1645,"geometry":{"type":"Point","coordinates":[31.066,-25.735]},"properties":{"name":"Barberton Mines","fuel":"solar","mw":10.0,"country":"SWZ","status":"operating"}},{"type":"Feature","id":1646,"geometry":{"type":"Point","coordinates":[31.866,-25.581]},"properties":{"name":"Umhlatuzi River Sugar","fuel":"solar","mw":0.8,"country":"MOZ","status":"operating"}},{"type":"Feature","id":1647,"geometry":{"type":"Point","coordinates":[30.659,-25.578]},"properties":{"name":"Sappi Ngodwana Biomass Power Station","fuel":"biomass","mw":25.0,"country":"ZAF","status":"operating"}},{"type":"Feature","id":1648,"geometry":{"type":"Point","coordinates":[31.591,-25.531]},"properties":{"name":"","fuel":"solar","mw":0.0,"country":"ZAF","status":"operating"}},{"type":"Feature","id":1649,"geometry":{"type":"Point","coordinates":[32.006,-25.467]},"properties":{"name":"Central Térmica de Ressano Garcia","fuel":"gas","mw":175.0,"country":"MOZ","status":"operating"}},{"type":"Feature","id":1650,"geometry":{"type":"Point","coordinates":[32.007,-25.462]},"properties":{"name":"Central Gigawatt","fuel":"gas","mw":120.0,"country":"MOZ","status":"operating"}},{"type":"Feature","id":1651,"geometry":{"type":"Point","coordinates":[30.982,-25.452]},"properties":{"name":"Friedenheim Hydroelectric Power Station","fuel":"hydro","mw":2.5,"country":"ZAF","status":"operating"}},{"type":"Feature","id":1652,"geometry":{"type":"Point","coordinates":[31.539,-25.443]},"properties":{"name":"Leopard Creek Solar Farm","fuel":"solar","mw":0.6,"country":"ZAF","status":"operating"}},{"type":"Feature","id":1653,"geometry":{"type":"Point","coordinates":[31.766,-25.442]},"properties":{"name":"","fuel":"solar","mw":0.0,"country":"MOZ","status":"operating"}},{"type":"Feature","id":1654,"geometry":{"type":"Point","coordinates":[31.089,-25.47]},"properties":{"name":"","fuel":"hydro","mw":0.0,"country":"ZAF","status":"operating"}},{"type":"Feature","id":1655,"geometry":{"type":"Point","coordinates":[31.036,-25.463]},"properties":{"name":"Crocodile Valley Citrus Estates","fuel":"hydro","mw":0.1,"country":"ZAF","status":"operating"}},{"type":"Feature","id":1656,"geometry":{"type":"Point","coordinates":[31.115,-25.464]},"properties":{"name":"","fuel":"solar","mw":0.0,"country":"ZAF","status":"operating"}},{"type":"Feature","id":1657,"geometry":{"type":"Point","coordinates":[30.42,-24.125]},"properties":{"name":"","fuel":"solar","mw":0.0,"country":"ZAF","status":"operating"}},{"type":"Feature","id":1658,"geometry":{"type":"Point","coordinates":[30.437,-24.121]},"properties":{"name":"","fuel":"solar","mw":0.0,"country":"ZAF","status":"operating"}},{"type":"Feature","id":1659,"geometry":{"type":"Point","coordinates":[30.41,-24.071]},"properties":{"name":"","fuel":"solar","mw":0.0,"country":"ZAF","status":"operating"}},{"type":"Feature","id":1660,"geometry":{"type":"Point","coordinates":[30.293,-23.864]},"properties":{"name":"Letaba Citrus Processors","fuel":"solar","mw":2.0,"country":"ZAF","status":"operating"}},{"type":"Feature","id":1661,"geometry":{"type":"Point","coordinates":[30.369,-23.86]},"properties":{"name":"Du Roi Agritech","fuel":"solar","mw":0.1,"country":"ZAF","status":"operating"}},{"type":"Feature","id":1662,"geometry":{"type":"Point","coordinates":[30.381,-23.781]},"properties":{"name":"Bushvalley Chickens","fuel":"solar","mw":2.4,"country":"ZAF","status":"operating"}},{"type":"Feature","id":1663,"geometry":{"type":"Point","coordinates":[31.265,-23.714]},"properties":{"name":"","fuel":"solar","mw":0.0,"country":"ZAF","status":"operating"}},{"type":"Feature","id":1664,"geometry":{"type":"Point","coordinates":[30.673,-23.656]},"properties":{"name":"ATKV Die Eiland","fuel":"solar","mw":0.8,"country":"ZAF","status":"operating"}},{"type":"Feature","id":1665,"geometry":{"type":"Point","coordinates":[30.205,-23.592]},"properties":{"name":"","fuel":"solar","mw":0.0,"country":"ZAF","status":"operating"}},{"type":"Feature","id":1666,"geometry":{"type":"Point","coordinates":[30.371,-23.494]},"properties":{"name":"","fuel":"solar","mw":0.0,"country":"ZAF","status":"operating"}},{"type":"Feature","id":1667,"geometry":{"type":"Point","coordinates":[30.363,-23.493]},"properties":{"name":"","fuel":"solar","mw":0.0,"country":"ZAF","status":"operating"}},{"type":"Feature","id":1668,"geometry":{"type":"Point","coordinates":[30.37,-23.487]},"properties":{"name":"","fuel":"solar","mw":0.0,"country":"ZAF","status":"operating"}},{"type":"Feature","id":1669,"geometry":{"type":"Point","coordinates":[29.835,-23.11]},"properties":{"name":"Limpopo Dairy Solar Farm","fuel":"solar","mw":0.5,"country":"ZAF","status":"operating"}},{"type":"Feature","id":1670,"geometry":{"type":"Point","coordinates":[30.154,-23.06]},"properties":{"name":"","fuel":"solar","mw":0.0,"country":"ZAF","status":"operating"}},{"type":"Feature","id":1671,"geometry":{"type":"Point","coordinates":[31.221,-22.945]},"properties":{"name":"","fuel":"solar","mw":0.0,"country":"ZAF","status":"operating"}},{"type":"Feature","id":1672,"geometry":{"type":"Point","coordinates":[30.952,-22.508]},"properties":{"name":"Tshikondeni","fuel":"solar","mw":1.0,"country":"ZAF","status":"operating"}},{"type":"Feature","id":1673,"geometry":{"type":"Point","coordinates":[31.232,-22.42]},"properties":{"name":"Pafuri Camp","fuel":"solar","mw":0.1,"country":"ZAF","status":"operating"}},{"type":"Feature","id":1674,"geometry":{"type":"Point","coordinates":[32.53,-25.94]},"properties":{"name":"Central Térmica de Maputo","fuel":"gas","mw":145.0,"country":"MOZ","status":"operating"}},{"type":"Feature","id":1675,"geometry":{"type":"Point","coordinates":[32.808,-24.436]},"properties":{"name":"Central Kuvaninga","fuel":"gas","mw":40.0,"country":"MOZ","status":"operating"}},{"type":"Feature","id":1676,"geometry":{"type":"Point","coordinates":[32.844,-18.43]},"properties":{"name":"Pungwe B Hydroelectric Power Station","fuel":"hydro","mw":15.0,"country":"MOZ","status":"operating"}},{"type":"Feature","id":1677,"geometry":{"type":"Point","coordinates":[33.145,-19.156]},"properties":{"name":"Central hidroeléctrica de Chicamba","fuel":"hydro","mw":44.0,"country":"MOZ","status":"operating"}},{"type":"Feature","id":1678,"geometry":{"type":"Point","coordinates":[33.51,-19.546]},"properties":{"name":"Central hidroeléctrica de Mavuzi","fuel":"hydro","mw":52.0,"country":"MOZ","status":"operating"}},{"type":"Feature","id":1679,"geometry":{"type":"Point","coordinates":[46.876,-25.006]},"properties":{"name":"Pompage Solaire","fuel":"solar","mw":0.0,"country":"","status":"operating"}},{"type":"Feature","id":1680,"geometry":{"type":"Point","coordinates":[47.069,-19.94]},"properties":{"name":"Centrale Hydroélectrique de Manandona","fuel":"hydro","mw":1.6,"country":"MDG","status":"operating"}},{"type":"Feature","id":1681,"geometry":{"type":"Point","coordinates":[47.083,-20.119]},"properties":{"name":"Centrale Hydroélectrique de Sahanivotry","fuel":"hydro","mw":16.5,"country":"MDG","status":"operating"}},{"type":"Feature","id":1682,"geometry":{"type":"Point","coordinates":[47.438,-21.257]},"properties":{"name":"Centrale d'Namorona","fuel":"hydro","mw":5.6,"country":"MDG","status":"operating"}},{"type":"Feature","id":1683,"geometry":{"type":"Point","coordinates":[47.549,-18.929]},"properties":{"name":"Jirama Mandroseza","fuel":"oil","mw":40.0,"country":"MDG","status":"operating"}},{"type":"Feature","id":1684,"geometry":{"type":"Point","coordinates":[47.599,-18.93]},"properties":{"name":"","fuel":"oil","mw":0.0,"country":"MDG","status":"operating"}},{"type":"Feature","id":1685,"geometry":{"type":"Point","coordinates":[47.598,-18.932]},"properties":{"name":"Ambohimanambola Aksaf power station","fuel":"oil","mw":66.0,"country":"MDG","status":"operating"}},{"type":"Feature","id":1686,"geometry":{"type":"Point","coordinates":[47.599,-18.931]},"properties":{"name":"Ambohimanambola (Trigu) power station","fuel":"oil","mw":0.0,"country":"MDG","status":"operating"}},{"type":"Feature","id":1687,"geometry":{"type":"Point","coordinates":[47.6,-18.935]},"properties":{"name":"Aggreko Ambohimanambola power station","fuel":"oil","mw":0.0,"country":"MDG","status":"operating"}},{"type":"Feature","id":1688,"geometry":{"type":"Point","coordinates":[47.692,-19.006]},"properties":{"name":"Centrale d'Antelomita II","fuel":"hydro","mw":4.1,"country":"MDG","status":"operating"}},{"type":"Feature","id":1689,"geometry":{"type":"Point","coordinates":[47.703,-19.012]},"properties":{"name":"Centrale d'Antelomita I","fuel":"hydro","mw":4.1,"country":"MDG","status":"operating"}},{"type":"Feature","id":1690,"geometry":{"type":"Point","coordinates":[47.834,-19.248]},"properties":{"name":"Centrale de Tsiazompaniry","fuel":"hydro","mw":5.2,"country":"MDG","status":"operating"}},{"type":"Feature","id":1691,"geometry":{"type":"Point","coordinates":[47.947,-18.926]},"properties":{"name":"Centrale de la Mandraka","fuel":"hydro","mw":24.0,"country":"MDG","status":"operating"}},{"type":"Feature","id":1692,"geometry":{"type":"Point","coordinates":[48.656,-18.803]},"properties":{"name":"Centrale d'Andekaleka","fuel":"hydro","mw":91.0,"country":"MDG","status":"operating"}},{"type":"Feature","id":1693,"geometry":{"type":"Point","coordinates":[49.181,-18.136]},"properties":{"name":"Centrale de Volobe","fuel":"hydro","mw":6.8,"country":"MDG","status":"operating"}},{"type":"Feature","id":1694,"geometry":{"type":"Point","coordinates":[32.92,-18.345]},"properties":{"name":"Nyamhingura Hydroelectric Power Station","fuel":"hydro","mw":1.1,"country":"MOZ","status":"operating"}},{"type":"Feature","id":1695,"geometry":{"type":"Point","coordinates":[32.907,-18.395]},"properties":{"name":"Pungwe C Hydroelectric Power Station","fuel":"hydro","mw":4.3,"country":"MOZ","status":"operating"}},{"type":"Feature","id":1696,"geometry":{"type":"Point","coordinates":[32.846,-18.437]},"properties":{"name":"Pungwe A Hydroelectric Power Station","fuel":"hydro","mw":2.1,"country":"MOZ","status":"operating"}},{"type":"Feature","id":1697,"geometry":{"type":"Point","coordinates":[32.72,-18.597]},"properties":{"name":"Duru Hydroelectric Power Station","fuel":"hydro","mw":2.2,"country":"MOZ","status":"operating"}},{"type":"Feature","id":1698,"geometry":{"type":"Point","coordinates":[32.878,-18.537]},"properties":{"name":"Hauna Hydroelectric Power Station","fuel":"hydro","mw":2.3,"country":"MOZ","status":"operating"}},{"type":"Feature","id":1699,"geometry":{"type":"Point","coordinates":[32.898,-18.13]},"properties":{"name":"Tsanga B","fuel":"hydro","mw":2.8,"country":"MOZ","status":"operating"}},{"type":"Feature","id":1700,"geometry":{"type":"Point","coordinates":[32.74,-20.055]},"properties":{"name":"Kupinga Hydroelectric Power Station","fuel":"hydro","mw":1.6,"country":"MOZ","status":"operating"}},{"type":"Feature","id":1701,"geometry":{"type":"Point","coordinates":[49.36,-18.198]},"properties":{"name":"Ambatovy Nickel power station","fuel":"unknown","mw":0.0,"country":"","status":"operating"}},{"type":"Feature","id":1702,"geometry":{"type":"Point","coordinates":[32.807,-20.248]},"properties":{"name":"Ratelshoek Solar Plant","fuel":"solar","mw":2.0,"country":"MOZ","status":"operating"}},{"type":"Feature","id":1703,"geometry":{"type":"Point","coordinates":[32.787,-20.159]},"properties":{"name":"Tingamira Solar Plant","fuel":"solar","mw":1.2,"country":"MOZ","status":"operating"}},{"type":"Feature","id":1704,"geometry":{"type":"Point","coordinates":[32.675,-20.525]},"properties":{"name":"Jersey Tea Estate Solar Plant","fuel":"solar","mw":1.4,"country":"MOZ","status":"operating"}},{"type":"Feature","id":1705,"geometry":{"type":"Point","coordinates":[47.445,-19.489]},"properties":{"name":"Centrale Solaire de Ambatolampy","fuel":"solar","mw":40.0,"country":"MDG","status":"operating"}},{"type":"Feature","id":1706,"geometry":{"type":"Point","coordinates":[45.788,-22.86]},"properties":{"name":"","fuel":"solar","mw":0.0,"country":"MDG","status":"operating"}},{"type":"Feature","id":1707,"geometry":{"type":"Point","coordinates":[33.778,-24.112]},"properties":{"name":"Mini-Rede de Changanine","fuel":"solar","mw":0.1,"country":"MOZ","status":"operating"}},{"type":"Feature","id":1708,"geometry":{"type":"Point","coordinates":[34.156,-20.204]},"properties":{"name":"Mini-Rede de Chissinguane","fuel":"solar","mw":0.0,"country":"MOZ","status":"operating"}},{"type":"Feature","id":1709,"geometry":{"type":"Point","coordinates":[32.827,-20.264]},"properties":{"name":"Southdown Tea Estate","fuel":"solar","mw":0.5,"country":"MOZ","status":"operating"}},{"type":"Feature","id":1710,"geometry":{"type":"Point","coordinates":[45.121,-24.0]},"properties":{"name":"Molo Graphite","fuel":"solar","mw":2.6,"country":"MDG","status":"operating"}},{"type":"Feature","id":1711,"geometry":{"type":"Point","coordinates":[45.124,-24.002]},"properties":{"name":"","fuel":"diesel","mw":3.1,"country":"MDG","status":"operating"}},{"type":"Feature","id":1712,"geometry":{"type":"Point","coordinates":[47.26,-18.78]},"properties":{"name":"Farahantsana 1","fuel":"hydro","mw":28.0,"country":"MDG","status":"operating"}},{"type":"Feature","id":1713,"geometry":{"type":"Point","coordinates":[47.259,-18.78]},"properties":{"name":"","fuel":"hydro","mw":0.0,"country":"MDG","status":"operating"}},{"type":"Feature","id":1714,"geometry":{"type":"Point","coordinates":[35.064,-21.76]},"properties":{"name":"Central Termica de Temane","fuel":"gas","mw":450.0,"country":"MOZ","status":"operating"}},{"type":"Feature","id":1715,"geometry":{"type":"Point","coordinates":[43.716,-23.362]},"properties":{"name":"","fuel":"solar","mw":2.9,"country":"MDG","status":"operating"}},{"type":"Feature","id":1716,"geometry":{"type":"Point","coordinates":[43.716,-23.364]},"properties":{"name":"Centrale thermique JIRAMA","fuel":"unknown","mw":9.0,"country":"MDG","status":"operating"}},{"type":"Feature","id":1717,"geometry":{"type":"Point","coordinates":[44.316,-20.276]},"properties":{"name":"","fuel":"solar","mw":1.4,"country":"MDG","status":"operating"}},{"type":"Feature","id":1718,"geometry":{"type":"Point","coordinates":[37.04,-16.824]},"properties":{"name":"Central Solar de Mocuba","fuel":"solar","mw":40.0,"country":"MOZ","status":"operating"}},{"type":"Feature","id":1719,"geometry":{"type":"Point","coordinates":[44.455,-16.604]},"properties":{"name":"","fuel":"unknown","mw":0.0,"country":"MDG","status":"operating"}},{"type":"Feature","id":1720,"geometry":{"type":"Point","coordinates":[35.661,-15.991]},"properties":{"name":"Ruo–Ndiza Hydroelectric Power Station","fuel":"hydro","mw":8.2,"country":"MOZ","status":"operating"}},{"type":"Feature","id":1721,"geometry":{"type":"Point","coordinates":[34.753,-15.901]},"properties":{"name":"Kapichira Hydroelectric Power Station","fuel":"hydro","mw":129.6,"country":"MWI","status":"operating"}},{"type":"Feature","id":1722,"geometry":{"type":"Point","coordinates":[35.099,-15.755]},"properties":{"name":"Mapanga Power Station","fuel":"oil","mw":20.0,"country":"MWI","status":"operating"}},{"type":"Feature","id":1723,"geometry":{"type":"Point","coordinates":[46.316,-15.725]},"properties":{"name":"CMS Jirama","fuel":"unknown","mw":0.0,"country":"","status":"operating"}},{"type":"Feature","id":1724,"geometry":{"type":"Point","coordinates":[46.422,-15.703]},"properties":{"name":"","fuel":"solar","mw":12.0,"country":"MDG","status":"operating"}},{"type":"Feature","id":1725,"geometry":{"type":"Point","coordinates":[32.706,-15.587]},"properties":{"name":"Cahora Bassa Hydroelectric Station","fuel":"hydro","mw":2075.0,"country":"MOZ","status":"operating"}},{"type":"Feature","id":1726,"geometry":{"type":"Point","coordinates":[34.777,-15.56]},"properties":{"name":"Tedzani III Hydroelectric Plant","fuel":"hydro","mw":62.0,"country":"MWI","status":"operating"}},{"type":"Feature","id":1727,"geometry":{"type":"Point","coordinates":[34.778,-15.559]},"properties":{"name":"Tedzani I and II Hydroelectric Plants","fuel":"hydro","mw":40.0,"country":"MWI","status":"operating"}},{"type":"Feature","id":1728,"geometry":{"type":"Point","coordinates":[34.779,-15.557]},"properties":{"name":"Tedzani IV Hydroelectric Plant","fuel":"hydro","mw":19.1,"country":"MWI","status":"operating"}},{"type":"Feature","id":1729,"geometry":{"type":"Point","coordinates":[49.557,-15.549]},"properties":{"name":"Centrale de Maroantsetra","fuel":"hydro","mw":2.5,"country":"MDG","status":"operating"}},{"type":"Feature","id":1730,"geometry":{"type":"Point","coordinates":[34.819,-15.527]},"properties":{"name":"Nkula B Hydroelectric Plant","fuel":"hydro","mw":100.0,"country":"MWI","status":"operating"}},{"type":"Feature","id":1731,"geometry":{"type":"Point","coordinates":[34.818,-15.526]},"properties":{"name":"Nkula A Hydroelectric Plant","fuel":"hydro","mw":35.1,"country":"MWI","status":"operating"}},{"type":"Feature","id":1732,"geometry":{"type":"Point","coordinates":[36.504,-14.8]},"properties":{"name":"Cuamba Solar Power Plant","fuel":"solar","mw":20.0,"country":"MOZ","status":"operating"}},{"type":"Feature","id":1733,"geometry":{"type":"Point","coordinates":[40.666,-14.554]},"properties":{"name":"Karadeniz Powership - Irem Sultan","fuel":"oil","mw":102.5,"country":"MOZ","status":"operating"}},{"type":"Feature","id":1734,"geometry":{"type":"Point","coordinates":[40.628,-14.534]},"properties":{"name":"Aggreko","fuel":"diesel","mw":0.0,"country":"MOZ","status":"operating"}},{"type":"Feature","id":1735,"geometry":{"type":"Point","coordinates":[34.601,-14.443]},"properties":{"name":"Golomoti Solar Power Station","fuel":"solar","mw":28.0,"country":"MWI","status":"operating"}},{"type":"Feature","id":1736,"geometry":{"type":"Point","coordinates":[33.782,-13.779]},"properties":{"name":"KIA Solar Plant","fuel":"solar","mw":0.8,"country":"MWI","status":"operating"}},{"type":"Feature","id":1737,"geometry":{"type":"Point","coordinates":[34.329,-13.711]},"properties":{"name":"Salima Solar Power Station","fuel":"solar","mw":60.0,"country":"MWI","status":"operating"}},{"type":"Feature","id":1738,"geometry":{"type":"Point","coordinates":[38.667,-13.299]},"properties":{"name":"Balama","fuel":"solar","mw":11.2,"country":"MOZ","status":"operating"}},{"type":"Feature","id":1739,"geometry":{"type":"Point","coordinates":[39.881,-13.132]},"properties":{"name":"Central Solar de Metoro","fuel":"solar","mw":41.0,"country":"MOZ","status":"operating"}},{"type":"Feature","id":1740,"geometry":{"type":"Point","coordinates":[34.255,-12.968]},"properties":{"name":"Nkhotakota Solar Plant","fuel":"solar","mw":21.0,"country":"MWI","status":"operating"}},{"type":"Feature","id":1741,"geometry":{"type":"Point","coordinates":[34.0,-11.393]},"properties":{"name":"Luwinga - Mzuzu","fuel":"diesel","mw":6.0,"country":"MWI","status":"operating"}},{"type":"Feature","id":1742,"geometry":{"type":"Point","coordinates":[37.674,-12.114]},"properties":{"name":"Mini-rede de Mecula","fuel":"solar","mw":0.4,"country":"MOZ","status":"operating"}},{"type":"Feature","id":1743,"geometry":{"type":"Point","coordinates":[36.266,-12.563]},"properties":{"name":"Mini-Rede de Mavago","fuel":"solar","mw":0.6,"country":"MOZ","status":"operating"}},{"type":"Feature","id":1744,"geometry":{"type":"Point","coordinates":[35.636,-13.09]},"properties":{"name":"Mini-Rede de Muembe","fuel":"solar","mw":0.4,"country":"MOZ","status":"operating"}},{"type":"Feature","id":1745,"geometry":{"type":"Point","coordinates":[39.449,-14.065]},"properties":{"name":"Mini-Rede de Namiroa","fuel":"solar","mw":0.0,"country":"MOZ","status":"operating"}},{"type":"Feature","id":1746,"geometry":{"type":"Point","coordinates":[33.691,-17.049]},"properties":{"name":"Mini-Rede de Chivuli","fuel":"solar","mw":0.0,"country":"MOZ","status":"operating"}},{"type":"Feature","id":1747,"geometry":{"type":"Point","coordinates":[35.364,-14.021]},"properties":{"name":"Mini-Rede de Chissimbir","fuel":"solar","mw":0.0,"country":"MOZ","status":"operating"}},{"type":"Feature","id":1748,"geometry":{"type":"Point","coordinates":[39.31,-11.312]},"properties":{"name":"Ngapa","fuel":"solar","mw":0.2,"country":"MOZ","status":"operating"}},{"type":"Feature","id":1749,"geometry":{"type":"Point","coordinates":[49.285,-12.316]},"properties":{"name":"Diego (Ramena)","fuel":"solar","mw":1.7,"country":"MDG","status":"operating"}},{"type":"Feature","id":1750,"geometry":{"type":"Point","coordinates":[34.879,-13.264]},"properties":{"name":"Luawisse","fuel":"hydro","mw":0.5,"country":"MOZ","status":"operating"}},{"type":"Feature","id":1751,"geometry":{"type":"Point","coordinates":[34.084,-10.445]},"properties":{"name":"Wovwe Hydroelectric Power Station","fuel":"hydro","mw":4.3,"country":"MWI","status":"operating"}}]}