{"type": "FeatureCollection", "features": [{"type": "Feature", "id": 0, "geometry": {"type": "Point", "coordinates": [20.603, 44.772]}, "properties": {"name": "Vinca Waste-to-Energy power station", "fuel": "biomass", "mw": 30.0, "country": "SRB", "status": "operating"}}, {"type": "Feature", "id": 1, "geometry": {"type": "Point", "coordinates": [21.951, 43.832]}, "properties": {"name": "Boljevac Pellets power station", "fuel": "biomass", "mw": 2.4, "country": "SRB", "status": "operating"}}, {"type": "Feature", "id": 2, "geometry": {"type": "Point", "coordinates": [21.321, 43.597]}, "properties": {"name": "Kru\u0161evac power station", "fuel": "biomass", "mw": 4.8, "country": "SRB", "status": "operating"}}, {"type": "Feature", "id": 3, "geometry": {"type": "Point", "coordinates": [19.703, 40.738]}, "properties": {"name": "Roskovec power station", "fuel": "gas", "mw": 170.0, "country": "ALB", "status": "planned"}}, {"type": "Feature", "id": 4, "geometry": {"type": "Point", "coordinates": [19.438, 40.484]}, "properties": {"name": "Vlora Floating Thermal Power Plant", "fuel": "gas", "mw": 52.2, "country": "ALB", "status": "planned"}}, {"type": "Feature", "id": 5, "geometry": {"type": "Point", "coordinates": [19.438, 40.484]}, "properties": {"name": "Vlora Floating Thermal Power Plant", "fuel": "gas", "mw": 58.0, "country": "ALB", "status": "planned"}}, {"type": "Feature", "id": 6, "geometry": {"type": "Point", "coordinates": [19.435, 40.49]}, "properties": {"name": "Vlora power station", "fuel": "gas", "mw": 100.0, "country": "ALB", "status": "planned"}}, {"type": "Feature", "id": 7, "geometry": {"type": "Point", "coordinates": [19.435, 40.49]}, "properties": {"name": "Vlora power station", "fuel": "gas", "mw": 150.0, "country": "ALB", "status": "planned"}}, {"type": "Feature", "id": 8, "geometry": {"type": "Point", "coordinates": [19.435, 40.49]}, "properties": {"name": "Vlora power station", "fuel": "gas", "mw": 100.0, "country": "ALB", "status": "planned"}}, {"type": "Feature", "id": 9, "geometry": {"type": "Point", "coordinates": [18.114, 44.09]}, "properties": {"name": "Kakanj Thermal Power Plant", "fuel": "gas", "mw": 175.0, "country": "BIH", "status": "planned"}}, {"type": "Feature", "id": 10, "geometry": {"type": "Point", "coordinates": [19.105, 44.386]}, "properties": {"name": "Zvornik power plant", "fuel": "gas", "mw": 62.5, "country": "BIH", "status": "planned"}}, {"type": "Feature", "id": 11, "geometry": {"type": "Point", "coordinates": [21.484, 41.058]}, "properties": {"name": "Bitola power station", "fuel": "gas", "mw": 300.0, "country": "MKD", "status": "planned"}}, {"type": "Feature", "id": 12, "geometry": {"type": "Point", "coordinates": [22.1, 41.483]}, "properties": {"name": "Negotino power station", "fuel": "gas", "mw": 198.0, "country": "MKD", "status": "operating"}}, {"type": "Feature", "id": 13, "geometry": {"type": "Point", "coordinates": [22.1, 41.483]}, "properties": {"name": "Negotino power station", "fuel": "gas", "mw": 800.0, "country": "MKD", "status": "planned"}}, {"type": "Feature", "id": 14, "geometry": {"type": "Point", "coordinates": [21.453, 41.995]}, "properties": {"name": "Skopje CHP power station", "fuel": "gas", "mw": 220.0, "country": "MKD", "status": "operating"}}, {"type": "Feature", "id": 15, "geometry": {"type": "Point", "coordinates": [21.437, 41.993]}, "properties": {"name": "Skopje power station", "fuel": "gas", "mw": 105.0, "country": "MKD", "status": "planned"}}, {"type": "Feature", "id": 16, "geometry": {"type": "Point", "coordinates": [21.907, 43.304]}, "properties": {"name": "Nis power plant", "fuel": "gas", "mw": 500.0, "country": "SRB", "status": "planned"}}, {"type": "Feature", "id": 17, "geometry": {"type": "Point", "coordinates": [19.885, 45.268]}, "properties": {"name": "Novi Sad 2 power station", "fuel": "gas", "mw": 350.0, "country": "SRB", "status": "planned"}}, {"type": "Feature", "id": 18, "geometry": {"type": "Point", "coordinates": [19.885, 45.268]}, "properties": {"name": "Novi Sad power station", "fuel": "gas", "mw": 165.0, "country": "SRB", "status": "operating"}}, {"type": "Feature", "id": 19, "geometry": {"type": "Point", "coordinates": [19.885, 45.268]}, "properties": {"name": "Novi Sad power station", "fuel": "gas", "mw": 120.0, "country": "SRB", "status": "operating"}}, {"type": "Feature", "id": 20, "geometry": {"type": "Point", "coordinates": [20.68, 44.831]}, "properties": {"name": "Pan\u010devo power station", "fuel": "gas", "mw": 189.0, "country": "SRB", "status": "operating"}}, {"type": "Feature", "id": 21, "geometry": {"type": "Point", "coordinates": [20.416, 45.357]}, "properties": {"name": "Zrenjanin power station", "fuel": "gas", "mw": 120.0, "country": "SRB", "status": "operating"}}, {"type": "Feature", "id": 22, "geometry": {"type": "Point", "coordinates": [19.56, 40.729]}, "properties": {"name": "Arsol solar farm", "fuel": "solar", "mw": 50.0, "country": "ALB", "status": "planned"}}, {"type": "Feature", "id": 23, "geometry": {"type": "Point", "coordinates": [19.472, 41.402]}, "properties": {"name": "Bashkia Durr\u00ebs Durr\u00ebs County solar project", "fuel": "solar", "mw": 2.1, "country": "ALB", "status": "operating"}}, {"type": "Feature", "id": 24, "geometry": {"type": "Point", "coordinates": [19.528, 40.999]}, "properties": {"name": "Divjak\u00eb solar farm", "fuel": "solar", "mw": 45.0, "country": "ALB", "status": "planned"}}, {"type": "Feature", "id": 25, "geometry": {"type": "Point", "coordinates": [19.707, 41.539]}, "properties": {"name": "Durr\u00ebs County solar project", "fuel": "solar", "mw": 2.1, "country": "ALB", "status": "operating"}}, {"type": "Feature", "id": 26, "geometry": {"type": "Point", "coordinates": [19.422, 40.716]}, "properties": {"name": "D\u00ebrmenas Fier County solar project I", "fuel": "solar", "mw": 7.7, "country": "ALB", "status": "operating"}}, {"type": "Feature", "id": 27, "geometry": {"type": "Point", "coordinates": [19.415, 40.711]}, "properties": {"name": "D\u00ebrmenas Fier County solar project II", "fuel": "solar", "mw": 7.0, "country": "ALB", "status": "operating"}}, {"type": "Feature", "id": 28, "geometry": {"type": "Point", "coordinates": [20.72, 40.361]}, "properties": {"name": "Erseka solar farm", "fuel": "solar", "mw": 20.0, "country": "ALB", "status": "operating"}}, {"type": "Feature", "id": 29, "geometry": {"type": "Point", "coordinates": [20.72, 40.361]}, "properties": {"name": "Erseka solar farm", "fuel": "solar", "mw": 20.0, "country": "ALB", "status": "operating"}}, {"type": "Feature", "id": 30, "geometry": {"type": "Point", "coordinates": [20.72, 40.361]}, "properties": {"name": "Erseka solar farm", "fuel": "solar", "mw": 60.0, "country": "ALB", "status": "planned"}}, {"type": "Feature", "id": 31, "geometry": {"type": "Point", "coordinates": [19.424, 40.729]}, "properties": {"name": "Fier County solar project I", "fuel": "solar", "mw": 1.5, "country": "ALB", "status": "operating"}}, {"type": "Feature", "id": 32, "geometry": {"type": "Point", "coordinates": [19.622, 40.962]}, "properties": {"name": "Fier County solar project II", "fuel": "solar", "mw": 2.4, "country": "ALB", "status": "operating"}}, {"type": "Feature", "id": 33, "geometry": {"type": "Point", "coordinates": [19.698, 40.965]}, "properties": {"name": "Fier County solar project III", "fuel": "solar", "mw": 2.7, "country": "ALB", "status": "operating"}}, {"type": "Feature", "id": 34, "geometry": {"type": "Point", "coordinates": [19.41, 40.719]}, "properties": {"name": "Fier County solar project IV", "fuel": "solar", "mw": 3.5, "country": "ALB", "status": "operating"}}, {"type": "Feature", "id": 35, "geometry": {"type": "Point", "coordinates": [19.557, 40.728]}, "properties": {"name": "Fier solar farm", "fuel": "solar", "mw": 30.0, "country": "ALB", "status": "planned"}}, {"type": "Feature", "id": 36, "geometry": {"type": "Point", "coordinates": [20.06, 39.908]}, "properties": {"name": "Finiq solar farm", "fuel": "solar", "mw": 50.0, "country": "ALB", "status": "planned"}}, {"type": "Feature", "id": 37, "geometry": {"type": "Point", "coordinates": [19.509, 42.092]}, "properties": {"name": "Fushor Airport solar farm", "fuel": "solar", "mw": 27.0, "country": "ALB", "status": "planned"}}, {"type": "Feature", "id": 38, "geometry": {"type": "Point", "coordinates": [19.432, 40.742]}, "properties": {"name": "Fush\u00eb-Povel\u00e7\u00eb solar farm", "fuel": "solar", "mw": 100.0, "country": "ALB", "status": "planned"}}, {"type": "Feature", "id": 39, "geometry": {"type": "Point", "coordinates": [19.749, 40.605]}, "properties": {"name": "GreNNat Solar Park", "fuel": "solar", "mw": 25.0, "country": "ALB", "status": "operating"}}, {"type": "Feature", "id": 40, "geometry": {"type": "Point", "coordinates": [19.749, 40.605]}, "properties": {"name": "GreNNat Solar Park", "fuel": "solar", "mw": 75.0, "country": "ALB", "status": "planned"}}, {"type": "Feature", "id": 41, "geometry": {"type": "Point", "coordinates": [19.39, 40.779]}, "properties": {"name": "Gryka solar project", "fuel": "solar", "mw": 18.0, "country": "ALB", "status": "operating"}}, {"type": "Feature", "id": 42, "geometry": {"type": "Point", "coordinates": [19.453, 40.849]}, "properties": {"name": "Karavasta solar farm", "fuel": "solar", "mw": 140.0, "country": "ALB", "status": "operating"}}, {"type": "Feature", "id": 43, "geometry": {"type": "Point", "coordinates": [20.679, 40.338]}, "properties": {"name": "Kolonje solar farm", "fuel": "solar", "mw": 24.0, "country": "ALB", "status": "planned"}}, {"type": "Feature", "id": 44, "geometry": {"type": "Point", "coordinates": [20.411, 42.027]}, "properties": {"name": "Kuk\u00ebs County solar project", "fuel": "solar", "mw": 4.7, "country": "ALB", "status": "operating"}}, {"type": "Feature", "id": 45, "geometry": {"type": "Point", "coordinates": [20.263, 40.03]}, "properties": {"name": "Libohova solar farm", "fuel": "solar", "mw": 93.0, "country": "ALB", "status": "planned"}}, {"type": "Feature", "id": 46, "geometry": {"type": "Point", "coordinates": [19.391, 40.762]}, "properties": {"name": "Project Blue 1 solar farm", "fuel": "solar", "mw": 58.0, "country": "ALB", "status": "operating"}}, {"type": "Feature", "id": 47, "geometry": {"type": "Point", "coordinates": [19.57, 40.742]}, "properties": {"name": "Project Blue 2 solar farm", "fuel": "solar", "mw": 58.0, "country": "ALB", "status": "planned"}}, {"type": "Feature", "id": 48, "geometry": {"type": "Point", "coordinates": [20.975, 40.66]}, "properties": {"name": "Qend\u00ebr Bilisht Kor\u00e7\u00eb County solar project", "fuel": "solar", "mw": 16.3, "country": "ALB", "status": "operating"}}, {"type": "Feature", "id": 49, "geometry": {"type": "Point", "coordinates": [20.785, 40.641]}, "properties": {"name": "Qend\u00ebr Bulgarec Kor\u00e7\u00eb County solar project", "fuel": "solar", "mw": 1.8, "country": "ALB", "status": "operating"}}, {"type": "Feature", "id": 50, "geometry": {"type": "Point", "coordinates": [20.8, 40.637]}, "properties": {"name": "Qend\u00ebr Bulgarec Kor\u00e7\u00eb County solar project I", "fuel": "solar", "mw": 2.4, "country": "ALB", "status": "operating"}}, {"type": "Feature", "id": 51, "geometry": {"type": "Point", "coordinates": [20.165, 41.267]}, "properties": {"name": "Shmil solar farm", "fuel": "solar", "mw": 40.0, "country": "ALB", "status": "planned"}}, {"type": "Feature", "id": 52, "geometry": {"type": "Point", "coordinates": [19.535, 41.433]}, "properties": {"name": "Spitall\u00eb solar farm", "fuel": "solar", "mw": 100.0, "country": "ALB", "status": "construction"}}, {"type": "Feature", "id": 53, "geometry": {"type": "Point", "coordinates": [20.688, 40.322]}, "properties": {"name": "Ta\u00e7 Lart\u00eb solar farm", "fuel": "solar", "mw": 62.0, "country": "ALB", "status": "planned"}}, {"type": "Feature", "id": 54, "geometry": {"type": "Point", "coordinates": [19.393, 40.769]}, "properties": {"name": "Topoj\u00eb Fier County solar project II", "fuel": "solar", "mw": 3.0, "country": "ALB", "status": "operating"}}, {"type": "Feature", "id": 55, "geometry": {"type": "Point", "coordinates": [19.382, 40.787]}, "properties": {"name": "Topoj\u00eb Fier County solar project III", "fuel": "solar", "mw": 1.8, "country": "ALB", "status": "operating"}}, {"type": "Feature", "id": 56, "geometry": {"type": "Point", "coordinates": [19.638, 42.015]}, "properties": {"name": "Vau i Dej\u00ebs floating solar farm", "fuel": "solar", "mw": 12.9, "country": "ALB", "status": "operating"}}, {"type": "Feature", "id": 57, "geometry": {"type": "Point", "coordinates": [19.516, 41.356]}, "properties": {"name": "Xhafzotaj Durr\u00ebs County solar project", "fuel": "solar", "mw": 1.3, "country": "ALB", "status": "operating"}}, {"type": "Feature", "id": 58, "geometry": {"type": "Point", "coordinates": [18.076, 42.958]}, "properties": {"name": "Ban\u010di\u0107i solar farm", "fuel": "solar", "mw": 103.0, "country": "BIH", "status": "planned"}}, {"type": "Feature", "id": 59, "geometry": {"type": "Point", "coordinates": [19.216, 44.779]}, "properties": {"name": "Bijeljina solar farm", "fuel": "solar", "mw": 60.0, "country": "BIH", "status": "planned"}}, {"type": "Feature", "id": 60, "geometry": {"type": "Point", "coordinates": [18.438, 42.88]}, "properties": {"name": "Bile\u0107a solar farm", "fuel": "solar", "mw": 270.0, "country": "BIH", "status": "planned"}}, {"type": "Feature", "id": 61, "geometry": {"type": "Point", "coordinates": [18.802, 43.901]}, "properties": {"name": "Bjelosavljevi\u0107i solar farm", "fuel": "solar", "mw": 100.0, "country": "BIH", "status": "planned"}}, {"type": "Feature", "id": 62, "geometry": {"type": "Point", "coordinates": [18.034, 44.793]}, "properties": {"name": "City Of Doboj solar project", "fuel": "solar", "mw": 3.6, "country": "BIH", "status": "operating"}}, {"type": "Feature", "id": 63, "geometry": {"type": "Point", "coordinates": [17.921, 43.278]}, "properties": {"name": "City Of Mostar solar project I", "fuel": "solar", "mw": 1.3, "country": "BIH", "status": "operating"}}, {"type": "Feature", "id": 64, "geometry": {"type": "Point", "coordinates": [17.827, 43.206]}, "properties": {"name": "City Of Mostar solar project II", "fuel": "solar", "mw": 2.0, "country": "BIH", "status": "operating"}}, {"type": "Feature", "id": 65, "geometry": {"type": "Point", "coordinates": [17.954, 43.237]}, "properties": {"name": "City Of Mostar solar project III", "fuel": "solar", "mw": 1.7, "country": "BIH", "status": "operating"}}, {"type": "Feature", "id": 66, "geometry": {"type": "Point", "coordinates": [18.397, 42.639]}, "properties": {"name": "City Of Trebinje solar project", "fuel": "solar", "mw": 4.4, "country": "BIH", "status": "operating"}}, {"type": "Feature", "id": 67, "geometry": {"type": "Point", "coordinates": [17.68, 43.077]}, "properties": {"name": "City Of \u010capljina solar project I", "fuel": "solar", "mw": 1.5, "country": "BIH", "status": "operating"}}, {"type": "Feature", "id": 68, "geometry": {"type": "Point", "coordinates": [17.645, 43.175]}, "properties": {"name": "City Of \u010capljina solar project II", "fuel": "solar", "mw": 9.0, "country": "BIH", "status": "operating"}}, {"type": "Feature", "id": 69, "geometry": {"type": "Point", "coordinates": [17.629, 43.378]}, "properties": {"name": "City Of \u0160iroki Brijeg solar project I", "fuel": "solar", "mw": 1.4, "country": "BIH", "status": "operating"}}, {"type": "Feature", "id": 70, "geometry": {"type": "Point", "coordinates": [17.623, 43.376]}, "properties": {"name": "City Of \u0160iroki Brijeg solar project II", "fuel": "solar", "mw": 1.5, "country": "BIH", "status": "operating"}}, {"type": "Feature", "id": 71, "geometry": {"type": "Point", "coordinates": [17.502, 43.388]}, "properties": {"name": "City Of \u0160iroki Brijeg solar project III", "fuel": "solar", "mw": 1.0, "country": "BIH", "status": "operating"}}, {"type": "Feature", "id": 72, "geometry": {"type": "Point", "coordinates": [18.575, 44.509]}, "properties": {"name": "Deling Invest 1 solar farm", "fuel": "solar", "mw": 37.0, "country": "BIH", "status": "operating"}}, {"type": "Feature", "id": 73, "geometry": {"type": "Point", "coordinates": [18.606, 44.52]}, "properties": {"name": "Divkovi\u0107i solar farm", "fuel": "solar", "mw": 28.0, "country": "BIH", "status": "planned"}}, {"type": "Feature", "id": 74, "geometry": {"type": "Point", "coordinates": [18.606, 44.52]}, "properties": {"name": "Divkovi\u0107i solar farm", "fuel": "solar", "mw": 28.0, "country": "BIH", "status": "planned"}}, {"type": "Feature", "id": 75, "geometry": {"type": "Point", "coordinates": [17.94, 43.08]}, "properties": {"name": "EPHZHB 1 solar farm", "fuel": "solar", "mw": 150.0, "country": "BIH", "status": "planned"}}, {"type": "Feature", "id": 76, "geometry": {"type": "Point", "coordinates": [16.279, 44.569]}, "properties": {"name": "Federation Of Bosnia And Herzegovina solar project I", "fuel": "solar", "mw": 4.6, "country": "BIH", "status": "operating"}}, {"type": "Feature", "id": 77, "geometry": {"type": "Point", "coordinates": [16.7, 44.767]}, "properties": {"name": "Federation Of Bosnia And Herzegovina solar project II", "fuel": "solar", "mw": 2.3, "country": "BIH", "status": "operating"}}, {"type": "Feature", "id": 78, "geometry": {"type": "Point", "coordinates": [17.326, 43.379]}, "properties": {"name": "Federation Of Bosnia And Herzegovina solar project III", "fuel": "solar", "mw": 5.1, "country": "BIH", "status": "operating"}}, {"type": "Feature", "id": 79, "geometry": {"type": "Point", "coordinates": [17.627, 43.79]}, "properties": {"name": "Federation Of Bosnia And Herzegovina solar project IV", "fuel": "solar", "mw": 1.0, "country": "BIH", "status": "operating"}}, {"type": "Feature", "id": 80, "geometry": {"type": "Point", "coordinates": [17.688, 43.215]}, "properties": {"name": "Federation Of Bosnia And Herzegovina solar project IX", "fuel": "solar", "mw": 2.3, "country": "BIH", "status": "operating"}}, {"type": "Feature", "id": 81, "geometry": {"type": "Point", "coordinates": [17.363, 43.443]}, "properties": {"name": "Federation Of Bosnia And Herzegovina solar project V", "fuel": "solar", "mw": 1.0, "country": "BIH", "status": "operating"}}, {"type": "Feature", "id": 82, "geometry": {"type": "Point", "coordinates": [16.709, 44.567]}, "properties": {"name": "Federation Of Bosnia And Herzegovina solar project VI", "fuel": "solar", "mw": 3.4, "country": "BIH", "status": "operating"}}, {"type": "Feature", "id": 83, "geometry": {"type": "Point", "coordinates": [17.228, 43.507]}, "properties": {"name": "Federation Of Bosnia And Herzegovina solar project VII", "fuel": "solar", "mw": 1.2, "country": "BIH", "status": "operating"}}, {"type": "Feature", "id": 84, "geometry": {"type": "Point", "coordinates": [17.664, 42.912]}, "properties": {"name": "Federation Of Bosnia And Herzegovina solar project VIII", "fuel": "solar", "mw": 2.9, "country": "BIH", "status": "operating"}}, {"type": "Feature", "id": 85, "geometry": {"type": "Point", "coordinates": [17.701, 43.199]}, "properties": {"name": "Federation Of Bosnia And Herzegovina solar project X", "fuel": "solar", "mw": 1.8, "country": "BIH", "status": "operating"}}, {"type": "Feature", "id": 86, "geometry": {"type": "Point", "coordinates": [16.25, 44.617]}, "properties": {"name": "Federation Of Bosnia And Herzegovina solar project XI", "fuel": "solar", "mw": 4.9, "country": "BIH", "status": "operating"}}, {"type": "Feature", "id": 87, "geometry": {"type": "Point", "coordinates": [17.488, 44.071]}, "properties": {"name": "Federation Of Bosnia And Herzegovina solar project XII", "fuel": "solar", "mw": 1.3, "country": "BIH", "status": "operating"}}, {"type": "Feature", "id": 88, "geometry": {"type": "Point", "coordinates": [18.133, 43.855]}, "properties": {"name": "Federation Of Bosnia And Herzegovina solar project XIII", "fuel": "solar", "mw": 1.0, "country": "BIH", "status": "operating"}}, {"type": "Feature", "id": 89, "geometry": {"type": "Point", "coordinates": [18.061, 43.961]}, "properties": {"name": "Federation Of Bosnia And Herzegovina solar project XIV", "fuel": "solar", "mw": 1.0, "country": "BIH", "status": "operating"}}, {"type": "Feature", "id": 90, "geometry": {"type": "Point", "coordinates": [17.37, 43.441]}, "properties": {"name": "Federation Of Bosnia And Herzegovina solar project XV", "fuel": "solar", "mw": 1.8, "country": "BIH", "status": "operating"}}, {"type": "Feature", "id": 91, "geometry": {"type": "Point", "coordinates": [16.38, 44.527]}, "properties": {"name": "Federation Of Bosnia And Herzegovina solar project XVI", "fuel": "solar", "mw": 1.4, "country": "BIH", "status": "operating"}}, {"type": "Feature", "id": 92, "geometry": {"type": "Point", "coordinates": [17.965, 44.068]}, "properties": {"name": "Federation Of Bosnia And Herzegovina solar project XVII", "fuel": "solar", "mw": 3.7, "country": "BIH", "status": "operating"}}, {"type": "Feature", "id": 93, "geometry": {"type": "Point", "coordinates": [18.267, 44.02]}, "properties": {"name": "Gornja Breza solar farm", "fuel": "solar", "mw": 15.0, "country": "BIH", "status": "planned"}}, {"type": "Feature", "id": 94, "geometry": {"type": "Point", "coordinates": [17.582, 43.141]}, "properties": {"name": "Grad Ljubu\u0161ki solar project I", "fuel": "solar", "mw": 7.6, "country": "BIH", "status": "operating"}}, {"type": "Feature", "id": 95, "geometry": {"type": "Point", "coordinates": [17.446, 43.328]}, "properties": {"name": "Grad Ljubu\u0161ki solar project II", "fuel": "solar", "mw": 5.7, "country": "BIH", "status": "operating"}}, {"type": "Feature", "id": 96, "geometry": {"type": "Point", "coordinates": [17.614, 43.195]}, "properties": {"name": "Grad Ljubu\u0161ki solar project III", "fuel": "solar", "mw": 1.0, "country": "BIH", "status": "operating"}}, {"type": "Feature", "id": 97, "geometry": {"type": "Point", "coordinates": [17.563, 43.194]}, "properties": {"name": "Grad Ljubu\u0161ki solar project IV", "fuel": "solar", "mw": 1.4, "country": "BIH", "status": "operating"}}, {"type": "Feature", "id": 98, "geometry": {"type": "Point", "coordinates": [18.303, 44.696]}, "properties": {"name": "Gra\u010danica solar farm", "fuel": "solar", "mw": 25.0, "country": "BIH", "status": "planned"}}, {"type": "Feature", "id": 99, "geometry": {"type": "Point", "coordinates": [18.303, 44.696]}, "properties": {"name": "Gra\u010danica solar farm", "fuel": "solar", "mw": 25.0, "country": "BIH", "status": "planned"}}, {"type": "Feature", "id": 100, "geometry": {"type": "Point", "coordinates": [17.901, 43.128]}, "properties": {"name": "Hodovo solar farm", "fuel": "solar", "mw": 92.5, "country": "BIH", "status": "operating"}}, {"type": "Feature", "id": 101, "geometry": {"type": "Point", "coordinates": [16.494, 44.783]}, "properties": {"name": "Kamengrad solar farm", "fuel": "solar", "mw": 100.0, "country": "BIH", "status": "planned"}}, {"type": "Feature", "id": 102, "geometry": {"type": "Point", "coordinates": [18.542, 44.538]}, "properties": {"name": "Kreka \u0160i\u0107ki Brod solar farm", "fuel": "solar", "mw": 46.0, "country": "BIH", "status": "planned"}}, {"type": "Feature", "id": 103, "geometry": {"type": "Point", "coordinates": [17.766, 43.205]}, "properties": {"name": "Local Community Kru\u0161evo City Of Mostar solar project", "fuel": "solar", "mw": 4.7, "country": "BIH", "status": "operating"}}, {"type": "Feature", "id": 104, "geometry": {"type": "Point", "coordinates": [17.77, 43.29]}, "properties": {"name": "Local Community Kru\u0161evo City Of Mostar solar project I", "fuel": "solar", "mw": 4.1, "country": "BIH", "status": "operating"}}, {"type": "Feature", "id": 105, "geometry": {"type": "Point", "coordinates": [17.771, 43.3]}, "properties": {"name": "Local Community Kru\u0161evo City Of Mostar solar project II", "fuel": "solar", "mw": 6.3, "country": "BIH", "status": "operating"}}, {"type": "Feature", "id": 106, "geometry": {"type": "Point", "coordinates": [17.816, 43.384]}, "properties": {"name": "Local Community Ra\u0161tani City Of Mostar solar project", "fuel": "solar", "mw": 13.3, "country": "BIH", "status": "operating"}}, {"type": "Feature", "id": 107, "geometry": {"type": "Point", "coordinates": [17.824, 43.294]}, "properties": {"name": "Local Community Rodo\u010d I City Of Mostar solar project", "fuel": "solar", "mw": 6.8, "country": "BIH", "status": "operating"}}, {"type": "Feature", "id": 108, "geometry": {"type": "Point", "coordinates": [17.794, 43.232]}, "properties": {"name": "Local Community Slip\u010di\u0107i City Of Mostar solar project I", "fuel": "solar", "mw": 10.6, "country": "BIH", "status": "operating"}}, {"type": "Feature", "id": 109, "geometry": {"type": "Point", "coordinates": [17.784, 43.237]}, "properties": {"name": "Local Community Slip\u010di\u0107i City Of Mostar solar project II", "fuel": "solar", "mw": 6.4, "country": "BIH", "status": "operating"}}, {"type": "Feature", "id": 110, "geometry": {"type": "Point", "coordinates": [17.807, 43.335]}, "properties": {"name": "MO solar farm", "fuel": "solar", "mw": 50.0, "country": "BIH", "status": "planned"}}, {"type": "Feature", "id": 111, "geometry": {"type": "Point", "coordinates": [16.65, 45.022]}, "properties": {"name": "Mz Brezi\u010dani City Of Prijedor solar project", "fuel": "solar", "mw": 1.8, "country": "BIH", "status": "operating"}}, {"type": "Feature", "id": 112, "geometry": {"type": "Point", "coordinates": [18.358, 43.826]}, "properties": {"name": "Nevesinje solar farm", "fuel": "solar", "mw": 200.0, "country": "BIH", "status": "planned"}}, {"type": "Feature", "id": 113, "geometry": {"type": "Point", "coordinates": [18.358, 43.826]}, "properties": {"name": "Nevesinje solar farm", "fuel": "solar", "mw": 300.0, "country": "BIH", "status": "planned"}}, {"type": "Feature", "id": 114, "geometry": {"type": "Point", "coordinates": [17.189, 43.746]}, "properties": {"name": "Orlovac solar farm", "fuel": "solar", "mw": 102.0, "country": "BIH", "status": "planned"}}, {"type": "Feature", "id": 115, "geometry": {"type": "Point", "coordinates": [17.351, 43.339]}, "properties": {"name": "Petjnik solar farm", "fuel": "solar", "mw": 45.0, "country": "BIH", "status": "operating"}}, {"type": "Feature", "id": 116, "geometry": {"type": "Point", "coordinates": [18.43, 42.877]}, "properties": {"name": "Planik solar farm", "fuel": "solar", "mw": 80.0, "country": "BIH", "status": "planned"}}, {"type": "Feature", "id": 117, "geometry": {"type": "Point", "coordinates": [17.307, 43.491]}, "properties": {"name": "Posu\u0161je solar farm", "fuel": "solar", "mw": 25.0, "country": "BIH", "status": "construction"}}, {"type": "Feature", "id": 118, "geometry": {"type": "Point", "coordinates": [18.224, 43.258]}, "properties": {"name": "Republika Srpska solar project I", "fuel": "solar", "mw": 3.5, "country": "BIH", "status": "operating"}}, {"type": "Feature", "id": 119, "geometry": {"type": "Point", "coordinates": [18.157, 43.092]}, "properties": {"name": "Republika Srpska solar project II", "fuel": "solar", "mw": 3.7, "country": "BIH", "status": "operating"}}, {"type": "Feature", "id": 120, "geometry": {"type": "Point", "coordinates": [18.2, 43.219]}, "properties": {"name": "Republika Srpska solar project III", "fuel": "solar", "mw": 4.4, "country": "BIH", "status": "operating"}}, {"type": "Feature", "id": 121, "geometry": {"type": "Point", "coordinates": [17.498, 45.06]}, "properties": {"name": "Republika Srpska solar project IV", "fuel": "solar", "mw": 3.8, "country": "BIH", "status": "operating"}}, {"type": "Feature", "id": 122, "geometry": {"type": "Point", "coordinates": [17.483, 45.064]}, "properties": {"name": "Republika Srpska solar project IX", "fuel": "solar", "mw": 3.9, "country": "BIH", "status": "operating"}}, {"type": "Feature", "id": 123, "geometry": {"type": "Point", "coordinates": [18.141, 43.335]}, "properties": {"name": "Republika Srpska solar project V", "fuel": "solar", "mw": 1.0, "country": "BIH", "status": "operating"}}, {"type": "Feature", "id": 124, "geometry": {"type": "Point", "coordinates": [18.421, 42.871]}, "properties": {"name": "Republika Srpska solar project VI", "fuel": "solar", "mw": 1.2, "country": "BIH", "status": "operating"}}, {"type": "Feature", "id": 125, "geometry": {"type": "Point", "coordinates": [18.48, 43.16]}, "properties": {"name": "Republika Srpska solar project VII", "fuel": "solar", "mw": 2.2, "country": "BIH", "status": "operating"}}, {"type": "Feature", "id": 126, "geometry": {"type": "Point", "coordinates": [18.483, 45.043]}, "properties": {"name": "Republika Srpska solar project VIII", "fuel": "solar", "mw": 1.4, "country": "BIH", "status": "operating"}}, {"type": "Feature", "id": 127, "geometry": {"type": "Point", "coordinates": [18.415, 42.902]}, "properties": {"name": "Republika Srpska solar project X", "fuel": "solar", "mw": 5.8, "country": "BIH", "status": "operating"}}, {"type": "Feature", "id": 128, "geometry": {"type": "Point", "coordinates": [18.147, 43.246]}, "properties": {"name": "Republika Srpska solar project XI", "fuel": "solar", "mw": 4.8, "country": "BIH", "status": "operating"}}, {"type": "Feature", "id": 129, "geometry": {"type": "Point", "coordinates": [18.438, 42.89]}, "properties": {"name": "Republika Srpska solar project XII", "fuel": "solar", "mw": 2.5, "country": "BIH", "status": "operating"}}, {"type": "Feature", "id": 130, "geometry": {"type": "Point", "coordinates": [18.377, 44.981]}, "properties": {"name": "Republika Srpska solar project XIII", "fuel": "solar", "mw": 2.3, "country": "BIH", "status": "operating"}}, {"type": "Feature", "id": 131, "geometry": {"type": "Point", "coordinates": [18.45, 42.844]}, "properties": {"name": "Republika Srpska solar project XIV", "fuel": "solar", "mw": 3.5, "country": "BIH", "status": "operating"}}, {"type": "Feature", "id": 132, "geometry": {"type": "Point", "coordinates": [18.929, 44.602]}, "properties": {"name": "Republika Srpska solar project XV", "fuel": "solar", "mw": 1.3, "country": "BIH", "status": "operating"}}, {"type": "Feature", "id": 133, "geometry": {"type": "Point", "coordinates": [18.143, 43.259]}, "properties": {"name": "Republika Srpska solar project XVI", "fuel": "solar", "mw": 1.1, "country": "BIH", "status": "operating"}}, {"type": "Feature", "id": 134, "geometry": {"type": "Point", "coordinates": [18.384, 42.904]}, "properties": {"name": "Republika Srpska solar project XVII", "fuel": "solar", "mw": 1.6, "country": "BIH", "status": "operating"}}, {"type": "Feature", "id": 135, "geometry": {"type": "Point", "coordinates": [18.582, 44.899]}, "properties": {"name": "Republika Srpska solar project XVIII", "fuel": "solar", "mw": 2.5, "country": "BIH", "status": "operating"}}, {"type": "Feature", "id": 136, "geometry": {"type": "Point", "coordinates": [17.759, 43.325]}, "properties": {"name": "SPP Lena solar farm", "fuel": "solar", "mw": 75.0, "country": "BIH", "status": "planned"}}, {"type": "Feature", "id": 137, "geometry": {"type": "Point", "coordinates": [17.706, 43.357]}, "properties": {"name": "SPP Lena solar farm", "fuel": "solar", "mw": 75.0, "country": "BIH", "status": "planned"}}, {"type": "Feature", "id": 138, "geometry": {"type": "Point", "coordinates": [17.245, 43.72]}, "properties": {"name": "Seline solar farm", "fuel": "solar", "mw": 100.0, "country": "BIH", "status": "planned"}}, {"type": "Feature", "id": 139, "geometry": {"type": "Point", "coordinates": [18.422, 42.79]}, "properties": {"name": "Skrobotno solar farm", "fuel": "solar", "mw": 60.0, "country": "BIH", "status": "operating"}}, {"type": "Feature", "id": 140, "geometry": {"type": "Point", "coordinates": [17.874, 43.149]}, "properties": {"name": "Stolac Solarni solar farm", "fuel": "solar", "mw": 64.0, "country": "BIH", "status": "operating"}}, {"type": "Feature", "id": 141, "geometry": {"type": "Point", "coordinates": [17.791, 43.245]}, "properties": {"name": "Stolac solar farm", "fuel": "solar", "mw": 25.0, "country": "BIH", "status": "planned"}}, {"type": "Feature", "id": 142, "geometry": {"type": "Point", "coordinates": [17.791, 43.245]}, "properties": {"name": "Stolac solar farm", "fuel": "solar", "mw": 125.0, "country": "BIH", "status": "construction"}}, {"type": "Feature", "id": 143, "geometry": {"type": "Point", "coordinates": [17.791, 43.245]}, "properties": {"name": "Stolac solar farm", "fuel": "solar", "mw": 25.0, "country": "BIH", "status": "planned"}}, {"type": "Feature", "id": 144, "geometry": {"type": "Point", "coordinates": [17.326, 45.078]}, "properties": {"name": "Town Of Gradi\u0161ka solar project I", "fuel": "solar", "mw": 1.7, "country": "BIH", "status": "operating"}}, {"type": "Feature", "id": 145, "geometry": {"type": "Point", "coordinates": [17.142, 45.061]}, "properties": {"name": "Town Of Gradi\u0161ka solar project II", "fuel": "solar", "mw": 2.0, "country": "BIH", "status": "operating"}}, {"type": "Feature", "id": 146, "geometry": {"type": "Point", "coordinates": [17.32, 45.079]}, "properties": {"name": "Town Of Gradi\u0161ka solar project III", "fuel": "solar", "mw": 1.4, "country": "BIH", "status": "operating"}}, {"type": "Feature", "id": 147, "geometry": {"type": "Point", "coordinates": [17.105, 45.103]}, "properties": {"name": "Town Of Gradi\u0161ka solar project IV", "fuel": "solar", "mw": 1.4, "country": "BIH", "status": "operating"}}, {"type": "Feature", "id": 148, "geometry": {"type": "Point", "coordinates": [17.066, 45.108]}, "properties": {"name": "Town Of Gradi\u0161ka solar project V", "fuel": "solar", "mw": 1.1, "country": "BIH", "status": "operating"}}, {"type": "Feature", "id": 149, "geometry": {"type": "Point", "coordinates": [17.341, 45.125]}, "properties": {"name": "Town Of Gradi\u0161ka solar project VI", "fuel": "solar", "mw": 1.6, "country": "BIH", "status": "operating"}}, {"type": "Feature", "id": 150, "geometry": {"type": "Point", "coordinates": [17.054, 45.054]}, "properties": {"name": "Town Of Gradi\u0161ka solar project VII", "fuel": "solar", "mw": 1.7, "country": "BIH", "status": "operating"}}, {"type": "Feature", "id": 151, "geometry": {"type": "Point", "coordinates": [17.342, 44.981]}, "properties": {"name": "Town Of Lakta\u0161i solar project I", "fuel": "solar", "mw": 3.6, "country": "BIH", "status": "operating"}}, {"type": "Feature", "id": 152, "geometry": {"type": "Point", "coordinates": [17.332, 44.938]}, "properties": {"name": "Town Of Lakta\u0161i solar project II", "fuel": "solar", "mw": 1.0, "country": "BIH", "status": "operating"}}, {"type": "Feature", "id": 153, "geometry": {"type": "Point", "coordinates": [17.331, 44.959]}, "properties": {"name": "Town Of Lakta\u0161i solar project III", "fuel": "solar", "mw": 1.1, "country": "BIH", "status": "operating"}}, {"type": "Feature", "id": 154, "geometry": {"type": "Point", "coordinates": [17.714, 44.858]}, "properties": {"name": "Town Of Prnjavor solar project", "fuel": "solar", "mw": 3.6, "country": "BIH", "status": "operating"}}, {"type": "Feature", "id": 155, "geometry": {"type": "Point", "coordinates": [17.863, 43.163]}, "properties": {"name": "Town Of Stolac solar project", "fuel": "solar", "mw": 4.5, "country": "BIH", "status": "operating"}}, {"type": "Feature", "id": 156, "geometry": {"type": "Point", "coordinates": [18.358, 43.826]}, "properties": {"name": "Trebinje solar farm", "fuel": "solar", "mw": 73.0, "country": "BIH", "status": "planned"}}, {"type": "Feature", "id": 157, "geometry": {"type": "Point", "coordinates": [18.358, 43.826]}, "properties": {"name": "Trebinje solar farm", "fuel": "solar", "mw": 53.0, "country": "BIH", "status": "planned"}}, {"type": "Feature", "id": 158, "geometry": {"type": "Point", "coordinates": [18.358, 43.826]}, "properties": {"name": "Trebinje solar farm", "fuel": "solar", "mw": 54.0, "country": "BIH", "status": "planned"}}, {"type": "Feature", "id": 159, "geometry": {"type": "Point", "coordinates": [17.228, 43.717]}, "properties": {"name": "Zvizdan solar farm", "fuel": "solar", "mw": 28.0, "country": "BIH", "status": "operating"}}, {"type": "Feature", "id": 160, "geometry": {"type": "Point", "coordinates": [18.963, 42.532]}, "properties": {"name": "Cetinje solar farm", "fuel": "solar", "mw": 150.0, "country": "MNE", "status": "planned"}}, {"type": "Feature", "id": 161, "geometry": {"type": "Point", "coordinates": [19.006, 42.997]}, "properties": {"name": "Dubrovsko solar farm", "fuel": "solar", "mw": 195.0, "country": "MNE", "status": "planned"}}, {"type": "Feature", "id": 162, "geometry": {"type": "Point", "coordinates": [19.968, 43.007]}, "properties": {"name": "Korita solar farm", "fuel": "solar", "mw": 240.0, "country": "MNE", "status": "planned"}}, {"type": "Feature", "id": 163, "geometry": {"type": "Point", "coordinates": [19.32, 43.195]}, "properties": {"name": "Kosanica solar farm", "fuel": "solar", "mw": 120.0, "country": "MNE", "status": "planned"}}, {"type": "Feature", "id": 164, "geometry": {"type": "Point", "coordinates": [18.89, 42.813]}, "properties": {"name": "Krupac solar farm", "fuel": "solar", "mw": 47.0, "country": "MNE", "status": "planned"}}, {"type": "Feature", "id": 165, "geometry": {"type": "Point", "coordinates": [19.391, 42.487]}, "properties": {"name": "Lastva-Ubli solar farm", "fuel": "solar", "mw": 506.0, "country": "MNE", "status": "planned"}}, {"type": "Feature", "id": 166, "geometry": {"type": "Point", "coordinates": [18.915, 42.547]}, "properties": {"name": "Monte\u010devo solar farm", "fuel": "solar", "mw": 400.0, "country": "MNE", "status": "planned"}}, {"type": "Feature", "id": 167, "geometry": {"type": "Point", "coordinates": [18.766, 42.828]}, "properties": {"name": "Nik\u0161i\u0107 solar farm", "fuel": "solar", "mw": 68.0, "country": "MNE", "status": "planned"}}, {"type": "Feature", "id": 168, "geometry": {"type": "Point", "coordinates": [18.908, 42.534]}, "properties": {"name": "Old Royal Capital Cetinje solar project", "fuel": "solar", "mw": 5.1, "country": "MNE", "status": "operating"}}, {"type": "Feature", "id": 169, "geometry": {"type": "Point", "coordinates": [19.353, 42.489]}, "properties": {"name": "Podgorica Capital City solar project", "fuel": "solar", "mw": 9.0, "country": "MNE", "status": "operating"}}, {"type": "Feature", "id": 170, "geometry": {"type": "Point", "coordinates": [19.231, 42.395]}, "properties": {"name": "Podgorica Podgorica Capital City solar project I", "fuel": "solar", "mw": 1.2, "country": "MNE", "status": "operating"}}, {"type": "Feature", "id": 171, "geometry": {"type": "Point", "coordinates": [19.245, 42.489]}, "properties": {"name": "Podgorica Podgorica Capital City solar project II", "fuel": "solar", "mw": 1.6, "country": "MNE", "status": "operating"}}, {"type": "Feature", "id": 172, "geometry": {"type": "Point", "coordinates": [18.884, 42.517]}, "properties": {"name": "Predi\u0161 solar farm", "fuel": "solar", "mw": 215.0, "country": "MNE", "status": "planned"}}, {"type": "Feature", "id": 173, "geometry": {"type": "Point", "coordinates": [18.962, 42.768]}, "properties": {"name": "Rudine (Qair) solar farm", "fuel": "solar", "mw": 50.0, "country": "MNE", "status": "planned"}}, {"type": "Feature", "id": 174, "geometry": {"type": "Point", "coordinates": [18.703, 42.747]}, "properties": {"name": "Rudine solar farm (Montenegro)", "fuel": "solar", "mw": 186.0, "country": "MNE", "status": "planned"}}, {"type": "Feature", "id": 175, "geometry": {"type": "Point", "coordinates": [19.363, 43.341]}, "properties": {"name": "Rudnik Uglja solar farm", "fuel": "solar", "mw": 62.5, "country": "MNE", "status": "planned"}}, {"type": "Feature", "id": 176, "geometry": {"type": "Point", "coordinates": [18.849, 42.754]}, "properties": {"name": "Slano Floating solar farm", "fuel": "solar", "mw": 60.0, "country": "MNE", "status": "planned"}}, {"type": "Feature", "id": 177, "geometry": {"type": "Point", "coordinates": [18.499, 42.838]}, "properties": {"name": "Vra\u0107enovi\u0107i solar farm", "fuel": "solar", "mw": 87.5, "country": "MNE", "status": "planned"}}, {"type": "Feature", "id": 178, "geometry": {"type": "Point", "coordinates": [20.163, 42.845]}, "properties": {"name": "Vu\u010da solar farm", "fuel": "solar", "mw": 148.0, "country": "MNE", "status": "planned"}}, {"type": "Feature", "id": 179, "geometry": {"type": "Point", "coordinates": [18.909, 42.707]}, "properties": {"name": "\u010cevo solar farm", "fuel": "solar", "mw": 385.0, "country": "MNE", "status": "planned"}}, {"type": "Feature", "id": 180, "geometry": {"type": "Point", "coordinates": [18.982, 42.78]}, "properties": {"name": "\u017deljezara Nik\u0161i\u0107 solar farm", "fuel": "solar", "mw": 9.2, "country": "MNE", "status": "construction"}}, {"type": "Feature", "id": 181, "geometry": {"type": "Point", "coordinates": [18.982, 42.78]}, "properties": {"name": "\u017deljezara Nik\u0161i\u0107 solar farm", "fuel": "solar", "mw": 37.8, "country": "MNE", "status": "planned"}}, {"type": "Feature", "id": 182, "geometry": {"type": "Point", "coordinates": [21.433, 41.998]}, "properties": {"name": "AIM Green Tech solar farm", "fuel": "solar", "mw": 150.0, "country": "MKD", "status": "planned"}}, {"type": "Feature", "id": 183, "geometry": {"type": "Point", "coordinates": [21.33, 41.032]}, "properties": {"name": "Bitola solar farm", "fuel": "solar", "mw": 20.0, "country": "MKD", "status": "planned"}}, {"type": "Feature", "id": 184, "geometry": {"type": "Point", "coordinates": [21.33, 41.032]}, "properties": {"name": "Bitola solar farm", "fuel": "solar", "mw": 60.0, "country": "MKD", "status": "planned"}}, {"type": "Feature", "id": 185, "geometry": {"type": "Point", "coordinates": [21.367, 41.059]}, "properties": {"name": "Bitola solar project", "fuel": "solar", "mw": 2.8, "country": "MKD", "status": "operating"}}, {"type": "Feature", "id": 186, "geometry": {"type": "Point", "coordinates": [22.248, 41.836]}, "properties": {"name": "Eastern Region solar project I", "fuel": "solar", "mw": 3.3, "country": "MKD", "status": "operating"}}, {"type": "Feature", "id": 187, "geometry": {"type": "Point", "coordinates": [22.118, 41.79]}, "properties": {"name": "Eastern Region solar project II", "fuel": "solar", "mw": 6.8, "country": "MKD", "status": "operating"}}, {"type": "Feature", "id": 188, "geometry": {"type": "Point", "coordinates": [22.316, 41.905]}, "properties": {"name": "Eastern Region solar project III", "fuel": "solar", "mw": 3.7, "country": "MKD", "status": "operating"}}, {"type": "Feature", "id": 189, "geometry": {"type": "Point", "coordinates": [22.191, 41.8]}, "properties": {"name": "Eastern Region solar project IV", "fuel": "solar", "mw": 3.3, "country": "MKD", "status": "operating"}}, {"type": "Feature", "id": 190, "geometry": {"type": "Point", "coordinates": [22.834, 41.726]}, "properties": {"name": "Eastern Region solar project V", "fuel": "solar", "mw": 2.6, "country": "MKD", "status": "operating"}}, {"type": "Feature", "id": 191, "geometry": {"type": "Point", "coordinates": [22.377, 41.907]}, "properties": {"name": "Eastern Region solar project VI", "fuel": "solar", "mw": 9.9, "country": "MKD", "status": "operating"}}, {"type": "Feature", "id": 192, "geometry": {"type": "Point", "coordinates": [22.001, 41.451]}, "properties": {"name": "Kavadarci solar project I", "fuel": "solar", "mw": 12.0, "country": "MKD", "status": "operating"}}, {"type": "Feature", "id": 193, "geometry": {"type": "Point", "coordinates": [21.977, 41.442]}, "properties": {"name": "Kavadarci solar project II", "fuel": "solar", "mw": 7.0, "country": "MKD", "status": "operating"}}, {"type": "Feature", "id": 194, "geometry": {"type": "Point", "coordinates": [22.383, 41.899]}, "properties": {"name": "Kochani solar project", "fuel": "solar", "mw": 2.2, "country": "MKD", "status": "operating"}}, {"type": "Feature", "id": 195, "geometry": {"type": "Point", "coordinates": [21.711, 42.106]}, "properties": {"name": "Kumanovo solar project I", "fuel": "solar", "mw": 12.7, "country": "MKD", "status": "operating"}}, {"type": "Feature", "id": 196, "geometry": {"type": "Point", "coordinates": [21.721, 42.166]}, "properties": {"name": "Kumanovo solar project II", "fuel": "solar", "mw": 1.6, "country": "MKD", "status": "operating"}}, {"type": "Feature", "id": 197, "geometry": {"type": "Point", "coordinates": [22.126, 41.472]}, "properties": {"name": "Negotino solar project", "fuel": "solar", "mw": 7.0, "country": "MKD", "status": "operating"}}, {"type": "Feature", "id": 198, "geometry": {"type": "Point", "coordinates": [22.027, 41.459]}, "properties": {"name": "North Macedonia solar project I", "fuel": "solar", "mw": 2.3, "country": "MKD", "status": "operating"}}, {"type": "Feature", "id": 199, "geometry": {"type": "Point", "coordinates": [22.49, 41.602]}, "properties": {"name": "North Macedonia solar project II", "fuel": "solar", "mw": 3.3, "country": "MKD", "status": "operating"}}, {"type": "Feature", "id": 200, "geometry": {"type": "Point", "coordinates": [21.014, 41.467]}, "properties": {"name": "North Macedonia solar project III", "fuel": "solar", "mw": 1.0, "country": "MKD", "status": "operating"}}, {"type": "Feature", "id": 201, "geometry": {"type": "Point", "coordinates": [21.367, 41.132]}, "properties": {"name": "North Macedonia solar project IV", "fuel": "solar", "mw": 1.3, "country": "MKD", "status": "operating"}}, {"type": "Feature", "id": 202, "geometry": {"type": "Point", "coordinates": [22.749, 41.994]}, "properties": {"name": "North Macedonia solar project IX", "fuel": "solar", "mw": 4.4, "country": "MKD", "status": "operating"}}, {"type": "Feature", "id": 203, "geometry": {"type": "Point", "coordinates": [21.713, 41.695]}, "properties": {"name": "North Macedonia solar project V", "fuel": "solar", "mw": 2.5, "country": "MKD", "status": "operating"}}, {"type": "Feature", "id": 204, "geometry": {"type": "Point", "coordinates": [21.459, 41.048]}, "properties": {"name": "North Macedonia solar project VI", "fuel": "solar", "mw": 1.0, "country": "MKD", "status": "operating"}}, {"type": "Feature", "id": 205, "geometry": {"type": "Point", "coordinates": [22.18, 41.784]}, "properties": {"name": "North Macedonia solar project VII", "fuel": "solar", "mw": 3.0, "country": "MKD", "status": "operating"}}, {"type": "Feature", "id": 206, "geometry": {"type": "Point", "coordinates": [21.651, 41.955]}, "properties": {"name": "North Macedonia solar project VIII", "fuel": "solar", "mw": 2.9, "country": "MKD", "status": "operating"}}, {"type": "Feature", "id": 207, "geometry": {"type": "Point", "coordinates": [22.216, 41.802]}, "properties": {"name": "North Macedonia solar project X", "fuel": "solar", "mw": 3.6, "country": "MKD", "status": "operating"}}, {"type": "Feature", "id": 208, "geometry": {"type": "Point", "coordinates": [22.854, 41.73]}, "properties": {"name": "North Macedonia solar project XI", "fuel": "solar", "mw": 2.2, "country": "MKD", "status": "operating"}}, {"type": "Feature", "id": 209, "geometry": {"type": "Point", "coordinates": [22.121, 41.809]}, "properties": {"name": "North Macedonia solar project XII", "fuel": "solar", "mw": 1.7, "country": "MKD", "status": "operating"}}, {"type": "Feature", "id": 210, "geometry": {"type": "Point", "coordinates": [20.993, 41.882]}, "properties": {"name": "North Macedonia solar project XIII", "fuel": "solar", "mw": 2.0, "country": "MKD", "status": "operating"}}, {"type": "Feature", "id": 211, "geometry": {"type": "Point", "coordinates": [21.474, 40.966]}, "properties": {"name": "North Macedonia solar project XIV", "fuel": "solar", "mw": 2.1, "country": "MKD", "status": "operating"}}, {"type": "Feature", "id": 212, "geometry": {"type": "Point", "coordinates": [22.168, 41.48]}, "properties": {"name": "North Macedonia solar project XIX", "fuel": "solar", "mw": 3.2, "country": "MKD", "status": "operating"}}, {"type": "Feature", "id": 213, "geometry": {"type": "Point", "coordinates": [22.194, 41.936]}, "properties": {"name": "North Macedonia solar project XL", "fuel": "solar", "mw": 2.4, "country": "MKD", "status": "operating"}}, {"type": "Feature", "id": 214, "geometry": {"type": "Point", "coordinates": [22.817, 41.925]}, "properties": {"name": "North Macedonia solar project XLI", "fuel": "solar", "mw": 1.6, "country": "MKD", "status": "operating"}}, {"type": "Feature", "id": 215, "geometry": {"type": "Point", "coordinates": [21.505, 41.287]}, "properties": {"name": "North Macedonia solar project XLII", "fuel": "solar", "mw": 1.5, "country": "MKD", "status": "operating"}}, {"type": "Feature", "id": 216, "geometry": {"type": "Point", "coordinates": [22.819, 41.387]}, "properties": {"name": "North Macedonia solar project XLIII", "fuel": "solar", "mw": 1.9, "country": "MKD", "status": "operating"}}, {"type": "Feature", "id": 217, "geometry": {"type": "Point", "coordinates": [22.154, 41.461]}, "properties": {"name": "North Macedonia solar project XLIV", "fuel": "solar", "mw": 1.3, "country": "MKD", "status": "operating"}}, {"type": "Feature", "id": 218, "geometry": {"type": "Point", "coordinates": [21.281, 41.147]}, "properties": {"name": "North Macedonia solar project XLV", "fuel": "solar", "mw": 1.8, "country": "MKD", "status": "operating"}}, {"type": "Feature", "id": 219, "geometry": {"type": "Point", "coordinates": [20.988, 41.03]}, "properties": {"name": "North Macedonia solar project XLVI", "fuel": "solar", "mw": 1.0, "country": "MKD", "status": "operating"}}, {"type": "Feature", "id": 220, "geometry": {"type": "Point", "coordinates": [22.19, 42.009]}, "properties": {"name": "North Macedonia solar project XLVII", "fuel": "solar", "mw": 3.2, "country": "MKD", "status": "operating"}}, {"type": "Feature", "id": 221, "geometry": {"type": "Point", "coordinates": [21.642, 41.957]}, "properties": {"name": "North Macedonia solar project XV", "fuel": "solar", "mw": 2.7, "country": "MKD", "status": "operating"}}, {"type": "Feature", "id": 222, "geometry": {"type": "Point", "coordinates": [22.039, 41.823]}, "properties": {"name": "North Macedonia solar project XVI", "fuel": "solar", "mw": 6.3, "country": "MKD", "status": "operating"}}, {"type": "Feature", "id": 223, "geometry": {"type": "Point", "coordinates": [22.178, 41.961]}, "properties": {"name": "North Macedonia solar project XVII", "fuel": "solar", "mw": 2.4, "country": "MKD", "status": "operating"}}, {"type": "Feature", "id": 224, "geometry": {"type": "Point", "coordinates": [22.193, 41.814]}, "properties": {"name": "North Macedonia solar project XVIII", "fuel": "solar", "mw": 3.2, "country": "MKD", "status": "operating"}}, {"type": "Feature", "id": 225, "geometry": {"type": "Point", "coordinates": [21.538, 41.313]}, "properties": {"name": "North Macedonia solar project XX", "fuel": "solar", "mw": 3.6, "country": "MKD", "status": "operating"}}, {"type": "Feature", "id": 226, "geometry": {"type": "Point", "coordinates": [22.198, 41.958]}, "properties": {"name": "North Macedonia solar project XXI", "fuel": "solar", "mw": 7.6, "country": "MKD", "status": "operating"}}, {"type": "Feature", "id": 227, "geometry": {"type": "Point", "coordinates": [22.588, 41.312]}, "properties": {"name": "North Macedonia solar project XXII", "fuel": "solar", "mw": 3.4, "country": "MKD", "status": "operating"}}, {"type": "Feature", "id": 228, "geometry": {"type": "Point", "coordinates": [21.982, 41.786]}, "properties": {"name": "North Macedonia solar project XXIII", "fuel": "solar", "mw": 1.1, "country": "MKD", "status": "operating"}}, {"type": "Feature", "id": 229, "geometry": {"type": "Point", "coordinates": [21.438, 41.221]}, "properties": {"name": "North Macedonia solar project XXIV", "fuel": "solar", "mw": 1.7, "country": "MKD", "status": "operating"}}, {"type": "Feature", "id": 230, "geometry": {"type": "Point", "coordinates": [21.986, 41.831]}, "properties": {"name": "North Macedonia solar project XXIX", "fuel": "solar", "mw": 1.4, "country": "MKD", "status": "operating"}}, {"type": "Feature", "id": 231, "geometry": {"type": "Point", "coordinates": [22.197, 41.969]}, "properties": {"name": "North Macedonia solar project XXV", "fuel": "solar", "mw": 3.1, "country": "MKD", "status": "operating"}}, {"type": "Feature", "id": 232, "geometry": {"type": "Point", "coordinates": [22.578, 41.314]}, "properties": {"name": "North Macedonia solar project XXVI", "fuel": "solar", "mw": 1.9, "country": "MKD", "status": "operating"}}, {"type": "Feature", "id": 233, "geometry": {"type": "Point", "coordinates": [21.12, 42.099]}, "properties": {"name": "North Macedonia solar project XXVII", "fuel": "solar", "mw": 4.6, "country": "MKD", "status": "operating"}}, {"type": "Feature", "id": 234, "geometry": {"type": "Point", "coordinates": [22.108, 41.473]}, "properties": {"name": "North Macedonia solar project XXVIII", "fuel": "solar", "mw": 2.0, "country": "MKD", "status": "operating"}}, {"type": "Feature", "id": 235, "geometry": {"type": "Point", "coordinates": [22.217, 41.81]}, "properties": {"name": "North Macedonia solar project XXX", "fuel": "solar", "mw": 2.9, "country": "MKD", "status": "operating"}}, {"type": "Feature", "id": 236, "geometry": {"type": "Point", "coordinates": [22.119, 41.749]}, "properties": {"name": "North Macedonia solar project XXXI", "fuel": "solar", "mw": 2.2, "country": "MKD", "status": "operating"}}, {"type": "Feature", "id": 237, "geometry": {"type": "Point", "coordinates": [22.21, 41.77]}, "properties": {"name": "North Macedonia solar project XXXII", "fuel": "solar", "mw": 7.1, "country": "MKD", "status": "operating"}}, {"type": "Feature", "id": 238, "geometry": {"type": "Point", "coordinates": [21.607, 42.011]}, "properties": {"name": "North Macedonia solar project XXXIII", "fuel": "solar", "mw": 1.6, "country": "MKD", "status": "operating"}}, {"type": "Feature", "id": 239, "geometry": {"type": "Point", "coordinates": [22.167, 41.807]}, "properties": {"name": "North Macedonia solar project XXXIV", "fuel": "solar", "mw": 4.5, "country": "MKD", "status": "operating"}}, {"type": "Feature", "id": 240, "geometry": {"type": "Point", "coordinates": [22.122, 41.823]}, "properties": {"name": "North Macedonia solar project XXXIX", "fuel": "solar", "mw": 1.3, "country": "MKD", "status": "operating"}}, {"type": "Feature", "id": 241, "geometry": {"type": "Point", "coordinates": [21.965, 41.529]}, "properties": {"name": "North Macedonia solar project XXXV", "fuel": "solar", "mw": 3.5, "country": "MKD", "status": "operating"}}, {"type": "Feature", "id": 242, "geometry": {"type": "Point", "coordinates": [22.182, 41.943]}, "properties": {"name": "North Macedonia solar project XXXVI", "fuel": "solar", "mw": 9.0, "country": "MKD", "status": "operating"}}, {"type": "Feature", "id": 243, "geometry": {"type": "Point", "coordinates": [21.657, 42.011]}, "properties": {"name": "North Macedonia solar project XXXVII", "fuel": "solar", "mw": 11.1, "country": "MKD", "status": "operating"}}, {"type": "Feature", "id": 244, "geometry": {"type": "Point", "coordinates": [22.179, 41.811]}, "properties": {"name": "North Macedonia solar project XXXVIII", "fuel": "solar", "mw": 1.9, "country": "MKD", "status": "operating"}}, {"type": "Feature", "id": 245, "geometry": {"type": "Point", "coordinates": [22.154, 42.178]}, "properties": {"name": "Northeastern Region solar project I", "fuel": "solar", "mw": 4.3, "country": "MKD", "status": "operating"}}, {"type": "Feature", "id": 246, "geometry": {"type": "Point", "coordinates": [22.103, 42.185]}, "properties": {"name": "Northeastern Region solar project II", "fuel": "solar", "mw": 2.0, "country": "MKD", "status": "operating"}}, {"type": "Feature", "id": 247, "geometry": {"type": "Point", "coordinates": [21.486, 41.028]}, "properties": {"name": "Novaci solar farm", "fuel": "solar", "mw": 55.0, "country": "MKD", "status": "operating"}}, {"type": "Feature", "id": 248, "geometry": {"type": "Point", "coordinates": [20.998, 41.576]}, "properties": {"name": "Oslomej 2 solar farm", "fuel": "solar", "mw": 10.0, "country": "MKD", "status": "planned"}}, {"type": "Feature", "id": 249, "geometry": {"type": "Point", "coordinates": [20.998, 41.576]}, "properties": {"name": "Oslomej solar farm", "fuel": "solar", "mw": 50.0, "country": "MKD", "status": "construction"}}, {"type": "Feature", "id": 250, "geometry": {"type": "Point", "coordinates": [20.998, 41.576]}, "properties": {"name": "Oslomej solar farm", "fuel": "solar", "mw": 68.7, "country": "MKD", "status": "construction"}}, {"type": "Feature", "id": 251, "geometry": {"type": "Point", "coordinates": [22.887, 41.767]}, "properties": {"name": "Peh\u010devo solar farm", "fuel": "solar", "mw": 73.0, "country": "MKD", "status": "planned"}}, {"type": "Feature", "id": 252, "geometry": {"type": "Point", "coordinates": [21.233, 41.208]}, "properties": {"name": "Pelagonia Region solar project I", "fuel": "solar", "mw": 2.2, "country": "MKD", "status": "operating"}}, {"type": "Feature", "id": 253, "geometry": {"type": "Point", "coordinates": [21.534, 40.923]}, "properties": {"name": "Pelagonia Region solar project II", "fuel": "solar", "mw": 1.5, "country": "MKD", "status": "operating"}}, {"type": "Feature", "id": 254, "geometry": {"type": "Point", "coordinates": [21.539, 41.296]}, "properties": {"name": "Pelagonia Region solar project III", "fuel": "solar", "mw": 3.7, "country": "MKD", "status": "operating"}}, {"type": "Feature", "id": 255, "geometry": {"type": "Point", "coordinates": [21.038, 41.073]}, "properties": {"name": "Pelagonia Region solar project IV", "fuel": "solar", "mw": 7.9, "country": "MKD", "status": "operating"}}, {"type": "Feature", "id": 256, "geometry": {"type": "Point", "coordinates": [21.395, 41.381]}, "properties": {"name": "Pelagonia Region solar project V", "fuel": "solar", "mw": 9.5, "country": "MKD", "status": "operating"}}, {"type": "Feature", "id": 257, "geometry": {"type": "Point", "coordinates": [21.189, 41.281]}, "properties": {"name": "Pelagonia Region solar project VII", "fuel": "solar", "mw": 4.8, "country": "MKD", "status": "operating"}}, {"type": "Feature", "id": 258, "geometry": {"type": "Point", "coordinates": [20.976, 41.901]}, "properties": {"name": "Polog Region solar project", "fuel": "solar", "mw": 1.6, "country": "MKD", "status": "operating"}}, {"type": "Feature", "id": 259, "geometry": {"type": "Point", "coordinates": [21.482, 41.344]}, "properties": {"name": "Prilep solar project", "fuel": "solar", "mw": 1.9, "country": "MKD", "status": "operating"}}, {"type": "Feature", "id": 260, "geometry": {"type": "Point", "coordinates": [22.186, 41.979]}, "properties": {"name": "Probistip solar project", "fuel": "solar", "mw": 6.5, "country": "MKD", "status": "operating"}}, {"type": "Feature", "id": 261, "geometry": {"type": "Point", "coordinates": [22.887, 41.764]}, "properties": {"name": "Probi\u0161tip solar farm", "fuel": "solar", "mw": 70.0, "country": "MKD", "status": "planned"}}, {"type": "Feature", "id": 262, "geometry": {"type": "Point", "coordinates": [22.887, 41.764]}, "properties": {"name": "Probi\u0161tip solar farm", "fuel": "solar", "mw": 35.0, "country": "MKD", "status": "planned"}}, {"type": "Feature", "id": 263, "geometry": {"type": "Point", "coordinates": [22.152, 41.727]}, "properties": {"name": "Shtip solar project", "fuel": "solar", "mw": 12.5, "country": "MKD", "status": "operating"}}, {"type": "Feature", "id": 264, "geometry": {"type": "Point", "coordinates": [22.171, 41.773]}, "properties": {"name": "Shtip solar project I", "fuel": "solar", "mw": 9.4, "country": "MKD", "status": "operating"}}, {"type": "Feature", "id": 265, "geometry": {"type": "Point", "coordinates": [22.235, 41.76]}, "properties": {"name": "Shtip solar project II", "fuel": "solar", "mw": 2.7, "country": "MKD", "status": "operating"}}, {"type": "Feature", "id": 266, "geometry": {"type": "Point", "coordinates": [21.66, 42.02]}, "properties": {"name": "Skopje Region solar project I", "fuel": "solar", "mw": 2.1, "country": "MKD", "status": "operating"}}, {"type": "Feature", "id": 267, "geometry": {"type": "Point", "coordinates": [21.634, 42.006]}, "properties": {"name": "Skopje Region solar project II", "fuel": "solar", "mw": 12.0, "country": "MKD", "status": "operating"}}, {"type": "Feature", "id": 268, "geometry": {"type": "Point", "coordinates": [22.006, 41.813]}, "properties": {"name": "Skopje solar farm", "fuel": "solar", "mw": 17.0, "country": "MKD", "status": "operating"}}, {"type": "Feature", "id": 269, "geometry": {"type": "Point", "coordinates": [22.897, 41.386]}, "properties": {"name": "Southeastern Region solar project I", "fuel": "solar", "mw": 2.2, "country": "MKD", "status": "operating"}}, {"type": "Feature", "id": 270, "geometry": {"type": "Point", "coordinates": [22.497, 41.191]}, "properties": {"name": "Southeastern Region solar project II", "fuel": "solar", "mw": 17.9, "country": "MKD", "status": "operating"}}, {"type": "Feature", "id": 271, "geometry": {"type": "Point", "coordinates": [22.841, 41.427]}, "properties": {"name": "Southeastern Region solar project III", "fuel": "solar", "mw": 9.1, "country": "MKD", "status": "operating"}}, {"type": "Feature", "id": 272, "geometry": {"type": "Point", "coordinates": [20.837, 41.292]}, "properties": {"name": "Southwestern Region solar project", "fuel": "solar", "mw": 2.1, "country": "MKD", "status": "operating"}}, {"type": "Feature", "id": 273, "geometry": {"type": "Point", "coordinates": [22.194, 41.737]}, "properties": {"name": "Stipion solar farm", "fuel": "solar", "mw": 600.0, "country": "MKD", "status": "planned"}}, {"type": "Feature", "id": 274, "geometry": {"type": "Point", "coordinates": [22.672, 41.444]}, "properties": {"name": "Strumica solar project I", "fuel": "solar", "mw": 6.3, "country": "MKD", "status": "operating"}}, {"type": "Feature", "id": 275, "geometry": {"type": "Point", "coordinates": [22.654, 41.438]}, "properties": {"name": "Strumica solar project II", "fuel": "solar", "mw": 1.4, "country": "MKD", "status": "operating"}}, {"type": "Feature", "id": 276, "geometry": {"type": "Point", "coordinates": [21.015, 41.993]}, "properties": {"name": "Tetovo solar project", "fuel": "solar", "mw": 5.9, "country": "MKD", "status": "operating"}}, {"type": "Feature", "id": 277, "geometry": {"type": "Point", "coordinates": [22.23, 41.408]}, "properties": {"name": "Vardar Region solar project I", "fuel": "solar", "mw": 4.5, "country": "MKD", "status": "operating"}}, {"type": "Feature", "id": 278, "geometry": {"type": "Point", "coordinates": [21.816, 41.76]}, "properties": {"name": "Vardar Region solar project II", "fuel": "solar", "mw": 4.5, "country": "MKD", "status": "operating"}}, {"type": "Feature", "id": 279, "geometry": {"type": "Point", "coordinates": [21.756, 41.672]}, "properties": {"name": "Vardar Region solar project III", "fuel": "solar", "mw": 3.3, "country": "MKD", "status": "operating"}}, {"type": "Feature", "id": 280, "geometry": {"type": "Point", "coordinates": [21.807, 41.761]}, "properties": {"name": "Vardar Region solar project IV", "fuel": "solar", "mw": 2.7, "country": "MKD", "status": "operating"}}, {"type": "Feature", "id": 281, "geometry": {"type": "Point", "coordinates": [21.977, 41.505]}, "properties": {"name": "Vardar Region solar project V", "fuel": "solar", "mw": 5.5, "country": "MKD", "status": "operating"}}, {"type": "Feature", "id": 282, "geometry": {"type": "Point", "coordinates": [22.086, 41.306]}, "properties": {"name": "Vardar Region solar project VI", "fuel": "solar", "mw": 2.0, "country": "MKD", "status": "operating"}}, {"type": "Feature", "id": 283, "geometry": {"type": "Point", "coordinates": [19.945, 45.795]}, "properties": {"name": "Ada Municipality North Banat Administrative District solar project", "fuel": "solar", "mw": 15.7, "country": "SRB", "status": "operating"}}, {"type": "Feature", "id": 284, "geometry": {"type": "Point", "coordinates": [19.946, 45.794]}, "properties": {"name": "Ada solar farm", "fuel": "solar", "mw": 13.0, "country": "SRB", "status": "operating"}}, {"type": "Feature", "id": 285, "geometry": {"type": "Point", "coordinates": [19.946, 45.794]}, "properties": {"name": "Ada solar farm", "fuel": "solar", "mw": 14.0, "country": "SRB", "status": "operating"}}, {"type": "Feature", "id": 286, "geometry": {"type": "Point", "coordinates": [21.708, 43.517]}, "properties": {"name": "Aleksinac Municipality Nisava Administrative District solar project", "fuel": "solar", "mw": 9.7, "country": "SRB", "status": "operating"}}, {"type": "Feature", "id": 287, "geometry": {"type": "Point", "coordinates": [20.507, 44.339]}, "properties": {"name": "Arandjelovac Municipality Sumadija Administrative District solar project", "fuel": "solar", "mw": 2.3, "country": "SRB", "status": "operating"}}, {"type": "Feature", "id": 288, "geometry": {"type": "Point", "coordinates": [19.256, 45.29]}, "properties": {"name": "Backa Palanka Municipality South Backa Administrative District solar project", "fuel": "solar", "mw": 2.9, "country": "SRB", "status": "operating"}}, {"type": "Feature", "id": 289, "geometry": {"type": "Point", "coordinates": [20.389, 44.593]}, "properties": {"name": "Barajevo Urban Municipality City Of Belgrade solar project", "fuel": "solar", "mw": 4.0, "country": "SRB", "status": "operating"}}, {"type": "Feature", "id": 290, "geometry": {"type": "Point", "coordinates": [19.327, 45.572]}, "properties": {"name": "Ba\u010dki Gra\u010dac solar farm", "fuel": "solar", "mw": 66.0, "country": "SRB", "status": "planned"}}, {"type": "Feature", "id": 291, "geometry": {"type": "Point", "coordinates": [19.701, 45.202]}, "properties": {"name": "Beocin Municipality South Backa Administrative District solar project", "fuel": "solar", "mw": 2.1, "country": "SRB", "status": "operating"}}, {"type": "Feature", "id": 292, "geometry": {"type": "Point", "coordinates": [19.491, 44.821]}, "properties": {"name": "Bogatic Municipality Macva Administrative District solar project", "fuel": "solar", "mw": 1.4, "country": "SRB", "status": "operating"}}, {"type": "Feature", "id": 293, "geometry": {"type": "Point", "coordinates": [22.17, 44.016]}, "properties": {"name": "Bor Administrative District solar project", "fuel": "solar", "mw": 6.3, "country": "SRB", "status": "operating"}}, {"type": "Feature", "id": 294, "geometry": {"type": "Point", "coordinates": [22.122, 44.018]}, "properties": {"name": "Bor solar farm", "fuel": "solar", "mw": 500.0, "country": "SRB", "status": "planned"}}, {"type": "Feature", "id": 295, "geometry": {"type": "Point", "coordinates": [20.51, 45.339]}, "properties": {"name": "Central Banat Administrative District solar project", "fuel": "solar", "mw": 1.2, "country": "SRB", "status": "operating"}}, {"type": "Feature", "id": 296, "geometry": {"type": "Point", "coordinates": [21.419, 43.683]}, "properties": {"name": "Cicevac Municipality Rasina Administrative District solar project", "fuel": "solar", "mw": 1.1, "country": "SRB", "status": "operating"}}, {"type": "Feature", "id": 297, "geometry": {"type": "Point", "coordinates": [20.284, 45.833]}, "properties": {"name": "City Of Kikinda North Banat Administrative District solar project", "fuel": "solar", "mw": 1.2, "country": "SRB", "status": "operating"}}, {"type": "Feature", "id": 298, "geometry": {"type": "Point", "coordinates": [20.183, 45.83]}, "properties": {"name": "Coka Municipality North Banat Administrative District solar project", "fuel": "solar", "mw": 2.8, "country": "SRB", "status": "operating"}}, {"type": "Feature", "id": 299, "geometry": {"type": "Point", "coordinates": [21.858, 43.197]}, "properties": {"name": "Doljevac Municipality Nisava Administrative District solar project", "fuel": "solar", "mw": 9.4, "country": "SRB", "status": "operating"}}, {"type": "Feature", "id": 300, "geometry": {"type": "Point", "coordinates": [19.465, 45.596]}, "properties": {"name": "Equinox Power solar farm", "fuel": "solar", "mw": 80.0, "country": "SRB", "status": "planned"}}, {"type": "Feature", "id": 301, "geometry": {"type": "Point", "coordinates": [19.208, 45.138]}, "properties": {"name": "Erdevik solar farm", "fuel": "solar", "mw": 110.0, "country": "SRB", "status": "planned"}}, {"type": "Feature", "id": 302, "geometry": {"type": "Point", "coordinates": [20.078, 45.085]}, "properties": {"name": "Indjija Municipality Srem Administrative District solar project", "fuel": "solar", "mw": 7.1, "country": "SRB", "status": "operating"}}, {"type": "Feature", "id": 303, "geometry": {"type": "Point", "coordinates": [20.049, 45.138]}, "properties": {"name": "Indjija Municipality Srem Administrative District solar project I", "fuel": "solar", "mw": 8.6, "country": "SRB", "status": "operating"}}, {"type": "Feature", "id": 304, "geometry": {"type": "Point", "coordinates": [21.888, 43.149]}, "properties": {"name": "Jablanica Administrative District solar project", "fuel": "solar", "mw": 1.6, "country": "SRB", "status": "operating"}}, {"type": "Feature", "id": 305, "geometry": {"type": "Point", "coordinates": [21.749, 42.918]}, "properties": {"name": "Jablanica solar farm", "fuel": "solar", "mw": 303.0, "country": "SRB", "status": "planned"}}, {"type": "Feature", "id": 306, "geometry": {"type": "Point", "coordinates": [21.767, 43.182]}, "properties": {"name": "Jasenica solar farm", "fuel": "solar", "mw": 70.0, "country": "SRB", "status": "planned"}}, {"type": "Feature", "id": 307, "geometry": {"type": "Point", "coordinates": [20.47, 45.845]}, "properties": {"name": "Kikinda North Banat Administrative District solar project I", "fuel": "solar", "mw": 1.0, "country": "SRB", "status": "operating"}}, {"type": "Feature", "id": 308, "geometry": {"type": "Point", "coordinates": [20.475, 45.814]}, "properties": {"name": "Kikinda North Banat Administrative District solar project II", "fuel": "solar", "mw": 6.2, "country": "SRB", "status": "operating"}}, {"type": "Feature", "id": 309, "geometry": {"type": "Point", "coordinates": [20.282, 45.855]}, "properties": {"name": "Kikinda Sajan solar farm", "fuel": "solar", "mw": 55.0, "country": "SRB", "status": "planned"}}, {"type": "Feature", "id": 310, "geometry": {"type": "Point", "coordinates": [20.495, 43.887]}, "properties": {"name": "Kima solar farm", "fuel": "solar", "mw": 50.0, "country": "SRB", "status": "planned"}}, {"type": "Feature", "id": 311, "geometry": {"type": "Point", "coordinates": [22.543, 44.554]}, "properties": {"name": "Kladovo Municipality Bor Administrative District solar project", "fuel": "solar", "mw": 4.6, "country": "SRB", "status": "operating"}}, {"type": "Feature", "id": 312, "geometry": {"type": "Point", "coordinates": [22.598, 44.596]}, "properties": {"name": "Kladovo solar farm", "fuel": "solar", "mw": 333.0, "country": "SRB", "status": "planned"}}, {"type": "Feature", "id": 313, "geometry": {"type": "Point", "coordinates": [19.477, 45.66]}, "properties": {"name": "Kula solar farm", "fuel": "solar", "mw": 660.0, "country": "SRB", "status": "planned"}}, {"type": "Feature", "id": 314, "geometry": {"type": "Point", "coordinates": [21.256, 42.955]}, "properties": {"name": "Kursumlija Municipality Toplica Administrative District solar project", "fuel": "solar", "mw": 3.6, "country": "SRB", "status": "operating"}}, {"type": "Feature", "id": 315, "geometry": {"type": "Point", "coordinates": [21.11, 44.191]}, "properties": {"name": "Lapovo Municipality Sumadija Administrative District solar project", "fuel": "solar", "mw": 1.0, "country": "SRB", "status": "operating"}}, {"type": "Feature", "id": 316, "geometry": {"type": "Point", "coordinates": [21.052, 44.194]}, "properties": {"name": "Lapovo solar project", "fuel": "solar", "mw": 9.0, "country": "SRB", "status": "operating"}}, {"type": "Feature", "id": 317, "geometry": {"type": "Point", "coordinates": [21.726, 42.956]}, "properties": {"name": "Lebane Municipality Jablanica Administrative District solar project", "fuel": "solar", "mw": 6.6, "country": "SRB", "status": "operating"}}, {"type": "Feature", "id": 318, "geometry": {"type": "Point", "coordinates": [19.685, 44.812]}, "properties": {"name": "Macva Administrative District solar project I", "fuel": "solar", "mw": 4.7, "country": "SRB", "status": "operating"}}, {"type": "Feature", "id": 319, "geometry": {"type": "Point", "coordinates": [19.655, 44.816]}, "properties": {"name": "Macva Administrative District solar project II", "fuel": "solar", "mw": 3.8, "country": "SRB", "status": "operating"}}, {"type": "Feature", "id": 320, "geometry": {"type": "Point", "coordinates": [21.165, 44.22]}, "properties": {"name": "Morava solar farm", "fuel": "solar", "mw": 45.0, "country": "SRB", "status": "planned"}}, {"type": "Feature", "id": 321, "geometry": {"type": "Point", "coordinates": [19.573, 44.935]}, "properties": {"name": "Nocaj solar farm", "fuel": "solar", "mw": 90.0, "country": "SRB", "status": "planned"}}, {"type": "Feature", "id": 322, "geometry": {"type": "Point", "coordinates": [19.573, 44.935]}, "properties": {"name": "Nocaj solar farm", "fuel": "solar", "mw": 90.0, "country": "SRB", "status": "planned"}}, {"type": "Feature", "id": 323, "geometry": {"type": "Point", "coordinates": [20.618, 45.678]}, "properties": {"name": "Nova Crnja Municipality Central Banat Administrative District solar project", "fuel": "solar", "mw": 10.6, "country": "SRB", "status": "operating"}}, {"type": "Feature", "id": 324, "geometry": {"type": "Point", "coordinates": [19.879, 45.29]}, "properties": {"name": "Novi Sad South Backa Administrative District solar project", "fuel": "solar", "mw": 1.8, "country": "SRB", "status": "operating"}}, {"type": "Feature", "id": 325, "geometry": {"type": "Point", "coordinates": [22.58, 43.121]}, "properties": {"name": "Pirot solar farm", "fuel": "solar", "mw": 50.0, "country": "SRB", "status": "planned"}}, {"type": "Feature", "id": 326, "geometry": {"type": "Point", "coordinates": [21.072, 44.493]}, "properties": {"name": "Podunavlje Administrative District solar project", "fuel": "solar", "mw": 8.9, "country": "SRB", "status": "operating"}}, {"type": "Feature", "id": 327, "geometry": {"type": "Point", "coordinates": [20.146, 45.025]}, "properties": {"name": "Profine Energy solar farm", "fuel": "solar", "mw": 100.0, "country": "SRB", "status": "planned"}}, {"type": "Feature", "id": 328, "geometry": {"type": "Point", "coordinates": [21.572, 43.242]}, "properties": {"name": "Prokuplje solar farm", "fuel": "solar", "mw": 40.0, "country": "SRB", "status": "planned"}}, {"type": "Feature", "id": 329, "geometry": {"type": "Point", "coordinates": [19.509, 45.066]}, "properties": {"name": "RP Global solar farm", "fuel": "solar", "mw": 100.0, "country": "SRB", "status": "planned"}}, {"type": "Feature", "id": 330, "geometry": {"type": "Point", "coordinates": [21.349, 43.596]}, "properties": {"name": "Rasina Administrative District solar project", "fuel": "solar", "mw": 2.5, "country": "SRB", "status": "operating"}}, {"type": "Feature", "id": 331, "geometry": {"type": "Point", "coordinates": [20.382, 42.405]}, "properties": {"name": "Serbia solar project I", "fuel": "solar", "mw": 10.6, "country": "SRB", "status": "operating"}}, {"type": "Feature", "id": 332, "geometry": {"type": "Point", "coordinates": [21.703, 42.553]}, "properties": {"name": "Serbia solar project II", "fuel": "solar", "mw": 3.5, "country": "SRB", "status": "operating"}}, {"type": "Feature", "id": 333, "geometry": {"type": "Point", "coordinates": [20.423, 42.657]}, "properties": {"name": "Serbia solar project III", "fuel": "solar", "mw": 1.3, "country": "SRB", "status": "operating"}}, {"type": "Feature", "id": 334, "geometry": {"type": "Point", "coordinates": [21.076, 42.493]}, "properties": {"name": "Serbia solar project IV", "fuel": "solar", "mw": 2.8, "country": "SRB", "status": "operating"}}, {"type": "Feature", "id": 335, "geometry": {"type": "Point", "coordinates": [22.318, 44.178]}, "properties": {"name": "Sikole solar farm", "fuel": "solar", "mw": 461.0, "country": "SRB", "status": "planned"}}, {"type": "Feature", "id": 336, "geometry": {"type": "Point", "coordinates": [22.04, 43.527]}, "properties": {"name": "Solarina solar farm", "fuel": "solar", "mw": 50.0, "country": "SRB", "status": "planned"}}, {"type": "Feature", "id": 337, "geometry": {"type": "Point", "coordinates": [22.04, 43.527]}, "properties": {"name": "Solarina solar farm", "fuel": "solar", "mw": 50.0, "country": "SRB", "status": "planned"}}, {"type": "Feature", "id": 338, "geometry": {"type": "Point", "coordinates": [22.04, 43.527]}, "properties": {"name": "Solarina solar farm", "fuel": "solar", "mw": 50.0, "country": "SRB", "status": "planned"}}, {"type": "Feature", "id": 339, "geometry": {"type": "Point", "coordinates": [22.04, 43.527]}, "properties": {"name": "Srednje Kostola\u010dko Ostrvo solar farm", "fuel": "solar", "mw": 97.0, "country": "SRB", "status": "planned"}}, {"type": "Feature", "id": 340, "geometry": {"type": "Point", "coordinates": [19.642, 44.984]}, "properties": {"name": "Sremska Mitrovica solar farm", "fuel": "solar", "mw": 180.0, "country": "SRB", "status": "planned"}}, {"type": "Feature", "id": 341, "geometry": {"type": "Point", "coordinates": [21.807, 42.468]}, "properties": {"name": "Srpska Ku\u0107a solar farm", "fuel": "solar", "mw": 35.1, "country": "SRB", "status": "planned"}}, {"type": "Feature", "id": 342, "geometry": {"type": "Point", "coordinates": [20.328, 45.056]}, "properties": {"name": "Stara Pazova Municipality Srem Administrative District solar project", "fuel": "solar", "mw": 2.7, "country": "SRB", "status": "operating"}}, {"type": "Feature", "id": 343, "geometry": {"type": "Point", "coordinates": [20.303, 44.81]}, "properties": {"name": "Surcin Urban Municipality City Of Belgrade solar project", "fuel": "solar", "mw": 1.3, "country": "SRB", "status": "operating"}}, {"type": "Feature", "id": 344, "geometry": {"type": "Point", "coordinates": [19.87, 45.387]}, "properties": {"name": "Temerin Municipality South Backa Administrative District solar project", "fuel": "solar", "mw": 8.3, "country": "SRB", "status": "operating"}}, {"type": "Feature", "id": 345, "geometry": {"type": "Point", "coordinates": [21.867, 42.938]}, "properties": {"name": "Togo\u010devce solar farm", "fuel": "solar", "mw": 66.0, "country": "SRB", "status": "planned"}}, {"type": "Feature", "id": 346, "geometry": {"type": "Point", "coordinates": [21.505, 44.753]}, "properties": {"name": "Veliko Gradi\u0161te solar farm", "fuel": "solar", "mw": 71.5, "country": "SRB", "status": "planned"}}, {"type": "Feature", "id": 347, "geometry": {"type": "Point", "coordinates": [21.505, 44.753]}, "properties": {"name": "Veliko Gradi\u0161te solar farm", "fuel": "solar", "mw": 55.0, "country": "SRB", "status": "planned"}}, {"type": "Feature", "id": 348, "geometry": {"type": "Point", "coordinates": [22.264, 43.917]}, "properties": {"name": "Vida solar farm", "fuel": "solar", "mw": 150.0, "country": "SRB", "status": "planned"}}, {"type": "Feature", "id": 349, "geometry": {"type": "Point", "coordinates": [20.177, 45.957]}, "properties": {"name": "\u010coka solar farm", "fuel": "solar", "mw": 90.0, "country": "SRB", "status": "planned"}}, {"type": "Feature", "id": 350, "geometry": {"type": "Point", "coordinates": [20.931, 40.593]}, "properties": {"name": "Devoll wind farm", "fuel": "wind", "mw": 450.0, "country": "ALB", "status": "planned"}}, {"type": "Feature", "id": 351, "geometry": {"type": "Point", "coordinates": [20.681, 40.339]}, "properties": {"name": "Erseka wind farm", "fuel": "wind", "mw": 200.0, "country": "ALB", "status": "planned"}}, {"type": "Feature", "id": 352, "geometry": {"type": "Point", "coordinates": [19.53, 41.091]}, "properties": {"name": "Gursi Energy wind farm", "fuel": "wind", "mw": 74.4, "country": "ALB", "status": "planned"}}, {"type": "Feature", "id": 353, "geometry": {"type": "Point", "coordinates": [20.778, 40.618]}, "properties": {"name": "Kor\u00e7a wind farm", "fuel": "wind", "mw": 190.0, "country": "ALB", "status": "planned"}}, {"type": "Feature", "id": 354, "geometry": {"type": "Point", "coordinates": [19.53, 41.091]}, "properties": {"name": "Kryevidh wind farm", "fuel": "wind", "mw": 72.6, "country": "ALB", "status": "planned"}}, {"type": "Feature", "id": 355, "geometry": {"type": "Point", "coordinates": [19.644, 41.791]}, "properties": {"name": "Lezh\u00eb wind farm", "fuel": "wind", "mw": 150.0, "country": "ALB", "status": "construction"}}, {"type": "Feature", "id": 356, "geometry": {"type": "Point", "coordinates": [19.644, 41.791]}, "properties": {"name": "Lezh\u00eb wind farm", "fuel": "wind", "mw": 220.0, "country": "ALB", "status": "planned"}}, {"type": "Feature", "id": 357, "geometry": {"type": "Point", "coordinates": [20.656, 40.898]}, "properties": {"name": "Pogradec wind farm", "fuel": "wind", "mw": 120.0, "country": "ALB", "status": "planned"}}, {"type": "Feature", "id": 358, "geometry": {"type": "Point", "coordinates": [20.114, 39.889]}, "properties": {"name": "South Wind Park", "fuel": "wind", "mw": 75.0, "country": "ALB", "status": "planned"}}, {"type": "Feature", "id": 359, "geometry": {"type": "Point", "coordinates": [19.644, 42.009]}, "properties": {"name": "Vau i Dej\u00ebs wind farm", "fuel": "wind", "mw": 28.5, "country": "ALB", "status": "planned"}}, {"type": "Feature", "id": 360, "geometry": {"type": "Point", "coordinates": [17.959, 43.654]}, "properties": {"name": "Bitovnja wind farm", "fuel": "wind", "mw": 90.0, "country": "BIH", "status": "planned"}}, {"type": "Feature", "id": 361, "geometry": {"type": "Point", "coordinates": [16.844, 44.049]}, "properties": {"name": "\u010cadilj wind farm", "fuel": "wind", "mw": 138.0, "country": "BIH", "status": "planned"}}, {"type": "Feature", "id": 362, "geometry": {"type": "Point", "coordinates": [17.008, 43.825]}, "properties": {"name": "Debelo Brdo wind farm", "fuel": "wind", "mw": 54.0, "country": "BIH", "status": "planned"}}, {"type": "Feature", "id": 363, "geometry": {"type": "Point", "coordinates": [17.224, 43.719]}, "properties": {"name": "Gradina wind farm (Bosnia and Herzegovina)", "fuel": "wind", "mw": 42.0, "country": "BIH", "status": "planned"}}, {"type": "Feature", "id": 364, "geometry": {"type": "Point", "coordinates": [18.607, 43.642]}, "properties": {"name": "Grebak wind farm", "fuel": "wind", "mw": 66.0, "country": "BIH", "status": "construction"}}, {"type": "Feature", "id": 365, "geometry": {"type": "Point", "coordinates": [18.17, 43.094]}, "properties": {"name": "Hrgud wind farm", "fuel": "wind", "mw": 48.0, "country": "BIH", "status": "planned"}}, {"type": "Feature", "id": 366, "geometry": {"type": "Point", "coordinates": [18.325, 43.855]}, "properties": {"name": "Ivan Sedlo wind farm", "fuel": "wind", "mw": 25.0, "country": "BIH", "status": "operating"}}, {"type": "Feature", "id": 367, "geometry": {"type": "Point", "coordinates": [17.13, 43.782]}, "properties": {"name": "Ivovik wind farm", "fuel": "wind", "mw": 84.0, "country": "BIH", "status": "operating"}}, {"type": "Feature", "id": 368, "geometry": {"type": "Point", "coordinates": [17.145, 43.751]}, "properties": {"name": "Jelovaca wind farm", "fuel": "wind", "mw": 36.0, "country": "BIH", "status": "operating"}}, {"type": "Feature", "id": 369, "geometry": {"type": "Point", "coordinates": [17.024, 43.874]}, "properties": {"name": "Kruzi wind farm", "fuel": "wind", "mw": 405.0, "country": "BIH", "status": "planned"}}, {"type": "Feature", "id": 370, "geometry": {"type": "Point", "coordinates": [17.002, 43.815]}, "properties": {"name": "Livno wind farm", "fuel": "wind", "mw": 125.0, "country": "BIH", "status": "planned"}}, {"type": "Feature", "id": 371, "geometry": {"type": "Point", "coordinates": [17.391, 43.719]}, "properties": {"name": "Ljubu\u0161a wind farm", "fuel": "wind", "mw": 80.0, "country": "BIH", "status": "planned"}}, {"type": "Feature", "id": 372, "geometry": {"type": "Point", "coordinates": [16.363, 44.179]}, "properties": {"name": "Marino Brdo wind farm", "fuel": "wind", "mw": 126.0, "country": "BIH", "status": "planned"}}, {"type": "Feature", "id": 373, "geometry": {"type": "Point", "coordinates": [17.233, 43.614]}, "properties": {"name": "Mesihovina wind farm", "fuel": "wind", "mw": 51.0, "country": "BIH", "status": "operating"}}, {"type": "Feature", "id": 374, "geometry": {"type": "Point", "coordinates": [17.596, 44.305]}, "properties": {"name": "Pakline-1 wind farm", "fuel": "wind", "mw": 48.0, "country": "BIH", "status": "planned"}}, {"type": "Feature", "id": 375, "geometry": {"type": "Point", "coordinates": [17.596, 44.305]}, "properties": {"name": "Pakline-2 wind farm", "fuel": "wind", "mw": 48.0, "country": "BIH", "status": "planned"}}, {"type": "Feature", "id": 376, "geometry": {"type": "Point", "coordinates": [17.596, 44.305]}, "properties": {"name": "Plo\u010dno wind farm", "fuel": "wind", "mw": 79.0, "country": "BIH", "status": "planned"}}, {"type": "Feature", "id": 377, "geometry": {"type": "Point", "coordinates": [17.863, 43.344]}, "properties": {"name": "Podvelezje wind farm", "fuel": "wind", "mw": 48.0, "country": "BIH", "status": "operating"}}, {"type": "Feature", "id": 378, "geometry": {"type": "Point", "coordinates": [17.441, 43.54]}, "properties": {"name": "Pokle\u010dani wind farm", "fuel": "wind", "mw": 132.0, "country": "BIH", "status": "planned"}}, {"type": "Feature", "id": 379, "geometry": {"type": "Point", "coordinates": [17.596, 44.305]}, "properties": {"name": "Rostovo wind farm", "fuel": "wind", "mw": 20.0, "country": "BIH", "status": "planned"}}, {"type": "Feature", "id": 380, "geometry": {"type": "Point", "coordinates": [17.967, 42.887]}, "properties": {"name": "Ru\u0111er Bo\u0161kovi\u0107 wind farm", "fuel": "wind", "mw": 60.0, "country": "BIH", "status": "planned"}}, {"type": "Feature", "id": 381, "geometry": {"type": "Point", "coordinates": [16.869, 43.723]}, "properties": {"name": "Siroka Draga wind farm", "fuel": "wind", "mw": 125.0, "country": "BIH", "status": "construction"}}, {"type": "Feature", "id": 382, "geometry": {"type": "Point", "coordinates": [16.854, 44.061]}, "properties": {"name": "Skadimovac wind farm", "fuel": "wind", "mw": 110.0, "country": "BIH", "status": "planned"}}, {"type": "Feature", "id": 383, "geometry": {"type": "Point", "coordinates": [16.985, 43.995]}, "properties": {"name": "Slovinj wind farm", "fuel": "wind", "mw": 138.0, "country": "BIH", "status": "planned"}}, {"type": "Feature", "id": 384, "geometry": {"type": "Point", "coordinates": [15.869, 44.812]}, "properties": {"name": "Teo\u010dak wind farm", "fuel": "wind", "mw": 40.0, "country": "BIH", "status": "planned"}}, {"type": "Feature", "id": 385, "geometry": {"type": "Point", "coordinates": [17.098, 43.73]}, "properties": {"name": "Tu\u0161nica wind farm", "fuel": "wind", "mw": 73.0, "country": "BIH", "status": "planned"}}, {"type": "Feature", "id": 386, "geometry": {"type": "Point", "coordinates": [17.008, 43.825]}, "properties": {"name": "Vaganj wind farm", "fuel": "wind", "mw": 405.0, "country": "BIH", "status": "planned"}}, {"type": "Feature", "id": 387, "geometry": {"type": "Point", "coordinates": [18.695, 43.66]}, "properties": {"name": "VE Kacelj wind farm", "fuel": "wind", "mw": 200.0, "country": "BIH", "status": "planned"}}, {"type": "Feature", "id": 388, "geometry": {"type": "Point", "coordinates": [17.666, 44.303]}, "properties": {"name": "Vla\u0161i\u0107 wind farm", "fuel": "wind", "mw": 50.0, "country": "BIH", "status": "planned"}}, {"type": "Feature", "id": 389, "geometry": {"type": "Point", "coordinates": [17.442, 44.279]}, "properties": {"name": "VP Energokul wind farm", "fuel": "wind", "mw": 140.0, "country": "BIH", "status": "planned"}}, {"type": "Feature", "id": 390, "geometry": {"type": "Point", "coordinates": [17.442, 44.279]}, "properties": {"name": "VP Energokul wind farm", "fuel": "wind", "mw": 60.0, "country": "BIH", "status": "planned"}}, {"type": "Feature", "id": 391, "geometry": {"type": "Point", "coordinates": [19.094, 42.956]}, "properties": {"name": "Bijela wind farm", "fuel": "wind", "mw": 118.0, "country": "MNE", "status": "planned"}}, {"type": "Feature", "id": 392, "geometry": {"type": "Point", "coordinates": [18.898, 42.305]}, "properties": {"name": "Braji\u0107i wind farm", "fuel": "wind", "mw": 100.0, "country": "MNE", "status": "planned"}}, {"type": "Feature", "id": 393, "geometry": {"type": "Point", "coordinates": [18.944, 42.792]}, "properties": {"name": "Gvozd wind farm", "fuel": "wind", "mw": 55.0, "country": "MNE", "status": "construction"}}, {"type": "Feature", "id": 394, "geometry": {"type": "Point", "coordinates": [18.944, 42.792]}, "properties": {"name": "Gvozd wind farm", "fuel": "wind", "mw": 21.0, "country": "MNE", "status": "planned"}}, {"type": "Feature", "id": 395, "geometry": {"type": "Point", "coordinates": [19.111, 42.876]}, "properties": {"name": "Krnovo wind farm", "fuel": "wind", "mw": 72.0, "country": "MNE", "status": "operating"}}, {"type": "Feature", "id": 396, "geometry": {"type": "Point", "coordinates": [19.18, 41.985]}, "properties": {"name": "Mo\u017eura wind farm", "fuel": "wind", "mw": 46.0, "country": "MNE", "status": "operating"}}, {"type": "Feature", "id": 397, "geometry": {"type": "Point", "coordinates": [22.559, 41.228]}, "properties": {"name": "Bogdanci (ESM) wind farm", "fuel": "wind", "mw": 37.0, "country": "MKD", "status": "operating"}}, {"type": "Feature", "id": 398, "geometry": {"type": "Point", "coordinates": [22.578, 41.202]}, "properties": {"name": "Bogdanci (ESM) wind farm", "fuel": "wind", "mw": 14.0, "country": "MKD", "status": "planned"}}, {"type": "Feature", "id": 399, "geometry": {"type": "Point", "coordinates": [22.035, 41.799]}, "properties": {"name": "Bogoslovec wind farm", "fuel": "wind", "mw": 36.0, "country": "MKD", "status": "operating"}}, {"type": "Feature", "id": 400, "geometry": {"type": "Point", "coordinates": [21.433, 42.001]}, "properties": {"name": "Goldwind wind farm", "fuel": "wind", "mw": 43.0, "country": "MKD", "status": "construction"}}, {"type": "Feature", "id": 401, "geometry": {"type": "Point", "coordinates": [22.539, 41.197]}, "properties": {"name": "Perun wind farm", "fuel": "wind", "mw": 30.0, "country": "MKD", "status": "construction"}}, {"type": "Feature", "id": 402, "geometry": {"type": "Point", "coordinates": [22.407, 41.725]}, "properties": {"name": "\u0160tip wind farm", "fuel": "wind", "mw": 400.0, "country": "MKD", "status": "construction"}}, {"type": "Feature", "id": 403, "geometry": {"type": "Point", "coordinates": [20.879, 45.069]}, "properties": {"name": "Alibunar A&B wind farm", "fuel": "wind", "mw": 168.0, "country": "SRB", "status": "planned"}}, {"type": "Feature", "id": 404, "geometry": {"type": "Point", "coordinates": [20.966, 45.08]}, "properties": {"name": "Alibunar wind farm", "fuel": "wind", "mw": 42.0, "country": "SRB", "status": "operating"}}, {"type": "Feature", "id": 405, "geometry": {"type": "Point", "coordinates": [20.809, 45.1]}, "properties": {"name": "Banat wind farm", "fuel": "wind", "mw": 93.0, "country": "SRB", "status": "planned"}}, {"type": "Feature", "id": 406, "geometry": {"type": "Point", "coordinates": [20.809, 45.1]}, "properties": {"name": "Banat wind farm", "fuel": "wind", "mw": 140.0, "country": "SRB", "status": "planned"}}, {"type": "Feature", "id": 407, "geometry": {"type": "Point", "coordinates": [20.809, 45.1]}, "properties": {"name": "Banat wind farm", "fuel": "wind", "mw": 93.0, "country": "SRB", "status": "planned"}}, {"type": "Feature", "id": 408, "geometry": {"type": "Point", "coordinates": [20.809, 45.1]}, "properties": {"name": "Banat wind farm", "fuel": "wind", "mw": 118.5, "country": "SRB", "status": "planned"}}, {"type": "Feature", "id": 409, "geometry": {"type": "Point", "coordinates": [20.809, 45.1]}, "properties": {"name": "Banat wind farm", "fuel": "wind", "mw": 118.5, "country": "SRB", "status": "planned"}}, {"type": "Feature", "id": 410, "geometry": {"type": "Point", "coordinates": [20.356, 45.219]}, "properties": {"name": "Belo Blato wind farm", "fuel": "wind", "mw": 20.0, "country": "SRB", "status": "operating"}}, {"type": "Feature", "id": 411, "geometry": {"type": "Point", "coordinates": [22.131, 44.035]}, "properties": {"name": "Bor wind farm", "fuel": "wind", "mw": 1500.0, "country": "SRB", "status": "planned"}}, {"type": "Feature", "id": 412, "geometry": {"type": "Point", "coordinates": [21.257, 44.695]}, "properties": {"name": "Bradarac wind farm", "fuel": "wind", "mw": 225.0, "country": "SRB", "status": "planned"}}, {"type": "Feature", "id": 413, "geometry": {"type": "Point", "coordinates": [20.933, 44.943]}, "properties": {"name": "Cibuk wind farm", "fuel": "wind", "mw": 158.0, "country": "SRB", "status": "operating"}}, {"type": "Feature", "id": 414, "geometry": {"type": "Point", "coordinates": [20.933, 44.943]}, "properties": {"name": "Cibuk wind farm", "fuel": "wind", "mw": 155.0, "country": "SRB", "status": "planned"}}, {"type": "Feature", "id": 415, "geometry": {"type": "Point", "coordinates": [22.099, 44.07]}, "properties": {"name": "Crni Vrh wind farm", "fuel": "wind", "mw": 150.0, "country": "SRB", "status": "planned"}}, {"type": "Feature", "id": 416, "geometry": {"type": "Point", "coordinates": [20.724, 44.906]}, "properties": {"name": "Elicio Wind 01 wind farm", "fuel": "wind", "mw": 50.0, "country": "SRB", "status": "planned"}}, {"type": "Feature", "id": 417, "geometry": {"type": "Point", "coordinates": [21.402, 44.375]}, "properties": {"name": "Gornjak wind farm", "fuel": "wind", "mw": 150.0, "country": "SRB", "status": "planned"}}, {"type": "Feature", "id": 418, "geometry": {"type": "Point", "coordinates": [21.904, 42.578]}, "properties": {"name": "Grot and Oblik wind farm", "fuel": "wind", "mw": 60.0, "country": "SRB", "status": "planned"}}, {"type": "Feature", "id": 419, "geometry": {"type": "Point", "coordinates": [21.991, 44.434]}, "properties": {"name": "Jasikovo wind farm", "fuel": "wind", "mw": 70.0, "country": "SRB", "status": "planned"}}, {"type": "Feature", "id": 420, "geometry": {"type": "Point", "coordinates": [21.261, 43.841]}, "properties": {"name": "Juhor wind farm", "fuel": "wind", "mw": 144.0, "country": "SRB", "status": "planned"}}, {"type": "Feature", "id": 421, "geometry": {"type": "Point", "coordinates": [21.174, 44.984]}, "properties": {"name": "Kosava wind farm", "fuel": "wind", "mw": 69.0, "country": "SRB", "status": "operating"}}, {"type": "Feature", "id": 422, "geometry": {"type": "Point", "coordinates": [21.168, 44.985]}, "properties": {"name": "Kosava wind farm", "fuel": "wind", "mw": 68.0, "country": "SRB", "status": "planned"}}, {"type": "Feature", "id": 423, "geometry": {"type": "Point", "coordinates": [21.169, 44.714]}, "properties": {"name": "Kostolac wind farm", "fuel": "wind", "mw": 66.0, "country": "SRB", "status": "construction"}}, {"type": "Feature", "id": 424, "geometry": {"type": "Point", "coordinates": [20.657, 45.06]}, "properties": {"name": "Kovacica wind farm", "fuel": "wind", "mw": 105.0, "country": "SRB", "status": "operating"}}, {"type": "Feature", "id": 425, "geometry": {"type": "Point", "coordinates": [21.67, 44.596]}, "properties": {"name": "Kriva\u010da wind farm", "fuel": "wind", "mw": 105.6, "country": "SRB", "status": "operating"}}, {"type": "Feature", "id": 426, "geometry": {"type": "Point", "coordinates": [19.584, 45.643]}, "properties": {"name": "Kula wind farm", "fuel": "wind", "mw": 10.0, "country": "SRB", "status": "operating"}}, {"type": "Feature", "id": 427, "geometry": {"type": "Point", "coordinates": [19.584, 45.643]}, "properties": {"name": "Kula wind farm", "fuel": "wind", "mw": 10.0, "country": "SRB", "status": "planned"}}, {"type": "Feature", "id": 428, "geometry": {"type": "Point", "coordinates": [19.584, 45.643]}, "properties": {"name": "Kula wind farm", "fuel": "wind", "mw": 10.0, "country": "SRB", "status": "planned"}}, {"type": "Feature", "id": 429, "geometry": {"type": "Point", "coordinates": [19.584, 45.643]}, "properties": {"name": "Kula wind farm", "fuel": "wind", "mw": 10.0, "country": "SRB", "status": "planned"}}, {"type": "Feature", "id": 430, "geometry": {"type": "Point", "coordinates": [21.176, 44.615]}, "properties": {"name": "Lederata Energy wind farm", "fuel": "wind", "mw": 100.0, "country": "SRB", "status": "planned"}}, {"type": "Feature", "id": 431, "geometry": {"type": "Point", "coordinates": [21.664, 43.683]}, "properties": {"name": "Mozgovo wind farm", "fuel": "wind", "mw": 150.0, "country": "SRB", "status": "planned"}}, {"type": "Feature", "id": 432, "geometry": {"type": "Point", "coordinates": [20.748, 44.822]}, "properties": {"name": "Nadel 1 wind farm", "fuel": "wind", "mw": 10.0, "country": "SRB", "status": "planned"}}, {"type": "Feature", "id": 433, "geometry": {"type": "Point", "coordinates": [21.123, 45.229]}, "properties": {"name": "Plandiste 1 wind farm", "fuel": "wind", "mw": 102.0, "country": "SRB", "status": "planned"}}, {"type": "Feature", "id": 434, "geometry": {"type": "Point", "coordinates": [20.735, 45.064]}, "properties": {"name": "Pupin wind farm", "fuel": "wind", "mw": 94.5, "country": "SRB", "status": "operating"}}, {"type": "Feature", "id": 435, "geometry": {"type": "Point", "coordinates": [21.512, 44.745]}, "properties": {"name": "Ram wind farm", "fuel": "wind", "mw": 10.0, "country": "SRB", "status": "planned"}}, {"type": "Feature", "id": 436, "geometry": {"type": "Point", "coordinates": [19.92, 45.261]}, "properties": {"name": "Samos wind farm", "fuel": "wind", "mw": 420.0, "country": "SRB", "status": "planned"}}, {"type": "Feature", "id": 437, "geometry": {"type": "Point", "coordinates": [19.92, 45.261]}, "properties": {"name": "Samos wind farm", "fuel": "wind", "mw": 468.0, "country": "SRB", "status": "planned"}}, {"type": "Feature", "id": 438, "geometry": {"type": "Point", "coordinates": [22.048, 44.095]}, "properties": {"name": "Snaga Istoka wind farm", "fuel": "wind", "mw": 300.0, "country": "SRB", "status": "planned"}}, {"type": "Feature", "id": 439, "geometry": {"type": "Point", "coordinates": [21.195, 44.712]}, "properties": {"name": "Sti\u0161ko Polje wind farm", "fuel": "wind", "mw": 500.0, "country": "SRB", "status": "planned"}}, {"type": "Feature", "id": 440, "geometry": {"type": "Point", "coordinates": [21.195, 44.712]}, "properties": {"name": "Sti\u0161ko Polje wind farm", "fuel": "wind", "mw": 500.0, "country": "SRB", "status": "planned"}}, {"type": "Feature", "id": 441, "geometry": {"type": "Point", "coordinates": [19.924, 45.594]}, "properties": {"name": "Vetrogon wind farm", "fuel": "wind", "mw": 432.0, "country": "SRB", "status": "planned"}}, {"type": "Feature", "id": 442, "geometry": {"type": "Point", "coordinates": [20.759, 44.886]}, "properties": {"name": "Vetrozelena wind farm", "fuel": "wind", "mw": 291.0, "country": "SRB", "status": "planned"}}, {"type": "Feature", "id": 443, "geometry": {"type": "Point", "coordinates": [21.899, 42.57]}, "properties": {"name": "Vranje wind farm", "fuel": "wind", "mw": 171.0, "country": "SRB", "status": "planned"}}, {"type": "Feature", "id": 444, "geometry": {"type": "Point", "coordinates": [19.552, 42.011]}, "properties": {"name": "Ashta 2 hydroelectric plant", "fuel": "hydro", "mw": 45.0, "country": "ALB", "status": "operating"}}, {"type": "Feature", "id": 445, "geometry": {"type": "Point", "coordinates": [20.067, 40.965]}, "properties": {"name": "Banj\u00eb hydroelectric plant", "fuel": "hydro", "mw": 72.0, "country": "ALB", "status": "operating"}}, {"type": "Feature", "id": 446, "geometry": {"type": "Point", "coordinates": [19.785, 41.739]}, "properties": {"name": "Fang hydroelectric plant", "fuel": "hydro", "mw": 72.0, "country": "ALB", "status": "operating"}}, {"type": "Feature", "id": 447, "geometry": {"type": "Point", "coordinates": [20.043, 42.251]}, "properties": {"name": "Fierza hydroelectric plant", "fuel": "hydro", "mw": 500.0, "country": "ALB", "status": "operating"}}, {"type": "Feature", "id": 448, "geometry": {"type": "Point", "coordinates": [19.822, 42.103]}, "properties": {"name": "Komani hydroelectric plant", "fuel": "hydro", "mw": 600.0, "country": "ALB", "status": "operating"}}, {"type": "Feature", "id": 449, "geometry": {"type": "Point", "coordinates": [20.441, 40.693]}, "properties": {"name": "Moglic\u00eb hydroelectric plant", "fuel": "hydro", "mw": 197.0, "country": "ALB", "status": "operating"}}, {"type": "Feature", "id": 450, "geometry": {"type": "Point", "coordinates": [20.44, 40.693]}, "properties": {"name": "Moglic\u00eb Pumped Storage hydroelectric plant", "fuel": "hydro", "mw": 1200.0, "country": "ALB", "status": "planned"}}, {"type": "Feature", "id": 451, "geometry": {"type": "Point", "coordinates": [20.026, 41.866]}, "properties": {"name": "Peshqeshit hydroelectric plant", "fuel": "hydro", "mw": 34.0, "country": "ALB", "status": "operating"}}, {"type": "Feature", "id": 452, "geometry": {"type": "Point", "coordinates": [19.636, 42.014]}, "properties": {"name": "Vau i Dej\u00ebs hydroelectric plant", "fuel": "hydro", "mw": 250.0, "country": "ALB", "status": "operating"}}, {"type": "Feature", "id": 453, "geometry": {"type": "Point", "coordinates": [18.395, 42.853]}, "properties": {"name": "Bile\u0107a hydroelectric plant", "fuel": "hydro", "mw": 34.0, "country": "BIH", "status": "planned"}}, {"type": "Feature", "id": 454, "geometry": {"type": "Point", "coordinates": [17.161, 44.508]}, "properties": {"name": "Bo\u010dac hydroelectric plant", "fuel": "hydro", "mw": 110.0, "country": "BIH", "status": "operating"}}, {"type": "Feature", "id": 455, "geometry": {"type": "Point", "coordinates": [18.765, 43.427]}, "properties": {"name": "Buk Bijela hydroelectric plant", "fuel": "hydro", "mw": 115.0, "country": "BIH", "status": "planned"}}, {"type": "Feature", "id": 456, "geometry": {"type": "Point", "coordinates": [17.803, 43.013]}, "properties": {"name": "\u010capljina hydroelectric plant", "fuel": "hydro", "mw": 440.0, "country": "BIH", "status": "operating"}}, {"type": "Feature", "id": 457, "geometry": {"type": "Point", "coordinates": [18.2, 43.091]}, "properties": {"name": "Dabar hydroelectric plant", "fuel": "hydro", "mw": 159.0, "country": "BIH", "status": "construction"}}, {"type": "Feature", "id": 458, "geometry": {"type": "Point", "coordinates": [18.23, 42.605]}, "properties": {"name": "Dubrovnik hydroelectric plant", "fuel": "hydro", "mw": 252.0, "country": "BIH", "status": "operating"}}, {"type": "Feature", "id": 459, "geometry": {"type": "Point", "coordinates": [18.767, 43.5]}, "properties": {"name": "Fo\u010da hydroelectric plant", "fuel": "hydro", "mw": 45.0, "country": "BIH", "status": "planned"}}, {"type": "Feature", "id": 460, "geometry": {"type": "Point", "coordinates": [17.719, 43.587]}, "properties": {"name": "Grabovica hydroelectric plant", "fuel": "hydro", "mw": 114.0, "country": "BIH", "status": "operating"}}, {"type": "Feature", "id": 461, "geometry": {"type": "Point", "coordinates": [17.732, 43.692]}, "properties": {"name": "Jablanica hydroelectric plant", "fuel": "hydro", "mw": 180.0, "country": "BIH", "status": "operating"}}, {"type": "Feature", "id": 462, "geometry": {"type": "Point", "coordinates": [17.282, 44.377]}, "properties": {"name": "Jajce I hydroelectric plant", "fuel": "hydro", "mw": 48.0, "country": "BIH", "status": "operating"}}, {"type": "Feature", "id": 463, "geometry": {"type": "Point", "coordinates": [17.24, 44.428]}, "properties": {"name": "Jajce II hydroelectric plant", "fuel": "hydro", "mw": 30.0, "country": "BIH", "status": "operating"}}, {"type": "Feature", "id": 464, "geometry": {"type": "Point", "coordinates": [17.845, 43.378]}, "properties": {"name": "Mostar hydroelectric plant", "fuel": "hydro", "mw": 72.0, "country": "BIH", "status": "operating"}}, {"type": "Feature", "id": 465, "geometry": {"type": "Point", "coordinates": [17.794, 43.299]}, "properties": {"name": "Mostarsko Blato hydroelectric plant", "fuel": "hydro", "mw": 60.0, "country": "BIH", "status": "operating"}}, {"type": "Feature", "id": 466, "geometry": {"type": "Point", "coordinates": [19.364, 43.616]}, "properties": {"name": "Mrsovo hydroelectric plant", "fuel": "hydro", "mw": 37.0, "country": "BIH", "status": "planned"}}, {"type": "Feature", "id": 467, "geometry": {"type": "Point", "coordinates": [18.804, 43.56]}, "properties": {"name": "Paunci hydroelectric plant", "fuel": "hydro", "mw": 43.0, "country": "BIH", "status": "planned"}}, {"type": "Feature", "id": 468, "geometry": {"type": "Point", "coordinates": [17.326, 43.337]}, "properties": {"name": "Pe\u0107 Mlini hydroelectric plant", "fuel": "hydro", "mw": 30.0, "country": "BIH", "status": "operating"}}, {"type": "Feature", "id": 469, "geometry": {"type": "Point", "coordinates": [17.676, 43.747]}, "properties": {"name": "Rama hydroelectric plant", "fuel": "hydro", "mw": 160.0, "country": "BIH", "status": "operating"}}, {"type": "Feature", "id": 470, "geometry": {"type": "Point", "coordinates": [17.837, 43.448]}, "properties": {"name": "Salakovac hydroelectric plant", "fuel": "hydro", "mw": 210.0, "country": "BIH", "status": "operating"}}, {"type": "Feature", "id": 471, "geometry": {"type": "Point", "coordinates": [18.497, 42.734]}, "properties": {"name": "Trebinje I hydroelectric plant", "fuel": "hydro", "mw": 100.0, "country": "BIH", "status": "operating"}}, {"type": "Feature", "id": 472, "geometry": {"type": "Point", "coordinates": [18.324, 43.475]}, "properties": {"name": "Ulog hydroelectric plant", "fuel": "hydro", "mw": 35.0, "country": "BIH", "status": "operating"}}, {"type": "Feature", "id": 473, "geometry": {"type": "Point", "coordinates": [18.975, 43.666]}, "properties": {"name": "Ustikolina hydroelectric plant", "fuel": "hydro", "mw": 61.0, "country": "BIH", "status": "planned"}}, {"type": "Feature", "id": 474, "geometry": {"type": "Point", "coordinates": [19.289, 43.761]}, "properties": {"name": "Vi\u0161egrad hydroelectric plant", "fuel": "hydro", "mw": 315.0, "country": "BIH", "status": "operating"}}, {"type": "Feature", "id": 475, "geometry": {"type": "Point", "coordinates": [18.699, 42.513]}, "properties": {"name": "Boka hydroelectric plant", "fuel": "hydro", "mw": 250.0, "country": "MNE", "status": "planned"}}, {"type": "Feature", "id": 476, "geometry": {"type": "Point", "coordinates": [19.069, 42.989]}, "properties": {"name": "Komarnica hydroelectric plant", "fuel": "hydro", "mw": 172.0, "country": "MNE", "status": "planned"}}, {"type": "Feature", "id": 477, "geometry": {"type": "Point", "coordinates": [18.84, 43.346]}, "properties": {"name": "Kru\u0161evo hydroelectric plant", "fuel": "hydro", "mw": 120.0, "country": "MNE", "status": "planned"}}, {"type": "Feature", "id": 478, "geometry": {"type": "Point", "coordinates": [18.842, 43.273]}, "properties": {"name": "Mratinje hydroelectric plant", "fuel": "hydro", "mw": 342.0, "country": "MNE", "status": "operating"}}, {"type": "Feature", "id": 479, "geometry": {"type": "Point", "coordinates": [18.995, 42.672]}, "properties": {"name": "Perucica hydroelectric plant", "fuel": "hydro", "mw": 307.0, "country": "MNE", "status": "operating"}}, {"type": "Feature", "id": 480, "geometry": {"type": "Point", "coordinates": [21.937, 41.404]}, "properties": {"name": "Cebren hydroelectric plant", "fuel": "hydro", "mw": 333.0, "country": "MKD", "status": "planned"}}, {"type": "Feature", "id": 481, "geometry": {"type": "Point", "coordinates": [21.95, 41.268]}, "properties": {"name": "Galiste hydroelectric plant", "fuel": "hydro", "mw": 194.0, "country": "MKD", "status": "planned"}}, {"type": "Feature", "id": 482, "geometry": {"type": "Point", "coordinates": [20.635, 41.337]}, "properties": {"name": "Globocica hydroelectric plant", "fuel": "hydro", "mw": 42.0, "country": "MKD", "status": "operating"}}, {"type": "Feature", "id": 483, "geometry": {"type": "Point", "coordinates": [21.192, 41.88]}, "properties": {"name": "Kozjak hydroelectric plant (North Macedonia)", "fuel": "hydro", "mw": 82.0, "country": "MKD", "status": "operating"}}, {"type": "Feature", "id": 484, "geometry": {"type": "Point", "coordinates": [20.503, 41.493]}, "properties": {"name": "Spilje hydroelectric plant", "fuel": "hydro", "mw": 84.0, "country": "MKD", "status": "operating"}}, {"type": "Feature", "id": 485, "geometry": {"type": "Point", "coordinates": [21.265, 41.925]}, "properties": {"name": "Sveta Petka hydroelectric plant", "fuel": "hydro", "mw": 36.0, "country": "MKD", "status": "operating"}}, {"type": "Feature", "id": 486, "geometry": {"type": "Point", "coordinates": [21.937, 41.405]}, "properties": {"name": "Tikve\u0161 hydroelectric plant", "fuel": "hydro", "mw": 114.0, "country": "MKD", "status": "operating"}}, {"type": "Feature", "id": 487, "geometry": {"type": "Point", "coordinates": [22.436, 41.345]}, "properties": {"name": "Vardar Valley hydroelectric plant", "fuel": "hydro", "mw": 55.0, "country": "MKD", "status": "planned"}}, {"type": "Feature", "id": 488, "geometry": {"type": "Point", "coordinates": [21.675, 41.833]}, "properties": {"name": "Veles hydroelectric plant", "fuel": "hydro", "mw": 93.0, "country": "MKD", "status": "planned"}}, {"type": "Feature", "id": 489, "geometry": {"type": "Point", "coordinates": [20.838, 41.771]}, "properties": {"name": "Vrutok hydroelectric plant", "fuel": "hydro", "mw": 166.0, "country": "MKD", "status": "operating"}}, {"type": "Feature", "id": 490, "geometry": {"type": "Point", "coordinates": [19.41, 43.965]}, "properties": {"name": "Bajina Ba\u0161ta hydroelectric plant", "fuel": "hydro", "mw": 420.0, "country": "SRB", "status": "operating"}}, {"type": "Feature", "id": 491, "geometry": {"type": "Point", "coordinates": [19.41, 43.965]}, "properties": {"name": "Bajina Ba\u0161ta Pumped Storage hydroelectric plant", "fuel": "hydro", "mw": 614.0, "country": "SRB", "status": "operating"}}, {"type": "Feature", "id": 492, "geometry": {"type": "Point", "coordinates": [19.655, 43.471]}, "properties": {"name": "Bistrica Eps hydroelectric plant", "fuel": "hydro", "mw": 102.0, "country": "SRB", "status": "operating"}}, {"type": "Feature", "id": 493, "geometry": {"type": "Point", "coordinates": [19.655, 43.47]}, "properties": {"name": "Bistrica Pumped Storage hydroelectric plant", "fuel": "hydro", "mw": 630.0, "country": "SRB", "status": "planned"}}, {"type": "Feature", "id": 494, "geometry": {"type": "Point", "coordinates": [22.565, 44.304]}, "properties": {"name": "Djerdap III hydroelectric plant", "fuel": "hydro", "mw": 2400.0, "country": "SRB", "status": "planned"}}, {"type": "Feature", "id": 495, "geometry": {"type": "Point", "coordinates": [22.615, 43.158]}, "properties": {"name": "Pirot hydroelectric plant", "fuel": "hydro", "mw": 80.0, "country": "SRB", "status": "operating"}}, {"type": "Feature", "id": 496, "geometry": {"type": "Point", "coordinates": [19.577, 43.524]}, "properties": {"name": "Potpe\u0107 hydroelectric plant", "fuel": "hydro", "mw": 51.0, "country": "SRB", "status": "operating"}}, {"type": "Feature", "id": 497, "geometry": {"type": "Point", "coordinates": [19.93, 43.422]}, "properties": {"name": "Uvac hydroelectric plant", "fuel": "hydro", "mw": 36.0, "country": "SRB", "status": "operating"}}, {"type": "Feature", "id": 498, "geometry": {"type": "Point", "coordinates": [22.287, 42.672]}, "properties": {"name": "Vlasina hydroelectric plant", "fuel": "hydro", "mw": 51.0, "country": "SRB", "status": "operating"}}, {"type": "Feature", "id": 499, "geometry": {"type": "Point", "coordinates": [19.107, 44.368]}, "properties": {"name": "Zvornik hydroelectric plant", "fuel": "hydro", "mw": 126.0, "country": "SRB", "status": "operating"}}, {"type": "Feature", "id": 500, "geometry": {"type": "Point", "coordinates": [22.249, 42.689]}, "properties": {"name": "Lisina hydroelectric plant", "fuel": "hydro", "mw": 29.0, "country": "SRB", "status": "operating"}}, {"type": "Feature", "id": 501, "geometry": {"type": "Point", "coordinates": [22.249, 42.689]}, "properties": {"name": "Vlasina hydroelectric plant", "fuel": "hydro", "mw": 24.0, "country": "SRB", "status": "operating"}}, {"type": "Feature", "id": 502, "geometry": {"type": "Point", "coordinates": [22.069, 42.676]}, "properties": {"name": "Vlasina hydroelectric plant", "fuel": "hydro", "mw": 25.0, "country": "SRB", "status": "operating"}}, {"type": "Feature", "id": 503, "geometry": {"type": "Point", "coordinates": [22.164, 42.672]}, "properties": {"name": "Vlasina hydroelectric plant", "fuel": "hydro", "mw": 29.0, "country": "SRB", "status": "operating"}}, {"type": "Feature", "id": 504, "geometry": {"type": "Point", "coordinates": [18.512, 43.172]}, "properties": {"name": "Gacko Thermal Power Plant", "fuel": "coal", "mw": 300.0, "country": "BIH", "status": "operating"}}, {"type": "Feature", "id": 505, "geometry": {"type": "Point", "coordinates": [18.513, 43.172]}, "properties": {"name": "Gacko Thermal Power Plant", "fuel": "coal", "mw": 350.0, "country": "BIH", "status": "planned"}}, {"type": "Feature", "id": 506, "geometry": {"type": "Point", "coordinates": [18.114, 44.09]}, "properties": {"name": "Kakanj Thermal Power Plant", "fuel": "coal", "mw": 110.0, "country": "BIH", "status": "operating"}}, {"type": "Feature", "id": 507, "geometry": {"type": "Point", "coordinates": [18.114, 44.09]}, "properties": {"name": "Kakanj Thermal Power Plant", "fuel": "coal", "mw": 110.0, "country": "BIH", "status": "operating"}}, {"type": "Feature", "id": 508, "geometry": {"type": "Point", "coordinates": [18.114, 44.09]}, "properties": {"name": "Kakanj Thermal Power Plant", "fuel": "coal", "mw": 230.0, "country": "BIH", "status": "operating"}}, {"type": "Feature", "id": 509, "geometry": {"type": "Point", "coordinates": [17.792, 44.754]}, "properties": {"name": "Stanari Thermal Power Plant", "fuel": "coal", "mw": 300.0, "country": "BIH", "status": "operating"}}, {"type": "Feature", "id": 510, "geometry": {"type": "Point", "coordinates": [18.606, 44.521]}, "properties": {"name": "Tuzla Thermal Power Plant", "fuel": "coal", "mw": 210.0, "country": "BIH", "status": "operating"}}, {"type": "Feature", "id": 511, "geometry": {"type": "Point", "coordinates": [18.606, 44.521]}, "properties": {"name": "Tuzla Thermal Power Plant", "fuel": "coal", "mw": 200.0, "country": "BIH", "status": "operating"}}, {"type": "Feature", "id": 512, "geometry": {"type": "Point", "coordinates": [18.606, 44.521]}, "properties": {"name": "Tuzla Thermal Power Plant", "fuel": "coal", "mw": 230.0, "country": "BIH", "status": "operating"}}, {"type": "Feature", "id": 513, "geometry": {"type": "Point", "coordinates": [18.969, 44.683]}, "properties": {"name": "Ugljevik power station", "fuel": "coal", "mw": 350.0, "country": "BIH", "status": "planned"}}, {"type": "Feature", "id": 514, "geometry": {"type": "Point", "coordinates": [18.969, 44.683]}, "properties": {"name": "Ugljevik power station", "fuel": "coal", "mw": 350.0, "country": "BIH", "status": "planned"}}, {"type": "Feature", "id": 515, "geometry": {"type": "Point", "coordinates": [18.967, 44.682]}, "properties": {"name": "Ugljevik power station", "fuel": "coal", "mw": 300.0, "country": "BIH", "status": "operating"}}, {"type": "Feature", "id": 516, "geometry": {"type": "Point", "coordinates": [19.327, 43.335]}, "properties": {"name": "Pljevlja power station", "fuel": "coal", "mw": 225.0, "country": "MNE", "status": "operating"}}, {"type": "Feature", "id": 517, "geometry": {"type": "Point", "coordinates": [21.484, 41.058]}, "properties": {"name": "Bitola power station", "fuel": "coal", "mw": 233.0, "country": "MKD", "status": "operating"}}, {"type": "Feature", "id": 518, "geometry": {"type": "Point", "coordinates": [21.484, 41.058]}, "properties": {"name": "Bitola power station", "fuel": "coal", "mw": 233.0, "country": "MKD", "status": "operating"}}, {"type": "Feature", "id": 519, "geometry": {"type": "Point", "coordinates": [21.484, 41.058]}, "properties": {"name": "Bitola power station", "fuel": "coal", "mw": 233.0, "country": "MKD", "status": "operating"}}, {"type": "Feature", "id": 520, "geometry": {"type": "Point", "coordinates": [21.0, 41.582]}, "properties": {"name": "Oslomej power station", "fuel": "coal", "mw": 125.0, "country": "MKD", "status": "operating"}}, {"type": "Feature", "id": 521, "geometry": {"type": "Point", "coordinates": [20.294, 44.48]}, "properties": {"name": "Kolubara A power station", "fuel": "coal", "mw": 32.0, "country": "SRB", "status": "operating"}}, {"type": "Feature", "id": 522, "geometry": {"type": "Point", "coordinates": [20.294, 44.48]}, "properties": {"name": "Kolubara A power station", "fuel": "coal", "mw": 32.0, "country": "SRB", "status": "operating"}}, {"type": "Feature", "id": 523, "geometry": {"type": "Point", "coordinates": [20.294, 44.48]}, "properties": {"name": "Kolubara A power station", "fuel": "coal", "mw": 65.0, "country": "SRB", "status": "operating"}}, {"type": "Feature", "id": 524, "geometry": {"type": "Point", "coordinates": [20.294, 44.48]}, "properties": {"name": "Kolubara A power station", "fuel": "coal", "mw": 110.0, "country": "SRB", "status": "operating"}}, {"type": "Feature", "id": 525, "geometry": {"type": "Point", "coordinates": [21.172, 44.724]}, "properties": {"name": "Kostolac power station", "fuel": "coal", "mw": 100.0, "country": "SRB", "status": "operating"}}, {"type": "Feature", "id": 526, "geometry": {"type": "Point", "coordinates": [21.172, 44.724]}, "properties": {"name": "Kostolac power station", "fuel": "coal", "mw": 210.0, "country": "SRB", "status": "operating"}}, {"type": "Feature", "id": 527, "geometry": {"type": "Point", "coordinates": [21.211, 44.731]}, "properties": {"name": "Kostolac power station", "fuel": "coal", "mw": 350.0, "country": "SRB", "status": "operating"}}, {"type": "Feature", "id": 528, "geometry": {"type": "Point", "coordinates": [21.211, 44.731]}, "properties": {"name": "Kostolac power station", "fuel": "coal", "mw": 350.0, "country": "SRB", "status": "operating"}}, {"type": "Feature", "id": 529, "geometry": {"type": "Point", "coordinates": [21.212, 44.73]}, "properties": {"name": "Kostolac power station", "fuel": "coal", "mw": 350.0, "country": "SRB", "status": "operating"}}, {"type": "Feature", "id": 530, "geometry": {"type": "Point", "coordinates": [21.163, 44.224]}, "properties": {"name": "Morava power station", "fuel": "coal", "mw": 120.0, "country": "SRB", "status": "operating"}}, {"type": "Feature", "id": 531, "geometry": {"type": "Point", "coordinates": [20.158, 44.671]}, "properties": {"name": "Nikola Tesla power station", "fuel": "coal", "mw": 210.0, "country": "SRB", "status": "operating"}}, {"type": "Feature", "id": 532, "geometry": {"type": "Point", "coordinates": [20.158, 44.671]}, "properties": {"name": "Nikola Tesla power station", "fuel": "coal", "mw": 210.0, "country": "SRB", "status": "operating"}}, {"type": "Feature", "id": 533, "geometry": {"type": "Point", "coordinates": [20.158, 44.671]}, "properties": {"name": "Nikola Tesla power station", "fuel": "coal", "mw": 329.0, "country": "SRB", "status": "operating"}}, {"type": "Feature", "id": 534, "geometry": {"type": "Point", "coordinates": [20.158, 44.671]}, "properties": {"name": "Nikola Tesla power station", "fuel": "coal", "mw": 329.0, "country": "SRB", "status": "operating"}}, {"type": "Feature", "id": 535, "geometry": {"type": "Point", "coordinates": [20.158, 44.671]}, "properties": {"name": "Nikola Tesla power station", "fuel": "coal", "mw": 340.0, "country": "SRB", "status": "operating"}}, {"type": "Feature", "id": 536, "geometry": {"type": "Point", "coordinates": [20.158, 44.671]}, "properties": {"name": "Nikola Tesla power station", "fuel": "coal", "mw": 348.0, "country": "SRB", "status": "operating"}}, {"type": "Feature", "id": 537, "geometry": {"type": "Point", "coordinates": [20.005, 44.654]}, "properties": {"name": "Nikola Tesla power station", "fuel": "coal", "mw": 650.0, "country": "SRB", "status": "operating"}}, {"type": "Feature", "id": 538, "geometry": {"type": "Point", "coordinates": [20.005, 44.654]}, "properties": {"name": "Nikola Tesla power station", "fuel": "coal", "mw": 650.0, "country": "SRB", "status": "operating"}}]}