{"type":"FeatureCollection","features":[{"type":"Feature","properties":{"ISO_A3":"ARG","WB_A3":"ARG","WB_NAME":"Argentina","WB_REGION":"LCN"},"geometry":{"type":"MultiPolygon","coordinates":[[[[-58.37783,-26.87214],[-58.37896,-26.8843],[-58.38621,-26.89358],[-58.40292,-26.89896],[-58.45876,-26.92921],[-58.47916,-26.93356],[-58.50094,-26.92718],[-58.50216,-26.93062],[-58.4717,-26.97798],[-58.4684,-26.99539],[-58.47106,-27.0024],[-58.47595,-27.00555],[-58.4964,-26.99613],[-58.50875,-26.99628],[-58.52041,-27.00196],[-58.52062,-27.00992],[-58.50436,-27.03167],[-58.49783,-27.04652],[-58.5085,-27.06183],[-58.51782,-27.06201],[-58.52006,-27.05823],[-58.51851,-27.04464],[-58.52632,-27.03542],[-58.54794,-27.03381],[-58.55907,-27.03745],[-58.56286,-27.04258],[-58.56226,-27.04771],[-58.55605,-27.05564],[-58.55179,-27.06921],[-58.55712,-27.08625],[-58.55432,-27.10226],[-58.55708,-27.11226],[-58.58012,-27.10789],[-58.61855,-27.11241],[-58.63465,-27.11692],[-58.65258,-27.13114],[-58.66439,-27.17437],[-58.65828,-27.19061],[-58.60202,-27.21486],[-58.59366,-27.22125],[-58.59142,-27.22733],[-58.59627,-27.26795],[-58.60776,-27.28351],[-58.60849,-27.29421],[-58.59613,-27.29608],[-58.58005,-27.3036],[-58.56915,-27.30393],[-58.53413,-27.29667],[-58.50601,-27.27363],[-58.49378,-27.27123],[-58.47119,-27.27299],[-58.41686,-27.28846],[-58.38654,-27.28274],[-58.30213,-27.27483],[-58.28966,-27.26907],[-58.27916,-27.25542],[-58.2683,-27.25159],[-58.192,-27.27473],[-58.17051,-27.27662],[-58.09953,-27.27251],[-58.07566,-27.26186],[-58.05522,-27.25966],[-57.99474,-27.26885],[-57.92263,-27.2628],[-57.88736,-27.26863],[-57.8664,-27.27896],[-57.8516,-27.29093],[-57.83898,-27.3119],[-57.81811,-27.33265],[-57.77484,-27.33759],[-57.71426,-27.32416],[-57.69878,-27.32733],[-57.68197,-27.33643],[-57.65786,-27.36207],[-57.61643,-27.39164],[-57.58074,-27.40415],[-57.54321,-27.43164],[-57.51068,-27.44159],[-57.47698,-27.44378],[-57.44831,-27.43821],[-57.39477,-27.4205],[-57.32602,-27.41306],[-57.28236,-27.4332],[-57.26746,-27.44597],[-57.23112,-27.46732],[-57.18087,-27.47192],[-57.13419,-27.48535],[-57.04341,-27.48003],[-56.95972,-27.43275],[-56.93231,-27.4107],[-56.92079,-27.40744],[-56.90362,-27.40795],[-56.87956,-27.41512],[-56.85817,-27.42851],[-56.83461,-27.45483],[-56.81858,-27.46682],[-56.75136,-27.49955],[-56.72145,-27.49238],[-56.71897,-27.46794],[-56.7033,-27.45657],[-56.69188,-27.45365],[-56.67662,-27.45671],[-56.65664,-27.45449],[-56.61312,-27.43717],[-56.59923,-27.43509],[-56.56114,-27.4522],[-56.54794,-27.46328],[-56.51012,-27.51687],[-56.49085,-27.55373],[-56.41658,-27.59467],[-56.39575,-27.59558],[-56.37689,-27.5903],[-56.36707,-27.58173],[-56.35962,-27.5672],[-56.35333,-27.54162],[-56.34366,-27.52572],[-56.29849,-27.48864],[-56.28832,-27.46072],[-56.29386,-27.41947],[-56.28605,-27.40915],[-56.27324,-27.40109],[-56.21018,-27.38353],[-56.171,-27.33924],[-56.10844,-27.3125],[-56.07206,-27.30592],[-56.04344,-27.30931],[-55.99808,-27.34417],[-55.97201,-27.35373],[-55.9475,-27.34799],[-55.89314,-27.34296],[-55.87868,-27.35234],[-55.86393,-27.37106],[-55.84988,-27.3996],[-55.83276,-27.41341],[-55.81029,-27.42283],[-55.7987,-27.43437],[-55.78161,-27.44204],[-55.73425,-27.44406],[-55.72208,-27.43216],[-55.71351,-27.41194],[-55.68113,-27.37662],[-55.63929,-27.36257],[-55.60054,-27.33884],[-55.59061,-27.32849],[-55.5875,-27.31831],[-55.59906,-27.29752],[-55.6014,-27.28492],[-55.59363,-27.27455],[-55.58121,-27.27124],[-55.57576,-27.26659],[-55.57661,-27.24328],[-55.58285,-27.23385],[-55.6181,-27.20617],[-55.62006,-27.18877],[-55.61519,-27.17212],[-55.6085,-27.1629],[-55.59581,-27.15997],[-55.57584,-27.16792],[-55.56193,-27.16044],[-55.56472,-27.113],[-55.55598,-27.1039],[-55.54649,-27.10107],[-55.5272,-27.10194],[-55.47918,-27.1106],[-55.46752,-27.11038],[-55.4556,-27.10564],[-55.44971,-27.09434],[-55.4558,-27.07141],[-55.45582,-27.0553],[-55.44291,-27.02004],[-55.41966,-26.99223],[-55.37833,-26.96636],[-55.30376,-26.96271],[-55.27132,-26.94081],[-55.25838,-26.93736],[-55.23933,-26.942],[-55.2152,-26.96433],[-55.20393,-26.96936],[-55.13854,-26.95152],[-55.131,-26.94158],[-55.13054,-26.93593],[-55.14958,-26.89742],[-55.1421,-26.86744],[-55.12668,-26.85195],[-55.09206,-26.83603],[-55.0655,-26.80543],[-55.05354,-26.79787],[-55.0194,-26.78871],[-54.96964,-26.78953],[-54.9575,-26.78268],[-54.94969,-26.77092],[-54.94399,-26.74745],[-54.94841,-26.70266],[-54.942,-26.68285],[-54.91646,-26.66786],[-54.87576,-26.65595],[-54.85685,-26.65654],[-54.83052,-26.6741],[-54.81294,-26.6688],[-54.78823,-26.63343],[-54.78402,-26.61637],[-54.788,-26.59382],[-54.80759,-26.56085],[-54.79914,-26.53323],[-54.78036,-26.50923],[-54.75258,-26.49362],[-54.73543,-26.47498],[-54.71348,-26.45762],[-54.70223,-26.44146],[-54.69716,-26.41851],[-54.69697,-26.37858],[-54.67314,-26.34222],[-54.65154,-26.31999],[-54.64751,-26.30921],[-54.64872,-26.29955],[-54.67796,-26.27483],[-54.67895,-26.2639],[-54.67342,-26.2554],[-54.62321,-26.22346],[-54.6178,-26.21251],[-54.62368,-26.19998],[-54.65856,-26.17693],[-54.67196,-26.15827],[-54.6732,-26.14083],[-54.65005,-26.11759],[-54.64415,-26.10423],[-54.64323,-26.09161],[-54.64978,-26.0663],[-54.67761,-26.01515],[-54.67904,-25.99597],[-54.67391,-25.98591],[-54.66232,-25.97991],[-54.62195,-25.9852],[-54.61652,-25.98327],[-54.60778,-25.96953],[-54.60749,-25.95807],[-54.62093,-25.93712],[-54.62103,-25.90915],[-54.59615,-25.8603],[-54.58727,-25.83006],[-54.59518,-25.81339],[-54.61863,-25.78839],[-54.63066,-25.76682],[-54.63633,-25.73187],[-54.65636,-25.69026],[-54.65801,-25.68124],[-54.65476,-25.66995],[-54.64326,-25.66055],[-54.63121,-25.65961],[-54.59703,-25.66875],[-54.58775,-25.66757],[-54.58112,-25.6621],[-54.58344,-25.65121],[-54.59656,-25.62552],[-54.59378,-25.59278],[-54.55289,-25.58815],[-54.53454,-25.59919],[-54.53797,-25.61578],[-54.53607,-25.62072],[-54.52469,-25.62911],[-54.50246,-25.61443],[-54.4926,-25.61837],[-54.46088,-25.64546],[-54.44529,-25.66568],[-54.43759,-25.69414],[-54.43498,-25.69691],[-54.42803,-25.6963],[-54.42402,-25.69303],[-54.42566,-25.66001],[-54.39744,-25.63996],[-54.39141,-25.63164],[-54.38893,-25.62451],[-54.39124,-25.60708],[-54.38413,-25.59655],[-54.37196,-25.59463],[-54.35958,-25.60648],[-54.34911,-25.60796],[-54.33752,-25.59336],[-54.32626,-25.56972],[-54.2888,-25.55451],[-54.27912,-25.55854],[-54.2662,-25.58181],[-54.25307,-25.5965],[-54.24246,-25.59741],[-54.23435,-25.59095],[-54.23709,-25.56781],[-54.23099,-25.56295],[-54.22233,-25.5653],[-54.19481,-25.5838],[-54.17617,-25.58383],[-54.17337,-25.57664],[-54.17913,-25.56677],[-54.19891,-25.56069],[-54.20705,-25.55503],[-54.20656,-25.54216],[-54.1936,-25.53417],[-54.1668,-25.54271],[-54.16124,-25.54101],[-54.13677,-25.51397],[-54.11098,-25.49593],[-54.10414,-25.49441],[-54.09433,-25.49807],[-54.09308,-25.5095],[-54.10144,-25.52982],[-54.12126,-25.55575],[-54.1241,-25.56801],[-54.11085,-25.6031],[-54.0998,-25.61845],[-54.09449,-25.61827],[-54.09038,-25.61345],[-54.08953,-25.58501],[-54.0835,-25.56266],[-54.07753,-25.558],[-54.06686,-25.56441],[-54.05919,-25.5789],[-54.0513,-25.58483],[-54.04171,-25.58315],[-54.02494,-25.56375],[-54.01182,-25.56575],[-54.00275,-25.57993],[-53.97851,-25.59301],[-53.97012,-25.60095],[-53.97733,-25.60434],[-53.97672,-25.61385],[-53.96528,-25.61365],[-53.96075,-25.6293],[-53.96329,-25.6417],[-53.95612,-25.64616],[-53.95171,-25.64693],[-53.94464,-25.63182],[-53.95341,-25.62488],[-53.94829,-25.61858],[-53.94906,-25.61208],[-53.94304,-25.61114],[-53.94233,-25.61865],[-53.93315,-25.62242],[-53.91641,-25.61626],[-53.91552,-25.62232],[-53.92128,-25.62947],[-53.92048,-25.63261],[-53.91474,-25.62988],[-53.91297,-25.63599],[-53.89476,-25.62261],[-53.88985,-25.62367],[-53.89494,-25.64324],[-53.885,-25.64391],[-53.8802,-25.64036],[-53.87676,-25.64374],[-53.87817,-25.64733],[-53.88406,-25.64906],[-53.89007,-25.66116],[-53.87601,-25.65411],[-53.86218,-25.65878],[-53.85467,-25.67238],[-53.85927,-25.67951],[-53.85687,-25.68302],[-53.84387,-25.68599],[-53.84352,-25.68961],[-53.85489,-25.69119],[-53.85032,-25.70131],[-53.85144,-25.7062],[-53.85575,-25.70757],[-53.86066,-25.70022],[-53.87179,-25.69359],[-53.87263,-25.69602],[-53.86495,-25.70281],[-53.86708,-25.70652],[-53.87927,-25.70802],[-53.86737,-25.7138],[-53.87028,-25.71879],[-53.86827,-25.72013],[-53.86166,-25.71659],[-53.85902,-25.72325],[-53.86633,-25.74417],[-53.85072,-25.74112],[-53.8341,-25.75114],[-53.83495,-25.75352],[-53.84079,-25.75124],[-53.84009,-25.7601],[-53.84835,-25.75785],[-53.857,-25.76648],[-53.83847,-25.77271],[-53.83092,-25.78084],[-53.83346,-25.78625],[-53.84308,-25.79082],[-53.8228,-25.79192],[-53.82249,-25.80065],[-53.82747,-25.8035],[-53.82847,-25.80803],[-53.81984,-25.81211],[-53.82009,-25.8167],[-53.82674,-25.81333],[-53.83844,-25.81638],[-53.8355,-25.82542],[-53.84154,-25.82616],[-53.85004,-25.83964],[-53.8477,-25.84261],[-53.84292,-25.83901],[-53.83421,-25.85032],[-53.83606,-25.8544],[-53.84365,-25.85666],[-53.84241,-25.86003],[-53.83171,-25.8598],[-53.8357,-25.86949],[-53.82363,-25.87254],[-53.83231,-25.8789],[-53.83922,-25.87753],[-53.83952,-25.88265],[-53.84903,-25.88305],[-53.8484,-25.88654],[-53.83736,-25.88723],[-53.83537,-25.89433],[-53.81945,-25.89864],[-53.82163,-25.90365],[-53.83076,-25.90592],[-53.83527,-25.91179],[-53.83254,-25.91484],[-53.82678,-25.91016],[-53.81936,-25.91217],[-53.8234,-25.9183],[-53.82029,-25.92725],[-53.82647,-25.92863],[-53.8341,-25.92102],[-53.83259,-25.9302],[-53.84227,-25.93219],[-53.84,-25.95395],[-53.82985,-25.96373],[-53.83479,-25.96491],[-53.83683,-25.97008],[-53.81335,-25.98122],[-53.82,-25.98239],[-53.81764,-25.98783],[-53.8109,-25.99063],[-53.80472,-25.98439],[-53.80211,-25.9856],[-53.801,-25.98953],[-53.80494,-25.99581],[-53.79947,-26.00113],[-53.79297,-26.00015],[-53.79297,-26.00651],[-53.78222,-26.00767],[-53.78343,-26.01346],[-53.77663,-26.01682],[-53.7803,-26.02215],[-53.77265,-26.02438],[-53.77166,-26.03156],[-53.76294,-26.03639],[-53.75839,-26.03147],[-53.75514,-26.03417],[-53.75875,-26.03867],[-53.75654,-26.04205],[-53.75241,-26.0379],[-53.74579,-26.04502],[-53.7447,-26.03996],[-53.73565,-26.04202],[-53.72677,-26.06463],[-53.73472,-26.07098],[-53.73997,-26.08347],[-53.73811,-26.09974],[-53.74294,-26.11153],[-53.7406,-26.11778],[-53.73403,-26.11954],[-53.72514,-26.12838],[-53.71791,-26.12703],[-53.71031,-26.13056],[-53.70007,-26.15283],[-53.6822,-26.16207],[-53.6643,-26.18595],[-53.65953,-26.18785],[-53.65747,-26.19287],[-53.65031,-26.19474],[-53.65223,-26.20641],[-53.64129,-26.21395],[-53.65352,-26.23511],[-53.64406,-26.2409],[-53.63743,-26.24966],[-53.64419,-26.25289],[-53.64167,-26.26046],[-53.64436,-26.28202],[-53.65693,-26.29689],[-53.66647,-26.31974],[-53.67092,-26.31966],[-53.66986,-26.32533],[-53.6744,-26.32508],[-53.67107,-26.33073],[-53.68586,-26.33574],[-53.69282,-26.35563],[-53.68991,-26.35923],[-53.7014,-26.36662],[-53.70248,-26.37284],[-53.69792,-26.37657],[-53.6984,-26.38268],[-53.70285,-26.38898],[-53.71008,-26.38739],[-53.70783,-26.39485],[-53.69708,-26.40152],[-53.70071,-26.40875],[-53.7059,-26.40857],[-53.70585,-26.41479],[-53.70335,-26.41711],[-53.69854,-26.41562],[-53.69904,-26.42177],[-53.68752,-26.4305],[-53.68784,-26.44303],[-53.69628,-26.44491],[-53.69719,-26.44044],[-53.7045,-26.44325],[-53.69691,-26.45562],[-53.69819,-26.46894],[-53.70507,-26.46346],[-53.71452,-26.46963],[-53.70889,-26.47455],[-53.70832,-26.4794],[-53.70485,-26.48019],[-53.7008,-26.47317],[-53.69648,-26.47462],[-53.69993,-26.4783],[-53.69588,-26.48966],[-53.70265,-26.49021],[-53.70891,-26.50147],[-53.70412,-26.50434],[-53.70471,-26.5089],[-53.71381,-26.50309],[-53.72068,-26.5067],[-53.72438,-26.50093],[-53.72951,-26.50133],[-53.73108,-26.50993],[-53.72682,-26.52553],[-53.71686,-26.52658],[-53.72501,-26.533],[-53.72087,-26.53696],[-53.72383,-26.54257],[-53.73291,-26.53926],[-53.7417,-26.54648],[-53.7265,-26.5514],[-53.72608,-26.55982],[-53.735,-26.55856],[-53.73736,-26.56373],[-53.73481,-26.56698],[-53.72002,-26.55785],[-53.70989,-26.5565],[-53.70752,-26.55954],[-53.70823,-26.56209],[-53.72057,-26.56148],[-53.72271,-26.56379],[-53.72102,-26.57059],[-53.72461,-26.58858],[-53.73287,-26.58698],[-53.72936,-26.59098],[-53.7292,-26.60604],[-53.73556,-26.60929],[-53.72933,-26.61983],[-53.73367,-26.6255],[-53.73273,-26.62969],[-53.74102,-26.63031],[-53.73968,-26.64264],[-53.74408,-26.64297],[-53.75112,-26.63518],[-53.75777,-26.63772],[-53.75943,-26.64159],[-53.74625,-26.64728],[-53.73541,-26.64524],[-53.73367,-26.65258],[-53.72553,-26.65875],[-53.72289,-26.65609],[-53.72522,-26.65],[-53.72188,-26.64845],[-53.72011,-26.65099],[-53.7186,-26.66711],[-53.72738,-26.66834],[-53.72611,-26.67162],[-53.73122,-26.67666],[-53.73062,-26.67921],[-53.71687,-26.681],[-53.71735,-26.6847],[-53.72883,-26.69213],[-53.74315,-26.68039],[-53.74191,-26.69054],[-53.73347,-26.69959],[-53.73506,-26.71801],[-53.74595,-26.71972],[-53.7534,-26.70993],[-53.75665,-26.71181],[-53.75809,-26.71997],[-53.74272,-26.73182],[-53.75088,-26.73977],[-53.7396,-26.74201],[-53.73483,-26.73964],[-53.73374,-26.7323],[-53.73023,-26.73196],[-53.72898,-26.73997],[-53.71418,-26.75026],[-53.71828,-26.75954],[-53.72803,-26.76473],[-53.73404,-26.76532],[-53.74185,-26.76115],[-53.74377,-26.76364],[-53.72837,-26.7739],[-53.71655,-26.77318],[-53.71381,-26.76629],[-53.69938,-26.76859],[-53.70018,-26.77179],[-53.7085,-26.77381],[-53.71699,-26.78186],[-53.71539,-26.78955],[-53.70859,-26.79804],[-53.70043,-26.79718],[-53.69711,-26.81188],[-53.70001,-26.81515],[-53.71071,-26.81057],[-53.70886,-26.81506],[-53.7021,-26.81791],[-53.69824,-26.82835],[-53.68824,-26.83807],[-53.69588,-26.84251],[-53.69483,-26.8468],[-53.69015,-26.8481],[-53.67755,-26.84329],[-53.67324,-26.85043],[-53.66053,-26.85787],[-53.66074,-26.86269],[-53.66393,-26.86438],[-53.69411,-26.85838],[-53.69647,-26.86114],[-53.68019,-26.87036],[-53.68664,-26.87171],[-53.69571,-26.88704],[-53.67083,-26.89459],[-53.67937,-26.90245],[-53.6788,-26.9098],[-53.67366,-26.91397],[-53.69256,-26.92384],[-53.69631,-26.93062],[-53.67124,-26.94184],[-53.67433,-26.94614],[-53.68362,-26.94404],[-53.69654,-26.93584],[-53.70863,-26.93371],[-53.70926,-26.9401],[-53.70088,-26.95324],[-53.70182,-26.95796],[-53.71109,-26.96535],[-53.72354,-26.95893],[-53.72753,-26.95996],[-53.73083,-26.97321],[-53.73677,-26.97378],[-53.73142,-26.9797],[-53.7179,-26.98438],[-53.71782,-26.99028],[-53.72578,-26.99396],[-53.74309,-26.99156],[-53.73188,-27.00402],[-53.73265,-27.00829],[-53.73989,-27.01429],[-53.75207,-27.00515],[-53.75968,-27.00549],[-53.76349,-27.00903],[-53.75987,-27.01634],[-53.74845,-27.02371],[-53.74706,-27.03186],[-53.75999,-27.03513],[-53.76265,-27.04501],[-53.76606,-27.04431],[-53.77642,-27.02969],[-53.78432,-27.02578],[-53.77628,-27.04979],[-53.75963,-27.0603],[-53.76041,-27.06536],[-53.76905,-27.06741],[-53.78121,-27.0582],[-53.79205,-27.04229],[-53.79648,-27.03958],[-53.80215,-27.0413],[-53.79696,-27.06005],[-53.78601,-27.07048],[-53.77373,-27.07124],[-53.77173,-27.07389],[-53.78131,-27.07889],[-53.79825,-27.06648],[-53.80541,-27.07819],[-53.79985,-27.08734],[-53.77636,-27.10149],[-53.77693,-27.10366],[-53.79817,-27.10988],[-53.80633,-27.10576],[-53.80977,-27.09919],[-53.81384,-27.09801],[-53.8181,-27.10109],[-53.81866,-27.10366],[-53.80693,-27.11085],[-53.80455,-27.12323],[-53.81396,-27.12918],[-53.82309,-27.127],[-53.82496,-27.13198],[-53.81922,-27.13962],[-53.80063,-27.13631],[-53.79797,-27.14497],[-53.82855,-27.14599],[-53.83676,-27.15368],[-53.83329,-27.16245],[-53.83528,-27.16842],[-53.84991,-27.15385],[-53.8627,-27.12726],[-53.87591,-27.12631],[-53.8834,-27.13143],[-53.88703,-27.15177],[-53.89536,-27.16659],[-53.90863,-27.17652],[-53.91618,-27.17515],[-53.93455,-27.1555],[-53.95027,-27.15159],[-53.9602,-27.16022],[-53.95711,-27.18306],[-53.95955,-27.19448],[-53.9652,-27.19865],[-53.99399,-27.19544],[-54.00868,-27.19883],[-54.01386,-27.20656],[-54.01511,-27.23345],[-54.02159,-27.24891],[-54.03111,-27.25647],[-54.05151,-27.26099],[-54.06079,-27.27027],[-54.07311,-27.29228],[-54.08976,-27.30132],[-54.12938,-27.30138],[-54.15591,-27.29609],[-54.15936,-27.2874],[-54.1546,-27.27681],[-54.15722,-27.2617],[-54.1671,-27.2532],[-54.17394,-27.25463],[-54.18655,-27.26658],[-54.19339,-27.29353],[-54.19131,-27.3043],[-54.21129,-27.3438],[-54.21324,-27.37997],[-54.22575,-27.39115],[-54.25406,-27.39394],[-54.26323,-27.39799],[-54.26989,-27.4153],[-54.26665,-27.43417],[-54.28054,-27.44665],[-54.29136,-27.44683],[-54.3079,-27.42327],[-54.32842,-27.40524],[-54.33705,-27.40245],[-54.34008,-27.40358],[-54.34199,-27.41191],[-54.33378,-27.4504],[-54.33729,-27.46081],[-54.34895,-27.46735],[-54.36733,-27.45456],[-54.39761,-27.41149],[-54.40938,-27.40548],[-54.41569,-27.40679],[-54.43467,-27.42291],[-54.46042,-27.42208],[-54.47006,-27.4272],[-54.47149,-27.43285],[-54.46661,-27.44088],[-54.44186,-27.46235],[-54.44543,-27.47241],[-54.47016,-27.4808],[-54.50319,-27.48097],[-54.50986,-27.48502],[-54.52015,-27.50209],[-54.52818,-27.50655],[-54.53514,-27.50536],[-54.54525,-27.48287],[-54.56894,-27.45642],[-54.57874,-27.45254],[-54.58594,-27.45408],[-54.59165,-27.46235],[-54.59171,-27.48121],[-54.6064,-27.50381],[-54.61568,-27.53267],[-54.62229,-27.54171],[-54.63412,-27.54585],[-54.64091,-27.54474],[-54.65007,-27.53421],[-54.65798,-27.51143],[-54.66589,-27.50542],[-54.67588,-27.50619],[-54.6804,-27.52267],[-54.67118,-27.56407],[-54.6766,-27.57294],[-54.6813,-27.57448],[-54.73228,-27.56134],[-54.74174,-27.56164],[-54.76339,-27.58412],[-54.77969,-27.58359],[-54.78911,-27.56983],[-54.79486,-27.53665],[-54.80188,-27.53035],[-54.81336,-27.53177],[-54.82442,-27.5492],[-54.84703,-27.62059],[-54.85818,-27.62864],[-54.87909,-27.62552],[-54.89152,-27.62713],[-54.90669,-27.64051],[-54.90027,-27.69114],[-54.90277,-27.72153],[-54.90771,-27.73148],[-54.9287,-27.75312],[-54.9353,-27.76936],[-54.95882,-27.77823],[-54.97665,-27.77144],[-54.98962,-27.77311],[-55.00026,-27.79268],[-55.00966,-27.79744],[-55.02519,-27.79375],[-55.05053,-27.76954],[-55.07052,-27.77186],[-55.08277,-27.78084],[-55.08563,-27.79024],[-55.08164,-27.79774],[-55.028,-27.82873],[-55.02406,-27.84426],[-55.03191,-27.85621],[-55.04363,-27.85687],[-55.05981,-27.84824],[-55.08836,-27.84223],[-55.10859,-27.84664],[-55.12191,-27.85342],[-55.12697,-27.86073],[-55.12513,-27.88875],[-55.12739,-27.89309],[-55.1356,-27.89589],[-55.15427,-27.88167],[-55.17164,-27.86079],[-55.18449,-27.85603],[-55.20246,-27.85925],[-55.23357,-27.88548],[-55.24786,-27.91097],[-55.26534,-27.92938],[-55.28092,-27.93247],[-55.3068,-27.922],[-55.32018,-27.92224],[-55.33047,-27.9295],[-55.33963,-27.96781],[-55.34809,-27.97377],[-55.37235,-27.97655],[-55.38515,-27.98123],[-55.38669,-27.99035],[-55.38407,-27.99779],[-55.36764,-28.01725],[-55.36866,-28.02783],[-55.38633,-28.04401],[-55.41494,-28.05454],[-55.44266,-28.09457],[-55.44695,-28.09737],[-55.45385,-28.09594],[-55.48419,-28.07715],[-55.4971,-28.0778],[-55.51149,-28.11313],[-55.53493,-28.11825],[-55.54451,-28.12878],[-55.54944,-28.1562],[-55.55694,-28.16394],[-55.56199,-28.16459],[-55.58728,-28.14734],[-55.58954,-28.14199],[-55.58359,-28.12729],[-55.5851,-28.12184],[-55.59632,-28.11581],[-55.60905,-28.11635],[-55.62172,-28.13086],[-55.62047,-28.15472],[-55.63058,-28.17625],[-55.65723,-28.18511],[-55.68114,-28.20837],[-55.70018,-28.22199],[-55.73457,-28.22907],[-55.77656,-28.24514],[-55.78132,-28.25102],[-55.78174,-28.25971],[-55.77329,-28.27351],[-55.73296,-28.28541],[-55.70464,-28.30896],[-55.67847,-28.32282],[-55.66883,-28.33359],[-55.66782,-28.33865],[-55.6752,-28.36333],[-55.68876,-28.38755],[-55.69096,-28.41586],[-55.69411,-28.42187],[-55.70197,-28.42675],[-55.71386,-28.42449],[-55.72045,-28.4148],[-55.73126,-28.38459],[-55.73849,-28.37672],[-55.75574,-28.36916],[-55.81761,-28.3647],[-55.85889,-28.35423],[-55.87549,-28.35923],[-55.90261,-28.40504],[-55.90214,-28.41461],[-55.8825,-28.46182],[-55.88043,-28.47148],[-55.88263,-28.47898],[-55.91475,-28.48243],[-55.95175,-28.49492],[-55.98262,-28.49629],[-56.0113,-28.50711],[-56.01632,-28.51156],[-56.02623,-28.53561],[-56.0214,-28.55187],[-56.00285,-28.57594],[-56.00041,-28.58361],[-56.0013,-28.59377],[-56.00737,-28.60515],[-56.02914,-28.61866],[-56.05859,-28.62995],[-56.09161,-28.66174],[-56.1242,-28.68563],[-56.1474,-28.71353],[-56.16463,-28.74613],[-56.18952,-28.77272],[-56.26626,-28.77968],[-56.29451,-28.79854],[-56.301,-28.81115],[-56.29648,-28.85904],[-56.30177,-28.90002],[-56.3142,-28.91543],[-56.33918,-28.93717],[-56.38199,-28.95085],[-56.40879,-28.97581],[-56.41581,-29.00245],[-56.3998,-29.01584],[-56.39921,-29.02346],[-56.40962,-29.04017],[-56.41456,-29.06849],[-56.41848,-29.07575],[-56.42342,-29.07884],[-56.5045,-29.088],[-56.51925,-29.09419],[-56.54519,-29.11566],[-56.57047,-29.11376],[-56.59129,-29.1203],[-56.60432,-29.15617],[-56.64513,-29.1987],[-56.65506,-29.22785],[-56.64899,-29.24843],[-56.6503,-29.26717],[-56.70336,-29.3586],[-56.71591,-29.36759],[-56.74774,-29.36872],[-56.75863,-29.3711],[-56.76969,-29.37865],[-56.77833,-29.40366],[-56.77617,-29.43391],[-56.80134,-29.45372],[-56.81053,-29.4755],[-56.83055,-29.49263],[-56.87245,-29.51341],[-56.90785,-29.53985],[-56.92905,-29.56556],[-56.94898,-29.57859],[-56.97046,-29.60535],[-56.97206,-29.61428],[-56.96659,-29.63426],[-56.96927,-29.64021],[-56.97379,-29.64354],[-56.99056,-29.6458],[-57.00454,-29.65479],[-57.01751,-29.67852],[-57.03339,-29.69571],[-57.05434,-29.70907],[-57.1212,-29.76579],[-57.13625,-29.77233],[-57.17075,-29.78013],[-57.22607,-29.77804],[-57.23601,-29.78251],[-57.28496,-29.8201],[-57.29585,-29.83158],[-57.32964,-29.88351],[-57.33005,-29.89416],[-57.32369,-29.92289],[-57.32811,-29.97181],[-57.34582,-30.00159],[-57.35629,-30.00936],[-57.3894,-30.01919],[-57.41167,-30.03413],[-57.43523,-30.05585],[-57.44926,-30.07506],[-57.45783,-30.10052],[-57.46461,-30.10986],[-57.53501,-30.15611],[-57.58567,-30.17744],[-57.60195,-30.17848],[-57.63036,-30.17475],[-57.64664,-30.18107],[-57.64739,-30.20338],[-57.64109,-30.21484],[-57.62717,-30.22945],[-57.61532,-30.25229],[-57.6447,-30.34354],[-57.67262,-30.36679],[-57.72456,-30.40094],[-57.76931,-30.42166],[-57.79002,-30.44423],[-57.81302,-30.4526],[-57.86203,-30.47771],[-57.88963,-30.50369],[-57.89242,-30.51422],[-57.88792,-30.58129],[-57.87912,-30.59335],[-57.85858,-30.60458],[-57.84696,-30.61508],[-57.84261,-30.62771],[-57.84519,-30.64578],[-57.84127,-30.65959],[-57.81441,-30.68366],[-57.80746,-30.69604],[-57.80571,-30.71427],[-57.81141,-30.7461],[-57.79972,-30.78316],[-57.80597,-30.83199],[-57.80205,-30.85493],[-57.81104,-30.90782],[-57.81834,-30.91734],[-57.82656,-30.92115],[-57.88104,-30.91734],[-57.89712,-30.9221],[-57.90525,-30.93085],[-57.90709,-30.94806],[-57.89405,-30.97206],[-57.87048,-30.99689],[-57.86319,-31.03647],[-57.86571,-31.0547],[-57.87246,-31.07108],[-57.919,-31.13197],[-57.91124,-31.18259],[-57.91116,-31.21404],[-57.94084,-31.27829],[-57.98102,-31.32029],[-57.98269,-31.33532],[-57.99686,-31.36276],[-57.99015,-31.36582],[-57.97903,-31.38],[-57.98124,-31.39123],[-58.01583,-31.41406],[-58.05828,-31.43585],[-58.07929,-31.45206],[-58.08243,-31.45976],[-58.08251,-31.47791],[-58.07648,-31.49002],[-58.06717,-31.49704],[-58.02716,-31.51309],[-58.00502,-31.53067],[-58.00241,-31.54744],[-57.98561,-31.56831],[-57.98017,-31.58319],[-58.01327,-31.68473],[-58.03538,-31.7208],[-58.04002,-31.7398],[-58.03863,-31.75751],[-58.06755,-31.80316],[-58.08245,-31.81962],[-58.15574,-31.83928],[-58.18816,-31.85193],[-58.19813,-31.85824],[-58.20621,-31.87142],[-58.19156,-31.91952],[-58.17125,-31.92952],[-58.15848,-31.94839],[-58.15372,-31.97357],[-58.13966,-32.00185],[-58.13732,-32.02524],[-58.1473,-32.0703],[-58.1667,-32.08954],[-58.16967,-32.09696],[-58.18223,-32.14995],[-58.18127,-32.1623],[-58.14778,-32.19709],[-58.12544,-32.22533],[-58.10525,-32.24376],[-58.10029,-32.25816],[-58.09929,-32.29687],[-58.11316,-32.32713],[-58.12758,-32.34305],[-58.17073,-32.36178],[-58.1823,-32.3754],[-58.18564,-32.3963],[-58.19372,-32.41121],[-58.20348,-32.46362],[-58.18689,-32.51579],[-58.1859,-32.53473],[-58.16944,-32.55335],[-58.16169,-32.56801],[-58.16075,-32.59199],[-58.14992,-32.62925],[-58.15087,-32.64787],[-58.14402,-32.67139],[-58.14943,-32.71918],[-58.1484,-32.7353],[-58.13531,-32.78191],[-58.11984,-32.81617],[-58.12462,-32.83401],[-58.12215,-32.86133],[-58.11453,-32.88416],[-58.11739,-32.90263],[-58.11499,-32.9215],[-58.10087,-32.94568],[-58.08698,-32.95794],[-58.08871,-32.97417],[-58.08454,-33.0017],[-58.08784,-33.0111],[-58.09877,-33.02117],[-58.10765,-33.02764],[-58.13689,-33.03877],[-58.16999,-33.07317],[-58.18038,-33.07885],[-58.24881,-33.09985],[-58.25131,-33.09197],[-58.27798,-33.09877],[-58.31461,-33.09761],[-58.31946,-33.09499],[-58.3428,-33.10374],[-58.33497,-33.08475],[-58.33954,-33.08],[-58.33776,-33.07372],[-58.31611,-33.07511],[-58.31678,-33.07947],[-58.32345,-33.07657],[-58.33011,-33.08241],[-58.31922,-33.08921],[-58.30523,-33.09296],[-58.30502,-33.08923],[-58.27591,-33.08246],[-58.26808,-33.06866],[-58.28483,-33.06605],[-58.30936,-33.07326],[-58.34105,-33.0688],[-58.39902,-33.06713],[-58.4073,-33.0691],[-58.41536,-33.0771],[-58.42657,-33.07119],[-58.47983,-33.0617],[-58.48997,-33.0477],[-58.50373,-33.04882],[-58.50647,-33.02154],[-58.49813,-33.01573],[-58.5039,-33.01263],[-58.50038,-33.01416],[-58.49936,-33.017],[-58.50198,-33.01787],[-58.5048,-33.01308],[-58.50365,-33.01721],[-58.50831,-33.02203],[-58.50678,-33.04904],[-58.49181,-33.04819],[-58.47606,-33.07396],[-58.4715,-33.07478],[-58.46648,-33.06623],[-58.46098,-33.06604],[-58.42175,-33.07562],[-58.41242,-33.08408],[-58.41398,-33.08599],[-58.42797,-33.08249],[-58.43229,-33.08539],[-58.43069,-33.10906],[-58.42678,-33.11296],[-58.40588,-33.115],[-58.40651,-33.12527],[-58.41819,-33.13876],[-58.42405,-33.16106],[-58.42982,-33.1687],[-58.43226,-33.18692],[-58.42435,-33.20808],[-58.43755,-33.23956],[-58.43691,-33.25627],[-58.42146,-33.28524],[-58.42039,-33.3035],[-58.42275,-33.30758],[-58.44218,-33.31648],[-58.45584,-33.32725],[-58.46138,-33.33875],[-58.45969,-33.34725],[-58.46621,-33.36208],[-58.48135,-33.36962],[-58.48902,-33.38906],[-58.49523,-33.39335],[-58.49585,-33.40234],[-58.50692,-33.42251],[-58.52785,-33.45388],[-58.53733,-33.47817],[-58.5264,-33.53691],[-58.52845,-33.5577],[-58.5433,-33.59877],[-58.53878,-33.6118],[-58.55236,-33.66741],[-58.54998,-33.67155],[-58.55263,-33.69079],[-58.54479,-33.71711],[-58.53316,-33.71956],[-58.52949,-33.72912],[-58.53378,-33.73703],[-58.52553,-33.74022],[-58.52683,-33.74419],[-58.52267,-33.74308],[-58.52398,-33.74821],[-58.51756,-33.75947],[-58.52618,-33.75962],[-58.50175,-33.77906],[-58.49305,-33.77703],[-58.49117,-33.78112],[-58.48656,-33.78118],[-58.48776,-33.789],[-58.48112,-33.79653],[-58.47992,-33.80747],[-58.46647,-33.81277],[-58.46375,-33.81576],[-58.46539,-33.82191],[-58.49703,-33.81716],[-58.50251,-33.81388],[-58.5167,-33.81499],[-58.53421,-33.82133],[-58.55992,-33.83861],[-58.62992,-33.85929],[-58.64547,-33.8668],[-58.66076,-33.86107],[-58.66572,-33.86241],[-58.6756,-33.88734],[-58.69063,-33.89137],[-58.72501,-33.90799],[-58.7446,-33.92364],[-58.76951,-33.93575],[-58.78247,-33.93634],[-58.80894,-33.94803],[-58.83162,-33.9423],[-58.84825,-33.92689],[-58.85408,-33.92577],[-58.85939,-33.92903],[-58.87163,-33.92447],[-58.87888,-33.91781],[-58.88118,-33.91033],[-58.8855,-33.91101],[-58.88248,-33.90619],[-58.88973,-33.89246],[-58.91189,-33.87773],[-58.94892,-33.86648],[-58.95113,-33.86889],[-58.94809,-33.87086],[-58.97573,-33.86708],[-58.9831,-33.85938],[-58.98716,-33.84184],[-58.99386,-33.8384],[-58.99969,-33.8374],[-59.01959,-33.84581],[-59.02634,-33.84468],[-59.04267,-33.83181],[-59.05798,-33.82822],[-59.07062,-33.82903],[-59.09244,-33.83972],[-59.11227,-33.84477],[-59.13287,-33.84326],[-59.15246,-33.82622],[-59.17256,-33.79914],[-59.17498,-33.7914],[-59.17322,-33.77652],[-59.1787,-33.76229],[-59.17686,-33.74433],[-59.19067,-33.73098],[-59.23117,-33.70918],[-59.23499,-33.69061],[-59.25441,-33.64554],[-59.25369,-33.64119],[-59.26359,-33.62636],[-59.28952,-33.60789],[-59.29994,-33.59537],[-59.31542,-33.56013],[-59.31505,-33.546],[-59.3177,-33.54184],[-59.32849,-33.53817],[-59.36022,-33.54271],[-59.37951,-33.51291],[-59.39665,-33.49485],[-59.40842,-33.4882],[-59.42488,-33.46244],[-59.44794,-33.45389],[-59.44955,-33.45669],[-59.44192,-33.45799],[-59.42328,-33.47095],[-59.40611,-33.50443],[-59.37598,-33.52403],[-59.36856,-33.54474],[-59.35483,-33.54743],[-59.3283,-33.54254],[-59.31999,-33.54745],[-59.31603,-33.58299],[-59.30773,-33.59985],[-59.2719,-33.62698],[-59.25807,-33.64445],[-59.23813,-33.71676],[-59.22626,-33.72752],[-59.20976,-33.73179],[-59.18091,-33.74606],[-59.18578,-33.76216],[-59.18586,-33.77758],[-59.17715,-33.80407],[-59.18604,-33.80263],[-59.20158,-33.80878],[-59.21759,-33.80875],[-59.23198,-33.79962],[-59.23063,-33.7832],[-59.24261,-33.77656],[-59.24465,-33.76624],[-59.23538,-33.75305],[-59.23154,-33.73539],[-59.24456,-33.72153],[-59.26384,-33.71784],[-59.37951,-33.73095],[-59.43416,-33.72757],[-59.44575,-33.71874],[-59.46567,-33.69496],[-59.4687,-33.67177],[-59.47737,-33.64719],[-59.50635,-33.62964],[-59.52166,-33.62805],[-59.54089,-33.66568],[-59.50424,-33.65217],[-59.49311,-33.64982],[-59.4858,-33.65215],[-59.47817,-33.66978],[-59.4736,-33.70328],[-59.46288,-33.72097],[-59.44076,-33.73258],[-59.41235,-33.73931],[-59.39747,-33.74615],[-59.38884,-33.75685],[-59.37254,-33.75678],[-59.33818,-33.73791],[-59.31558,-33.73217],[-59.30326,-33.73163],[-59.28249,-33.73702],[-59.27115,-33.75599],[-59.2733,-33.77356],[-59.30067,-33.78435],[-59.33845,-33.79302],[-59.34504,-33.79778],[-59.35138,-33.80999],[-59.34212,-33.8261],[-59.3312,-33.83222],[-59.31715,-33.83621],[-59.29522,-33.83392],[-59.2942,-33.836],[-59.30639,-33.84836],[-59.30509,-33.85738],[-59.30061,-33.86259],[-59.27589,-33.8718],[-59.25761,-33.89064],[-59.2407,-33.89788],[-59.23041,-33.91709],[-59.23233,-33.92553],[-59.25681,-33.93061],[-59.26168,-33.9402],[-59.27243,-33.93282],[-59.25453,-33.94902],[-59.21365,-33.95414],[-59.20617,-33.96313],[-59.18085,-33.96192],[-59.17744,-33.97328],[-59.15973,-33.98053],[-59.14321,-33.99187],[-59.1433,-33.99547],[-59.15056,-34.00202],[-59.14864,-34.0054],[-59.11151,-34.02608],[-59.09585,-34.04203],[-59.07524,-34.04508],[-59.05386,-34.04183],[-59.04346,-34.04574],[-59.03632,-34.06333],[-59.01765,-34.08317],[-59.01853,-34.08765],[-59.01573,-34.0868],[-59.01111,-34.10049],[-59.00595,-34.10443],[-59.00267,-34.10364],[-59.00688,-34.09799],[-58.9995,-34.08655],[-58.96139,-33.94634],[-58.96719,-33.93108],[-58.92968,-33.90135],[-58.90849,-33.89076],[-58.9007,-33.89384],[-58.87721,-33.933],[-58.85551,-33.9527],[-58.81962,-33.95764],[-58.7818,-33.94843],[-58.76397,-33.95099],[-58.73259,-33.97033],[-58.70656,-34.00333],[-58.68339,-34.02498],[-58.66692,-34.03497],[-58.64209,-34.04379],[-58.60964,-34.0419],[-58.60904,-34.05115],[-58.60481,-34.0561],[-58.60693,-34.06199],[-58.58865,-34.07559],[-58.57796,-34.09037],[-58.57374,-34.11253],[-58.58663,-34.13267],[-58.58553,-34.13988],[-58.58065,-34.14328],[-58.58388,-34.15095],[-58.60074,-34.15973],[-58.60706,-34.16697],[-58.63439,-34.23766],[-58.64804,-34.26267],[-58.71145,-34.24561],[-58.71048,-34.21922],[-58.71207,-34.24586],[-58.7477,-34.24034],[-58.77511,-34.23417],[-58.79781,-34.22484],[-58.8417,-34.19412],[-58.85467,-34.17941],[-58.86664,-34.17563],[-58.89585,-34.18263],[-58.90124,-34.18088],[-58.91744,-34.15235],[-58.93031,-34.14715],[-58.96191,-34.15063],[-58.9799,-34.13993],[-58.98103,-34.13516],[-58.97055,-34.12994],[-58.96911,-34.12122],[-58.98101,-34.10818],[-59.00289,-34.10525],[-58.97749,-34.11594],[-58.97487,-34.12961],[-58.98374,-34.13242],[-58.98577,-34.13971],[-58.97365,-34.15018],[-58.96016,-34.1549],[-58.93287,-34.15096],[-58.92244,-34.15485],[-58.91594,-34.16086],[-58.90243,-34.18574],[-58.87417,-34.18065],[-58.85874,-34.18166],[-58.83692,-34.20216],[-58.8037,-34.22527],[-58.77828,-34.23785],[-58.708,-34.25092],[-58.652,-34.26775],[-58.66614,-34.30789],[-58.6547,-34.27435],[-58.65016,-34.26868],[-58.60206,-34.2787],[-58.5428,-34.30541],[-58.5363,-34.31423],[-58.52361,-34.34883],[-58.52685,-34.35675],[-58.52415,-34.3699],[-58.52676,-34.38554],[-58.52437,-34.39045],[-58.52688,-34.39248],[-58.5565,-34.37617],[-58.56694,-34.35445],[-58.55884,-34.37717],[-58.56131,-34.3851],[-58.57549,-34.38094],[-58.57869,-34.38616],[-58.57282,-34.39549],[-58.57361,-34.40448],[-58.5684,-34.41611],[-58.58599,-34.4119],[-58.61046,-34.3941],[-58.65347,-34.37438],[-58.65937,-34.36685],[-58.67795,-34.35837],[-58.68522,-34.35095],[-58.67809,-34.34271],[-58.6867,-34.35174],[-58.67935,-34.35887],[-58.66107,-34.36657],[-58.65166,-34.3766],[-58.61815,-34.39079],[-58.5854,-34.41332],[-58.5675,-34.41792],[-58.55854,-34.42631],[-58.54295,-34.43185],[-58.54255,-34.43545],[-58.52644,-34.44491],[-58.51616,-34.44918],[-58.51531,-34.44684],[-58.50589,-34.44927],[-58.49702,-34.46532],[-58.48161,-34.47938],[-58.47727,-34.50616],[-58.46855,-34.51372],[-58.4705,-34.51858],[-58.46397,-34.52688],[-58.45589,-34.52672],[-58.45016,-34.53552],[-58.43594,-34.54032],[-58.42559,-34.55226],[-58.40999,-34.55732],[-58.38797,-34.57527],[-58.38248,-34.57511],[-58.39078,-34.56962],[-58.38145,-34.56896],[-58.36985,-34.58155],[-58.36085,-34.58204],[-58.35938,-34.5872],[-58.3675,-34.58993],[-58.36585,-34.59278],[-58.36886,-34.59711],[-58.35608,-34.5952],[-58.34703,-34.60224],[-58.33996,-34.61645],[-58.3487,-34.61868],[-58.34438,-34.62103],[-58.33844,-34.61852],[-58.33499,-34.62653],[-58.34328,-34.62952],[-58.3476,-34.62754],[-58.34923,-34.63241],[-58.35153,-34.63046],[-58.35325,-34.63559],[-58.35991,-34.63897],[-58.35902,-34.64586],[-58.36964,-34.65312],[-58.35566,-34.64481],[-58.35554,-34.63812],[-58.3499,-34.6351],[-58.34427,-34.63298],[-58.333,-34.63512],[-58.33326,-34.64454],[-58.31483,-34.65913],[-58.21735,-34.71359],[-58.20398,-34.72555],[-58.19928,-34.73407],[-58.17982,-34.74455],[-58.11236,-34.75199],[-58.0653,-34.77335],[-58.02519,-34.77845],[-58.00657,-34.78413],[-57.97575,-34.81163],[-57.97671,-34.81367],[-57.96001,-34.82524],[-57.94512,-34.83127],[-57.92831,-34.83256],[-57.92683,-34.84092],[-57.91904,-34.84008],[-57.89236,-34.85133],[-57.89083,-34.85468],[-57.9002,-34.87396],[-57.87418,-34.8273],[-57.86047,-34.84256],[-57.81212,-34.87117],[-57.79202,-34.88852],[-57.75046,-34.91435],[-57.72156,-34.92751],[-57.68198,-34.93339],[-57.67172,-34.93756],[-57.59286,-34.99425],[-57.50935,-35.02418],[-57.50595,-35.03062],[-57.50126,-35.03064],[-57.47235,-35.05491],[-57.44494,-35.07224],[-57.35086,-35.14836],[-57.2751,-35.2277],[-57.22667,-35.27059],[-57.21544,-35.29002],[-57.20606,-35.29774],[-57.19622,-35.31318],[-57.17405,-35.35484],[-57.14698,-35.38931],[-57.14464,-35.39857],[-57.1304,-35.42171],[-57.12808,-35.44356],[-57.14037,-35.46976],[-57.14054,-35.47618],[-57.14636,-35.48157],[-57.15362,-35.49672],[-57.24313,-35.58574],[-57.31317,-35.6804],[-57.34214,-35.71373],[-57.34608,-35.71629],[-57.36363,-35.70888],[-57.34635,-35.71724],[-57.34944,-35.72707],[-57.36307,-35.74399],[-57.38057,-35.74548],[-57.38513,-35.74341],[-57.38557,-35.73634],[-57.4007,-35.73655],[-57.40451,-35.74258],[-57.41034,-35.74281],[-57.41131,-35.74743],[-57.40358,-35.75479],[-57.41067,-35.7459],[-57.40813,-35.74243],[-57.40343,-35.74351],[-57.39969,-35.73711],[-57.38573,-35.73775],[-57.38592,-35.74443],[-57.36576,-35.74591],[-57.3623,-35.74888],[-57.3716,-35.78328],[-57.3707,-35.79175],[-57.37481,-35.79432],[-57.38016,-35.82488],[-57.38491,-35.82846],[-57.38445,-35.83155],[-57.39205,-35.83603],[-57.40562,-35.83778],[-57.48996,-35.82485],[-57.49928,-35.82727],[-57.5062,-35.82339],[-57.52327,-35.82974],[-57.51602,-35.83029],[-57.51284,-35.82516],[-57.50431,-35.82468],[-57.49929,-35.82791],[-57.48603,-35.82668],[-57.40563,-35.8388],[-57.38431,-35.83463],[-57.3896,-35.85286],[-57.38921,-35.86828],[-57.39253,-35.87084],[-57.38764,-35.87188],[-57.38525,-35.86726],[-57.3868,-35.89218],[-57.38994,-35.8896],[-57.39154,-35.89268],[-57.39016,-35.90194],[-57.38355,-35.90658],[-57.38109,-35.91995],[-57.38111,-35.92484],[-57.38505,-35.92225],[-57.38679,-35.92405],[-57.38302,-35.92791],[-57.37985,-35.92638],[-57.37426,-35.94336],[-57.37474,-35.94721],[-57.37822,-35.94797],[-57.37992,-35.93961],[-57.38371,-35.93922],[-57.38041,-35.94333],[-57.38194,-35.96697],[-57.38955,-35.9699],[-57.45815,-35.97223],[-57.53649,-35.96394],[-57.6498,-35.94488],[-57.71127,-35.92796],[-57.73947,-35.92528],[-57.71349,-35.92859],[-57.64823,-35.94617],[-57.55323,-35.96309],[-57.46321,-35.97324],[-57.37596,-35.97046],[-57.34993,-36.01769],[-57.35279,-36.02102],[-57.35092,-36.02771],[-57.34428,-36.02799],[-57.3388,-36.04034],[-57.33405,-36.03959],[-57.32826,-36.05475],[-57.28576,-36.11525],[-57.27853,-36.13145],[-57.28299,-36.13696],[-57.26999,-36.13532],[-57.26399,-36.13996],[-57.25248,-36.15566],[-57.23478,-36.17214],[-57.23257,-36.17549],[-57.23481,-36.18191],[-57.22673,-36.17987],[-57.2027,-36.20458],[-57.19921,-36.20407],[-57.16567,-36.23418],[-57.13431,-36.25927],[-57.12956,-36.26019],[-57.12767,-36.26866],[-57.1153,-36.27047],[-57.11452,-36.27999],[-57.10928,-36.27999],[-57.10705,-36.2769],[-57.0655,-36.29826],[-57.06313,-36.30313],[-57.04805,-36.30713],[-57.01885,-36.32171],[-57.0152,-36.32448],[-57.02172,-36.32654],[-57.02388,-36.33116],[-57.0179,-36.32769],[-57.01663,-36.34157],[-57.01663,-36.32962],[-57.00964,-36.32589],[-56.98963,-36.33168],[-56.97217,-36.33193],[-56.9712,-36.33656],[-56.96455,-36.33257],[-56.94422,-36.33321],[-56.94406,-36.33655],[-56.92993,-36.33294],[-56.91294,-36.33755],[-56.91721,-36.34912],[-56.9242,-36.3472],[-56.91896,-36.35118],[-56.92037,-36.36634],[-56.92893,-36.38561],[-56.96293,-36.40516],[-56.9661,-36.41466],[-56.97246,-36.41967],[-56.9777,-36.41698],[-56.97848,-36.42995],[-56.98867,-36.43252],[-56.9893,-36.43869],[-56.98485,-36.43805],[-56.98008,-36.4306],[-56.97786,-36.43239],[-56.9761,-36.44421],[-56.98071,-36.45809],[-56.97515,-36.4473],[-56.97181,-36.44704],[-56.9769,-36.43471],[-56.97309,-36.42263],[-56.96546,-36.41633],[-56.96069,-36.42121],[-56.95942,-36.41595],[-56.96515,-36.4157],[-56.96134,-36.40541],[-56.92718,-36.38638],[-56.91894,-36.37122],[-56.9161,-36.35195],[-56.90944,-36.34603],[-56.91023,-36.34218],[-56.90261,-36.34448],[-56.90357,-36.33549],[-56.88849,-36.33471],[-56.88738,-36.33072],[-56.87912,-36.33264],[-56.87722,-36.32892],[-56.87024,-36.32904],[-56.87262,-36.33187],[-56.86833,-36.33289],[-56.86706,-36.32942],[-56.86103,-36.32813],[-56.8569,-36.32902],[-56.85991,-36.33185],[-56.81085,-36.33358],[-56.80641,-36.32998],[-56.79372,-36.32893],[-56.79576,-36.33356],[-56.78926,-36.33033],[-56.78259,-36.33302],[-56.7756,-36.33121],[-56.77098,-36.33762],[-56.76447,-36.33736],[-56.75619,-36.34479],[-56.75493,-36.34157],[-56.76638,-36.33505],[-56.76457,-36.3296],[-56.75759,-36.3332],[-56.75458,-36.33959],[-56.74682,-36.34283],[-56.74718,-36.34777],[-56.74173,-36.3468],[-56.7462,-36.34091],[-56.7524,-36.3394],[-56.75559,-36.3331],[-56.77277,-36.3235],[-56.77683,-36.29293],[-56.76301,-36.2965],[-56.74169,-36.31264],[-56.73198,-36.32366],[-56.71278,-36.36114],[-56.69762,-36.42123],[-56.68969,-36.49623],[-56.68447,-36.60489],[-56.67256,-36.70969],[-56.67497,-36.81837],[-56.66452,-36.86998],[-56.66638,-36.88258],[-56.69231,-36.91733],[-56.75448,-36.98787],[-56.78063,-37.02414],[-56.81115,-37.05914],[-56.83527,-37.09617],[-56.86711,-37.1332],[-56.88648,-37.16277],[-56.99208,-37.29178],[-57.03069,-37.3501],[-57.06098,-37.40582],[-57.09292,-37.45411],[-57.12941,-37.49723],[-57.16914,-37.53109],[-57.19372,-37.55648],[-57.22444,-37.57851],[-57.25975,-37.61391],[-57.36315,-37.6948],[-57.41318,-37.73818],[-57.41917,-37.7388],[-57.42755,-37.73287],[-57.42235,-37.72954],[-57.42168,-37.72517],[-57.42666,-37.71912],[-57.42774,-37.71154],[-57.42367,-37.70539],[-57.42077,-37.70809],[-57.41328,-37.69784],[-57.4047,-37.69621],[-57.41194,-37.68899],[-57.40707,-37.68567],[-57.38476,-37.6842],[-57.37176,-37.66986],[-57.35425,-37.65809],[-57.34905,-37.6504],[-57.37836,-37.63284],[-57.38429,-37.6246],[-57.38473,-37.61869],[-57.36596,-37.60527],[-57.34124,-37.60419],[-57.3453,-37.6097],[-57.35823,-37.613],[-57.36229,-37.61697],[-57.36215,-37.6203],[-57.35699,-37.62225],[-57.34501,-37.61625],[-57.34027,-37.60393],[-57.34634,-37.58927],[-57.34661,-37.57848],[-57.33802,-37.56952],[-57.31894,-37.55993],[-57.32345,-37.55851],[-57.33089,-37.5635],[-57.35705,-37.56843],[-57.36132,-37.58306],[-57.37264,-37.58714],[-57.37541,-37.59432],[-57.39565,-37.60581],[-57.40605,-37.61631],[-57.41453,-37.63297],[-57.40877,-37.64032],[-57.40424,-37.63995],[-57.40331,-37.64869],[-57.41893,-37.6399],[-57.42557,-37.6427],[-57.42173,-37.64721],[-57.42707,-37.65066],[-57.42928,-37.66953],[-57.43401,-37.67786],[-57.42272,-37.6815],[-57.42679,-37.68662],[-57.42422,-37.68907],[-57.43039,-37.69354],[-57.42918,-37.70768],[-57.43228,-37.71229],[-57.42877,-37.72155],[-57.43304,-37.73258],[-57.43129,-37.73837],[-57.41676,-37.74394],[-57.49204,-37.82842],[-57.50383,-37.84584],[-57.51421,-37.87045],[-57.52659,-37.92511],[-57.54151,-37.96974],[-57.54249,-37.99362],[-57.53771,-38.00546],[-57.53317,-38.00664],[-57.52869,-38.01526],[-57.52318,-38.01606],[-57.53798,-38.04168],[-57.5335,-38.05146],[-57.54161,-38.07223],[-57.53518,-38.08125],[-57.54108,-38.08893],[-57.54327,-38.09945],[-57.57031,-38.10663],[-57.58957,-38.1163],[-57.60382,-38.1292],[-57.61127,-38.14637],[-57.62963,-38.1622],[-57.63326,-38.16912],[-57.68305,-38.20429],[-57.72722,-38.22791],[-57.77716,-38.24423],[-57.82308,-38.2676],[-57.8336,-38.27626],[-57.836,-38.28677],[-57.84699,-38.29311],[-57.95158,-38.32917],[-58.04781,-38.37664],[-58.13841,-38.41149],[-58.2231,-38.43966],[-58.28202,-38.46601],[-58.43386,-38.51252],[-58.45368,-38.52255],[-58.47503,-38.52768],[-58.49451,-38.53655],[-58.69575,-38.57772],[-58.71326,-38.57156],[-58.71277,-38.56412],[-58.71597,-38.56818],[-58.71318,-38.5749],[-58.70121,-38.58047],[-58.72519,-38.58435],[-58.78487,-38.60298],[-58.82692,-38.6221],[-58.91884,-38.64426],[-58.94407,-38.65681],[-59.00342,-38.67109],[-59.01081,-38.67776],[-59.07536,-38.6896],[-59.11535,-38.70096],[-59.24695,-38.71775],[-59.31324,-38.73021],[-59.32521,-38.73549],[-59.37496,-38.74296],[-59.38939,-38.74793],[-59.39063,-38.75099],[-59.49241,-38.76388],[-59.68649,-38.79656],[-59.79204,-38.82746],[-59.80218,-38.8267],[-59.83651,-38.83152],[-59.85234,-38.83743],[-59.99406,-38.85455],[-60.12584,-38.86732],[-60.17339,-38.87747],[-60.18984,-38.87684],[-60.27769,-38.89047],[-60.42284,-38.91945],[-60.50823,-38.93067],[-60.50942,-38.92505],[-60.52936,-38.91402],[-60.52113,-38.89526],[-60.52158,-38.88268],[-60.53278,-38.86106],[-60.53086,-38.87056],[-60.5226,-38.88241],[-60.52272,-38.89709],[-60.53028,-38.90742],[-60.53099,-38.91448],[-60.51607,-38.92288],[-60.51041,-38.92944],[-60.5138,-38.93118],[-60.69498,-38.95056],[-60.85685,-38.98061],[-61.01209,-38.98232],[-61.10715,-38.99547],[-61.11293,-38.99492],[-61.11403,-38.99032],[-61.11675,-38.99344],[-61.11369,-38.99724],[-61.13731,-38.99981],[-61.18305,-39.00001],[-61.27478,-38.99011],[-61.36498,-38.98858],[-61.39327,-38.98898],[-61.53215,-39.00365],[-61.60686,-39.00405],[-61.62797,-39.0016],[-61.66505,-38.99009],[-61.69407,-38.96846],[-61.70696,-38.9654],[-61.74014,-38.96794],[-61.75424,-38.97066],[-61.7532,-38.97335],[-61.75711,-38.97557],[-61.79314,-38.98507],[-61.81517,-38.98606],[-61.84502,-38.97172],[-61.8987,-38.96788],[-61.93107,-38.95957],[-61.94399,-38.95289],[-62.01159,-38.94102],[-62.05785,-38.92369],[-62.06671,-38.9122],[-62.05697,-38.91546],[-62.05023,-38.91541],[-62.05207,-38.91324],[-62.06312,-38.91012],[-62.07148,-38.91224],[-62.07453,-38.90469],[-62.08211,-38.90333],[-62.08016,-38.90075],[-62.08777,-38.89786],[-62.09153,-38.90032],[-62.102,-38.88911],[-62.10908,-38.88916],[-62.10963,-38.88454],[-62.10356,-38.88372],[-62.10261,-38.88089],[-62.10415,-38.87577],[-62.10874,-38.87683],[-62.10504,-38.87012],[-62.11025,-38.86117],[-62.1182,-38.85533],[-62.11842,-38.85122],[-62.11717,-38.84556],[-62.10683,-38.84548],[-62.10638,-38.82956],[-62.12122,-38.82286],[-62.12914,-38.82061],[-62.1337,-38.8236],[-62.13422,-38.82129],[-62.12981,-38.81907],[-62.10527,-38.82544],[-62.10187,-38.8222],[-62.0985,-38.82873],[-62.08307,-38.82912],[-62.08219,-38.83323],[-62.06794,-38.83131],[-62.06437,-38.8277],[-62.07751,-38.82715],[-62.07593,-38.82264],[-62.07992,-38.81882],[-62.0943,-38.82356],[-62.09568,-38.81804],[-62.08485,-38.81835],[-62.0826,-38.81448],[-62.08494,-38.81103],[-62.09962,-38.81809],[-62.10557,-38.81516],[-62.10483,-38.82145],[-62.12061,-38.82016],[-62.12706,-38.81661],[-62.12236,-38.81106],[-62.11112,-38.81739],[-62.10657,-38.81338],[-62.11481,-38.81087],[-62.11216,-38.79955],[-62.12151,-38.79898],[-62.12519,-38.80761],[-62.12897,-38.80713],[-62.12359,-38.79116],[-62.13634,-38.79485],[-62.12972,-38.79968],[-62.13407,-38.80211],[-62.13029,-38.80637],[-62.13251,-38.81332],[-62.13935,-38.8176],[-62.16571,-38.80919],[-62.16986,-38.80504],[-62.16875,-38.80151],[-62.17681,-38.80054],[-62.1779,-38.80491],[-62.18383,-38.80366],[-62.18551,-38.80034],[-62.18013,-38.79696],[-62.17971,-38.79054],[-62.18491,-38.79469],[-62.19217,-38.79115],[-62.19015,-38.79627],[-62.19634,-38.80042],[-62.20195,-38.78222],[-62.20609,-38.77917],[-62.2215,-38.7803],[-62.24923,-38.79563],[-62.25618,-38.79003],[-62.29593,-38.78514],[-62.29761,-38.78129],[-62.30287,-38.78068],[-62.30807,-38.76852],[-62.3043,-38.76824],[-62.30357,-38.75924],[-62.30701,-38.75901],[-62.30678,-38.74873],[-62.3204,-38.74856],[-62.3183,-38.74443],[-62.30817,-38.74129],[-62.31083,-38.73707],[-62.3207,-38.73417],[-62.32865,-38.72549],[-62.3462,-38.719],[-62.35165,-38.72022],[-62.3512,-38.7156],[-62.36322,-38.7095],[-62.36482,-38.71259],[-62.37174,-38.7098],[-62.3761,-38.71728],[-62.3671,-38.71453],[-62.36429,-38.71773],[-62.36673,-38.71979],[-62.37982,-38.72192],[-62.38144,-38.72488],[-62.37321,-38.72817],[-62.37312,-38.73781],[-62.37871,-38.73694],[-62.38074,-38.7304],[-62.38482,-38.73222],[-62.38165,-38.73862],[-62.39753,-38.74102],[-62.39816,-38.74487],[-62.40345,-38.73899],[-62.40786,-38.74081],[-62.41037,-38.73569],[-62.41279,-38.74058],[-62.41661,-38.73992],[-62.41807,-38.73585],[-62.42627,-38.73435],[-62.4256,-38.73705],[-62.43346,-38.73914],[-62.43409,-38.74248],[-62.44334,-38.74038],[-62.44128,-38.74521],[-62.46458,-38.74442],[-62.4647,-38.74905],[-62.46847,-38.74881],[-62.47311,-38.74215],[-62.49082,-38.74223],[-62.49561,-38.73815],[-62.49872,-38.71555],[-62.51103,-38.71381],[-62.51559,-38.7164],[-62.52215,-38.74056],[-62.53564,-38.74173],[-62.54299,-38.73885],[-62.54491,-38.74566],[-62.53784,-38.74936],[-62.54192,-38.75233],[-62.54785,-38.7476],[-62.55605,-38.74699],[-62.56469,-38.75614],[-62.54857,-38.7637],[-62.55134,-38.76585],[-62.54081,-38.77146],[-62.5421,-38.77455],[-62.5504,-38.77801],[-62.56313,-38.77026],[-62.56968,-38.77118],[-62.5538,-38.79206],[-62.54266,-38.7906],[-62.53504,-38.80149],[-62.52549,-38.80581],[-62.52246,-38.81736],[-62.44556,-38.82716],[-62.42509,-38.82129],[-62.40459,-38.81977],[-62.40259,-38.82323],[-62.39292,-38.82087],[-62.38809,-38.82855],[-62.39336,-38.82742],[-62.38938,-38.83215],[-62.39528,-38.83295],[-62.3946,-38.83551],[-62.38348,-38.84384],[-62.37796,-38.8421],[-62.36985,-38.84951],[-62.36982,-38.85349],[-62.33493,-38.84948],[-62.34296,-38.86323],[-62.34936,-38.86352],[-62.34966,-38.86661],[-62.34764,-38.87096],[-62.3391,-38.87143],[-62.34336,-38.8735],[-62.33662,-38.8798],[-62.34228,-38.88313],[-62.32815,-38.88395],[-62.32244,-38.89611],[-62.32203,-38.90471],[-62.32565,-38.90448],[-62.33547,-38.92662],[-62.33424,-38.93535],[-62.34356,-38.94053],[-62.34509,-38.95339],[-62.33826,-38.96272],[-62.33432,-38.96206],[-62.32241,-38.96905],[-62.31953,-38.99459],[-62.3077,-38.99336],[-62.31613,-39.00561],[-62.3059,-39.00876],[-62.30884,-39.01109],[-62.30425,-39.01415],[-62.30454,-39.01171],[-62.29111,-39.00636],[-62.29075,-39.00971],[-62.30376,-39.01448],[-62.30237,-39.01683],[-62.30742,-39.02174],[-62.3049,-39.02635],[-62.30112,-39.02633],[-62.30628,-39.03676],[-62.30842,-39.05412],[-62.32832,-39.07451],[-62.33981,-39.07869],[-62.34167,-39.09],[-62.35398,-39.097],[-62.35498,-39.11382],[-62.34904,-39.11392],[-62.34502,-39.11981],[-62.34795,-39.12496],[-62.33619,-39.1308],[-62.33725,-39.14134],[-62.34302,-39.14736],[-62.34125,-39.15574],[-62.34362,-39.165],[-62.33303,-39.16944],[-62.3316,-39.18098],[-62.32829,-39.1816],[-62.32975,-39.18444],[-62.32273,-39.19389],[-62.31108,-39.20436],[-62.31221,-39.20641],[-62.30856,-39.20819],[-62.31135,-39.21052],[-62.3009,-39.21483],[-62.30037,-39.21919],[-62.29487,-39.22352],[-62.28527,-39.22603],[-62.2849,-39.23142],[-62.28948,-39.23453],[-62.28206,-39.2332],[-62.28243,-39.23012],[-62.27799,-39.22817],[-62.27335,-39.2293],[-62.2753,-39.2329],[-62.26673,-39.23169],[-62.26702,-39.23516],[-62.25979,-39.23139],[-62.23729,-39.25142],[-62.24007,-39.25386],[-62.26943,-39.24682],[-62.28539,-39.24709],[-62.29172,-39.24199],[-62.28652,-39.24967],[-62.28631,-39.25404],[-62.29027,-39.2538],[-62.30461,-39.24053],[-62.31051,-39.24416],[-62.30949,-39.24749],[-62.32037,-39.25051],[-62.32164,-39.25527],[-62.32592,-39.2571],[-62.31994,-39.26091],[-62.32103,-39.26708],[-62.3182,-39.27014],[-62.31026,-39.27048],[-62.30941,-39.27368],[-62.27958,-39.26593],[-62.27096,-39.2696],[-62.28216,-39.27237],[-62.28016,-39.27415],[-62.26236,-39.27006],[-62.26167,-39.27288],[-62.27082,-39.28244],[-62.25574,-39.27143],[-62.24448,-39.27367],[-62.24872,-39.27896],[-62.24029,-39.27942],[-62.24083,-39.27557],[-62.23522,-39.27451],[-62.22759,-39.27779],[-62.22696,-39.2742],[-62.19417,-39.28103],[-62.19085,-39.28294],[-62.19248,-39.28526],[-62.18269,-39.28853],[-62.18091,-39.28479],[-62.17596,-39.28475],[-62.15042,-39.29241],[-62.1296,-39.29251],[-62.10171,-39.30154],[-62.09703,-39.30664],[-62.06215,-39.31972],[-62.04042,-39.34933],[-62.02959,-39.35502],[-62.01802,-39.35454],[-62.01997,-39.35661],[-62.01598,-39.3585],[-62.01291,-39.35296],[-62.00646,-39.36471],[-62.00633,-39.37396],[-62.01198,-39.38428],[-62.034,-39.39538],[-62.03272,-39.39203],[-62.04997,-39.38922],[-62.08702,-39.39004],[-62.11638,-39.37151],[-62.16648,-39.33207],[-62.17147,-39.31516],[-62.18473,-39.29805],[-62.18903,-39.29782],[-62.19587,-39.30659],[-62.20115,-39.30728],[-62.21413,-39.29902],[-62.22905,-39.29475],[-62.25374,-39.30442],[-62.25775,-39.29982],[-62.28254,-39.29972],[-62.28555,-39.29691],[-62.28883,-39.29976],[-62.27719,-39.30611],[-62.28442,-39.31026],[-62.28307,-39.31282],[-62.2755,-39.3093],[-62.26073,-39.31525],[-62.26251,-39.31885],[-62.27509,-39.31739],[-62.28134,-39.31987],[-62.27966,-39.32307],[-62.27076,-39.3207],[-62.25833,-39.32345],[-62.2588,-39.32602],[-62.26738,-39.32774],[-62.26504,-39.33003],[-62.27245,-39.33253],[-62.27411,-39.33604],[-62.26409,-39.34121],[-62.26474,-39.34754],[-62.2473,-39.34996],[-62.24471,-39.34596],[-62.23146,-39.3469],[-62.23456,-39.35],[-62.22614,-39.34905],[-62.21551,-39.35283],[-62.20563,-39.3493],[-62.20425,-39.35442],[-62.21214,-39.35884],[-62.24059,-39.35852],[-62.23855,-39.36402],[-62.22366,-39.36431],[-62.23124,-39.36693],[-62.2256,-39.3683],[-62.22133,-39.36494],[-62.21157,-39.36526],[-62.21149,-39.37219],[-62.20305,-39.37188],[-62.20301,-39.37624],[-62.19839,-39.37441],[-62.19286,-39.38054],[-62.19566,-39.3821],[-62.19557,-39.3898],[-62.19919,-39.39214],[-62.19911,-39.39856],[-62.2064,-39.39847],[-62.20987,-39.39384],[-62.22137,-39.391],[-62.22888,-39.40068],[-62.19643,-39.40136],[-62.19051,-39.38412],[-62.18304,-39.38586],[-62.18175,-39.39767],[-62.1746,-39.40044],[-62.16722,-39.39499],[-62.17006,-39.39245],[-62.16729,-39.38883],[-62.16507,-39.39499],[-62.1675,-39.39859],[-62.15838,-39.40071],[-62.15534,-39.40544],[-62.14542,-39.40485],[-62.14483,-39.39843],[-62.14023,-39.39621],[-62.13459,-39.39745],[-62.13191,-39.39962],[-62.1325,-39.40553],[-62.12753,-39.40587],[-62.12847,-39.41013],[-62.11688,-39.41003],[-62.10654,-39.41637],[-62.10483,-39.42072],[-62.11381,-39.41848],[-62.11292,-39.42207],[-62.10775,-39.42511],[-62.10118,-39.42121],[-62.0937,-39.42346],[-62.09234,-39.42653],[-62.0981,-39.42889],[-62.09311,-39.43078],[-62.08887,-39.42625],[-62.08016,-39.4326],[-62.0854,-39.43804],[-62.08223,-39.43955],[-62.07852,-39.43233],[-62.06749,-39.43918],[-62.05622,-39.44063],[-62.05167,-39.44675],[-62.05435,-39.45629],[-62.05913,-39.45837],[-62.06297,-39.46842],[-62.05584,-39.46887],[-62.06519,-39.47562],[-62.06949,-39.4885],[-62.06551,-39.48898],[-62.05696,-39.47196],[-62.05332,-39.47142],[-62.05522,-39.47785],[-62.06629,-39.4931],[-62.06907,-39.50775],[-62.07839,-39.51733],[-62.08237,-39.51711],[-62.0836,-39.52456],[-62.07881,-39.52324],[-62.08585,-39.53126],[-62.0861,-39.53639],[-62.08908,-39.53693],[-62.09189,-39.56315],[-62.08543,-39.55],[-62.08341,-39.55178],[-62.10648,-39.61539],[-62.11235,-39.64984],[-62.11774,-39.65784],[-62.12342,-39.69332],[-62.11975,-39.69432],[-62.11662,-39.67966],[-62.11394,-39.68093],[-62.11849,-39.70227],[-62.12776,-39.70543],[-62.12952,-39.71057],[-62.14948,-39.72319],[-62.16972,-39.72807],[-62.17705,-39.72607],[-62.20063,-39.72893],[-62.2276,-39.75544],[-62.24421,-39.75799],[-62.23288,-39.75945],[-62.22659,-39.75684],[-62.22119,-39.74846],[-62.20816,-39.74015],[-62.20028,-39.73047],[-62.15045,-39.72549],[-62.12664,-39.71518],[-62.12573,-39.72159],[-62.12122,-39.72258],[-62.11161,-39.70761],[-62.11233,-39.703],[-62.09344,-39.69849],[-62.10574,-39.724],[-62.11459,-39.76003],[-62.11541,-39.81421],[-62.11253,-39.84269],[-62.12097,-39.84738],[-62.12782,-39.85873],[-62.13951,-39.85613],[-62.14248,-39.85858],[-62.14839,-39.85265],[-62.14547,-39.85911],[-62.1356,-39.86264],[-62.12946,-39.86105],[-62.13509,-39.86366],[-62.12658,-39.86865],[-62.14239,-39.86628],[-62.14645,-39.86118],[-62.16347,-39.85912],[-62.1614,-39.86424],[-62.15293,-39.86276],[-62.14369,-39.86886],[-62.14532,-39.87131],[-62.13664,-39.87291],[-62.14393,-39.87643],[-62.16102,-39.8686],[-62.17249,-39.85803],[-62.19053,-39.85186],[-62.19987,-39.85167],[-62.20513,-39.85774],[-62.21279,-39.85843],[-62.23019,-39.8511],[-62.2452,-39.85018],[-62.25449,-39.85293],[-62.25478,-39.8573],[-62.26511,-39.85737],[-62.27768,-39.86553],[-62.28301,-39.86647],[-62.28671,-39.86276],[-62.29112,-39.8666],[-62.31628,-39.87129],[-62.31193,-39.87332],[-62.31332,-39.90106],[-62.32364,-39.9024],[-62.32944,-39.92221],[-62.32172,-39.9273],[-62.32717,-39.93349],[-62.31996,-39.93782],[-62.31462,-39.93727],[-62.31625,-39.94139],[-62.32159,-39.94206],[-62.33077,-39.95791],[-62.33053,-39.96561],[-62.32477,-39.97431],[-62.32534,-39.98355],[-62.33069,-40.00002],[-62.33155,-40.01492],[-62.33491,-40.01263],[-62.33582,-40.02162],[-62.33843,-40.02805],[-62.34177,-40.02858],[-62.344,-40.03874],[-62.34117,-40.03911],[-62.33825,-40.0468],[-62.34096,-40.06016],[-62.34938,-40.07151],[-62.34762,-40.07997],[-62.34445,-40.07944],[-62.34154,-40.10433],[-62.34353,-40.12386],[-62.34016,-40.12589],[-62.33686,-40.13845],[-62.33065,-40.14099],[-62.32634,-40.15329],[-62.33355,-40.16899],[-62.33349,-40.17541],[-62.34181,-40.18085],[-62.33809,-40.18391],[-62.34482,-40.19756],[-62.36748,-40.21014],[-62.37011,-40.21541],[-62.37713,-40.21622],[-62.38642,-40.2268],[-62.39442,-40.2312],[-62.42254,-40.23289],[-62.42583,-40.23881],[-62.44418,-40.24994],[-62.44824,-40.26563],[-62.46308,-40.27494],[-62.46586,-40.28394],[-62.48483,-40.30277],[-62.48327,-40.33126],[-62.46157,-40.36018],[-62.46129,-40.37353],[-62.44963,-40.38323],[-62.45002,-40.39915],[-62.44709,-40.40711],[-62.43167,-40.42397],[-62.42255,-40.42931],[-62.42124,-40.44497],[-62.42573,-40.45038],[-62.41923,-40.46357],[-62.40943,-40.46892],[-62.40339,-40.46786],[-62.39049,-40.48204],[-62.37021,-40.49273],[-62.35303,-40.49506],[-62.34398,-40.4927],[-62.31862,-40.50629],[-62.31638,-40.51167],[-62.33737,-40.51513],[-62.35768,-40.50176],[-62.36977,-40.50427],[-62.37125,-40.50786],[-62.3619,-40.51847],[-62.35684,-40.51935],[-62.35655,-40.51472],[-62.34716,-40.51146],[-62.33634,-40.51719],[-62.32492,-40.5157],[-62.31932,-40.53685],[-62.29738,-40.54275],[-62.28359,-40.55794],[-62.28551,-40.56772],[-62.28093,-40.57038],[-62.27242,-40.56377],[-62.26149,-40.56242],[-62.25856,-40.56882],[-62.26173,-40.57167],[-62.26114,-40.57885],[-62.25248,-40.58548],[-62.24918,-40.59495],[-62.24459,-40.59839],[-62.25083,-40.59804],[-62.25428,-40.60577],[-62.25203,-40.61115],[-62.25523,-40.61117],[-62.25494,-40.62195],[-62.24675,-40.63216],[-62.25255,-40.6399],[-62.24946,-40.64528],[-62.29499,-40.64223],[-62.29946,-40.63506],[-62.32623,-40.62007],[-62.33019,-40.61162],[-62.32932,-40.5975],[-62.33328,-40.58879],[-62.36259,-40.57569],[-62.36233,-40.57894],[-62.3495,-40.58234],[-62.34152,-40.58935],[-62.34112,-40.59603],[-62.34431,-40.5972],[-62.34018,-40.60629],[-62.34825,-40.60776],[-62.34755,-40.61006],[-62.3395,-40.60757],[-62.33623,-40.61397],[-62.34553,-40.62711],[-62.34076,-40.63248],[-62.33285,-40.63115],[-62.3301,-40.63666],[-62.32165,-40.63969],[-62.30917,-40.64038],[-62.30111,-40.63738],[-62.29259,-40.64645],[-62.25988,-40.64727],[-62.23621,-40.65379],[-62.21157,-40.64246],[-62.20577,-40.63394],[-62.20948,-40.63371],[-62.22318,-40.64395],[-62.239,-40.64585],[-62.24847,-40.64322],[-62.23633,-40.62927],[-62.2354,-40.62156],[-62.24053,-40.61492],[-62.24159,-40.59566],[-62.24879,-40.58417],[-62.25778,-40.57858],[-62.25249,-40.56955],[-62.25558,-40.56444],[-62.25197,-40.55646],[-62.25556,-40.55109],[-62.26195,-40.551],[-62.27314,-40.54414],[-62.31766,-40.53478],[-62.31774,-40.52695],[-62.25705,-40.53826],[-62.24082,-40.54509],[-62.18085,-40.57767],[-62.17252,-40.58417],[-62.1704,-40.5921],[-62.16977,-40.61546],[-62.17308,-40.62036],[-62.18123,-40.62941],[-62.18861,-40.63216],[-62.2058,-40.63164],[-62.19704,-40.63119],[-62.19514,-40.63515],[-62.21815,-40.65637],[-62.22093,-40.66383],[-62.21654,-40.66418],[-62.17862,-40.63606],[-62.17499,-40.62962],[-62.17229,-40.62986],[-62.17506,-40.63758],[-62.21413,-40.6684],[-62.23342,-40.69164],[-62.2351,-40.70705],[-62.25666,-40.74058],[-62.26219,-40.75961],[-62.27314,-40.77714],[-62.31219,-40.87134],[-62.38354,-40.90873],[-62.42908,-40.92525],[-62.47403,-40.93394],[-62.53687,-40.95295],[-62.66256,-41.00807],[-62.66511,-41.00564],[-62.64027,-40.9944],[-62.70423,-41.01178],[-62.71438,-41.01579],[-62.70943,-41.02399],[-62.71024,-41.03195],[-62.73498,-41.03471],[-62.75872,-41.03296],[-62.78757,-41.02289],[-62.80042,-40.9772],[-62.82096,-40.96209],[-62.82946,-40.94772],[-62.84167,-40.94055],[-62.84559,-40.92875],[-62.86102,-40.9149],[-62.87494,-40.89515],[-62.88646,-40.88464],[-62.91185,-40.87002],[-62.9254,-40.84924],[-62.93927,-40.84283],[-62.95044,-40.82178],[-62.95686,-40.81716],[-62.97068,-40.81477],[-62.95754,-40.81896],[-62.95128,-40.82537],[-62.94299,-40.8445],[-62.92861,-40.84976],[-62.91709,-40.87362],[-62.88153,-40.89695],[-62.85745,-40.92594],[-62.84334,-40.95134],[-62.83588,-40.95428],[-62.82619,-40.96851],[-62.80769,-40.98312],[-62.80454,-41.01674],[-62.79367,-41.02481],[-62.79348,-41.02956],[-62.80177,-41.03677],[-62.79451,-41.02777],[-62.79722,-41.02674],[-62.82142,-41.04155],[-62.82446,-41.0463],[-62.81937,-41.04706],[-62.8319,-41.05607],[-62.87052,-41.07369],[-62.9913,-41.10869],[-63.05344,-41.14308],[-63.12037,-41.1551],[-63.24096,-41.15773],[-63.3357,-41.15108],[-63.43596,-41.16152],[-63.54908,-41.16027],[-63.59727,-41.15567],[-63.77734,-41.15921],[-63.78785,-41.15837],[-63.83184,-41.14368],[-63.8681,-41.1379],[-63.8833,-41.13188],[-63.89541,-41.12383],[-63.90804,-41.10447],[-63.9433,-41.078],[-64.09281,-41.03021],[-64.08734,-41.02731],[-64.08669,-41.0295],[-64.0799,-41.02892],[-64.07756,-41.02035],[-64.09729,-41.00399],[-64.08863,-41.00317],[-64.0846,-41.0059],[-64.0857,-41.01026],[-64.08096,-41.01095],[-64.0717,-41.00371],[-64.06992,-40.99834],[-64.07389,-40.99265],[-64.088,-40.98508],[-64.09921,-40.98702],[-64.09727,-40.99243],[-64.11778,-41.00328],[-64.11732,-41.00584],[-64.11289,-41.00486],[-64.115,-41.00921],[-64.13567,-41.01902],[-64.20297,-41.01025],[-64.28796,-40.97172],[-64.30967,-40.95607],[-64.39643,-40.92708],[-64.39928,-40.91805],[-64.40596,-40.91437],[-64.46861,-40.9005],[-64.4689,-40.89793],[-64.49573,-40.88757],[-64.51004,-40.87712],[-64.54052,-40.86426],[-64.5789,-40.85707],[-64.6007,-40.84971],[-64.67412,-40.83852],[-64.70996,-40.82555],[-64.75031,-40.81788],[-64.78108,-40.81844],[-64.87841,-40.83076],[-64.89932,-40.81745],[-64.90661,-40.80655],[-64.85835,-40.79026],[-64.84598,-40.7825],[-64.8437,-40.78549],[-64.84986,-40.8008],[-64.84555,-40.80407],[-64.84408,-40.81141],[-64.83734,-40.79381],[-64.84172,-40.78732],[-64.83325,-40.78643],[-64.82134,-40.78919],[-64.81793,-40.79437],[-64.80745,-40.79402],[-64.79716,-40.80086],[-64.74899,-40.80635],[-64.7458,-40.80049],[-64.75431,-40.8028],[-64.75146,-40.7972],[-64.76817,-40.79052],[-64.75758,-40.78581],[-64.75854,-40.78387],[-64.74199,-40.78399],[-64.75365,-40.77791],[-64.76573,-40.78106],[-64.75928,-40.77346],[-64.76946,-40.77561],[-64.77704,-40.76857],[-64.78886,-40.78122],[-64.79795,-40.77967],[-64.80602,-40.76606],[-64.79237,-40.76088],[-64.79213,-40.75832],[-64.80452,-40.74837],[-64.79566,-40.74517],[-64.79456,-40.74185],[-64.7827,-40.74024],[-64.78296,-40.73728],[-64.80103,-40.73135],[-64.81349,-40.73052],[-64.81237,-40.73259],[-64.81802,-40.73558],[-64.82031,-40.73311],[-64.82343,-40.73627],[-64.82951,-40.73617],[-64.83785,-40.73282],[-64.83157,-40.73151],[-64.83537,-40.72812],[-64.84159,-40.72751],[-64.84692,-40.73101],[-64.84746,-40.72614],[-64.85217,-40.7258],[-64.84997,-40.71941],[-64.89279,-40.71833],[-64.92464,-40.71126],[-64.94157,-40.71341],[-64.94338,-40.71762],[-64.9488,-40.71817],[-64.9475,-40.72012],[-64.95393,-40.72052],[-64.95401,-40.72321],[-64.93644,-40.72274],[-64.96759,-40.72607],[-64.9827,-40.7235],[-64.97439,-40.72787],[-64.94058,-40.72575],[-64.92056,-40.72776],[-64.91508,-40.73067],[-64.9161,-40.74272],[-64.94832,-40.74796],[-64.92405,-40.74926],[-64.90215,-40.75682],[-64.90146,-40.76196],[-64.96035,-40.75546],[-64.98775,-40.7573],[-65.01971,-40.76444],[-65.05071,-40.78482],[-65.06233,-40.79976],[-65.08873,-40.81186],[-65.1092,-40.82921],[-65.12747,-40.85608],[-65.12311,-40.86797],[-65.12606,-40.87536],[-65.12516,-40.88436],[-65.14675,-40.90347],[-65.15205,-40.9157],[-65.15166,-40.92443],[-65.15657,-40.92999],[-65.16418,-40.96578],[-65.16561,-40.97859],[-65.16454,-40.98195],[-65.16115,-40.98189],[-65.16021,-40.98973],[-65.16499,-41.00094],[-65.16169,-41.0087],[-65.16504,-41.01788],[-65.16047,-41.01823],[-65.16315,-41.02254],[-65.15979,-41.02337],[-65.15632,-41.0468],[-65.15731,-41.05431],[-65.1673,-41.06636],[-65.16399,-41.06873],[-65.16516,-41.07333],[-65.1621,-41.07313],[-65.16375,-41.07695],[-65.16205,-41.08699],[-65.15779,-41.09169],[-65.15759,-41.10119],[-65.15227,-41.10463],[-65.15408,-41.11332],[-65.15107,-41.11466],[-65.15188,-41.12389],[-65.14801,-41.13012],[-65.14783,-41.15092],[-65.15076,-41.16203],[-65.1544,-41.16415],[-65.14807,-41.16811],[-65.14772,-41.18352],[-65.14422,-41.18564],[-65.14044,-41.20522],[-65.13665,-41.20889],[-65.13559,-41.22854],[-65.13157,-41.23029],[-65.12889,-41.24214],[-65.12146,-41.25422],[-65.11682,-41.28472],[-65.10917,-41.29513],[-65.1048,-41.3178],[-65.09884,-41.3233],[-65.09818,-41.32947],[-65.10178,-41.33531],[-65.09276,-41.346],[-65.08998,-41.36556],[-65.07883,-41.37398],[-65.07226,-41.39259],[-65.07516,-41.40305],[-65.06984,-41.4129],[-65.07307,-41.41258],[-65.07369,-41.41591],[-65.06409,-41.41968],[-65.05893,-41.42901],[-65.05318,-41.43065],[-65.05546,-41.44345],[-65.05021,-41.45535],[-65.04546,-41.4562],[-65.04332,-41.46408],[-65.03189,-41.46954],[-65.02934,-41.47548],[-65.02419,-41.47442],[-64.99937,-41.48884],[-64.99873,-41.49579],[-64.99241,-41.50103],[-64.993,-41.50923],[-64.98886,-41.5188],[-64.99332,-41.54747],[-65.00221,-41.54758],[-65.00713,-41.5575],[-65.00649,-41.56432],[-64.99895,-41.57484],[-64.99549,-41.57349],[-64.99183,-41.57676],[-65.00155,-41.58147],[-65.0129,-41.60592],[-65.0182,-41.61108],[-65.02508,-41.61238],[-65.02615,-41.60286],[-65.02926,-41.60409],[-65.03175,-41.59609],[-65.03548,-41.59499],[-65.03748,-41.59881],[-65.03511,-41.60501],[-65.03039,-41.60715],[-65.02795,-41.61669],[-65.02162,-41.6168],[-65.02351,-41.66605],[-65.0276,-41.67111],[-65.02123,-41.69715],[-65.02387,-41.72123],[-65.02123,-41.7354],[-65.01234,-41.75249],[-65.00388,-41.75623],[-65.00357,-41.76266],[-64.99816,-41.76506],[-64.99923,-41.77197],[-65.01106,-41.77741],[-65.01629,-41.79118],[-65.01406,-41.81843],[-65.01624,-41.83328],[-65.0409,-41.83182],[-65.05006,-41.84449],[-65.0472,-41.85173],[-65.04964,-41.86349],[-65.04524,-41.87088],[-65.03915,-41.87369],[-65.05094,-41.87733],[-65.05888,-41.88387],[-65.06045,-41.88999],[-65.05668,-41.90135],[-65.06606,-41.90426],[-65.06047,-41.91771],[-65.06291,-41.91844],[-65.06116,-41.93361],[-65.07467,-41.96853],[-65.07293,-41.97857],[-65.0684,-41.98199],[-65.0703,-42.00352],[-65.06733,-42.01795],[-65.03824,-42.06645],[-64.99407,-42.11318],[-64.96409,-42.13603],[-64.90102,-42.17162],[-64.85667,-42.18916],[-64.82312,-42.19868],[-64.8038,-42.19885],[-64.79958,-42.19623],[-64.74997,-42.21226],[-64.69519,-42.21642],[-64.66466,-42.22406],[-64.61269,-42.23096],[-64.46576,-42.23935],[-64.47945,-42.2488],[-64.48939,-42.26073],[-64.50746,-42.27128],[-64.5074,-42.27641],[-64.52448,-42.2826],[-64.52528,-42.28721],[-64.54656,-42.29514],[-64.55723,-42.30706],[-64.56826,-42.32642],[-64.56644,-42.33671],[-64.57018,-42.34795],[-64.57681,-42.35736],[-64.59197,-42.36818],[-64.59282,-42.38152],[-64.60253,-42.38934],[-64.61722,-42.39452],[-64.61902,-42.41734],[-64.61281,-42.42539],[-64.60101,-42.42439],[-64.58724,-42.42818],[-64.57877,-42.42175],[-64.56687,-42.43026],[-64.55477,-42.43196],[-64.5418,-42.42572],[-64.54061,-42.41945],[-64.53711,-42.42514],[-64.52558,-42.42825],[-64.49514,-42.43018],[-64.49112,-42.42883],[-64.48828,-42.41834],[-64.48202,-42.41751],[-64.48494,-42.43122],[-64.47594,-42.43865],[-64.45162,-42.436],[-64.43751,-42.44016],[-64.42295,-42.43983],[-64.41586,-42.43312],[-64.37955,-42.42817],[-64.36992,-42.42354],[-64.35127,-42.42633],[-64.33419,-42.42062],[-64.32707,-42.41211],[-64.3167,-42.41313],[-64.29954,-42.40395],[-64.28972,-42.41497],[-64.24677,-42.41518],[-64.21123,-42.42199],[-64.18929,-42.41593],[-64.18625,-42.41994],[-64.1696,-42.41896],[-64.1655,-42.42195],[-64.1482,-42.42315],[-64.13963,-42.42824],[-64.12406,-42.42981],[-64.11462,-42.42464],[-64.09798,-42.40375],[-64.08474,-42.39926],[-64.06737,-42.38556],[-64.05396,-42.38081],[-64.04148,-42.34858],[-64.04465,-42.34162],[-64.05568,-42.33921],[-64.06112,-42.33364],[-64.06908,-42.33344],[-64.06832,-42.32934],[-64.05915,-42.32943],[-64.05719,-42.32598],[-64.04868,-42.32362],[-64.04839,-42.31669],[-64.04404,-42.31493],[-64.04458,-42.30595],[-64.05353,-42.28302],[-64.07271,-42.26231],[-64.07926,-42.26122],[-64.09018,-42.25303],[-64.10742,-42.25107],[-64.12968,-42.24007],[-64.13762,-42.23987],[-64.13906,-42.24345],[-64.15212,-42.23934],[-64.15939,-42.24042],[-64.16152,-42.24348],[-64.18579,-42.24862],[-64.20674,-42.24185],[-64.22436,-42.24192],[-64.22719,-42.24536],[-64.23115,-42.2448],[-64.22884,-42.24149],[-64.24528,-42.23426],[-64.25396,-42.23608],[-64.25435,-42.23891],[-64.27268,-42.24024],[-64.2714,-42.24488],[-64.27454,-42.24651],[-64.29177,-42.24465],[-64.31058,-42.25188],[-64.3598,-42.24386],[-64.3752,-42.23675],[-64.1382,-42.19558],[-64.10382,-42.1836],[-64.07751,-42.17897],[-64.06362,-42.17346],[-64.05312,-42.16444],[-64.03895,-42.16316],[-64.02479,-42.15134],[-64.02628,-42.14774],[-64.01489,-42.14746],[-63.98088,-42.13401],[-63.96612,-42.11541],[-63.94576,-42.11391],[-63.93901,-42.11153],[-63.93823,-42.10614],[-63.88055,-42.08542],[-63.80011,-42.07318],[-63.75846,-42.07629],[-63.73603,-42.10274],[-63.72622,-42.13463],[-63.7171,-42.15138],[-63.7045,-42.16608],[-63.69494,-42.19104],[-63.6691,-42.22841],[-63.62368,-42.28103],[-63.62033,-42.29156],[-63.61465,-42.29443],[-63.611,-42.30934],[-63.60736,-42.30858],[-63.60795,-42.31577],[-63.60114,-42.32735],[-63.60297,-42.35609],[-63.60642,-42.35556],[-63.60942,-42.34296],[-63.61815,-42.33393],[-63.61581,-42.32445],[-63.62083,-42.32519],[-63.6339,-42.31717],[-63.6309,-42.31051],[-63.62275,-42.30876],[-63.62946,-42.30615],[-63.63382,-42.29227],[-63.65374,-42.27907],[-63.65896,-42.28314],[-63.64854,-42.29475],[-63.65564,-42.29741],[-63.67583,-42.27663],[-63.67595,-42.27175],[-63.6702,-42.26793],[-63.66911,-42.26229],[-63.67435,-42.26739],[-63.67776,-42.26301],[-63.6809,-42.26582],[-63.67625,-42.28355],[-63.64943,-42.31374],[-63.65377,-42.31577],[-63.66235,-42.30853],[-63.661,-42.31291],[-63.65264,-42.32373],[-63.64045,-42.33253],[-63.63987,-42.34306],[-63.62251,-42.35445],[-63.6141,-42.37939],[-63.61545,-42.41301],[-63.60977,-42.47002],[-63.61168,-42.48643],[-63.6056,-42.50392],[-63.59804,-42.51089],[-63.60227,-42.51856],[-63.60358,-42.54602],[-63.59062,-42.57047],[-63.58767,-42.58922],[-63.58457,-42.59232],[-63.58673,-42.60027],[-63.58279,-42.60594],[-63.58461,-42.61465],[-63.60456,-42.62918],[-63.60834,-42.64327],[-63.61698,-42.6558],[-63.62241,-42.67707],[-63.63899,-42.69906],[-63.64038,-42.71573],[-63.63588,-42.71909],[-63.63394,-42.75066],[-63.62931,-42.75736],[-63.632,-42.7648],[-63.64528,-42.76959],[-63.65339,-42.77828],[-63.66174,-42.77747],[-63.66528,-42.78309],[-63.67719,-42.78868],[-63.67653,-42.79226],[-63.69958,-42.79623],[-63.70453,-42.80237],[-63.71849,-42.80433],[-63.72553,-42.81096],[-63.73847,-42.8137],[-63.74017,-42.81035],[-63.75028,-42.8099],[-63.79392,-42.81525],[-63.80967,-42.82014],[-63.80971,-42.82322],[-63.83658,-42.82495],[-63.84431,-42.829],[-63.86875,-42.83164],[-63.87473,-42.83545],[-63.90788,-42.83686],[-63.91705,-42.84346],[-63.9481,-42.8441],[-64.00025,-42.85547],[-64.0087,-42.8604],[-64.0629,-42.86773],[-64.10846,-42.87911],[-64.1398,-42.87469],[-64.15427,-42.86518],[-64.15571,-42.85849],[-64.19306,-42.8327],[-64.19467,-42.82576],[-64.20458,-42.81513],[-64.23616,-42.79067],[-64.25229,-42.76946],[-64.26124,-42.74676],[-64.26166,-42.74265],[-64.24481,-42.70922],[-64.24808,-42.68095],[-64.21164,-42.63206],[-64.21014,-42.62618],[-64.21336,-42.62203],[-64.22539,-42.6151],[-64.24239,-42.6139],[-64.25328,-42.61994],[-64.27306,-42.61856],[-64.27153,-42.61139],[-64.2677,-42.61117],[-64.25665,-42.59719],[-64.26115,-42.58764],[-64.27019,-42.57957],[-64.28327,-42.57404],[-64.29096,-42.5764],[-64.29278,-42.58061],[-64.29764,-42.58056],[-64.30228,-42.58615],[-64.30854,-42.58685],[-64.30877,-42.57273],[-64.31298,-42.5664],[-64.30856,-42.56273],[-64.31081,-42.55397],[-64.33041,-42.53732],[-64.33935,-42.53337],[-64.35491,-42.53075],[-64.35949,-42.53403],[-64.39766,-42.51791],[-64.46325,-42.504],[-64.49922,-42.49943],[-64.52248,-42.50054],[-64.56216,-42.49193],[-64.58262,-42.49189],[-64.59487,-42.49647],[-64.62851,-42.49638],[-64.64396,-42.50361],[-64.68232,-42.51126],[-64.72287,-42.53516],[-64.76187,-42.55203],[-64.77959,-42.56536],[-64.78813,-42.57806],[-64.84846,-42.61663],[-64.86279,-42.61883],[-64.87965,-42.61342],[-64.9211,-42.61659],[-64.94932,-42.6301],[-64.96822,-42.64543],[-64.98233,-42.6516],[-64.98801,-42.66074],[-64.99474,-42.69733],[-65.01692,-42.7108],[-65.03515,-42.73075],[-65.03373,-42.76183],[-65.02403,-42.77406],[-65.00987,-42.78328],[-65.00327,-42.78405],[-64.99929,-42.77949],[-64.98114,-42.78944],[-64.96453,-42.79306],[-64.95801,-42.78522],[-64.95103,-42.78482],[-64.94643,-42.79363],[-64.92111,-42.80869],[-64.90901,-42.8121],[-64.89019,-42.81189],[-64.88459,-42.82854],[-64.87416,-42.83526],[-64.81083,-42.83987],[-64.77543,-42.85826],[-64.70112,-42.88326],[-64.69455,-42.89837],[-64.62878,-42.91908],[-64.56396,-42.92435],[-64.55031,-42.92325],[-64.54288,-42.91938],[-64.52293,-42.92452],[-64.50866,-42.93356],[-64.49813,-42.94576],[-64.4912,-42.94842],[-64.43291,-42.95032],[-64.42112,-42.95444],[-64.37033,-42.94839],[-64.34176,-42.93538],[-64.32953,-42.93553],[-64.31531,-42.96533],[-64.30738,-42.97056],[-64.30651,-42.97878],[-64.31138,-42.98565],[-64.3241,-42.99192],[-64.32405,-42.99783],[-64.32887,-43.00265],[-64.36901,-43.01488],[-64.38771,-43.02248],[-64.39166,-43.02692],[-64.40785,-43.03173],[-64.45832,-43.06497],[-64.496,-43.07411],[-64.54969,-43.09264],[-64.6819,-43.12568],[-64.76715,-43.15403],[-64.88832,-43.2074],[-64.9913,-43.26686],[-65.03904,-43.31375],[-65.05333,-43.33633],[-65.05532,-43.34322],[-65.05326,-43.35507],[-65.04665,-43.36236],[-65.04612,-43.37803],[-65.04269,-43.38066],[-65.0528,-43.40383],[-65.08592,-43.42557],[-65.13518,-43.46442],[-65.17291,-43.50478],[-65.18277,-43.52409],[-65.19141,-43.52905],[-65.19322,-43.54005],[-65.20571,-43.54392],[-65.20978,-43.54897],[-65.24966,-43.56847],[-65.26914,-43.58912],[-65.27805,-43.59125],[-65.28645,-43.59904],[-65.29814,-43.61831],[-65.31349,-43.63159],[-65.31785,-43.64408],[-65.3325,-43.65739],[-65.34089,-43.67774],[-65.33901,-43.67932],[-65.34329,-43.70284],[-65.35068,-43.71988],[-65.3542,-43.76471],[-65.34966,-43.77533],[-65.32212,-43.78218],[-65.31111,-43.7951],[-65.31663,-43.805],[-65.322,-43.80643],[-65.32124,-43.81876],[-65.32829,-43.84505],[-65.32608,-43.85228],[-65.31633,-43.86146],[-65.31109,-43.89082],[-65.30063,-43.91425],[-65.29908,-43.93365],[-65.28967,-43.94308],[-65.28261,-43.96272],[-65.27672,-43.96669],[-65.27185,-43.96935],[-65.26392,-43.9663],[-65.25485,-43.97084],[-65.24943,-43.96826],[-65.23176,-43.97091],[-65.23039,-43.9771],[-65.23852,-43.98053],[-65.2459,-43.97846],[-65.25557,-43.98969],[-65.25458,-44.001],[-65.2465,-44.00834],[-65.2529,-44.0131],[-65.25202,-44.0226],[-65.24934,-44.0224],[-65.25148,-44.02723],[-65.22245,-44.04499],[-65.21254,-44.04159],[-65.21046,-44.03791],[-65.19296,-44.03645],[-65.19632,-44.04088],[-65.20629,-44.04107],[-65.20902,-44.0473],[-65.21619,-44.04896],[-65.21654,-44.05819],[-65.23507,-44.06835],[-65.24107,-44.08132],[-65.23834,-44.09369],[-65.23313,-44.09738],[-65.23641,-44.10862],[-65.23139,-44.11243],[-65.2318,-44.11871],[-65.21787,-44.12231],[-65.22206,-44.13917],[-65.22706,-44.13958],[-65.23265,-44.14588],[-65.26396,-44.14463],[-65.27581,-44.14709],[-65.28754,-44.15558],[-65.30406,-44.17706],[-65.31094,-44.20258],[-65.30899,-44.22571],[-65.30349,-44.24044],[-65.29201,-44.2571],[-65.27056,-44.2701],[-65.27403,-44.28157],[-65.27039,-44.29833],[-65.26339,-44.30655],[-65.25279,-44.30971],[-65.25972,-44.31342],[-65.26085,-44.31955],[-65.25692,-44.32887],[-65.24811,-44.337],[-65.22725,-44.33368],[-65.22332,-44.33851],[-65.22525,-44.34694],[-65.22116,-44.35701],[-65.22345,-44.36083],[-65.21649,-44.36584],[-65.21897,-44.3699],[-65.22971,-44.3702],[-65.23334,-44.38578],[-65.25681,-44.38673],[-65.26673,-44.39333],[-65.26461,-44.39902],[-65.26912,-44.3997],[-65.27081,-44.40634],[-65.28482,-44.41222],[-65.27809,-44.41875],[-65.28074,-44.4223],[-65.29184,-44.42234],[-65.2913,-44.42697],[-65.28346,-44.42776],[-65.28358,-44.43097],[-65.29966,-44.43013],[-65.29966,-44.42552],[-65.3048,-44.42439],[-65.30563,-44.42719],[-65.3121,-44.4277],[-65.31123,-44.43734],[-65.30747,-44.43755],[-65.30722,-44.44024],[-65.3163,-44.4434],[-65.3173,-44.45056],[-65.32727,-44.44907],[-65.33347,-44.45639],[-65.33158,-44.46284],[-65.32616,-44.46629],[-65.3108,-44.46737],[-65.31141,-44.47377],[-65.31429,-44.47424],[-65.31866,-44.48491],[-65.32221,-44.48407],[-65.31825,-44.49262],[-65.31258,-44.4944],[-65.29789,-44.48995],[-65.28406,-44.49382],[-65.28519,-44.4997],[-65.28844,-44.5004],[-65.28773,-44.50966],[-65.27961,-44.5129],[-65.27888,-44.51753],[-65.29586,-44.51591],[-65.29638,-44.51076],[-65.30104,-44.51067],[-65.3059,-44.5157],[-65.31259,-44.51711],[-65.31093,-44.52022],[-65.31511,-44.53116],[-65.32341,-44.52792],[-65.31911,-44.51441],[-65.32642,-44.50875],[-65.34139,-44.50664],[-65.35404,-44.50908],[-65.35524,-44.51213],[-65.3526,-44.51347],[-65.35503,-44.51598],[-65.35899,-44.51616],[-65.35779,-44.5131],[-65.36132,-44.51188],[-65.36816,-44.51239],[-65.37553,-44.51736],[-65.37427,-44.52585],[-65.37223,-44.53307],[-65.36111,-44.53331],[-65.36103,-44.54023],[-65.38881,-44.54402],[-65.39379,-44.55597],[-65.39065,-44.56258],[-65.38188,-44.56751],[-65.3572,-44.57418],[-65.36947,-44.58445],[-65.36691,-44.58771],[-65.37299,-44.5872],[-65.37683,-44.57583],[-65.38775,-44.57945],[-65.39218,-44.5909],[-65.39638,-44.59286],[-65.39849,-44.58743],[-65.40882,-44.58542],[-65.41233,-44.57483],[-65.42594,-44.57402],[-65.42543,-44.57044],[-65.44562,-44.57271],[-65.45047,-44.57696],[-65.46191,-44.5762],[-65.47035,-44.58436],[-65.46762,-44.59212],[-65.46384,-44.59194],[-65.46406,-44.60117],[-65.47692,-44.59961],[-65.48307,-44.60487],[-65.49648,-44.60367],[-65.51865,-44.6096],[-65.54945,-44.62418],[-65.57068,-44.64141],[-65.57459,-44.64825],[-65.58286,-44.64832],[-65.58232,-44.64423],[-65.58691,-44.64246],[-65.59776,-44.64402],[-65.60766,-44.64827],[-65.62224,-44.66075],[-65.64127,-44.66828],[-65.66426,-44.6875],[-65.68947,-44.71924],[-65.69618,-44.7396],[-65.69404,-44.77121],[-65.7025,-44.8018],[-65.71883,-44.80436],[-65.72798,-44.8112],[-65.72715,-44.82789],[-65.71911,-44.83707],[-65.72665,-44.84022],[-65.72829,-44.84814],[-65.71257,-44.87057],[-65.70522,-44.87537],[-65.6988,-44.87706],[-65.69286,-44.87334],[-65.68803,-44.87423],[-65.68772,-44.87937],[-65.67456,-44.87942],[-65.67217,-44.88641],[-65.66444,-44.89081],[-65.65165,-44.89125],[-65.65114,-44.88818],[-65.63835,-44.88463],[-65.62629,-44.88542],[-65.62404,-44.89137],[-65.62164,-44.88617],[-65.61471,-44.88851],[-65.60204,-44.89971],[-65.60707,-44.90716],[-65.60535,-44.90886],[-65.59914,-44.90759],[-65.59752,-44.90352],[-65.59247,-44.90377],[-65.59184,-44.89775],[-65.57157,-44.89616],[-65.56995,-44.90056],[-65.57397,-44.9056],[-65.56214,-44.90343],[-65.55557,-44.91012],[-65.54463,-44.91165],[-65.53265,-44.92257],[-65.52515,-44.92439],[-65.52284,-44.92944],[-65.54017,-44.92919],[-65.53354,-44.93447],[-65.54026,-44.93932],[-65.55315,-44.94096],[-65.54877,-44.94413],[-65.56868,-44.95305],[-65.56864,-44.96036],[-65.59381,-44.95749],[-65.59164,-44.96549],[-65.59887,-44.96558],[-65.59661,-44.97153],[-65.60239,-44.9714],[-65.60602,-44.97568],[-65.60525,-44.98262],[-65.59761,-44.98973],[-65.58915,-44.99043],[-65.59241,-44.99446],[-65.58433,-44.99978],[-65.58557,-45.00719],[-65.61382,-45.00026],[-65.62081,-45.0028],[-65.6249,-45.00937],[-65.6184,-45.01349],[-65.61962,-45.01642],[-65.60622,-45.0198],[-65.6036,-45.02602],[-65.60815,-45.02669],[-65.6065,-45.03032],[-65.60976,-45.03037],[-65.61067,-45.03432],[-65.63719,-45.03679],[-65.63664,-45.0404],[-65.64135,-45.04067],[-65.64577,-45.04609],[-65.64488,-45.05047],[-65.65288,-45.04733],[-65.65039,-45.04443],[-65.65288,-45.03951],[-65.65649,-45.03942],[-65.6596,-45.04397],[-65.69057,-45.04068],[-65.69747,-45.04898],[-65.69204,-45.04898],[-65.69082,-45.0535],[-65.6855,-45.05619],[-65.6872,-45.06154],[-65.69265,-45.06192],[-65.70065,-45.05506],[-65.69974,-45.04713],[-65.70379,-45.04486],[-65.71577,-45.04573],[-65.72247,-45.04197],[-65.73652,-45.04061],[-65.73681,-45.03163],[-65.73255,-45.02942],[-65.73972,-45.02424],[-65.75567,-45.02489],[-65.77033,-45.02132],[-65.7789,-45.02676],[-65.78244,-45.02488],[-65.78544,-45.0271],[-65.7987,-45.02448],[-65.80732,-45.01593],[-65.81572,-45.02124],[-65.81523,-45.02587],[-65.81263,-45.02837],[-65.80493,-45.02612],[-65.80212,-45.02799],[-65.80311,-45.03335],[-65.81151,-45.03494],[-65.81979,-45.04141],[-65.82873,-45.03939],[-65.83283,-45.03441],[-65.82435,-45.02744],[-65.82654,-45.02046],[-65.82413,-45.01564],[-65.83123,-45.00931],[-65.84862,-45.00259],[-65.87358,-45.00274],[-65.89344,-45.00929],[-65.89528,-45.0136],[-65.89016,-45.01938],[-65.89293,-45.02444],[-65.88502,-45.02901],[-65.8859,-45.03924],[-65.89366,-45.03879],[-65.89439,-45.03543],[-65.9001,-45.03375],[-65.91414,-45.03249],[-65.93129,-45.0495],[-65.94653,-45.04321],[-65.96282,-45.0433],[-65.99483,-45.0118],[-66.00242,-45.00711],[-66.01734,-45.0052],[-66.01617,-45.00338],[-66.04021,-45.00361],[-66.04215,-45.00097],[-66.05968,-45.00463],[-66.0626,-45.00073],[-66.05916,-44.9973],[-66.06201,-44.99455],[-66.06981,-44.99758],[-66.07087,-44.99093],[-66.08316,-44.99099],[-66.08283,-44.99741],[-66.09087,-44.99581],[-66.09589,-44.98952],[-66.1056,-44.99054],[-66.11956,-44.98614],[-66.12484,-44.98897],[-66.13005,-44.98589],[-66.14141,-44.99016],[-66.14516,-44.98743],[-66.14779,-44.98903],[-66.1435,-44.99175],[-66.1511,-44.99168],[-66.1506,-44.9945],[-66.15818,-44.99109],[-66.15978,-44.9842],[-66.16499,-44.98484],[-66.17326,-44.99685],[-66.17817,-44.99248],[-66.17745,-44.98875],[-66.19668,-44.9837],[-66.19828,-44.98798],[-66.2095,-44.99518],[-66.20861,-45.00234],[-66.21807,-45.00488],[-66.22006,-45.00852],[-66.22278,-45.00474],[-66.2299,-45.00696],[-66.23261,-45.01447],[-66.22759,-45.01743],[-66.22614,-45.02124],[-66.22889,-45.02413],[-66.22525,-45.0284],[-66.23433,-45.02759],[-66.23275,-45.02294],[-66.23645,-45.02123],[-66.24726,-45.02202],[-66.24674,-45.0252],[-66.25396,-45.02576],[-66.25345,-45.02883],[-66.26216,-45.03211],[-66.25978,-45.03642],[-66.26924,-45.0428],[-66.26852,-45.04663],[-66.28409,-45.05034],[-66.27734,-45.05531],[-66.28253,-45.05646],[-66.29348,-45.04659],[-66.30774,-45.05154],[-66.3083,-45.04732],[-66.31525,-45.04556],[-66.32038,-45.04812],[-66.32021,-45.05171],[-66.32579,-45.05235],[-66.32836,-45.04395],[-66.34534,-45.04447],[-66.36,-45.04045],[-66.3689,-45.0436],[-66.37368,-45.04987],[-66.37473,-45.05836],[-66.38874,-45.05291],[-66.39918,-45.05418],[-66.42345,-45.06999],[-66.44243,-45.07465],[-66.45441,-45.07389],[-66.47009,-45.0795],[-66.48135,-45.08693],[-66.48163,-45.0931],[-66.48833,-45.09312],[-66.49351,-45.09874],[-66.5099,-45.0968],[-66.51113,-45.09337],[-66.51715,-45.09695],[-66.53172,-45.11164],[-66.53483,-45.11914],[-66.53469,-45.13941],[-66.52283,-45.14954],[-66.51679,-45.14659],[-66.5066,-45.14752],[-66.50455,-45.14465],[-66.48845,-45.14802],[-66.46544,-45.14366],[-66.45987,-45.14662],[-66.46067,-45.14907],[-66.46752,-45.1541],[-66.46789,-45.16206],[-66.47305,-45.16423],[-66.48628,-45.16478],[-66.49221,-45.16157],[-66.49366,-45.16571],[-66.50727,-45.16536],[-66.5116,-45.15738],[-66.52179,-45.15683],[-66.5249,-45.15202],[-66.53474,-45.15082],[-66.54079,-45.15339],[-66.55134,-45.13977],[-66.55821,-45.14479],[-66.58489,-45.13945],[-66.59864,-45.14],[-66.60155,-45.14827],[-66.59063,-45.15792],[-66.58379,-45.15688],[-66.58511,-45.15985],[-66.59882,-45.16156],[-66.59367,-45.17185],[-66.58631,-45.17438],[-66.5746,-45.16834],[-66.56404,-45.17788],[-66.54296,-45.17871],[-66.53567,-45.17535],[-66.52749,-45.19261],[-66.5206,-45.19259],[-66.52268,-45.19507],[-66.51928,-45.19782],[-66.51369,-45.19719],[-66.51954,-45.2045],[-66.52476,-45.20538],[-66.517,-45.22112],[-66.51888,-45.22347],[-66.53535,-45.22088],[-66.53627,-45.22462],[-66.54312,-45.22553],[-66.55277,-45.22061],[-66.55135,-45.2157],[-66.56256,-45.21262],[-66.58035,-45.21235],[-66.58893,-45.21561],[-66.61121,-45.21248],[-66.63065,-45.21597],[-66.66637,-45.21234],[-66.70181,-45.2246],[-66.74797,-45.22322],[-66.76781,-45.22631],[-66.77958,-45.23166],[-66.79498,-45.22798],[-66.81939,-45.23499],[-66.84462,-45.2306],[-66.89495,-45.24385],[-66.95437,-45.26802],[-66.975,-45.28045],[-66.98518,-45.29063],[-67.01336,-45.30575],[-67.0576,-45.3409],[-67.06815,-45.35158],[-67.07561,-45.36761],[-67.09022,-45.37684],[-67.10487,-45.39607],[-67.13682,-45.42096],[-67.16969,-45.46357],[-67.20461,-45.50029],[-67.22163,-45.5275],[-67.24283,-45.53808],[-67.27676,-45.56272],[-67.30295,-45.5903],[-67.32516,-45.60551],[-67.34933,-45.62843],[-67.35949,-45.65038],[-67.36129,-45.66349],[-67.35893,-45.68167],[-67.36183,-45.69531],[-67.35572,-45.71023],[-67.34465,-45.71289],[-67.34251,-45.72338],[-67.34831,-45.72551],[-67.36045,-45.72364],[-67.37813,-45.733],[-67.3758,-45.75041],[-67.36779,-45.75465],[-67.37239,-45.76011],[-67.37359,-45.76936],[-67.36704,-45.77414],[-67.36504,-45.77975],[-67.36726,-45.78517],[-67.37644,-45.79107],[-67.38978,-45.78665],[-67.39999,-45.78833],[-67.4058,-45.79675],[-67.41938,-45.80284],[-67.42577,-45.81036],[-67.44209,-45.81687],[-67.4498,-45.81672],[-67.4593,-45.82493],[-67.46823,-45.84711],[-67.47503,-45.85336],[-67.47168,-45.86165],[-67.46394,-45.86283],[-67.4793,-45.86496],[-67.49227,-45.87412],[-67.49924,-45.87471],[-67.52164,-45.90245],[-67.54731,-45.91843],[-67.55435,-45.93031],[-67.55525,-45.94521],[-67.54822,-45.95371],[-67.53158,-45.95722],[-67.56492,-45.96226],[-67.5721,-45.9762],[-67.58291,-45.97787],[-67.58619,-45.98637],[-67.59041,-45.98669],[-67.59538,-46.00138],[-67.59328,-46.01879],[-67.58584,-46.02177],[-67.59754,-46.025],[-67.60189,-46.03505],[-67.60135,-46.04197],[-67.62386,-46.04763],[-67.62504,-46.05201],[-67.62486,-46.05944],[-67.61568,-46.06536],[-67.62401,-46.07123],[-67.62725,-46.08205],[-67.62696,-46.16746],[-67.61678,-46.22069],[-67.59306,-46.2953],[-67.57228,-46.34018],[-67.54118,-46.39571],[-67.51422,-46.43282],[-67.51448,-46.43692],[-67.49337,-46.46255],[-67.49425,-46.47076],[-67.4996,-46.47199],[-67.4988,-46.47429],[-67.49401,-46.47281],[-67.48392,-46.48191],[-67.48264,-46.48805],[-67.465,-46.50782],[-67.43812,-46.55158],[-67.40515,-46.57882],[-67.39524,-46.5933],[-67.35369,-46.6199],[-67.32884,-46.62916],[-67.25496,-46.64562],[-67.23284,-46.67324],[-67.20831,-46.68235],[-67.19762,-46.69013],[-67.1867,-46.69342],[-67.17449,-46.69066],[-67.17067,-46.69355],[-67.16247,-46.69329],[-67.15063,-46.70195],[-67.13636,-46.7048],[-67.12683,-46.71618],[-67.12368,-46.72639],[-67.1051,-46.74018],[-67.07417,-46.7761],[-67.05415,-46.78807],[-67.03063,-46.81306],[-66.9911,-46.83148],[-66.98239,-46.84428],[-66.97055,-46.85099],[-66.95592,-46.85227],[-66.9407,-46.86431],[-66.93736,-46.87323],[-66.92584,-46.88097],[-66.89938,-46.91203],[-66.88985,-46.91648],[-66.8817,-46.92864],[-66.87346,-46.93336],[-66.85889,-46.9327],[-66.8546,-46.94147],[-66.85682,-46.9469],[-66.78406,-47.00373],[-66.7508,-47.01911],[-66.70971,-47.03292],[-66.68491,-47.0337],[-66.67159,-47.02958],[-66.65768,-47.0302],[-66.64674,-47.04036],[-66.63415,-47.04484],[-66.61687,-47.04539],[-66.60058,-47.04044],[-66.54805,-47.0488],[-66.50825,-47.04101],[-66.35082,-47.06852],[-66.30332,-47.07254],[-66.29478,-47.07054],[-66.19555,-47.08739],[-66.16018,-47.08165],[-66.10403,-47.08536],[-66.07787,-47.07624],[-66.04059,-47.07143],[-65.98466,-47.07488],[-65.97695,-47.07149],[-65.9566,-47.07689],[-65.94305,-47.07621],[-65.93373,-47.08428],[-65.90019,-47.09603],[-65.87128,-47.09612],[-65.86322,-47.10671],[-65.85085,-47.11074],[-65.84726,-47.1316],[-65.84018,-47.13973],[-65.8084,-47.15718],[-65.79951,-47.16689],[-65.75149,-47.19832],[-65.73509,-47.2014],[-65.73738,-47.20558],[-65.7352,-47.21076],[-65.7401,-47.2109],[-65.74069,-47.20781],[-65.75178,-47.21114],[-65.75641,-47.22436],[-65.74517,-47.24719],[-65.74271,-47.26162],[-65.73303,-47.27853],[-65.71684,-47.3338],[-65.72438,-47.37773],[-65.72444,-47.41569],[-65.73066,-47.45529],[-65.73702,-47.47591],[-65.73889,-47.51176],[-65.74971,-47.53049],[-65.7655,-47.58243],[-65.77631,-47.59679],[-65.7926,-47.63897],[-65.84321,-47.73261],[-65.84467,-47.7454],[-65.8514,-47.74677],[-65.85274,-47.75059],[-65.87722,-47.75305],[-65.89809,-47.75907],[-65.91633,-47.75206],[-65.93539,-47.75273],[-65.94163,-47.74885],[-65.97153,-47.74642],[-65.98384,-47.74225],[-65.99927,-47.74595],[-66.01608,-47.74173],[-66.03267,-47.74422],[-66.05101,-47.75609],[-66.0568,-47.76805],[-66.06137,-47.76791],[-66.0666,-47.78305],[-66.08302,-47.78205],[-66.08304,-47.78513],[-66.09378,-47.79387],[-66.12153,-47.80842],[-66.14011,-47.80952],[-66.16061,-47.8176],[-66.18377,-47.81881],[-66.19688,-47.82285],[-66.25185,-47.8529],[-66.25965,-47.86027],[-66.27091,-47.86349],[-66.25733,-47.86073],[-66.24781,-47.85345],[-66.18516,-47.82859],[-66.13632,-47.8161],[-66.12668,-47.81841],[-66.1136,-47.81386],[-66.09421,-47.81337],[-66.07632,-47.80663],[-66.05247,-47.79411],[-66.05018,-47.79083],[-66.0533,-47.78617],[-66.05005,-47.78301],[-66.05135,-47.77688],[-66.03855,-47.76783],[-66.01529,-47.76544],[-66.0028,-47.76101],[-65.98986,-47.76094],[-65.9879,-47.76664],[-65.94026,-47.75825],[-65.93277,-47.76037],[-65.93113,-47.76502],[-65.91041,-47.76183],[-65.88044,-47.7631],[-65.87597,-47.76488],[-65.88024,-47.76657],[-65.89441,-47.76467],[-65.89667,-47.76769],[-65.8786,-47.77456],[-65.88422,-47.77647],[-65.88471,-47.78184],[-65.87918,-47.7989],[-65.87002,-47.80196],[-65.87477,-47.80518],[-65.87417,-47.8116],[-65.86696,-47.8223],[-65.8584,-47.87124],[-65.84129,-47.89615],[-65.83354,-47.89391],[-65.82265,-47.90405],[-65.79474,-47.90268],[-65.76219,-47.91463],[-65.76474,-47.91957],[-65.78479,-47.92344],[-65.79056,-47.93111],[-65.78675,-47.93506],[-65.79045,-47.9365],[-65.78651,-47.9448],[-65.76759,-47.94425],[-65.76406,-47.94946],[-65.76837,-47.95179],[-65.79661,-47.95162],[-65.80707,-47.96137],[-65.81949,-47.95811],[-65.83132,-47.96513],[-65.83086,-47.96014],[-65.83634,-47.95898],[-65.83697,-47.96358],[-65.84179,-47.9609],[-65.83876,-47.94405],[-65.84375,-47.9411],[-65.85929,-47.93892],[-65.86921,-47.94585],[-65.87101,-47.93708],[-65.87811,-47.93435],[-65.89859,-47.93216],[-65.91755,-47.93668],[-65.9397,-47.95381],[-65.9505,-47.97585],[-65.94961,-47.98023],[-65.94352,-47.98397],[-65.94169,-47.98222],[-65.93744,-47.98798],[-65.92864,-47.98769],[-65.9272,-47.9926],[-65.92744,-47.99696],[-65.9408,-48.00328],[-65.94176,-48.00685],[-65.93289,-48.0122],[-65.93355,-48.0168],[-65.94691,-48.01672],[-65.94675,-48.0139],[-65.95374,-48.01577],[-65.95587,-48.01956],[-65.94676,-48.02417],[-65.94719,-48.02825],[-65.93979,-48.02921],[-65.94247,-48.03273],[-65.95184,-48.03276],[-65.95642,-48.0393],[-65.97425,-48.04679],[-65.97484,-48.05036],[-65.98462,-48.04742],[-65.98828,-48.0513],[-65.99151,-48.04762],[-66.00264,-48.04772],[-66.00711,-48.05964],[-66.00082,-48.06922],[-65.97793,-48.0708],[-65.97767,-48.06619],[-65.96976,-48.06511],[-65.97675,-48.05698],[-65.98455,-48.05627],[-65.98056,-48.05328],[-65.96739,-48.05389],[-65.96255,-48.06273],[-65.94789,-48.07401],[-65.90924,-48.08089],[-65.90302,-48.07913],[-65.90476,-48.08626],[-65.89831,-48.09053],[-65.90465,-48.09447],[-65.89748,-48.09619],[-65.89553,-48.10253],[-65.90158,-48.10109],[-65.90434,-48.09576],[-65.90781,-48.09619],[-65.90963,-48.10127],[-65.91506,-48.09908],[-65.91631,-48.1111],[-65.92544,-48.11678],[-65.93859,-48.11233],[-65.94198,-48.11814],[-65.93679,-48.12097],[-65.94372,-48.12156],[-65.94661,-48.11854],[-65.94342,-48.11299],[-65.95223,-48.10301],[-65.9743,-48.10064],[-66.00224,-48.10721],[-66.00512,-48.10382],[-66.01007,-48.10421],[-66.01549,-48.10986],[-66.02658,-48.1099],[-66.02989,-48.10575],[-66.04863,-48.10623],[-66.05719,-48.11043],[-66.05656,-48.1149],[-66.07979,-48.11037],[-66.09831,-48.11468],[-66.12261,-48.12529],[-66.12852,-48.13275],[-66.12842,-48.13789],[-66.13833,-48.13889],[-66.13551,-48.14831],[-66.14131,-48.16102],[-66.16407,-48.17236],[-66.16512,-48.1811],[-66.15711,-48.18039],[-66.15504,-48.18649],[-66.15808,-48.19042],[-66.16706,-48.19449],[-66.19428,-48.19477],[-66.20184,-48.19688],[-66.20467,-48.2013],[-66.22618,-48.20067],[-66.24605,-48.21641],[-66.25545,-48.21997],[-66.25673,-48.22846],[-66.26263,-48.23296],[-66.26212,-48.23885],[-66.27692,-48.24202],[-66.28341,-48.25012],[-66.29485,-48.25155],[-66.31294,-48.26543],[-66.32618,-48.2692],[-66.33908,-48.27963],[-66.34277,-48.29382],[-66.3557,-48.30387],[-66.35971,-48.3155],[-66.35798,-48.32673],[-66.34825,-48.3437],[-66.33716,-48.34959],[-66.34107,-48.35238],[-66.34915,-48.35231],[-66.35636,-48.36158],[-66.36139,-48.36118],[-66.36279,-48.35647],[-66.36752,-48.35414],[-66.39969,-48.34962],[-66.45066,-48.35358],[-66.46947,-48.36207],[-66.4769,-48.37147],[-66.47673,-48.3748],[-66.46712,-48.38228],[-66.46727,-48.38717],[-66.47482,-48.39399],[-66.47481,-48.39808],[-66.46722,-48.39972],[-66.49097,-48.40998],[-66.49483,-48.41776],[-66.52763,-48.4168],[-66.54039,-48.42362],[-66.58005,-48.42407],[-66.64516,-48.43235],[-66.66192,-48.43654],[-66.68115,-48.44603],[-66.68392,-48.45288],[-66.72137,-48.46004],[-66.75429,-48.47415],[-66.757,-48.48266],[-66.76599,-48.48899],[-66.77172,-48.49884],[-66.79233,-48.50399],[-66.81618,-48.5147],[-66.83791,-48.52987],[-66.84334,-48.53868],[-66.8426,-48.54699],[-66.85843,-48.55614],[-66.87293,-48.57436],[-66.86968,-48.58712],[-66.87633,-48.59467],[-66.92202,-48.60679],[-66.958,-48.60628],[-66.9879,-48.61296],[-67.01903,-48.62748],[-67.02401,-48.63398],[-67.02137,-48.637],[-67.03539,-48.64442],[-67.0645,-48.65235],[-67.08257,-48.66547],[-67.13097,-48.68627],[-67.14118,-48.69823],[-67.13988,-48.7123],[-67.14713,-48.72602],[-67.15229,-48.74918],[-67.18689,-48.77357],[-67.1935,-48.78419],[-67.194,-48.79138],[-67.19122,-48.79338],[-67.19778,-48.80528],[-67.19319,-48.81367],[-67.20988,-48.82495],[-67.2216,-48.83975],[-67.23843,-48.84693],[-67.24385,-48.85317],[-67.28267,-48.85978],[-67.33037,-48.8742],[-67.42303,-48.91883],[-67.4769,-48.95109],[-67.49289,-48.9631],[-67.49744,-48.97368],[-67.51586,-48.98954],[-67.5523,-49.01591],[-67.57532,-49.0426],[-67.59237,-49.08793],[-67.6003,-49.09726],[-67.6001,-49.10444],[-67.6195,-49.11595],[-67.63458,-49.13561],[-67.63688,-49.14461],[-67.63342,-49.15662],[-67.61434,-49.16101],[-67.61756,-49.16464],[-67.61048,-49.18019],[-67.61595,-49.18742],[-67.63562,-49.19741],[-67.64385,-49.19661],[-67.66363,-49.20338],[-67.66986,-49.21883],[-67.67452,-49.22042],[-67.66713,-49.24059],[-67.66986,-49.24806],[-67.67845,-49.24893],[-67.69638,-49.26733],[-67.72684,-49.27113],[-67.74236,-49.27682],[-67.73715,-49.28932],[-67.71998,-49.30143],[-67.72107,-49.30478],[-67.71479,-49.31266],[-67.71736,-49.3191],[-67.72326,-49.3184],[-67.72494,-49.31431],[-67.72968,-49.31295],[-67.74559,-49.31941],[-67.76697,-49.31913],[-67.77291,-49.3247],[-67.77918,-49.32515],[-67.78411,-49.33213],[-67.79269,-49.33401],[-67.79105,-49.33681],[-67.79792,-49.33714],[-67.79728,-49.34688],[-67.78729,-49.34652],[-67.78854,-49.3673],[-67.78478,-49.36828],[-67.77983,-49.37797],[-67.7731,-49.38034],[-67.80788,-49.38724],[-67.80662,-49.39043],[-67.79565,-49.38967],[-67.80021,-49.39562],[-67.7704,-49.39466],[-67.76389,-49.38754],[-67.74024,-49.39101],[-67.71482,-49.38675],[-67.69825,-49.37477],[-67.69257,-49.36676],[-67.69126,-49.35701],[-67.68379,-49.35026],[-67.68543,-49.33284],[-67.70093,-49.3102],[-67.69728,-49.30747],[-67.68396,-49.30706],[-67.67508,-49.3017],[-67.67467,-49.27324],[-67.66567,-49.2657],[-67.66982,-49.25678],[-67.66812,-49.25458],[-67.64027,-49.25618],[-67.63645,-49.25254],[-67.61303,-49.2497],[-67.60867,-49.27247],[-67.60465,-49.276],[-67.60369,-49.29625],[-67.60715,-49.30551],[-67.62201,-49.32826],[-67.63106,-49.35554],[-67.66158,-49.39486],[-67.6824,-49.46074],[-67.68838,-49.48721],[-67.68867,-49.50593],[-67.69843,-49.53116],[-67.70748,-49.6133],[-67.70999,-49.62307],[-67.72026,-49.63805],[-67.71664,-49.65544],[-67.7209,-49.67369],[-67.71632,-49.68261],[-67.71547,-49.69978],[-67.72153,-49.72497],[-67.72044,-49.73622],[-67.7246,-49.75884],[-67.73205,-49.7843],[-67.7517,-49.82066],[-67.75944,-49.82792],[-67.78571,-49.87075],[-67.79297,-49.88954],[-67.83327,-49.9379],[-67.83703,-49.94664],[-67.8584,-49.96685],[-67.89673,-49.99388],[-67.9573,-50.02469],[-67.98752,-50.04444],[-68.0443,-50.07158],[-68.16469,-50.11083],[-68.23866,-50.12106],[-68.32515,-50.12366],[-68.33831,-50.12322],[-68.35313,-50.11831],[-68.36363,-50.09299],[-68.40114,-50.07244],[-68.40259,-50.06808],[-68.41986,-50.05586],[-68.42356,-50.04614],[-68.44293,-50.02393],[-68.45805,-49.98837],[-68.47416,-49.96922],[-68.48931,-49.96416],[-68.49483,-49.95009],[-68.50805,-49.93989],[-68.52471,-49.94112],[-68.5323,-49.93641],[-68.53435,-49.92989],[-68.5314,-49.92743],[-68.54199,-49.91953],[-68.54423,-49.91389],[-68.54238,-49.90005],[-68.55455,-49.89227],[-68.55201,-49.88701],[-68.55681,-49.88421],[-68.56171,-49.86859],[-68.5959,-49.83436],[-68.60546,-49.82902],[-68.61636,-49.80316],[-68.62512,-49.79883],[-68.62517,-49.79037],[-68.65224,-49.77021],[-68.6661,-49.76935],[-68.67309,-49.76078],[-68.6832,-49.75607],[-68.68954,-49.75621],[-68.69629,-49.752],[-68.70697,-49.75267],[-68.7161,-49.74757],[-68.71613,-49.74116],[-68.71891,-49.73988],[-68.71729,-49.74783],[-68.70815,-49.75319],[-68.69668,-49.75277],[-68.68281,-49.75696],[-68.6657,-49.77037],[-68.64866,-49.77276],[-68.63374,-49.78399],[-68.6335,-49.78938],[-68.62991,-49.79065],[-68.63286,-49.79527],[-68.6205,-49.80625],[-68.6203,-49.83188],[-68.59624,-49.86487],[-68.59492,-49.88076],[-68.58247,-49.89892],[-68.58479,-49.90584],[-68.5792,-49.90967],[-68.5799,-49.91993],[-68.57201,-49.9372],[-68.59663,-49.93754],[-68.62633,-49.94828],[-68.64769,-49.96078],[-68.68978,-49.96628],[-68.70606,-49.96657],[-68.72517,-49.96253],[-68.81534,-49.96988],[-68.83602,-49.96594],[-68.86702,-49.96534],[-68.89363,-49.96998],[-68.90316,-49.97499],[-68.90949,-49.99268],[-68.93095,-49.99897],[-68.96395,-50.00078],[-68.99179,-50.00603],[-69.00134,-50.01117],[-69.00252,-50.02219],[-69.01109,-50.04398],[-69.03796,-50.04692],[-69.07858,-50.05805],[-69.08816,-50.07138],[-69.085,-50.08753],[-69.0892,-50.09649],[-69.11337,-50.12159],[-69.16398,-50.11653],[-69.17655,-50.12048],[-69.18517,-50.13124],[-69.19675,-50.13571],[-69.20273,-50.13595],[-69.22104,-50.12746],[-69.23459,-50.12615],[-69.25298,-50.13304],[-69.29445,-50.13576],[-69.30917,-50.13123],[-69.31628,-50.11981],[-69.33142,-50.11784],[-69.34294,-50.11243],[-69.36205,-50.10941],[-69.37643,-50.11322],[-69.39396,-50.11252],[-69.39607,-50.10226],[-69.4038,-50.09711],[-69.40535,-50.09223],[-69.42084,-50.08692],[-69.42682,-50.0869],[-69.46282,-50.10189],[-69.49103,-50.09331],[-69.53609,-50.09696],[-69.54402,-50.09295],[-69.54527,-50.08064],[-69.54861,-50.07678],[-69.55969,-50.07057],[-69.62731,-50.06395],[-69.63499,-50.07288],[-69.64774,-50.07319],[-69.65232,-50.08726],[-69.67692,-50.09481],[-69.68143,-50.10376],[-69.67887,-50.10672],[-69.66556,-50.10872],[-69.66345,-50.11386],[-69.67508,-50.11969],[-69.67455,-50.12457],[-69.66352,-50.13385],[-69.66418,-50.13769],[-69.68124,-50.14656],[-69.68162,-50.15887],[-69.69528,-50.16583],[-69.72357,-50.16297],[-69.72781,-50.17935],[-69.73553,-50.18775],[-69.74589,-50.18679],[-69.75433,-50.18995],[-69.75619,-50.1948],[-69.78254,-50.20629],[-69.79368,-50.20365],[-69.81174,-50.20891],[-69.82033,-50.1977],[-69.84144,-50.19447],[-69.84453,-50.1883],[-69.85954,-50.17947],[-69.87583,-50.17512],[-69.88427,-50.17826],[-69.88848,-50.19028],[-69.90505,-50.19015],[-69.90619,-50.17681],[-69.91571,-50.17341],[-69.93453,-50.17659],[-69.94041,-50.17115],[-69.95389,-50.16669],[-69.95812,-50.15897],[-69.96405,-50.15597],[-70.02728,-50.16478],[-70.03159,-50.17038],[-70.03268,-50.18396],[-70.06429,-50.19636],[-70.07807,-50.18765],[-70.06792,-50.19812],[-70.0563,-50.19605],[-70.03054,-50.1868],[-70.02878,-50.16964],[-70.0245,-50.16558],[-69.98052,-50.16173],[-69.96805,-50.15722],[-69.96171,-50.15894],[-69.95826,-50.16563],[-69.9444,-50.17112],[-69.93655,-50.17785],[-69.91019,-50.17729],[-69.90726,-50.18065],[-69.90785,-50.19064],[-69.90095,-50.19492],[-69.88569,-50.19056],[-69.88187,-50.17828],[-69.87626,-50.17691],[-69.85957,-50.18152],[-69.84266,-50.19575],[-69.82076,-50.19949],[-69.81576,-50.21016],[-69.80131,-50.20642],[-69.78096,-50.20758],[-69.76645,-50.19896],[-69.75402,-50.19584],[-69.75195,-50.19099],[-69.74632,-50.18859],[-69.73475,-50.18905],[-69.7252,-50.17834],[-69.72382,-50.16579],[-69.71799,-50.16339],[-69.70089,-50.16709],[-69.68369,-50.16372],[-69.67842,-50.15812],[-69.67864,-50.14555],[-69.66581,-50.14089],[-69.66074,-50.13464],[-69.67311,-50.12098],[-69.66105,-50.11413],[-69.66198,-50.10925],[-69.67943,-50.103],[-69.67392,-50.09432],[-69.65154,-50.08906],[-69.64737,-50.07524],[-69.62942,-50.07329],[-69.62614,-50.066],[-69.55972,-50.07288],[-69.54944,-50.07921],[-69.54622,-50.09371],[-69.53452,-50.09876],[-69.49383,-50.09484],[-69.46044,-50.10318],[-69.42564,-50.08844],[-69.41131,-50.09042],[-69.39827,-50.10277],[-69.39438,-50.11431],[-69.35012,-50.11241],[-69.31669,-50.12147],[-69.31217,-50.13096],[-69.29288,-50.13756],[-69.26811,-50.13351],[-69.25497,-50.13483],[-69.23141,-50.12795],[-69.22064,-50.12913],[-69.20433,-50.13775],[-69.19516,-50.13725],[-69.18557,-50.13355],[-69.17276,-50.11973],[-69.16798,-50.11884],[-69.11138,-50.12249],[-69.10579,-50.11981],[-69.08162,-50.09317],[-69.07961,-50.07856],[-69.08278,-50.06728],[-69.0738,-50.05806],[-69.05548,-50.05666],[-69.03597,-50.04936],[-69.01446,-50.04834],[-68.99994,-50.03373],[-68.9902,-50.00938],[-68.96118,-50.00514],[-68.94048,-50.00911],[-68.92895,-50.00564],[-68.90511,-49.99575],[-68.89959,-49.97845],[-68.88329,-49.97202],[-68.86383,-49.96931],[-68.83719,-49.97209],[-68.81729,-49.9804],[-68.7871,-49.97599],[-68.7537,-49.97733],[-68.72902,-49.98432],[-68.66853,-49.99391],[-68.64588,-49.99064],[-68.6122,-49.97746],[-68.594,-49.96676],[-68.58329,-49.96467],[-68.56732,-49.97294],[-68.54482,-49.99849],[-68.51061,-50.01962],[-68.51606,-50.03272],[-68.51304,-50.05475],[-68.5,-50.06444],[-68.50191,-50.07162],[-68.49824,-50.08058],[-68.48095,-50.09498],[-68.4533,-50.10998],[-68.41097,-50.1158],[-68.39801,-50.13149],[-68.38687,-50.13003],[-68.35725,-50.13807],[-68.35487,-50.1519],[-68.36268,-50.16476],[-68.41008,-50.18769],[-68.52835,-50.21861],[-68.53151,-50.22234],[-68.57417,-50.23224],[-68.66308,-50.26098],[-68.66669,-50.2592],[-68.67545,-50.26461],[-68.73235,-50.27948],[-68.73312,-50.28334],[-68.73852,-50.28503],[-68.77451,-50.28906],[-68.80125,-50.30167],[-68.80844,-50.30886],[-68.85242,-50.32059],[-68.8798,-50.33561],[-68.87857,-50.34715],[-68.88437,-50.35074],[-68.88095,-50.35997],[-68.88596,-50.3583],[-68.90598,-50.36332],[-68.97327,-50.42282],[-68.98489,-50.43564],[-69.00275,-50.46614],[-69.0343,-50.49561],[-69.03974,-50.51304],[-69.04981,-50.53046],[-69.07861,-50.56543],[-69.08107,-50.59221],[-69.0916,-50.62322],[-69.11123,-50.6601],[-69.11992,-50.66779],[-69.12479,-50.67752],[-69.12929,-50.70341],[-69.13862,-50.71852],[-69.14087,-50.72877],[-69.13845,-50.76515],[-69.13057,-50.80054],[-69.12827,-50.84514],[-69.12836,-50.87846],[-69.13329,-50.89998],[-69.15055,-50.91316],[-69.16514,-50.91339],[-69.17327,-50.91761],[-69.21638,-50.94753],[-69.22212,-50.95853],[-69.26395,-50.96447],[-69.30569,-50.98397],[-69.33042,-51.00979],[-69.35042,-51.02204],[-69.35536,-51.03073],[-69.37287,-51.0349],[-69.37697,-51.03887],[-69.37291,-51.03952],[-69.36839,-51.03377],[-69.36473,-51.03327],[-69.36415,-51.03686],[-69.37792,-51.05552],[-69.38527,-51.05973],[-69.39479,-51.08033],[-69.40706,-51.08605],[-69.42414,-51.08522],[-69.43724,-51.0935],[-69.42335,-51.0874],[-69.40629,-51.0917],[-69.3826,-51.08114],[-69.36947,-51.06631],[-69.31191,-51.03624],[-69.29964,-51.02346],[-69.28822,-51.01682],[-69.26259,-51.00996],[-69.20804,-50.98599],[-69.20375,-50.9824],[-69.20596,-50.97625],[-69.195,-50.9746],[-69.17227,-50.97733],[-69.1666,-50.98067],[-69.1559,-50.99657],[-69.15111,-51.02477],[-69.13983,-51.05732],[-69.13745,-51.07707],[-69.11203,-51.15834],[-69.07911,-51.22346],[-68.99543,-51.4531],[-68.95064,-51.53023],[-68.95187,-51.53433],[-68.94609,-51.55329],[-68.95882,-51.57252],[-68.97547,-51.5824],[-68.98123,-51.58175],[-68.98267,-51.5756],[-68.9948,-51.56432],[-69.01248,-51.56073],[-69.03962,-51.56163],[-69.05813,-51.567],[-69.07212,-51.57506],[-69.08922,-51.59197],[-69.11248,-51.60027],[-69.13718,-51.60358],[-69.18324,-51.59596],[-69.21119,-51.58797],[-69.24301,-51.57714],[-69.25017,-51.57123],[-69.28999,-51.55922],[-69.30438,-51.55842],[-69.32077,-51.55248],[-69.34544,-51.5519],[-69.38946,-51.55727],[-69.41423,-51.56897],[-69.43687,-51.57132],[-69.47936,-51.58384],[-69.49295,-51.58469],[-69.51483,-51.59177],[-69.52314,-51.59903],[-69.53177,-51.59835],[-69.5851,-51.61732],[-69.57522,-51.61775],[-69.5723,-51.61392],[-69.5583,-51.61425],[-69.54712,-51.60828],[-69.53354,-51.60861],[-69.49642,-51.60133],[-69.45038,-51.60677],[-69.39759,-51.59402],[-69.35105,-51.58699],[-69.32637,-51.58732],[-69.29886,-51.59559],[-69.24952,-51.60224],[-69.20227,-51.61822],[-69.19487,-51.62413],[-69.19532,-51.62784],[-69.18708,-51.62875],[-69.18545,-51.63209],[-69.16448,-51.64211],[-69.15998,-51.65006],[-69.22523,-51.68198],[-69.24541,-51.67913],[-69.24502,-51.68373],[-69.24133,-51.68452],[-69.24405,-51.69476],[-69.23642,-51.6949],[-69.20589,-51.69086],[-69.18487,-51.69167],[-69.14236,-51.68058],[-69.12296,-51.67073],[-69.08833,-51.66526],[-69.05411,-51.64951],[-69.04587,-51.64888],[-69.04381,-51.64555],[-69.01539,-51.63761],[-69.023,-51.62531],[-69.01991,-51.61455],[-69.0127,-51.60763],[-68.97833,-51.61506],[-68.9668,-51.62146],[-68.95733,-51.62787],[-68.92077,-51.69371],[-68.8504,-51.77871],[-68.75709,-51.92103],[-68.71762,-51.97116],[-68.58924,-52.10378],[-68.42106,-52.254],[-68.3588,-52.31543],[-68.35177,-52.32436],[-68.35411,-52.33565],[-68.38664,-52.3576],[-68.40931,-52.38385],[-68.41724,-52.38568],[-68.41863,-52.33248],[-68.57348,-52.32518],[-68.58602,-52.3067],[-68.70973,-52.28551],[-68.838,-52.27774],[-68.98688,-52.20358],[-69.07861,-52.18512],[-69.19014,-52.15045],[-69.4863,-52.15163],[-69.9955,-52.00072],[-71.92254,-51.99994],[-71.93059,-51.99137],[-71.9536,-51.98804],[-71.95531,-51.97942],[-71.96216,-51.97781],[-71.96587,-51.97198],[-72.00378,-51.97921],[-72.01794,-51.97026],[-72.02922,-51.96755],[-72.03404,-51.96079],[-72.0285,-51.95646],[-71.98861,-51.94105],[-71.96842,-51.92647],[-71.94812,-51.91949],[-71.94527,-51.91481],[-71.93209,-51.91998],[-71.929,-51.91369],[-71.93854,-51.90827],[-71.94303,-51.89435],[-71.94128,-51.88588],[-71.9475,-51.87965],[-71.94795,-51.87436],[-71.95752,-51.86728],[-71.96702,-51.86487],[-71.98846,-51.84134],[-72.02574,-51.80882],[-72.0629,-51.78521],[-72.07692,-51.78318],[-72.07667,-51.77314],[-72.11074,-51.76899],[-72.11934,-51.75313],[-72.12348,-51.75168],[-72.12115,-51.74474],[-72.15194,-51.74593],[-72.16012,-51.74145],[-72.1807,-51.73758],[-72.18436,-51.73562],[-72.17039,-51.73196],[-72.16075,-51.72744],[-72.16145,-51.72534],[-72.16771,-51.72228],[-72.18931,-51.72142],[-72.19949,-51.71319],[-72.23029,-51.70274],[-72.24429,-51.70552],[-72.24757,-51.69933],[-72.26857,-51.70519],[-72.27807,-51.70487],[-72.2959,-51.70005],[-72.30069,-51.68739],[-72.29135,-51.67869],[-72.28758,-51.66953],[-72.29056,-51.66273],[-72.28789,-51.65313],[-72.2966,-51.64616],[-72.28367,-51.63892],[-72.287,-51.63275],[-72.2962,-51.63043],[-72.30107,-51.63247],[-72.31779,-51.62676],[-72.3234,-51.59221],[-72.32693,-51.58741],[-72.33826,-51.5841],[-72.37323,-51.58881],[-72.37489,-51.58501],[-72.38193,-51.58553],[-72.38088,-51.59139],[-72.38474,-51.59461],[-72.39034,-51.5944],[-72.39189,-51.59064],[-72.39958,-51.58768],[-72.44125,-51.58515],[-72.42564,-51.54628],[-72.41922,-51.54507],[-72.40818,-51.53402],[-72.39438,-51.52789],[-72.39334,-51.52349],[-72.40583,-51.52016],[-72.40562,-51.51388],[-72.39049,-51.51503],[-72.37576,-51.52242],[-72.35933,-51.52567],[-72.34738,-51.52165],[-72.34476,-51.52018],[-72.35391,-51.49321],[-72.35101,-51.48426],[-72.3459,-51.47715],[-72.32454,-51.47593],[-72.32771,-51.4656],[-72.33741,-51.45793],[-72.34088,-51.44937],[-72.33817,-51.42448],[-72.32199,-51.40635],[-72.31052,-51.40392],[-72.31279,-51.39476],[-72.30954,-51.38847],[-72.30876,-51.36611],[-72.32576,-51.34582],[-72.33117,-51.34439],[-72.33931,-51.34984],[-72.34816,-51.34992],[-72.35068,-51.34336],[-72.36906,-51.34247],[-72.36296,-51.32222],[-72.35761,-51.31814],[-72.32665,-51.31436],[-72.3226,-51.30952],[-72.30754,-51.30739],[-72.30641,-51.30162],[-72.31056,-51.29751],[-72.30647,-51.29322],[-72.29567,-51.28823],[-72.26981,-51.28372],[-72.26357,-51.27327],[-72.26658,-51.27131],[-72.26502,-51.26059],[-72.2592,-51.25267],[-72.25866,-51.24417],[-72.28744,-51.22434],[-72.30327,-51.20154],[-72.31351,-51.20917],[-72.32182,-51.21071],[-72.34765,-51.20394],[-72.34952,-51.18889],[-72.35388,-51.18095],[-72.35946,-51.1807],[-72.36175,-51.17464],[-72.35963,-51.16923],[-72.3628,-51.16526],[-72.37609,-51.16064],[-72.39499,-51.1452],[-72.40184,-51.13389],[-72.40845,-51.10715],[-72.40308,-51.09216],[-72.38985,-51.08362],[-72.37618,-51.07998],[-72.37417,-51.02321],[-72.35997,-51.02317],[-72.35563,-51.02888],[-72.32913,-51.02597],[-72.29804,-51.03148],[-72.2791,-51.02918],[-72.27249,-51.03503],[-72.26562,-51.03496],[-72.267,-50.965],[-72.26408,-50.95284],[-72.25882,-50.94813],[-72.26383,-50.94261],[-72.25727,-50.9257],[-72.25879,-50.91819],[-72.25349,-50.91572],[-72.24659,-50.90492],[-72.24724,-50.89698],[-72.25603,-50.88908],[-72.24767,-50.87738],[-72.2571,-50.8737],[-72.26768,-50.86205],[-72.25989,-50.83693],[-72.26857,-50.83097],[-72.26808,-50.82656],[-72.29576,-50.79094],[-72.32566,-50.76983],[-72.32978,-50.76276],[-72.33738,-50.76289],[-72.34901,-50.75443],[-72.34702,-50.72999],[-72.33717,-50.71921],[-72.31897,-50.71658],[-72.31169,-50.7082],[-72.30077,-50.70683],[-72.29789,-50.68197],[-72.29017,-50.67184],[-72.28611,-50.65924],[-72.29865,-50.65196],[-72.31899,-50.65384],[-72.33814,-50.65004],[-72.34019,-50.63309],[-72.35135,-50.61872],[-72.35815,-50.61677],[-72.40488,-50.63678],[-72.41448,-50.63205],[-72.4152,-50.6203],[-72.42606,-50.61686],[-72.45398,-50.6176],[-72.48144,-50.60176],[-72.49048,-50.60062],[-72.49886,-50.60514],[-72.50347,-50.61313],[-72.54563,-50.62065],[-72.55265,-50.63557],[-72.56265,-50.64372],[-72.56253,-50.64694],[-72.57548,-50.64727],[-72.57533,-50.65149],[-72.5799,-50.65437],[-72.58129,-50.66755],[-72.57637,-50.67853],[-72.59544,-50.68174],[-72.61344,-50.67515],[-72.61428,-50.66515],[-72.62554,-50.65803],[-72.64403,-50.65465],[-72.65657,-50.66355],[-72.66851,-50.65886],[-72.6818,-50.64245],[-72.6934,-50.64874],[-72.71877,-50.628],[-72.72724,-50.61433],[-72.73428,-50.61609],[-72.73925,-50.62631],[-72.78741,-50.6325],[-72.82018,-50.64892],[-72.83295,-50.65301],[-72.85077,-50.65288],[-72.87524,-50.66962],[-72.89232,-50.67048],[-72.90303,-50.68516],[-72.90685,-50.69751],[-72.91582,-50.70236],[-72.93447,-50.70335],[-72.94089,-50.70686],[-72.93936,-50.71045],[-72.94391,-50.71702],[-72.94365,-50.72259],[-72.95527,-50.74128],[-72.96402,-50.73967],[-72.98138,-50.74435],[-72.98521,-50.75186],[-73.00075,-50.75753],[-73.00311,-50.76361],[-73.03183,-50.75863],[-73.04324,-50.76215],[-73.06971,-50.7892],[-73.09598,-50.77277],[-73.10115,-50.776],[-73.14553,-50.7819],[-73.16944,-50.80111],[-73.19164,-50.81119],[-73.20097,-50.82023],[-73.20028,-50.81139],[-73.14972,-50.76778],[-73.14968,-50.76513],[-73.1668,-50.75808],[-73.18127,-50.75982],[-73.18405,-50.75823],[-73.17927,-50.74914],[-73.19817,-50.74025],[-73.18603,-50.72575],[-73.18846,-50.72283],[-73.18389,-50.71743],[-73.18205,-50.70677],[-73.17188,-50.70254],[-73.17375,-50.69607],[-73.16521,-50.68649],[-73.16613,-50.68149],[-73.16117,-50.67314],[-73.15095,-50.66784],[-73.15334,-50.65826],[-73.14549,-50.651],[-73.1696,-50.63978],[-73.19361,-50.61528],[-73.22113,-50.6072],[-73.23633,-50.60981],[-73.23469,-50.60111],[-73.24264,-50.59441],[-73.2864,-50.58961],[-73.29976,-50.57409],[-73.3328,-50.57035],[-73.33122,-50.56187],[-73.34006,-50.55317],[-73.3528,-50.54732],[-73.35939,-50.53682],[-73.38613,-50.51644],[-73.3644,-50.50624],[-73.36281,-50.48952],[-73.3666,-50.4872],[-73.43233,-50.48311],[-73.40761,-50.46773],[-73.4034,-50.45192],[-73.4092,-50.446],[-73.42122,-50.44332],[-73.41902,-50.42964],[-73.43312,-50.42671],[-73.4388,-50.42189],[-73.43819,-50.41732],[-73.44429,-50.4084],[-73.4562,-50.40053],[-73.45351,-50.39412],[-73.48513,-50.3835],[-73.48171,-50.3702],[-73.47432,-50.3655],[-73.47481,-50.355],[-73.46962,-50.3445],[-73.48043,-50.3257],[-73.48604,-50.31893],[-73.49672,-50.31819],[-73.50112,-50.31471],[-73.5082,-50.30672],[-73.51412,-50.29109],[-73.54122,-50.28713],[-73.55263,-50.27571],[-73.56514,-50.27071],[-73.56441,-50.25582],[-73.5497,-50.22823],[-73.55013,-50.22371],[-73.55971,-50.21694],[-73.55489,-50.1844],[-73.53823,-50.16982],[-73.52803,-50.16542],[-73.52193,-50.15779],[-73.51833,-50.14795],[-73.52059,-50.14065],[-73.51435,-50.12915],[-73.52008,-50.12282],[-73.51784,-50.11823],[-73.51222,-50.11638],[-73.51471,-50.10939],[-73.51259,-50.10558],[-73.50716,-50.10385],[-73.49896,-50.09419],[-73.47576,-50.08828],[-73.48147,-50.08378],[-73.48319,-50.07021],[-73.49924,-50.05876],[-73.4943,-50.05501],[-73.50081,-50.04473],[-73.53104,-50.04294],[-73.55105,-50.03284],[-73.56659,-50.02004],[-73.56412,-50.01355],[-73.53839,-49.98849],[-73.5121,-49.97486],[-73.50539,-49.96489],[-73.52971,-49.95204],[-73.55106,-49.95064],[-73.55855,-49.94703],[-73.56058,-49.94224],[-73.55748,-49.93889],[-73.55582,-49.92227],[-73.54934,-49.90715],[-73.52899,-49.8986],[-73.51288,-49.8961],[-73.50658,-49.89133],[-73.51074,-49.87998],[-73.49971,-49.86882],[-73.49889,-49.86106],[-73.48952,-49.85247],[-73.48454,-49.84173],[-73.48359,-49.83634],[-73.49231,-49.83002],[-73.49095,-49.81692],[-73.48691,-49.81196],[-73.4464,-49.79529],[-73.44814,-49.79034],[-73.46184,-49.78469],[-73.46736,-49.7777],[-73.46588,-49.77437],[-73.45227,-49.77113],[-73.4498,-49.76181],[-73.45155,-49.75536],[-73.48629,-49.72613],[-73.49071,-49.71507],[-73.50914,-49.7085],[-73.5106,-49.70343],[-73.49758,-49.68678],[-73.50334,-49.67895],[-73.51384,-49.67888],[-73.51457,-49.67588],[-73.51141,-49.67502],[-73.51063,-49.67016],[-73.50614,-49.66975],[-73.50445,-49.66726],[-73.50685,-49.6659],[-73.50223,-49.65948],[-73.47818,-49.65526],[-73.45952,-49.6349],[-73.46152,-49.63168],[-73.47273,-49.63221],[-73.48136,-49.62566],[-73.50042,-49.59912],[-73.51451,-49.59103],[-73.51486,-49.5842],[-73.51962,-49.58194],[-73.52264,-49.57323],[-73.53342,-49.57235],[-73.53942,-49.56816],[-73.54066,-49.56017],[-73.54544,-49.55512],[-73.54335,-49.54151],[-73.54832,-49.53527],[-73.53647,-49.52333],[-73.54758,-49.50444],[-73.54304,-49.4969],[-73.53959,-49.49656],[-73.53333,-49.50106],[-73.51066,-49.49679],[-73.48826,-49.50038],[-73.47995,-49.49084],[-73.46614,-49.48292],[-73.46793,-49.46673],[-73.48057,-49.46222],[-73.4802,-49.45118],[-73.47593,-49.44673],[-73.46926,-49.44559],[-73.47767,-49.43698],[-73.48931,-49.43626],[-73.49107,-49.43291],[-73.48348,-49.42124],[-73.47393,-49.41819],[-73.46311,-49.40275],[-73.42539,-49.3932],[-73.42392,-49.38875],[-73.42753,-49.38514],[-73.42296,-49.37442],[-73.42856,-49.36843],[-73.42873,-49.36307],[-73.4234,-49.35682],[-73.43011,-49.3444],[-73.41362,-49.33505],[-73.41294,-49.32682],[-73.41788,-49.3093],[-73.42835,-49.30458],[-73.46654,-49.30239],[-73.47185,-49.29468],[-73.46351,-49.29061],[-73.46669,-49.28194],[-73.48201,-49.27352],[-73.49343,-49.27272],[-73.49642,-49.26833],[-73.49471,-49.24202],[-73.47779,-49.22108],[-73.47086,-49.20101],[-73.14478,-49.27089],[-73.04354,-49.27368],[-73.07181,-49.26666],[-73.08312,-49.25451],[-73.09056,-49.25311],[-73.10294,-49.26625],[-73.13492,-49.26566],[-73.14603,-49.24565],[-73.1442,-49.22992],[-73.14693,-49.22147],[-73.13969,-49.20622],[-73.14592,-49.18942],[-73.13921,-49.17805],[-73.11742,-49.16768],[-73.1104,-49.15166],[-73.10187,-49.1462],[-73.08242,-49.14514],[-73.08062,-49.13226],[-73.06068,-49.12535],[-73.05892,-49.11793],[-73.06297,-49.11415],[-73.05481,-49.10646],[-73.05549,-49.09882],[-73.04571,-49.08115],[-73.03116,-49.07471],[-73.0296,-49.06692],[-73.0258,-49.06462],[-73.00476,-49.06361],[-73.00343,-49.05405],[-73.011,-49.04294],[-73.01079,-49.03334],[-73.00637,-49.02963],[-72.98145,-49.02956],[-72.98937,-49.01796],[-72.98827,-49.01228],[-72.99362,-48.99904],[-72.98914,-48.99051],[-72.95957,-48.98174],[-72.9559,-48.96948],[-72.95184,-48.96677],[-72.95407,-48.95891],[-72.95204,-48.95207],[-72.94539,-48.94523],[-72.92046,-48.93561],[-72.89618,-48.94654],[-72.87284,-48.94814],[-72.86472,-48.94591],[-72.85885,-48.95878],[-72.84914,-48.96521],[-72.82753,-48.9664],[-72.82066,-48.96078],[-72.8133,-48.95992],[-72.79519,-48.96792],[-72.79076,-48.96033],[-72.78378,-48.95897],[-72.76771,-48.94645],[-72.75755,-48.92596],[-72.75812,-48.92023],[-72.74485,-48.9066],[-72.7388,-48.90374],[-72.7104,-48.90392],[-72.70368,-48.89794],[-72.69667,-48.89672],[-72.68845,-48.86516],[-72.63938,-48.86598],[-72.60175,-48.83588],[-72.58495,-48.82722],[-72.56482,-48.82304],[-72.531,-48.79723],[-72.52988,-48.76991],[-72.53641,-48.75821],[-72.53469,-48.75342],[-72.54201,-48.74135],[-72.53681,-48.71306],[-72.5391,-48.7076],[-72.53665,-48.69046],[-72.53972,-48.67886],[-72.53541,-48.666],[-72.54055,-48.65833],[-72.54201,-48.63127],[-72.5495,-48.61559],[-72.54864,-48.60884],[-72.56412,-48.5778],[-72.5585,-48.56403],[-72.56761,-48.53603],[-72.56795,-48.52471],[-72.57678,-48.51458],[-72.58151,-48.49806],[-72.58955,-48.49401],[-72.58693,-48.48931],[-72.56597,-48.48343],[-72.53864,-48.4823],[-72.52791,-48.49079],[-72.52833,-48.49848],[-72.52491,-48.50243],[-72.50281,-48.51752],[-72.49486,-48.51216],[-72.47537,-48.51611],[-72.4432,-48.51342],[-72.42612,-48.49481],[-72.41484,-48.49496],[-72.39361,-48.48251],[-72.39312,-48.47106],[-72.38342,-48.45585],[-72.37445,-48.4489],[-72.39505,-48.43653],[-72.40908,-48.43291],[-72.40394,-48.42163],[-72.40652,-48.41653],[-72.39235,-48.4101],[-72.38146,-48.39965],[-72.35852,-48.39766],[-72.35818,-48.39243],[-72.3478,-48.38978],[-72.34598,-48.38443],[-72.37671,-48.371],[-72.38162,-48.35129],[-72.37743,-48.34845],[-72.3653,-48.35155],[-72.34384,-48.34496],[-72.32171,-48.35836],[-72.30764,-48.353],[-72.29873,-48.35684],[-72.28878,-48.35578],[-72.28094,-48.36067],[-72.25637,-48.34988],[-72.24435,-48.34817],[-72.24231,-48.33784],[-72.23557,-48.32718],[-72.22943,-48.32385],[-72.22831,-48.31795],[-72.23991,-48.30891],[-72.24199,-48.3015],[-72.2534,-48.29921],[-72.25927,-48.29087],[-72.25736,-48.28621],[-72.28466,-48.26589],[-72.29971,-48.24751],[-72.30693,-48.24715],[-72.30795,-48.24076],[-72.31627,-48.23485],[-72.32148,-48.22528],[-72.32523,-48.2138],[-72.30725,-48.20015],[-72.31144,-48.18657],[-72.30796,-48.16621],[-72.30099,-48.15592],[-72.30626,-48.13979],[-72.32299,-48.13228],[-72.32481,-48.11957],[-72.32911,-48.1141],[-72.35761,-48.10083],[-72.36273,-48.09066],[-72.36102,-48.07336],[-72.37144,-48.07484],[-72.38351,-48.07094],[-72.39438,-48.07577],[-72.41573,-48.07774],[-72.42214,-48.07584],[-72.42183,-48.0721],[-72.44356,-48.06461],[-72.43949,-48.05776],[-72.44074,-48.04733],[-72.42911,-48.04167],[-72.43246,-48.03373],[-72.42904,-48.00993],[-72.41925,-48.00188],[-72.42588,-47.99393],[-72.42162,-47.98576],[-72.4294,-47.97162],[-72.42534,-47.96887],[-72.42586,-47.96565],[-72.4496,-47.96415],[-72.45553,-47.96229],[-72.45943,-47.95575],[-72.46704,-47.95614],[-72.47045,-47.9611],[-72.49304,-47.95779],[-72.49838,-47.96139],[-72.5096,-47.94933],[-72.52289,-47.94584],[-72.52798,-47.93754],[-72.52779,-47.92395],[-72.52394,-47.9232],[-72.52301,-47.91018],[-72.50144,-47.88518],[-72.49912,-47.87519],[-72.47879,-47.87093],[-72.47432,-47.85761],[-72.47492,-47.83463],[-72.46878,-47.81212],[-72.4798,-47.80955],[-72.49611,-47.79673],[-72.49526,-47.78961],[-72.49852,-47.7899],[-72.50012,-47.78614],[-72.50267,-47.76557],[-72.52236,-47.7539],[-72.52321,-47.74278],[-72.51015,-47.74496],[-72.49836,-47.75526],[-72.48698,-47.75421],[-72.4842,-47.75856],[-72.47449,-47.75862],[-72.4669,-47.73936],[-72.44182,-47.7451],[-72.44154,-47.73992],[-72.43579,-47.73305],[-72.45111,-47.71658],[-72.45058,-47.70783],[-72.44739,-47.704],[-72.4316,-47.70059],[-72.41563,-47.69094],[-72.40984,-47.67806],[-72.41995,-47.66073],[-72.40132,-47.65881],[-72.3993,-47.65701],[-72.40224,-47.65244],[-72.39554,-47.64432],[-72.38189,-47.63556],[-72.36617,-47.63506],[-72.35918,-47.63899],[-72.35402,-47.63646],[-72.34367,-47.62845],[-72.33874,-47.61763],[-72.32575,-47.60278],[-72.31298,-47.59618],[-72.30953,-47.59094],[-72.32525,-47.585],[-72.32746,-47.57297],[-72.30969,-47.55169],[-72.29138,-47.51206],[-72.29499,-47.50777],[-72.29545,-47.49841],[-72.29951,-47.49294],[-72.30627,-47.49157],[-72.30772,-47.48107],[-72.32468,-47.48081],[-72.34053,-47.46798],[-72.34274,-47.45667],[-72.34074,-47.45467],[-72.33302,-47.45484],[-72.32421,-47.44864],[-72.31502,-47.45005],[-72.29415,-47.44592],[-72.28856,-47.43926],[-72.29144,-47.4356],[-72.28938,-47.43331],[-72.27897,-47.43124],[-72.27533,-47.42165],[-72.26565,-47.41497],[-72.25002,-47.41476],[-72.24473,-47.4047],[-72.22584,-47.40236],[-72.19759,-47.41623],[-72.1869,-47.40332],[-72.16854,-47.39479],[-72.1619,-47.39522],[-72.15885,-47.38882],[-72.16087,-47.37861],[-72.1532,-47.37548],[-72.14356,-47.36429],[-72.14505,-47.35199],[-72.13635,-47.34154],[-72.13549,-47.3344],[-72.12642,-47.32801],[-72.11467,-47.33147],[-72.1093,-47.32912],[-72.0961,-47.33476],[-72.08014,-47.33453],[-72.07022,-47.34194],[-72.04643,-47.33897],[-72.04598,-47.33254],[-72.04017,-47.32935],[-72.03669,-47.32062],[-71.99696,-47.295],[-71.99908,-47.28176],[-72.01451,-47.25032],[-72.01095,-47.23952],[-72.00098,-47.23119],[-72.00305,-47.22003],[-72.00071,-47.21477],[-72.01358,-47.20452],[-72.01321,-47.20158],[-71.9744,-47.2138],[-71.92699,-47.22105],[-71.92125,-47.21888],[-71.87841,-47.23155],[-71.86833,-47.23354],[-71.86481,-47.23105],[-71.8645,-47.22455],[-71.88803,-47.21802],[-71.89248,-47.2135],[-71.89049,-47.20838],[-71.88031,-47.2064],[-71.88166,-47.20114],[-71.88865,-47.19936],[-71.8879,-47.18],[-71.88206,-47.18022],[-71.87461,-47.17153],[-71.8511,-47.1648],[-71.86362,-47.14565],[-71.85986,-47.13223],[-71.86544,-47.12504],[-71.8753,-47.12059],[-71.87954,-47.10812],[-71.95089,-47.08647],[-71.95173,-47.07919],[-71.9548,-47.07713],[-71.95094,-47.06968],[-71.94555,-47.06958],[-71.94168,-47.06435],[-71.92991,-47.05846],[-71.91516,-47.05894],[-71.9035,-47.0509],[-71.88592,-47.02629],[-71.88066,-47.01331],[-71.88087,-47.00888],[-71.88995,-47.00502],[-71.89615,-46.99572],[-71.91519,-46.99813],[-71.93247,-46.99389],[-71.91827,-46.98554],[-71.93131,-46.97619],[-71.95032,-46.97742],[-71.95777,-46.97442],[-71.95439,-46.95293],[-71.95787,-46.94844],[-71.95851,-46.9364],[-71.96496,-46.93273],[-71.97088,-46.90413],[-71.96184,-46.90097],[-71.95751,-46.89059],[-71.95082,-46.88976],[-71.94521,-46.87867],[-71.93151,-46.86797],[-71.93586,-46.85216],[-71.93137,-46.84496],[-71.9364,-46.83372],[-71.955,-46.81729],[-71.95332,-46.81351],[-71.9486,-46.81284],[-71.94909,-46.81031],[-71.91143,-46.79874],[-71.86116,-46.80392],[-71.8333,-46.79659],[-71.81605,-46.78502],[-71.7701,-46.7657],[-71.75447,-46.75231],[-71.74789,-46.73987],[-71.73932,-46.73599],[-71.73897,-46.73122],[-71.72912,-46.73101],[-71.72813,-46.72678],[-71.7164,-46.72206],[-71.70662,-46.71292],[-71.69384,-46.70877],[-71.68925,-46.70056],[-71.64732,-46.68882],[-71.64525,-46.68475],[-71.64821,-46.67109],[-71.6462,-46.66032],[-71.65046,-46.65096],[-71.64632,-46.6395],[-71.64777,-46.6338],[-71.66822,-46.61443],[-71.66451,-46.60786],[-71.66622,-46.59317],[-71.66138,-46.58438],[-71.66212,-46.56907],[-71.67213,-46.5356],[-71.66879,-46.52903],[-71.75685,-46.34621],[-71.75527,-46.34072],[-71.74536,-46.33744],[-71.74576,-46.32958],[-71.73664,-46.32342],[-71.73536,-46.30997],[-71.72905,-46.30481],[-71.72395,-46.28534],[-71.72733,-46.27255],[-71.73524,-46.26829],[-71.7432,-46.25739],[-71.74223,-46.24967],[-71.7491,-46.24573],[-71.75329,-46.22798],[-71.7583,-46.22048],[-71.76632,-46.21572],[-71.77273,-46.21725],[-71.77837,-46.19818],[-71.79632,-46.19047],[-71.81979,-46.20097],[-71.82523,-46.20102],[-71.83328,-46.19398],[-71.84236,-46.19113],[-71.86001,-46.19402],[-71.87677,-46.16965],[-71.87481,-46.16064],[-71.9006,-46.16448],[-71.90384,-46.16033],[-71.90991,-46.15986],[-71.90783,-46.1445],[-71.91507,-46.13964],[-71.89465,-46.13389],[-71.88839,-46.127],[-71.85915,-46.11914],[-71.84553,-46.12061],[-71.82385,-46.10983],[-71.81637,-46.11039],[-71.80628,-46.1198],[-71.79588,-46.11771],[-71.78649,-46.12068],[-71.76007,-46.1095],[-71.75944,-46.09923],[-71.75225,-46.09305],[-71.74268,-46.09152],[-71.73138,-46.09547],[-71.71698,-46.09004],[-71.71339,-46.08721],[-71.71067,-46.0719],[-71.69751,-46.06897],[-71.69697,-46.06163],[-71.66671,-46.03951],[-71.66689,-46.02824],[-71.65808,-46.02335],[-71.64629,-46.01059],[-71.64738,-45.99693],[-71.6441,-45.99106],[-71.64812,-45.98576],[-71.64589,-45.98277],[-71.63499,-45.97676],[-71.63047,-45.97725],[-71.62833,-45.98295],[-71.62206,-45.98176],[-71.61521,-45.97607],[-71.61398,-45.96362],[-71.61682,-45.96141],[-71.61962,-45.94457],[-71.62295,-45.94323],[-71.62407,-45.93491],[-71.62899,-45.93469],[-71.63255,-45.93181],[-71.63099,-45.92957],[-71.647,-45.91776],[-71.64457,-45.91323],[-71.64828,-45.90313],[-71.65202,-45.90207],[-71.65523,-45.89358],[-71.65349,-45.89089],[-71.65745,-45.88818],[-71.65581,-45.88598],[-71.67011,-45.87906],[-71.66931,-45.87568],[-71.68113,-45.87447],[-71.69304,-45.86486],[-71.6977,-45.86664],[-71.70455,-45.86112],[-71.71711,-45.85832],[-71.71756,-45.8544],[-71.72692,-45.85733],[-71.7289,-45.8548],[-71.74104,-45.85613],[-71.74698,-45.85283],[-71.75568,-45.85447],[-71.76394,-45.85197],[-71.76271,-45.84733],[-71.76893,-45.84639],[-71.76626,-45.83554],[-71.75566,-45.82591],[-71.75403,-45.81819],[-71.74268,-45.80693],[-71.74458,-45.79863],[-71.75835,-45.79191],[-71.76161,-45.78676],[-71.75348,-45.77396],[-71.76912,-45.75206],[-71.7716,-45.74289],[-71.79266,-45.73178],[-71.80174,-45.72022],[-71.79879,-45.7113],[-71.79175,-45.70423],[-71.78191,-45.70415],[-71.77334,-45.69686],[-71.77305,-45.68124],[-71.7963,-45.66407],[-71.77927,-45.65651],[-71.78384,-45.64987],[-71.77915,-45.64889],[-71.77963,-45.64567],[-71.77458,-45.64191],[-71.78071,-45.63184],[-71.77758,-45.62876],[-71.77891,-45.62058],[-71.77268,-45.61721],[-71.76078,-45.61988],[-71.75409,-45.60924],[-71.74803,-45.60838],[-71.74252,-45.59586],[-71.73001,-45.59122],[-71.73382,-45.58068],[-71.72647,-45.57776],[-71.72775,-45.57307],[-71.74283,-45.57877],[-71.76244,-45.57606],[-71.76542,-45.57353],[-71.76407,-45.56096],[-71.74475,-45.54617],[-71.74605,-45.5411],[-71.73455,-45.54054],[-71.72457,-45.53532],[-71.70615,-45.53645],[-71.68153,-45.52619],[-71.69037,-45.51993],[-71.68201,-45.51317],[-71.64459,-45.51777],[-71.64336,-45.51401],[-71.63487,-45.51125],[-71.62253,-45.51095],[-71.61377,-45.51336],[-71.61152,-45.52078],[-71.60467,-45.52247],[-71.57727,-45.5193],[-71.55962,-45.52338],[-71.5451,-45.52028],[-71.54234,-45.51513],[-71.51108,-45.50851],[-71.4988,-45.50171],[-71.4692,-45.4941],[-71.46917,-45.4904],[-71.4776,-45.48513],[-71.46967,-45.48134],[-71.47161,-45.47902],[-71.4839,-45.47004],[-71.49432,-45.47118],[-71.50929,-45.46098],[-71.50922,-45.4582],[-71.50232,-45.45579],[-71.509,-45.4526],[-71.51246,-45.44302],[-71.51736,-45.43925],[-71.53002,-45.43754],[-71.53433,-45.43292],[-71.52153,-45.42639],[-71.52404,-45.41635],[-71.53171,-45.40954],[-71.53202,-45.40041],[-71.52768,-45.39171],[-71.49185,-45.38534],[-71.4663,-45.38782],[-71.45835,-45.38424],[-71.43809,-45.3946],[-71.44402,-45.37559],[-71.43973,-45.37153],[-71.44894,-45.36836],[-71.44602,-45.36576],[-71.41317,-45.35316],[-71.38457,-45.34942],[-71.37064,-45.34226],[-71.37224,-45.33856],[-71.3667,-45.33513],[-71.34946,-45.33184],[-71.34804,-45.32656],[-71.33332,-45.319],[-71.3352,-45.3136],[-71.32466,-45.30606],[-71.32082,-45.29075],[-71.32961,-45.27746],[-71.33823,-45.27782],[-71.33938,-45.27326],[-71.34676,-45.27243],[-71.35059,-45.2684],[-71.33121,-45.25132],[-71.33772,-45.25036],[-71.33336,-45.24111],[-71.35034,-45.22944],[-71.36971,-45.2251],[-71.37917,-45.20592],[-71.39191,-45.2013],[-71.39924,-45.19623],[-71.4004,-45.19138],[-71.40683,-45.18946],[-71.40706,-45.18005],[-71.42479,-45.17109],[-71.41902,-45.16644],[-71.42562,-45.16312],[-71.41902,-45.15714],[-71.44055,-45.1568],[-71.44517,-45.15243],[-71.47033,-45.14828],[-71.4704,-45.1439],[-71.47599,-45.1398],[-71.48117,-45.14031],[-71.4791,-45.13407],[-71.48122,-45.12716],[-71.49158,-45.10806],[-71.50299,-45.10274],[-71.51756,-45.10308],[-71.51876,-45.10115],[-71.51231,-45.09675],[-71.50524,-45.0842],[-71.50533,-45.07174],[-71.50998,-45.06308],[-71.52141,-45.0586],[-71.52922,-45.04704],[-71.54779,-45.03369],[-71.55774,-45.03074],[-71.54756,-45.01506],[-71.55298,-45.00975],[-71.5508,-45.00544],[-71.54161,-45.00122],[-71.55339,-44.99478],[-71.55825,-44.98821],[-71.55972,-44.97745],[-71.57838,-44.98055],[-71.58987,-44.97814],[-71.60364,-44.97034],[-71.61624,-44.97483],[-71.62657,-44.97463],[-71.63777,-44.96988],[-71.65546,-44.97556],[-71.68191,-44.96939],[-71.70132,-44.95737],[-71.73727,-44.9558],[-71.74274,-44.95802],[-71.75345,-44.92699],[-71.76305,-44.92792],[-71.78012,-44.94328],[-71.78917,-44.93346],[-71.80774,-44.92984],[-71.80725,-44.92433],[-71.81563,-44.91973],[-71.83139,-44.92683],[-71.85273,-44.93107],[-71.86255,-44.94623],[-71.87808,-44.95941],[-71.8832,-44.95759],[-71.88376,-44.95213],[-71.89279,-44.94814],[-71.9112,-44.94789],[-71.93497,-44.94178],[-71.93494,-44.93332],[-71.94205,-44.93022],[-71.94882,-44.92036],[-71.97774,-44.91925],[-71.97852,-44.90425],[-71.98752,-44.90083],[-72.02353,-44.89738],[-72.03287,-44.90455],[-72.04061,-44.90107],[-72.0499,-44.88241],[-72.06501,-44.8752],[-72.03673,-44.8618],[-72.06713,-44.85094],[-72.05843,-44.83973],[-72.04853,-44.83533],[-72.04905,-44.82823],[-72.03699,-44.81477],[-72.03629,-44.80875],[-72.02789,-44.80633],[-72.04298,-44.79595],[-72.06707,-44.78833],[-72.07322,-44.78114],[-72.06342,-44.77163],[-72.06616,-44.75981],[-72.05958,-44.75665],[-72.04403,-44.75888],[-72.02976,-44.76573],[-72.02333,-44.75743],[-72.01871,-44.75676],[-72.01405,-44.76026],[-72.01731,-44.76801],[-72.01582,-44.77209],[-72.00734,-44.77646],[-72.00585,-44.784],[-71.99793,-44.78711],[-71.98232,-44.78023],[-71.97315,-44.78477],[-71.95571,-44.7866],[-71.92807,-44.80348],[-71.92399,-44.79804],[-71.92691,-44.79624],[-71.92173,-44.78541],[-71.92607,-44.7818],[-71.92392,-44.77806],[-71.9144,-44.7767],[-71.89286,-44.78605],[-71.88451,-44.79657],[-71.87207,-44.79555],[-71.85732,-44.80182],[-71.84943,-44.80118],[-71.83394,-44.79218],[-71.81524,-44.79373],[-71.81108,-44.78518],[-71.82425,-44.78168],[-71.8245,-44.77392],[-71.80973,-44.76239],[-71.78531,-44.75177],[-71.76901,-44.75714],[-71.76413,-44.76267],[-71.74671,-44.76198],[-71.73442,-44.76885],[-71.72112,-44.76704],[-71.70486,-44.76959],[-71.69094,-44.76414],[-71.67576,-44.77047],[-71.67127,-44.78738],[-71.65938,-44.78714],[-71.63148,-44.77832],[-71.59446,-44.77984],[-71.59241,-44.77461],[-71.59926,-44.76979],[-71.59943,-44.76403],[-71.59251,-44.76356],[-71.58056,-44.75224],[-71.56807,-44.75913],[-71.54406,-44.75172],[-71.53346,-44.7438],[-71.52026,-44.74484],[-71.49371,-44.73699],[-71.4718,-44.73724],[-71.46338,-44.74269],[-71.46583,-44.74654],[-71.45903,-44.74693],[-71.451,-44.75356],[-71.43458,-44.75536],[-71.42701,-44.76825],[-71.40762,-44.77877],[-71.39639,-44.79],[-71.37096,-44.79581],[-71.36619,-44.7925],[-71.3468,-44.79359],[-71.32749,-44.80853],[-71.30431,-44.80654],[-71.29158,-44.81338],[-71.28878,-44.80915],[-71.26616,-44.80716],[-71.26143,-44.80248],[-71.24733,-44.79795],[-71.25355,-44.78842],[-71.24166,-44.77676],[-71.23811,-44.76876],[-71.22526,-44.76436],[-71.20535,-44.75012],[-71.20821,-44.74381],[-71.20258,-44.73953],[-71.20199,-44.72184],[-71.20563,-44.71625],[-71.21405,-44.71506],[-71.21044,-44.69869],[-71.19515,-44.68499],[-71.19941,-44.679],[-71.21627,-44.67585],[-71.21891,-44.67127],[-71.21699,-44.66664],[-71.22722,-44.66178],[-71.22724,-44.65829],[-71.23442,-44.65211],[-71.23171,-44.64497],[-71.23529,-44.64116],[-71.21371,-44.63291],[-71.21468,-44.627],[-71.21039,-44.62455],[-71.21649,-44.62099],[-71.21626,-44.61796],[-71.2091,-44.6158],[-71.19461,-44.6012],[-71.19985,-44.59716],[-71.20085,-44.59164],[-71.18681,-44.59328],[-71.17511,-44.59899],[-71.1647,-44.59257],[-71.14683,-44.59095],[-71.13603,-44.5964],[-71.11886,-44.59638],[-71.11173,-44.59019],[-71.10086,-44.59004],[-71.09789,-44.5872],[-71.10562,-44.57489],[-71.09911,-44.56915],[-71.10227,-44.56444],[-71.09915,-44.55806],[-71.10293,-44.55241],[-71.09667,-44.54845],[-71.09137,-44.53322],[-71.11192,-44.51703],[-71.12369,-44.51372],[-71.12724,-44.50787],[-71.14464,-44.50691],[-71.16095,-44.49981],[-71.16156,-44.4967],[-71.14848,-44.48327],[-71.12979,-44.47152],[-71.14245,-44.46701],[-71.15735,-44.45625],[-71.17291,-44.43916],[-71.18485,-44.44076],[-71.21021,-44.43346],[-71.22174,-44.43646],[-71.22834,-44.43284],[-71.23985,-44.41858],[-71.25438,-44.41799],[-71.27376,-44.42403],[-71.30689,-44.42399],[-71.31219,-44.42956],[-71.32429,-44.42754],[-71.33635,-44.41871],[-71.34868,-44.42449],[-71.35705,-44.4096],[-71.35273,-44.4035],[-71.36612,-44.39701],[-71.36822,-44.39039],[-71.3778,-44.39073],[-71.38889,-44.38567],[-71.4092,-44.39227],[-71.41491,-44.38872],[-71.42227,-44.38892],[-71.42679,-44.3924],[-71.44836,-44.39623],[-71.46827,-44.38935],[-71.48745,-44.39947],[-71.50889,-44.39381],[-71.52154,-44.39616],[-71.5392,-44.40619],[-71.5531,-44.40869],[-71.5831,-44.40473],[-71.59071,-44.39823],[-71.61284,-44.40165],[-71.61806,-44.39852],[-71.63874,-44.39814],[-71.64227,-44.40361],[-71.65615,-44.4099],[-71.66119,-44.40735],[-71.67031,-44.4086],[-71.69229,-44.39858],[-71.69781,-44.39051],[-71.69569,-44.38395],[-71.70926,-44.38113],[-71.71667,-44.38122],[-71.71942,-44.39013],[-71.74076,-44.40201],[-71.75107,-44.39882],[-71.76481,-44.40476],[-71.76852,-44.4105],[-71.77276,-44.40839],[-71.78414,-44.41143],[-71.80446,-44.4204],[-71.81341,-44.41792],[-71.81379,-44.41207],[-71.8069,-44.40541],[-71.80625,-44.39812],[-71.82131,-44.39099],[-71.82208,-44.38273],[-71.81716,-44.37955],[-71.81812,-44.37668],[-71.8348,-44.36772],[-71.82886,-44.36248],[-71.83595,-44.35835],[-71.83961,-44.35008],[-71.8186,-44.34615],[-71.81328,-44.33922],[-71.80147,-44.34071],[-71.78704,-44.33274],[-71.79205,-44.32198],[-71.79262,-44.30704],[-71.80463,-44.29069],[-71.80802,-44.29015],[-71.80431,-44.2784],[-71.80749,-44.27358],[-71.80452,-44.27262],[-71.80619,-44.26888],[-71.82583,-44.26604],[-71.82709,-44.2599],[-71.81193,-44.26121],[-71.80631,-44.25835],[-71.81282,-44.25096],[-71.80539,-44.24725],[-71.8054,-44.24334],[-71.8126,-44.23846],[-71.80404,-44.23175],[-71.80828,-44.22948],[-71.7863,-44.22225],[-71.78201,-44.22449],[-71.78028,-44.21657],[-71.78119,-44.21358],[-71.79913,-44.21523],[-71.79684,-44.20863],[-71.80135,-44.19652],[-71.79828,-44.19301],[-71.81112,-44.18631],[-71.82983,-44.16576],[-71.84233,-44.1635],[-71.84715,-44.15927],[-71.84111,-44.14391],[-71.85179,-44.13047],[-71.84994,-44.1151],[-71.84599,-44.11002],[-71.83668,-44.10712],[-71.82397,-44.11404],[-71.78105,-44.11159],[-71.76838,-44.10698],[-71.75808,-44.09858],[-71.74954,-44.09115],[-71.74611,-44.07588],[-71.73684,-44.07245],[-71.73509,-44.06387],[-71.72201,-44.0497],[-71.72044,-44.04145],[-71.71487,-44.03747],[-71.71621,-44.02554],[-71.69659,-44.00566],[-71.6946,-43.99878],[-71.68547,-43.98864],[-71.68185,-43.97424],[-71.66162,-43.96372],[-71.65739,-43.9525],[-71.64878,-43.94593],[-71.6513,-43.92053],[-71.66596,-43.9018],[-71.67636,-43.90478],[-71.69294,-43.90378],[-71.69807,-43.89583],[-71.70672,-43.8945],[-71.70713,-43.88117],[-71.70346,-43.87745],[-71.70472,-43.86833],[-71.70966,-43.86166],[-71.70872,-43.85574],[-71.71871,-43.85486],[-71.73184,-43.85971],[-71.74055,-43.85124],[-71.75749,-43.84533],[-71.76361,-43.8398],[-71.75903,-43.83195],[-71.75933,-43.82301],[-71.75252,-43.82129],[-71.75656,-43.81546],[-71.74938,-43.80855],[-71.7507,-43.79234],[-71.75379,-43.79007],[-71.74442,-43.78104],[-71.73603,-43.7786],[-71.72953,-43.76224],[-71.70186,-43.73846],[-71.69757,-43.72671],[-71.68293,-43.72149],[-71.66794,-43.72328],[-71.66232,-43.72081],[-71.65992,-43.71787],[-71.66293,-43.71015],[-71.66068,-43.70236],[-71.6477,-43.70108],[-71.63205,-43.70835],[-71.63152,-43.7001],[-71.62844,-43.69838],[-71.60649,-43.70027],[-71.59978,-43.69697],[-71.60288,-43.68677],[-71.61002,-43.68296],[-71.612,-43.67604],[-71.58829,-43.67545],[-71.58113,-43.65175],[-71.59676,-43.63351],[-71.62587,-43.62348],[-71.6522,-43.62077],[-71.69078,-43.62683],[-71.70309,-43.62311],[-71.70244,-43.61464],[-71.70969,-43.60263],[-71.70738,-43.58433],[-71.72123,-43.57774],[-71.73278,-43.57939],[-71.74269,-43.5859],[-71.75934,-43.58388],[-71.76401,-43.57945],[-71.76452,-43.5743],[-71.76058,-43.5709],[-71.76165,-43.56543],[-71.76605,-43.56329],[-71.764,-43.556],[-71.77055,-43.55144],[-71.77652,-43.53869],[-71.78637,-43.5427],[-71.79513,-43.54004],[-71.82811,-43.55077],[-71.84494,-43.54793],[-71.87196,-43.55356],[-71.87696,-43.54842],[-71.87398,-43.54324],[-71.87893,-43.53253],[-71.87431,-43.52357],[-71.86974,-43.52359],[-71.88056,-43.51341],[-71.89136,-43.51064],[-71.87169,-43.50004],[-71.85456,-43.50001],[-71.85437,-43.49387],[-71.84792,-43.48341],[-71.8703,-43.4625],[-71.87814,-43.46366],[-71.88128,-43.45118],[-71.89424,-43.45087],[-71.90256,-43.45566],[-71.91755,-43.45553],[-71.92516,-43.45895],[-71.9309,-43.45601],[-71.93415,-43.4477],[-71.92831,-43.44239],[-71.92276,-43.4268],[-71.91744,-43.42556],[-71.91931,-43.4198],[-71.91353,-43.4163],[-71.92966,-43.39938],[-71.93139,-43.38563],[-71.91166,-43.38653],[-71.90172,-43.37975],[-71.89327,-43.38018],[-71.8979,-43.36949],[-71.89029,-43.35722],[-71.90182,-43.34514],[-71.90161,-43.3412],[-71.89584,-43.33883],[-71.90665,-43.32365],[-71.90339,-43.32111],[-71.89542,-43.31986],[-71.8884,-43.32556],[-71.86893,-43.32893],[-71.86525,-43.33236],[-71.84021,-43.33442],[-71.81025,-43.31939],[-71.80935,-43.31475],[-71.80164,-43.31203],[-71.80366,-43.3057],[-71.78643,-43.29661],[-71.76672,-43.3007],[-71.7628,-43.30425],[-71.76168,-43.31356],[-71.75521,-43.31764],[-71.74708,-43.31961],[-71.73484,-43.31343],[-71.73189,-43.30824],[-71.7365,-43.28852],[-71.73185,-43.28322],[-71.73987,-43.26966],[-71.74645,-43.26673],[-71.74732,-43.24999],[-71.75531,-43.23921],[-71.75711,-43.22823],[-71.74042,-43.22085],[-71.72971,-43.1988],[-71.73873,-43.18315],[-71.7429,-43.17874],[-71.7545,-43.17661],[-71.7609,-43.16466],[-71.7705,-43.16764],[-71.77665,-43.16493],[-71.78335,-43.16871],[-71.79141,-43.1581],[-71.80471,-43.15424],[-71.81712,-43.14535],[-71.82266,-43.15069],[-71.83574,-43.14334],[-71.8584,-43.14227],[-71.8608,-43.14007],[-71.854,-43.13436],[-71.85456,-43.12742],[-71.87301,-43.12898],[-71.88869,-43.12492],[-71.89256,-43.10729],[-71.92495,-43.10025],[-71.93361,-43.10119],[-71.93335,-43.09813],[-71.94199,-43.09187],[-71.93437,-43.08044],[-71.93411,-43.07475],[-71.93758,-43.07105],[-71.93435,-43.06377],[-71.93561,-43.0534],[-71.95795,-43.04062],[-71.96364,-43.03907],[-71.97739,-43.04573],[-71.98053,-43.03627],[-71.99139,-43.03514],[-71.9996,-43.03858],[-72.01293,-43.03055],[-72.02111,-43.01782],[-72.03758,-43.01012],[-72.04102,-43.00431],[-72.03752,-42.99428],[-72.04208,-42.98941],[-72.05709,-42.98322],[-72.0568,-42.97453],[-72.06074,-42.97204],[-72.06609,-42.95855],[-72.07229,-42.95552],[-72.0742,-42.94881],[-72.08354,-42.94794],[-72.08728,-42.95276],[-72.09242,-42.95141],[-72.09761,-42.94221],[-72.11825,-42.93484],[-72.11465,-42.92266],[-72.13083,-42.91276],[-72.13304,-42.90739],[-72.14178,-42.9012],[-72.14165,-42.89556],[-72.13166,-42.88492],[-72.11938,-42.88259],[-72.11926,-42.8771],[-72.1352,-42.86692],[-72.13494,-42.85281],[-72.14795,-42.84969],[-72.15094,-42.83135],[-72.15931,-42.82393],[-72.15596,-42.81551],[-72.16431,-42.79912],[-72.14959,-42.79922],[-72.14113,-42.79474],[-72.13852,-42.78935],[-72.14067,-42.78218],[-72.13194,-42.77749],[-72.13454,-42.75713],[-72.14537,-42.74951],[-72.14685,-42.74162],[-72.12917,-42.73207],[-72.13901,-42.72313],[-72.13766,-42.71173],[-72.16842,-42.70386],[-72.1786,-42.69565],[-72.17242,-42.67241],[-72.14947,-42.68113],[-72.13649,-42.68025],[-72.12892,-42.67179],[-72.12217,-42.67175],[-72.11664,-42.65825],[-72.10835,-42.64876],[-72.09736,-42.64232],[-72.1032,-42.6303],[-72.11818,-42.62888],[-72.11355,-42.61514],[-72.11712,-42.60307],[-72.10379,-42.60023],[-72.09257,-42.58158],[-72.07382,-42.56559],[-72.0655,-42.5723],[-72.05645,-42.56964],[-72.05234,-42.56468],[-72.05568,-42.55806],[-72.05388,-42.54507],[-72.04343,-42.53863],[-72.03553,-42.52648],[-72.02644,-42.52163],[-72.029,-42.50552],[-72.01978,-42.49818],[-72.01522,-42.49852],[-72.01199,-42.48761],[-72.03093,-42.46783],[-72.03296,-42.4576],[-72.04681,-42.45173],[-72.03242,-42.43108],[-72.03566,-42.42498],[-72.03413,-42.41588],[-72.02681,-42.41216],[-72.02839,-42.40707],[-72.03903,-42.39963],[-72.06459,-42.39361],[-72.07648,-42.38276],[-72.08918,-42.39538],[-72.11242,-42.39792],[-72.12949,-42.38627],[-72.13069,-42.37889],[-72.12812,-42.37565],[-72.13492,-42.36722],[-72.13064,-42.35914],[-72.13809,-42.34721],[-72.13573,-42.3384],[-72.13771,-42.3267],[-72.12744,-42.32715],[-72.12134,-42.32335],[-72.12707,-42.30971],[-72.13505,-42.30462],[-72.13339,-42.3024],[-72.14021,-42.29058],[-72.1674,-42.26136],[-72.16875,-42.25038],[-72.15479,-42.2444],[-72.15731,-42.23145],[-72.16609,-42.21374],[-72.15626,-42.20536],[-72.1566,-42.19552],[-72.18418,-42.17712],[-72.18817,-42.16049],[-72.17733,-42.15286],[-72.17245,-42.13917],[-72.12166,-42.15437],[-72.11567,-42.14601],[-72.09476,-42.14796],[-72.08372,-42.14308],[-72.06695,-42.14737],[-72.0659,-42.13705],[-72.0805,-42.1327],[-72.07969,-42.12926],[-72.06503,-42.12215],[-72.06709,-42.11707],[-72.05216,-42.11431],[-72.04514,-42.12369],[-72.03904,-42.12642],[-72.02815,-42.12191],[-72.00585,-42.13954],[-71.98665,-42.13891],[-71.96976,-42.14463],[-71.96487,-42.13937],[-71.95655,-42.14223],[-71.95603,-42.15521],[-71.95153,-42.15709],[-71.95409,-42.16456],[-71.93975,-42.17309],[-71.935,-42.18301],[-71.92416,-42.19016],[-71.91355,-42.1886],[-71.89575,-42.17961],[-71.88009,-42.16692],[-71.87922,-42.15914],[-71.87434,-42.15468],[-71.85839,-42.15933],[-71.84463,-42.15445],[-71.83583,-42.16253],[-71.8167,-42.15627],[-71.80715,-42.14703],[-71.78203,-42.14809],[-71.77615,-42.14218],[-71.77714,-42.13034],[-71.74705,-42.12916],[-71.73286,-42.12398],[-71.72607,-42.11124],[-71.73231,-42.09119],[-71.74124,-42.08257],[-71.73338,-42.06341],[-71.72463,-42.05859],[-71.72736,-42.04626],[-71.74506,-42.03752],[-71.75272,-42.03772],[-71.75441,-42.02404],[-71.75726,-42.02364],[-71.76125,-42.01239],[-71.77234,-42.00856],[-71.77884,-41.98489],[-71.79437,-41.96176],[-71.7909,-41.95546],[-71.79356,-41.94423],[-71.7827,-41.94442],[-71.77245,-41.93761],[-71.7755,-41.91848],[-71.77367,-41.90994],[-71.7894,-41.88843],[-71.79174,-41.874],[-71.78934,-41.85934],[-71.79633,-41.84393],[-71.79552,-41.8385],[-71.79281,-41.83193],[-71.75093,-41.82475],[-71.75273,-41.81929],[-71.76399,-41.81705],[-71.76799,-41.81152],[-71.76657,-41.80242],[-71.7713,-41.80017],[-71.77278,-41.79272],[-71.76937,-41.78658],[-71.7563,-41.78782],[-71.75668,-41.78524],[-71.76438,-41.78159],[-71.7758,-41.76646],[-71.77472,-41.76059],[-71.78245,-41.75282],[-71.78429,-41.73492],[-71.8096,-41.72147],[-71.79176,-41.70173],[-71.79474,-41.69373],[-71.80992,-41.69303],[-71.81792,-41.689],[-71.81565,-41.67503],[-71.81789,-41.66979],[-71.83127,-41.67573],[-71.83632,-41.66542],[-71.83617,-41.64672],[-71.85615,-41.64519],[-71.86672,-41.6227],[-71.88557,-41.60517],[-71.87528,-41.60016],[-71.87431,-41.58869],[-71.8636,-41.58442],[-71.86003,-41.57462],[-71.85004,-41.57243],[-71.8476,-41.56603],[-71.83657,-41.56686],[-71.83273,-41.57217],[-71.81768,-41.57545],[-71.8305,-41.56027],[-71.82858,-41.55073],[-71.83721,-41.54885],[-71.83881,-41.54119],[-71.84766,-41.53571],[-71.84751,-41.52545],[-71.85217,-41.51504],[-71.83855,-41.49983],[-71.83891,-41.48981],[-71.82872,-41.48059],[-71.83558,-41.47712],[-71.83811,-41.47192],[-71.83619,-41.46666],[-71.84203,-41.46255],[-71.84388,-41.45499],[-71.8353,-41.44234],[-71.83919,-41.44046],[-71.83659,-41.4333],[-71.84001,-41.42893],[-71.84795,-41.42904],[-71.86326,-41.42253],[-71.87089,-41.40976],[-71.86613,-41.39703],[-71.87715,-41.39189],[-71.87699,-41.38544],[-71.88785,-41.37877],[-71.89283,-41.36594],[-71.90899,-41.36194],[-71.9107,-41.35762],[-71.90818,-41.34872],[-71.912,-41.34088],[-71.89853,-41.34042],[-71.90153,-41.33262],[-71.88482,-41.32623],[-71.88164,-41.32148],[-71.88626,-41.31425],[-71.87675,-41.3085],[-71.87613,-41.29668],[-71.89086,-41.29161],[-71.89162,-41.27893],[-71.89644,-41.27939],[-71.89725,-41.27099],[-71.88819,-41.26521],[-71.89654,-41.25517],[-71.88509,-41.26019],[-71.86587,-41.25564],[-71.85602,-41.25757],[-71.84918,-41.26089],[-71.846,-41.26878],[-71.83653,-41.27347],[-71.83438,-41.2718],[-71.85607,-41.24669],[-71.84597,-41.24167],[-71.85912,-41.2343],[-71.85451,-41.21462],[-71.87291,-41.2062],[-71.87294,-41.196],[-71.88768,-41.16711],[-71.88639,-41.1613],[-71.87252,-41.16048],[-71.86551,-41.1543],[-71.83934,-41.15006],[-71.84215,-41.1415],[-71.84031,-41.13478],[-71.84365,-41.12924],[-71.83662,-41.12051],[-71.8375,-41.11576],[-71.84694,-41.10793],[-71.84383,-41.1035],[-71.85186,-41.09911],[-71.84511,-41.08092],[-71.82933,-41.07517],[-71.82658,-41.06857],[-71.81942,-41.06609],[-71.81875,-41.06121],[-71.82442,-41.05629],[-71.82914,-41.05682],[-71.8363,-41.04947],[-71.83347,-41.04348],[-71.8399,-41.03578],[-71.84866,-41.03068],[-71.85976,-41.03258],[-71.86504,-41.01684],[-71.87392,-41.0109],[-71.87273,-41.00308],[-71.8758,-40.99858],[-71.89356,-40.98552],[-71.90562,-40.98523],[-71.90879,-40.97212],[-71.90365,-40.96094],[-71.89938,-40.9596],[-71.88447,-40.96606],[-71.87193,-40.95868],[-71.85657,-40.95867],[-71.85416,-40.9455],[-71.85611,-40.93887],[-71.86305,-40.93293],[-71.85944,-40.92675],[-71.86076,-40.92313],[-71.85643,-40.92229],[-71.8665,-40.90718],[-71.86419,-40.90474],[-71.86971,-40.89334],[-71.85877,-40.88309],[-71.85962,-40.87888],[-71.88069,-40.88079],[-71.90719,-40.85816],[-71.91083,-40.85178],[-71.90848,-40.84594],[-71.91253,-40.8441],[-71.91397,-40.83911],[-71.92743,-40.83284],[-71.92332,-40.82739],[-71.93502,-40.82171],[-71.93019,-40.81912],[-71.93071,-40.81278],[-71.92483,-40.81035],[-71.92762,-40.80775],[-71.92825,-40.79776],[-71.92014,-40.78581],[-71.93922,-40.77346],[-71.94198,-40.76561],[-71.94811,-40.76756],[-71.95278,-40.76499],[-71.95858,-40.75668],[-71.95527,-40.75128],[-71.9583,-40.74518],[-71.96656,-40.74479],[-71.9633,-40.74226],[-71.96225,-40.72906],[-71.9656,-40.72739],[-71.95871,-40.72385],[-71.96331,-40.71915],[-71.95035,-40.71927],[-71.92191,-40.6895],[-71.89888,-40.68126],[-71.8847,-40.66639],[-71.86828,-40.66344],[-71.86672,-40.64825],[-71.86156,-40.64299],[-71.85449,-40.64434],[-71.85246,-40.63602],[-71.84417,-40.62776],[-71.83802,-40.60964],[-71.84096,-40.59807],[-71.82536,-40.57785],[-71.84027,-40.58705],[-71.84621,-40.58323],[-71.85653,-40.59227],[-71.86541,-40.58401],[-71.86721,-40.57676],[-71.87771,-40.56397],[-71.88611,-40.56243],[-71.89108,-40.55585],[-71.88816,-40.55139],[-71.86713,-40.55733],[-71.8585,-40.55452],[-71.85923,-40.53501],[-71.85251,-40.52669],[-71.84351,-40.52533],[-71.84654,-40.51984],[-71.8525,-40.52003],[-71.85618,-40.50918],[-71.8452,-40.49705],[-71.8459,-40.49295],[-71.8408,-40.48707],[-71.84682,-40.47943],[-71.84584,-40.47073],[-71.83648,-40.46291],[-71.84137,-40.45144],[-71.83181,-40.44455],[-71.82767,-40.4371],[-71.82156,-40.4351],[-71.82508,-40.42094],[-71.81003,-40.41037],[-71.80889,-40.40648],[-71.79072,-40.40817],[-71.78303,-40.41105],[-71.77949,-40.41909],[-71.77301,-40.42292],[-71.75915,-40.41622],[-71.75537,-40.4214],[-71.75581,-40.42914],[-71.74861,-40.43529],[-71.74046,-40.43611],[-71.72414,-40.42668],[-71.70893,-40.42413],[-71.70629,-40.41316],[-71.69863,-40.4109],[-71.69344,-40.40544],[-71.69058,-40.3857],[-71.68757,-40.38552],[-71.68821,-40.38256],[-71.69361,-40.38128],[-71.69322,-40.37296],[-71.65697,-40.36364],[-71.65838,-40.34816],[-71.67008,-40.34385],[-71.6701,-40.33235],[-71.67697,-40.32612],[-71.67157,-40.31528],[-71.67264,-40.30915],[-71.68477,-40.29402],[-71.71701,-40.27925],[-71.71877,-40.28647],[-71.72818,-40.29322],[-71.73607,-40.30572],[-71.74716,-40.30647],[-71.75467,-40.30305],[-71.76124,-40.29837],[-71.75583,-40.29216],[-71.76209,-40.27639],[-71.78497,-40.26877],[-71.78831,-40.26372],[-71.78509,-40.25911],[-71.80017,-40.25442],[-71.79736,-40.24744],[-71.80384,-40.24217],[-71.80705,-40.23341],[-71.82315,-40.23291],[-71.83007,-40.21533],[-71.8283,-40.20581],[-71.81759,-40.20547],[-71.8065,-40.19262],[-71.79915,-40.1887],[-71.80045,-40.18483],[-71.81885,-40.18027],[-71.82822,-40.17375],[-71.81907,-40.15857],[-71.81258,-40.15659],[-71.8095,-40.15041],[-71.81438,-40.1427],[-71.81101,-40.13777],[-71.79922,-40.13719],[-71.80531,-40.12184],[-71.80135,-40.11534],[-71.80398,-40.10927],[-71.81012,-40.10777],[-71.81124,-40.10361],[-71.82673,-40.11087],[-71.83137,-40.10594],[-71.82782,-40.10166],[-71.8264,-40.08956],[-71.81074,-40.08036],[-71.78785,-40.08874],[-71.75073,-40.09435],[-71.7011,-40.11621],[-71.69528,-40.11636],[-71.68933,-40.11368],[-71.69018,-40.10989],[-71.67544,-40.10496],[-71.66765,-40.08913],[-71.67459,-40.08106],[-71.66654,-40.07315],[-71.68604,-40.04377],[-71.68889,-40.03213],[-71.67261,-40.02375],[-71.67034,-40.00289],[-71.66545,-39.99747],[-71.66778,-39.99471],[-71.65869,-39.9891],[-71.65143,-39.97221],[-71.63373,-39.96866],[-71.62519,-39.97656],[-71.61996,-39.97283],[-71.61948,-39.96331],[-71.61485,-39.9561],[-71.62528,-39.93918],[-71.59863,-39.9295],[-71.60311,-39.91782],[-71.59404,-39.91128],[-71.59682,-39.90887],[-71.59292,-39.90046],[-71.59627,-39.89142],[-71.61297,-39.87476],[-71.63192,-39.88246],[-71.63692,-39.87042],[-71.63567,-39.85995],[-71.64439,-39.85305],[-71.656,-39.85561],[-71.66928,-39.8634],[-71.68472,-39.85604],[-71.69193,-39.84004],[-71.68589,-39.83425],[-71.69152,-39.8239],[-71.68455,-39.81977],[-71.67975,-39.81157],[-71.66739,-39.80702],[-71.68362,-39.80127],[-71.67789,-39.79399],[-71.68552,-39.77626],[-71.68084,-39.76853],[-71.68667,-39.75599],[-71.70237,-39.74565],[-71.70847,-39.73726],[-71.71243,-39.72484],[-71.70449,-39.72189],[-71.70056,-39.71031],[-71.69428,-39.70626],[-71.70347,-39.7008],[-71.70411,-39.69556],[-71.67081,-39.69212],[-71.66945,-39.68294],[-71.6729,-39.67843],[-71.68473,-39.67933],[-71.68891,-39.67673],[-71.69455,-39.65806],[-71.69859,-39.66018],[-71.70571,-39.65291],[-71.71565,-39.64972],[-71.71583,-39.63432],[-71.70027,-39.63352],[-71.69477,-39.62424],[-71.69827,-39.6132],[-71.69588,-39.60351],[-71.69856,-39.59637],[-71.6953,-39.59394],[-71.69859,-39.58708],[-71.68995,-39.58166],[-71.68917,-39.57416],[-71.68379,-39.56748],[-71.67347,-39.56401],[-71.67136,-39.56997],[-71.65833,-39.57993],[-71.65647,-39.58667],[-71.63474,-39.58603],[-71.62383,-39.59252],[-71.61086,-39.61412],[-71.61398,-39.62255],[-71.60997,-39.62802],[-71.60033,-39.62786],[-71.57512,-39.63572],[-71.55197,-39.62502],[-71.54281,-39.62381],[-71.52323,-39.62666],[-71.50605,-39.63561],[-71.5021,-39.63525],[-71.49677,-39.61931],[-71.48009,-39.60845],[-71.47081,-39.59156],[-71.46112,-39.58286],[-71.47534,-39.57226],[-71.47414,-39.56306],[-71.46756,-39.55986],[-71.47043,-39.55245],[-71.48025,-39.55084],[-71.50436,-39.55909],[-71.51107,-39.552],[-71.51134,-39.5472],[-71.53087,-39.53815],[-71.53392,-39.52765],[-71.52946,-39.51821],[-71.51802,-39.51205],[-71.51811,-39.50403],[-71.4731,-39.49319],[-71.46325,-39.47101],[-71.46221,-39.45406],[-71.4475,-39.45096],[-71.45146,-39.44035],[-71.45036,-39.42544],[-71.46092,-39.42393],[-71.46445,-39.41722],[-71.45389,-39.41013],[-71.44535,-39.40846],[-71.44436,-39.40372],[-71.44477,-39.39871],[-71.4549,-39.38879],[-71.45648,-39.3699],[-71.44762,-39.37165],[-71.44197,-39.36871],[-71.43431,-39.37182],[-71.4287,-39.36522],[-71.42372,-39.36597],[-71.41442,-39.35943],[-71.41071,-39.35254],[-71.40221,-39.352],[-71.39488,-39.34144],[-71.39616,-39.32739],[-71.39344,-39.32153],[-71.38552,-39.31843],[-71.39517,-39.30249],[-71.38643,-39.28616],[-71.37432,-39.28372],[-71.37553,-39.26808],[-71.38883,-39.26531],[-71.39164,-39.25851],[-71.39212,-39.24963],[-71.38236,-39.23846],[-71.38761,-39.2349],[-71.39207,-39.21598],[-71.38148,-39.21621],[-71.38122,-39.21191],[-71.38535,-39.20257],[-71.39543,-39.19317],[-71.39475,-39.18886],[-71.40015,-39.1851],[-71.39713,-39.17753],[-71.40115,-39.16603],[-71.41318,-39.16386],[-71.42045,-39.14948],[-71.41141,-39.14116],[-71.41951,-39.12362],[-71.41501,-39.1197],[-71.4175,-39.11437],[-71.40735,-39.09662],[-71.41262,-39.08641],[-71.41303,-39.07757],[-71.41822,-39.07055],[-71.4068,-39.05148],[-71.39733,-39.04572],[-71.40171,-39.03694],[-71.42184,-39.025],[-71.41355,-39.00976],[-71.42685,-39.00142],[-71.42749,-38.99358],[-71.44113,-38.98105],[-71.44047,-38.9776],[-71.43429,-38.97689],[-71.43213,-38.96746],[-71.43213,-38.96228],[-71.43671,-38.95841],[-71.43549,-38.9462],[-71.43867,-38.94244],[-71.43282,-38.93387],[-71.43345,-38.92907],[-71.42561,-38.92164],[-71.41426,-38.92228],[-71.39853,-38.91625],[-71.38954,-38.90708],[-71.37468,-38.90669],[-71.36322,-38.89195],[-71.33909,-38.87762],[-71.32972,-38.8743],[-71.32104,-38.88012],[-71.3157,-38.87981],[-71.29568,-38.87211],[-71.28684,-38.86453],[-71.28354,-38.85697],[-71.27875,-38.85891],[-71.26789,-38.85282],[-71.26518,-38.84628],[-71.26847,-38.82784],[-71.26071,-38.8236],[-71.25834,-38.81481],[-71.25151,-38.81625],[-71.24068,-38.80781],[-71.23882,-38.80292],[-71.23566,-38.80283],[-71.23075,-38.80955],[-71.212,-38.81558],[-71.185,-38.81378],[-71.18519,-38.80681],[-71.18084,-38.80231],[-71.14873,-38.79899],[-71.13651,-38.78247],[-71.12279,-38.77703],[-71.11785,-38.78109],[-71.11783,-38.77649],[-71.10693,-38.77353],[-71.09498,-38.75463],[-71.06905,-38.76912],[-71.05248,-38.75757],[-71.03829,-38.7594],[-71.0328,-38.75684],[-71.0002,-38.76985],[-70.9945,-38.76311],[-70.98464,-38.76376],[-70.98217,-38.76036],[-70.92905,-38.76377],[-70.92281,-38.76041],[-70.91311,-38.74789],[-70.90625,-38.7301],[-70.89523,-38.72064],[-70.89057,-38.72121],[-70.88656,-38.7111],[-70.88806,-38.7071],[-70.88331,-38.70174],[-70.88535,-38.69704],[-70.89232,-38.6959],[-70.90021,-38.68846],[-70.9057,-38.67431],[-70.90429,-38.66723],[-70.8966,-38.66278],[-70.89531,-38.65487],[-70.88357,-38.64228],[-70.87326,-38.63948],[-70.86568,-38.63318],[-70.8613,-38.62429],[-70.83581,-38.61245],[-70.83293,-38.60691],[-70.8355,-38.60401],[-70.827,-38.5969],[-70.83012,-38.5895],[-70.83579,-38.58619],[-70.83302,-38.56821],[-70.83726,-38.56386],[-70.83504,-38.55322],[-70.84546,-38.53567],[-70.86362,-38.52349],[-70.8658,-38.51459],[-70.89861,-38.50936],[-70.91049,-38.5039],[-70.91138,-38.49818],[-70.92642,-38.48673],[-70.9288,-38.47388],[-70.94539,-38.46041],[-70.95754,-38.44433],[-70.97722,-38.44281],[-70.98347,-38.43133],[-70.9798,-38.41499],[-70.9862,-38.39728],[-70.98397,-38.38787],[-70.9865,-38.37362],[-70.98225,-38.36372],[-70.99638,-38.3558],[-70.99586,-38.34211],[-71.00256,-38.32466],[-71.00342,-38.30753],[-70.99902,-38.30558],[-70.99789,-38.2908],[-71.01046,-38.28257],[-71.00899,-38.26169],[-71.03215,-38.24949],[-71.01833,-38.24024],[-71.01534,-38.22691],[-71.02086,-38.21446],[-71.01239,-38.21029],[-71.00116,-38.21063],[-70.99659,-38.20195],[-70.99597,-38.17103],[-71.0106,-38.16157],[-71.00965,-38.1533],[-71.02414,-38.1499],[-71.02405,-38.14364],[-71.03151,-38.13154],[-71.04442,-38.12254],[-71.02436,-38.11269],[-70.98864,-38.1098],[-70.98314,-38.10513],[-70.98846,-38.08767],[-70.99285,-38.08278],[-71.01222,-38.07971],[-71.02614,-38.06128],[-71.04578,-38.05405],[-71.05544,-38.0437],[-71.0521,-38.0419],[-71.05124,-38.0273],[-71.06304,-38.01721],[-71.05858,-38.00995],[-71.05978,-38.00136],[-71.05345,-37.99786],[-71.05155,-37.99165],[-71.06062,-37.99382],[-71.06829,-37.98817],[-71.06849,-37.98083],[-71.06178,-37.97037],[-71.07854,-37.96372],[-71.08979,-37.96494],[-71.10357,-37.95466],[-71.11413,-37.95173],[-71.10806,-37.93402],[-71.10985,-37.92352],[-71.11353,-37.92115],[-71.10618,-37.90705],[-71.09928,-37.90188],[-71.1063,-37.89996],[-71.10702,-37.89138],[-71.12533,-37.87891],[-71.12743,-37.87118],[-71.14004,-37.85959],[-71.15837,-37.85746],[-71.17008,-37.86217],[-71.18282,-37.85862],[-71.18142,-37.85552],[-71.1734,-37.85715],[-71.1656,-37.85414],[-71.16014,-37.83975],[-71.14266,-37.83787],[-71.12999,-37.83186],[-71.12605,-37.82128],[-71.12798,-37.81774],[-71.13983,-37.81672],[-71.15332,-37.80899],[-71.15206,-37.80211],[-71.15863,-37.79205],[-71.16945,-37.78595],[-71.17052,-37.78],[-71.15666,-37.77073],[-71.15591,-37.75679],[-71.16278,-37.75445],[-71.16593,-37.74738],[-71.18482,-37.73551],[-71.18533,-37.72688],[-71.18968,-37.72339],[-71.1881,-37.71453],[-71.19037,-37.71114],[-71.21045,-37.69785],[-71.21212,-37.68803],[-71.19947,-37.66352],[-71.20277,-37.65621],[-71.20176,-37.65033],[-71.20594,-37.64758],[-71.19937,-37.64509],[-71.19363,-37.63059],[-71.17837,-37.61542],[-71.17053,-37.61141],[-71.16092,-37.61452],[-71.14778,-37.60897],[-71.12882,-37.58849],[-71.12566,-37.5815],[-71.13364,-37.56292],[-71.13188,-37.55323],[-71.13684,-37.54596],[-71.15018,-37.53905],[-71.13212,-37.52904],[-71.12855,-37.51062],[-71.12252,-37.50369],[-71.12408,-37.49632],[-71.11746,-37.48909],[-71.12049,-37.47382],[-71.11825,-37.46967],[-71.11967,-37.45812],[-71.12768,-37.44863],[-71.14188,-37.44121],[-71.15551,-37.39861],[-71.18136,-37.39595],[-71.19951,-37.37987],[-71.19805,-37.37357],[-71.20184,-37.36529],[-71.19107,-37.36223],[-71.18635,-37.3563],[-71.19502,-37.34276],[-71.20742,-37.33935],[-71.20687,-37.31975],[-71.21096,-37.31514],[-71.21051,-37.30977],[-71.21543,-37.30626],[-71.21735,-37.29386],[-71.21459,-37.28354],[-71.22104,-37.27511],[-71.21397,-37.27235],[-71.18705,-37.27598],[-71.18452,-37.25963],[-71.17377,-37.25994],[-71.17213,-37.25202],[-71.16244,-37.24742],[-71.15587,-37.23422],[-71.15817,-37.23017],[-71.17042,-37.22539],[-71.1424,-37.22067],[-71.12233,-37.21286],[-71.1149,-37.20681],[-71.12158,-37.19296],[-71.12801,-37.18749],[-71.12904,-37.17209],[-71.13579,-37.16298],[-71.13441,-37.14185],[-71.09578,-37.12561],[-71.09277,-37.11448],[-71.09833,-37.10693],[-71.10511,-37.10614],[-71.11074,-37.09549],[-71.12197,-37.09124],[-71.11999,-37.07548],[-71.12209,-37.07215],[-71.12808,-37.06963],[-71.13505,-37.07211],[-71.14111,-37.06841],[-71.14045,-37.06383],[-71.14402,-37.0615],[-71.13732,-37.05297],[-71.14369,-37.03092],[-71.14878,-37.02161],[-71.15513,-37.01743],[-71.15844,-37.00882],[-71.16636,-37.00583],[-71.1672,-36.99734],[-71.18814,-36.99634],[-71.19744,-36.98747],[-71.2137,-36.98559],[-71.22173,-36.98107],[-71.22133,-36.97533],[-71.20209,-36.97453],[-71.18498,-36.96836],[-71.17405,-36.96831],[-71.17184,-36.97388],[-71.16414,-36.97834],[-71.14977,-36.98133],[-71.13097,-36.97839],[-71.1263,-36.97198],[-71.11885,-36.96903],[-71.10482,-36.97025],[-71.0881,-36.9376],[-71.08842,-36.92896],[-71.09693,-36.92524],[-71.10536,-36.92855],[-71.11245,-36.92435],[-71.11948,-36.93091],[-71.12903,-36.92808],[-71.14457,-36.92884],[-71.14379,-36.91989],[-71.14805,-36.91554],[-71.14924,-36.90082],[-71.13991,-36.89593],[-71.12999,-36.87402],[-71.12321,-36.86938],[-71.12232,-36.86338],[-71.13903,-36.85317],[-71.16301,-36.86124],[-71.17968,-36.84364],[-71.16215,-36.81876],[-71.15257,-36.82729],[-71.14331,-36.8244],[-71.14276,-36.81948],[-71.13173,-36.81393],[-71.13343,-36.80905],[-71.12811,-36.7913],[-71.12823,-36.76341],[-71.11804,-36.75147],[-71.12011,-36.73922],[-71.11147,-36.72696],[-71.11366,-36.71949],[-71.11176,-36.71376],[-71.11956,-36.70043],[-71.11461,-36.69192],[-71.11294,-36.67897],[-71.08571,-36.67804],[-71.07975,-36.68854],[-71.07821,-36.70487],[-71.066,-36.71407],[-71.04539,-36.70419],[-71.03015,-36.70237],[-71.02342,-36.69734],[-71.01599,-36.69871],[-71.00941,-36.69106],[-71.00732,-36.68388],[-71.01359,-36.6741],[-71.01141,-36.66441],[-71.02802,-36.66146],[-71.02948,-36.65025],[-71.04004,-36.6492],[-71.04325,-36.64438],[-71.04526,-36.62591],[-71.0574,-36.61851],[-71.0473,-36.60687],[-71.04915,-36.59821],[-71.04633,-36.59451],[-71.04686,-36.58183],[-71.05262,-36.57664],[-71.05551,-36.56648],[-71.05027,-36.56407],[-71.04922,-36.55876],[-71.0436,-36.55588],[-71.04082,-36.55009],[-71.05042,-36.52586],[-71.0437,-36.51446],[-71.03523,-36.51022],[-71.03918,-36.50065],[-71.03566,-36.49449],[-71.03803,-36.47653],[-71.02526,-36.47162],[-71.01284,-36.47964],[-71.01041,-36.48761],[-70.9985,-36.48659],[-70.98989,-36.49517],[-70.97884,-36.49368],[-70.97225,-36.50279],[-70.95489,-36.50346],[-70.95223,-36.49674],[-70.94882,-36.49683],[-70.9427,-36.49001],[-70.93386,-36.49117],[-70.93382,-36.48692],[-70.92829,-36.48381],[-70.92807,-36.47443],[-70.90408,-36.47477],[-70.8894,-36.46612],[-70.88795,-36.46077],[-70.89448,-36.45199],[-70.88698,-36.43604],[-70.89067,-36.43481],[-70.89109,-36.42272],[-70.88716,-36.41505],[-70.89031,-36.40567],[-70.88884,-36.39893],[-70.88379,-36.39619],[-70.86561,-36.39696],[-70.8703,-36.4095],[-70.84672,-36.41957],[-70.83653,-36.41483],[-70.83307,-36.40602],[-70.81786,-36.3952],[-70.79382,-36.41966],[-70.79002,-36.42865],[-70.77349,-36.4286],[-70.76106,-36.4189],[-70.75549,-36.40869],[-70.74748,-36.40588],[-70.74022,-36.40823],[-70.73525,-36.41607],[-70.73922,-36.42947],[-70.71353,-36.42742],[-70.70003,-36.40904],[-70.69361,-36.40992],[-70.68821,-36.40682],[-70.68765,-36.4001],[-70.67936,-36.38925],[-70.67922,-36.37705],[-70.68211,-36.37183],[-70.68802,-36.36966],[-70.69238,-36.3597],[-70.70186,-36.35996],[-70.70204,-36.35189],[-70.7098,-36.34937],[-70.71199,-36.34449],[-70.71151,-36.33934],[-70.70626,-36.33678],[-70.70299,-36.32152],[-70.68756,-36.31058],[-70.68446,-36.30477],[-70.68901,-36.30102],[-70.68448,-36.28591],[-70.68614,-36.2829],[-70.70424,-36.27897],[-70.70623,-36.27297],[-70.68982,-36.2574],[-70.68004,-36.25519],[-70.67964,-36.25142],[-70.66345,-36.24196],[-70.63806,-36.2426],[-70.62492,-36.22687],[-70.63353,-36.21646],[-70.60825,-36.20644],[-70.60512,-36.19687],[-70.59837,-36.19122],[-70.58626,-36.18964],[-70.58322,-36.18281],[-70.57135,-36.17531],[-70.57451,-36.16396],[-70.57312,-36.15775],[-70.57879,-36.15616],[-70.58316,-36.14666],[-70.57689,-36.13771],[-70.56925,-36.13248],[-70.56017,-36.13848],[-70.53039,-36.14319],[-70.52302,-36.14777],[-70.52266,-36.15194],[-70.51013,-36.15589],[-70.50595,-36.1682],[-70.49835,-36.17076],[-70.49051,-36.17894],[-70.46923,-36.17158],[-70.44817,-36.17241],[-70.44154,-36.16324],[-70.42094,-36.15616],[-70.42166,-36.14368],[-70.41801,-36.13579],[-70.42176,-36.12115],[-70.41489,-36.10877],[-70.41542,-36.10452],[-70.42528,-36.09892],[-70.42557,-36.09597],[-70.42315,-36.09079],[-70.4192,-36.0898],[-70.41453,-36.06606],[-70.40914,-36.05429],[-70.39179,-36.0532],[-70.38699,-36.04771],[-70.37227,-36.04375],[-70.3698,-36.03454],[-70.38075,-36.02481],[-70.3827,-36.00354],[-70.37704,-35.99543],[-70.37846,-35.99109],[-70.3932,-35.98185],[-70.41834,-35.9777],[-70.42301,-35.97218],[-70.41689,-35.96516],[-70.41736,-35.96033],[-70.40516,-35.9534],[-70.39203,-35.95214],[-70.3864,-35.9393],[-70.37873,-35.9371],[-70.37791,-35.93294],[-70.36554,-35.92402],[-70.40864,-35.92252],[-70.41283,-35.91774],[-70.42273,-35.91559],[-70.42632,-35.90465],[-70.42306,-35.88878],[-70.41992,-35.88618],[-70.42183,-35.87672],[-70.40543,-35.86686],[-70.39024,-35.87076],[-70.37971,-35.86574],[-70.37742,-35.8489],[-70.36908,-35.84148],[-70.35732,-35.8427],[-70.35067,-35.83712],[-70.33801,-35.83317],[-70.32751,-35.8224],[-70.31653,-35.81973],[-70.31384,-35.81304],[-70.32322,-35.81045],[-70.33723,-35.79554],[-70.34665,-35.80074],[-70.35857,-35.80112],[-70.36619,-35.79148],[-70.37825,-35.78836],[-70.37591,-35.77749],[-70.37997,-35.76694],[-70.37447,-35.76417],[-70.37123,-35.75786],[-70.35867,-35.75388],[-70.35829,-35.74924],[-70.36963,-35.73622],[-70.36718,-35.73172],[-70.36919,-35.72058],[-70.37329,-35.71674],[-70.37454,-35.7015],[-70.38636,-35.6924],[-70.38656,-35.68765],[-70.39911,-35.68605],[-70.40646,-35.67294],[-70.39876,-35.66217],[-70.40852,-35.65683],[-70.41131,-35.64456],[-70.42335,-35.64053],[-70.41853,-35.63027],[-70.40345,-35.62783],[-70.39254,-35.6107],[-70.3847,-35.60533],[-70.39074,-35.59268],[-70.39832,-35.58799],[-70.39648,-35.58321],[-70.40369,-35.56286],[-70.40967,-35.55969],[-70.41073,-35.54882],[-70.40581,-35.54548],[-70.41373,-35.52904],[-70.41201,-35.52583],[-70.39714,-35.52546],[-70.395,-35.51874],[-70.38741,-35.5159],[-70.3683,-35.52155],[-70.38675,-35.50828],[-70.39478,-35.48717],[-70.40206,-35.48999],[-70.41595,-35.48827],[-70.44649,-35.46244],[-70.44554,-35.45065],[-70.43279,-35.44688],[-70.43484,-35.43671],[-70.45256,-35.42795],[-70.45049,-35.42188],[-70.4452,-35.42154],[-70.43853,-35.41398],[-70.44708,-35.40819],[-70.45194,-35.39075],[-70.42317,-35.37088],[-70.42467,-35.36575],[-70.41813,-35.35416],[-70.43563,-35.33214],[-70.43681,-35.32482],[-70.43225,-35.31912],[-70.44949,-35.3154],[-70.46151,-35.31953],[-70.46768,-35.31298],[-70.4995,-35.32123],[-70.50524,-35.31952],[-70.51238,-35.31047],[-70.56616,-35.29944],[-70.58359,-35.26777],[-70.57865,-35.26511],[-70.58023,-35.25833],[-70.57321,-35.25716],[-70.57244,-35.24952],[-70.56474,-35.24151],[-70.56386,-35.23484],[-70.56795,-35.22368],[-70.55789,-35.21942],[-70.55175,-35.21022],[-70.53605,-35.1991],[-70.52467,-35.19572],[-70.5252,-35.20278],[-70.52053,-35.20568],[-70.50107,-35.20128],[-70.47157,-35.20359],[-70.45699,-35.1919],[-70.45285,-35.19066],[-70.44798,-35.19555],[-70.43884,-35.1934],[-70.42302,-35.1838],[-70.40225,-35.17975],[-70.3871,-35.16974],[-70.37969,-35.17326],[-70.37458,-35.16966],[-70.37665,-35.1663],[-70.37052,-35.1541],[-70.37187,-35.15071],[-70.36179,-35.13667],[-70.37013,-35.11184],[-70.3579,-35.09769],[-70.36906,-35.09351],[-70.37359,-35.08531],[-70.37193,-35.06293],[-70.37625,-35.04923],[-70.37235,-35.04156],[-70.36038,-35.03477],[-70.36135,-35.02079],[-70.36645,-35.01674],[-70.36467,-35.00546],[-70.3573,-35.00135],[-70.3558,-34.99664],[-70.34244,-34.99438],[-70.33435,-34.99057],[-70.33127,-34.98527],[-70.33105,-34.97928],[-70.32756,-34.97727],[-70.3304,-34.97243],[-70.33086,-34.93605],[-70.31969,-34.93216],[-70.3016,-34.8994],[-70.28976,-34.89231],[-70.29095,-34.88343],[-70.27654,-34.87586],[-70.27569,-34.87283],[-70.28072,-34.86868],[-70.2766,-34.85944],[-70.27883,-34.85132],[-70.26267,-34.83303],[-70.25666,-34.81326],[-70.25831,-34.80733],[-70.249,-34.79991],[-70.25299,-34.7934],[-70.26985,-34.79172],[-70.27908,-34.78701],[-70.28285,-34.78072],[-70.29386,-34.77883],[-70.3005,-34.77162],[-70.30931,-34.76948],[-70.30596,-34.747],[-70.29424,-34.73912],[-70.28297,-34.73571],[-70.27204,-34.73693],[-70.25841,-34.72986],[-70.26211,-34.72302],[-70.25824,-34.72122],[-70.24752,-34.69408],[-70.22362,-34.68138],[-70.21539,-34.68336],[-70.21529,-34.67084],[-70.21291,-34.66977],[-70.21483,-34.66161],[-70.22036,-34.65855],[-70.21919,-34.65013],[-70.22401,-34.64141],[-70.21613,-34.62051],[-70.21705,-34.61151],[-70.20438,-34.60206],[-70.19956,-34.60226],[-70.20488,-34.59633],[-70.1903,-34.58917],[-70.19483,-34.5803],[-70.19133,-34.57555],[-70.17732,-34.57382],[-70.16938,-34.56441],[-70.16905,-34.55729],[-70.14471,-34.53257],[-70.14594,-34.52584],[-70.13037,-34.50192],[-70.12872,-34.49354],[-70.1319,-34.49011],[-70.12961,-34.48576],[-70.11771,-34.47624],[-70.10243,-34.48269],[-70.0805,-34.47114],[-70.07958,-34.46671],[-70.0637,-34.45088],[-70.05495,-34.44925],[-70.04843,-34.438],[-70.04772,-34.43056],[-70.0409,-34.42325],[-70.02995,-34.42431],[-70.02111,-34.41491],[-70.01285,-34.41247],[-70.00938,-34.39361],[-70.01608,-34.38156],[-70.02325,-34.37572],[-70.02533,-34.36674],[-70.01665,-34.3527],[-70.01884,-34.34661],[-70.01532,-34.33355],[-70.02237,-34.30761],[-70.03154,-34.2936],[-70.03062,-34.28757],[-70.01899,-34.28072],[-70.01978,-34.27678],[-70.01409,-34.27391],[-70.01115,-34.2662],[-70.00302,-34.26129],[-69.98785,-34.26122],[-69.98427,-34.25548],[-69.9727,-34.24957],[-69.95522,-34.25899],[-69.94253,-34.27182],[-69.94011,-34.28026],[-69.93056,-34.28135],[-69.92165,-34.28955],[-69.90953,-34.29102],[-69.89807,-34.28478],[-69.89935,-34.26982],[-69.89566,-34.26489],[-69.88483,-34.26383],[-69.87447,-34.26714],[-69.85647,-34.26129],[-69.85348,-34.25584],[-69.82771,-34.2559],[-69.8235,-34.24861],[-69.80574,-34.24627],[-69.80253,-34.2345],[-69.80541,-34.22626],[-69.80199,-34.22489],[-69.79718,-34.21064],[-69.80139,-34.19355],[-69.81033,-34.18665],[-69.81527,-34.17746],[-69.83228,-34.16828],[-69.83511,-34.16021],[-69.86098,-34.14158],[-69.86985,-34.14083],[-69.87326,-34.13259],[-69.86983,-34.12404],[-69.85604,-34.11588],[-69.86014,-34.10337],[-69.84146,-34.095],[-69.83481,-34.08872],[-69.83253,-34.07109],[-69.84832,-34.0683],[-69.85395,-34.05509],[-69.84937,-34.05127],[-69.84352,-34.03594],[-69.8217,-34.01593],[-69.82258,-34.01091],[-69.84004,-34.00681],[-69.84102,-33.99226],[-69.85736,-33.9635],[-69.87478,-33.96485],[-69.88384,-33.97643],[-69.90027,-33.97074],[-69.90508,-33.9653],[-69.90056,-33.94912],[-69.89239,-33.94053],[-69.89428,-33.93554],[-69.88975,-33.9199],[-69.87632,-33.91415],[-69.87243,-33.9064],[-69.85579,-33.89284],[-69.85686,-33.88547],[-69.86766,-33.88122],[-69.87411,-33.86028],[-69.88401,-33.8555],[-69.88556,-33.85092],[-69.89886,-33.847],[-69.89592,-33.83552],[-69.89834,-33.8298],[-69.89479,-33.82547],[-69.89677,-33.81252],[-69.8931,-33.80604],[-69.89585,-33.8009],[-69.89372,-33.79089],[-69.90358,-33.77905],[-69.90391,-33.77068],[-69.89665,-33.75613],[-69.87657,-33.73762],[-69.87802,-33.73434],[-69.86478,-33.71478],[-69.87418,-33.69316],[-69.88463,-33.68334],[-69.87971,-33.65902],[-69.87151,-33.65434],[-69.87779,-33.64611],[-69.87472,-33.64067],[-69.87486,-33.62429],[-69.88076,-33.61811],[-69.87459,-33.60146],[-69.86759,-33.59573],[-69.86555,-33.58277],[-69.87379,-33.55437],[-69.87163,-33.5387],[-69.8603,-33.53254],[-69.84862,-33.52108],[-69.83526,-33.51517],[-69.83005,-33.48025],[-69.82727,-33.47485],[-69.8177,-33.47227],[-69.81533,-33.46879],[-69.82064,-33.46232],[-69.82181,-33.45287],[-69.81459,-33.44372],[-69.81974,-33.43033],[-69.80734,-33.42414],[-69.79764,-33.42416],[-69.79618,-33.4199],[-69.80003,-33.40485],[-69.81203,-33.39202],[-69.79657,-33.3965],[-69.78688,-33.39256],[-69.77827,-33.38378],[-69.77036,-33.35761],[-69.76981,-33.34327],[-69.80011,-33.28767],[-69.81584,-33.28873],[-69.83176,-33.27527],[-69.84093,-33.27178],[-69.86055,-33.28297],[-69.87461,-33.27624],[-69.88636,-33.27854],[-69.90428,-33.27303],[-69.90876,-33.2699],[-69.91762,-33.24459],[-69.92117,-33.24581],[-69.91528,-33.25634],[-69.91647,-33.26691],[-69.93689,-33.27629],[-69.9438,-33.28403],[-69.94946,-33.28149],[-69.95191,-33.28683],[-69.96826,-33.29988],[-69.97155,-33.31069],[-70.00277,-33.3226],[-70.00899,-33.31644],[-70.00765,-33.31213],[-70.01186,-33.3012],[-70.00636,-33.28563],[-70.03842,-33.26976],[-70.03449,-33.255],[-70.02795,-33.24648],[-70.02793,-33.2323],[-70.05493,-33.22576],[-70.0646,-33.20494],[-70.0606,-33.19505],[-70.06548,-33.17995],[-70.05764,-33.17201],[-70.06742,-33.15583],[-70.06514,-33.15193],[-70.05666,-33.1488],[-70.05222,-33.13534],[-70.0758,-33.12118],[-70.07185,-33.10847],[-70.06626,-33.10386],[-70.07115,-33.09518],[-70.06755,-33.08895],[-70.07569,-33.06374],[-70.09313,-33.05144],[-70.08632,-33.04555],[-70.08769,-33.03927],[-70.08137,-33.02917],[-70.05946,-33.02899],[-70.0434,-33.02336],[-70.03585,-33.02373],[-70.02024,-33.00692],[-70.02187,-32.9814],[-70.02731,-32.96957],[-70.02104,-32.96443],[-70.02027,-32.95649],[-70.00784,-32.9527],[-70.00112,-32.94651],[-70.00754,-32.93098],[-69.99912,-32.91628],[-69.99175,-32.91176],[-69.98943,-32.8989],[-70.00238,-32.8832],[-70.0444,-32.87006],[-70.05623,-32.85736],[-70.05217,-32.83735],[-70.05621,-32.8311],[-70.07884,-32.82303],[-70.08655,-32.8061],[-70.09268,-32.80155],[-70.10802,-32.80052],[-70.1115,-32.77471],[-70.11571,-32.76728],[-70.13188,-32.75561],[-70.13201,-32.7453],[-70.13682,-32.73995],[-70.13742,-32.73206],[-70.14747,-32.72887],[-70.14278,-32.69285],[-70.14285,-32.67887],[-70.14943,-32.65767],[-70.14615,-32.65187],[-70.1517,-32.64543],[-70.15321,-32.63406],[-70.17215,-32.62218],[-70.16545,-32.61594],[-70.16311,-32.59791],[-70.15005,-32.58139],[-70.12617,-32.57616],[-70.1279,-32.56491],[-70.12524,-32.55735],[-70.12792,-32.55179],[-70.12344,-32.54467],[-70.12321,-32.53519],[-70.1306,-32.52483],[-70.13037,-32.51962],[-70.14098,-32.49794],[-70.13573,-32.49212],[-70.13633,-32.48723],[-70.14424,-32.48065],[-70.15222,-32.46301],[-70.15804,-32.4627],[-70.16531,-32.45553],[-70.17435,-32.45255],[-70.1932,-32.44986],[-70.19779,-32.44363],[-70.21371,-32.43824],[-70.21814,-32.42866],[-70.23263,-32.43118],[-70.23633,-32.42857],[-70.23756,-32.41737],[-70.23486,-32.4137],[-70.23767,-32.40289],[-70.23162,-32.39103],[-70.22224,-32.38965],[-70.21753,-32.38188],[-70.2262,-32.37154],[-70.22899,-32.35802],[-70.21991,-32.3459],[-70.21793,-32.3337],[-70.22522,-32.32258],[-70.24068,-32.31694],[-70.24874,-32.30584],[-70.25766,-32.30415],[-70.26217,-32.29195],[-70.28382,-32.29262],[-70.29286,-32.28731],[-70.29658,-32.2784],[-70.31926,-32.27331],[-70.3225,-32.26823],[-70.32198,-32.259],[-70.30516,-32.23244],[-70.31085,-32.22117],[-70.30315,-32.21201],[-70.30169,-32.20481],[-70.30993,-32.19876],[-70.30793,-32.18732],[-70.31643,-32.17894],[-70.31247,-32.16539],[-70.31701,-32.15937],[-70.3146,-32.15034],[-70.30532,-32.14191],[-70.30474,-32.13514],[-70.31374,-32.13072],[-70.31863,-32.13167],[-70.32315,-32.12665],[-70.32652,-32.12774],[-70.33996,-32.11153],[-70.34148,-32.10789],[-70.33835,-32.10312],[-70.34976,-32.08773],[-70.34073,-32.08392],[-70.33559,-32.07734],[-70.33547,-32.07033],[-70.35849,-32.05781],[-70.3806,-32.0513],[-70.38794,-32.04554],[-70.38597,-32.0386],[-70.37974,-32.0339],[-70.3816,-32.02972],[-70.37757,-32.02517],[-70.35274,-32.02584],[-70.34689,-32.03933],[-70.33865,-32.04467],[-70.3223,-32.04979],[-70.30576,-32.04733],[-70.29631,-32.05245],[-70.28854,-32.05125],[-70.28395,-32.03816],[-70.2717,-32.03437],[-70.26358,-32.03787],[-70.26016,-32.02752],[-70.24835,-32.02298],[-70.24977,-32.00909],[-70.24708,-32.00343],[-70.24977,-31.99229],[-70.23562,-31.98987],[-70.22625,-31.98119],[-70.21833,-31.98196],[-70.20835,-31.97768],[-70.21073,-31.95775],[-70.21441,-31.95173],[-70.22204,-31.94798],[-70.23243,-31.92567],[-70.23883,-31.9232],[-70.24052,-31.91779],[-70.26386,-31.91098],[-70.27275,-31.89011],[-70.28096,-31.88359],[-70.3073,-31.88446],[-70.31477,-31.88084],[-70.34457,-31.88694],[-70.34741,-31.89029],[-70.36416,-31.88071],[-70.37606,-31.88507],[-70.37882,-31.88001],[-70.3921,-31.87953],[-70.40473,-31.8734],[-70.40921,-31.86664],[-70.42208,-31.8606],[-70.42701,-31.85404],[-70.44111,-31.85025],[-70.44782,-31.8515],[-70.46035,-31.84384],[-70.45942,-31.8288],[-70.45105,-31.81036],[-70.46035,-31.80527],[-70.45646,-31.79657],[-70.46257,-31.79153],[-70.46752,-31.76157],[-70.47209,-31.75887],[-70.45833,-31.73269],[-70.46612,-31.71918],[-70.46412,-31.71381],[-70.46876,-31.7079],[-70.4691,-31.69755],[-70.4878,-31.68946],[-70.49931,-31.69422],[-70.51341,-31.68955],[-70.51047,-31.66442],[-70.50403,-31.65932],[-70.50714,-31.65216],[-70.5319,-31.63771],[-70.53225,-31.63165],[-70.53918,-31.62509],[-70.5485,-31.60557],[-70.56577,-31.60121],[-70.56624,-31.59817],[-70.56174,-31.59512],[-70.56598,-31.59082],[-70.56719,-31.58346],[-70.55868,-31.57471],[-70.56267,-31.56153],[-70.55641,-31.53115],[-70.55774,-31.51801],[-70.55208,-31.51095],[-70.56728,-31.4999],[-70.56218,-31.48202],[-70.56938,-31.47629],[-70.56947,-31.47276],[-70.56065,-31.45835],[-70.55192,-31.45508],[-70.54894,-31.44917],[-70.55223,-31.44222],[-70.54801,-31.4353],[-70.56036,-31.42041],[-70.54935,-31.40793],[-70.53354,-31.40894],[-70.53222,-31.40599],[-70.53947,-31.38652],[-70.53024,-31.37521],[-70.52755,-31.36541],[-70.53265,-31.3617],[-70.53299,-31.351],[-70.54249,-31.343],[-70.54032,-31.33754],[-70.54363,-31.33358],[-70.54409,-31.3183],[-70.54735,-31.31473],[-70.53534,-31.28921],[-70.53008,-31.28837],[-70.52691,-31.27844],[-70.53002,-31.27456],[-70.52597,-31.26482],[-70.52541,-31.25109],[-70.53153,-31.245],[-70.5156,-31.23038],[-70.52012,-31.2162],[-70.51386,-31.19663],[-70.52413,-31.18995],[-70.52297,-31.185],[-70.51604,-31.1742],[-70.51567,-31.1628],[-70.50877,-31.15371],[-70.50955,-31.14907],[-70.49597,-31.13653],[-70.49742,-31.12225],[-70.48613,-31.11586],[-70.47685,-31.11558],[-70.4649,-31.10331],[-70.45598,-31.08434],[-70.43261,-31.10139],[-70.42335,-31.12813],[-70.41388,-31.13805],[-70.41072,-31.14926],[-70.41377,-31.15603],[-70.40745,-31.16653],[-70.40158,-31.16704],[-70.38756,-31.15392],[-70.37617,-31.15292],[-70.36079,-31.135],[-70.36508,-31.13109],[-70.36363,-31.11903],[-70.36916,-31.11167],[-70.35641,-31.09125],[-70.34081,-31.07513],[-70.341,-31.06899],[-70.32837,-31.06278],[-70.32767,-31.055],[-70.32078,-31.04302],[-70.29811,-31.04698],[-70.28498,-31.04361],[-70.27538,-31.04762],[-70.26925,-31.04307],[-70.2708,-31.03027],[-70.27711,-31.02142],[-70.28439,-31.0202],[-70.28903,-31.02396],[-70.29756,-31.02047],[-70.29418,-31.00799],[-70.29857,-30.99681],[-70.30309,-30.99574],[-70.2932,-30.97043],[-70.29895,-30.96191],[-70.31431,-30.95448],[-70.31616,-30.93977],[-70.3231,-30.92892],[-70.31681,-30.9216],[-70.31312,-30.90509],[-70.30685,-30.89721],[-70.30728,-30.88685],[-70.29974,-30.8596],[-70.29607,-30.85706],[-70.29647,-30.84907],[-70.29342,-30.84314],[-70.28461,-30.84064],[-70.28013,-30.83125],[-70.2808,-30.81723],[-70.27723,-30.81251],[-70.29098,-30.79939],[-70.28808,-30.78711],[-70.28358,-30.7828],[-70.27952,-30.78499],[-70.27313,-30.78077],[-70.27468,-30.76234],[-70.2698,-30.74616],[-70.26077,-30.73649],[-70.24609,-30.72852],[-70.2566,-30.71272],[-70.25907,-30.69947],[-70.25204,-30.67549],[-70.24405,-30.67462],[-70.23982,-30.66849],[-70.24023,-30.66528],[-70.25041,-30.661],[-70.25094,-30.64955],[-70.24687,-30.64464],[-70.24668,-30.63382],[-70.23975,-30.62532],[-70.23818,-30.61269],[-70.22617,-30.60655],[-70.22188,-30.59894],[-70.2203,-30.58048],[-70.20678,-30.56937],[-70.20764,-30.55879],[-70.1907,-30.55043],[-70.19633,-30.53616],[-70.19063,-30.53356],[-70.19204,-30.52701],[-70.17974,-30.51337],[-70.19465,-30.49179],[-70.15002,-30.46366],[-70.13544,-30.45834],[-70.12431,-30.43704],[-70.11747,-30.43115],[-70.12535,-30.40819],[-70.13406,-30.40263],[-70.13295,-30.39895],[-70.14164,-30.38446],[-70.14415,-30.37165],[-70.15601,-30.3617],[-70.15281,-30.34431],[-70.14748,-30.34098],[-70.13713,-30.34103],[-70.10483,-30.35322],[-70.10322,-30.36756],[-70.09144,-30.37332],[-70.07997,-30.3746],[-70.08014,-30.38003],[-70.0638,-30.39425],[-70.05178,-30.38835],[-70.03043,-30.39212],[-70.02152,-30.39723],[-70.0035,-30.38786],[-70.00372,-30.38502],[-69.99545,-30.37967],[-69.98843,-30.3786],[-69.95463,-30.38528],[-69.94541,-30.37772],[-69.93456,-30.35819],[-69.92003,-30.35057],[-69.89889,-30.35523],[-69.89189,-30.34991],[-69.90516,-30.33957],[-69.90439,-30.32521],[-69.9077,-30.31619],[-69.90031,-30.30475],[-69.9022,-30.29537],[-69.89509,-30.2883],[-69.898,-30.28133],[-69.89584,-30.27357],[-69.88399,-30.27278],[-69.87886,-30.25801],[-69.88679,-30.24832],[-69.88795,-30.2384],[-69.88472,-30.23565],[-69.88764,-30.22375],[-69.88514,-30.21827],[-69.86939,-30.21097],[-69.85452,-30.21784],[-69.83519,-30.21915],[-69.82811,-30.19619],[-69.82054,-30.18943],[-69.82242,-30.18306],[-69.81722,-30.17997],[-69.82377,-30.17359],[-69.82161,-30.17116],[-69.8286,-30.16201],[-69.80996,-30.15568],[-69.80993,-30.1447],[-69.81933,-30.13337],[-69.81778,-30.12757],[-69.83167,-30.12519],[-69.84802,-30.12992],[-69.86853,-30.11321],[-69.901,-30.10603],[-69.91779,-30.11086],[-69.92916,-30.11948],[-69.93692,-30.12024],[-69.94573,-30.1137],[-69.94199,-30.10689],[-69.94485,-30.09276],[-69.96407,-30.08807],[-69.96471,-30.08429],[-69.95945,-30.08238],[-69.95846,-30.07609],[-69.96307,-30.07339],[-69.96212,-30.06894],[-69.9496,-30.06445],[-69.94087,-30.0521],[-69.93482,-30.05166],[-69.93279,-30.04502],[-69.92293,-30.03641],[-69.92395,-30.03296],[-69.91424,-30.02542],[-69.92629,-30.00643],[-69.92598,-29.99966],[-69.92119,-29.98531],[-69.91153,-29.97719],[-69.89775,-29.95684],[-69.9005,-29.95247],[-69.89618,-29.93638],[-69.90683,-29.93903],[-69.90867,-29.92884],[-69.90487,-29.9197],[-69.88835,-29.90364],[-69.89519,-29.89608],[-69.88812,-29.88624],[-69.89656,-29.87827],[-69.88452,-29.87101],[-69.87698,-29.86134],[-69.89872,-29.84828],[-69.8991,-29.82939],[-69.89288,-29.82128],[-69.9003,-29.81046],[-69.91305,-29.80691],[-69.9138,-29.80043],[-69.91191,-29.79133],[-69.90665,-29.78878],[-69.89352,-29.76737],[-69.89751,-29.7533],[-69.89143,-29.74841],[-69.88643,-29.7376],[-69.88009,-29.73437],[-69.87881,-29.72551],[-69.88712,-29.71928],[-69.88228,-29.70698],[-69.89344,-29.69398],[-69.89744,-29.69291],[-69.90843,-29.69837],[-69.91174,-29.69125],[-69.92194,-29.6839],[-69.92414,-29.66974],[-69.93317,-29.66534],[-69.93959,-29.65457],[-69.94172,-29.64582],[-69.93804,-29.62257],[-69.94117,-29.61268],[-69.9335,-29.60026],[-69.93176,-29.58365],[-69.93604,-29.56333],[-69.94607,-29.55399],[-69.94717,-29.54603],[-69.95622,-29.53479],[-69.95398,-29.53032],[-69.94942,-29.52929],[-69.95033,-29.52023],[-69.94634,-29.51871],[-69.94665,-29.51201],[-69.95347,-29.49975],[-69.94675,-29.4879],[-69.95748,-29.47664],[-69.95976,-29.47057],[-69.95579,-29.46646],[-69.98124,-29.45084],[-69.97313,-29.44166],[-69.97349,-29.43322],[-69.96699,-29.4275],[-69.96905,-29.42274],[-69.96707,-29.41276],[-69.98279,-29.40121],[-70.00965,-29.39475],[-70.02113,-29.38444],[-70.0121,-29.3689],[-70.02177,-29.35865],[-70.01687,-29.35408],[-70.01082,-29.35472],[-70.01803,-29.34289],[-70.01217,-29.34085],[-70.01349,-29.33747],[-70.02093,-29.33032],[-70.01886,-29.32141],[-69.9981,-29.30638],[-69.99623,-29.30218],[-70.00094,-29.29448],[-69.99602,-29.28421],[-69.98293,-29.27518],[-69.96956,-29.27362],[-69.96395,-29.26917],[-69.95195,-29.26656],[-69.93641,-29.24655],[-69.94055,-29.23117],[-69.94688,-29.22971],[-69.95191,-29.2159],[-69.9445,-29.20386],[-69.9522,-29.1888],[-69.92352,-29.1856],[-69.92108,-29.18084],[-69.90482,-29.1699],[-69.90129,-29.15967],[-69.88904,-29.15548],[-69.88317,-29.14356],[-69.87572,-29.13884],[-69.86748,-29.13916],[-69.85719,-29.13314],[-69.8453,-29.13381],[-69.83865,-29.12927],[-69.79205,-29.1347],[-69.78834,-29.13222],[-69.79167,-29.11403],[-69.78515,-29.10284],[-69.79152,-29.08681],[-69.79648,-29.0819],[-69.79278,-29.07513],[-69.79462,-29.06871],[-69.79089,-29.06449],[-69.79455,-29.05784],[-69.79353,-29.05014],[-69.78801,-29.0427],[-69.78958,-29.03894],[-69.78582,-29.03642],[-69.78736,-29.02724],[-69.78139,-29.01919],[-69.78477,-29.01602],[-69.77633,-29.01083],[-69.77689,-29.00501],[-69.76759,-28.98983],[-69.75445,-28.98423],[-69.76301,-28.97332],[-69.76277,-28.96635],[-69.7542,-28.95878],[-69.75427,-28.93559],[-69.76619,-28.92565],[-69.76724,-28.9091],[-69.76162,-28.90396],[-69.76627,-28.90075],[-69.75922,-28.8896],[-69.75024,-28.8868],[-69.7463,-28.88166],[-69.75035,-28.87038],[-69.74153,-28.86593],[-69.74485,-28.84956],[-69.72789,-28.84699],[-69.72214,-28.83177],[-69.71464,-28.82543],[-69.70591,-28.80651],[-69.70892,-28.78971],[-69.70672,-28.78142],[-69.70326,-28.77851],[-69.69889,-28.78013],[-69.69328,-28.77162],[-69.7016,-28.75048],[-69.72907,-28.73811],[-69.72391,-28.72785],[-69.73064,-28.72069],[-69.72491,-28.70794],[-69.73039,-28.70637],[-69.73227,-28.70167],[-69.728,-28.68966],[-69.7315,-28.6848],[-69.72523,-28.66796],[-69.70164,-28.64028],[-69.70392,-28.63351],[-69.69861,-28.6258],[-69.70326,-28.62141],[-69.69562,-28.6085],[-69.68746,-28.60403],[-69.69549,-28.59873],[-69.69517,-28.5956],[-69.68282,-28.58738],[-69.67697,-28.59125],[-69.66865,-28.58937],[-69.6689,-28.58475],[-69.66191,-28.58337],[-69.67063,-28.57283],[-69.66912,-28.55712],[-69.66817,-28.55442],[-69.66432,-28.5549],[-69.66098,-28.54192],[-69.65061,-28.53911],[-69.65137,-28.53209],[-69.6636,-28.5222],[-69.66509,-28.51138],[-69.65694,-28.50428],[-69.66616,-28.49684],[-69.66494,-28.48176],[-69.68068,-28.47095],[-69.67348,-28.46835],[-69.67236,-28.45767],[-69.66696,-28.45534],[-69.65934,-28.44462],[-69.63897,-28.44183],[-69.6377,-28.43434],[-69.63282,-28.42976],[-69.65552,-28.41549],[-69.65565,-28.41195],[-69.64748,-28.40371],[-69.64973,-28.39649],[-69.63794,-28.3893],[-69.62986,-28.39391],[-69.63475,-28.38405],[-69.62831,-28.37813],[-69.62373,-28.37823],[-69.62159,-28.38388],[-69.60977,-28.3934],[-69.59681,-28.39201],[-69.58806,-28.37793],[-69.58693,-28.35982],[-69.58315,-28.35378],[-69.55754,-28.3418],[-69.53079,-28.33472],[-69.52342,-28.32936],[-69.51977,-28.32017],[-69.52114,-28.31364],[-69.51318,-28.30773],[-69.51082,-28.2982],[-69.49958,-28.28405],[-69.50298,-28.26569],[-69.48616,-28.25404],[-69.47477,-28.23759],[-69.47715,-28.22581],[-69.48199,-28.2235],[-69.47901,-28.20803],[-69.46329,-28.19674],[-69.45685,-28.18402],[-69.44763,-28.1867],[-69.42901,-28.20336],[-69.41873,-28.20799],[-69.4108,-28.2052],[-69.40903,-28.21356],[-69.39071,-28.22242],[-69.38182,-28.21105],[-69.38374,-28.18471],[-69.38016,-28.18172],[-69.36303,-28.18022],[-69.33627,-28.16411],[-69.3222,-28.14132],[-69.30749,-28.12872],[-69.30813,-28.12233],[-69.30458,-28.12031],[-69.30221,-28.10738],[-69.30454,-28.10249],[-69.29667,-28.07929],[-69.30115,-28.07258],[-69.27842,-28.05225],[-69.26355,-28.04717],[-69.25967,-28.0405],[-69.26576,-28.0369],[-69.26648,-28.01428],[-69.2689,-28.01297],[-69.26706,-28.0091],[-69.25936,-28.01029],[-69.25282,-28.0062],[-69.25286,-27.99059],[-69.2422,-27.97919],[-69.23693,-27.97957],[-69.23883,-27.96989],[-69.23677,-27.96627],[-69.22371,-27.97172],[-69.20639,-27.96391],[-69.17323,-27.97147],[-69.17275,-27.96519],[-69.16374,-27.95212],[-69.15504,-27.9465],[-69.15621,-27.93239],[-69.12351,-27.90186],[-69.12157,-27.89717],[-69.13218,-27.87295],[-69.12924,-27.867],[-69.11079,-27.85259],[-69.11008,-27.84572],[-69.11376,-27.84315],[-69.1119,-27.83744],[-69.10556,-27.83325],[-69.10788,-27.8317],[-69.104,-27.82566],[-69.1058,-27.82212],[-69.10047,-27.81582],[-69.09496,-27.78968],[-69.08994,-27.7869],[-69.08948,-27.76554],[-69.08479,-27.74641],[-69.088,-27.74035],[-69.08315,-27.72629],[-69.08846,-27.72528],[-69.0897,-27.72147],[-69.08119,-27.71291],[-69.04471,-27.69901],[-69.04185,-27.68025],[-69.05173,-27.67516],[-69.05214,-27.67185],[-69.05761,-27.67154],[-69.05541,-27.66476],[-69.06035,-27.66355],[-69.05277,-27.61788],[-69.03936,-27.59458],[-69.02742,-27.59456],[-69.02379,-27.5863],[-69.0001,-27.58181],[-68.99336,-27.57255],[-68.9753,-27.55965],[-68.97301,-27.5429],[-68.97674,-27.5418],[-68.97831,-27.53546],[-68.98765,-27.52453],[-68.96196,-27.52516],[-68.94731,-27.52925],[-68.94137,-27.51756],[-68.94231,-27.50793],[-68.95041,-27.50086],[-68.94993,-27.48727],[-68.96313,-27.4777],[-68.96035,-27.47203],[-68.97725,-27.46381],[-68.98157,-27.45424],[-68.98876,-27.4529],[-68.98875,-27.44782],[-68.98042,-27.43769],[-68.98087,-27.43198],[-68.95906,-27.43008],[-68.95552,-27.43531],[-68.93643,-27.44545],[-68.9318,-27.44131],[-68.93136,-27.43184],[-68.92781,-27.43136],[-68.92569,-27.42307],[-68.93066,-27.40924],[-68.91842,-27.40831],[-68.90797,-27.40086],[-68.88729,-27.39903],[-68.89592,-27.38523],[-68.88859,-27.3708],[-68.89336,-27.35833],[-68.88035,-27.34147],[-68.88376,-27.33728],[-68.87934,-27.33021],[-68.87418,-27.32877],[-68.87016,-27.31731],[-68.86114,-27.31803],[-68.84497,-27.31327],[-68.82927,-27.29843],[-68.80862,-27.30117],[-68.81502,-27.29589],[-68.82546,-27.29346],[-68.84371,-27.2759],[-68.85486,-27.27328],[-68.85837,-27.26598],[-68.86816,-27.26249],[-68.87109,-27.24594],[-68.86858,-27.23747],[-68.8564,-27.23178],[-68.85841,-27.22088],[-68.85324,-27.21674],[-68.85233,-27.20984],[-68.85669,-27.20265],[-68.85765,-27.19217],[-68.84034,-27.1663],[-68.84425,-27.16074],[-68.83439,-27.15701],[-68.83102,-27.15022],[-68.82534,-27.14718],[-68.81691,-27.1463],[-68.80717,-27.15244],[-68.80838,-27.14482],[-68.79874,-27.12977],[-68.79935,-27.1241],[-68.79343,-27.12033],[-68.78752,-27.10362],[-68.77817,-27.09846],[-68.75091,-27.11233],[-68.73737,-27.10217],[-68.71677,-27.10529],[-68.70447,-27.09924],[-68.69288,-27.09897],[-68.68246,-27.10589],[-68.67086,-27.09863],[-68.66326,-27.12088],[-68.65453,-27.12634],[-68.65504,-27.13622],[-68.63928,-27.14372],[-68.63225,-27.16253],[-68.61829,-27.16972],[-68.6051,-27.15844],[-68.59978,-27.15929],[-68.57525,-27.17713],[-68.57326,-27.16677],[-68.56697,-27.16232],[-68.57006,-27.15454],[-68.56301,-27.14116],[-68.55598,-27.13826],[-68.55407,-27.13391],[-68.55994,-27.12438],[-68.55877,-27.11657],[-68.55516,-27.11457],[-68.54529,-27.11363],[-68.54016,-27.1098],[-68.52002,-27.12344],[-68.51518,-27.13055],[-68.51129,-27.12893],[-68.49572,-27.1355],[-68.48128,-27.12841],[-68.48087,-27.11555],[-68.47247,-27.1109],[-68.48412,-27.05741],[-68.48008,-27.06224],[-68.47612,-27.08293],[-68.46577,-27.0909],[-68.45016,-27.09467],[-68.44226,-27.07875],[-68.43102,-27.07109],[-68.42921,-27.06469],[-68.41805,-27.07001],[-68.40894,-27.06299],[-68.40292,-27.0666],[-68.39183,-27.05612],[-68.38221,-27.05368],[-68.37913,-27.0468],[-68.36894,-27.04586],[-68.34617,-27.03305],[-68.32594,-27.03471],[-68.30624,-27.04122],[-68.29416,-27.03828],[-68.293,-27.02838],[-68.31489,-26.99843],[-68.31301,-26.98909],[-68.31886,-26.98146],[-68.31493,-26.97908],[-68.31575,-26.97502],[-68.30068,-26.96745],[-68.29383,-26.95884],[-68.29059,-26.94701],[-68.29375,-26.92976],[-68.28974,-26.92432],[-68.27381,-26.92632],[-68.26297,-26.91902],[-68.26839,-26.90928],[-68.28002,-26.90482],[-68.29123,-26.88696],[-68.29864,-26.88535],[-68.30172,-26.87665],[-68.29893,-26.8737],[-68.34767,-26.81418],[-68.3642,-26.80038],[-68.58781,-26.49215],[-68.56558,-26.31887],[-68.55764,-26.28661],[-68.38121,-26.17785],[-68.47711,-25.70243],[-68.47912,-25.69916],[-68.48404,-25.69944],[-68.49257,-25.68705],[-68.49216,-25.68043],[-68.49774,-25.67938],[-68.49994,-25.67286],[-68.51125,-25.672],[-68.52533,-25.64371],[-68.54024,-25.63971],[-68.54352,-25.63573],[-68.54526,-25.61698],[-68.53905,-25.61201],[-68.54042,-25.59568],[-68.52965,-25.5795],[-68.5148,-25.57451],[-68.52552,-25.56648],[-68.52573,-25.55816],[-68.53809,-25.55394],[-68.54297,-25.54885],[-68.53766,-25.54217],[-68.54758,-25.52478],[-68.54136,-25.52013],[-68.53816,-25.51061],[-68.54031,-25.50741],[-68.55566,-25.50415],[-68.56136,-25.50586],[-68.57278,-25.49412],[-68.57031,-25.48097],[-68.57759,-25.47746],[-68.57608,-25.46833],[-68.5888,-25.44763],[-68.58409,-25.44242],[-68.58757,-25.4392],[-68.58673,-25.4278],[-68.59037,-25.4144],[-68.57668,-25.41849],[-68.57046,-25.41741],[-68.57019,-25.41332],[-68.56378,-25.40726],[-68.55715,-25.40636],[-68.55411,-25.40123],[-68.54905,-25.39963],[-68.54833,-25.39432],[-68.55107,-25.39272],[-68.54497,-25.38558],[-68.53481,-25.37831],[-68.5296,-25.38116],[-68.52408,-25.3788],[-68.52708,-25.35155],[-68.52059,-25.34774],[-68.51889,-25.33919],[-68.52254,-25.32833],[-68.53094,-25.31976],[-68.53593,-25.32082],[-68.54586,-25.31152],[-68.54544,-25.29883],[-68.53888,-25.29806],[-68.5289,-25.28974],[-68.54945,-25.26303],[-68.5437,-25.26143],[-68.54326,-25.25086],[-68.53528,-25.24679],[-68.53505,-25.23679],[-68.52727,-25.23204],[-68.50896,-25.23228],[-68.50427,-25.21137],[-68.50849,-25.19988],[-68.50718,-25.18797],[-68.51045,-25.17663],[-68.50726,-25.16873],[-68.50109,-25.1625],[-68.48864,-25.1629],[-68.48165,-25.15392],[-68.47246,-25.15112],[-68.46495,-25.13079],[-68.45748,-25.1258],[-68.44439,-25.13383],[-68.44136,-25.12314],[-68.43687,-25.12249],[-68.43338,-25.13159],[-68.42466,-25.13056],[-68.42381,-25.13481],[-68.40964,-25.14505],[-68.34334,-25.11075],[-68.35412,-25.10333],[-68.36015,-25.08362],[-68.36687,-25.08205],[-68.36455,-25.06958],[-68.37134,-25.0684],[-68.37311,-25.06498],[-68.36931,-25.0601],[-68.37917,-25.04152],[-68.37604,-25.03585],[-68.37863,-25.03187],[-68.38993,-25.03936],[-68.40692,-25.02833],[-68.40622,-25.02137],[-68.41187,-25.01675],[-68.41497,-25.00265],[-68.4129,-25.00037],[-68.41653,-24.99344],[-68.40826,-24.97167],[-68.42,-24.96196],[-68.42657,-24.9619],[-68.42832,-24.95712],[-68.43035,-24.92988],[-68.43882,-24.91963],[-68.43062,-24.91406],[-68.43193,-24.90601],[-68.48426,-24.89689],[-68.49113,-24.87657],[-68.51805,-24.87445],[-68.52466,-24.86114],[-68.53292,-24.85682],[-68.53452,-24.82692],[-68.5395,-24.81616],[-68.54822,-24.80666],[-68.56203,-24.80244],[-68.56175,-24.79893],[-68.56806,-24.79524],[-68.56183,-24.78314],[-68.56157,-24.76324],[-68.54554,-24.75366],[-68.54335,-24.72584],[-68.53668,-24.71987],[-68.53465,-24.71287],[-68.51502,-24.70309],[-68.5041,-24.67992],[-68.49655,-24.67464],[-68.49156,-24.66335],[-68.49313,-24.65489],[-68.4879,-24.64754],[-68.48692,-24.63923],[-68.49566,-24.63473],[-68.50282,-24.6174],[-68.4946,-24.60685],[-68.49505,-24.6011],[-68.4885,-24.5996],[-68.47494,-24.62048],[-68.46723,-24.62297],[-68.45533,-24.61791],[-68.4499,-24.60216],[-68.43489,-24.60633],[-68.43669,-24.6],[-68.43305,-24.59781],[-68.43113,-24.57759],[-68.41956,-24.56316],[-68.41353,-24.54207],[-68.40249,-24.52453],[-68.40545,-24.51702],[-68.40281,-24.51103],[-68.39371,-24.50382],[-68.38698,-24.48427],[-68.37597,-24.4922],[-68.36552,-24.49235],[-68.35922,-24.48913],[-68.30932,-24.4915],[-68.31034,-24.48514],[-68.30576,-24.48165],[-68.29995,-24.4687],[-68.29702,-24.45482],[-68.26786,-24.43505],[-68.26042,-24.40263],[-68.24907,-24.40153],[-68.24584,-24.3962],[-67.32262,-24.03415],[-66.9905,-23.00001],[-67.1805,-22.81413],[-67.12773,-22.72206],[-67.01395,-22.65469],[-67.02721,-22.54078],[-66.97291,-22.54049],[-66.92852,-22.49222],[-66.78242,-22.43808],[-66.78428,-22.40175],[-66.76157,-22.34587],[-66.7596,-22.32535],[-66.73918,-22.23839],[-66.68613,-22.20968],[-66.65247,-22.21656],[-66.63823,-22.22557],[-66.62315,-22.19746],[-66.34784,-22.12819],[-66.34872,-22.12067],[-66.34111,-22.11687],[-66.33617,-22.12013],[-66.33217,-22.11899],[-66.33123,-22.1118],[-66.32798,-22.11108],[-66.32853,-22.10384],[-66.3232,-22.09613],[-66.32521,-22.08827],[-66.31781,-22.08469],[-66.31599,-22.08991],[-66.31324,-22.08903],[-66.30825,-22.09472],[-66.28773,-22.08631],[-66.29048,-22.07493],[-66.28478,-22.0673],[-66.28773,-22.06839],[-66.29326,-22.0639],[-66.28454,-22.05273],[-66.28731,-22.0483],[-66.29263,-22.05056],[-66.28659,-22.04398],[-66.28672,-22.03973],[-66.2929,-22.03542],[-66.2923,-22.03203],[-66.28516,-22.02997],[-66.27919,-22.02325],[-66.28249,-22.01614],[-66.27951,-21.99764],[-66.28118,-21.9903],[-66.28472,-21.98813],[-66.28235,-21.98111],[-66.27681,-21.97868],[-66.27556,-21.96838],[-66.2724,-21.96811],[-66.27472,-21.96502],[-66.27428,-21.94411],[-66.26538,-21.93658],[-66.25948,-21.93618],[-66.26251,-21.92749],[-66.25954,-21.91293],[-66.26161,-21.9085],[-66.25875,-21.90413],[-66.25256,-21.90432],[-66.24797,-21.8984],[-66.24983,-21.88915],[-66.24504,-21.88156],[-66.24492,-21.87231],[-66.24059,-21.86755],[-66.23975,-21.85567],[-66.23467,-21.8515],[-66.23857,-21.84744],[-66.23815,-21.84097],[-66.24236,-21.83267],[-66.23669,-21.81808],[-66.24201,-21.80226],[-66.24127,-21.78904],[-66.22524,-21.78826],[-66.22142,-21.78105],[-66.19412,-21.796],[-66.0763,-21.83495],[-66.04326,-21.87188],[-66.04817,-21.91903],[-65.92477,-21.93357],[-65.80484,-22.07527],[-65.79367,-22.07588],[-65.77381,-22.09504],[-65.75649,-22.10167],[-65.74751,-22.1093],[-65.72431,-22.10717],[-65.71542,-22.09734],[-65.70274,-22.09886],[-65.68549,-22.11048],[-65.676,-22.11274],[-65.6709,-22.10973],[-65.65597,-22.11075],[-65.65058,-22.10499],[-65.63953,-22.10715],[-65.62814,-22.10406],[-65.61253,-22.09517],[-65.60643,-22.0944],[-65.60312,-22.09755],[-65.59352,-22.09592],[-65.59116,-22.0989],[-65.58225,-22.09396],[-65.58336,-22.08487],[-65.57439,-22.07623],[-65.48484,-22.09555],[-65.47311,-22.08864],[-64.9934,-22.08242],[-64.99513,-22.08596],[-64.98885,-22.0886],[-64.98722,-22.09402],[-64.98132,-22.09783],[-64.97054,-22.10004],[-64.96929,-22.10329],[-64.95602,-22.10281],[-64.95263,-22.10694],[-64.93766,-22.1102],[-64.93471,-22.11642],[-64.92379,-22.12124],[-64.90287,-22.11957],[-64.88624,-22.12925],[-64.8782,-22.11744],[-64.87496,-22.11711],[-64.84003,-22.13917],[-64.836,-22.13893],[-64.83248,-22.14396],[-64.83021,-22.14143],[-64.81856,-22.14501],[-64.80748,-22.15576],[-64.79332,-22.16117],[-64.79371,-22.16441],[-64.79087,-22.16406],[-64.77878,-22.17732],[-64.76447,-22.17713],[-64.75801,-22.18086],[-64.75338,-22.17881],[-64.7461,-22.18251],[-64.74415,-22.18968],[-64.7372,-22.1936],[-64.72169,-22.19641],[-64.71257,-22.19254],[-64.71214,-22.18961],[-64.70078,-22.19078],[-64.68252,-22.18633],[-64.66502,-22.19161],[-64.66082,-22.19595],[-64.64951,-22.19041],[-64.6382,-22.19462],[-64.63569,-22.2004],[-64.62687,-22.20282],[-64.62231,-22.20817],[-64.62023,-22.20524],[-64.61633,-22.20647],[-64.61705,-22.21203],[-64.61381,-22.21679],[-64.60209,-22.2264],[-64.59752,-22.24236],[-64.5636,-22.26123],[-64.54702,-22.27743],[-64.5367,-22.2933],[-64.53655,-22.29967],[-64.53928,-22.30576],[-64.5463,-22.31036],[-64.54768,-22.31938],[-64.56396,-22.32015],[-64.56753,-22.33923],[-64.56164,-22.3536],[-64.56727,-22.35734],[-64.56389,-22.36233],[-64.56886,-22.36949],[-64.56423,-22.38053],[-64.54367,-22.39574],[-64.53674,-22.39569],[-64.51221,-22.41487],[-64.51135,-22.41867],[-64.52643,-22.44119],[-64.51645,-22.44844],[-64.50846,-22.44207],[-64.50028,-22.4406],[-64.49481,-22.43458],[-64.49132,-22.43672],[-64.48991,-22.45826],[-64.47908,-22.4608],[-64.47476,-22.46813],[-64.48332,-22.47176],[-64.48348,-22.48004],[-64.47719,-22.48212],[-64.47572,-22.48818],[-64.46844,-22.48787],[-64.46959,-22.49173],[-64.46182,-22.49085],[-64.45867,-22.49511],[-64.45952,-22.50237],[-64.45607,-22.50468],[-64.4477,-22.50338],[-64.44357,-22.50742],[-64.45302,-22.51405],[-64.4499,-22.52098],[-64.42706,-22.5224],[-64.42363,-22.53339],[-64.41031,-22.54174],[-64.41805,-22.55302],[-64.41786,-22.55692],[-64.4086,-22.55906],[-64.4105,-22.56682],[-64.42158,-22.57927],[-64.43024,-22.58039],[-64.42966,-22.58663],[-64.42399,-22.58672],[-64.42998,-22.60017],[-64.42566,-22.60262],[-64.42758,-22.61412],[-64.43548,-22.62322],[-64.43257,-22.62845],[-64.43483,-22.63139],[-64.43114,-22.63287],[-64.42471,-22.62966],[-64.42327,-22.6342],[-64.42706,-22.63898],[-64.43459,-22.63454],[-64.44223,-22.63797],[-64.43517,-22.64232],[-64.43389,-22.6491],[-64.41393,-22.6565],[-64.41849,-22.67188],[-64.41504,-22.67976],[-64.40139,-22.68229],[-64.3933,-22.69024],[-64.40382,-22.69821],[-64.39611,-22.71129],[-64.39198,-22.70954],[-64.39079,-22.71229],[-64.40425,-22.71798],[-64.39752,-22.72077],[-64.394,-22.718],[-64.38841,-22.72337],[-64.38174,-22.71695],[-64.37258,-22.72308],[-64.37329,-22.72654],[-64.36203,-22.72345],[-64.35092,-22.73155],[-64.3346,-22.75931],[-64.33704,-22.79126],[-64.34119,-22.80414],[-64.33084,-22.81068],[-64.32819,-22.81579],[-64.32618,-22.82786],[-64.3291,-22.8311],[-64.32744,-22.83572],[-64.3302,-22.84318],[-64.32387,-22.8492],[-64.32449,-22.85266],[-64.33877,-22.8637],[-64.33304,-22.86907],[-64.32604,-22.8697],[-64.31299,-22.86495],[-64.30935,-22.8664],[-64.30891,-22.87334],[-64.30404,-22.86972],[-64.29754,-22.85156],[-64.30024,-22.84715],[-64.30734,-22.84584],[-64.30808,-22.84021],[-64.28358,-22.82715],[-64.28409,-22.82048],[-64.28066,-22.81706],[-64.29203,-22.81268],[-64.28845,-22.79212],[-64.28561,-22.78651],[-64.2752,-22.78628],[-64.26988,-22.78128],[-64.27691,-22.77667],[-64.2784,-22.77208],[-64.27562,-22.7588],[-64.28091,-22.74137],[-64.26877,-22.72933],[-64.2695,-22.70003],[-64.2592,-22.68121],[-64.26851,-22.66666],[-64.2682,-22.6541],[-64.26118,-22.64573],[-64.26236,-22.63847],[-64.25116,-22.62652],[-64.25241,-22.61009],[-64.2378,-22.60574],[-64.23676,-22.60301],[-64.24921,-22.58824],[-64.23895,-22.57834],[-64.24398,-22.56638],[-64.23019,-22.56259],[-64.21893,-22.56497],[-64.21592,-22.56207],[-64.22553,-22.54471],[-64.2168,-22.52739],[-64.21677,-22.51719],[-64.19929,-22.51768],[-64.19712,-22.51283],[-64.20147,-22.50288],[-64.19006,-22.49463],[-64.1832,-22.47468],[-64.16945,-22.46814],[-64.166,-22.45489],[-64.15487,-22.45545],[-64.15209,-22.4522],[-64.15283,-22.43924],[-64.14666,-22.43501],[-64.14401,-22.42845],[-64.1456,-22.41779],[-64.14222,-22.40733],[-64.11849,-22.40682],[-64.11668,-22.4033],[-64.12127,-22.38368],[-64.1087,-22.38257],[-64.11803,-22.36434],[-64.10644,-22.35835],[-64.09859,-22.34416],[-64.09701,-22.33949],[-64.10161,-22.33015],[-64.09899,-22.31704],[-64.0947,-22.31371],[-64.09247,-22.30091],[-64.08325,-22.28575],[-64.07643,-22.28461],[-64.07346,-22.28049],[-64.07657,-22.27414],[-64.07329,-22.26806],[-64.07339,-22.25765],[-64.06233,-22.23839],[-64.05713,-22.23863],[-64.05684,-22.24561],[-64.04316,-22.2474],[-64.04106,-22.24167],[-64.03313,-22.2417],[-64.03983,-22.23572],[-64.03248,-22.23508],[-64.03211,-22.2266],[-64.03838,-22.22581],[-64.03912,-22.22127],[-64.03351,-22.21974],[-64.02585,-22.21013],[-64.03348,-22.1977],[-64.02517,-22.18823],[-64.01631,-22.18662],[-64.02354,-22.17568],[-64.00071,-22.15807],[-64.00511,-22.15335],[-63.99679,-22.14228],[-63.99923,-22.1381],[-63.99586,-22.13333],[-63.99227,-22.13336],[-63.99851,-22.12839],[-63.9987,-22.12466],[-63.99059,-22.11871],[-63.98979,-22.11389],[-63.99321,-22.11395],[-63.99392,-22.10845],[-63.99747,-22.11092],[-64.00008,-22.10867],[-63.99836,-22.10534],[-63.99163,-22.10536],[-63.98878,-22.10979],[-63.98541,-22.10841],[-63.98597,-22.10502],[-63.99088,-22.10385],[-63.98501,-22.09269],[-63.97688,-22.0924],[-63.97675,-22.08667],[-63.98273,-22.08665],[-63.97999,-22.08118],[-63.9747,-22.08037],[-63.97429,-22.08717],[-63.96292,-22.09195],[-63.96182,-22.08286],[-63.95719,-22.07955],[-63.9601,-22.0777],[-63.95725,-22.0674],[-63.9625,-22.06548],[-63.95066,-22.05905],[-63.95673,-22.05721],[-63.95003,-22.04898],[-63.95499,-22.04463],[-63.9498,-22.0435],[-63.95307,-22.03611],[-63.94676,-22.03642],[-63.94124,-22.0293],[-63.9451,-22.02452],[-63.93805,-22.01689],[-63.94425,-22.00919],[-63.9403,-22.00879],[-63.93141,-21.99934],[-63.70894,-21.99942],[-63.70681,-22.01213],[-63.70256,-22.01541],[-63.68866,-22.01146],[-63.68736,-22.02532],[-63.68201,-22.03237],[-63.68673,-22.03912],[-63.68291,-22.05399],[-63.67912,-22.05141],[-63.67699,-22.04112],[-63.67395,-22.04107],[-63.67392,-22.03301],[-63.66922,-22.02867],[-63.67096,-22.02387],[-63.66596,-22.01667],[-63.67011,-22.01182],[-63.66541,-21.99941],[-62.81337,-21.99875],[-62.81115,-22.00512],[-62.81655,-22.01777],[-62.81751,-22.04612],[-62.80251,-22.06067],[-62.8003,-22.0668],[-62.80507,-22.08231],[-62.81679,-22.09358],[-62.81741,-22.09778],[-62.8089,-22.14272],[-62.79396,-22.16486],[-62.7821,-22.16612],[-62.77823,-22.15159],[-62.76853,-22.15061],[-62.74042,-22.17215],[-62.72478,-22.20022],[-62.69589,-22.2064],[-62.68448,-22.21217],[-62.66129,-22.25135],[-62.65409,-22.25128],[-62.64697,-22.23692],[-62.63594,-22.23832],[-62.63238,-22.24734],[-62.63464,-22.25956],[-62.63032,-22.27107],[-62.63106,-22.28383],[-62.61797,-22.28903],[-62.61143,-22.30365],[-62.5913,-22.31824],[-62.57217,-22.31114],[-62.5735,-22.32155],[-62.57062,-22.32822],[-62.5615,-22.33042],[-62.55435,-22.32856],[-62.54808,-22.33245],[-62.53963,-22.35063],[-62.54221,-22.35838],[-62.52464,-22.37564],[-62.50955,-22.37932],[-62.48447,-22.37278],[-62.46994,-22.37475],[-62.46435,-22.38159],[-62.46878,-22.3856],[-62.46709,-22.39804],[-62.4591,-22.41322],[-62.44665,-22.41996],[-62.43195,-22.4197],[-62.42706,-22.42615],[-62.42072,-22.42609],[-62.41565,-22.43719],[-62.40713,-22.44539],[-62.39766,-22.44357],[-62.39853,-22.45319],[-62.38468,-22.45721],[-62.37728,-22.47665],[-62.37327,-22.47684],[-62.36988,-22.4602],[-62.35553,-22.46238],[-62.3509,-22.45467],[-62.34673,-22.45452],[-62.34332,-22.47397],[-62.33872,-22.48141],[-62.31028,-22.48754],[-62.29581,-22.47625],[-62.28918,-22.47654],[-62.29017,-22.49322],[-62.28345,-22.50341],[-62.28756,-22.51],[-62.29492,-22.51153],[-62.29583,-22.51968],[-62.27618,-22.52429],[-62.25988,-22.51426],[-62.25414,-22.51456],[-62.25018,-22.51909],[-62.25413,-22.53103],[-62.23232,-22.54457],[-62.23394,-22.56855],[-62.24618,-22.57603],[-62.24116,-22.58344],[-62.24482,-22.59164],[-62.2587,-22.5953],[-62.26209,-22.60248],[-62.26022,-22.60516],[-62.24867,-22.60152],[-62.25137,-22.61238],[-62.23426,-22.61489],[-62.23048,-22.62108],[-62.21171,-22.63325],[-62.20892,-22.64506],[-62.19399,-22.64925],[-62.19337,-22.65504],[-62.20315,-22.66303],[-62.19724,-22.67027],[-62.20073,-22.68224],[-62.19545,-22.69076],[-62.20321,-22.70377],[-62.19469,-22.71206],[-62.18268,-22.70941],[-62.16036,-22.73459],[-62.15736,-22.74199],[-62.16616,-22.74544],[-62.16597,-22.74827],[-62.15797,-22.7601],[-62.13778,-22.76038],[-62.1353,-22.76393],[-62.13818,-22.77552],[-62.13568,-22.78365],[-62.1247,-22.79078],[-62.12281,-22.79526],[-62.11193,-22.79755],[-62.10701,-22.82084],[-62.10423,-22.82277],[-62.09478,-22.81806],[-62.08891,-22.82657],[-62.08,-22.82715],[-62.07353,-22.84835],[-62.07003,-22.85016],[-62.06373,-22.84419],[-62.06037,-22.845],[-62.05809,-22.86108],[-62.04141,-22.86836],[-62.0315,-22.89953],[-62.02178,-22.90672],[-62.03113,-22.9258],[-62.02344,-22.93044],[-62.00469,-22.92702],[-61.99882,-22.92923],[-62.00469,-22.9402],[-61.9992,-22.94926],[-62.00591,-22.95785],[-62.00701,-22.96601],[-62.00344,-22.97612],[-61.99758,-22.97765],[-61.99819,-22.98263],[-62.00729,-22.99289],[-61.99324,-22.99743],[-61.98336,-23.02227],[-61.97434,-23.02796],[-61.95399,-23.03312],[-61.93798,-23.04829],[-61.92551,-23.06982],[-61.90803,-23.06862],[-61.90011,-23.07363],[-61.89062,-23.07073],[-61.87482,-23.08409],[-61.85824,-23.08758],[-61.85509,-23.09466],[-61.84824,-23.09601],[-61.84765,-23.1026],[-61.83074,-23.12568],[-61.81748,-23.12628],[-61.81611,-23.14508],[-61.81244,-23.15186],[-61.8041,-23.15771],[-61.7973,-23.15822],[-61.79557,-23.16321],[-61.79045,-23.16503],[-61.77397,-23.16471],[-61.75354,-23.17278],[-61.74431,-23.18559],[-61.73867,-23.20054],[-61.73599,-23.23699],[-61.72649,-23.24297],[-61.71438,-23.24023],[-61.70877,-23.24361],[-61.70049,-23.25007],[-61.69977,-23.25622],[-61.69025,-23.25977],[-61.67129,-23.28433],[-61.6293,-23.27771],[-61.60773,-23.28338],[-61.60179,-23.29284],[-61.5928,-23.29493],[-61.58936,-23.30487],[-61.58574,-23.30493],[-61.58283,-23.29937],[-61.57194,-23.30649],[-61.57632,-23.31214],[-61.57412,-23.3212],[-61.56553,-23.32488],[-61.56459,-23.33428],[-61.55716,-23.34296],[-61.54434,-23.34897],[-61.53023,-23.34373],[-61.52352,-23.35067],[-61.51789,-23.34819],[-61.5127,-23.35167],[-61.51391,-23.35688],[-61.52483,-23.36742],[-61.52415,-23.37095],[-61.52038,-23.38118],[-61.50005,-23.40315],[-61.49818,-23.41409],[-61.4906,-23.42431],[-61.48132,-23.4186],[-61.47801,-23.41903],[-61.47381,-23.42633],[-61.46603,-23.42121],[-61.45529,-23.42468],[-61.45008,-23.42147],[-61.4258,-23.43792],[-61.41957,-23.44711],[-61.40231,-23.44561],[-61.39063,-23.45541],[-61.38741,-23.44791],[-61.38199,-23.44723],[-61.375,-23.45624],[-61.3721,-23.45367],[-61.36456,-23.45578],[-61.35273,-23.44797],[-61.34557,-23.46631],[-61.32279,-23.46729],[-61.31516,-23.47165],[-61.30678,-23.48479],[-61.29927,-23.48529],[-61.29467,-23.4935],[-61.28692,-23.48624],[-61.28255,-23.48739],[-61.27268,-23.50738],[-61.27752,-23.51713],[-61.27065,-23.52025],[-61.2623,-23.51714],[-61.24628,-23.54108],[-61.23429,-23.54265],[-61.22407,-23.55209],[-61.20373,-23.55065],[-61.19964,-23.54755],[-61.17076,-23.55361],[-61.16469,-23.56629],[-61.15253,-23.57233],[-61.14723,-23.57986],[-61.13244,-23.57946],[-61.13417,-23.59028],[-61.12138,-23.5858],[-61.12039,-23.59627],[-61.10544,-23.6],[-61.10045,-23.60416],[-61.09852,-23.61114],[-61.08894,-23.61439],[-61.0886,-23.61872],[-61.09628,-23.61743],[-61.09646,-23.62373],[-61.1005,-23.6265],[-61.09011,-23.64216],[-61.09891,-23.65532],[-61.09542,-23.66635],[-61.08142,-23.67073],[-61.08672,-23.67986],[-61.08008,-23.68371],[-61.08086,-23.69039],[-61.06884,-23.70015],[-61.06598,-23.70691],[-61.05854,-23.70515],[-61.05405,-23.715],[-61.0416,-23.72735],[-61.03999,-23.74302],[-61.03442,-23.7442],[-61.01353,-23.76057],[-61.01984,-23.77222],[-61.01654,-23.77785],[-61.00786,-23.78203],[-60.98776,-23.81241],[-60.98029,-23.809],[-60.96515,-23.80856],[-60.96082,-23.81249],[-60.96042,-23.82031],[-60.95804,-23.82015],[-60.95397,-23.80998],[-60.94706,-23.81298],[-60.93951,-23.80886],[-60.94429,-23.8017],[-60.93234,-23.80069],[-60.92487,-23.80837],[-60.9089,-23.81328],[-60.90407,-23.82636],[-60.87601,-23.84391],[-60.86759,-23.85277],[-60.85694,-23.85036],[-60.85664,-23.85681],[-60.849,-23.85797],[-60.85389,-23.86258],[-60.84696,-23.87095],[-60.83155,-23.87306],[-60.80535,-23.86779],[-60.79887,-23.87679],[-60.79106,-23.87754],[-60.79273,-23.87319],[-60.7852,-23.87165],[-60.7619,-23.8735],[-60.76006,-23.87786],[-60.75194,-23.8796],[-60.74203,-23.87529],[-60.73082,-23.87988],[-60.73388,-23.88345],[-60.73222,-23.88504],[-60.71291,-23.88365],[-60.71613,-23.88718],[-60.71337,-23.8899],[-60.69299,-23.90204],[-60.68502,-23.89516],[-60.65963,-23.89963],[-60.6556,-23.90674],[-60.6476,-23.90874],[-60.6335,-23.90946],[-60.62834,-23.90539],[-60.61298,-23.90371],[-60.60182,-23.90946],[-60.60314,-23.91655],[-60.58627,-23.91791],[-60.59514,-23.92095],[-60.59016,-23.94061],[-60.59251,-23.9437],[-60.57977,-23.95304],[-60.58976,-23.95536],[-60.58798,-23.95902],[-60.572,-23.95994],[-60.56931,-23.95654],[-60.55913,-23.95452],[-60.5538,-23.96574],[-60.54327,-23.96334],[-60.5321,-23.9679],[-60.5085,-23.97078],[-60.48781,-23.95146],[-60.47776,-23.95096],[-60.46651,-23.9571],[-60.44298,-23.96243],[-60.41342,-23.98586],[-60.38952,-23.9949],[-60.38389,-24.00107],[-60.38051,-24.01909],[-60.37351,-24.0241],[-60.36546,-24.0201],[-60.35641,-24.02463],[-60.3355,-24.0216],[-60.32887,-24.02443],[-60.32536,-24.02836],[-60.32852,-24.02981],[-60.32316,-24.03294],[-60.29512,-24.0414],[-60.25124,-24.04542],[-60.17766,-24.04394],[-60.11993,-24.03247],[-60.10634,-24.02722],[-60.10337,-24.01991],[-60.09065,-24.02436],[-60.07306,-24.01112],[-60.04955,-24.01364],[-60.03901,-24.01166],[-59.47591,-24.33114],[-59.46914,-24.3377],[-59.47135,-24.34954],[-59.45796,-24.35777],[-59.4599,-24.36736],[-59.45679,-24.37336],[-59.4483,-24.37822],[-59.44215,-24.3899],[-59.42421,-24.39752],[-59.42177,-24.40851],[-59.41142,-24.41256],[-59.40094,-24.4113],[-59.38398,-24.42047],[-59.37531,-24.42075],[-59.36573,-24.45024],[-59.35879,-24.45408],[-59.35052,-24.48312],[-59.34225,-24.48925],[-59.31995,-24.49198],[-59.31524,-24.50005],[-59.30089,-24.50402],[-59.29376,-24.51544],[-59.25802,-24.51951],[-59.25071,-24.52726],[-59.25147,-24.53245],[-59.24337,-24.53894],[-59.24176,-24.54537],[-59.18571,-24.56355],[-59.18037,-24.57533],[-59.15712,-24.58743],[-59.15378,-24.59924],[-59.13553,-24.60596],[-59.13002,-24.61217],[-59.13055,-24.61631],[-59.11092,-24.62377],[-59.09904,-24.61672],[-59.07956,-24.62146],[-59.066,-24.62976],[-59.05769,-24.63086],[-59.05165,-24.64231],[-59.03719,-24.64568],[-59.02384,-24.66008],[-59.01184,-24.65937],[-58.99832,-24.66385],[-58.98424,-24.66024],[-58.97315,-24.66208],[-58.96668,-24.67229],[-58.94173,-24.68136],[-58.94041,-24.68531],[-58.92739,-24.69227],[-58.92598,-24.6966],[-58.91651,-24.6966],[-58.90315,-24.70497],[-58.90276,-24.70876],[-58.88918,-24.71639],[-58.87823,-24.73337],[-58.87104,-24.72868],[-58.85473,-24.73275],[-58.82798,-24.75304],[-58.82238,-24.76233],[-58.80413,-24.77365],[-58.76323,-24.77477],[-58.73994,-24.78076],[-58.72736,-24.77416],[-58.71284,-24.79098],[-58.71324,-24.79538],[-58.7092,-24.79959],[-58.71011,-24.80766],[-58.70543,-24.81339],[-58.69977,-24.81443],[-58.68882,-24.81009],[-58.67365,-24.83135],[-58.65724,-24.83076],[-58.64848,-24.82438],[-58.63789,-24.82849],[-58.61103,-24.83107],[-58.59635,-24.82472],[-58.58995,-24.82726],[-58.58357,-24.82156],[-58.57423,-24.82134],[-58.55576,-24.83025],[-58.54786,-24.8308],[-58.53757,-24.84175],[-58.52898,-24.84545],[-58.5266,-24.85071],[-58.51648,-24.84379],[-58.50823,-24.84493],[-58.49779,-24.85801],[-58.47586,-24.86013],[-58.45207,-24.8755],[-58.45173,-24.87876],[-58.44359,-24.87812],[-58.433,-24.89014],[-58.42821,-24.8993],[-58.43168,-24.91887],[-58.42122,-24.92314],[-58.41675,-24.92066],[-58.40878,-24.92275],[-58.4082,-24.92921],[-58.39723,-24.93982],[-58.39288,-24.95179],[-58.36926,-24.959],[-58.36184,-24.96699],[-58.35276,-24.96845],[-58.34699,-24.97411],[-58.34531,-24.98488],[-58.33995,-24.99215],[-58.34095,-24.99671],[-58.3373,-24.99604],[-58.33559,-24.99902],[-58.32989,-24.99941],[-58.32261,-24.99343],[-58.32288,-24.98992],[-58.31357,-24.98914],[-58.31152,-24.98584],[-58.31498,-24.98411],[-58.29786,-24.97457],[-58.29572,-24.96738],[-58.28851,-24.96414],[-58.28644,-24.95604],[-58.27549,-24.95321],[-58.26651,-24.94268],[-58.25504,-24.93569],[-58.25512,-24.93172],[-58.24502,-24.93319],[-58.23523,-24.92709],[-58.23214,-24.92996],[-58.2242,-24.92789],[-58.22432,-24.93153],[-58.21977,-24.93504],[-58.22422,-24.93658],[-58.2231,-24.93972],[-58.21831,-24.94577],[-58.21431,-24.946],[-58.21766,-24.94994],[-58.202,-24.94989],[-58.19463,-24.95975],[-58.19473,-24.96682],[-58.18127,-24.96957],[-58.17865,-24.96744],[-58.17614,-24.96863],[-58.17753,-24.97075],[-58.16466,-24.96925],[-58.1495,-24.97588],[-58.15059,-24.9807],[-58.13731,-24.99395],[-58.13669,-25.00951],[-58.11856,-25.01415],[-58.11729,-25.01909],[-58.09469,-25.00902],[-58.08551,-25.01268],[-58.07677,-25.02859],[-58.07738,-25.03784],[-58.07093,-25.04115],[-58.07121,-25.04395],[-58.0664,-25.04521],[-58.06655,-25.0416],[-58.06103,-25.04085],[-58.05802,-25.04595],[-58.0531,-25.04012],[-58.04878,-25.03953],[-58.04485,-25.04321],[-58.0357,-25.04052],[-58.03193,-25.03589],[-58.01473,-25.04126],[-58.00747,-25.03526],[-58.00452,-25.03718],[-58.00436,-25.04538],[-57.99755,-25.05391],[-57.99686,-25.06534],[-58.00089,-25.06677],[-58,-25.07233],[-57.99099,-25.07488],[-57.98586,-25.0829],[-57.9757,-25.08614],[-57.95747,-25.0731],[-57.95227,-25.0806],[-57.94312,-25.07778],[-57.94092,-25.07181],[-57.93689,-25.07547],[-57.93397,-25.07232],[-57.93162,-25.07796],[-57.92497,-25.07705],[-57.92316,-25.07336],[-57.91618,-25.07784],[-57.90491,-25.07452],[-57.90662,-25.0798],[-57.89593,-25.08043],[-57.88316,-25.07578],[-57.87723,-25.0812],[-57.8597,-25.08542],[-57.85859,-25.09037],[-57.85114,-25.09434],[-57.85283,-25.09678],[-57.84691,-25.10225],[-57.84742,-25.10787],[-57.85063,-25.10955],[-57.84381,-25.11206],[-57.84422,-25.12131],[-57.84169,-25.12037],[-57.83938,-25.12645],[-57.83492,-25.12765],[-57.83676,-25.13159],[-57.83188,-25.12911],[-57.82622,-25.13067],[-57.82382,-25.14014],[-57.82156,-25.14192],[-57.81865,-25.13922],[-57.81335,-25.14718],[-57.80694,-25.14231],[-57.80025,-25.14993],[-57.77996,-25.15258],[-57.77544,-25.16225],[-57.76991,-25.16479],[-57.77195,-25.16932],[-57.76744,-25.17277],[-57.76131,-25.17154],[-57.76127,-25.17548],[-57.7525,-25.17817],[-57.75842,-25.18773],[-57.75535,-25.19694],[-57.74925,-25.19598],[-57.75148,-25.20357],[-57.74867,-25.20685],[-57.75739,-25.21118],[-57.7514,-25.21748],[-57.75843,-25.21598],[-57.75924,-25.21987],[-57.75358,-25.22152],[-57.75546,-25.2233],[-57.75119,-25.2245],[-57.75177,-25.2274],[-57.74542,-25.22771],[-57.74481,-25.23151],[-57.74958,-25.23414],[-57.74277,-25.23268],[-57.74328,-25.23647],[-57.73858,-25.23789],[-57.7383,-25.2339],[-57.73589,-25.23427],[-57.73511,-25.23784],[-57.73915,-25.2424],[-57.73583,-25.24659],[-57.74081,-25.2518],[-57.73825,-25.25378],[-57.7286,-25.24659],[-57.72562,-25.25416],[-57.72967,-25.25863],[-57.72374,-25.26625],[-57.71849,-25.26524],[-57.72288,-25.27169],[-57.72122,-25.27793],[-57.71556,-25.27356],[-57.71042,-25.28187],[-57.71352,-25.28284],[-57.71247,-25.28527],[-57.704,-25.28231],[-57.7029,-25.28541],[-57.69703,-25.28358],[-57.69438,-25.28605],[-57.69831,-25.29399],[-57.70466,-25.29546],[-57.70701,-25.29974],[-57.69784,-25.3085],[-57.69877,-25.31667],[-57.70297,-25.32151],[-57.69286,-25.32258],[-57.68989,-25.33192],[-57.68457,-25.33137],[-57.68145,-25.33446],[-57.68103,-25.34259],[-57.67154,-25.34699],[-57.66993,-25.35341],[-57.66288,-25.35502],[-57.65018,-25.3676],[-57.64166,-25.3828],[-57.61287,-25.39033],[-57.59883,-25.4003],[-57.56887,-25.4356],[-57.56136,-25.45217],[-57.55936,-25.46547],[-57.56991,-25.49414],[-57.58009,-25.51098],[-57.57888,-25.52601],[-57.56935,-25.54029],[-57.57386,-25.55962],[-57.5806,-25.56879],[-57.58647,-25.57064],[-57.60156,-25.56717],[-57.60528,-25.56949],[-57.60444,-25.58587],[-57.60919,-25.60715],[-57.61541,-25.6147],[-57.62249,-25.61738],[-57.64016,-25.61252],[-57.65877,-25.59612],[-57.66823,-25.59384],[-57.67794,-25.59707],[-57.67894,-25.60668],[-57.67057,-25.65111],[-57.67623,-25.66012],[-57.69166,-25.66052],[-57.70866,-25.65012],[-57.72526,-25.64507],[-57.73302,-25.64582],[-57.74356,-25.65229],[-57.76582,-25.68992],[-57.76692,-25.6982],[-57.76376,-25.70525],[-57.75698,-25.70958],[-57.73262,-25.70717],[-57.7277,-25.70996],[-57.72725,-25.71428],[-57.73438,-25.72568],[-57.76547,-25.74588],[-57.77728,-25.75982],[-57.79385,-25.76209],[-57.81881,-25.75091],[-57.82826,-25.75512],[-57.82835,-25.76079],[-57.81874,-25.7816],[-57.79275,-25.81141],[-57.79376,-25.82025],[-57.81524,-25.84652],[-57.84233,-25.85005],[-57.85873,-25.85644],[-57.86434,-25.87316],[-57.86233,-25.88485],[-57.83934,-25.90191],[-57.83564,-25.91515],[-57.84207,-25.92081],[-57.87377,-25.92974],[-57.89089,-25.9472],[-57.8951,-25.95549],[-57.89173,-25.9661],[-57.85339,-25.98736],[-57.85016,-25.99561],[-57.85245,-26.0055],[-57.86153,-26.01141],[-57.89977,-26.02125],[-57.92369,-26.03486],[-57.93346,-26.05125],[-57.95325,-26.06991],[-57.99922,-26.09114],[-58.02047,-26.10471],[-58.04422,-26.11189],[-58.06854,-26.10762],[-58.08819,-26.11368],[-58.11753,-26.15647],[-58.11948,-26.18628],[-58.14805,-26.17825],[-58.15938,-26.18124],[-58.15779,-26.18593],[-58.14267,-26.19831],[-58.11057,-26.2155],[-58.10379,-26.22555],[-58.109,-26.24034],[-58.1637,-26.26388],[-58.16812,-26.2755],[-58.16712,-26.29167],[-58.15566,-26.3097],[-58.15403,-26.31923],[-58.15993,-26.34832],[-58.17099,-26.3613],[-58.19075,-26.36652],[-58.20926,-26.37678],[-58.21941,-26.38987],[-58.22236,-26.39922],[-58.21891,-26.41762],[-58.18302,-26.45087],[-58.18076,-26.4569],[-58.19416,-26.46432],[-58.22331,-26.46365],[-58.22911,-26.46526],[-58.23386,-26.47123],[-58.23175,-26.48013],[-58.21189,-26.49048],[-58.20806,-26.49668],[-58.2094,-26.50697],[-58.22293,-26.52677],[-58.22453,-26.53656],[-58.21824,-26.54734],[-58.20271,-26.5562],[-58.19859,-26.56322],[-58.1936,-26.59758],[-58.19664,-26.6045],[-58.2097,-26.61735],[-58.20957,-26.62215],[-58.20638,-26.62824],[-58.19221,-26.63862],[-58.19068,-26.64473],[-58.2007,-26.65417],[-58.21802,-26.65474],[-58.24805,-26.64179],[-58.25947,-26.64399],[-58.26384,-26.65651],[-58.25569,-26.67293],[-58.25607,-26.71496],[-58.24594,-26.74338],[-58.24825,-26.75483],[-58.25916,-26.76224],[-58.26465,-26.76244],[-58.28194,-26.75588],[-58.29129,-26.75631],[-58.29569,-26.7637],[-58.29449,-26.77033],[-58.28274,-26.78893],[-58.28313,-26.79442],[-58.30793,-26.80726],[-58.33233,-26.80736],[-58.33678,-26.8182],[-58.32176,-26.8386],[-58.31976,-26.85599],[-58.32207,-26.86471],[-58.32767,-26.86967],[-58.34283,-26.87154],[-58.36879,-26.86367],[-58.37783,-26.87214]],[[-57.57673,-35.84708],[-57.573,-35.85649],[-57.56664,-35.85689],[-57.55557,-35.84437],[-57.54548,-35.84776],[-57.52999,-35.84282],[-57.52428,-35.83873],[-57.52328,-35.82974],[-57.52475,-35.83718],[-57.5303,-35.84166],[-57.54548,-35.84699],[-57.55525,-35.84359],[-57.5667,-35.8564],[-57.57237,-35.85585],[-57.57673,-35.84708]],[[-57.57951,-35.83926],[-57.57685,-35.84652],[-57.57623,-35.84363],[-57.57951,-35.83926]],[[-58.10025,-32.95167],[-58.10843,-32.96384],[-58.11326,-32.98996],[-58.10765,-33.00316],[-58.11179,-33.01802],[-58.1072,-33.02012],[-58.0969,-33.01126],[-58.08766,-32.99422],[-58.09121,-32.97622],[-58.08896,-32.96107],[-58.09027,-32.95663],[-58.10025,-32.95167]],[[-58.11311,-32.93154],[-58.11304,-32.96652],[-58.11798,-32.98255],[-58.11691,-32.99012],[-58.11421,-32.98876],[-58.10927,-32.96291],[-58.1018,-32.95306],[-58.11311,-32.93154]],[[-58.11595,-33.02435],[-58.10838,-33.00362],[-58.11082,-32.99354],[-58.11451,-32.99039],[-58.12347,-33.00046],[-58.12508,-33.01844],[-58.12848,-33.0244],[-58.11595,-33.02435]],[[-58.69676,-34.20506],[-58.71019,-34.21889],[-58.702,-34.21438],[-58.69676,-34.20506]]],[[[-55.93338,-27.33483],[-55.92757,-27.33456],[-55.92904,-27.33779],[-55.95774,-27.34179],[-55.94917,-27.33648],[-55.93338,-27.33483]]],[[[-56.77598,-36.32121],[-56.77958,-36.32633],[-56.77751,-36.33121],[-56.78259,-36.33174],[-56.78292,-36.32763],[-56.78673,-36.32609],[-56.78293,-36.32197],[-56.77598,-36.32121]]],[[[-56.77952,-36.29435],[-56.78429,-36.29243],[-56.78334,-36.28947],[-56.77952,-36.29435]]],[[[-57.2246,-27.46473],[-57.23897,-27.45759],[-57.2369,-27.45582],[-57.22919,-27.45938],[-57.22199,-27.4638],[-57.2246,-27.46473]]],[[[-57.37274,-35.95814],[-57.3773,-35.9562],[-57.37807,-35.95003],[-57.36954,-35.94954],[-57.36845,-35.95443],[-57.37274,-35.95814]]],[[[-57.38795,-35.90259],[-57.38991,-35.89432],[-57.38618,-35.89604],[-57.38795,-35.90259]]],[[[-57.56902,-27.384],[-57.55652,-27.38628],[-57.54063,-27.39444],[-57.50461,-27.4024],[-57.46144,-27.4093],[-57.42528,-27.41],[-57.40774,-27.41438],[-57.40512,-27.41762],[-57.46318,-27.43085],[-57.48507,-27.44022],[-57.49079,-27.43948],[-57.51815,-27.43104],[-57.56282,-27.40546],[-57.59282,-27.39273],[-57.59321,-27.3893],[-57.58705,-27.3851],[-57.56902,-27.384]]],[[[-57.45757,-27.43751],[-57.46655,-27.43764],[-57.46502,-27.43465],[-57.44353,-27.42794],[-57.45057,-27.43584],[-57.45757,-27.43751]]],[[[-57.53621,-27.43003],[-57.54566,-27.4284],[-57.5532,-27.4187],[-57.53621,-27.43003]]],[[[-57.74689,-27.3217],[-57.74331,-27.32262],[-57.75369,-27.32745],[-57.77034,-27.3279],[-57.80216,-27.32313],[-57.78836,-27.32056],[-57.74689,-27.3217]]],[[[-57.79004,-27.33064],[-57.77651,-27.32948],[-57.77357,-27.33183],[-57.78036,-27.33422],[-57.81383,-27.32799],[-57.82294,-27.32238],[-57.79004,-27.33064]]],[[[-57.88349,-34.82867],[-57.87965,-34.82983],[-57.88859,-34.84866],[-57.91065,-34.84271],[-57.92675,-34.83257],[-57.88349,-34.82867]]],[[[-58.0998,-27.2669],[-58.09328,-27.26071],[-58.08819,-27.26079],[-58.0998,-27.2669]]],[[[-58.14252,-27.26563],[-58.16887,-27.25879],[-58.15115,-27.25677],[-58.14062,-27.26332],[-58.14252,-27.26563]]],[[[-58.16806,-27.27427],[-58.21921,-27.26006],[-58.22545,-27.25481],[-58.19219,-27.25733],[-58.1661,-27.27037],[-58.16474,-27.2729],[-58.16806,-27.27427]]],[[[-58.18782,-27.2724],[-58.1996,-27.26959],[-58.18887,-27.26984],[-58.18782,-27.2724]]],[[[-58.2265,-27.2628],[-58.24381,-27.25863],[-58.25015,-27.25228],[-58.23183,-27.25666],[-58.22445,-27.26152],[-58.2265,-27.2628]]],[[[-58.24797,-34.1749],[-58.24348,-34.17495],[-58.24301,-34.18535],[-58.2463,-34.18941],[-58.25455,-34.1902],[-58.25818,-34.18104],[-58.25351,-34.17897],[-58.25405,-34.17539],[-58.24797,-34.1749]]],[[[-58.25253,-34.21607],[-58.26014,-34.20713],[-58.2536,-34.20488],[-58.25048,-34.21365],[-58.25253,-34.21607]]],[[[-58.27237,-34.23951],[-58.27453,-34.23911],[-58.27317,-34.2309],[-58.26998,-34.2245],[-58.26598,-34.22557],[-58.261,-34.23436],[-58.26556,-34.23907],[-58.26708,-34.23713],[-58.27237,-34.23951]]],[[[-58.28254,-34.25675],[-58.28487,-34.24722],[-58.28965,-34.24589],[-58.28396,-34.24141],[-58.28661,-34.23949],[-58.2844,-34.23696],[-58.28225,-34.23748],[-58.28254,-34.25675]]],[[[-58.29142,-34.23058],[-58.29526,-34.22835],[-58.29447,-34.21731],[-58.31809,-34.21359],[-58.32987,-34.20691],[-58.32079,-34.18927],[-58.31209,-34.18641],[-58.28729,-34.20273],[-58.28368,-34.21999],[-58.28627,-34.22768],[-58.29142,-34.23058]]],[[[-58.3128,-27.27226],[-58.29588,-27.26501],[-58.29585,-27.26876],[-58.30188,-27.27144],[-58.3128,-27.27226]]],[[[-58.29642,-27.25322],[-58.30049,-27.26225],[-58.32008,-27.27229],[-58.35753,-27.27419],[-58.3511,-27.26883],[-58.33388,-27.26486],[-58.3199,-27.25581],[-58.29642,-27.25322]]],[[[-58.32244,-34.235],[-58.33041,-34.2308],[-58.33076,-34.21308],[-58.31855,-34.22425],[-58.31025,-34.22768],[-58.31108,-34.23075],[-58.31927,-34.23067],[-58.32244,-34.235]]],[[[-58.31086,-34.22664],[-58.31732,-34.22426],[-58.32917,-34.2109],[-58.31566,-34.21708],[-58.31086,-34.22664]]],[[[-58.32702,-34.19178],[-58.33301,-34.1894],[-58.33349,-34.1804],[-58.32875,-34.16426],[-58.3244,-34.16302],[-58.32366,-34.17472],[-58.3178,-34.17595],[-58.31711,-34.18134],[-58.32702,-34.19178]]],[[[-58.3273,-34.24947],[-58.3288,-34.2465],[-58.32662,-34.24524],[-58.3273,-34.24947]]],[[[-58.32837,-34.23866],[-58.33015,-34.23363],[-58.32645,-34.23444],[-58.32837,-34.23866]]],[[[-58.33288,-34.17115],[-58.33292,-34.1637],[-58.33572,-34.16521],[-58.33639,-34.15839],[-58.34216,-34.15178],[-58.33904,-34.15014],[-58.32912,-34.15808],[-58.33288,-34.17115]]],[[[-58.33731,-34.23625],[-58.34869,-34.22212],[-58.34817,-34.21853],[-58.34037,-34.21412],[-58.33696,-34.21403],[-58.3329,-34.22178],[-58.33731,-34.23625]]],[[[-58.33841,-34.14912],[-58.33763,-34.13923],[-58.33506,-34.14286],[-58.33841,-34.14912]]],[[[-58.34722,-34.1007],[-58.3522,-34.09332],[-58.35135,-34.07867],[-58.34861,-34.08128],[-58.34722,-34.1007]]],[[[-58.35633,-34.20675],[-58.36014,-34.20323],[-58.35986,-34.19527],[-58.35396,-34.19379],[-58.35248,-34.19818],[-58.35633,-34.20675]]],[[[-58.58875,-34.03909],[-58.58289,-34.03146],[-58.57573,-34.02834],[-58.55073,-34.0284],[-58.51383,-34.01909],[-58.47562,-34.00465],[-58.44937,-34.00368],[-58.41058,-34.00901],[-58.39614,-34.01316],[-58.40659,-34.0106],[-58.40694,-34.01278],[-58.39545,-34.01779],[-58.39536,-34.01265],[-58.38167,-34.01538],[-58.36671,-34.02583],[-58.35297,-34.04448],[-58.3579,-34.05342],[-58.36216,-34.04965],[-58.36157,-34.06084],[-58.36427,-34.06542],[-58.36204,-34.09064],[-58.36539,-34.1068],[-58.37024,-34.11047],[-58.39151,-34.10728],[-58.40818,-34.09731],[-58.43562,-34.09392],[-58.4375,-34.08619],[-58.44072,-34.08486],[-58.46664,-34.0924],[-58.47529,-34.09216],[-58.52253,-34.07411],[-58.54355,-34.05804],[-58.57918,-34.04796],[-58.58875,-34.03909]]],[[[-58.35768,-34.13631],[-58.35821,-34.13078],[-58.35465,-34.12732],[-58.35298,-34.13238],[-58.35768,-34.13631]]],[[[-58.40237,-34.19402],[-58.39978,-34.1866],[-58.4017,-34.18195],[-58.43208,-34.16798],[-58.44736,-34.14852],[-58.45054,-34.12664],[-58.44733,-34.11948],[-58.43467,-34.12002],[-58.42548,-34.12488],[-58.38031,-34.15958],[-58.35605,-34.18914],[-58.36269,-34.19819],[-58.36232,-34.20398],[-58.37542,-34.20101],[-58.37599,-34.19843],[-58.38021,-34.20121],[-58.37684,-34.21256],[-58.39468,-34.20593],[-58.40237,-34.19402]]],[[[-58.40957,-34.1347],[-58.43232,-34.11812],[-58.45005,-34.11585],[-58.47317,-34.09476],[-58.44528,-34.08956],[-58.44151,-34.08627],[-58.43395,-34.09561],[-58.41418,-34.09661],[-58.38784,-34.1095],[-58.36656,-34.11244],[-58.36053,-34.12176],[-58.36151,-34.12483],[-58.3663,-34.12478],[-58.37127,-34.14528],[-58.36891,-34.15251],[-58.37554,-34.16117],[-58.40957,-34.1347]]],[[[-58.38162,-34.22124],[-58.38149,-34.21315],[-58.37631,-34.21796],[-58.38162,-34.22124]]],[[[-58.5732,-34.11691],[-58.57321,-34.10046],[-58.57851,-34.08651],[-58.59529,-34.06728],[-58.60421,-34.06446],[-58.60431,-34.05405],[-58.60838,-34.04886],[-58.60746,-34.04116],[-58.60436,-34.03979],[-58.59263,-34.04033],[-58.57956,-34.05155],[-58.53963,-34.06323],[-58.52107,-34.07798],[-58.4873,-34.09035],[-58.44888,-34.11972],[-58.45199,-34.12996],[-58.45037,-34.14335],[-58.44123,-34.16067],[-58.43029,-34.1716],[-58.40097,-34.18453],[-58.40362,-34.19503],[-58.39622,-34.20578],[-58.3861,-34.21143],[-58.38072,-34.22305],[-58.39868,-34.22349],[-58.40679,-34.22751],[-58.45485,-34.21564],[-58.50663,-34.17891],[-58.51842,-34.1636],[-58.51638,-34.15334],[-58.51927,-34.1506],[-58.54526,-34.15208],[-58.56459,-34.144],[-58.58001,-34.142],[-58.58408,-34.13656],[-58.58225,-34.12965],[-58.5732,-34.11691]]],[[[-58.44198,-34.2226],[-58.3939,-34.23421],[-58.38892,-34.24146],[-58.38975,-34.24505],[-58.4,-34.25675],[-58.40326,-34.25748],[-58.40429,-34.25114],[-58.41856,-34.26515],[-58.45169,-34.26605],[-58.46453,-34.27437],[-58.47536,-34.27399],[-58.50012,-34.26508],[-58.50017,-34.26791],[-58.50562,-34.27028],[-58.49243,-34.27674],[-58.4931,-34.27982],[-58.507,-34.29494],[-58.51135,-34.29591],[-58.54726,-34.29519],[-58.56686,-34.28378],[-58.58808,-34.27605],[-58.64678,-34.26191],[-58.63656,-34.2456],[-58.60645,-34.16736],[-58.58234,-34.15123],[-58.57975,-34.14483],[-58.56861,-34.14408],[-58.54561,-34.15401],[-58.5196,-34.15162],[-58.51909,-34.16642],[-58.50682,-34.18096],[-58.45917,-34.2152],[-58.44198,-34.2226]]],[[[-58.40573,-33.97694],[-58.40961,-33.96906],[-58.40692,-33.96472],[-58.40396,-33.97221],[-58.40573,-33.97694]]],[[[-58.7377,-33.94841],[-58.75292,-33.93856],[-58.75284,-33.93458],[-58.73077,-33.92577],[-58.7164,-33.93188],[-58.69122,-33.93685],[-58.67576,-33.93501],[-58.65703,-33.93886],[-58.62024,-33.9337],[-58.60677,-33.93876],[-58.59058,-33.93048],[-58.54705,-33.9277],[-58.52538,-33.93953],[-58.50337,-33.93338],[-58.49506,-33.93387],[-58.48589,-33.93873],[-58.45425,-33.94566],[-58.45926,-33.9501],[-58.44903,-33.94688],[-58.43275,-33.9508],[-58.42436,-33.94691],[-58.41606,-33.94842],[-58.40837,-33.95905],[-58.41401,-33.97415],[-58.41335,-33.98032],[-58.41538,-33.98223],[-58.42044,-33.97998],[-58.41669,-33.98645],[-58.42232,-33.99127],[-58.42271,-33.99615],[-58.41875,-33.99915],[-58.42497,-34.00216],[-58.44834,-33.99752],[-58.47548,-33.9972],[-58.55437,-34.0245],[-58.57689,-34.02421],[-58.59431,-34.03144],[-58.63328,-34.0353],[-58.66215,-34.02836],[-58.67897,-34.0199],[-58.68883,-34.00319],[-58.70746,-33.98336],[-58.7296,-33.96728],[-58.73127,-33.95827],[-58.7377,-33.94841]]],[[[-58.42449,-27.27759],[-58.42674,-27.27834],[-58.4317,-27.27156],[-58.42878,-27.27006],[-58.42028,-27.27498],[-58.42449,-27.27759]]],[[[-58.42081,-33.93783],[-58.4251,-33.93599],[-58.43115,-33.91998],[-58.42958,-33.91794],[-58.42081,-33.93783]]],[[[-58.43386,-33.94346],[-58.43908,-33.94225],[-58.42301,-33.93986],[-58.42397,-33.94229],[-58.43386,-33.94346]]],[[[-58.47907,-33.93624],[-58.49374,-33.92913],[-58.51756,-33.93424],[-58.52897,-33.93358],[-58.5441,-33.92632],[-58.54957,-33.9134],[-58.53733,-33.90122],[-58.52464,-33.89841],[-58.5093,-33.90208],[-58.48459,-33.9169],[-58.47904,-33.91697],[-58.45125,-33.8961],[-58.43955,-33.89662],[-58.431,-33.90148],[-58.43529,-33.9099],[-58.42714,-33.93853],[-58.44401,-33.9418],[-58.47907,-33.93624]]],[[[-58.44259,-34.33092],[-58.44875,-34.32892],[-58.44191,-34.32772],[-58.44259,-34.33092]]],[[[-58.45543,-34.3751],[-58.47331,-34.35099],[-58.48587,-34.32616],[-58.4636,-34.32759],[-58.45521,-34.33554],[-58.45251,-34.33157],[-58.44898,-34.33406],[-58.45475,-34.35352],[-58.44272,-34.36548],[-58.44739,-34.37558],[-58.45543,-34.3751]]],[[[-58.45067,-33.8253],[-58.45631,-33.82176],[-58.44656,-33.81905],[-58.45067,-33.8253]]],[[[-58.66816,-33.88513],[-58.66632,-33.86947],[-58.65987,-33.86275],[-58.6495,-33.86829],[-58.64272,-33.86786],[-58.62811,-33.86112],[-58.58012,-33.84812],[-58.54321,-33.83407],[-58.52728,-33.82141],[-58.5124,-33.81582],[-58.50622,-33.81486],[-58.47528,-33.82398],[-58.45052,-33.83494],[-58.44708,-33.84063],[-58.45716,-33.87187],[-58.4658,-33.88179],[-58.4629,-33.89236],[-58.45983,-33.8933],[-58.46452,-33.89735],[-58.48055,-33.89703],[-58.49464,-33.89211],[-58.49559,-33.90173],[-58.49883,-33.90298],[-58.5295,-33.89502],[-58.55445,-33.91039],[-58.59539,-33.90755],[-58.63189,-33.8982],[-58.65066,-33.89654],[-58.66816,-33.88513]]],[[[-58.45294,-33.83234],[-58.46653,-33.82549],[-58.46135,-33.81965],[-58.45826,-33.81892],[-58.45294,-33.83234]]],[[[-58.49331,-34.3785],[-58.5035,-34.36758],[-58.5088,-34.3521],[-58.52591,-34.33878],[-58.53909,-34.30572],[-58.52264,-34.30348],[-58.51157,-34.30812],[-58.49646,-34.32064],[-58.48314,-34.33827],[-58.46381,-34.37577],[-58.46905,-34.37391],[-58.46512,-34.37935],[-58.4666,-34.38422],[-58.47166,-34.38133],[-58.48598,-34.38463],[-58.49331,-34.3785]]],[[[-58.48328,-33.91281],[-58.49501,-33.90483],[-58.49528,-33.89377],[-58.46456,-33.89979],[-58.4682,-33.90489],[-58.48328,-33.91281]]],[[[-58.47332,-33.07386],[-58.47893,-33.06247],[-58.46737,-33.06493],[-58.47332,-33.07386]]],[[[-58.47673,-34.29943],[-58.48043,-34.29873],[-58.47853,-34.2958],[-58.46891,-34.29501],[-58.47673,-34.29943]]],[[[-58.48173,-34.31927],[-58.48819,-34.31714],[-58.50864,-34.30018],[-58.50205,-34.295],[-58.47893,-34.30106],[-58.47529,-34.30547],[-58.48525,-34.30767],[-58.47963,-34.31441],[-58.48173,-34.31927]]],[[[-58.47841,-34.39487],[-58.48111,-34.38969],[-58.47863,-34.38973],[-58.47841,-34.39487]]],[[[-58.50766,-34.41918],[-58.51813,-34.40569],[-58.52402,-34.3884],[-58.52353,-34.34446],[-58.50853,-34.35441],[-58.50444,-34.36834],[-58.4815,-34.39458],[-58.48866,-34.39616],[-58.49662,-34.40788],[-58.50436,-34.4074],[-58.50258,-34.41976],[-58.50766,-34.41918]]],[[[-58.48908,-34.29747],[-58.50109,-34.29359],[-58.49978,-34.2895],[-58.49137,-34.28652],[-58.48908,-34.29747]]],[[[-58.49758,-34.42676],[-58.50279,-34.42361],[-58.49714,-34.41944],[-58.49758,-34.42676]]],[[[-58.5196,-34.44396],[-58.53604,-34.43579],[-58.53956,-34.4247],[-58.52046,-34.40592],[-58.5064,-34.42614],[-58.50562,-34.43463],[-58.5196,-34.44396]]],[[[-58.5106,-33.76611],[-58.51943,-33.76086],[-58.50772,-33.75997],[-58.50686,-33.76332],[-58.51056,-33.76354],[-58.5106,-33.76611]]],[[[-58.5144,-33.75462],[-58.51774,-33.75188],[-58.51341,-33.75092],[-58.5144,-33.75462]]],[[[-58.54078,-34.43106],[-58.558,-34.42359],[-58.56883,-34.41405],[-58.57327,-34.40319],[-58.57187,-34.39525],[-58.57763,-34.38746],[-58.57489,-34.38184],[-58.56226,-34.38637],[-58.55934,-34.37922],[-58.55313,-34.37877],[-58.53134,-34.39036],[-58.52464,-34.39713],[-58.52242,-34.40307],[-58.54155,-34.42313],[-58.54078,-34.43106]]],[[[-58.66346,-33.93723],[-58.67727,-33.93345],[-58.6912,-33.93583],[-58.69668,-33.93254],[-58.71821,-33.93044],[-58.72745,-33.92183],[-58.7163,-33.91132],[-58.6728,-33.89393],[-58.66479,-33.89378],[-58.648,-33.90223],[-58.55456,-33.91604],[-58.54936,-33.91855],[-58.54703,-33.92629],[-58.58932,-33.92922],[-58.60365,-33.93701],[-58.62669,-33.93258],[-58.66346,-33.93723]]],[[[-58.7337,-33.96415],[-58.7443,-33.95461],[-58.73941,-33.95661],[-58.7337,-33.96415]]],[[[-58.82256,-33.95117],[-58.84153,-33.9442],[-58.85428,-33.93463],[-58.84319,-33.93519],[-58.83593,-33.94185],[-58.81729,-33.94958],[-58.82256,-33.95117]]],[[[-58.84314,-33.93326],[-58.85419,-33.93078],[-58.84796,-33.92792],[-58.84314,-33.93326]]],[[[-59.20311,-33.85629],[-59.20618,-33.84968],[-59.20478,-33.83146],[-59.21136,-33.81798],[-59.20168,-33.81237],[-59.17419,-33.80888],[-59.16031,-33.83225],[-59.1465,-33.84662],[-59.13313,-33.85392],[-59.10938,-33.85253],[-59.08854,-33.84402],[-59.06966,-33.84036],[-59.0479,-33.84458],[-59.03801,-33.84307],[-59.02524,-33.85009],[-59.01632,-33.85049],[-58.99428,-33.84379],[-58.98505,-33.87015],[-58.98081,-33.87356],[-58.96366,-33.87807],[-58.93592,-33.87773],[-58.91672,-33.88703],[-58.96783,-33.92542],[-58.9937,-33.93772],[-59.01011,-33.94028],[-59.02611,-33.92601],[-59.09318,-33.90793],[-59.16262,-33.875],[-59.18741,-33.86852],[-59.20311,-33.85629]]],[[[-59.25417,-33.88877],[-59.2688,-33.87089],[-59.29044,-33.86228],[-59.30076,-33.85104],[-59.29011,-33.83839],[-59.29014,-33.82811],[-59.25687,-33.81574],[-59.23901,-33.81543],[-59.22064,-33.81961],[-59.21179,-33.82851],[-59.21143,-33.85037],[-59.20547,-33.86409],[-59.20004,-33.86855],[-59.16244,-33.88027],[-59.0961,-33.91379],[-59.04396,-33.92469],[-59.0105,-33.94387],[-58.98732,-33.94168],[-58.96984,-33.93219],[-58.9634,-33.94039],[-58.96234,-33.94786],[-59.00318,-34.09137],[-59.00806,-34.09566],[-59.01179,-34.08378],[-59.03406,-34.05926],[-59.03862,-34.0435],[-59.04576,-34.0385],[-59.07764,-34.04195],[-59.09699,-34.03815],[-59.10834,-34.0228],[-59.14064,-34.00644],[-59.14471,-34.00213],[-59.13887,-33.9976],[-59.139,-33.99014],[-59.15182,-33.98453],[-59.16266,-33.97406],[-59.17367,-33.97104],[-59.17861,-33.95862],[-59.20638,-33.95941],[-59.21447,-33.95014],[-59.25194,-33.9447],[-59.25727,-33.93612],[-59.25067,-33.93149],[-59.22964,-33.92892],[-59.22528,-33.92129],[-59.23742,-33.89627],[-59.25417,-33.88877]]],[[[-59.0451,-33.84359],[-59.05796,-33.84018],[-59.04188,-33.83761],[-59.03843,-33.84126],[-59.0451,-33.84359]]],[[[-59.19236,-33.73686],[-59.21024,-33.72626],[-59.19624,-33.73217],[-59.19236,-33.73686]]],[[[-59.21642,-33.72744],[-59.22679,-33.72404],[-59.22792,-33.72016],[-59.21642,-33.72744]]],[[[-59.22135,-33.81112],[-59.23727,-33.80801],[-59.24434,-33.80171],[-59.24623,-33.7914],[-59.2436,-33.77911],[-59.23473,-33.78133],[-59.23509,-33.80085],[-59.22135,-33.81112]]],[[[-59.34138,-33.81584],[-59.3342,-33.80081],[-59.32522,-33.79315],[-59.29435,-33.78961],[-59.26373,-33.77231],[-59.26424,-33.75098],[-59.27742,-33.73146],[-59.25581,-33.72839],[-59.243,-33.73261],[-59.23776,-33.73784],[-59.23835,-33.74297],[-59.25916,-33.7742],[-59.26281,-33.78981],[-59.25863,-33.80068],[-59.24389,-33.81368],[-59.27448,-33.81825],[-59.29695,-33.82939],[-59.31913,-33.83001],[-59.34141,-33.82252],[-59.34138,-33.81584]]],[[[-59.34267,-33.81221],[-59.34209,-33.80812],[-59.33935,-33.8092],[-59.34267,-33.81221]]],[[[-59.349,-33.7395],[-59.35139,-33.7374],[-59.34274,-33.73551],[-59.349,-33.7395]]],[[[-59.38084,-33.75689],[-59.39012,-33.75297],[-59.39223,-33.74626],[-59.3735,-33.74726],[-59.35155,-33.74318],[-59.37188,-33.75525],[-59.38084,-33.75689]]],[[[-59.38188,-33.51544],[-59.39304,-33.5088],[-59.40012,-33.49838],[-59.39074,-33.50319],[-59.38188,-33.51544]]],[[[-61.78649,-38.98885],[-61.78587,-38.98666],[-61.76334,-38.9768],[-61.78649,-38.98885]]],[[[-61.80815,-38.99266],[-61.79635,-38.98998],[-61.79894,-38.99206],[-61.80815,-38.99266]]],[[[-61.87031,-39.24265],[-61.88625,-39.23689],[-61.87705,-39.23488],[-61.86928,-39.2244],[-61.85904,-39.22443],[-61.85335,-39.2195],[-61.87031,-39.24265]]],[[[-61.85361,-39.19305],[-61.85819,-39.17538],[-61.85475,-39.17381],[-61.85361,-39.19305]]],[[[-61.87622,-39.22409],[-61.88647,-39.22317],[-61.88784,-39.22009],[-61.87494,-39.22138],[-61.87622,-39.22409]]],[[[-61.88785,-39.21906],[-61.88905,-39.21625],[-61.88496,-39.21416],[-61.88424,-39.21774],[-61.88785,-39.21906]]],[[[-61.88437,-39.12632],[-61.88775,-39.11018],[-61.88543,-39.11144],[-61.88437,-39.12632]]],[[[-61.89261,-39.23143],[-61.89931,-39.22508],[-61.89417,-39.22708],[-61.89261,-39.23143]]],[[[-61.91873,-39.1644],[-61.9217,-39.1643],[-61.92379,-39.15725],[-61.92149,-39.15697],[-61.91873,-39.1644]]],[[[-61.92312,-39.13645],[-61.92583,-39.1321],[-61.92271,-39.13053],[-61.92312,-39.13645]]],[[[-61.92877,-39.06844],[-61.92568,-39.0448],[-61.92303,-39.04451],[-61.92443,-39.06121],[-61.92877,-39.06844]]],[[[-61.93766,-39.13427],[-61.93293,-39.13113],[-61.92813,-39.13213],[-61.93766,-39.13427]]],[[[-61.93384,-39.1472],[-61.93554,-39.14349],[-61.9326,-39.1418],[-61.93124,-39.14487],[-61.93384,-39.1472]]],[[[-61.93541,-39.13052],[-61.9358,-39.12629],[-61.93231,-39.12806],[-61.93541,-39.13052]]],[[[-61.95726,-39.14664],[-61.96356,-39.14426],[-61.96148,-39.14039],[-61.96532,-39.13708],[-61.96014,-39.1301],[-61.95128,-39.12771],[-61.94834,-39.13693],[-61.95726,-39.14664]]],[[[-61.95115,-39.15814],[-61.95303,-39.15392],[-61.94922,-39.1553],[-61.95115,-39.15814]]],[[[-61.95406,-39.11798],[-61.95656,-39.1162],[-61.95381,-39.11258],[-61.95406,-39.11798]]],[[[-61.95555,-39.16216],[-61.9682,-39.16535],[-61.97374,-39.17041],[-61.99395,-39.16443],[-62.01325,-39.15214],[-62.02444,-39.15377],[-62.02572,-39.15674],[-62.02888,-39.15509],[-62.03247,-39.14588],[-62.02784,-39.14635],[-62.02647,-39.15032],[-62.01227,-39.15162],[-62.00891,-39.14465],[-62.0101,-39.14158],[-62.01551,-39.14317],[-62.02185,-39.13885],[-62.02428,-39.12989],[-62.01527,-39.11415],[-62.02671,-39.10898],[-62.02577,-39.10563],[-62.0124,-39.10667],[-62.00822,-39.09945],[-62.01405,-39.09449],[-62.01279,-39.09088],[-62.00313,-39.09837],[-62.00018,-39.09681],[-62.00124,-39.09091],[-61.99566,-39.09035],[-61.99363,-39.09419],[-61.99288,-39.10034],[-62.00737,-39.10162],[-62.01044,-39.10563],[-62.00342,-39.12432],[-62.0049,-39.12835],[-61.9994,-39.12891],[-61.99799,-39.13532],[-62.00155,-39.13997],[-61.9992,-39.14265],[-61.99478,-39.14068],[-61.9961,-39.13668],[-61.9904,-39.1355],[-61.98959,-39.13849],[-61.9821,-39.1393],[-61.97873,-39.14465],[-61.96549,-39.14813],[-61.97053,-39.15331],[-61.95888,-39.14922],[-61.96046,-39.15348],[-61.95362,-39.15855],[-61.95555,-39.16216]]],[[[-61.96117,-39.12729],[-61.96188,-39.12396],[-61.95841,-39.1247],[-61.96117,-39.12729]]],[[[-61.96279,-39.10727],[-61.9645,-39.10279],[-61.95985,-39.10519],[-61.96279,-39.10727]]],[[[-61.97949,-39.12617],[-61.97874,-39.12102],[-61.98695,-39.12315],[-61.98556,-39.11697],[-61.99136,-39.11458],[-61.9878,-39.1098],[-61.989,-39.10647],[-61.99562,-39.10499],[-61.99022,-39.10212],[-61.98493,-39.10336],[-61.98451,-39.11029],[-61.98186,-39.11052],[-61.98194,-39.10513],[-61.97791,-39.11036],[-61.975,-39.10622],[-61.97135,-39.1076],[-61.96629,-39.11475],[-61.97357,-39.11353],[-61.97351,-39.11815],[-61.9696,-39.11478],[-61.96753,-39.12105],[-61.96241,-39.12165],[-61.96483,-39.12539],[-61.97077,-39.12481],[-61.97299,-39.13086],[-61.97888,-39.13451],[-61.98873,-39.1378],[-61.98844,-39.13421],[-61.99538,-39.13298],[-61.99016,-39.12908],[-61.9852,-39.13045],[-61.98475,-39.12698],[-61.98891,-39.12445],[-61.97949,-39.12617]]],[[[-61.97108,-39.30714],[-61.9687,-39.30044],[-61.97083,-39.29019],[-61.96739,-39.29966],[-61.97108,-39.30714]]],[[[-61.97187,-39.13984],[-61.97178,-39.13509],[-61.96812,-39.13737],[-61.97187,-39.13984]]],[[[-61.97388,-39.09337],[-61.97392,-39.08965],[-61.96996,-39.09013],[-61.97388,-39.09337]]],[[[-61.98305,-39.02797],[-61.98313,-39.02168],[-61.98126,-39.02628],[-61.98305,-39.02797]]],[[[-61.98979,-39.03945],[-61.99977,-39.03235],[-61.9939,-39.02065],[-61.9867,-39.0253],[-61.98413,-39.03298],[-61.98488,-39.03787],[-61.98979,-39.03945]]],[[[-62.00975,-39.26087],[-62.02198,-39.26007],[-62.03034,-39.25269],[-62.03126,-39.24628],[-62.02461,-39.23749],[-62.00542,-39.23964],[-61.99624,-39.24676],[-62.00092,-39.25477],[-62.00975,-39.26087]]],[[[-61.99936,-39.03851],[-62.00719,-39.03216],[-62.00242,-39.03224],[-61.99936,-39.03851]]],[[[-62.02525,-39.04733],[-62.02026,-39.03946],[-62.02634,-39.04027],[-62.02793,-39.0444],[-62.03227,-39.03956],[-62.02845,-39.03028],[-62.02435,-39.02896],[-62.02448,-39.03166],[-62.006,-39.0342],[-62.00082,-39.03981],[-62.00977,-39.04733],[-62.01876,-39.04073],[-62.01864,-39.04895],[-62.02525,-39.04733]]],[[[-62.00118,-39.16616],[-62.01182,-39.15996],[-62.0059,-39.15927],[-62.00118,-39.16616]]],[[[-62.00475,-39.02957],[-62.0058,-39.02547],[-62.0025,-39.0257],[-62.00475,-39.02957]]],[[[-62.02793,-40.23012],[-62.0251,-40.20609],[-62.02005,-40.19629],[-62.0172,-40.19627],[-62.02151,-40.22275],[-62.02793,-40.23012]]],[[[-62.01859,-40.32004],[-62.02232,-40.30569],[-62.02393,-40.28722],[-62.01859,-40.32004]]],[[[-62.06472,-39.13501],[-62.06553,-39.12714],[-62.07189,-39.12],[-62.07136,-39.11024],[-62.08306,-39.09724],[-62.07741,-39.08872],[-62.07799,-39.08256],[-62.07291,-39.07995],[-62.06822,-39.08492],[-62.05178,-39.08337],[-62.055,-39.08854],[-62.06974,-39.09559],[-62.06938,-39.0979],[-62.05759,-39.09151],[-62.05624,-39.09471],[-62.06375,-39.09939],[-62.06599,-39.10506],[-62.05621,-39.09689],[-62.04926,-39.09876],[-62.04851,-39.10569],[-62.05377,-39.10638],[-62.05339,-39.11048],[-62.04142,-39.10563],[-62.03775,-39.09739],[-62.02924,-39.09244],[-62.02233,-39.09225],[-62.02177,-39.09571],[-62.02621,-39.09729],[-62.02586,-39.09947],[-62.02093,-39.09776],[-62.02137,-39.10161],[-62.0362,-39.102],[-62.03762,-39.10663],[-62.04156,-39.10756],[-62.03815,-39.11601],[-62.04307,-39.11797],[-62.04429,-39.12516],[-62.05848,-39.13659],[-62.05624,-39.14402],[-62.06012,-39.14996],[-62.07333,-39.14839],[-62.0726,-39.12977],[-62.06665,-39.12972],[-62.06472,-39.13501]]],[[[-62.02298,-39.0206],[-62.02664,-39.01845],[-62.02206,-39.01584],[-62.02298,-39.0206]]],[[[-62.02395,-40.27425],[-62.02565,-40.27286],[-62.02461,-40.2636],[-62.02395,-40.27425]]],[[[-62.02519,-40.25783],[-62.02738,-40.25695],[-62.02713,-40.23923],[-62.02361,-40.23946],[-62.02519,-40.25783]]],[[[-62.046,-39.03505],[-62.04524,-39.03016],[-62.05315,-39.02984],[-62.05902,-39.0218],[-62.05567,-39.01355],[-62.05394,-39.02022],[-62.04817,-39.02043],[-62.05213,-39.01626],[-62.03951,-39.01599],[-62.03682,-39.02008],[-62.04634,-39.0217],[-62.03743,-39.02329],[-62.03475,-39.02725],[-62.02524,-39.02409],[-62.02423,-39.02614],[-62.03045,-39.02824],[-62.04019,-39.03821],[-62.046,-39.03505]]],[[[-62.0808,-40.53096],[-62.10173,-40.56412],[-62.10891,-40.56841],[-62.14494,-40.56817],[-62.17534,-40.56017],[-62.15044,-40.55896],[-62.13702,-40.55514],[-62.13588,-40.55256],[-62.14213,-40.55043],[-62.16503,-40.55008],[-62.16825,-40.54741],[-62.1531,-40.53498],[-62.15218,-40.52778],[-62.14612,-40.52826],[-62.16007,-40.54247],[-62.13488,-40.53895],[-62.13111,-40.54406],[-62.13167,-40.55279],[-62.12659,-40.55481],[-62.12121,-40.55438],[-62.10389,-40.54026],[-62.10478,-40.55052],[-62.10126,-40.54871],[-62.0953,-40.54096],[-62.093,-40.52451],[-62.08598,-40.52137],[-62.07875,-40.50873],[-62.07177,-40.5029],[-62.06498,-40.50734],[-62.05727,-40.50574],[-62.04283,-40.49175],[-62.04504,-40.49036],[-62.05298,-40.49928],[-62.05506,-40.49545],[-62.04542,-40.48728],[-62.03704,-40.48503],[-62.02971,-40.46905],[-62.02873,-40.45543],[-62.02536,-40.46773],[-62.0348,-40.48912],[-62.0808,-40.53096]]],[[[-62.05524,-39.15737],[-62.05613,-39.15249],[-62.0522,-39.15002],[-62.05536,-39.14786],[-62.05382,-39.14469],[-62.04833,-39.1437],[-62.05297,-39.14168],[-62.05305,-39.13552],[-62.04419,-39.13185],[-62.03977,-39.1182],[-62.03714,-39.11741],[-62.03576,-39.12228],[-62.02893,-39.1271],[-62.02701,-39.13428],[-62.0303,-39.13559],[-62.03667,-39.15195],[-62.05524,-39.15737]]],[[[-62.03308,-40.12733],[-62.02876,-40.12511],[-62.02773,-40.1269],[-62.03308,-40.12733]]],[[[-62.0302,-39.11864],[-62.03158,-39.11453],[-62.02843,-39.11606],[-62.0302,-39.11864]]],[[[-62.03755,-39.40195],[-62.03513,-39.39706],[-62.03345,-39.3991],[-62.03755,-39.40195]]],[[[-62.05449,-39.4704],[-62.04717,-39.46058],[-62.04878,-39.45187],[-62.0462,-39.44722],[-62.0445,-39.45055],[-62.04103,-39.44949],[-62.04662,-39.46469],[-62.05449,-39.4704]]],[[[-62.05479,-40.4907],[-62.06725,-40.48913],[-62.0712,-40.483],[-62.06534,-40.48167],[-62.06684,-40.45831],[-62.06353,-40.44237],[-62.06032,-40.44363],[-62.06074,-40.44979],[-62.0567,-40.45002],[-62.05626,-40.45746],[-62.05303,-40.46026],[-62.05429,-40.47824],[-62.04521,-40.47817],[-62.05479,-40.4907]]],[[[-62.05141,-40.41993],[-62.05634,-40.41587],[-62.0607,-40.40383],[-62.05141,-40.41993]]],[[[-62.0597,-39.00768],[-62.06273,-39.00282],[-62.05502,-39.00071],[-62.05349,-39.00455],[-62.05744,-39.00394],[-62.0597,-39.00768]]],[[[-62.06185,-39.01938],[-62.06288,-39.01579],[-62.05981,-39.01599],[-62.06185,-39.01938]]],[[[-62.06095,-39.01347],[-62.0674,-39.01057],[-62.06265,-39.00873],[-62.06095,-39.01347]]],[[[-62.06355,-40.44109],[-62.06354,-40.42952],[-62.06044,-40.4349],[-62.06355,-40.44109]]],[[[-62.06638,-39.00054],[-62.06181,-38.99768],[-62.06144,-39.00025],[-62.06638,-39.00054]]],[[[-62.06238,-40.4041],[-62.06563,-40.39976],[-62.06227,-40.39999],[-62.06238,-40.4041]]],[[[-62.06616,-39.51468],[-62.06346,-39.50591],[-62.0642,-39.51259],[-62.06616,-39.51468]]],[[[-62.10573,-39.24598],[-62.118,-39.24235],[-62.13165,-39.23346],[-62.1362,-39.2263],[-62.15801,-39.21029],[-62.159,-39.19694],[-62.14895,-39.19558],[-62.10648,-39.2135],[-62.08352,-39.22744],[-62.07212,-39.24032],[-62.06431,-39.24424],[-62.06836,-39.25018],[-62.07824,-39.25218],[-62.10573,-39.24598]]],[[[-62.06582,-40.42249],[-62.06885,-40.42187],[-62.06892,-40.41699],[-62.06592,-40.41543],[-62.06582,-40.42249]]],[[[-62.06651,-40.39669],[-62.07007,-40.39441],[-62.07422,-40.38571],[-62.06651,-40.39669]]],[[[-62.07712,-39.53838],[-62.07558,-39.52912],[-62.06856,-39.5211],[-62.07712,-39.53838]]],[[[-62.07335,-39.02101],[-62.07743,-39.0198],[-62.07669,-39.01732],[-62.07224,-39.0178],[-62.07335,-39.02101]]],[[[-62.07768,-39.01668],[-62.08018,-39.01503],[-62.07285,-39.00881],[-62.07231,-39.01266],[-62.07768,-39.01668]]],[[[-62.07707,-40.26288],[-62.08129,-40.26021],[-62.08122,-40.25302],[-62.0754,-40.25041],[-62.07761,-40.24786],[-62.07378,-40.24603],[-62.07392,-40.26041],[-62.07707,-40.26288]]],[[[-62.07444,-40.40625],[-62.07731,-40.40525],[-62.07586,-40.40062],[-62.07333,-40.40239],[-62.07444,-40.40625]]],[[[-62.07626,-38.99998],[-62.07956,-38.99911],[-62.07799,-38.99421],[-62.07626,-38.99998]]],[[[-62.0808,-39.00528],[-62.08018,-39.00219],[-62.08805,-39.00392],[-62.0914,-38.99971],[-62.08257,-38.99528],[-62.07724,-39.00063],[-62.0808,-39.00528]]],[[[-62.0888,-40.01224],[-62.08398,-39.99833],[-62.07948,-39.99778],[-62.0888,-40.01224]]],[[[-62.08564,-39.08942],[-62.0911,-39.08334],[-62.08212,-39.08066],[-62.07993,-39.08514],[-62.08564,-39.08942]]],[[[-62.10168,-39.01944],[-62.11457,-39.01594],[-62.11236,-39.00784],[-62.12495,-39.00151],[-62.11678,-38.99683],[-62.11183,-38.99782],[-62.10366,-39.00648],[-62.10255,-39.00262],[-62.09534,-39.00077],[-62.09625,-39.00617],[-62.09116,-39.00563],[-62.097,-39.01208],[-62.09256,-39.01231],[-62.08933,-39.00689],[-62.0811,-39.00734],[-62.08261,-39.01788],[-62.09379,-39.01874],[-62.09638,-39.02209],[-62.10168,-39.01944]]],[[[-62.08595,-40.17565],[-62.09082,-40.17453],[-62.09307,-40.16864],[-62.08939,-40.16836],[-62.08595,-40.17565]]],[[[-62.09865,-39.69301],[-62.09276,-39.68718],[-62.09024,-39.67638],[-62.08773,-39.67687],[-62.08943,-39.68754],[-62.09865,-39.69301]]],[[[-62.1739,-40.4581],[-62.17564,-40.45311],[-62.18287,-40.45277],[-62.18309,-40.44815],[-62.17927,-40.44479],[-62.18016,-40.44069],[-62.17177,-40.43973],[-62.19802,-40.4367],[-62.19892,-40.43158],[-62.19503,-40.41949],[-62.19488,-40.40433],[-62.16968,-40.36333],[-62.1655,-40.36279],[-62.15867,-40.37198],[-62.15626,-40.37658],[-62.15959,-40.37892],[-62.15871,-40.38251],[-62.15233,-40.38195],[-62.15038,-40.3768],[-62.14533,-40.37804],[-62.14204,-40.38598],[-62.15286,-40.39376],[-62.15365,-40.39762],[-62.14674,-40.39962],[-62.14357,-40.39754],[-62.13837,-40.41034],[-62.13536,-40.41032],[-62.13233,-40.39669],[-62.12629,-40.3969],[-62.12241,-40.38532],[-62.10371,-40.37747],[-62.10188,-40.3885],[-62.09451,-40.38728],[-62.09178,-40.39034],[-62.10593,-40.40008],[-62.10112,-40.40775],[-62.10586,-40.43089],[-62.10995,-40.43913],[-62.11331,-40.43865],[-62.11816,-40.42714],[-62.1284,-40.4285],[-62.1348,-40.45319],[-62.1391,-40.45888],[-62.13525,-40.4704],[-62.13633,-40.47811],[-62.1395,-40.48019],[-62.13511,-40.50763],[-62.14296,-40.51205],[-62.1422,-40.50537],[-62.14492,-40.50308],[-62.13728,-40.49583],[-62.13905,-40.48917],[-62.14571,-40.48088],[-62.15121,-40.48464],[-62.15111,-40.4795],[-62.14472,-40.4792],[-62.13591,-40.47169],[-62.14963,-40.46306],[-62.16224,-40.47625],[-62.16489,-40.49373],[-62.17362,-40.50842],[-62.1908,-40.50585],[-62.19279,-40.50856],[-62.18971,-40.51265],[-62.21717,-40.52323],[-62.23586,-40.50693],[-62.23069,-40.49872],[-62.21855,-40.49179],[-62.21295,-40.48046],[-62.20513,-40.4745],[-62.20152,-40.46703],[-62.20317,-40.45523],[-62.19923,-40.4475],[-62.1908,-40.45026],[-62.18734,-40.45897],[-62.18092,-40.46059],[-62.1739,-40.4581]]],[[[-62.09635,-39.93371],[-62.10119,-39.94634],[-62.10019,-39.9204],[-62.09665,-39.91113],[-62.09348,-39.9111],[-62.09253,-39.91957],[-62.09635,-39.93371]]],[[[-62.10156,-40.38696],[-62.10034,-40.37796],[-62.09455,-40.38408],[-62.10156,-40.38696]]],[[[-62.10048,-40.21569],[-62.09787,-40.21054],[-62.09552,-40.21128],[-62.10048,-40.21569]]],[[[-62.1021,-40.16961],[-62.10502,-40.16754],[-62.10389,-40.15974],[-62.09701,-40.16225],[-62.1021,-40.16961]]],[[[-62.10801,-39.68961],[-62.10438,-39.68779],[-62.10415,-39.68009],[-62.10132,-39.68083],[-62.09993,-39.68517],[-62.10801,-39.68961]]],[[[-62.12084,-39.96138],[-62.10295,-39.95175],[-62.10109,-39.95379],[-62.12084,-39.96138]]],[[[-62.10114,-39.98818],[-62.10742,-39.98003],[-62.10365,-39.97512],[-62.10114,-39.98818]]],[[[-62.10124,-38.97603],[-62.1052,-38.97542],[-62.10476,-38.97131],[-62.10129,-38.97205],[-62.10124,-38.97603]]],[[[-62.10291,-39.00006],[-62.10886,-38.99882],[-62.1033,-38.99531],[-62.10291,-39.00006]]],[[[-62.1202,-40.20531],[-62.12946,-40.18946],[-62.13138,-40.16971],[-62.12089,-40.16577],[-62.11653,-40.16651],[-62.11479,-40.17163],[-62.11857,-40.17731],[-62.11238,-40.17662],[-62.10657,-40.18569],[-62.12125,-40.18978],[-62.12087,-40.19351],[-62.11127,-40.19805],[-62.11035,-40.20395],[-62.10498,-40.20468],[-62.10341,-40.21006],[-62.10449,-40.21753],[-62.111,-40.21808],[-62.1202,-40.20531]]],[[[-62.12925,-39.87928],[-62.12654,-39.88375],[-62.12065,-39.87267],[-62.12861,-39.87555],[-62.12997,-39.87325],[-62.11901,-39.86995],[-62.11441,-39.86479],[-62.11364,-39.87351],[-62.11627,-39.87507],[-62.1102,-39.89403],[-62.11521,-39.88071],[-62.12598,-39.88468],[-62.12925,-39.87928]]],[[[-62.12453,-38.98173],[-62.12887,-38.97701],[-62.1179,-38.97295],[-62.12041,-38.96912],[-62.11515,-38.96882],[-62.11029,-38.97649],[-62.11172,-38.97984],[-62.12453,-38.98173]]],[[[-62.12992,-40.1661],[-62.12939,-40.15557],[-62.1186,-40.13559],[-62.11342,-40.14787],[-62.11942,-40.15036],[-62.11372,-40.15108],[-62.12303,-40.15526],[-62.11757,-40.16382],[-62.12992,-40.1661]]],[[[-62.12009,-39.86367],[-62.11703,-39.85556],[-62.11858,-39.85172],[-62.11475,-39.85144],[-62.11444,-39.8626],[-62.12009,-39.86367]]],[[[-62.11976,-38.80911],[-62.11785,-38.80395],[-62.11664,-38.80883],[-62.11976,-38.80911]]],[[[-62.13079,-39.03507],[-62.14002,-39.03411],[-62.14421,-39.02862],[-62.13889,-39.01882],[-62.13461,-39.01905],[-62.13734,-39.01085],[-62.12919,-39.00462],[-62.12391,-39.00535],[-62.12122,-39.00971],[-62.12397,-39.01434],[-62.12208,-39.02049],[-62.11678,-39.02276],[-62.12293,-39.0318],[-62.13079,-39.03507]]],[[[-62.14458,-40.03769],[-62.15797,-40.03612],[-62.15902,-40.03215],[-62.14243,-40.03678],[-62.14296,-40.0337],[-62.13293,-40.03504],[-62.12764,-40.03128],[-62.12834,-40.02833],[-62.12133,-40.02738],[-62.12658,-40.03499],[-62.14458,-40.03769]]],[[[-62.122,-38.97362],[-62.12797,-38.96969],[-62.12405,-38.96735],[-62.122,-38.97362]]],[[[-62.13362,-38.99207],[-62.12614,-38.98483],[-62.12513,-38.98662],[-62.13362,-38.99207]]],[[[-62.12935,-39.92216],[-62.13281,-39.92159],[-62.1306,-39.91575],[-62.12642,-39.91623],[-62.12935,-39.92216]]],[[[-62.14619,-38.9869],[-62.14922,-38.98114],[-62.13971,-38.97851],[-62.139,-38.96977],[-62.14218,-38.96466],[-62.13351,-38.96468],[-62.13441,-38.96819],[-62.12654,-38.96557],[-62.12863,-38.96969],[-62.13554,-38.96949],[-62.13517,-38.97282],[-62.12829,-38.97046],[-62.12933,-38.97997],[-62.14461,-38.98162],[-62.14619,-38.9869]]],[[[-62.16745,-39.92912],[-62.17251,-39.92428],[-62.1711,-39.91708],[-62.17376,-39.91787],[-62.17337,-39.90836],[-62.17589,-39.90658],[-62.17338,-39.89372],[-62.17575,-39.8904],[-62.17312,-39.8873],[-62.16628,-39.88777],[-62.16403,-39.88031],[-62.1347,-39.89421],[-62.14919,-39.89637],[-62.14192,-39.90338],[-62.13824,-39.90477],[-62.13398,-39.89883],[-62.13047,-39.89957],[-62.13043,-39.90265],[-62.13492,-39.90423],[-62.14014,-39.913],[-62.141,-39.92379],[-62.14836,-39.92205],[-62.15061,-39.9426],[-62.15809,-39.94471],[-62.17318,-39.93827],[-62.17553,-39.93611],[-62.16758,-39.93246],[-62.16745,-39.92912]]],[[[-62.13424,-39.95775],[-62.14177,-39.95564],[-62.14029,-39.95382],[-62.13424,-39.95775]]],[[[-62.13625,-38.99261],[-62.14546,-38.99229],[-62.14484,-38.98933],[-62.13794,-38.98877],[-62.13625,-38.99261]]],[[[-62.1424,-39.94511],[-62.1476,-39.94284],[-62.14717,-39.93719],[-62.14012,-39.94124],[-62.1424,-39.94511]]],[[[-62.15156,-38.97782],[-62.15426,-38.97245],[-62.14734,-38.97343],[-62.14869,-38.97009],[-62.14593,-38.96725],[-62.14195,-38.97005],[-62.14632,-38.97624],[-62.15156,-38.97782]]],[[[-62.15295,-38.9714],[-62.15697,-38.96605],[-62.15241,-38.96216],[-62.14714,-38.96237],[-62.14837,-38.96932],[-62.15295,-38.9714]]],[[[-62.15516,-39.39337],[-62.1617,-39.38597],[-62.15793,-39.38247],[-62.1495,-39.38203],[-62.15516,-39.39337]]],[[[-62.1616,-38.96377],[-62.15805,-38.95809],[-62.1562,-38.96116],[-62.1616,-38.96377]]],[[[-62.16741,-38.97293],[-62.17074,-38.97051],[-62.16947,-38.96588],[-62.16155,-38.96775],[-62.16741,-38.97293]]],[[[-62.1772,-39.37606],[-62.17925,-39.37082],[-62.17532,-39.36745],[-62.17933,-39.36465],[-62.18578,-39.36859],[-62.18203,-39.37327],[-62.18201,-39.37986],[-62.19644,-39.37234],[-62.19204,-39.36616],[-62.20311,-39.36751],[-62.20484,-39.36085],[-62.18939,-39.35189],[-62.17778,-39.35527],[-62.16545,-39.36288],[-62.1619,-39.36876],[-62.1772,-39.37606]]],[[[-62.16337,-40.03167],[-62.16807,-40.02901],[-62.16543,-40.02668],[-62.16337,-40.03167]]],[[[-62.17626,-39.39942],[-62.17892,-39.3988],[-62.17906,-39.3866],[-62.17351,-39.3804],[-62.16558,-39.37983],[-62.16616,-39.38651],[-62.17326,-39.38733],[-62.17134,-39.39579],[-62.17626,-39.39942]]],[[[-62.18645,-39.9444],[-62.20006,-39.93602],[-62.19344,-39.93161],[-62.19275,-39.91902],[-62.17856,-39.90673],[-62.17734,-39.91096],[-62.18289,-39.92127],[-62.17062,-39.92863],[-62.17092,-39.93197],[-62.18025,-39.93268],[-62.18351,-39.93873],[-62.17096,-39.94198],[-62.18633,-39.94055],[-62.18865,-39.94185],[-62.18645,-39.9444]]],[[[-62.2255,-39.88356],[-62.2395,-39.88339],[-62.24856,-39.87755],[-62.25332,-39.86872],[-62.26051,-39.86658],[-62.26058,-39.8599],[-62.25611,-39.85782],[-62.24515,-39.85428],[-62.23811,-39.85809],[-62.22612,-39.85814],[-62.22556,-39.86327],[-62.21932,-39.86978],[-62.21366,-39.8691],[-62.21243,-39.86036],[-62.20504,-39.86519],[-62.19376,-39.86152],[-62.19219,-39.85329],[-62.1728,-39.85906],[-62.1806,-39.86142],[-62.18064,-39.87246],[-62.18493,-39.87506],[-62.2255,-39.88356]]],[[[-62.17334,-39.92505],[-62.17689,-39.92097],[-62.17407,-39.91966],[-62.17334,-39.92505]]],[[[-62.17937,-39.92278],[-62.18157,-39.92023],[-62.1773,-39.91455],[-62.1756,-39.91736],[-62.17937,-39.92278]]],[[[-62.18404,-38.98576],[-62.18718,-38.9845],[-62.18575,-38.98012],[-62.17655,-38.97929],[-62.18404,-38.98576]]],[[[-62.18197,-40.45726],[-62.18604,-40.45471],[-62.18066,-40.4552],[-62.18197,-40.45726]]],[[[-62.19225,-38.98774],[-62.19556,-38.98584],[-62.19611,-38.98096],[-62.19297,-38.98197],[-62.19467,-38.97684],[-62.18647,-38.97499],[-62.19225,-38.98774]]],[[[-62.19109,-39.91811],[-62.19086,-39.90925],[-62.18801,-39.91078],[-62.19109,-39.91811]]],[[[-62.19305,-39.17728],[-62.19621,-39.17563],[-62.19509,-39.17228],[-62.18946,-39.1743],[-62.19305,-39.17728]]],[[[-62.19373,-39.00201],[-62.21054,-38.99981],[-62.21257,-38.99494],[-62.1974,-38.99728],[-62.19373,-39.00201]]],[[[-62.19962,-39.93011],[-62.20318,-39.92577],[-62.19901,-39.92523],[-62.19962,-39.93011]]],[[[-62.20118,-38.98382],[-62.20255,-38.9787],[-62.19941,-38.97893],[-62.20118,-38.98382]]],[[[-62.22054,-39.90946],[-62.22507,-39.90692],[-62.22325,-39.90511],[-62.19978,-39.90264],[-62.20324,-39.906],[-62.22054,-39.90946]]],[[[-62.21033,-39.01894],[-62.21934,-39.00744],[-62.21511,-39.00331],[-62.20916,-39.00558],[-62.20128,-39.0036],[-62.20224,-39.0063],[-62.20849,-39.00686],[-62.20664,-39.01057],[-62.21106,-39.01188],[-62.21033,-39.01894]]],[[[-62.20308,-39.01928],[-62.20755,-39.017],[-62.20643,-39.01391],[-62.20263,-39.01619],[-62.20308,-39.01928]]],[[[-62.20423,-38.79893],[-62.2095,-38.79743],[-62.2069,-38.7951],[-62.20327,-38.79661],[-62.20423,-38.79893]]],[[[-62.21571,-39.98209],[-62.21677,-39.97697],[-62.20376,-39.97636],[-62.21004,-39.98167],[-62.21571,-39.98209]]],[[[-62.20734,-38.93276],[-62.20902,-38.92815],[-62.2059,-38.9289],[-62.20734,-38.93276]]],[[[-62.20988,-38.79203],[-62.22893,-38.79062],[-62.2218,-38.78287],[-62.209,-38.78304],[-62.20694,-38.79099],[-62.20988,-38.79203]]],[[[-62.21191,-39.93482],[-62.21732,-39.92831],[-62.20928,-39.93172],[-62.21191,-39.93482]]],[[[-62.2169,-38.99125],[-62.22122,-38.98601],[-62.21698,-38.98252],[-62.2104,-38.98311],[-62.2169,-38.99125]]],[[[-62.21688,-39.34924],[-62.23612,-39.34359],[-62.23353,-39.33857],[-62.21133,-39.34291],[-62.21688,-39.34924]]],[[[-62.22125,-38.98293],[-62.22472,-38.98219],[-62.22492,-38.97859],[-62.2126,-38.97748],[-62.21173,-38.98184],[-62.22125,-38.98293]]],[[[-62.21359,-38.93241],[-62.22185,-38.92939],[-62.21266,-38.92689],[-62.21359,-38.93241]]],[[[-62.21892,-38.92487],[-62.22289,-38.92387],[-62.22493,-38.91798],[-62.21604,-38.91869],[-62.21501,-38.92279],[-62.21892,-38.92487]]],[[[-62.23068,-39.02396],[-62.22859,-39.01491],[-62.23572,-39.015],[-62.23876,-39.00744],[-62.2368,-39.00628],[-62.21829,-39.01373],[-62.22412,-39.02236],[-62.23068,-39.02396]]],[[[-62.21994,-38.80212],[-62.22425,-38.79855],[-62.22297,-38.79623],[-62.22001,-38.79634],[-62.21994,-38.80212]]],[[[-62.22108,-38.99885],[-62.22769,-38.9962],[-62.22078,-38.99628],[-62.22108,-38.99885]]],[[[-62.22391,-39.93542],[-62.24666,-39.9294],[-62.24569,-39.92683],[-62.23431,-39.93035],[-62.22448,-39.92926],[-62.22229,-39.93104],[-62.22391,-39.93542]]],[[[-62.22607,-39.20498],[-62.23792,-39.19337],[-62.24062,-39.188],[-62.23884,-39.18465],[-62.23489,-39.18308],[-62.22554,-39.19355],[-62.22231,-39.20174],[-62.22607,-39.20498]]],[[[-62.22319,-38.95662],[-62.22814,-38.95563],[-62.2274,-38.95258],[-62.22319,-38.95662]]],[[[-62.22572,-39.92336],[-62.23207,-39.92199],[-62.23045,-39.91736],[-62.22572,-39.92336]]],[[[-62.23268,-38.992],[-62.24488,-38.98899],[-62.2334,-38.98609],[-62.2268,-38.9881],[-62.23268,-38.992]]],[[[-62.23187,-39.00534],[-62.23781,-39.00448],[-62.24118,-38.99667],[-62.2379,-38.99575],[-62.22662,-39.00415],[-62.23187,-39.00534]]],[[[-62.23078,-38.98454],[-62.23572,-38.98392],[-62.22988,-38.9767],[-62.22803,-38.98066],[-62.23078,-38.98454]]],[[[-62.2483,-38.91531],[-62.24049,-38.90755],[-62.23261,-38.90699],[-62.23025,-38.91211],[-62.23913,-38.91128],[-62.2483,-38.91531]]],[[[-62.23101,-39.98643],[-62.23469,-39.9862],[-62.23439,-39.98299],[-62.23139,-39.98297],[-62.23101,-39.98643]]],[[[-62.23496,-38.90161],[-62.23403,-38.89724],[-62.23106,-38.89799],[-62.23496,-38.90161]]],[[[-62.23398,-39.02398],[-62.24076,-39.02081],[-62.23938,-39.01156],[-62.23702,-39.01681],[-62.23142,-39.0169],[-62.23398,-39.02398]]],[[[-62.23277,-38.95386],[-62.23542,-38.95092],[-62.23164,-38.95064],[-62.23277,-38.95386]]],[[[-62.23508,-39.92072],[-62.23796,-39.91702],[-62.23179,-39.91698],[-62.23508,-39.92072]]],[[[-62.23315,-38.94808],[-62.23664,-38.94477],[-62.23336,-38.94397],[-62.23315,-38.94808]]],[[[-62.24093,-38.94377],[-62.24015,-38.93888],[-62.23441,-38.93756],[-62.24093,-38.94377]]],[[[-62.2407,-39.8956],[-62.24641,-39.89166],[-62.23874,-39.89135],[-62.23672,-39.89365],[-62.2407,-39.8956]]],[[[-62.24162,-38.95559],[-62.24792,-38.95049],[-62.25545,-38.954],[-62.25683,-38.94849],[-62.2391,-38.9453],[-62.23737,-38.95325],[-62.24162,-38.95559]]],[[[-62.24062,-39.99317],[-62.25003,-39.98771],[-62.2392,-39.98585],[-62.24062,-39.99317]]],[[[-62.2396,-40.62236],[-62.24647,-40.61085],[-62.24448,-40.60827],[-62.24178,-40.60878],[-62.2396,-40.62236]]],[[[-62.24241,-39.00503],[-62.25503,-38.99458],[-62.25672,-38.98984],[-62.2503,-38.99031],[-62.24162,-39.00156],[-62.24241,-39.00503]]],[[[-62.25335,-39.02885],[-62.26047,-39.0253],[-62.26,-39.0226],[-62.24361,-39.01595],[-62.2419,-39.02236],[-62.24733,-39.02188],[-62.25335,-39.02885]]],[[[-62.25263,-38.90956],[-62.25696,-38.90368],[-62.24222,-38.89806],[-62.24364,-38.90526],[-62.2494,-38.90413],[-62.24839,-38.90683],[-62.25263,-38.90956]]],[[[-62.24586,-38.92762],[-62.24557,-38.92402],[-62.24244,-38.92503],[-62.24586,-38.92762]]],[[[-62.25545,-39.0168],[-62.26699,-39.01623],[-62.26685,-39.0125],[-62.27216,-39.0092],[-62.26944,-39.0016],[-62.26418,-39.00068],[-62.26788,-38.99299],[-62.26002,-38.9896],[-62.26223,-38.99809],[-62.25384,-38.9983],[-62.25361,-39.00445],[-62.24352,-39.00927],[-62.25338,-39.01088],[-62.25545,-39.0168]]],[[[-62.25416,-38.98212],[-62.25885,-38.9747],[-62.25397,-38.9703],[-62.24738,-38.97052],[-62.24536,-38.97551],[-62.25416,-38.98212]]],[[[-62.25135,-39.89708],[-62.2489,-39.89244],[-62.24736,-39.89577],[-62.25135,-39.89708]]],[[[-62.24811,-39.33622],[-62.2577,-39.33577],[-62.2488,-39.33289],[-62.24811,-39.33622]]],[[[-62.25186,-38.92047],[-62.26078,-38.91577],[-62.26147,-38.91257],[-62.25525,-38.91022],[-62.25543,-38.91398],[-62.25077,-38.91455],[-62.25186,-38.92047]]],[[[-62.25301,-39.34293],[-62.25784,-39.3386],[-62.25272,-39.33831],[-62.25039,-39.34048],[-62.25301,-39.34293]]],[[[-62.25163,-39.90169],[-62.25599,-39.8998],[-62.25336,-39.89606],[-62.25163,-39.90169]]],[[[-62.25553,-39.98776],[-62.25473,-39.98453],[-62.25054,-39.98618],[-62.25553,-39.98776]]],[[[-62.25903,-39.8961],[-62.2594,-39.89277],[-62.25074,-39.89195],[-62.25903,-39.8961]]],[[[-62.25956,-40.00241],[-62.26273,-40.0014],[-62.26568,-39.99244],[-62.25299,-39.99158],[-62.25956,-40.00241]]],[[[-62.2526,-39.87423],[-62.26362,-39.87186],[-62.26364,-39.86994],[-62.2526,-39.87423]]],[[[-62.25956,-39.9092],[-62.27593,-39.90558],[-62.27704,-39.89543],[-62.26738,-39.8941],[-62.26598,-39.90102],[-62.25324,-39.90672],[-62.25956,-39.9092]]],[[[-62.25386,-39.88092],[-62.26023,-39.87762],[-62.25423,-39.87758],[-62.25386,-39.88092]]],[[[-62.25543,-38.89314],[-62.26303,-38.88908],[-62.25678,-38.8884],[-62.25543,-38.89314]]],[[[-62.27535,-39.03451],[-62.27849,-39.03441],[-62.27626,-39.02592],[-62.26706,-39.02432],[-62.26728,-39.02021],[-62.25676,-39.01732],[-62.25574,-39.02117],[-62.26165,-39.02249],[-62.26046,-39.02633],[-62.27604,-39.03182],[-62.27535,-39.03451]]],[[[-62.25775,-38.95453],[-62.26913,-38.95087],[-62.27034,-38.94562],[-62.26508,-38.94572],[-62.26775,-38.94137],[-62.26365,-38.94057],[-62.26243,-38.9475],[-62.26602,-38.94958],[-62.25775,-38.95453]]],[[[-62.26205,-39.98728],[-62.26343,-39.98265],[-62.25993,-39.98238],[-62.25855,-39.98674],[-62.26205,-39.98728]]],[[[-62.25866,-39.99239],[-62.26467,-39.99179],[-62.26437,-39.98883],[-62.25866,-39.99239]]],[[[-62.26175,-38.82268],[-62.27391,-38.82096],[-62.27034,-38.81683],[-62.27494,-38.81621],[-62.27663,-38.81224],[-62.26163,-38.81806],[-62.25946,-38.82112],[-62.26175,-38.82268]]],[[[-62.27029,-39.87126],[-62.27166,-39.86819],[-62.26142,-39.8594],[-62.26152,-39.86607],[-62.26535,-39.86584],[-62.27029,-39.87126]]],[[[-62.264,-38.98642],[-62.26618,-38.98194],[-62.26273,-38.98127],[-62.264,-38.98642]]],[[[-62.2667,-38.97937],[-62.27099,-38.97837],[-62.26922,-38.97425],[-62.26196,-38.97703],[-62.2667,-38.97937]]],[[[-62.26717,-40.00811],[-62.27393,-39.99968],[-62.26507,-40.00091],[-62.2627,-40.00474],[-62.26717,-40.00811]]],[[[-62.34744,-40.30837],[-62.3429,-40.27535],[-62.33313,-40.26348],[-62.31939,-40.26289],[-62.30973,-40.25718],[-62.30537,-40.25792],[-62.30634,-40.26127],[-62.31749,-40.26877],[-62.32469,-40.26908],[-62.32265,-40.27202],[-62.32713,-40.27654],[-62.32126,-40.27702],[-62.3136,-40.2721],[-62.32114,-40.28832],[-62.31857,-40.29472],[-62.31455,-40.29418],[-62.31484,-40.29881],[-62.3213,-40.30706],[-62.31132,-40.29853],[-62.30624,-40.30312],[-62.30396,-40.2972],[-62.29793,-40.29614],[-62.29455,-40.29933],[-62.29155,-40.29764],[-62.2905,-40.30148],[-62.26452,-40.30029],[-62.26655,-40.31546],[-62.27249,-40.3232],[-62.29477,-40.34221],[-62.31253,-40.3445],[-62.31569,-40.3476],[-62.31345,-40.35285],[-62.32131,-40.35636],[-62.31017,-40.36271],[-62.31839,-40.36392],[-62.3305,-40.36013],[-62.33593,-40.35388],[-62.33042,-40.35153],[-62.33062,-40.34845],[-62.32021,-40.34865],[-62.31642,-40.34169],[-62.3213,-40.34005],[-62.32085,-40.33427],[-62.31873,-40.32925],[-62.31454,-40.32859],[-62.31558,-40.325],[-62.31174,-40.32369],[-62.31016,-40.31367],[-62.32028,-40.30885],[-62.32154,-40.31656],[-62.33036,-40.32303],[-62.3295,-40.32586],[-62.32379,-40.32646],[-62.32561,-40.32917],[-62.33607,-40.33963],[-62.34528,-40.34186],[-62.34886,-40.31852],[-62.34744,-40.30837]]],[[[-62.26859,-38.98902],[-62.27027,-38.98453],[-62.28249,-38.97999],[-62.27577,-38.97789],[-62.26866,-38.98067],[-62.26628,-38.98836],[-62.26859,-38.98902]]],[[[-62.27401,-38.94038],[-62.27344,-38.93203],[-62.27016,-38.93137],[-62.26717,-38.93418],[-62.27401,-38.94038]]],[[[-62.28393,-39.03341],[-62.29451,-39.02988],[-62.29688,-39.02245],[-62.27553,-39.01718],[-62.27576,-39.01051],[-62.26866,-39.01303],[-62.26855,-39.02343],[-62.27481,-39.02308],[-62.27934,-39.03133],[-62.28393,-39.03341]]],[[[-62.27202,-38.87758],[-62.27386,-38.87412],[-62.28288,-38.87636],[-62.29341,-38.87398],[-62.29081,-38.87114],[-62.26917,-38.86844],[-62.27202,-38.87758]]],[[[-62.29794,-38.91485],[-62.30124,-38.91384],[-62.29735,-38.90804],[-62.28469,-38.90809],[-62.28556,-38.90373],[-62.27671,-38.90162],[-62.27633,-38.90598],[-62.27028,-38.90338],[-62.26894,-38.90568],[-62.27236,-38.90891],[-62.28059,-38.90793],[-62.29794,-38.91485]]],[[[-62.30855,-39.00738],[-62.30976,-39.00147],[-62.30504,-38.99553],[-62.29946,-38.99408],[-62.29936,-39.0041],[-62.28826,-38.99492],[-62.27184,-38.99186],[-62.27374,-38.99945],[-62.29177,-39.00585],[-62.30855,-39.00738]]],[[[-62.27225,-38.95193],[-62.28234,-38.94634],[-62.27529,-38.9445],[-62.27225,-38.95193]]],[[[-62.28554,-39.87906],[-62.2879,-39.87677],[-62.28436,-39.87537],[-62.28727,-39.87317],[-62.28529,-39.87084],[-62.2793,-39.87004],[-62.27801,-39.86618],[-62.27301,-39.86666],[-62.27462,-39.87168],[-62.27895,-39.87145],[-62.28554,-39.87906]]],[[[-62.29853,-39.02156],[-62.30184,-39.01991],[-62.28815,-39.00622],[-62.27372,-39.0015],[-62.27753,-39.01488],[-62.29853,-39.02156]]],[[[-62.30048,-38.99204],[-62.30511,-38.98834],[-62.30132,-38.98361],[-62.29233,-38.98351],[-62.2848,-38.97923],[-62.28393,-38.98359],[-62.27417,-38.98892],[-62.28139,-38.98999],[-62.28177,-38.98641],[-62.29001,-38.9844],[-62.28864,-38.99005],[-62.29713,-38.98633],[-62.30297,-38.9891],[-62.30048,-38.99204]]],[[[-62.28341,-38.88882],[-62.27657,-38.88261],[-62.27457,-38.88517],[-62.28341,-38.88882]]],[[[-62.27664,-38.97237],[-62.28196,-38.96714],[-62.27622,-38.96531],[-62.27664,-38.97237]]],[[[-62.28723,-38.90194],[-62.28728,-38.89578],[-62.27544,-38.89647],[-62.28723,-38.90194]]],[[[-62.28319,-38.94326],[-62.28324,-38.93865],[-62.2757,-38.93603],[-62.28319,-38.94326]]],[[[-62.28164,-39.99741],[-62.30004,-39.99368],[-62.30158,-39.99009],[-62.27634,-39.99353],[-62.27664,-39.99623],[-62.28164,-39.99741]]],[[[-62.28336,-38.86121],[-62.28567,-38.85981],[-62.28425,-38.85391],[-62.2785,-38.85462],[-62.28336,-38.86121]]],[[[-62.28484,-39.88188],[-62.27909,-39.87414],[-62.27855,-39.87825],[-62.28484,-39.88188]]],[[[-62.28519,-40.23315],[-62.2849,-40.2284],[-62.27988,-40.22798],[-62.28519,-40.23315]]],[[[-62.28115,-39.88494],[-62.28848,-39.88486],[-62.28851,-39.88191],[-62.28184,-39.88238],[-62.28115,-39.88494]]],[[[-62.30204,-40.12464],[-62.31377,-40.12266],[-62.31631,-40.11959],[-62.31772,-40.11267],[-62.31478,-40.10572],[-62.30798,-40.10017],[-62.30396,-40.1],[-62.30084,-40.11103],[-62.29445,-40.11522],[-62.29047,-40.11173],[-62.2881,-40.11454],[-62.29803,-40.12423],[-62.30204,-40.12464]]],[[[-62.29321,-38.89466],[-62.30379,-38.88843],[-62.30672,-38.89037],[-62.30807,-38.88678],[-62.31696,-38.88568],[-62.32062,-38.88005],[-62.31304,-38.88258],[-62.31377,-38.87513],[-62.30968,-38.87408],[-62.30973,-38.86869],[-62.31369,-38.86666],[-62.3119,-38.86433],[-62.30294,-38.87301],[-62.29998,-38.87454],[-62.29836,-38.87209],[-62.28894,-38.87781],[-62.30813,-38.88126],[-62.29426,-38.88811],[-62.29321,-38.89466]]],[[[-62.28915,-38.84057],[-62.29671,-38.83946],[-62.29478,-38.83521],[-62.28915,-38.84057]]],[[[-62.29178,-38.90659],[-62.30167,-38.90331],[-62.31349,-38.90429],[-62.31386,-38.90005],[-62.30632,-38.89845],[-62.2951,-38.90314],[-62.29084,-38.90196],[-62.29178,-38.90659]]],[[[-62.29156,-39.87666],[-62.29525,-39.8745],[-62.28961,-39.87267],[-62.29156,-39.87666]]],[[[-62.29615,-39.88451],[-62.30438,-39.87789],[-62.29658,-39.87528],[-62.29202,-39.87987],[-62.29615,-39.88451]]],[[[-62.3047,-38.86185],[-62.30966,-38.85919],[-62.30805,-38.85635],[-62.31104,-38.85149],[-62.31697,-38.84973],[-62.31799,-38.84588],[-62.29461,-38.85242],[-62.2931,-38.85575],[-62.3047,-38.86185]]],[[[-62.29611,-38.90123],[-62.29731,-38.89532],[-62.31509,-38.89158],[-62.30902,-38.89051],[-62.29451,-38.89556],[-62.29611,-38.90123]]],[[[-62.29825,-39.87478],[-62.29928,-39.87196],[-62.29396,-39.87064],[-62.29825,-39.87478]]],[[[-62.30223,-38.98062],[-62.29867,-38.97392],[-62.29471,-38.97492],[-62.2942,-38.97724],[-62.30223,-38.98062]]],[[[-62.33222,-40.2541],[-62.33543,-40.25091],[-62.3288,-40.24343],[-62.33404,-40.23845],[-62.32766,-40.23983],[-62.31063,-40.23459],[-62.31242,-40.22382],[-62.30776,-40.22148],[-62.30488,-40.22882],[-62.29589,-40.2345],[-62.29551,-40.23784],[-62.30689,-40.23957],[-62.3116,-40.25488],[-62.32364,-40.25752],[-62.32572,-40.2506],[-62.33222,-40.2541]]],[[[-62.29914,-38.9598],[-62.29886,-38.95389],[-62.29558,-38.95361],[-62.29914,-38.9598]]],[[[-62.30361,-38.83873],[-62.3122,-38.83416],[-62.29877,-38.83074],[-62.2979,-38.83498],[-62.30361,-38.83873]]],[[[-62.30433,-40.29386],[-62.29835,-40.28805],[-62.29848,-40.29152],[-62.30433,-40.29386]]],[[[-62.30058,-38.84629],[-62.30456,-38.84272],[-62.29865,-38.84294],[-62.30058,-38.84629]]],[[[-62.30751,-38.9786],[-62.30754,-38.97551],[-62.29869,-38.97198],[-62.30751,-38.9786]]],[[[-62.30011,-38.82754],[-62.30507,-38.82423],[-62.29884,-38.82317],[-62.30011,-38.82754]]],[[[-62.31864,-40.22129],[-62.31851,-40.21756],[-62.32824,-40.21518],[-62.31423,-40.20945],[-62.30786,-40.21069],[-62.30531,-40.19784],[-62.30095,-40.19807],[-62.30541,-40.20426],[-62.3045,-40.21169],[-62.31152,-40.21251],[-62.31451,-40.21536],[-62.31245,-40.22035],[-62.31864,-40.22129]]],[[[-62.30249,-39.12136],[-62.31338,-39.12026],[-62.32198,-39.11685],[-62.32168,-39.11428],[-62.30418,-39.11726],[-62.30249,-39.12136]]],[[[-62.30434,-40.35754],[-62.31174,-40.35617],[-62.31178,-40.35219],[-62.30577,-40.34946],[-62.30306,-40.35162],[-62.30434,-40.35754]]],[[[-62.31643,-38.9748],[-62.30365,-38.9692],[-62.30755,-38.97397],[-62.31643,-38.9748]]],[[[-62.30724,-40.20555],[-62.30995,-40.20249],[-62.30728,-40.2017],[-62.30724,-40.20555]]],[[[-62.31439,-38.91289],[-62.31575,-38.90802],[-62.30887,-38.90618],[-62.30849,-38.91131],[-62.31439,-38.91289]]],[[[-62.30902,-40.19504],[-62.31041,-40.19017],[-62.30739,-40.19066],[-62.30902,-40.19504]]],[[[-62.3164,-40.19418],[-62.3171,-40.19072],[-62.3141,-40.19116],[-62.3128,-40.18556],[-62.30879,-40.18464],[-62.3164,-40.19418]]],[[[-62.31243,-38.77535],[-62.31887,-38.77166],[-62.31743,-38.76754],[-62.30966,-38.7734],[-62.31243,-38.77535]]],[[[-62.33783,-38.8144],[-62.35055,-38.80549],[-62.35191,-38.79958],[-62.34072,-38.80325],[-62.33391,-38.79409],[-62.31224,-38.79552],[-62.32196,-38.80892],[-62.32915,-38.81191],[-62.33901,-38.81107],[-62.33783,-38.8144]]],[[[-62.32101,-38.87453],[-62.3225,-38.87287],[-62.31714,-38.86616],[-62.31413,-38.87205],[-62.32101,-38.87453]]],[[[-62.32342,-38.86209],[-62.33353,-38.85316],[-62.32993,-38.85108],[-62.33557,-38.84572],[-62.33279,-38.84301],[-62.32718,-38.84722],[-62.32679,-38.85389],[-62.32252,-38.85348],[-62.32157,-38.84925],[-62.31597,-38.85152],[-62.31458,-38.85972],[-62.32342,-38.86209]]],[[[-62.31973,-40.32926],[-62.31883,-40.31886],[-62.31463,-40.3196],[-62.31639,-40.32783],[-62.31973,-40.32926]]],[[[-62.31637,-38.84394],[-62.32485,-38.83333],[-62.31483,-38.83353],[-62.31773,-38.83946],[-62.31637,-38.84394]]],[[[-62.31964,-40.63788],[-62.32539,-40.63573],[-62.32476,-40.63213],[-62.318,-40.63337],[-62.31562,-40.63709],[-62.31964,-40.63788]]],[[[-62.3247,-38.83128],[-62.3244,-38.82794],[-62.31621,-38.82648],[-62.3247,-38.83128]]],[[[-62.31928,-39.12325],[-62.32259,-39.12186],[-62.32196,-39.11916],[-62.31684,-39.12016],[-62.31928,-39.12325]]],[[[-62.33103,-40.20403],[-62.33407,-40.2016],[-62.32439,-40.19872],[-62.32108,-40.1946],[-62.31721,-40.19534],[-62.33103,-40.20403]]],[[[-62.3193,-39.15613],[-62.32507,-39.15565],[-62.32196,-39.15344],[-62.3193,-39.15613]]],[[[-62.32401,-40.33814],[-62.32609,-40.33109],[-62.32221,-40.333],[-62.32401,-40.33814]]],[[[-62.32679,-39.13126],[-62.33241,-39.12975],[-62.33013,-39.12717],[-62.33577,-39.12271],[-62.3262,-39.12406],[-62.32353,-39.12765],[-62.32679,-39.13126]]],[[[-62.3426,-38.84859],[-62.3477,-38.84785],[-62.34497,-38.84115],[-62.32763,-38.83412],[-62.32626,-38.83951],[-62.33707,-38.84304],[-62.33753,-38.84676],[-62.3426,-38.84859]]],[[[-62.33185,-40.22303],[-62.33339,-40.21957],[-62.32887,-40.21929],[-62.33185,-40.22303]]],[[[-62.33234,-40.34358],[-62.33439,-40.33962],[-62.33053,-40.33997],[-62.33234,-40.34358]]],[[[-62.35195,-40.22315],[-62.35632,-40.22072],[-62.34305,-40.20756],[-62.33573,-40.20303],[-62.33354,-40.20468],[-62.34169,-40.21038],[-62.332,-40.2075],[-62.33164,-40.21135],[-62.35195,-40.22315]]],[[[-62.33528,-38.78781],[-62.33762,-38.78333],[-62.33187,-38.78458],[-62.33528,-38.78781]]],[[[-62.33389,-38.86652],[-62.33739,-38.8614],[-62.33494,-38.85959],[-62.33389,-38.86652]]],[[[-62.33821,-38.79065],[-62.34282,-38.78875],[-62.33923,-38.78693],[-62.33821,-38.79065]]],[[[-62.34187,-38.7854],[-62.34583,-38.7826],[-62.33913,-38.77974],[-62.34187,-38.7854]]],[[[-62.3465,-38.78171],[-62.35667,-38.78176],[-62.36065,-38.77626],[-62.348,-38.77328],[-62.34212,-38.77744],[-62.3465,-38.78171]]],[[[-62.34282,-38.82419],[-62.3471,-38.8237],[-62.34649,-38.81985],[-62.34319,-38.82034],[-62.34282,-38.82419]]],[[[-62.35468,-40.21764],[-62.35721,-40.21611],[-62.35572,-40.21341],[-62.34573,-40.20783],[-62.34636,-40.21169],[-62.35468,-40.21764]]],[[[-62.3506,-40.36359],[-62.35064,-40.35935],[-62.34728,-40.36049],[-62.3506,-40.36359]]],[[[-62.35409,-38.84878],[-62.35937,-38.84663],[-62.36935,-38.83256],[-62.35788,-38.82914],[-62.35192,-38.83529],[-62.3482,-38.84708],[-62.35409,-38.84878]]],[[[-62.35219,-40.51277],[-62.35506,-40.51215],[-62.35392,-40.5088],[-62.34853,-40.50954],[-62.35219,-40.51277]]],[[[-62.35809,-40.21111],[-62.35812,-40.20765],[-62.35046,-40.20388],[-62.35809,-40.21111]]],[[[-62.36461,-38.7741],[-62.36757,-38.7736],[-62.36596,-38.77013],[-62.35217,-38.77082],[-62.36461,-38.7741]]],[[[-62.3704,-40.25573],[-62.37427,-40.23598],[-62.36794,-40.23248],[-62.35888,-40.23384],[-62.35993,-40.22935],[-62.35288,-40.23124],[-62.36,-40.2395],[-62.35688,-40.25026],[-62.3704,-40.25573]]],[[[-62.3581,-38.76803],[-62.36895,-38.76603],[-62.36207,-38.76446],[-62.3581,-38.76803]]],[[[-62.359,-38.81401],[-62.36198,-38.8112],[-62.35838,-38.81067],[-62.359,-38.81401]]],[[[-62.3649,-38.81558],[-62.37319,-38.80638],[-62.3671,-38.80788],[-62.36295,-38.81314],[-62.3649,-38.81558]]],[[[-62.36874,-38.82613],[-62.36975,-38.82357],[-62.36648,-38.82175],[-62.36874,-38.82613]]],[[[-62.37584,-38.76543],[-62.38142,-38.76405],[-62.38179,-38.75994],[-62.37523,-38.7599],[-62.36979,-38.76398],[-62.37584,-38.76543]]],[[[-62.37394,-38.83284],[-62.38286,-38.82659],[-62.37828,-38.82464],[-62.37399,-38.82693],[-62.37394,-38.83284]]],[[[-62.37551,-38.84132],[-62.38755,-38.83419],[-62.38579,-38.82905],[-62.37953,-38.83134],[-62.37551,-38.84132]]],[[[-62.38395,-38.77562],[-62.38188,-38.76842],[-62.37875,-38.76994],[-62.38395,-38.77562]]],[[[-62.38093,-38.82209],[-62.38668,-38.8216],[-62.38555,-38.81953],[-62.38093,-38.82209]]],[[[-62.3843,-38.77305],[-62.38908,-38.77051],[-62.38566,-38.76818],[-62.3843,-38.77305]]],[[[-62.43716,-38.76882],[-62.44081,-38.76332],[-62.43752,-38.76459],[-62.43656,-38.76099],[-62.43231,-38.75994],[-62.42639,-38.76184],[-62.42539,-38.76414],[-62.43716,-38.76882]]],[[[-62.43758,-38.75752],[-62.43744,-38.75431],[-62.43332,-38.75583],[-62.43758,-38.75752]]],[[[-62.45587,-38.76724],[-62.45463,-38.75721],[-62.4484,-38.75616],[-62.44116,-38.76062],[-62.44473,-38.76514],[-62.45587,-38.76724]]],[[[-62.44614,-38.75255],[-62.4514,-38.75155],[-62.45225,-38.74771],[-62.44913,-38.74718],[-62.44614,-38.75255]]],[[[-62.46605,-38.76613],[-62.47361,-38.76411],[-62.48087,-38.7576],[-62.46155,-38.75378],[-62.45939,-38.75699],[-62.46657,-38.76216],[-62.46605,-38.76613]]],[[[-62.46712,-38.75458],[-62.4742,-38.75115],[-62.46977,-38.75061],[-62.46712,-38.75458]]],[[[-62.47124,-38.77426],[-62.47388,-38.77118],[-62.47028,-38.77091],[-62.47124,-38.77426]]],[[[-62.48271,-38.77584],[-62.48578,-38.77499],[-62.4798,-38.76966],[-62.48271,-38.77584]]],[[[-62.48776,-38.75788],[-62.49367,-38.75664],[-62.49501,-38.75278],[-62.49043,-38.75147],[-62.48776,-38.75788]]],[[[-62.51139,-38.80344],[-62.51405,-38.79832],[-62.50977,-38.80113],[-62.51139,-38.80344]]],[[[-62.52532,-38.75753],[-62.53814,-38.75373],[-62.53766,-38.74987],[-62.51994,-38.75288],[-62.52024,-38.75597],[-62.52532,-38.75753]]],[[[-62.53077,-38.80147],[-62.53438,-38.80123],[-62.53506,-38.79763],[-62.53077,-38.80147]]],[[[-62.69197,-41.02497],[-62.68049,-41.01467],[-62.67542,-41.0135],[-62.69197,-41.02497]]],[[[-62.83555,-40.9521],[-62.8447,-40.94646],[-62.83759,-40.94825],[-62.83555,-40.9521]]],[[[-62.84507,-40.93465],[-62.85067,-40.92747],[-62.84576,-40.93029],[-62.84507,-40.93465]]],[[[-62.90507,-40.87875],[-62.91438,-40.87336],[-62.91252,-40.87208],[-62.90507,-40.87875]]],[[[-63.61456,-42.37323],[-63.61547,-42.3609],[-63.6134,-42.36091],[-63.61066,-42.36401],[-63.61456,-42.37323]]],[[[-63.61545,-42.35846],[-63.61975,-42.35574],[-63.62152,-42.34187],[-63.61737,-42.34268],[-63.61311,-42.34911],[-63.61545,-42.35846]]],[[[-63.62567,-42.34198],[-63.63223,-42.34092],[-63.62854,-42.33516],[-63.64951,-42.3217],[-63.64894,-42.31682],[-63.64685,-42.31568],[-63.62729,-42.33131],[-63.62234,-42.33725],[-63.62567,-42.34198]]],[[[-63.63682,-42.31587],[-63.64297,-42.30941],[-63.63935,-42.30944],[-63.63682,-42.31587]]],[[[-63.6433,-42.30697],[-63.65048,-42.29846],[-63.6453,-42.30015],[-63.6433,-42.30697]]],[[[-63.87598,-54.72872],[-63.87744,-54.73075],[-63.86954,-54.7333],[-63.86058,-54.73306],[-63.86515,-54.73981],[-63.86142,-54.74138],[-63.87198,-54.7486],[-63.88766,-54.7514],[-63.8877,-54.7539],[-63.87877,-54.75572],[-63.85474,-54.74988],[-63.84261,-54.72818],[-63.8275,-54.72804],[-63.82673,-54.72279],[-63.80854,-54.72023],[-63.80474,-54.72947],[-63.79628,-54.72671],[-63.79704,-54.73183],[-63.80978,-54.73789],[-63.80809,-54.74239],[-63.80259,-54.74409],[-63.80054,-54.75204],[-63.81506,-54.75848],[-63.82525,-54.75892],[-63.82865,-54.76235],[-63.82406,-54.76546],[-63.84652,-54.78042],[-63.84746,-54.78297],[-63.84325,-54.78326],[-63.85071,-54.79012],[-63.88,-54.7917],[-63.87609,-54.78533],[-63.88021,-54.78094],[-63.88535,-54.78321],[-63.88523,-54.78757],[-63.90867,-54.79123],[-63.90658,-54.79502],[-63.91837,-54.80269],[-63.95108,-54.81072],[-63.95078,-54.80449],[-63.95611,-54.80521],[-63.95603,-54.8015],[-63.94751,-54.79734],[-63.94654,-54.79376],[-63.95069,-54.79143],[-63.96608,-54.79566],[-63.96714,-54.79335],[-63.96084,-54.78955],[-63.95669,-54.77345],[-63.95196,-54.7699],[-63.95567,-54.76744],[-63.98493,-54.77758],[-63.99115,-54.78739],[-64.02274,-54.79212],[-64.02554,-54.79773],[-64.03086,-54.79781],[-64.03188,-54.80306],[-64.05356,-54.80133],[-64.05891,-54.79386],[-64.06017,-54.78283],[-64.07288,-54.79017],[-64.07546,-54.8078],[-64.0884,-54.81089],[-64.09611,-54.81709],[-64.09874,-54.82424],[-64.10434,-54.82624],[-64.10764,-54.83338],[-64.11411,-54.8346],[-64.11357,-54.82283],[-64.11824,-54.81548],[-64.12357,-54.81556],[-64.12912,-54.82371],[-64.14839,-54.83057],[-64.14848,-54.82583],[-64.15585,-54.82781],[-64.15534,-54.82538],[-64.15929,-54.82406],[-64.17215,-54.82381],[-64.17698,-54.82966],[-64.17792,-54.83925],[-64.19161,-54.83694],[-64.19496,-54.82999],[-64.19978,-54.82815],[-64.20924,-54.84752],[-64.21527,-54.849],[-64.21531,-54.85745],[-64.22921,-54.84732],[-64.22464,-54.84327],[-64.218,-54.8436],[-64.2201,-54.83973],[-64.22585,-54.83903],[-64.22577,-54.8366],[-64.238,-54.83007],[-64.23519,-54.82524],[-64.22179,-54.8223],[-64.22867,-54.81518],[-64.23356,-54.81539],[-64.23114,-54.80888],[-64.23421,-54.7931],[-64.23682,-54.79166],[-64.23387,-54.78939],[-64.23392,-54.7835],[-64.24372,-54.78519],[-64.24411,-54.79082],[-64.25805,-54.80425],[-64.26493,-54.80444],[-64.26767,-54.79288],[-64.27141,-54.79195],[-64.27777,-54.797],[-64.28907,-54.78984],[-64.30189,-54.78855],[-64.30679,-54.78939],[-64.30694,-54.794],[-64.30089,-54.79893],[-64.3015,-54.80405],[-64.31748,-54.81835],[-64.32579,-54.82146],[-64.3241,-54.82404],[-64.33272,-54.82984],[-64.35532,-54.83561],[-64.35819,-54.83519],[-64.35784,-54.83135],[-64.36595,-54.83498],[-64.37481,-54.83449],[-64.39392,-54.8289],[-64.3927,-54.83864],[-64.39504,-54.8422],[-64.40265,-54.84391],[-64.41049,-54.83972],[-64.40626,-54.84566],[-64.40225,-54.84519],[-64.39981,-54.85162],[-64.41953,-54.86343],[-64.43807,-54.86642],[-64.44633,-54.87388],[-64.45053,-54.86717],[-64.4556,-54.86608],[-64.47232,-54.86806],[-64.48014,-54.87539],[-64.49169,-54.86923],[-64.48969,-54.86336],[-64.49233,-54.85667],[-64.47863,-54.85223],[-64.48586,-54.84971],[-64.48399,-54.84717],[-64.47598,-54.84662],[-64.47586,-54.8433],[-64.44788,-54.84286],[-64.44446,-54.84009],[-64.44436,-54.83753],[-64.45824,-54.83467],[-64.4698,-54.83517],[-64.46965,-54.83108],[-64.45817,-54.8266],[-64.46719,-54.82445],[-64.47402,-54.82923],[-64.47677,-54.83791],[-64.49212,-54.839],[-64.49362,-54.84333],[-64.51915,-54.85557],[-64.52286,-54.86551],[-64.52692,-54.86725],[-64.52168,-54.8695],[-64.52574,-54.87124],[-64.52647,-54.87879],[-64.53638,-54.8825],[-64.53794,-54.8885],[-64.5672,-54.88672],[-64.56829,-54.8917],[-64.57367,-54.89304],[-64.57296,-54.89766],[-64.60723,-54.91002],[-64.62882,-54.90512],[-64.65412,-54.9149],[-64.6679,-54.91484],[-64.67444,-54.91167],[-64.69676,-54.91393],[-64.70045,-54.91695],[-64.704,-54.91152],[-64.69908,-54.9057],[-64.65251,-54.89737],[-64.65321,-54.89275],[-64.6474,-54.89206],[-64.64549,-54.88876],[-64.64997,-54.88409],[-64.65494,-54.88069],[-64.65991,-54.88293],[-64.65788,-54.87655],[-64.66896,-54.87614],[-64.67411,-54.87172],[-64.6756,-54.86478],[-64.68244,-54.86366],[-64.68359,-54.85929],[-64.66698,-54.84966],[-64.65448,-54.84778],[-64.65524,-54.8447],[-64.66865,-54.84695],[-64.66932,-54.84181],[-64.67371,-54.8406],[-64.67652,-54.84402],[-64.70538,-54.84951],[-64.71828,-54.85548],[-64.7475,-54.85694],[-64.74243,-54.84924],[-64.73889,-54.84929],[-64.73802,-54.84469],[-64.74907,-54.84351],[-64.74904,-54.83775],[-64.75569,-54.83765],[-64.74347,-54.83219],[-64.7459,-54.82665],[-64.74008,-54.82545],[-64.73538,-54.81924],[-64.73014,-54.82124],[-64.7293,-54.81715],[-64.73298,-54.81505],[-64.72705,-54.81129],[-64.72904,-54.80601],[-64.72413,-54.80519],[-64.72446,-54.80262],[-64.70476,-54.79803],[-64.70278,-54.80369],[-64.69407,-54.80753],[-64.67384,-54.80077],[-64.67571,-54.79254],[-64.68887,-54.78903],[-64.69391,-54.7823],[-64.66521,-54.78513],[-64.65631,-54.7841],[-64.65208,-54.77827],[-64.64681,-54.77936],[-64.64135,-54.78687],[-64.64197,-54.79659],[-64.6379,-54.80023],[-64.62992,-54.80034],[-64.62833,-54.80472],[-64.60238,-54.81018],[-64.59257,-54.82005],[-64.58505,-54.82079],[-64.56704,-54.81372],[-64.56552,-54.80324],[-64.55259,-54.79559],[-64.53582,-54.7976],[-64.53104,-54.80009],[-64.53165,-54.80444],[-64.51592,-54.79887],[-64.51359,-54.79583],[-64.5207,-54.79638],[-64.52105,-54.79381],[-64.51596,-54.78824],[-64.52598,-54.7894],[-64.51865,-54.78308],[-64.52027,-54.77307],[-64.5407,-54.76846],[-64.54008,-54.74055],[-64.54702,-54.73098],[-64.54335,-54.72744],[-64.52754,-54.73072],[-64.52007,-54.74413],[-64.50048,-54.75309],[-64.49071,-54.76448],[-64.4753,-54.7671],[-64.44458,-54.76286],[-64.41223,-54.77515],[-64.40279,-54.76476],[-64.41031,-54.75814],[-64.4204,-54.75546],[-64.41141,-54.75159],[-64.39097,-54.74952],[-64.38645,-54.75342],[-64.39084,-54.75875],[-64.3862,-54.76546],[-64.38874,-54.77491],[-64.3946,-54.77791],[-64.39566,-54.78303],[-64.38005,-54.78],[-64.36669,-54.78464],[-64.3659,-54.79412],[-64.3707,-54.79842],[-64.37269,-54.81146],[-64.36782,-54.81152],[-64.35987,-54.80597],[-64.36186,-54.79903],[-64.35863,-54.79548],[-64.36067,-54.78342],[-64.35858,-54.78063],[-64.37318,-54.76438],[-64.37571,-54.75205],[-64.35367,-54.74636],[-64.34887,-54.74206],[-64.34582,-54.73005],[-64.34735,-54.72286],[-64.3407,-54.71577],[-64.34083,-54.72652],[-64.33808,-54.7304],[-64.32192,-54.73685],[-64.29447,-54.73676],[-64.2792,-54.72988],[-64.27582,-54.73491],[-64.25907,-54.73713],[-64.25616,-54.74331],[-64.24254,-54.74665],[-64.22124,-54.7452],[-64.224,-54.73391],[-64.21518,-54.73502],[-64.20431,-54.74166],[-64.19237,-54.74216],[-64.16659,-54.75394],[-64.16224,-54.7568],[-64.16619,-54.76316],[-64.15541,-54.76583],[-64.1511,-54.76997],[-64.13428,-54.77038],[-64.13664,-54.75986],[-64.14663,-54.74516],[-64.15516,-54.74137],[-64.14793,-54.73619],[-64.14916,-54.73259],[-64.13679,-54.73347],[-64.13715,-54.73065],[-64.13178,-54.72853],[-64.12516,-54.72923],[-64.1302,-54.73533],[-64.10798,-54.7404],[-64.10951,-54.74756],[-64.10627,-54.75079],[-64.12573,-54.75765],[-64.1146,-54.75842],[-64.08375,-54.75317],[-64.07849,-54.74681],[-64.07497,-54.73096],[-64.06849,-54.72846],[-64.06281,-54.73133],[-64.04732,-54.73121],[-64.05195,-54.73923],[-64.04981,-54.7422],[-64.03459,-54.74412],[-64.03693,-54.74897],[-64.03313,-54.75617],[-64.043,-54.7705],[-64.05063,-54.77426],[-64.0482,-54.77766],[-64.03042,-54.77156],[-64.02443,-54.75369],[-64.0118,-54.74457],[-63.99013,-54.74552],[-63.99129,-54.73885],[-63.98638,-54.7371],[-63.9682,-54.73583],[-63.96291,-54.73677],[-63.9626,-54.74215],[-63.95729,-54.7422],[-63.95354,-54.73352],[-63.94557,-54.73358],[-63.93878,-54.72684],[-63.90733,-54.72542],[-63.90456,-54.72057],[-63.88767,-54.71686],[-63.88153,-54.71959],[-63.87618,-54.71771],[-63.873,-54.72413],[-63.87598,-54.72872]]],[[[-64.08243,-40.9963],[-64.09492,-40.99374],[-64.08637,-40.98894],[-64.07896,-40.99209],[-64.08243,-40.9963]]],[[[-64.13894,-54.66827],[-64.14837,-54.66574],[-64.15969,-54.6518],[-64.13168,-54.64541],[-64.11425,-54.65402],[-64.1263,-54.65852],[-64.1251,-54.66314],[-64.13894,-54.66827]]],[[[-64.15801,-54.85686],[-64.16049,-54.85031],[-64.15152,-54.84706],[-64.15801,-54.85686]]],[[[-64.2404,-54.70569],[-64.24494,-54.70219],[-64.24282,-54.69811],[-64.23794,-54.69739],[-64.23413,-54.70307],[-64.2404,-54.70569]]],[[[-64.25844,-54.68834],[-64.26762,-54.68505],[-64.26877,-54.6794],[-64.25712,-54.67427],[-64.24814,-54.6768],[-64.25844,-54.68834]]],[[[-64.25521,-54.69837],[-64.25733,-54.6954],[-64.25546,-54.69209],[-64.25015,-54.69189],[-64.25521,-54.69837]]],[[[-64.38791,-54.85432],[-64.38671,-54.85152],[-64.39039,-54.84892],[-64.38811,-54.84715],[-64.384,-54.85027],[-64.38791,-54.85432]]],[[[-64.80261,-40.78974],[-64.8022,-40.7873],[-64.7857,-40.78923],[-64.80261,-40.78974]]],[[[-65.03986,-41.42985],[-65.04418,-41.42645],[-65.04307,-41.42365],[-65.03901,-41.42474],[-65.03986,-41.42985]]],[[[-68.60682,-54.54943],[-68.60623,-52.65826],[-68.56782,-52.70276],[-68.39977,-52.85448],[-68.39716,-52.85908],[-68.4066,-52.8654],[-68.39095,-52.86442],[-68.38068,-52.8718],[-68.28642,-52.95249],[-68.26222,-53.00358],[-68.24152,-53.06955],[-68.20194,-53.14001],[-68.20207,-53.14411],[-68.21299,-53.15302],[-68.21541,-53.14881],[-68.21113,-53.12649],[-68.23924,-53.07825],[-68.26441,-53.0492],[-68.2708,-53.03592],[-68.26847,-53.02284],[-68.26383,-53.02076],[-68.26496,-53.01693],[-68.2705,-53.01192],[-68.28487,-53.00795],[-68.33455,-53.00862],[-68.3421,-53.0152],[-68.35061,-53.01422],[-68.3671,-53.01994],[-68.38869,-53.04017],[-68.39386,-53.05032],[-68.41742,-53.05287],[-68.41876,-53.06402],[-68.42978,-53.06727],[-68.442,-53.07579],[-68.45359,-53.09087],[-68.45927,-53.08983],[-68.45877,-53.09521],[-68.4702,-53.10064],[-68.49318,-53.10087],[-68.49145,-53.10341],[-68.49907,-53.1073],[-68.49775,-53.11088],[-68.49263,-53.11163],[-68.4964,-53.11651],[-68.53699,-53.14409],[-68.54877,-53.15797],[-68.54894,-53.16258],[-68.54444,-53.16487],[-68.55846,-53.16928],[-68.56429,-53.18313],[-68.56697,-53.21337],[-68.55806,-53.24972],[-68.55568,-53.25253],[-68.54523,-53.2512],[-68.53066,-53.25576],[-68.45707,-53.29695],[-68.44035,-53.30136],[-68.42798,-53.29874],[-68.38245,-53.31286],[-68.37395,-53.3091],[-68.32329,-53.32073],[-68.30101,-53.32266],[-68.24635,-53.31643],[-68.17662,-53.3161],[-68.1361,-53.33143],[-68.10317,-53.36066],[-68.08419,-53.3869],[-68.07787,-53.40197],[-68.07313,-53.44241],[-68.08096,-53.44759],[-68.08504,-53.45749],[-68.09267,-53.46177],[-68.08836,-53.46251],[-68.08135,-53.45938],[-68.07698,-53.45269],[-68.06906,-53.45185],[-68.03651,-53.52487],[-68.00183,-53.57352],[-67.93017,-53.64155],[-67.88545,-53.66971],[-67.88991,-53.67244],[-67.88637,-53.676],[-67.90288,-53.67961],[-67.88821,-53.6796],[-67.88502,-53.67803],[-67.88582,-53.67215],[-67.86961,-53.68147],[-67.83979,-53.69092],[-67.82709,-53.70515],[-67.80572,-53.71262],[-67.77226,-53.73483],[-67.72763,-53.75306],[-67.70467,-53.76896],[-67.69098,-53.78495],[-67.691,-53.7911],[-67.6815,-53.79765],[-67.68937,-53.80197],[-67.71116,-53.79708],[-67.73516,-53.80502],[-67.74905,-53.81798],[-67.76317,-53.82337],[-67.76984,-53.83228],[-67.77637,-53.83145],[-67.77152,-53.82679],[-67.77491,-53.82171],[-67.78013,-53.82111],[-67.78698,-53.82362],[-67.79292,-53.83546],[-67.79854,-53.83577],[-67.80716,-53.82972],[-67.8409,-53.83094],[-67.80757,-53.83061],[-67.79392,-53.83829],[-67.78351,-53.82384],[-67.77893,-53.82507],[-67.78089,-53.83227],[-67.77752,-53.83582],[-67.77146,-53.83614],[-67.76632,-53.83468],[-67.75837,-53.82462],[-67.73822,-53.81825],[-67.72936,-53.81047],[-67.68057,-53.80661],[-67.67197,-53.79781],[-67.67257,-53.79269],[-67.59411,-53.8292],[-67.5518,-53.83817],[-67.54229,-53.84368],[-67.543,-53.84831],[-67.56538,-53.84666],[-67.57261,-53.85021],[-67.58006,-53.86695],[-67.57893,-53.87462],[-67.56501,-53.90135],[-67.54928,-53.9173],[-67.52198,-53.93452],[-67.48867,-53.9432],[-67.44206,-53.98206],[-67.41868,-53.99123],[-67.39286,-53.9955],[-67.36204,-54.00533],[-67.34135,-54.01709],[-67.3451,-54.02124],[-67.34307,-54.02864],[-67.33508,-54.03801],[-67.30662,-54.05273],[-67.28507,-54.05806],[-67.28398,-54.06342],[-67.24347,-54.0841],[-67.15814,-54.11203],[-67.15846,-54.1146],[-67.12815,-54.12912],[-67.0818,-54.13159],[-67.08167,-54.13466],[-67.07506,-54.13584],[-67.07406,-54.13864],[-67.05024,-54.14415],[-67.00843,-54.16076],[-67.00278,-54.16002],[-66.99945,-54.16586],[-66.955,-54.18177],[-66.94838,-54.18755],[-66.95019,-54.19065],[-66.94734,-54.19521],[-66.92913,-54.20131],[-66.90301,-54.21648],[-66.8443,-54.22749],[-66.79096,-54.24369],[-66.77512,-54.24545],[-66.75764,-54.25319],[-66.75154,-54.25269],[-66.74242,-54.25944],[-66.73452,-54.25981],[-66.73483,-54.26237],[-66.74226,-54.26226],[-66.74319,-54.26535],[-66.73579,-54.27648],[-66.70389,-54.28344],[-66.69099,-54.28306],[-66.69147,-54.28615],[-66.70605,-54.29181],[-66.69979,-54.30578],[-66.66132,-54.34296],[-66.63534,-54.35629],[-66.62578,-54.36609],[-66.59963,-54.38197],[-66.55501,-54.40144],[-66.55981,-54.40935],[-66.55557,-54.41798],[-66.53058,-54.43528],[-66.49683,-54.44829],[-66.48261,-54.45069],[-66.49004,-54.45507],[-66.49055,-54.46097],[-66.48186,-54.47001],[-66.46187,-54.48036],[-66.42274,-54.47979],[-66.41845,-54.48507],[-66.40863,-54.4873],[-66.38264,-54.48763],[-66.38275,-54.49302],[-66.37178,-54.49918],[-66.29705,-54.51086],[-66.26159,-54.52723],[-66.2008,-54.54019],[-66.18711,-54.54704],[-66.16625,-54.54912],[-66.13949,-54.55989],[-66.06958,-54.57437],[-66.06063,-54.57856],[-66.04439,-54.57961],[-66.02869,-54.58795],[-65.9817,-54.59706],[-65.9456,-54.6105],[-65.92404,-54.61141],[-65.90585,-54.61633],[-65.90717,-54.62245],[-65.86633,-54.63829],[-65.82609,-54.6441],[-65.82585,-54.64693],[-65.80239,-54.65272],[-65.75451,-54.65049],[-65.75092,-54.65621],[-65.73193,-54.65639],[-65.71021,-54.662],[-65.70293,-54.65896],[-65.68446,-54.66466],[-65.64237,-54.65876],[-65.59055,-54.65693],[-65.5725,-54.65104],[-65.56149,-54.65166],[-65.52557,-54.66381],[-65.53138,-54.6683],[-65.53005,-54.67192],[-65.51949,-54.67982],[-65.51586,-54.67478],[-65.51771,-54.65821],[-65.47604,-54.65612],[-65.46592,-54.64941],[-65.43416,-54.64301],[-65.43029,-54.64475],[-65.44891,-54.65309],[-65.44887,-54.65616],[-65.4411,-54.66285],[-65.43055,-54.66384],[-65.42606,-54.66277],[-65.42148,-54.6562],[-65.42203,-54.64697],[-65.40447,-54.64143],[-65.39053,-54.64465],[-65.37403,-54.64203],[-65.36728,-54.64754],[-65.37144,-54.65438],[-65.36684,-54.65523],[-65.36195,-54.65456],[-65.36706,-54.6437],[-65.32205,-54.63689],[-65.29288,-54.6286],[-65.27891,-54.63156],[-65.27251,-54.62758],[-65.24166,-54.6206],[-65.23796,-54.62156],[-65.24513,-54.62758],[-65.24459,-54.63374],[-65.23867,-54.63858],[-65.25073,-54.64092],[-65.24939,-54.64876],[-65.26629,-54.65075],[-65.26376,-54.65695],[-65.26762,-54.65867],[-65.26624,-54.66177],[-65.26946,-54.66402],[-65.26716,-54.66636],[-65.26094,-54.66187],[-65.23894,-54.65946],[-65.23717,-54.65539],[-65.2433,-54.65041],[-65.23712,-54.64258],[-65.2135,-54.64276],[-65.20828,-54.64837],[-65.1281,-54.65262],[-65.11813,-54.65625],[-65.11807,-54.65933],[-65.12384,-54.6641],[-65.13497,-54.66569],[-65.13516,-54.66928],[-65.17853,-54.68259],[-65.19476,-54.69665],[-65.19409,-54.7005],[-65.1992,-54.70502],[-65.19373,-54.71024],[-65.19428,-54.72048],[-65.20198,-54.73187],[-65.20233,-54.73827],[-65.22131,-54.74535],[-65.20532,-54.75666],[-65.20954,-54.76094],[-65.20463,-54.76026],[-65.20129,-54.76403],[-65.21195,-54.76858],[-65.21026,-54.77015],[-65.21412,-54.77597],[-65.20589,-54.77945],[-65.24635,-54.79369],[-65.26623,-54.79627],[-65.26696,-54.80548],[-65.25633,-54.80568],[-65.25351,-54.81085],[-65.22505,-54.81753],[-65.2353,-54.83041],[-65.23928,-54.83417],[-65.25516,-54.83644],[-65.25831,-54.84125],[-65.26453,-54.84126],[-65.28057,-54.85416],[-65.28108,-54.86311],[-65.315,-54.87374],[-65.31884,-54.88648],[-65.31442,-54.89079],[-65.31765,-54.89675],[-65.31408,-54.90425],[-65.32058,-54.90899],[-65.32269,-54.91484],[-65.34174,-54.92511],[-65.38357,-54.94031],[-65.41313,-54.93972],[-65.4137,-54.93075],[-65.42367,-54.92261],[-65.42141,-54.91471],[-65.42647,-54.91],[-65.42443,-54.90568],[-65.4301,-54.89276],[-65.47386,-54.8888],[-65.49925,-54.90058],[-65.50111,-54.909],[-65.49491,-54.91297],[-65.49489,-54.92347],[-65.50137,-54.93115],[-65.52523,-54.93565],[-65.52764,-54.93855],[-65.54316,-54.93759],[-65.54364,-54.94167],[-65.55203,-54.94765],[-65.55763,-54.9483],[-65.55832,-54.94521],[-65.55386,-54.94146],[-65.56316,-54.93729],[-65.59409,-54.94419],[-65.60362,-54.94361],[-65.61436,-54.95145],[-65.62376,-54.95214],[-65.63108,-54.95852],[-65.6273,-54.96504],[-65.63331,-54.9703],[-65.64031,-54.97036],[-65.63969,-54.96422],[-65.64989,-54.9704],[-65.67448,-54.97179],[-65.68053,-54.96909],[-65.69532,-54.97275],[-65.69653,-54.96861],[-65.70222,-54.96707],[-65.70894,-54.96969],[-65.71928,-54.96687],[-65.71406,-54.96438],[-65.7143,-54.96065],[-65.70824,-54.954],[-65.71391,-54.93902],[-65.71191,-54.93573],[-65.71541,-54.93155],[-65.72684,-54.9295],[-65.72912,-54.92048],[-65.74123,-54.90561],[-65.76594,-54.90927],[-65.77126,-54.90262],[-65.77786,-54.90157],[-65.78163,-54.90469],[-65.7923,-54.9047],[-65.80362,-54.91392],[-65.80806,-54.91382],[-65.81227,-54.91051],[-65.82133,-54.91287],[-65.83892,-54.91002],[-65.84031,-54.90448],[-65.84507,-54.90258],[-65.88358,-54.90013],[-65.89981,-54.90333],[-65.903,-54.91026],[-65.91111,-54.91282],[-65.93681,-54.90462],[-65.95658,-54.90734],[-65.96996,-54.90176],[-65.98158,-54.90263],[-65.99851,-54.91208],[-65.99932,-54.91693],[-65.99712,-54.92031],[-65.97878,-54.92487],[-65.97664,-54.92902],[-65.96327,-54.93145],[-65.96763,-54.9349],[-65.95898,-54.93956],[-65.95852,-54.94301],[-65.97109,-54.95631],[-65.97089,-54.96272],[-65.96667,-54.9659],[-65.99254,-54.96642],[-66.0404,-54.98286],[-66.05112,-54.98124],[-66.05423,-54.98537],[-66.1013,-54.9906],[-66.10704,-54.99426],[-66.13569,-54.99164],[-66.1407,-54.99434],[-66.16712,-54.9889],[-66.18651,-54.99173],[-66.19442,-54.99761],[-66.24548,-54.99548],[-66.27155,-54.99075],[-66.31548,-54.99379],[-66.32758,-54.99192],[-66.33353,-54.9965],[-66.34664,-54.99416],[-66.35154,-55.00092],[-66.36928,-55.009],[-66.36748,-55.01946],[-66.3605,-55.02843],[-66.36346,-55.0345],[-66.37138,-55.03812],[-66.40498,-55.04294],[-66.43166,-55.05119],[-66.43583,-55.04897],[-66.44252,-55.05603],[-66.46444,-55.05508],[-66.46402,-55.05123],[-66.46791,-55.04965],[-66.48601,-55.05284],[-66.50352,-55.05115],[-66.51925,-55.05647],[-66.55465,-55.04694],[-66.56576,-55.04767],[-66.62422,-55.02859],[-66.63137,-55.02847],[-66.63231,-55.03118],[-66.64972,-55.02729],[-66.66117,-55.01829],[-66.67709,-55.01283],[-66.69975,-55.00634],[-66.71854,-55.00516],[-66.7211,-54.99535],[-66.76377,-54.9613],[-66.7845,-54.95668],[-66.818,-54.9546],[-66.81813,-54.95229],[-66.83065,-54.95124],[-66.83665,-54.94726],[-66.87433,-54.94163],[-66.93264,-54.94136],[-66.95303,-54.93402],[-66.9592,-54.93515],[-66.96924,-54.93019],[-66.99844,-54.92453],[-67.03817,-54.92159],[-67.08183,-54.91063],[-67.09696,-54.91036],[-67.1048,-54.90433],[-67.11904,-54.90404],[-67.13673,-54.8965],[-67.156,-54.89295],[-67.17945,-54.89523],[-67.22316,-54.8919],[-67.23763,-54.88609],[-67.26123,-54.88503],[-67.27342,-54.88033],[-67.28277,-54.88008],[-67.27591,-54.8846],[-67.2767,-54.88691],[-67.28609,-54.88525],[-67.28482,-54.87883],[-67.28846,-54.87683],[-67.27335,-54.87687],[-67.27428,-54.87074],[-67.27898,-54.86978],[-67.29487,-54.87231],[-67.28856,-54.87952],[-67.29557,-54.88218],[-67.29711,-54.88758],[-67.33107,-54.87217],[-67.32535,-54.8817],[-67.31684,-54.88338],[-67.32299,-54.885],[-67.33292,-54.8813],[-67.34049,-54.87013],[-67.35035,-54.86783],[-67.35645,-54.87073],[-67.37597,-54.87124],[-67.34588,-54.87942],[-67.34129,-54.8832],[-67.3614,-54.88002],[-67.3939,-54.88967],[-67.40769,-54.88934],[-67.41783,-54.87999],[-67.44318,-54.87917],[-67.43798,-54.8759],[-67.43769,-54.87193],[-67.44846,-54.86886],[-67.44901,-54.86618],[-67.45731,-54.86974],[-67.47476,-54.86638],[-67.49469,-54.86805],[-67.49433,-54.85984],[-67.50142,-54.85416],[-67.53377,-54.86762],[-67.56036,-54.86947],[-67.56269,-54.87271],[-67.57803,-54.87224],[-67.60481,-54.88139],[-67.68724,-54.8873],[-67.71992,-54.87997],[-67.75946,-54.87974],[-67.77253,-54.87373],[-67.80243,-54.86903],[-67.82534,-54.86016],[-67.84845,-54.85923],[-67.8661,-54.86324],[-67.87422,-54.85857],[-67.90704,-54.8599],[-67.95699,-54.8515],[-67.99017,-54.85588],[-68.00409,-54.84959],[-68.03382,-54.84996],[-68.03613,-54.84639],[-68.06836,-54.83448],[-68.14408,-54.82095],[-68.19159,-54.81845],[-68.20497,-54.81483],[-68.23323,-54.79823],[-68.25014,-54.79437],[-68.27712,-54.79812],[-68.28721,-54.80394],[-68.31284,-54.80921],[-68.315,-54.81243],[-68.30031,-54.81554],[-68.30347,-54.82542],[-68.30117,-54.83002],[-68.30493,-54.83081],[-68.30087,-54.83437],[-68.26447,-54.83544],[-68.26515,-54.83868],[-68.27717,-54.84461],[-68.29891,-54.84512],[-68.30684,-54.84888],[-68.3211,-54.84524],[-68.32254,-54.83911],[-68.31218,-54.83469],[-68.31378,-54.83214],[-68.33245,-54.8302],[-68.37572,-54.84323],[-68.38094,-54.85069],[-68.43144,-54.85798],[-68.43768,-54.8557],[-68.44741,-54.85856],[-68.46386,-54.85697],[-68.47322,-54.85394],[-68.47997,-54.8468],[-68.49061,-54.84774],[-68.50253,-54.85355],[-68.5007,-54.85739],[-68.51267,-54.85884],[-68.52913,-54.85647],[-68.53094,-54.85315],[-68.54252,-54.85038],[-68.56781,-54.85124],[-68.56541,-54.84765],[-68.57143,-54.84459],[-68.57405,-54.84896],[-68.56846,-54.85303],[-68.57623,-54.85281],[-68.57264,-54.85638],[-68.52543,-54.86875],[-68.51703,-54.86552],[-68.50723,-54.86791],[-68.50808,-54.87125],[-68.53513,-54.87545],[-68.52976,-54.87812],[-68.53551,-54.88083],[-68.56302,-54.88324],[-68.55542,-54.88782],[-68.56072,-54.89066],[-68.60934,-54.89326],[-68.59641,-54.87298],[-68.59543,-54.80868],[-68.60682,-54.54943]]],[[[-65.4855,-45.00967],[-65.49236,-45.00105],[-65.48411,-45.00277],[-65.4855,-45.00967]]],[[[-65.57305,-45.06685],[-65.592,-45.06169],[-65.59038,-45.05788],[-65.57893,-45.06083],[-65.57305,-45.06685]]],[[[-65.61334,-45.06132],[-65.61441,-45.05682],[-65.62312,-45.04943],[-65.62208,-45.04651],[-65.61852,-45.04774],[-65.61835,-45.04415],[-65.60571,-45.0447],[-65.60451,-45.04216],[-65.59601,-45.0462],[-65.58904,-45.04405],[-65.58471,-45.04852],[-65.58846,-45.0551],[-65.61334,-45.06132]]],[[[-65.71534,-45.05959],[-65.72278,-45.05609],[-65.72107,-45.05047],[-65.71035,-45.05355],[-65.70533,-45.05829],[-65.71534,-45.05959]]],[[[-65.71649,-47.9161],[-65.72309,-47.91095],[-65.71403,-47.90552],[-65.71318,-47.91118],[-65.70978,-47.91177],[-65.71649,-47.9161]]],[[[-65.74008,-47.92208],[-65.73743,-47.91522],[-65.73586,-47.91808],[-65.74008,-47.92208]]],[[[-65.76472,-45.04019],[-65.76736,-45.03859],[-65.76273,-45.03626],[-65.75629,-45.03783],[-65.76472,-45.04019]]],[[[-65.80764,-45.06685],[-65.81257,-45.06391],[-65.80705,-45.06212],[-65.80764,-45.06685]]],[[[-65.87379,-45.04314],[-65.87953,-45.04184],[-65.87834,-45.04006],[-65.87379,-45.04314]]],[[[-65.89657,-48.08006],[-65.89996,-48.07908],[-65.8985,-48.0736],[-65.89513,-48.07497],[-65.89657,-48.08006]]],[[[-65.93062,-47.75606],[-65.94383,-47.75418],[-65.9426,-47.75255],[-65.93062,-47.75606]]],[[[-65.95808,-45.11975],[-65.95541,-45.11019],[-65.96556,-45.10672],[-65.96517,-45.10263],[-65.95465,-45.10957],[-65.94522,-45.1093],[-65.94757,-45.11963],[-65.95808,-45.11975]]],[[[-65.96952,-47.75775],[-65.96799,-47.75101],[-65.96351,-47.75239],[-65.96952,-47.75775]]],[[[-65.96662,-45.05372],[-65.96962,-45.05223],[-65.96642,-45.04988],[-65.96662,-45.05372]]],[[[-66,-45.10602],[-66.01536,-45.09903],[-66.01709,-45.09011],[-66.02005,-45.0889],[-66.01376,-45.08104],[-66.00872,-45.08041],[-66.00326,-45.08795],[-65.99359,-45.09188],[-65.99235,-45.08896],[-65.9832,-45.09421],[-65.98904,-45.10201],[-65.98346,-45.10613],[-65.96617,-45.10799],[-65.9654,-45.11058],[-65.9727,-45.11167],[-65.97492,-45.10905],[-65.98799,-45.1096],[-66,-45.10602]]],[[[-66.05638,-47.77535],[-66.05927,-47.77478],[-66.05665,-47.77061],[-66.05108,-47.76829],[-66.05638,-47.77535]]],[[[-66.27593,-45.0658],[-66.29504,-45.05984],[-66.29341,-45.05595],[-66.27593,-45.0658]]],[[[-66.33898,-48.36297],[-66.33724,-48.35575],[-66.33401,-48.3585],[-66.33898,-48.36297]]],[[[-66.33491,-45.05872],[-66.34562,-45.05435],[-66.3384,-45.05367],[-66.33491,-45.05872]]],[[[-66.4023,-45.19291],[-66.40524,-45.19221],[-66.40178,-45.18854],[-66.39623,-45.19085],[-66.4023,-45.19291]]],[[[-66.49669,-45.18348],[-66.50536,-45.18007],[-66.50641,-45.17676],[-66.4951,-45.17831],[-66.49669,-45.18348]]],[[[-66.5049,-45.18635],[-66.50943,-45.18234],[-66.50658,-45.18113],[-66.5049,-45.18635]]],[[[-67.02947,-54.95398],[-67.03341,-54.95084],[-67.03022,-54.94772],[-67.02947,-54.95398]]],[[[-67.33925,-54.90046],[-67.34797,-54.89354],[-67.34357,-54.89245],[-67.33557,-54.89772],[-67.33925,-54.90046]]],[[[-67.34426,-54.87568],[-67.35635,-54.87316],[-67.35156,-54.87092],[-67.34426,-54.87568]]],[[[-67.37486,-54.90991],[-67.3928,-54.90592],[-67.3768,-54.90597],[-67.37486,-54.90991]]],[[[-67.38576,-54.89315],[-67.38325,-54.88915],[-67.38054,-54.89039],[-67.38576,-54.89315]]],[[[-67.39713,-54.89778],[-67.39949,-54.89423],[-67.3955,-54.89392],[-67.39713,-54.89778]]],[[[-67.41433,-54.91248],[-67.46276,-54.9017],[-67.46429,-54.90813],[-67.46926,-54.90601],[-67.48386,-54.90786],[-67.48291,-54.91553],[-67.49016,-54.91767],[-67.49302,-54.91259],[-67.51311,-54.91078],[-67.53021,-54.90484],[-67.53327,-54.90215],[-67.53867,-54.87983],[-67.52298,-54.88363],[-67.50366,-54.8775],[-67.49298,-54.87801],[-67.47052,-54.88451],[-67.4671,-54.88101],[-67.47478,-54.87778],[-67.47677,-54.87191],[-67.4733,-54.86982],[-67.45365,-54.87252],[-67.44572,-54.88253],[-67.43199,-54.88859],[-67.43465,-54.89302],[-67.41922,-54.88989],[-67.4142,-54.89314],[-67.40814,-54.90036],[-67.41702,-54.90061],[-67.41433,-54.91248]]],[[[-67.50554,-54.8747],[-67.50967,-54.8713],[-67.50269,-54.86776],[-67.49772,-54.87012],[-67.49803,-54.87357],[-67.50554,-54.8747]]],[[[-67.72266,-49.28121],[-67.72163,-49.27543],[-67.7146,-49.27472],[-67.71292,-49.2788],[-67.72266,-49.28121]]],[[[-68.23735,-54.86178],[-68.24271,-54.86015],[-68.24053,-54.8577],[-68.2316,-54.86059],[-68.23735,-54.86178]]],[[[-68.23758,-54.87305],[-68.25673,-54.87035],[-68.25016,-54.86532],[-68.24654,-54.86914],[-68.23321,-54.86931],[-68.23758,-54.87305]]],[[[-68.2446,-54.87745],[-68.24955,-54.87415],[-68.2402,-54.87537],[-68.2446,-54.87745]]],[[[-68.24957,-54.84931],[-68.25847,-54.84795],[-68.25007,-54.84636],[-68.24957,-54.84931]]],[[[-68.45753,-54.86552],[-68.45801,-54.86284],[-68.45403,-54.86167],[-68.45266,-54.86448],[-68.45753,-54.86552]]],[[[-68.47979,-54.8614],[-68.47488,-54.86317],[-68.47529,-54.86586],[-68.48594,-54.86654],[-68.48602,-54.85989],[-68.47979,-54.8614]]],[[[-68.94168,-50.00782],[-68.94506,-50.00603],[-68.92697,-49.99974],[-68.92061,-50.00089],[-68.94168,-50.00782]]],[[[-68.94884,-50.00655],[-68.95521,-50.00399],[-68.94605,-50.00386],[-68.94884,-50.00655]]],[[[-69.00014,-50.01682],[-68.99935,-50.01143],[-68.99497,-50.01143],[-69.00014,-50.01682]]],[[[-69.00532,-50.03809],[-69.00372,-50.03014],[-69.00094,-50.03091],[-69.00532,-50.03809]]],[[[-69.08543,-51.65719],[-69.09038,-51.65679],[-69.0914,-51.65218],[-69.08129,-51.64476],[-69.06605,-51.64246],[-69.06173,-51.64862],[-69.07348,-51.65642],[-69.08543,-51.65719]]],[[[-69.08301,-50.08599],[-69.08757,-50.07727],[-69.08418,-50.07266],[-69.08301,-50.08599]]],[[[-69.23805,-50.97862],[-69.24454,-50.97848],[-69.24452,-50.97617],[-69.23884,-50.97594],[-69.23805,-50.97862]]]]}},{"type":"Feature","properties":{"ISO_A3":"","WB_A3":"","WB_NAME":"South Georgia and South Sandwich Islands","WB_REGION":"","STATUS":"non-determined","AREA_ID":"south-georgia-and-south-sandwich-islands","CLAIMANTS":"GBR,ARG"},"geometry":{"type":"MultiPolygon","coordinates":[[[[-27.08414,-59.42066],[-27.09483,-59.41638],[-27.08501,-59.40551],[-27.07849,-59.40436],[-27.07147,-59.40884],[-27.07299,-59.4187],[-27.08414,-59.42066]]],[[[-27.57198,-56.31897],[-27.58946,-56.31658],[-27.59551,-56.30618],[-27.60851,-56.29818],[-27.60318,-56.29591],[-27.60654,-56.28987],[-27.592,-56.28725],[-27.59031,-56.2824],[-27.58429,-56.28025],[-27.57047,-56.27954],[-27.5488,-56.29309],[-27.54339,-56.3013],[-27.55155,-56.30831],[-27.56633,-56.31067],[-27.57198,-56.31897]]],[[[-28.09512,-56.67728],[-28.10507,-56.67552],[-28.10586,-56.67091],[-28.09576,-56.66741],[-28.09724,-56.67022],[-28.08924,-56.67515],[-28.09512,-56.67728]]],[[[-35.78975,-54.80277],[-35.76806,-54.80212],[-35.77305,-54.81209],[-35.77673,-54.81318],[-35.77673,-54.82033],[-35.78411,-54.82727],[-35.80406,-54.82272],[-35.80124,-54.81535],[-35.81143,-54.80602],[-35.79885,-54.80103],[-35.78975,-54.80277]]],[[[-37.88694,-54.00519],[-37.87302,-54.00557],[-37.86192,-54.00837],[-37.85937,-54.01172],[-37.84453,-54.01375],[-37.84525,-54.01914],[-37.84212,-54.02219],[-37.80521,-54.01952],[-37.8058,-54.01414],[-37.8014,-54.01615],[-37.79929,-54.01357],[-37.78264,-54.01801],[-37.77881,-54.0149],[-37.77896,-54.00978],[-37.7639,-54.0045],[-37.75295,-54.00695],[-37.74573,-54.00136],[-37.74541,-53.99739],[-37.73812,-53.99398],[-37.74857,-53.99345],[-37.74621,-53.98523],[-37.7394,-53.98042],[-37.74648,-53.9764],[-37.73769,-53.97963],[-37.72043,-53.97561],[-37.71815,-53.98609],[-37.71089,-53.98883],[-37.68837,-53.98628],[-37.68566,-53.98932],[-37.67748,-53.98693],[-37.67328,-53.98919],[-37.68168,-53.99158],[-37.67792,-54.00064],[-37.69307,-54.00964],[-37.68878,-54.01472],[-37.6766,-54.01484],[-37.6706,-54.01183],[-37.66704,-54.01448],[-37.65624,-54.01218],[-37.65591,-54.00898],[-37.64028,-54.00803],[-37.63667,-54.01209],[-37.62221,-54.01513],[-37.59585,-54.01008],[-37.59228,-54.01286],[-37.57226,-54.01313],[-37.57462,-54.02046],[-37.56201,-54.02019],[-37.55481,-54.02702],[-37.54873,-54.02669],[-37.54806,-54.02104],[-37.53117,-54.01879],[-37.5207,-54.01968],[-37.51313,-54.02471],[-37.5018,-54.02496],[-37.49751,-54.0235],[-37.49684,-54.01785],[-37.4836,-54.01102],[-37.46965,-54.01187],[-37.472,-54.00729],[-37.46643,-54.00491],[-37.46164,-53.99922],[-37.46323,-53.99732],[-37.45424,-53.99349],[-37.44392,-54.00206],[-37.43651,-54.00248],[-37.42583,-53.99747],[-37.43083,-53.99165],[-37.41715,-53.9857],[-37.40669,-53.98633],[-37.40731,-53.99287],[-37.40162,-53.99382],[-37.39831,-53.98942],[-37.36867,-53.99146],[-37.36883,-53.99851],[-37.39064,-54.00789],[-37.40585,-54.00822],[-37.40683,-54.00542],[-37.41206,-54.0051],[-37.43055,-54.0106],[-37.44473,-54.0095],[-37.45264,-54.01319],[-37.4571,-54.01607],[-37.45235,-54.021],[-37.44016,-54.02123],[-37.43612,-54.02451],[-37.45248,-54.0292],[-37.45755,-54.03324],[-37.45742,-54.03682],[-37.443,-54.03843],[-37.44202,-54.04123],[-37.45142,-54.04597],[-37.4749,-54.04691],[-37.48805,-54.05642],[-37.49545,-54.05626],[-37.49742,-54.06218],[-37.47946,-54.0649],[-37.46565,-54.06165],[-37.41752,-54.06756],[-37.40991,-54.06156],[-37.39156,-54.06299],[-37.36731,-54.05946],[-37.35752,-54.05394],[-37.35723,-54.05022],[-37.34708,-54.05367],[-37.33797,-54.05278],[-37.3185,-54.06045],[-37.288,-54.06079],[-37.26772,-54.05627],[-37.26684,-54.06189],[-37.26983,-54.06322],[-37.26635,-54.06829],[-37.25038,-54.07523],[-37.25243,-54.07834],[-37.24704,-54.0821],[-37.24715,-54.08979],[-37.25136,-54.09087],[-37.24932,-54.09347],[-37.23859,-54.09146],[-37.23893,-54.08839],[-37.23076,-54.08084],[-37.224,-54.07075],[-37.22581,-54.06411],[-37.2225,-54.05484],[-37.21333,-54.05547],[-37.20416,-54.0661],[-37.19661,-54.06445],[-37.1969,-54.06778],[-37.19051,-54.06961],[-37.17833,-54.06417],[-37.18084,-54.06165],[-37.17415,-54.04541],[-37.16769,-54.04364],[-37.15277,-54.04636],[-37.1351,-54.0425],[-37.1292,-54.04779],[-37.14595,-54.05292],[-37.14099,-54.05668],[-37.12834,-54.05726],[-37.15265,-54.05904],[-37.15248,-54.06288],[-37.15997,-54.06569],[-37.13788,-54.06778],[-37.13417,-54.06324],[-37.10545,-54.0674],[-37.11899,-54.07133],[-37.1188,-54.07555],[-37.14561,-54.08007],[-37.15233,-54.08581],[-37.15438,-54.09353],[-37.14925,-54.10113],[-37.14978,-54.10883],[-37.14402,-54.11566],[-37.15666,-54.11598],[-37.16338,-54.12159],[-37.15634,-54.13301],[-37.13925,-54.12493],[-37.12803,-54.1318],[-37.12556,-54.12869],[-37.10576,-54.12761],[-37.11111,-54.12027],[-37.11999,-54.11682],[-37.10655,-54.1102],[-37.10689,-54.10765],[-37.09298,-54.09718],[-37.08947,-54.08828],[-37.074,-54.08355],[-37.07162,-54.07839],[-37.05282,-54.07988],[-37.04758,-54.0707],[-37.02985,-54.06798],[-37.01986,-54.06756],[-37.01523,-54.07312],[-37.01955,-54.07396],[-37.01881,-54.08035],[-37.01226,-54.08076],[-37.00593,-54.0763],[-37.00434,-54.06858],[-36.99945,-54.0662],[-37.00265,-54.06305],[-36.99255,-54.05571],[-36.98688,-54.056],[-36.98914,-54.06321],[-36.98425,-54.06517],[-36.97719,-54.05814],[-36.97175,-54.06266],[-36.97611,-54.07144],[-36.98693,-54.07291],[-36.97223,-54.07958],[-36.97625,-54.08195],[-36.9749,-54.08731],[-36.98031,-54.08817],[-36.97966,-54.09251],[-37.01729,-54.10313],[-37.02012,-54.10766],[-37.03573,-54.11419],[-37.05015,-54.13502],[-37.04074,-54.13736],[-37.01491,-54.1346],[-37.01526,-54.12743],[-37.00166,-54.129],[-36.99943,-54.12538],[-37.00304,-54.12288],[-36.99622,-54.11508],[-36.95441,-54.10515],[-36.9412,-54.09468],[-36.94145,-54.0852],[-36.92219,-54.08692],[-36.91901,-54.08084],[-36.90366,-54.08276],[-36.89908,-54.07858],[-36.88807,-54.08095],[-36.88642,-54.08758],[-36.88143,-54.08587],[-36.87326,-54.0894],[-36.8722,-54.09296],[-36.86562,-54.08952],[-36.86771,-54.08699],[-36.85861,-54.08606],[-36.84856,-54.08665],[-36.84932,-54.08871],[-36.83857,-54.092],[-36.81021,-54.09493],[-36.81606,-54.09964],[-36.80889,-54.10746],[-36.80903,-54.1131],[-36.81176,-54.11929],[-36.82518,-54.12953],[-36.825,-54.13286],[-36.81816,-54.13863],[-36.81462,-54.15188],[-36.80709,-54.15405],[-36.78716,-54.15113],[-36.78393,-54.1462],[-36.78172,-54.13053],[-36.78695,-54.11833],[-36.78106,-54.11028],[-36.74851,-54.10737],[-36.74211,-54.11288],[-36.72856,-54.10545],[-36.72671,-54.11131],[-36.70029,-54.11209],[-36.69736,-54.11767],[-36.67185,-54.11769],[-36.67267,-54.11463],[-36.66657,-54.11452],[-36.66583,-54.12001],[-36.67375,-54.12644],[-36.63862,-54.12294],[-36.62819,-54.12991],[-36.64495,-54.13434],[-36.64429,-54.14598],[-36.66689,-54.14373],[-36.66996,-54.13969],[-36.6841,-54.1365],[-36.68834,-54.13876],[-36.6819,-54.15248],[-36.70496,-54.15381],[-36.71061,-54.15815],[-36.71021,-54.16147],[-36.70266,-54.16376],[-36.65583,-54.16581],[-36.68333,-54.17377],[-36.70427,-54.17404],[-36.70886,-54.18194],[-36.70668,-54.18575],[-36.66268,-54.19143],[-36.6487,-54.1836],[-36.63787,-54.18211],[-36.63506,-54.1777],[-36.60858,-54.17487],[-36.59641,-54.16643],[-36.58271,-54.16923],[-36.55901,-54.16375],[-36.54255,-54.16893],[-36.55194,-54.17271],[-36.54044,-54.17503],[-36.53894,-54.17833],[-36.53067,-54.17778],[-36.5272,-54.18463],[-36.4911,-54.18209],[-36.4958,-54.18385],[-36.48961,-54.19948],[-36.51257,-54.1956],[-36.53179,-54.18831],[-36.54046,-54.18951],[-36.53837,-54.19523],[-36.54516,-54.19857],[-36.55828,-54.19846],[-36.57492,-54.19047],[-36.58312,-54.19204],[-36.58146,-54.19431],[-36.58681,-54.19621],[-36.58644,-54.19134],[-36.58939,-54.18948],[-36.59628,-54.19128],[-36.59608,-54.19461],[-36.58862,-54.19523],[-36.59216,-54.20196],[-36.58239,-54.20458],[-36.58625,-54.21337],[-36.59993,-54.21864],[-36.61489,-54.21701],[-36.61468,-54.22828],[-36.62683,-54.23749],[-36.64444,-54.23937],[-36.64341,-54.24217],[-36.65857,-54.24093],[-36.67552,-54.23498],[-36.68994,-54.23526],[-36.70047,-54.25045],[-36.68493,-54.25451],[-36.68109,-54.26058],[-36.65136,-54.27154],[-36.67297,-54.28028],[-36.67838,-54.28538],[-36.67773,-54.28921],[-36.69198,-54.29282],[-36.69958,-54.30081],[-36.69498,-54.30303],[-36.67574,-54.30122],[-36.66086,-54.28543],[-36.64481,-54.28268],[-36.63345,-54.27464],[-36.62839,-54.27519],[-36.63037,-54.28266],[-36.62627,-54.28539],[-36.61189,-54.28408],[-36.60561,-54.27166],[-36.58613,-54.26794],[-36.5745,-54.2572],[-36.55417,-54.25321],[-36.55349,-54.24986],[-36.54033,-54.24319],[-36.5324,-54.24405],[-36.52437,-54.23927],[-36.51333,-54.2411],[-36.51379,-54.24802],[-36.50696,-54.25237],[-36.4987,-54.25155],[-36.4983,-54.2436],[-36.49041,-54.24395],[-36.49023,-54.23959],[-36.46792,-54.24681],[-36.46697,-54.25166],[-36.47124,-54.25329],[-36.47312,-54.25845],[-36.47051,-54.26531],[-36.47606,-54.27824],[-36.48586,-54.28267],[-36.49544,-54.28364],[-36.49607,-54.28045],[-36.50226,-54.27943],[-36.50818,-54.28301],[-36.49423,-54.28913],[-36.49108,-54.29418],[-36.4937,-54.29783],[-36.48143,-54.30513],[-36.49394,-54.31192],[-36.4936,-54.32114],[-36.48853,-54.33231],[-36.50178,-54.35616],[-36.51615,-54.35415],[-36.51902,-54.35754],[-36.50508,-54.36314],[-36.4853,-54.36376],[-36.47524,-54.34894],[-36.46684,-54.34287],[-36.45737,-54.32576],[-36.44623,-54.32168],[-36.44358,-54.31497],[-36.42847,-54.31823],[-36.4197,-54.33239],[-36.39691,-54.34958],[-36.38969,-54.35968],[-36.39302,-54.3659],[-36.37175,-54.36556],[-36.34736,-54.3731],[-36.34277,-54.36608],[-36.3422,-54.35787],[-36.33239,-54.35355],[-36.33111,-54.34968],[-36.34582,-54.33924],[-36.35318,-54.32711],[-36.35253,-54.32351],[-36.36161,-54.31858],[-36.35712,-54.31003],[-36.37634,-54.30404],[-36.37396,-54.30015],[-36.37737,-54.29484],[-36.39558,-54.28396],[-36.39463,-54.28163],[-36.40038,-54.27715],[-36.40257,-54.27027],[-36.39309,-54.26443],[-36.40503,-54.25201],[-36.39937,-54.2515],[-36.40225,-54.24746],[-36.39893,-54.24457],[-36.39038,-54.24824],[-36.38851,-54.25377],[-36.37147,-54.25751],[-36.36529,-54.26201],[-36.35811,-54.26034],[-36.35391,-54.26447],[-36.34376,-54.259],[-36.33355,-54.26126],[-36.3299,-54.265],[-36.33449,-54.268],[-36.32712,-54.2726],[-36.3122,-54.27316],[-36.31009,-54.26517],[-36.29594,-54.26742],[-36.28847,-54.28121],[-36.29713,-54.28269],[-36.30193,-54.28959],[-36.30834,-54.29204],[-36.30086,-54.2993],[-36.28725,-54.29976],[-36.28545,-54.29716],[-36.28805,-54.29414],[-36.28326,-54.29045],[-36.26799,-54.29292],[-36.26418,-54.28794],[-36.25669,-54.28654],[-36.24548,-54.28882],[-36.26249,-54.29421],[-36.2594,-54.30133],[-36.26296,-54.30798],[-36.2521,-54.31453],[-36.26109,-54.32314],[-36.2376,-54.32144],[-36.23676,-54.32424],[-36.24153,-54.32819],[-36.2398,-54.33123],[-36.25966,-54.33258],[-36.26803,-54.33853],[-36.25371,-54.33629],[-36.24125,-54.33895],[-36.2466,-54.35086],[-36.21984,-54.34435],[-36.21388,-54.34818],[-36.20795,-54.34732],[-36.20807,-54.34971],[-36.21803,-54.35161],[-36.23017,-54.36355],[-36.25744,-54.3757],[-36.25595,-54.38156],[-36.26434,-54.38739],[-36.26314,-54.39223],[-36.23959,-54.3899],[-36.21969,-54.38547],[-36.21382,-54.38137],[-36.20171,-54.38518],[-36.17983,-54.38638],[-36.15726,-54.37415],[-36.15536,-54.37616],[-36.16073,-54.37782],[-36.16612,-54.38564],[-36.18246,-54.39063],[-36.18508,-54.39402],[-36.18165,-54.4024],[-36.16618,-54.41024],[-36.16903,-54.4135],[-36.16713,-54.41564],[-36.17914,-54.42309],[-36.17908,-54.43347],[-36.18527,-54.43297],[-36.18647,-54.43787],[-36.17617,-54.45019],[-36.16698,-54.45599],[-36.15199,-54.45654],[-36.15192,-54.46064],[-36.14805,-54.46259],[-36.13459,-54.45938],[-36.11508,-54.46651],[-36.10461,-54.46152],[-36.08891,-54.4639],[-36.08724,-54.46794],[-36.07415,-54.46842],[-36.07177,-54.47008],[-36.0732,-54.47341],[-36.05797,-54.47175],[-36.05202,-54.46794],[-36.04703,-54.47389],[-36.05155,-54.47556],[-36.04727,-54.48127],[-36.05107,-54.48412],[-36.03227,-54.4984],[-36.01895,-54.50459],[-36.00206,-54.50411],[-35.98873,-54.50768],[-36.01728,-54.51006],[-36.01966,-54.51268],[-36.02918,-54.51053],[-36.04132,-54.51648],[-36.03989,-54.51958],[-36.08224,-54.51862],[-36.08795,-54.521],[-36.0801,-54.53076],[-36.08105,-54.53576],[-36.10033,-54.54218],[-36.10532,-54.54908],[-36.08772,-54.5743],[-36.06202,-54.56907],[-36.03013,-54.57121],[-36.02484,-54.56398],[-36.01899,-54.56507],[-35.99491,-54.57851],[-35.99838,-54.58307],[-35.9986,-54.59326],[-35.99101,-54.59543],[-35.98732,-54.59218],[-35.98862,-54.58632],[-35.98472,-54.57938],[-35.9793,-54.57569],[-35.95869,-54.57287],[-35.9433,-54.5642],[-35.93505,-54.56463],[-35.9125,-54.554],[-35.91076,-54.54685],[-35.89472,-54.54511],[-35.88818,-54.55689],[-35.9034,-54.56253],[-35.90711,-54.57185],[-35.91108,-54.57182],[-35.9077,-54.57558],[-35.90968,-54.58152],[-35.90605,-54.58954],[-35.91787,-54.58699],[-35.92478,-54.5919],[-35.91812,-54.60122],[-35.92435,-54.60342],[-35.92811,-54.60888],[-35.9292,-54.61169],[-35.92443,-54.61582],[-35.92942,-54.61929],[-35.94156,-54.6182],[-35.94481,-54.62167],[-35.94308,-54.62579],[-35.95436,-54.62731],[-35.95479,-54.63208],[-35.94286,-54.6336],[-35.92768,-54.64813],[-35.92855,-54.65355],[-35.92334,-54.66396],[-35.92942,-54.66461],[-35.92963,-54.67242],[-35.91987,-54.67893],[-35.92074,-54.68739],[-35.91315,-54.69411],[-35.91662,-54.69845],[-35.92291,-54.69931],[-35.93657,-54.69519],[-35.96282,-54.69931],[-35.96195,-54.70582],[-35.94134,-54.70886],[-35.9292,-54.7145],[-35.92638,-54.71688],[-35.92833,-54.72079],[-35.91814,-54.73054],[-35.90274,-54.72859],[-35.88843,-54.73141],[-35.88192,-54.73727],[-35.87346,-54.7312],[-35.85828,-54.74334],[-35.8637,-54.74638],[-35.86283,-54.75158],[-35.85459,-54.7544],[-35.84765,-54.75397],[-35.8431,-54.75006],[-35.83789,-54.7518],[-35.83854,-54.76091],[-35.83464,-54.76221],[-35.8251,-54.76351],[-35.81469,-54.75765],[-35.79495,-54.76113],[-35.79126,-54.76481],[-35.7943,-54.77002],[-35.80232,-54.77197],[-35.79452,-54.77696],[-35.80167,-54.78238],[-35.81273,-54.78064],[-35.81837,-54.78433],[-35.81924,-54.78889],[-35.8149,-54.79322],[-35.82163,-54.79691],[-35.86045,-54.80146],[-35.87997,-54.79301],[-35.88691,-54.80493],[-35.89602,-54.79279],[-35.90773,-54.79604],[-35.91532,-54.80624],[-35.90773,-54.80862],[-35.91142,-54.81231],[-35.92464,-54.81578],[-35.95241,-54.81166],[-35.96455,-54.816],[-36.00923,-54.8084],[-36.04046,-54.79409],[-36.03352,-54.79192],[-36.0359,-54.78889],[-36.06453,-54.78845],[-36.0962,-54.77457],[-36.10769,-54.77262],[-36.11441,-54.78129],[-36.12114,-54.78368],[-36.11767,-54.78672],[-36.09294,-54.78585],[-36.07928,-54.79561],[-36.03655,-54.81144],[-36.04111,-54.81621],[-36.07646,-54.81166],[-36.06648,-54.81903],[-36.04306,-54.82207],[-36.032,-54.81925],[-35.99383,-54.82554],[-36.00597,-54.82814],[-36.01031,-54.83551],[-36.01877,-54.83964],[-36.03113,-54.84072],[-36.01183,-54.84202],[-36.00467,-54.83465],[-35.96889,-54.83291],[-35.95826,-54.83833],[-35.95696,-54.84506],[-35.94004,-54.84744],[-35.93961,-54.85829],[-35.96043,-54.85981],[-35.97778,-54.8572],[-35.96433,-54.86805],[-35.97886,-54.88106],[-35.98646,-54.88345],[-35.99491,-54.87477],[-36.00554,-54.8713],[-36.00229,-54.86566],[-36.00706,-54.85872],[-36.01335,-54.85742],[-36.00923,-54.86501],[-36.01226,-54.88128],[-36.01704,-54.88453],[-36.02311,-54.88214],[-36.03721,-54.88388],[-36.03525,-54.87607],[-36.0294,-54.87369],[-36.04371,-54.86067],[-36.05109,-54.86718],[-36.05022,-54.87108],[-36.04328,-54.87542],[-36.04783,-54.87998],[-36.05846,-54.88496],[-36.06844,-54.88518],[-36.07798,-54.87911],[-36.08145,-54.88713],[-36.08947,-54.88713],[-36.09576,-54.89234],[-36.09164,-54.89472],[-36.09511,-54.89928],[-36.10769,-54.90036],[-36.10661,-54.89082],[-36.11116,-54.88735],[-36.12287,-54.88648],[-36.13068,-54.87976],[-36.1322,-54.86978],[-36.11507,-54.86805],[-36.10943,-54.85785],[-36.11962,-54.85829],[-36.11897,-54.86414],[-36.1361,-54.86241],[-36.12873,-54.8533],[-36.13307,-54.85048],[-36.14001,-54.85221],[-36.14304,-54.84788],[-36.15953,-54.85048],[-36.15909,-54.84766],[-36.14846,-54.84397],[-36.16235,-54.83183],[-36.1823,-54.83465],[-36.1888,-54.82554],[-36.2029,-54.82619],[-36.19943,-54.82315],[-36.20312,-54.81947],[-36.20637,-54.82337],[-36.21179,-54.82337],[-36.2209,-54.81513],[-36.21873,-54.81166],[-36.22069,-54.81036],[-36.23392,-54.81231],[-36.23218,-54.80927],[-36.23717,-54.80407],[-36.25495,-54.80277],[-36.25604,-54.79995],[-36.24758,-54.79908],[-36.25083,-54.79518],[-36.26189,-54.79799],[-36.26688,-54.79626],[-36.25864,-54.78824],[-36.27903,-54.78628],[-36.26688,-54.77652],[-36.27534,-54.7724],[-36.27469,-54.7672],[-36.28315,-54.76872],[-36.28748,-54.76308],[-36.31178,-54.7479],[-36.31373,-54.74096],[-36.30527,-54.73293],[-36.32739,-54.72729],[-36.32631,-54.72491],[-36.31872,-54.72621],[-36.31503,-54.72382],[-36.32284,-54.71254],[-36.31937,-54.71168],[-36.32706,-54.70292],[-36.32966,-54.68712],[-36.33526,-54.68686],[-36.33954,-54.68041],[-36.35916,-54.6729],[-36.36297,-54.66766],[-36.35639,-54.65535],[-36.36107,-54.65081],[-36.37993,-54.6455],[-36.3928,-54.63185],[-36.40432,-54.62619],[-36.40623,-54.62132],[-36.41564,-54.61993],[-36.41676,-54.61769],[-36.41162,-54.61598],[-36.41472,-54.61263],[-36.40392,-54.60723],[-36.4161,-54.61045],[-36.41972,-54.6067],[-36.41574,-54.6023],[-36.42692,-54.59794],[-36.4188,-54.59416],[-36.46027,-54.58487],[-36.49267,-54.57141],[-36.50101,-54.57084],[-36.4957,-54.5644],[-36.4993,-54.56042],[-36.49464,-54.5594],[-36.49191,-54.55322],[-36.47482,-54.54788],[-36.46705,-54.53083],[-36.49296,-54.52272],[-36.50764,-54.52575],[-36.51851,-54.51817],[-36.51541,-54.51324],[-36.50132,-54.51455],[-36.50066,-54.51212],[-36.53606,-54.50244],[-36.53906,-54.50691],[-36.54525,-54.50579],[-36.54334,-54.50171],[-36.55236,-54.49967],[-36.55236,-54.50812],[-36.57377,-54.50876],[-36.58088,-54.50349],[-36.58685,-54.50566],[-36.58836,-54.51002],[-36.59992,-54.50756],[-36.61058,-54.51067],[-36.61186,-54.52044],[-36.62606,-54.51936],[-36.62316,-54.51508],[-36.62731,-54.51422],[-36.63782,-54.51874],[-36.66242,-54.50685],[-36.65866,-54.49998],[-36.66416,-54.49391],[-36.64305,-54.4913],[-36.64463,-54.48669],[-36.66283,-54.48444],[-36.68405,-54.49088],[-36.69163,-54.48595],[-36.70527,-54.48652],[-36.7157,-54.48046],[-36.73012,-54.48136],[-36.73843,-54.478],[-36.73243,-54.47306],[-36.73901,-54.46786],[-36.74876,-54.47069],[-36.77197,-54.46265],[-36.7932,-54.46397],[-36.80021,-54.45962],[-36.8129,-54.45962],[-36.82238,-54.45355],[-36.83337,-54.45602],[-36.81252,-54.44919],[-36.81063,-54.44692],[-36.8165,-54.43669],[-36.81074,-54.43723],[-36.79374,-54.43065],[-36.80665,-54.4293],[-36.80099,-54.42683],[-36.80138,-54.42393],[-36.79471,-54.42494],[-36.77766,-54.41907],[-36.78268,-54.41095],[-36.79111,-54.4122],[-36.79776,-54.40391],[-36.81063,-54.40921],[-36.81897,-54.40637],[-36.83905,-54.40864],[-36.84151,-54.40561],[-36.83621,-54.40485],[-36.8472,-54.39898],[-36.84872,-54.3933],[-36.84393,-54.38856],[-36.84739,-54.38609],[-36.85269,-54.39007],[-36.87146,-54.38487],[-36.88396,-54.39216],[-36.89268,-54.39235],[-36.8923,-54.37889],[-36.8851,-54.3751],[-36.88542,-54.37183],[-36.9031,-54.37245],[-36.90177,-54.3662],[-36.87524,-54.36051],[-36.85249,-54.36044],[-36.85355,-54.35491],[-36.89846,-54.34766],[-36.92059,-54.33916],[-36.9333,-54.34061],[-36.94285,-54.34654],[-36.94154,-54.35128],[-36.94678,-54.35986],[-36.95279,-54.35945],[-36.95512,-54.35616],[-36.95867,-54.35917],[-36.96797,-54.3574],[-36.97666,-54.36362],[-36.99068,-54.36027],[-36.99662,-54.3628],[-36.99806,-54.35924],[-37.02288,-54.35651],[-37.02425,-54.34823],[-37.04011,-54.34796],[-37.05714,-54.3362],[-37.06972,-54.33757],[-37.06849,-54.33066],[-37.07389,-54.32806],[-37.10397,-54.3284],[-37.10907,-54.32401],[-37.10435,-54.31589],[-37.08208,-54.30939],[-37.09167,-54.29986],[-37.08451,-54.28889],[-37.08669,-54.28167],[-37.09757,-54.28288],[-37.10391,-54.28721],[-37.10932,-54.28584],[-37.10353,-54.28155],[-37.1118,-54.27763],[-37.12045,-54.28239],[-37.13448,-54.28214],[-37.14015,-54.27652],[-37.1371,-54.27465],[-37.14063,-54.27156],[-37.14949,-54.27107],[-37.15575,-54.26545],[-37.16548,-54.27181],[-37.17303,-54.27185],[-37.17477,-54.26825],[-37.21183,-54.2642],[-37.21049,-54.25978],[-37.20206,-54.25681],[-37.20995,-54.2491],[-37.21828,-54.24979],[-37.22462,-54.25563],[-37.22773,-54.25352],[-37.21368,-54.24245],[-37.2199,-54.23972],[-37.23376,-54.23816],[-37.23954,-54.23972],[-37.24091,-54.24469],[-37.2482,-54.24587],[-37.25303,-54.23996],[-37.26358,-54.24641],[-37.25769,-54.25537],[-37.27026,-54.25296],[-37.27187,-54.26072],[-37.29233,-54.26339],[-37.30222,-54.27476],[-37.31258,-54.27049],[-37.33701,-54.27291],[-37.34621,-54.27931],[-37.34758,-54.27465],[-37.3568,-54.27579],[-37.35705,-54.28359],[-37.36654,-54.28385],[-37.36358,-54.27588],[-37.35545,-54.27088],[-37.36227,-54.26767],[-37.38389,-54.27132],[-37.39152,-54.26852],[-37.3957,-54.27168],[-37.40412,-54.27075],[-37.40506,-54.27596],[-37.42003,-54.27703],[-37.41078,-54.26652],[-37.41788,-54.26405],[-37.41494,-54.25505],[-37.4226,-54.25586],[-37.41727,-54.25044],[-37.33031,-54.24186],[-37.33101,-54.23701],[-37.31319,-54.23424],[-37.30757,-54.23063],[-37.31359,-54.22836],[-37.32589,-54.23197],[-37.32936,-54.22379],[-37.33552,-54.22285],[-37.33698,-54.21916],[-37.35936,-54.2169],[-37.37448,-54.21032],[-37.38926,-54.21244],[-37.39283,-54.21044],[-37.39118,-54.20785],[-37.40069,-54.2049],[-37.4134,-54.18688],[-37.41134,-54.18365],[-37.39688,-54.18487],[-37.39356,-54.18047],[-37.37493,-54.17664],[-37.3145,-54.17004],[-37.29873,-54.17123],[-37.29555,-54.17426],[-37.29107,-54.17163],[-37.29671,-54.1671],[-37.25286,-54.16135],[-37.22827,-54.16711],[-37.22707,-54.15855],[-37.2394,-54.14937],[-37.25997,-54.15066],[-37.29005,-54.14558],[-37.37323,-54.15173],[-37.42966,-54.15066],[-37.44573,-54.14232],[-37.4667,-54.1417],[-37.47968,-54.13702],[-37.47446,-54.13141],[-37.47795,-54.12737],[-37.48783,-54.12699],[-37.48747,-54.13225],[-37.49133,-54.13409],[-37.49909,-54.13059],[-37.50322,-54.13459],[-37.50135,-54.13794],[-37.50908,-54.14172],[-37.5417,-54.14046],[-37.54473,-54.13833],[-37.54047,-54.13659],[-37.54215,-54.13472],[-37.55774,-54.13536],[-37.56032,-54.13665],[-37.55671,-54.14226],[-37.56018,-54.14812],[-37.57708,-54.14825],[-37.58011,-54.15128],[-37.54369,-54.15399],[-37.53996,-54.16288],[-37.54324,-54.16907],[-37.55252,-54.1701],[-37.55465,-54.17429],[-37.56531,-54.177],[-37.58973,-54.18155],[-37.61253,-54.18166],[-37.61066,-54.18332],[-37.62003,-54.1861],[-37.6329,-54.17984],[-37.6477,-54.18129],[-37.65309,-54.17674],[-37.67484,-54.17928],[-37.68504,-54.1744],[-37.68691,-54.17045],[-37.68366,-54.16299],[-37.66989,-54.15779],[-37.67414,-54.15579],[-37.67807,-54.15908],[-37.68922,-54.15747],[-37.6918,-54.15398],[-37.69591,-54.15518],[-37.69798,-54.15174],[-37.70409,-54.15181],[-37.69751,-54.14719],[-37.70211,-54.14538],[-37.72815,-54.14929],[-37.72708,-54.14206],[-37.7215,-54.13906],[-37.68078,-54.12991],[-37.66231,-54.12125],[-37.63907,-54.11843],[-37.66286,-54.10409],[-37.67571,-54.10424],[-37.68008,-54.11094],[-37.71511,-54.11312],[-37.71497,-54.11055],[-37.72822,-54.10984],[-37.71914,-54.1024],[-37.72878,-54.10071],[-37.68865,-54.07924],[-37.64667,-54.07906],[-37.64327,-54.07646],[-37.64631,-54.07009],[-37.63883,-54.06565],[-37.60609,-54.05503],[-37.60992,-54.04457],[-37.64587,-54.05023],[-37.6656,-54.05007],[-37.67258,-54.04541],[-37.66282,-54.04415],[-37.66576,-54.04085],[-37.66409,-54.03853],[-37.66774,-54.03319],[-37.67471,-54.03314],[-37.69032,-54.03736],[-37.70076,-54.03601],[-37.70823,-54.04669],[-37.72293,-54.04993],[-37.73238,-54.04695],[-37.73723,-54.05251],[-37.75582,-54.05786],[-37.76215,-54.05859],[-37.76331,-54.05398],[-37.76973,-54.05585],[-37.77725,-54.05332],[-37.77884,-54.04853],[-37.78561,-54.05382],[-37.79371,-54.05166],[-37.79339,-54.05839],[-37.80383,-54.06053],[-37.8069,-54.05986],[-37.80366,-54.05606],[-37.80684,-54.05425],[-37.82209,-54.05317],[-37.82293,-54.04771],[-37.81036,-54.04069],[-37.81993,-54.03539],[-37.82427,-54.03697],[-37.82508,-54.04082],[-37.83553,-54.04451],[-37.83721,-54.04866],[-37.84602,-54.04898],[-37.84793,-54.05247],[-37.86228,-54.05597],[-37.86693,-54.06052],[-37.88222,-54.05349],[-37.9026,-54.05861],[-37.90222,-54.05574],[-37.9099,-54.05411],[-37.91434,-54.04884],[-37.91625,-54.05215],[-37.92839,-54.05163],[-37.92124,-54.04762],[-37.94414,-54.04683],[-37.94016,-54.04378],[-37.94195,-54.04016],[-37.94559,-54.04296],[-37.96248,-54.03356],[-37.96805,-54.03573],[-37.96475,-54.04368],[-37.96661,-54.04688],[-37.97911,-54.04946],[-37.98148,-54.0474],[-37.98665,-54.05039],[-37.98516,-54.05452],[-37.97675,-54.05793],[-37.98409,-54.06061],[-37.98916,-54.06706],[-38.00759,-54.07041],[-38.01133,-54.06878],[-37.9987,-54.05971],[-38.00959,-54.05954],[-38.01518,-54.06254],[-38.02158,-54.06075],[-38.00793,-54.05594],[-38.00801,-54.05287],[-38.01305,-54.05393],[-38.01759,-54.05001],[-38.01163,-54.04688],[-38.01201,-54.041],[-38.00272,-54.0379],[-38.00954,-54.0357],[-37.99394,-54.03307],[-37.99463,-54.02792],[-38.00067,-54.02742],[-38.00923,-54.01984],[-38.01976,-54.01582],[-38.0138,-54.0104],[-38.00687,-54.00919],[-38.00068,-54.01362],[-37.99373,-54.01305],[-37.9941,-54.01561],[-37.98313,-54.01975],[-37.97711,-54.01701],[-37.97346,-54.02389],[-37.96521,-54.02331],[-37.96531,-54.02802],[-37.95906,-54.02784],[-37.95693,-54.02349],[-37.96155,-54.02174],[-37.96417,-54.01228],[-37.95215,-54.00629],[-37.91271,-54.0012],[-37.89785,-54.00375],[-37.89225,-54.00191],[-37.88694,-54.00519]]],[[[-36.30187,-54.26371],[-36.30505,-54.26198],[-36.30353,-54.25836],[-36.29957,-54.25879],[-36.30187,-54.26371]]],[[[-36.30896,-54.7531],[-36.30592,-54.75809],[-36.31221,-54.75505],[-36.30896,-54.7531]]],[[[-36.66738,-54.16219],[-36.67033,-54.1602],[-36.66585,-54.15844],[-36.66436,-54.16162],[-36.66738,-54.16219]]],[[[-36.75397,-54.62902],[-36.74601,-54.63053],[-36.75473,-54.63641],[-36.7661,-54.63849],[-36.7661,-54.63451],[-36.75852,-54.63413],[-36.75719,-54.62921],[-36.75397,-54.62902]]],[[[-36.91144,-54.37018],[-36.90802,-54.37283],[-36.9156,-54.37321],[-36.91144,-54.37018]]],[[[-37.06323,-54.48201],[-37.0493,-54.48614],[-37.03214,-54.49739],[-37.01612,-54.49838],[-37.02784,-54.50351],[-37.04289,-54.50256],[-37.05007,-54.50435],[-37.05037,-54.50743],[-37.07655,-54.50759],[-37.07874,-54.51249],[-37.0905,-54.51063],[-37.0962,-54.51372],[-37.09708,-54.51099],[-37.08535,-54.50773],[-37.07648,-54.49965],[-37.09553,-54.497],[-37.10467,-54.48984],[-37.11542,-54.49052],[-37.11226,-54.4874],[-37.11983,-54.47714],[-37.11753,-54.47483],[-37.10466,-54.47808],[-37.09367,-54.47337],[-37.08551,-54.47379],[-37.07776,-54.47515],[-37.07473,-54.47996],[-37.06323,-54.48201]]],[[[-37.07555,-54.33923],[-37.07817,-54.34099],[-37.0853,-54.3382],[-37.07555,-54.33923]]],[[[-37.25973,-54.04437],[-37.25749,-54.04062],[-37.24966,-54.04064],[-37.25973,-54.04437]]],[[[-37.25657,-54.03139],[-37.26311,-54.0311],[-37.26248,-54.02545],[-37.25301,-54.02301],[-37.25657,-54.03139]]],[[[-37.33273,-54.03144],[-37.34557,-54.02573],[-37.3378,-54.02421],[-37.33846,-54.01871],[-37.33147,-54.01938],[-37.32256,-54.02451],[-37.33273,-54.03144]]],[[[-37.4119,-54.16919],[-37.42678,-54.16823],[-37.42294,-54.16587],[-37.4119,-54.16919]]],[[[-37.4953,-53.97607],[-37.49595,-53.97019],[-37.48905,-53.96882],[-37.48892,-53.97241],[-37.4953,-53.97607]]],[[[-37.62034,-54.18982],[-37.62521,-54.18795],[-37.6187,-54.1866],[-37.62034,-54.18982]]],[[[-37.72714,-54.14014],[-37.73159,-54.13712],[-37.7205,-54.13623],[-37.72714,-54.14014]]],[[[-37.7484,-54.14408],[-37.76024,-54.1419],[-37.75735,-54.13662],[-37.73645,-54.13537],[-37.7406,-54.14233],[-37.7484,-54.14408]]],[[[-37.88772,-54.05771],[-37.89461,-54.05948],[-37.89296,-54.05699],[-37.88772,-54.05771]]],[[[-38.07183,-54.02162],[-38.07836,-54.02128],[-38.07498,-54.01677],[-38.07789,-54.01321],[-38.07533,-54.01114],[-38.0765,-54.00705],[-38.06043,-54.00641],[-38.0605,-54.00308],[-38.05318,-54.00008],[-38.01036,-53.99961],[-38.00877,-54.00267],[-38.01527,-54.00336],[-38.02123,-54.00879],[-38.04116,-54.01203],[-38.05469,-54.00996],[-38.05592,-54.01355],[-38.06117,-54.0118],[-38.06021,-54.01615],[-38.07183,-54.02162]]],[[[-38.14126,-54.00881],[-38.14699,-54.00527],[-38.14006,-54.00381],[-38.14126,-54.00881]]],[[[-38.15823,-54.00855],[-38.15917,-54.00522],[-38.16811,-54.00388],[-38.1713,-54.0071],[-38.17837,-54.00139],[-38.165,-53.99604],[-38.16144,-54.00012],[-38.15626,-53.99816],[-38.15157,-54.00453],[-38.15823,-54.00855]]],[[[-38.21676,-54.01829],[-38.23548,-54.01739],[-38.24296,-54.01231],[-38.23476,-54.00919],[-38.2361,-54.00715],[-38.23183,-54.00289],[-38.20797,-53.99979],[-38.19423,-54.00201],[-38.19527,-54.00457],[-38.18915,-54.0062],[-38.18181,-54.00372],[-38.19526,-54.01636],[-38.21676,-54.01829]]]]}},{"type":"Feature","properties":{"ISO_A3":"","WB_A3":"","WB_NAME":"Falkland Islands","WB_REGION":"","STATUS":"non-determined","AREA_ID":"falkland-islands","CLAIMANTS":"GBR,ARG"},"geometry":{"type":"MultiPolygon","coordinates":[[[[-58.92128,-51.29268],[-58.9404,-51.2807],[-58.94183,-51.27581],[-58.96099,-51.26524],[-58.95322,-51.26511],[-58.94651,-51.25599],[-58.96253,-51.24855],[-58.96664,-51.2349],[-58.95811,-51.23581],[-58.94712,-51.24624],[-58.93856,-51.24664],[-58.91887,-51.26414],[-58.90671,-51.26664],[-58.90506,-51.27615],[-58.87873,-51.28171],[-58.87278,-51.28616],[-58.83772,-51.28851],[-58.8313,-51.29143],[-58.82629,-51.2992],[-58.81599,-51.29705],[-58.81548,-51.305],[-58.78976,-51.30591],[-58.78143,-51.31245],[-58.75386,-51.31876],[-58.73992,-51.31794],[-58.73799,-51.31541],[-58.72702,-51.31736],[-58.7242,-51.32407],[-58.72017,-51.32579],[-58.70596,-51.32856],[-58.68996,-51.32739],[-58.68843,-51.33023],[-58.67385,-51.33428],[-58.66111,-51.33267],[-58.65934,-51.3291],[-58.64747,-51.32876],[-58.64074,-51.32373],[-58.63198,-51.33051],[-58.62824,-51.34043],[-58.63436,-51.33996],[-58.63734,-51.343],[-58.61741,-51.35814],[-58.57774,-51.3474],[-58.5761,-51.35306],[-58.57847,-51.35662],[-58.57375,-51.35617],[-58.57317,-51.34542],[-58.58139,-51.34044],[-58.57774,-51.33536],[-58.57884,-51.33176],[-58.57468,-51.32976],[-58.58135,-51.32736],[-58.57995,-51.3343],[-58.58455,-51.34296],[-58.59559,-51.34293],[-58.61672,-51.35033],[-58.62264,-51.3441],[-58.62753,-51.34339],[-58.61976,-51.3376],[-58.62763,-51.32314],[-58.6256,-51.31779],[-58.63508,-51.31407],[-58.62443,-51.3137],[-58.62423,-51.3196],[-58.60795,-51.32175],[-58.58347,-51.3117],[-58.58025,-51.30713],[-58.58264,-51.29941],[-58.57195,-51.29776],[-58.561,-51.30021],[-58.55909,-51.30434],[-58.55214,-51.30418],[-58.52933,-51.29448],[-58.52508,-51.30197],[-58.50694,-51.30989],[-58.49043,-51.30511],[-58.4803,-51.30793],[-58.46445,-51.29839],[-58.4615,-51.30201],[-58.46487,-51.31145],[-58.45996,-51.31126],[-58.45586,-51.31532],[-58.44289,-51.31467],[-58.43446,-51.3199],[-58.41307,-51.3158],[-58.40703,-51.31882],[-58.40436,-51.32526],[-58.39762,-51.3256],[-58.39476,-51.3323],[-58.37716,-51.33199],[-58.37899,-51.33864],[-58.38486,-51.34344],[-58.38128,-51.34681],[-58.36914,-51.35144],[-58.36739,-51.34749],[-58.36332,-51.3483],[-58.36571,-51.35289],[-58.35218,-51.35907],[-58.34038,-51.35446],[-58.33914,-51.36114],[-58.3476,-51.36361],[-58.34192,-51.37213],[-58.33423,-51.37529],[-58.33116,-51.3825],[-58.33296,-51.38799],[-58.34492,-51.39067],[-58.35012,-51.38664],[-58.3551,-51.38876],[-58.33446,-51.39233],[-58.31391,-51.41653],[-58.3284,-51.42841],[-58.31806,-51.42956],[-58.32523,-51.43644],[-58.35603,-51.43411],[-58.35657,-51.43834],[-58.35124,-51.4384],[-58.35255,-51.44095],[-58.3326,-51.43912],[-58.34201,-51.44542],[-58.33866,-51.45008],[-58.34189,-51.45516],[-58.34805,-51.45548],[-58.34907,-51.46226],[-58.36586,-51.46104],[-58.3598,-51.45752],[-58.35901,-51.45164],[-58.37188,-51.44969],[-58.36947,-51.44459],[-58.36554,-51.44361],[-58.36703,-51.43847],[-58.37259,-51.43918],[-58.36897,-51.44165],[-58.3769,-51.4463],[-58.39316,-51.44162],[-58.39449,-51.44481],[-58.40388,-51.44329],[-58.44428,-51.44997],[-58.45347,-51.45537],[-58.47349,-51.43359],[-58.47097,-51.41902],[-58.47842,-51.40842],[-58.47838,-51.40098],[-58.49467,-51.39796],[-58.50516,-51.42422],[-58.51758,-51.42175],[-58.51787,-51.41816],[-58.51411,-51.4159],[-58.52051,-51.41121],[-58.52037,-51.40685],[-58.51402,-51.40694],[-58.48914,-51.38521],[-58.50396,-51.38131],[-58.52604,-51.40499],[-58.53764,-51.40855],[-58.54876,-51.40418],[-58.54518,-51.40127],[-58.55337,-51.40129],[-58.55574,-51.4046],[-58.52956,-51.41199],[-58.54156,-51.41567],[-58.54329,-51.41809],[-58.53659,-51.42023],[-58.58997,-51.4404],[-58.52667,-51.42381],[-58.52221,-51.42528],[-58.52276,-51.42938],[-58.53499,-51.43357],[-58.5425,-51.43117],[-58.5625,-51.44064],[-58.5652,-51.44778],[-58.56973,-51.44823],[-58.5704,-51.44387],[-58.57909,-51.44606],[-58.59119,-51.45205],[-58.5914,-51.45794],[-58.60962,-51.46281],[-58.5911,-51.46127],[-58.58918,-51.4531],[-58.5721,-51.44551],[-58.57226,-51.45012],[-58.55543,-51.44971],[-58.55568,-51.44509],[-58.56101,-51.44502],[-58.55756,-51.4402],[-58.55181,-51.43976],[-58.54194,-51.43297],[-58.53816,-51.43648],[-58.52911,-51.43557],[-58.5166,-51.42907],[-58.516,-51.43587],[-58.51981,-51.43941],[-58.53172,-51.43989],[-58.54009,-51.44491],[-58.52077,-51.44375],[-58.5064,-51.43702],[-58.51322,-51.44462],[-58.51298,-51.44975],[-58.50239,-51.45219],[-58.5039,-51.45448],[-58.51008,-51.45517],[-58.51641,-51.46047],[-58.53098,-51.45451],[-58.538,-51.45609],[-58.52311,-51.45859],[-58.52543,-51.46048],[-58.52292,-51.4714],[-58.53241,-51.47282],[-58.53234,-51.47064],[-58.54297,-51.4696],[-58.55054,-51.47501],[-58.53171,-51.47642],[-58.53201,-51.47923],[-58.52698,-51.48212],[-58.52327,-51.48191],[-58.52164,-51.47603],[-58.51351,-51.47845],[-58.51221,-51.48256],[-58.52292,-51.48358],[-58.52679,-51.48878],[-58.53712,-51.49095],[-58.52693,-51.49903],[-58.53159,-51.50948],[-58.52693,-51.51133],[-58.52533,-51.50674],[-58.51264,-51.50152],[-58.5131,-51.4969],[-58.52456,-51.49573],[-58.51887,-51.4853],[-58.51465,-51.48791],[-58.51539,-51.49162],[-58.50882,-51.4917],[-58.50824,-51.48646],[-58.50244,-51.485],[-58.50212,-51.48141],[-58.49326,-51.48037],[-58.49164,-51.46848],[-58.474,-51.46844],[-58.47491,-51.47766],[-58.46728,-51.4766],[-58.46592,-51.47905],[-58.46951,-51.48221],[-58.46648,-51.48366],[-58.46885,-51.48722],[-58.44357,-51.47292],[-58.44617,-51.47084],[-58.43785,-51.46735],[-58.42517,-51.46866],[-58.4343,-51.47175],[-58.43397,-51.48098],[-58.4259,-51.47878],[-58.42242,-51.4924],[-58.4086,-51.49],[-58.41272,-51.49713],[-58.40937,-51.50178],[-58.41752,-51.5063],[-58.41667,-51.5122],[-58.42165,-51.51368],[-58.42684,-51.52208],[-58.43261,-51.52277],[-58.43039,-51.53049],[-58.4223,-51.53456],[-58.42885,-51.53859],[-58.42581,-51.54182],[-58.42962,-51.54536],[-58.44907,-51.54587],[-58.43887,-51.55191],[-58.4325,-51.55174],[-58.43226,-51.55738],[-58.42198,-51.56378],[-58.41619,-51.56282],[-58.41386,-51.56067],[-58.41824,-51.55601],[-58.41788,-51.55102],[-58.4092,-51.54945],[-58.41065,-51.53662],[-58.40631,-51.53565],[-58.40805,-51.53204],[-58.40443,-51.52798],[-58.39546,-51.53027],[-58.3938,-51.53657],[-58.38162,-51.53864],[-58.38969,-51.54328],[-58.389,-51.54765],[-58.39214,-51.5494],[-58.3892,-51.55177],[-58.37003,-51.54543],[-58.36751,-51.55046],[-58.37606,-51.55459],[-58.37614,-51.55728],[-58.37039,-51.5576],[-58.37953,-51.56057],[-58.38213,-51.56502],[-58.35564,-51.55918],[-58.3491,-51.56054],[-58.35165,-51.57038],[-58.32687,-51.56656],[-58.32659,-51.564],[-58.33559,-51.56236],[-58.3448,-51.55418],[-58.33793,-51.55106],[-58.32623,-51.5517],[-58.3299,-51.54346],[-58.32707,-51.53811],[-58.31035,-51.54278],[-58.30664,-51.55679],[-58.30049,-51.55712],[-58.30032,-51.55135],[-58.29228,-51.55054],[-58.29051,-51.55338],[-58.27516,-51.5556],[-58.27962,-51.56081],[-58.27851,-51.56505],[-58.26734,-51.56273],[-58.26331,-51.56547],[-58.26243,-51.57086],[-58.26645,-51.57517],[-58.27916,-51.5735],[-58.27472,-51.57662],[-58.27845,-51.5776],[-58.27751,-51.58069],[-58.2632,-51.58392],[-58.26429,-51.58622],[-58.27127,-51.58563],[-58.26305,-51.5934],[-58.28503,-51.59214],[-58.28597,-51.59623],[-58.30349,-51.60449],[-58.30421,-51.60833],[-58.28395,-51.59766],[-58.26922,-51.60077],[-58.26895,-51.60564],[-58.26301,-51.60673],[-58.26561,-51.61132],[-58.26258,-51.61366],[-58.2527,-51.61338],[-58.25115,-51.61685],[-58.27144,-51.62138],[-58.25663,-51.62153],[-58.25821,-51.6342],[-58.26326,-51.63787],[-58.25832,-51.63792],[-58.25696,-51.64088],[-58.26206,-51.65415],[-58.25055,-51.64761],[-58.25336,-51.63733],[-58.25081,-51.63441],[-58.2534,-51.63144],[-58.25042,-51.62788],[-58.25344,-51.62541],[-58.25128,-51.62185],[-58.24426,-51.62077],[-58.23902,-51.62505],[-58.24001,-51.63132],[-58.23305,-51.63255],[-58.23958,-51.63799],[-58.23621,-51.64289],[-58.22151,-51.64753],[-58.2208,-51.65203],[-58.22576,-51.65249],[-58.22499,-51.65454],[-58.21512,-51.65516],[-58.21461,-51.65132],[-58.20773,-51.64832],[-58.21488,-51.64606],[-58.21273,-51.64288],[-58.19098,-51.6458],[-58.18064,-51.64411],[-58.1824,-51.64063],[-58.19369,-51.63923],[-58.20034,-51.6416],[-58.21668,-51.63656],[-58.21658,-51.63285],[-58.20524,-51.6322],[-58.20621,-51.63001],[-58.22146,-51.63049],[-58.22752,-51.6262],[-58.21391,-51.62544],[-58.21426,-51.62301],[-58.23032,-51.62322],[-58.23766,-51.62033],[-58.24237,-51.61208],[-58.23918,-51.60827],[-58.24463,-51.60424],[-58.25971,-51.60119],[-58.25711,-51.59436],[-58.25092,-51.59379],[-58.25298,-51.58634],[-58.23427,-51.58641],[-58.23234,-51.59117],[-58.22452,-51.59099],[-58.19238,-51.60516],[-58.17309,-51.60715],[-58.17052,-51.6032],[-58.18397,-51.59807],[-58.18431,-51.59551],[-58.1986,-51.59126],[-58.20057,-51.58791],[-58.20919,-51.58718],[-58.20705,-51.58387],[-58.19346,-51.5835],[-58.19258,-51.5812],[-58.21848,-51.58068],[-58.24093,-51.57416],[-58.23795,-51.57048],[-58.22889,-51.57019],[-58.22281,-51.56564],[-58.24592,-51.5613],[-58.24745,-51.55718],[-58.26129,-51.55203],[-58.24355,-51.54966],[-58.24839,-51.54641],[-58.23676,-51.54204],[-58.2274,-51.54522],[-58.21621,-51.54175],[-58.21814,-51.53711],[-58.20675,-51.53377],[-58.20117,-51.5246],[-58.2485,-51.53539],[-58.27066,-51.53425],[-58.27638,-51.53304],[-58.27178,-51.52283],[-58.26328,-51.52011],[-58.26695,-51.51917],[-58.28079,-51.52914],[-58.29767,-51.5305],[-58.30235,-51.52173],[-58.29693,-51.51871],[-58.29235,-51.50928],[-58.28422,-51.50502],[-58.28383,-51.49861],[-58.28744,-51.4955],[-58.28626,-51.49013],[-58.2985,-51.4873],[-58.30297,-51.50007],[-58.31657,-51.50171],[-58.31473,-51.50929],[-58.3201,-51.51026],[-58.31696,-51.51542],[-58.33313,-51.52062],[-58.33504,-51.51547],[-58.35197,-51.51848],[-58.36375,-51.51424],[-58.36918,-51.51712],[-58.37656,-51.50986],[-58.37062,-51.51057],[-58.37028,-51.49917],[-58.36115,-51.49582],[-58.36159,-51.49005],[-58.37862,-51.48959],[-58.38179,-51.48584],[-58.35406,-51.47822],[-58.34651,-51.47292],[-58.33298,-51.47321],[-58.33809,-51.46546],[-58.3332,-51.45962],[-58.31973,-51.4549],[-58.31806,-51.44445],[-58.29011,-51.42986],[-58.29491,-51.41853],[-58.28635,-51.41273],[-58.28477,-51.40762],[-58.28712,-51.40388],[-58.28221,-51.40406],[-58.2755,-51.39875],[-58.28268,-51.3915],[-58.27402,-51.38954],[-58.26876,-51.39204],[-58.2617,-51.38827],[-58.25147,-51.38876],[-58.25016,-51.3857],[-58.24323,-51.38706],[-58.22962,-51.38361],[-58.20846,-51.38857],[-58.2014,-51.38519],[-58.18541,-51.38445],[-58.1736,-51.38701],[-58.17148,-51.38433],[-58.15999,-51.3833],[-58.1578,-51.37755],[-58.15368,-51.37695],[-58.13786,-51.38274],[-58.12014,-51.3783],[-58.10745,-51.37855],[-58.10182,-51.3827],[-58.06506,-51.36959],[-58.05568,-51.37121],[-58.05337,-51.37751],[-58.03966,-51.37802],[-58.041,-51.37391],[-58.03034,-51.37298],[-58.01957,-51.37691],[-58.02068,-51.38049],[-58.01374,-51.38183],[-58.00347,-51.38038],[-58.0034,-51.37705],[-57.99475,-51.37456],[-57.99479,-51.37674],[-57.98006,-51.37699],[-57.97926,-51.36854],[-57.96615,-51.36814],[-57.9656,-51.37096],[-57.95987,-51.37101],[-57.95057,-51.36699],[-57.94985,-51.36161],[-57.94412,-51.36191],[-57.94503,-51.36639],[-57.93601,-51.36582],[-57.93812,-51.36862],[-57.92749,-51.36935],[-57.90209,-51.3789],[-57.9042,-51.38247],[-57.89995,-51.38481],[-57.895,-51.38293],[-57.89716,-51.38894],[-57.89324,-51.39793],[-57.88718,-51.40208],[-57.85092,-51.41311],[-57.85716,-51.41806],[-57.8548,-51.42346],[-57.86425,-51.42455],[-57.86912,-51.43271],[-57.86499,-51.44197],[-57.85563,-51.44614],[-57.84575,-51.4439],[-57.84101,-51.45393],[-57.84392,-51.45596],[-57.83378,-51.46244],[-57.83961,-51.46701],[-57.83705,-51.47267],[-57.81575,-51.48627],[-57.79358,-51.48604],[-57.7671,-51.49801],[-57.76308,-51.50367],[-57.73982,-51.51253],[-57.77141,-51.51028],[-57.78749,-51.51427],[-57.79149,-51.50758],[-57.85212,-51.49972],[-57.86022,-51.49403],[-57.83957,-51.487],[-57.84081,-51.47623],[-57.84427,-51.47505],[-57.85006,-51.47744],[-57.84994,-51.4818],[-57.85701,-51.48688],[-57.85834,-51.49199],[-57.86643,-51.49642],[-57.89068,-51.49803],[-57.88951,-51.50098],[-57.88028,-51.50182],[-57.87914,-51.50644],[-57.87324,-51.50918],[-57.82732,-51.51336],[-57.81623,-51.51331],[-57.81,-51.50963],[-57.8099,-51.51514],[-57.77161,-51.52232],[-57.76306,-51.52699],[-57.76364,-51.53672],[-57.76742,-51.5417],[-57.78474,-51.5453],[-57.82752,-51.54718],[-57.91209,-51.54194],[-57.92024,-51.53855],[-57.95685,-51.54018],[-57.96004,-51.53579],[-57.9756,-51.53323],[-57.98821,-51.5271],[-57.9889,-51.51147],[-57.99271,-51.50746],[-58.00416,-51.50531],[-58.01453,-51.51009],[-58.02519,-51.50897],[-58.03905,-51.50462],[-58.03774,-51.50105],[-58.05058,-51.49683],[-58.07208,-51.49459],[-58.05984,-51.49803],[-58.05909,-51.50111],[-58.05457,-51.5009],[-58.04775,-51.50788],[-58.04203,-51.50921],[-58.0415,-51.5128],[-58.04874,-51.51505],[-58.04228,-51.52023],[-58.0432,-51.52458],[-58.03958,-51.52794],[-58.01716,-51.5357],[-58.03524,-51.53567],[-58.06749,-51.52654],[-58.08473,-51.52612],[-58.09042,-51.52364],[-58.08829,-51.52007],[-58.10546,-51.51683],[-58.09253,-51.52567],[-58.11006,-51.5369],[-58.15988,-51.54104],[-58.16406,-51.54356],[-58.16416,-51.54753],[-58.15362,-51.5534],[-58.10497,-51.56425],[-58.11127,-51.5697],[-58.1207,-51.56884],[-58.11635,-51.57593],[-58.0794,-51.57845],[-58.07646,-51.57617],[-58.10886,-51.57215],[-58.10336,-51.5658],[-58.08772,-51.56543],[-58.08534,-51.56891],[-58.06768,-51.56984],[-58.06892,-51.57893],[-58.06158,-51.59053],[-58.04766,-51.5936],[-58.00407,-51.5945],[-57.98095,-51.59072],[-57.9751,-51.58654],[-57.96494,-51.59239],[-57.94559,-51.59178],[-57.94441,-51.59461],[-57.92064,-51.59928],[-57.88731,-51.59928],[-57.85085,-51.60801],[-57.7835,-51.61655],[-57.76733,-51.62152],[-57.76841,-51.62459],[-57.7631,-51.62719],[-57.76401,-51.63282],[-57.75293,-51.63469],[-57.75462,-51.63724],[-57.74056,-51.63374],[-57.73875,-51.63631],[-57.74311,-51.63859],[-57.72464,-51.64255],[-57.72718,-51.64689],[-57.75965,-51.64246],[-57.75846,-51.64554],[-57.77271,-51.64788],[-57.77381,-51.65198],[-57.76807,-51.6533],[-57.77432,-51.65787],[-57.77923,-51.65566],[-57.78942,-51.66084],[-57.80081,-51.65282],[-57.80217,-51.64833],[-57.81331,-51.64928],[-57.81563,-51.65195],[-57.81382,-51.65453],[-57.80687,-51.65739],[-57.81975,-51.66384],[-57.84451,-51.66558],[-57.84835,-51.67273],[-57.85871,-51.6756],[-57.87058,-51.6709],[-57.89199,-51.6701],[-57.90872,-51.6619],[-57.91697,-51.66209],[-57.91677,-51.65236],[-57.93278,-51.64928],[-57.95309,-51.65514],[-57.91973,-51.65605],[-57.91951,-51.66528],[-57.9067,-51.66358],[-57.89548,-51.66931],[-57.90646,-51.67255],[-57.87,-51.67334],[-57.87233,-51.6764],[-57.86573,-51.67619],[-57.86044,-51.67982],[-57.8534,-51.67808],[-57.8312,-51.68131],[-57.91705,-51.68669],[-57.83061,-51.694],[-57.80709,-51.69327],[-57.80043,-51.68947],[-57.80201,-51.686],[-57.82549,-51.68443],[-57.82668,-51.68237],[-57.82045,-51.67959],[-57.82122,-51.67626],[-57.80736,-51.67379],[-57.80662,-51.67841],[-57.79449,-51.68003],[-57.7886,-51.6734],[-57.78365,-51.6728],[-57.76895,-51.68109],[-57.71783,-51.68103],[-57.71663,-51.68335],[-57.73566,-51.68707],[-57.73822,-51.69257],[-57.76954,-51.69185],[-57.77827,-51.69577],[-57.77668,-51.69937],[-57.78457,-51.70226],[-57.80563,-51.70391],[-57.80773,-51.70608],[-57.80451,-51.71045],[-57.81776,-51.71318],[-57.81249,-51.71847],[-57.82322,-51.7184],[-57.82823,-51.72195],[-57.84389,-51.72107],[-57.84653,-51.71836],[-57.85179,-51.72396],[-57.86708,-51.72539],[-57.87006,-51.72985],[-57.95292,-51.726],[-57.9539,-51.73304],[-57.99764,-51.73268],[-58.01028,-51.73526],[-58.00025,-51.73906],[-57.97082,-51.73605],[-57.96908,-51.73811],[-57.95806,-51.7348],[-57.94115,-51.73507],[-57.93296,-51.73846],[-57.85826,-51.73865],[-57.85995,-51.74081],[-57.88003,-51.744],[-57.87992,-51.74622],[-57.93762,-51.74406],[-57.93892,-51.74738],[-57.97201,-51.75019],[-57.97005,-51.75495],[-58.01017,-51.75794],[-58.04896,-51.7567],[-58.05097,-51.75464],[-58.04681,-51.75314],[-58.04801,-51.75133],[-58.05362,-51.75308],[-58.05393,-51.75756],[-58.06346,-51.75888],[-58.0681,-51.76319],[-58.06988,-51.76856],[-58.06376,-51.77156],[-58.15654,-51.76543],[-58.15687,-51.76197],[-58.16403,-51.75947],[-58.15938,-51.75541],[-58.16451,-51.75395],[-58.16233,-51.74949],[-58.15653,-51.74878],[-58.15722,-51.74364],[-58.15224,-51.74267],[-58.15259,-51.74023],[-58.17079,-51.74146],[-58.16775,-51.74354],[-58.16885,-51.74635],[-58.17633,-51.74832],[-58.16439,-51.74947],[-58.16529,-51.76022],[-58.18201,-51.76018],[-58.17759,-51.75677],[-58.1885,-51.75589],[-58.1926,-51.76251],[-58.19043,-51.76612],[-58.20821,-51.76722],[-58.2131,-51.76461],[-58.20831,-51.76312],[-58.21212,-51.75885],[-58.22623,-51.7614],[-58.23237,-51.75928],[-58.23349,-51.75517],[-58.26387,-51.7487],[-58.2833,-51.74951],[-58.2813,-51.75197],[-58.26645,-51.75238],[-58.25837,-51.75875],[-58.2348,-51.75759],[-58.24361,-51.76249],[-58.2408,-51.7656],[-58.22468,-51.76526],[-58.22521,-51.76935],[-58.21829,-51.77339],[-58.20142,-51.77575],[-58.20024,-51.77781],[-58.22134,-51.779],[-58.22471,-51.78166],[-58.21324,-51.78511],[-58.16807,-51.77993],[-58.14461,-51.78349],[-58.14425,-51.7858],[-58.1174,-51.78593],[-58.11252,-51.78931],[-58.13513,-51.79281],[-58.11602,-51.79761],[-58.18784,-51.79357],[-58.22015,-51.79631],[-58.23157,-51.79068],[-58.23083,-51.7966],[-58.23426,-51.79834],[-58.24304,-51.79453],[-58.24833,-51.79896],[-58.25947,-51.7982],[-58.25665,-51.8008],[-58.25884,-51.80526],[-58.26956,-51.80437],[-58.27151,-51.80038],[-58.28145,-51.80104],[-58.28652,-51.812],[-58.29549,-51.81472],[-58.29735,-51.82214],[-58.3764,-51.82406],[-58.33884,-51.82654],[-58.33895,-51.83038],[-58.33328,-51.83429],[-58.32258,-51.83621],[-58.30593,-51.8328],[-58.30662,-51.82793],[-58.28679,-51.82866],[-58.2941,-51.82397],[-58.29258,-51.81424],[-58.28427,-51.81305],[-58.28038,-51.80707],[-58.25521,-51.80863],[-58.25384,-51.8039],[-58.20822,-51.81386],[-58.16691,-51.81517],[-58.18872,-51.82687],[-58.23594,-51.82946],[-58.23536,-51.83869],[-58.22545,-51.83931],[-58.21362,-51.84532],[-58.21645,-51.85068],[-58.21328,-51.85609],[-58.21576,-51.86362],[-58.23482,-51.86432],[-58.23618,-51.86867],[-58.24249,-51.87219],[-58.25643,-51.86743],[-58.23011,-51.85848],[-58.2252,-51.84533],[-58.24254,-51.84387],[-58.24387,-51.84719],[-58.26395,-51.85492],[-58.26545,-51.84965],[-58.27373,-51.84969],[-58.27563,-51.85108],[-58.26959,-51.85703],[-58.28909,-51.85862],[-58.28484,-51.86199],[-58.27776,-51.86041],[-58.27786,-51.86399],[-58.31607,-51.86831],[-58.30908,-51.87018],[-58.31228,-51.8804],[-58.30387,-51.88305],[-58.31357,-51.88218],[-58.31761,-51.87867],[-58.3313,-51.87942],[-58.33387,-51.88246],[-58.34546,-51.8822],[-58.37508,-51.88955],[-58.3875,-51.89594],[-58.39437,-51.9038],[-58.39827,-51.91593],[-58.40737,-51.91543],[-58.41088,-51.92167],[-58.42129,-51.92334],[-58.45038,-51.9258],[-58.46479,-51.92255],[-58.46663,-51.91548],[-58.47176,-51.91388],[-58.46268,-51.90874],[-58.44035,-51.91029],[-58.42628,-51.91726],[-58.43565,-51.91855],[-58.43446,-51.92036],[-58.42407,-51.91946],[-58.41927,-51.91183],[-58.40027,-51.91372],[-58.39865,-51.90836],[-58.42693,-51.90507],[-58.40123,-51.90449],[-58.40051,-51.90142],[-58.45743,-51.90009],[-58.45648,-51.90279],[-58.46129,-51.90414],[-58.48596,-51.89858],[-58.48296,-51.89541],[-58.47596,-51.89665],[-58.4762,-51.89153],[-58.50031,-51.89404],[-58.50788,-51.89138],[-58.50485,-51.88732],[-58.50787,-51.88497],[-58.52236,-51.88496],[-58.53771,-51.87963],[-58.53672,-51.86775],[-58.55727,-51.85549],[-58.54873,-51.855],[-58.55096,-51.85277],[-58.54935,-51.84708],[-58.56198,-51.84646],[-58.5517,-51.85042],[-58.55504,-51.85388],[-58.56148,-51.85401],[-58.56111,-51.85946],[-58.54105,-51.86825],[-58.53845,-51.87382],[-58.54006,-51.88001],[-58.53573,-51.88273],[-58.51976,-51.88768],[-58.50999,-51.88623],[-58.51123,-51.89236],[-58.52149,-51.89569],[-58.53117,-51.89415],[-58.53212,-51.89158],[-58.55278,-51.89016],[-58.57192,-51.89259],[-58.55715,-51.89689],[-58.55814,-51.90136],[-58.56499,-51.90191],[-58.56416,-51.90794],[-58.5689,-51.90698],[-58.56748,-51.90213],[-58.57217,-51.89976],[-58.57681,-51.90239],[-58.59338,-51.9023],[-58.59607,-51.89637],[-58.60492,-51.90048],[-58.62225,-51.8987],[-58.62977,-51.90039],[-58.6304,-51.90628],[-58.63907,-51.90539],[-58.6427,-51.90265],[-58.63993,-51.89487],[-58.65979,-51.89984],[-58.66031,-51.90291],[-58.67757,-51.90459],[-58.6833,-51.90284],[-58.68692,-51.89433],[-58.68537,-51.89153],[-58.66808,-51.89447],[-58.65957,-51.88844],[-58.64838,-51.88821],[-58.64109,-51.89267],[-58.63627,-51.8912],[-58.63799,-51.88721],[-58.65119,-51.88574],[-58.66777,-51.88615],[-58.66591,-51.89181],[-58.68999,-51.88788],[-58.69085,-51.89427],[-58.69583,-51.89446],[-58.7338,-51.89083],[-58.73077,-51.88742],[-58.743,-51.88237],[-58.73985,-51.88677],[-58.74939,-51.89239],[-58.74832,-51.89677],[-58.75445,-51.89988],[-58.77458,-51.89573],[-58.77736,-51.89274],[-58.78367,-51.89508],[-58.78633,-51.88902],[-58.80869,-51.88381],[-58.80673,-51.88128],[-58.81161,-51.87915],[-58.80413,-51.8785],[-58.80486,-51.87605],[-58.81584,-51.87114],[-58.83448,-51.87124],[-58.85494,-51.86541],[-58.85278,-51.85327],[-58.83604,-51.85878],[-58.81826,-51.85931],[-58.82185,-51.85593],[-58.83885,-51.85669],[-58.8474,-51.85322],[-58.84802,-51.84809],[-58.86324,-51.84592],[-58.87658,-51.83828],[-58.87666,-51.84533],[-58.8876,-51.84464],[-58.88727,-51.84669],[-58.87581,-51.84983],[-58.87275,-51.8459],[-58.86611,-51.84524],[-58.86381,-51.84963],[-58.85646,-51.85205],[-58.85765,-51.86101],[-58.8656,-51.86306],[-58.89387,-51.85607],[-58.89709,-51.85397],[-58.89491,-51.85119],[-58.90728,-51.85022],[-58.9145,-51.84472],[-58.93174,-51.84149],[-58.92936,-51.83909],[-58.93106,-51.83061],[-58.93563,-51.82618],[-58.9382,-51.81383],[-58.94776,-51.80522],[-58.93983,-51.78907],[-58.94885,-51.78739],[-58.9524,-51.78822],[-58.94895,-51.7993],[-58.96471,-51.80058],[-58.96565,-51.80312],[-58.95612,-51.80738],[-58.97202,-51.82608],[-58.966,-51.83016],[-58.97421,-51.82887],[-58.98315,-51.83922],[-58.98437,-51.84356],[-58.97819,-51.84418],[-58.97154,-51.83865],[-58.96724,-51.83975],[-58.97318,-51.84298],[-58.97605,-51.84729],[-58.97288,-51.85042],[-58.97823,-51.85443],[-58.98453,-51.85663],[-58.99059,-51.85319],[-59.00564,-51.85665],[-59.01512,-51.85559],[-59.0186,-51.85028],[-59.03678,-51.85881],[-59.06105,-51.85992],[-59.06177,-51.8576],[-59.08734,-51.85562],[-59.08219,-51.85161],[-59.08149,-51.84547],[-59.09179,-51.84016],[-59.09679,-51.84071],[-59.10051,-51.84513],[-59.0906,-51.85018],[-59.0934,-51.85243],[-59.09163,-51.85451],[-59.09882,-51.85785],[-59.1012,-51.86447],[-59.10898,-51.8715],[-59.12801,-51.8742],[-59.12839,-51.87923],[-59.11832,-51.87633],[-59.117,-51.88353],[-59.11418,-51.88077],[-59.11629,-51.87714],[-59.10666,-51.87501],[-59.09182,-51.85861],[-59.06447,-51.85781],[-59.06235,-51.86118],[-59.04232,-51.86217],[-59.02327,-51.85289],[-59.00659,-51.85933],[-59.0092,-51.86672],[-59.00198,-51.86274],[-59.00278,-51.85734],[-58.99402,-51.85583],[-58.9721,-51.86568],[-58.96085,-51.86407],[-58.96187,-51.86854],[-58.95511,-51.8748],[-58.90945,-51.88196],[-58.90508,-51.88639],[-58.90898,-51.89042],[-58.89759,-51.89522],[-58.89413,-51.90169],[-58.87391,-51.90355],[-58.85312,-51.91182],[-58.84399,-51.91145],[-58.84411,-51.91452],[-58.82026,-51.91912],[-58.79878,-51.93013],[-58.76121,-51.93566],[-58.7917,-51.94071],[-58.78822,-51.94704],[-58.80181,-51.94478],[-58.79866,-51.93855],[-58.80623,-51.94112],[-58.81225,-51.93629],[-58.81767,-51.93685],[-58.824,-51.92957],[-58.82854,-51.92899],[-58.82723,-51.92222],[-58.83234,-51.9206],[-58.8364,-51.92361],[-58.8389,-51.91871],[-58.86683,-51.92275],[-58.89447,-51.91962],[-58.89483,-51.9232],[-58.87827,-51.92872],[-58.84153,-51.9325],[-58.8402,-51.93534],[-58.85076,-51.93505],[-58.85343,-51.93949],[-58.83518,-51.93939],[-58.83708,-51.93514],[-58.8321,-51.93496],[-58.82373,-51.94329],[-58.81214,-51.94372],[-58.80368,-51.95],[-58.8125,-51.95067],[-58.81434,-51.95343],[-58.80579,-51.95306],[-58.80426,-51.95823],[-58.79988,-51.95852],[-58.79467,-51.95283],[-58.7894,-51.95586],[-58.76824,-51.95567],[-58.76623,-51.96262],[-58.77182,-51.96228],[-58.77309,-51.95765],[-58.77916,-51.95909],[-58.77696,-51.96656],[-58.76701,-51.96671],[-58.76133,-51.97525],[-58.75253,-51.96769],[-58.75444,-51.96356],[-58.76004,-51.96348],[-58.75682,-51.96071],[-58.74272,-51.96079],[-58.74673,-51.95463],[-58.73201,-51.95211],[-58.72694,-51.95609],[-58.72326,-51.95108],[-58.69802,-51.9526],[-58.69198,-51.95882],[-58.69381,-51.963],[-58.69086,-51.96603],[-58.68815,-51.96581],[-58.68841,-51.96171],[-58.67563,-51.96394],[-58.67507,-51.95985],[-58.66943,-51.96441],[-58.65355,-51.96131],[-58.65417,-51.96681],[-58.65043,-51.9666],[-58.64942,-51.97303],[-58.64577,-51.97538],[-58.64296,-51.96671],[-58.63508,-51.96682],[-58.63499,-51.96426],[-58.62302,-51.96596],[-58.62314,-51.96929],[-58.62922,-51.971],[-58.6225,-51.97442],[-58.62629,-51.9818],[-58.61687,-51.97937],[-58.61758,-51.97603],[-58.60581,-51.98362],[-58.62198,-51.98878],[-58.61313,-51.99095],[-58.61209,-51.99661],[-58.62978,-51.99859],[-58.623,-52.00288],[-58.61623,-52.00193],[-58.61587,-52.00526],[-58.60515,-52.01156],[-58.59902,-52.01244],[-58.58715,-52.00758],[-58.58437,-52.0091],[-58.59009,-52.01176],[-58.58581,-52.01644],[-58.60958,-52.01932],[-58.61262,-52.02287],[-58.62529,-52.01705],[-58.63031,-52.02378],[-58.63767,-52.02636],[-58.65101,-52.02772],[-58.66045,-52.02438],[-58.67429,-52.02803],[-58.66789,-52.03478],[-58.66525,-52.03072],[-58.64507,-52.03562],[-58.63792,-52.04387],[-58.63762,-52.05044],[-58.65011,-52.05268],[-58.65394,-52.05074],[-58.66262,-52.05485],[-58.66283,-52.06612],[-58.65934,-52.06745],[-58.65651,-52.0753],[-58.65198,-52.07652],[-58.64954,-52.08911],[-58.64417,-52.09021],[-58.65245,-52.10035],[-58.6506,-52.10678],[-58.64065,-52.10769],[-58.63854,-52.11259],[-58.65217,-52.11534],[-58.65695,-52.12079],[-58.65264,-52.13366],[-58.6579,-52.14076],[-58.66169,-52.13635],[-58.66877,-52.13625],[-58.66743,-52.12269],[-58.67855,-52.11958],[-58.68357,-52.12015],[-58.6839,-52.12348],[-58.68877,-52.12546],[-58.69307,-52.1236],[-58.68806,-52.1124],[-58.6834,-52.11016],[-58.68832,-52.10266],[-58.67939,-52.10304],[-58.6785,-52.09614],[-58.67432,-52.09543],[-58.68565,-52.08694],[-58.70149,-52.08786],[-58.7002,-52.08122],[-58.71043,-52.07697],[-58.70515,-52.06936],[-58.71349,-52.06449],[-58.72096,-52.064],[-58.72887,-52.06978],[-58.72934,-52.07644],[-58.73881,-52.07937],[-58.74451,-52.07083],[-58.73857,-52.06784],[-58.73044,-52.05643],[-58.73417,-52.051],[-58.74559,-52.04532],[-58.75305,-52.04469],[-58.76278,-52.04916],[-58.78041,-52.04826],[-58.78449,-52.04102],[-58.78978,-52.03837],[-58.81166,-52.03484],[-58.8134,-52.04698],[-58.80872,-52.04936],[-58.81546,-52.05669],[-58.81783,-52.05371],[-58.84694,-52.05402],[-58.85123,-52.05058],[-58.8565,-52.05387],[-58.86681,-52.04205],[-58.87014,-52.042],[-58.87215,-52.0453],[-58.8822,-52.04719],[-58.87922,-52.05056],[-58.87337,-52.04963],[-58.86783,-52.05638],[-58.86523,-52.06386],[-58.87246,-52.07271],[-58.87037,-52.07736],[-58.8629,-52.07773],[-58.8584,-52.08472],[-58.87361,-52.08525],[-58.87273,-52.07911],[-58.87874,-52.07876],[-58.88146,-52.07411],[-58.8863,-52.07557],[-58.88955,-52.08346],[-58.89812,-52.0846],[-58.90039,-52.08892],[-58.90694,-52.08638],[-58.9095,-52.09774],[-58.91836,-52.10055],[-58.92325,-52.11264],[-58.92845,-52.11743],[-58.9318,-52.11301],[-58.92891,-52.1087],[-58.9376,-52.09319],[-58.94193,-52.0876],[-58.94917,-52.08659],[-58.94471,-52.07],[-58.94861,-52.06904],[-58.95118,-52.06105],[-58.96267,-52.06714],[-58.96194,-52.07894],[-58.96599,-52.08118],[-58.97236,-52.07941],[-58.97434,-52.08668],[-58.9822,-52.08565],[-58.98281,-52.09474],[-58.98772,-52.0976],[-58.98741,-52.08121],[-58.99284,-52.07689],[-58.9904,-52.06898],[-58.99426,-52.06226],[-58.99968,-52.06242],[-58.99972,-52.0587],[-59.00418,-52.05619],[-58.99869,-52.05424],[-59.00276,-52.04776],[-58.98746,-52.04482],[-59.00058,-52.04088],[-59.01327,-52.04566],[-59.01714,-52.04393],[-59.01399,-52.0386],[-59.01928,-52.02698],[-59.01844,-52.02225],[-59.02581,-52.0243],[-59.02915,-52.02924],[-59.03574,-52.0281],[-59.03939,-52.03073],[-59.04445,-52.04141],[-59.06789,-52.03151],[-59.07101,-52.0271],[-59.06536,-52.02618],[-59.06522,-52.0231],[-59.07031,-52.01635],[-59.07749,-52.01456],[-59.09424,-52.02182],[-59.08737,-52.02605],[-59.10106,-52.0299],[-59.11703,-52.01629],[-59.11106,-52.0041],[-59.12111,-52.00596],[-59.11841,-52.0014],[-59.12038,-51.99931],[-59.12922,-52.00185],[-59.13946,-51.99436],[-59.13493,-51.98214],[-59.13976,-51.98333],[-59.14886,-51.99572],[-59.15757,-51.99556],[-59.15692,-51.99071],[-59.16184,-51.98933],[-59.16339,-51.99571],[-59.15926,-51.99605],[-59.15784,-52.0012],[-59.16559,-52.01105],[-59.17087,-52.01287],[-59.21113,-52.01251],[-59.23336,-52.00837],[-59.23473,-52.01091],[-59.24071,-52.01016],[-59.24372,-51.99959],[-59.24817,-51.99733],[-59.25478,-51.99947],[-59.25389,-51.99555],[-59.25758,-51.99458],[-59.26925,-51.99961],[-59.26968,-52.00396],[-59.28297,-52.01216],[-59.31082,-52.01252],[-59.30347,-52.01497],[-59.28428,-52.01342],[-59.28164,-52.01595],[-59.29621,-52.02728],[-59.29274,-52.02863],[-59.27899,-52.01557],[-59.27273,-52.01493],[-59.26776,-52.00708],[-59.26401,-52.00689],[-59.26465,-52.01124],[-59.25256,-52.01044],[-59.24619,-52.01582],[-59.23797,-52.01764],[-59.197,-52.02072],[-59.19941,-52.02759],[-59.18838,-52.02703],[-59.19074,-52.03288],[-59.18854,-52.04317],[-59.20171,-52.04895],[-59.20959,-52.04868],[-59.20856,-52.05305],[-59.19977,-52.05168],[-59.19718,-52.05403],[-59.19776,-52.06171],[-59.18908,-52.06264],[-59.19348,-52.06769],[-59.17531,-52.06162],[-59.16965,-52.05647],[-59.16445,-52.06066],[-59.16487,-52.05207],[-59.16025,-52.05113],[-59.15901,-52.04705],[-59.14719,-52.04317],[-59.14415,-52.03605],[-59.13416,-52.03571],[-59.13262,-52.04266],[-59.14792,-52.04982],[-59.14868,-52.05698],[-59.14176,-52.05992],[-59.14175,-52.05557],[-59.13634,-52.05541],[-59.13581,-52.06157],[-59.12509,-52.06356],[-59.12002,-52.07057],[-59.09959,-52.07837],[-59.13945,-52.08559],[-59.1396,-52.09302],[-59.1557,-52.09478],[-59.15164,-52.10562],[-59.1325,-52.097],[-59.12233,-52.10192],[-59.11821,-52.09828],[-59.1145,-52.09911],[-59.116,-52.10883],[-59.10771,-52.10949],[-59.09683,-52.09943],[-59.08502,-52.10489],[-59.06903,-52.1012],[-59.06726,-52.10328],[-59.06868,-52.1071],[-59.07587,-52.10954],[-59.07372,-52.11838],[-59.08271,-52.11788],[-59.10601,-52.12643],[-59.1109,-52.11532],[-59.13747,-52.13996],[-59.15113,-52.13817],[-59.1584,-52.14201],[-59.1556,-52.14437],[-59.14345,-52.14293],[-59.14823,-52.1472],[-59.14689,-52.15389],[-59.15169,-52.15841],[-59.12382,-52.15072],[-59.10876,-52.13612],[-59.10596,-52.13848],[-59.10975,-52.14379],[-59.10144,-52.14881],[-59.11178,-52.16029],[-59.10512,-52.1604],[-59.0965,-52.15441],[-59.09075,-52.15618],[-59.08839,-52.15032],[-59.08173,-52.15044],[-59.07446,-52.1375],[-59.07071,-52.13731],[-59.06921,-52.14105],[-59.0567,-52.14076],[-59.0511,-52.13663],[-59.0239,-52.14299],[-59.02767,-52.14805],[-59.02533,-52.15616],[-59.04327,-52.15662],[-59.0459,-52.15952],[-59.03988,-52.1645],[-59.04164,-52.16665],[-59.07215,-52.16829],[-59.07207,-52.17573],[-59.05939,-52.18082],[-59.07084,-52.18497],[-59.08606,-52.1806],[-59.08995,-52.18797],[-59.09773,-52.18937],[-59.10232,-52.19826],[-59.09578,-52.20106],[-59.08828,-52.19697],[-59.08878,-52.20747],[-59.09416,-52.21109],[-59.08846,-52.21401],[-59.08265,-52.20578],[-59.07783,-52.20535],[-59.0759,-52.19975],[-59.05523,-52.19909],[-59.04956,-52.20277],[-59.03852,-52.19848],[-59.03395,-52.19894],[-59.03421,-52.20458],[-59.02496,-52.20307],[-59.02153,-52.20556],[-59.02479,-52.20845],[-59.0355,-52.20545],[-59.05384,-52.21884],[-59.04805,-52.22433],[-59.05446,-52.23216],[-59.05023,-52.23556],[-59.04394,-52.2349],[-59.02697,-52.22879],[-59.02624,-52.23111],[-59.0425,-52.2398],[-59.05045,-52.2403],[-59.05061,-52.24363],[-59.02723,-52.24365],[-59.01358,-52.25106],[-59.01237,-52.25659],[-59.0264,-52.2575],[-59.0293,-52.25258],[-59.03679,-52.25194],[-59.03955,-52.24831],[-59.0546,-52.24868],[-59.05932,-52.24245],[-59.06731,-52.24385],[-59.06264,-52.23304],[-59.07196,-52.23595],[-59.09138,-52.23189],[-59.09525,-52.23862],[-59.10227,-52.24144],[-59.10612,-52.23894],[-59.10481,-52.23332],[-59.11582,-52.22787],[-59.12376,-52.22824],[-59.12765,-52.22228],[-59.14989,-52.22469],[-59.15023,-52.21443],[-59.15673,-52.21521],[-59.15713,-52.21046],[-59.17322,-52.21542],[-59.17883,-52.21071],[-59.19471,-52.21118],[-59.19975,-52.20353],[-59.2046,-52.20459],[-59.20416,-52.21254],[-59.20704,-52.21582],[-59.21374,-52.21646],[-59.21076,-52.21934],[-59.21408,-52.22325],[-59.22684,-52.2239],[-59.22786,-52.21517],[-59.23841,-52.21754],[-59.24077,-52.21467],[-59.23071,-52.21358],[-59.23174,-52.20933],[-59.24223,-52.21054],[-59.24079,-52.20673],[-59.25126,-52.19935],[-59.24961,-52.19144],[-59.25901,-52.19177],[-59.25852,-52.18627],[-59.24875,-52.19081],[-59.24503,-52.18742],[-59.25089,-52.17962],[-59.24828,-52.17327],[-59.25071,-52.17194],[-59.25821,-52.17192],[-59.26303,-52.17644],[-59.26674,-52.1756],[-59.26793,-52.16623],[-59.2741,-52.16457],[-59.28362,-52.17156],[-59.29483,-52.1625],[-59.29944,-52.16305],[-59.29912,-52.16895],[-59.3081,-52.16929],[-59.31371,-52.18507],[-59.32509,-52.17947],[-59.32265,-52.17259],[-59.32528,-52.171],[-59.32211,-52.1662],[-59.29888,-52.16037],[-59.29027,-52.14683],[-59.29143,-52.14091],[-59.32655,-52.15547],[-59.34021,-52.15379],[-59.35018,-52.16103],[-59.35739,-52.14371],[-59.35731,-52.13833],[-59.35325,-52.13636],[-59.35709,-52.13014],[-59.35909,-52.13266],[-59.36507,-52.13151],[-59.36377,-52.12667],[-59.36822,-52.12812],[-59.36783,-52.13248],[-59.37327,-52.13289],[-59.36933,-52.14501],[-59.38233,-52.13885],[-59.38905,-52.13987],[-59.39478,-52.13796],[-59.39123,-52.12996],[-59.40647,-52.11543],[-59.40429,-52.12124],[-59.40753,-52.12732],[-59.40008,-52.13593],[-59.40054,-52.14822],[-59.39519,-52.15346],[-59.38034,-52.15619],[-59.38838,-52.15859],[-59.39786,-52.15661],[-59.40899,-52.16202],[-59.41396,-52.16153],[-59.41842,-52.15529],[-59.41412,-52.14128],[-59.43234,-52.13937],[-59.43367,-52.13319],[-59.45254,-52.12793],[-59.44164,-52.13418],[-59.4518,-52.13717],[-59.45241,-52.14075],[-59.43863,-52.14014],[-59.44183,-52.14533],[-59.4353,-52.14777],[-59.43515,-52.15264],[-59.44638,-52.15997],[-59.46197,-52.15554],[-59.46774,-52.15811],[-59.47214,-52.16597],[-59.45269,-52.16099],[-59.44835,-52.16544],[-59.43002,-52.16556],[-59.41936,-52.16886],[-59.41634,-52.17456],[-59.40329,-52.17226],[-59.39761,-52.17904],[-59.40427,-52.18659],[-59.40911,-52.18739],[-59.41794,-52.18106],[-59.44344,-52.18989],[-59.4528,-52.18944],[-59.45272,-52.19175],[-59.42474,-52.19117],[-59.42217,-52.19366],[-59.43543,-52.19979],[-59.42743,-52.20611],[-59.45339,-52.21915],[-59.45188,-52.22201],[-59.42863,-52.21659],[-59.4257,-52.21255],[-59.43219,-52.21306],[-59.42741,-52.20957],[-59.42,-52.21126],[-59.41164,-52.2072],[-59.40358,-52.21249],[-59.4193,-52.21755],[-59.41673,-52.22017],[-59.42726,-52.22969],[-59.4299,-52.23989],[-59.38293,-52.2124],[-59.38304,-52.20676],[-59.37794,-52.20494],[-59.36727,-52.20836],[-59.36384,-52.21432],[-59.33767,-52.20869],[-59.32891,-52.21271],[-59.33053,-52.21562],[-59.36035,-52.21939],[-59.36605,-52.22453],[-59.38764,-52.2264],[-59.38683,-52.23064],[-59.36804,-52.23448],[-59.36641,-52.23926],[-59.35585,-52.23678],[-59.35272,-52.24081],[-59.34381,-52.23817],[-59.33959,-52.2412],[-59.34088,-52.25373],[-59.35236,-52.25773],[-59.35384,-52.26193],[-59.37025,-52.26417],[-59.37273,-52.27155],[-59.38177,-52.27649],[-59.41193,-52.28177],[-59.39793,-52.2818],[-59.39772,-52.28565],[-59.39377,-52.28599],[-59.39298,-52.28293],[-59.36875,-52.27522],[-59.36265,-52.27047],[-59.345,-52.26852],[-59.34058,-52.27578],[-59.34325,-52.2829],[-59.33601,-52.28433],[-59.33805,-52.28736],[-59.35352,-52.29526],[-59.36885,-52.29277],[-59.37093,-52.29645],[-59.3881,-52.30481],[-59.38489,-52.30744],[-59.38812,-52.31301],[-59.38622,-52.32048],[-59.36681,-52.32498],[-59.36537,-52.32936],[-59.3527,-52.33512],[-59.33554,-52.33495],[-59.33489,-52.33842],[-59.33978,-52.33987],[-59.33933,-52.34321],[-59.33239,-52.34655],[-59.32702,-52.34516],[-59.32442,-52.34222],[-59.32563,-52.33733],[-59.31538,-52.32933],[-59.30838,-52.32754],[-59.29732,-52.33199],[-59.30943,-52.33969],[-59.3086,-52.34381],[-59.31306,-52.34501],[-59.31114,-52.34837],[-59.3175,-52.34992],[-59.32531,-52.34733],[-59.3404,-52.35561],[-59.36463,-52.35859],[-59.36717,-52.35521],[-59.36539,-52.34935],[-59.3809,-52.34981],[-59.38215,-52.34581],[-59.36963,-52.3426],[-59.37398,-52.33406],[-59.39922,-52.33649],[-59.40378,-52.33576],[-59.40606,-52.33149],[-59.42148,-52.33053],[-59.41999,-52.3262],[-59.40909,-52.32579],[-59.40616,-52.32187],[-59.40679,-52.31417],[-59.41373,-52.31095],[-59.42937,-52.30653],[-59.4734,-52.30882],[-59.48455,-52.31371],[-59.49797,-52.31074],[-59.49512,-52.30849],[-59.49931,-52.30482],[-59.49727,-52.30204],[-59.47687,-52.28479],[-59.48219,-52.27904],[-59.47945,-52.27487],[-59.51007,-52.27332],[-59.51094,-52.27023],[-59.49289,-52.26497],[-59.49946,-52.25919],[-59.51387,-52.25556],[-59.51454,-52.25272],[-59.50791,-52.24979],[-59.52722,-52.24797],[-59.5433,-52.25903],[-59.55622,-52.25849],[-59.55625,-52.25541],[-59.56355,-52.25167],[-59.57503,-52.25872],[-59.58357,-52.25841],[-59.58101,-52.25026],[-59.58466,-52.24839],[-59.58839,-52.25151],[-59.593,-52.24821],[-59.59289,-52.24283],[-59.58665,-52.23604],[-59.57653,-52.23421],[-59.57437,-52.22939],[-59.57647,-52.22601],[-59.55622,-52.20774],[-59.56325,-52.20669],[-59.57065,-52.21192],[-59.58115,-52.21322],[-59.59438,-52.21101],[-59.60336,-52.21479],[-59.61183,-52.20986],[-59.63016,-52.20932],[-59.63187,-52.20659],[-59.62308,-52.20243],[-59.62377,-52.19293],[-59.61529,-52.19056],[-59.62675,-52.18684],[-59.6389,-52.18785],[-59.64392,-52.18121],[-59.62571,-52.17636],[-59.62514,-52.17381],[-59.6372,-52.16623],[-59.64386,-52.16609],[-59.64474,-52.15979],[-59.65557,-52.15967],[-59.65445,-52.16533],[-59.66115,-52.16941],[-59.67046,-52.1578],[-59.68478,-52.15337],[-59.67806,-52.14558],[-59.69595,-52.13838],[-59.70111,-52.14095],[-59.71314,-52.13324],[-59.73119,-52.12872],[-59.72171,-52.12356],[-59.72207,-52.11586],[-59.71171,-52.11661],[-59.71376,-52.11272],[-59.70662,-52.10827],[-59.70767,-52.10492],[-59.71505,-52.10308],[-59.72646,-52.10589],[-59.72919,-52.10288],[-59.72838,-52.09637],[-59.72268,-52.09855],[-59.70292,-52.09529],[-59.70059,-52.09803],[-59.69181,-52.09734],[-59.69175,-52.10323],[-59.68582,-52.10849],[-59.6748,-52.10516],[-59.67117,-52.10011],[-59.66415,-52.10809],[-59.67759,-52.12393],[-59.66488,-52.12729],[-59.66153,-52.12699],[-59.6602,-52.11856],[-59.63939,-52.11159],[-59.63871,-52.12827],[-59.62128,-52.12584],[-59.62448,-52.12013],[-59.62067,-52.11906],[-59.6151,-52.12341],[-59.60672,-52.12257],[-59.60427,-52.11981],[-59.61439,-52.1042],[-59.6267,-52.10111],[-59.62574,-52.09549],[-59.63454,-52.09299],[-59.63159,-52.0887],[-59.63819,-52.08432],[-59.63031,-52.07771],[-59.62646,-52.07933],[-59.62695,-52.08419],[-59.61399,-52.07961],[-59.61768,-52.08927],[-59.61452,-52.09216],[-59.6021,-52.0932],[-59.59692,-52.08281],[-59.59193,-52.08292],[-59.58441,-52.07514],[-59.57595,-52.07635],[-59.58077,-52.0806],[-59.56473,-52.08018],[-59.5642,-52.07096],[-59.55946,-52.06799],[-59.57059,-52.06621],[-59.56696,-52.05732],[-59.57497,-52.05561],[-59.57389,-52.0514],[-59.59657,-52.05539],[-59.60412,-52.05292],[-59.60364,-52.04831],[-59.61403,-52.04821],[-59.61458,-52.04346],[-59.61,-52.03971],[-59.61304,-52.03119],[-59.6086,-52.03346],[-59.59026,-52.03246],[-59.59882,-52.02253],[-59.61305,-52.02427],[-59.61493,-52.02089],[-59.64446,-52.01793],[-59.65224,-52.00545],[-59.64528,-52.00022],[-59.6365,-51.99914],[-59.63462,-52.00251],[-59.63923,-52.00318],[-59.63981,-52.00599],[-59.63743,-52.00783],[-59.60946,-51.99833],[-59.59516,-52.00236],[-59.59451,-52.00545],[-59.57955,-52.00527],[-59.57273,-52.00939],[-59.55432,-52.01069],[-59.54632,-52.0051],[-59.56777,-52.00258],[-59.57494,-51.9973],[-59.58969,-51.9939],[-59.59519,-51.9957],[-59.59863,-51.99409],[-59.59553,-51.98723],[-59.60227,-51.98529],[-59.6091,-51.97784],[-59.6231,-51.97945],[-59.62348,-51.97534],[-59.61491,-51.97425],[-59.62004,-51.96977],[-59.61021,-51.96846],[-59.60573,-51.97701],[-59.59917,-51.97844],[-59.59746,-51.98463],[-59.57353,-51.98003],[-59.56407,-51.97421],[-59.54807,-51.97392],[-59.54558,-51.97743],[-59.52479,-51.96571],[-59.5347,-51.96126],[-59.55432,-51.96327],[-59.55453,-51.95609],[-59.56069,-51.95135],[-59.57757,-51.95995],[-59.58278,-51.95676],[-59.58176,-51.95345],[-59.58762,-51.95088],[-59.59899,-51.95384],[-59.61456,-51.95042],[-59.61061,-51.94307],[-59.60924,-51.93388],[-59.61174,-51.93049],[-59.60841,-51.91595],[-59.60015,-51.91639],[-59.59117,-51.90441],[-59.57054,-51.9132],[-59.57587,-51.91949],[-59.57032,-51.92384],[-59.55739,-51.92246],[-59.55675,-51.9258],[-59.54397,-51.9271],[-59.54374,-51.93044],[-59.53555,-51.93215],[-59.53337,-51.92656],[-59.52738,-51.92336],[-59.52952,-51.92818],[-59.51784,-51.93433],[-59.51724,-51.93844],[-59.49815,-51.93808],[-59.49961,-51.92716],[-59.47949,-51.93066],[-59.46891,-51.92678],[-59.47593,-51.9224],[-59.4734,-51.91784],[-59.48428,-51.91223],[-59.49782,-51.90977],[-59.51165,-51.91255],[-59.51496,-51.90504],[-59.52478,-51.90278],[-59.52229,-51.89169],[-59.52817,-51.88195],[-59.53633,-51.87985],[-59.52841,-51.879],[-59.52389,-51.87217],[-59.51727,-51.87232],[-59.51514,-51.87492],[-59.51968,-51.882],[-59.50653,-51.88011],[-59.5035,-51.88517],[-59.5079,-51.88994],[-59.4896,-51.8961],[-59.48452,-51.89403],[-59.47728,-51.89803],[-59.46309,-51.88858],[-59.45429,-51.88672],[-59.44188,-51.89082],[-59.4472,-51.88571],[-59.45706,-51.88423],[-59.48606,-51.88451],[-59.48758,-51.88192],[-59.47506,-51.8727],[-59.46596,-51.87289],[-59.45817,-51.86665],[-59.47472,-51.86655],[-59.47788,-51.8638],[-59.48686,-51.86899],[-59.49092,-51.86749],[-59.48643,-51.86118],[-59.51478,-51.85725],[-59.50222,-51.8547],[-59.50282,-51.85071],[-59.49573,-51.84971],[-59.49538,-51.84715],[-59.50416,-51.84491],[-59.49786,-51.83582],[-59.46549,-51.83394],[-59.45094,-51.82886],[-59.45688,-51.8354],[-59.45461,-51.84698],[-59.44141,-51.84008],[-59.44543,-51.83795],[-59.43674,-51.83018],[-59.4278,-51.8255],[-59.42122,-51.82615],[-59.41322,-51.81965],[-59.411,-51.81303],[-59.40812,-51.81334],[-59.40272,-51.82448],[-59.41305,-51.8358],[-59.41331,-51.84066],[-59.39442,-51.83567],[-59.39732,-51.84355],[-59.3848,-51.84535],[-59.38704,-51.84863],[-59.38534,-51.85559],[-59.38101,-51.85593],[-59.38275,-51.84962],[-59.36981,-51.83975],[-59.37808,-51.83574],[-59.36689,-51.82341],[-59.35773,-51.83026],[-59.35413,-51.82854],[-59.35418,-51.82571],[-59.35887,-51.82434],[-59.3598,-51.81843],[-59.35532,-51.81185],[-59.35819,-51.81128],[-59.35603,-51.80569],[-59.36053,-51.80073],[-59.35048,-51.79426],[-59.34973,-51.78787],[-59.34086,-51.7842],[-59.33567,-51.78764],[-59.33898,-51.79577],[-59.33665,-51.79864],[-59.32654,-51.795],[-59.32916,-51.80571],[-59.32482,-51.80964],[-59.31953,-51.80334],[-59.30576,-51.79669],[-59.3047,-51.7921],[-59.29277,-51.78925],[-59.29021,-51.79161],[-59.30142,-51.80497],[-59.29837,-51.8058],[-59.29191,-51.7967],[-59.27213,-51.79798],[-59.27436,-51.79294],[-59.28081,-51.78974],[-59.27832,-51.78543],[-59.28553,-51.78491],[-59.28928,-51.77753],[-59.29375,-51.77603],[-59.30143,-51.78075],[-59.29713,-51.77328],[-59.29877,-51.76914],[-59.30252,-51.76971],[-59.30116,-51.7632],[-59.30454,-51.7607],[-59.2955,-51.76152],[-59.27998,-51.75695],[-59.27783,-51.747],[-59.26749,-51.74258],[-59.26839,-51.74821],[-59.26265,-51.74896],[-59.26253,-51.75473],[-59.25324,-51.75901],[-59.26157,-51.76448],[-59.26023,-51.76669],[-59.24741,-51.76629],[-59.23863,-51.7516],[-59.25183,-51.75134],[-59.25309,-51.74773],[-59.24857,-51.74397],[-59.24833,-51.73501],[-59.2337,-51.72298],[-59.21279,-51.71723],[-59.20992,-51.7219],[-59.21213,-51.72903],[-59.2194,-51.73415],[-59.21468,-51.73488],[-59.21295,-51.75003],[-59.21873,-51.75838],[-59.21486,-51.75948],[-59.21057,-51.75213],[-59.21017,-51.73958],[-59.19983,-51.7349],[-59.19776,-51.72212],[-59.1903,-51.72995],[-59.17372,-51.73718],[-59.17934,-51.73387],[-59.1772,-51.72789],[-59.16059,-51.7214],[-59.15595,-51.71495],[-59.15601,-51.71188],[-59.1593,-51.71182],[-59.15782,-51.70672],[-59.13959,-51.705],[-59.12478,-51.69694],[-59.12174,-51.70251],[-59.10539,-51.70575],[-59.0966,-51.70296],[-59.09544,-51.6958],[-59.08729,-51.69338],[-59.05997,-51.69566],[-59.05981,-51.69233],[-59.05399,-51.69115],[-59.05749,-51.6957],[-59.05411,-51.70294],[-59.04608,-51.70334],[-59.04794,-51.70792],[-59.04579,-51.71052],[-59.05042,-51.7171],[-59.05474,-51.71677],[-59.05836,-51.72388],[-59.0526,-51.72424],[-59.05076,-51.72914],[-59.04412,-51.72849],[-59.04018,-51.73701],[-59.04899,-51.74019],[-59.04735,-51.74509],[-59.03523,-51.74632],[-59.036,-51.74964],[-59.04923,-51.75018],[-59.05165,-51.75347],[-59.03906,-51.75343],[-59.03718,-51.75757],[-59.02974,-51.75744],[-59.02506,-51.76829],[-59.02752,-51.77247],[-59.04534,-51.77357],[-59.04636,-51.77791],[-59.04139,-51.77774],[-59.04193,-51.78055],[-59.06473,-51.7822],[-59.06526,-51.78463],[-59.04907,-51.78312],[-59.04363,-51.78616],[-59.04685,-51.79328],[-59.03972,-51.80481],[-59.02994,-51.80793],[-59.03098,-51.81278],[-59.04153,-51.80824],[-59.04447,-51.81844],[-59.05036,-51.82064],[-59.04901,-51.82733],[-59.02274,-51.83188],[-59.01987,-51.82783],[-59.02244,-51.8251],[-59.0328,-51.82556],[-59.02743,-51.81655],[-59.02184,-51.81627],[-59.01983,-51.82232],[-59.00875,-51.82418],[-59.00599,-51.81795],[-58.99879,-51.8141],[-59.00012,-51.81151],[-58.98673,-51.80303],[-58.97951,-51.79392],[-58.98607,-51.78817],[-58.98222,-51.78503],[-58.97616,-51.78821],[-58.963,-51.78036],[-58.95709,-51.77251],[-58.96173,-51.77329],[-58.97139,-51.78317],[-58.98128,-51.78261],[-58.98384,-51.77975],[-58.98176,-51.77466],[-58.98778,-51.77533],[-58.98439,-51.78282],[-58.98997,-51.78285],[-58.99874,-51.77566],[-59.00113,-51.76895],[-59.0048,-51.76786],[-59.00363,-51.76481],[-58.9979,-51.76593],[-58.9928,-51.77204],[-58.98855,-51.76942],[-58.99616,-51.7593],[-59.00274,-51.75867],[-59.00251,-51.74881],[-59.00839,-51.73705],[-59.00417,-51.73481],[-59.00506,-51.72711],[-59.00943,-51.72319],[-59.00667,-51.72144],[-59.00774,-51.71297],[-59.03094,-51.71052],[-59.03542,-51.71377],[-59.04018,-51.70036],[-59.03209,-51.69948],[-59.02746,-51.68815],[-59.02133,-51.68928],[-59.01853,-51.68664],[-59.02953,-51.67915],[-59.02981,-51.67607],[-59.01669,-51.67783],[-59.01908,-51.68048],[-59.00841,-51.6863],[-59.01097,-51.67895],[-59.0181,-51.67691],[-59.0226,-51.67158],[-59.00706,-51.67428],[-58.99727,-51.68137],[-58.99765,-51.67598],[-59.01155,-51.67343],[-59.02312,-51.66465],[-59.04277,-51.65726],[-59.04156,-51.65331],[-58.99797,-51.66444],[-58.97702,-51.67569],[-58.97598,-51.67071],[-58.98584,-51.6699],[-59.00063,-51.65952],[-59.04332,-51.64661],[-59.06084,-51.64234],[-59.06825,-51.64208],[-59.07043,-51.64486],[-59.07611,-51.64284],[-59.07723,-51.6359],[-59.08592,-51.6278],[-59.10161,-51.62418],[-59.09658,-51.62222],[-59.10401,-51.61825],[-59.10644,-51.61282],[-59.16889,-51.59297],[-59.17811,-51.58358],[-59.17096,-51.57602],[-59.15827,-51.57728],[-59.1279,-51.53477],[-59.11263,-51.5289],[-59.1144,-51.514],[-59.12735,-51.49647],[-59.11195,-51.50097],[-59.0848,-51.53145],[-59.08418,-51.54479],[-59.07777,-51.5531],[-59.07288,-51.55396],[-59.07413,-51.5588],[-59.07895,-51.56077],[-59.07905,-51.56743],[-59.06983,-51.56836],[-59.06447,-51.57256],[-59.07014,-51.57502],[-59.07253,-51.58241],[-59.0606,-51.58237],[-59.0485,-51.5877],[-59.04599,-51.59595],[-59.04149,-51.59654],[-59.04045,-51.60092],[-59.02839,-51.59818],[-59.01457,-51.602],[-59.03706,-51.5897],[-59.03472,-51.58333],[-59.0262,-51.58143],[-59.02828,-51.57729],[-59.03272,-51.57529],[-59.04394,-51.57792],[-59.04957,-51.57513],[-59.03647,-51.57177],[-59.04628,-51.56596],[-59.04409,-51.56292],[-59.03412,-51.56066],[-59.02722,-51.5627],[-59.03539,-51.55231],[-59.05415,-51.53981],[-59.05799,-51.53372],[-59.05592,-51.52888],[-59.06402,-51.51721],[-59.04773,-51.51108],[-59.04519,-51.50498],[-59.03773,-51.50344],[-58.99191,-51.51205],[-58.98366,-51.51142],[-58.98446,-51.50602],[-58.97751,-51.50678],[-58.97168,-51.50982],[-58.9721,-51.51469],[-58.96315,-51.51676],[-58.95485,-51.51472],[-58.951,-51.52081],[-58.92433,-51.52163],[-58.92421,-51.52843],[-58.92022,-51.53144],[-58.91483,-51.53025],[-58.9154,-51.52421],[-58.89737,-51.5254],[-58.87833,-51.53186],[-58.85166,-51.5228],[-58.85031,-51.51988],[-58.85496,-51.51301],[-58.85896,-51.51525],[-58.85303,-51.52099],[-58.87784,-51.52995],[-58.8997,-51.52203],[-58.91983,-51.52196],[-58.92624,-51.51814],[-58.94876,-51.51636],[-58.94555,-51.51334],[-58.9508,-51.50659],[-58.96292,-51.51138],[-58.96636,-51.51017],[-58.96479,-51.50712],[-58.97329,-51.50416],[-58.9839,-51.50257],[-58.9894,-51.50632],[-59.00204,-51.50431],[-59.01782,-51.49892],[-59.01968,-51.49465],[-59.05852,-51.4818],[-59.06726,-51.47537],[-59.08924,-51.47127],[-59.09075,-51.46855],[-59.10578,-51.46956],[-59.10323,-51.47653],[-59.11787,-51.47806],[-59.12338,-51.47309],[-59.12084,-51.47134],[-59.13149,-51.47089],[-59.14317,-51.46171],[-59.13959,-51.45972],[-59.13883,-51.44359],[-59.10922,-51.43285],[-59.10984,-51.42848],[-59.1127,-51.42843],[-59.10253,-51.41221],[-59.09715,-51.41115],[-59.08361,-51.41985],[-59.07461,-51.42026],[-59.0757,-51.42627],[-59.05727,-51.42659],[-59.0502,-51.43351],[-59.01088,-51.42522],[-59.00078,-51.42872],[-58.99001,-51.42609],[-58.97371,-51.42829],[-58.97593,-51.43696],[-58.98213,-51.44301],[-58.95825,-51.44717],[-58.96409,-51.43819],[-58.96218,-51.43207],[-58.96778,-51.42403],[-58.99101,-51.42069],[-59.00429,-51.42456],[-59.01309,-51.41942],[-59.01843,-51.41984],[-59.01239,-51.41302],[-58.99914,-51.40991],[-58.99793,-51.40558],[-59.00218,-51.40448],[-59.00203,-51.40089],[-58.99543,-51.39511],[-59.00532,-51.38725],[-58.9996,-51.38287],[-58.99313,-51.38477],[-58.97662,-51.38172],[-58.94484,-51.38571],[-58.94371,-51.38804],[-58.93711,-51.38712],[-58.93527,-51.38228],[-58.92782,-51.38048],[-58.8784,-51.38372],[-58.8639,-51.3696],[-58.86049,-51.3612],[-58.86035,-51.35287],[-58.87647,-51.34646],[-58.87706,-51.34094],[-58.89815,-51.3265],[-58.90472,-51.3173],[-58.9152,-51.31354],[-58.91521,-51.3088],[-58.9196,-51.30616],[-58.9152,-51.2988],[-58.92128,-51.29268]]],[[[-58.30146,-51.8818],[-58.30082,-51.87771],[-58.30801,-51.87583],[-58.3067,-51.87354],[-58.28355,-51.87495],[-58.28328,-51.87982],[-58.30146,-51.8818]]],[[[-57.72391,-51.67446],[-57.73213,-51.67287],[-57.72429,-51.67254],[-57.72391,-51.67446]]],[[[-57.7457,-51.67087],[-57.73955,-51.67308],[-57.74616,-51.67381],[-57.7457,-51.67087]]],[[[-57.74415,-51.6268],[-57.75032,-51.62663],[-57.75436,-51.62199],[-57.7449,-51.62218],[-57.74415,-51.6268]]],[[[-58.03835,-51.56409],[-58.08962,-51.55888],[-58.09523,-51.55281],[-58.07747,-51.54925],[-58.05618,-51.55278],[-58.04354,-51.55738],[-58.03827,-51.56076],[-58.03835,-51.56409]]],[[[-58.05852,-51.79493],[-58.07791,-51.7936],[-58.07823,-51.7895],[-58.08191,-51.7878],[-58.05792,-51.78686],[-58.04807,-51.7899],[-58.05852,-51.79493]]],[[[-58.07527,-51.54312],[-58.08798,-51.5416],[-58.092,-51.5381],[-58.085,-51.53727],[-58.07527,-51.54312]]],[[[-58.20147,-51.8088],[-58.22253,-51.80769],[-58.22578,-51.80573],[-58.21454,-51.8029],[-58.17898,-51.8025],[-58.17249,-51.8073],[-58.20147,-51.8088]]],[[[-58.19361,-51.77723],[-58.19856,-51.77706],[-58.19643,-51.77439],[-58.18901,-51.77523],[-58.19361,-51.77723]]],[[[-58.25125,-51.85954],[-58.25073,-51.8557],[-58.24613,-51.85421],[-58.24353,-51.85731],[-58.25125,-51.85954]]],[[[-58.25746,-51.87446],[-58.28553,-51.87172],[-58.28335,-51.86765],[-58.27836,-51.86706],[-58.25633,-51.87102],[-58.25746,-51.87446]]],[[[-58.28217,-51.54899],[-58.28222,-51.54348],[-58.28609,-51.54241],[-58.28436,-51.53936],[-58.2712,-51.53886],[-58.27892,-51.543],[-58.27575,-51.54714],[-58.28217,-51.54899]]],[[[-58.3044,-51.42073],[-58.30433,-51.4256],[-58.31374,-51.42473],[-58.3044,-51.42073]]],[[[-58.31713,-51.39291],[-58.3119,-51.3963],[-58.31887,-51.39648],[-58.31713,-51.39291]]],[[[-58.35898,-51.53339],[-58.34696,-51.52968],[-58.34585,-51.53405],[-58.358,-51.54173],[-58.36319,-51.53872],[-58.35898,-51.53339]]],[[[-58.35124,-52.01962],[-58.3547,-52.01727],[-58.37653,-52.01805],[-58.38209,-52.00978],[-58.37302,-52.01194],[-58.37122,-52.00735],[-58.38724,-52.0019],[-58.3903,-51.99995],[-58.38995,-51.99547],[-58.38617,-51.9941],[-58.38092,-51.99878],[-58.36522,-52.00139],[-58.35426,-51.99575],[-58.35322,-52.00281],[-58.35712,-52.00815],[-58.36753,-52.00893],[-58.36763,-52.01226],[-58.35069,-52.01501],[-58.35124,-52.01962]]],[[[-58.38828,-51.46987],[-58.39187,-51.46663],[-58.38167,-51.46854],[-58.38828,-51.46987]]],[[[-58.39013,-52.01481],[-58.3898,-52.00405],[-58.38608,-52.00461],[-58.39013,-52.01481]]],[[[-58.50825,-52.00734],[-58.499,-52.00387],[-58.49449,-52.00559],[-58.49347,-52.00009],[-58.48892,-52.00053],[-58.49087,-51.99667],[-58.48544,-51.99584],[-58.48771,-51.98915],[-58.44765,-51.99541],[-58.45159,-52.00151],[-58.4463,-52.00504],[-58.43604,-52.00222],[-58.42639,-52.00579],[-58.41732,-52.00116],[-58.42607,-51.99555],[-58.4308,-51.98767],[-58.42127,-51.98804],[-58.4228,-51.99059],[-58.41814,-51.99436],[-58.39756,-51.99986],[-58.39931,-52.00266],[-58.41003,-52.00035],[-58.40972,-52.00382],[-58.40268,-52.00428],[-58.40537,-52.01079],[-58.40213,-52.01339],[-58.40891,-52.01766],[-58.41578,-52.01809],[-58.44309,-52.00854],[-58.45786,-52.00938],[-58.44516,-52.01466],[-58.44467,-52.01877],[-58.45456,-52.01647],[-58.45756,-52.01912],[-58.44845,-52.02],[-58.44124,-52.02829],[-58.44964,-52.03126],[-58.46494,-52.0289],[-58.46505,-52.03248],[-58.45802,-52.03347],[-58.45738,-52.03924],[-58.45074,-52.03945],[-58.44772,-52.03616],[-58.43991,-52.03881],[-58.43318,-52.02314],[-58.42294,-52.02775],[-58.43549,-52.03682],[-58.43441,-52.04221],[-58.43925,-52.04395],[-58.44112,-52.05059],[-58.42893,-52.05919],[-58.43603,-52.06039],[-58.43661,-52.06551],[-58.42459,-52.06668],[-58.42822,-52.06971],[-58.42651,-52.0746],[-58.43411,-52.07822],[-58.43551,-52.08294],[-58.4265,-52.09382],[-58.41673,-52.09419],[-58.42023,-52.09953],[-58.43021,-52.09928],[-58.42824,-52.10276],[-58.44986,-52.10212],[-58.46686,-52.09409],[-58.4661,-52.09],[-58.44416,-52.08668],[-58.44649,-52.07512],[-58.45228,-52.07415],[-58.46888,-52.08586],[-58.4732,-52.08427],[-58.4777,-52.07576],[-58.48183,-52.07494],[-58.48132,-52.07213],[-58.49515,-52.06874],[-58.49414,-52.06609],[-58.50012,-52.06534],[-58.50533,-52.06875],[-58.50849,-52.06384],[-58.52887,-52.05919],[-58.51905,-52.05483],[-58.51752,-52.04922],[-58.52092,-52.0421],[-58.52614,-52.03492],[-58.53374,-52.03648],[-58.55469,-52.02941],[-58.55302,-52.02303],[-58.5506,-52.01921],[-58.53632,-52.02068],[-58.53848,-52.01707],[-58.53336,-52.01303],[-58.53388,-52.01021],[-58.50825,-52.00734]]],[[[-58.4358,-51.98825],[-58.47221,-51.9846],[-58.47848,-51.97965],[-58.50796,-51.97415],[-58.49998,-51.97118],[-58.49839,-51.97338],[-58.47761,-51.97223],[-58.45013,-51.98231],[-58.43795,-51.97759],[-58.43766,-51.9817],[-58.43231,-51.98304],[-58.4358,-51.98825]]],[[[-58.46941,-51.96247],[-58.47172,-51.95706],[-58.48823,-51.9548],[-58.45119,-51.95078],[-58.45836,-51.95453],[-58.46317,-51.96216],[-58.46941,-51.96247]]],[[[-58.46701,-51.99069],[-58.47312,-51.98728],[-58.46481,-51.987],[-58.46701,-51.99069]]],[[[-58.49127,-51.98385],[-58.50032,-51.98143],[-58.48413,-51.98125],[-58.48254,-51.98332],[-58.49127,-51.98385]]],[[[-58.4826,-51.45526],[-58.49413,-51.45678],[-58.49146,-51.45028],[-58.4826,-51.45526]]],[[[-58.55213,-51.89542],[-58.53611,-51.89934],[-58.51949,-51.89777],[-58.51668,-51.90049],[-58.53614,-51.90024],[-58.53539,-51.90256],[-58.50653,-51.90677],[-58.51006,-51.91314],[-58.5217,-51.91414],[-58.54111,-51.90018],[-58.55368,-51.89822],[-58.55213,-51.89542]]],[[[-58.596,-51.9762],[-58.60787,-51.97155],[-58.59379,-51.97225],[-58.596,-51.9762]]],[[[-58.59722,-52.03371],[-58.59504,-52.03481],[-58.5991,-52.03984],[-58.60284,-52.03979],[-58.60272,-52.03633],[-58.59722,-52.03371]]],[[[-58.61018,-52.15154],[-58.61451,-52.15033],[-58.61412,-52.14521],[-58.60915,-52.14015],[-58.61336,-52.13574],[-58.62539,-52.13442],[-58.62833,-52.12938],[-58.62601,-52.11712],[-58.61392,-52.11677],[-58.61351,-52.12267],[-58.61791,-52.12902],[-58.61285,-52.13318],[-58.60079,-52.13361],[-58.5997,-52.13798],[-58.59574,-52.13777],[-58.59555,-52.14418],[-58.61018,-52.15154]]],[[[-58.60044,-52.15872],[-58.60473,-52.15636],[-58.60236,-52.15421],[-58.59804,-52.15568],[-58.60044,-52.15872]]],[[[-58.67374,-51.94641],[-58.67816,-51.94264],[-58.6726,-51.93823],[-58.64966,-51.94586],[-58.67567,-51.94254],[-58.67374,-51.94641]]],[[[-58.65832,-51.95573],[-58.66931,-51.94994],[-58.65205,-51.95441],[-58.65832,-51.95573]]],[[[-58.71679,-52.13966],[-58.72054,-52.13961],[-58.72317,-52.13226],[-58.73316,-52.13225],[-58.7341,-52.12967],[-58.73171,-52.12689],[-58.70304,-52.12859],[-58.70196,-52.13296],[-58.71679,-52.13966]]],[[[-58.70811,-52.15222],[-58.71096,-52.15051],[-58.70781,-52.1444],[-58.7057,-52.14905],[-58.70811,-52.15222]]],[[[-58.70944,-51.93642],[-58.73375,-51.9326],[-58.72411,-51.92993],[-58.73378,-51.92799],[-58.73417,-51.92196],[-58.72173,-51.92189],[-58.72414,-51.92531],[-58.71785,-51.92886],[-58.72128,-51.93176],[-58.70889,-51.93297],[-58.70944,-51.93642]]],[[[-58.76259,-51.94922],[-58.76956,-51.94706],[-58.76659,-51.94531],[-58.75546,-51.94715],[-58.76259,-51.94922]]],[[[-58.80536,-52.19779],[-58.80681,-52.19239],[-58.80296,-52.19014],[-58.7971,-52.19459],[-58.80536,-52.19779]]],[[[-58.85777,-52.21453],[-58.85217,-52.20689],[-58.85536,-52.20675],[-58.8567,-52.19905],[-58.85537,-52.18702],[-58.86268,-52.17742],[-58.85624,-52.17778],[-58.85465,-52.16973],[-58.84932,-52.16687],[-58.85083,-52.163],[-58.84182,-52.16186],[-58.84147,-52.14829],[-58.83271,-52.14304],[-58.83224,-52.13664],[-58.82903,-52.13439],[-58.82505,-52.13394],[-58.82974,-52.14155],[-58.82588,-52.14392],[-58.82948,-52.1454],[-58.8232,-52.15472],[-58.82931,-52.16155],[-58.84005,-52.16445],[-58.84641,-52.17204],[-58.84314,-52.1785],[-58.84468,-52.18565],[-58.82525,-52.19979],[-58.83025,-52.20471],[-58.8369,-52.20422],[-58.83254,-52.20967],[-58.85115,-52.21092],[-58.84792,-52.21353],[-58.85359,-52.21447],[-58.85638,-52.22135],[-58.86139,-52.22127],[-58.86089,-52.22435],[-58.86619,-52.22644],[-58.88008,-52.2243],[-58.88812,-52.23173],[-58.92589,-52.23663],[-58.93787,-52.24336],[-58.9431,-52.23866],[-58.96297,-52.24435],[-58.98659,-52.2405],[-59.00279,-52.24791],[-59.00374,-52.24123],[-58.99146,-52.23747],[-58.98949,-52.23058],[-58.99676,-52.2252],[-58.99082,-52.223],[-58.98203,-52.22238],[-58.97343,-52.22611],[-58.97123,-52.23622],[-58.96723,-52.23698],[-58.94855,-52.22985],[-58.94311,-52.22943],[-58.93893,-52.23411],[-58.92761,-52.22802],[-58.92136,-52.22825],[-58.9201,-52.21853],[-58.89369,-52.21563],[-58.88686,-52.22163],[-58.87474,-52.21145],[-58.85777,-52.21453]]],[[[-58.84591,-51.89758],[-58.85034,-51.89469],[-58.84532,-51.89349],[-58.84591,-51.89758]]],[[[-58.85148,-52.14365],[-58.86146,-52.1431],[-58.86171,-52.13926],[-58.85217,-52.14018],[-58.85148,-52.14365]]],[[[-58.89745,-52.45018],[-58.91167,-52.44931],[-58.89234,-52.43873],[-58.88929,-52.4407],[-58.89745,-52.45018]]],[[[-58.89824,-51.89111],[-58.89934,-51.88763],[-58.89356,-51.88811],[-58.89824,-51.89111]]],[[[-58.89999,-51.87353],[-58.91557,-51.87007],[-58.91546,-51.86738],[-58.89999,-51.87353]]],[[[-58.91945,-52.12603],[-58.92008,-52.12115],[-58.91192,-52.12513],[-58.91945,-52.12603]]],[[[-58.92874,-51.85858],[-58.94118,-51.85427],[-58.94044,-51.85147],[-58.93105,-51.85444],[-58.92874,-51.85858]]],[[[-58.94519,-51.84652],[-58.95213,-51.84435],[-58.95041,-51.84272],[-58.94519,-51.84652]]],[[[-58.94987,-51.83978],[-58.95729,-51.83927],[-58.95675,-51.8362],[-58.95157,-51.83616],[-58.94987,-51.83978]]],[[[-58.97091,-51.84789],[-58.96834,-51.84601],[-58.96824,-51.84603],[-58.97091,-51.84789]]],[[[-58.9836,-52.44466],[-58.9907,-52.4439],[-58.98308,-52.44236],[-58.9836,-52.44466]]],[[[-59.01217,-52.15075],[-59.01433,-52.14315],[-59.00411,-52.13833],[-58.98616,-52.13723],[-58.9901,-52.14152],[-58.99766,-52.14293],[-58.99768,-52.14805],[-59.01217,-52.15075]]],[[[-59.0017,-52.44602],[-59.00651,-52.44107],[-58.99689,-52.44175],[-59.0017,-52.44602]]],[[[-59.00516,-52.08731],[-59.00867,-52.08226],[-58.9999,-52.08138],[-59.00516,-52.08731]]],[[[-59.01401,-51.8123],[-59.02558,-51.80749],[-59.01915,-51.80709],[-59.01401,-51.8123]]],[[[-59.0306,-52.17119],[-59.03586,-52.16764],[-59.02997,-52.16646],[-59.02808,-52.17085],[-59.0306,-52.17119]]],[[[-59.03706,-52.19402],[-59.03474,-52.1888],[-59.03044,-52.19055],[-59.03706,-52.19402]]],[[[-59.14986,-52.43753],[-59.14501,-52.43492],[-59.13965,-52.43669],[-59.12788,-52.42742],[-59.11961,-52.42974],[-59.11031,-52.42825],[-59.10416,-52.42233],[-59.08074,-52.42339],[-59.07137,-52.42022],[-59.05822,-52.42596],[-59.04319,-52.42737],[-59.03569,-52.43289],[-59.05747,-52.42777],[-59.07184,-52.43033],[-59.08868,-52.43632],[-59.09116,-52.43986],[-59.10742,-52.43804],[-59.1116,-52.44642],[-59.12134,-52.44842],[-59.13033,-52.44351],[-59.14719,-52.44091],[-59.14986,-52.43753]]],[[[-59.0798,-51.48925],[-59.07499,-51.4828],[-59.05902,-51.48372],[-59.07486,-51.48446],[-59.0798,-51.48925]]],[[[-59.05922,-51.68824],[-59.06409,-51.68649],[-59.06049,-51.68437],[-59.05922,-51.68824]]],[[[-59.07461,-51.6913],[-59.07911,-51.69045],[-59.08197,-51.68528],[-59.07799,-51.68407],[-59.07461,-51.6913]]],[[[-59.0818,-52.08048],[-59.09167,-52.07799],[-59.09212,-52.0744],[-59.08179,-52.07125],[-59.0764,-52.07621],[-59.0818,-52.08048]]],[[[-59.14258,-52.01198],[-59.14511,-52.00835],[-59.13777,-52.00694],[-59.14258,-52.01198]]],[[[-59.19134,-52.91905],[-59.19385,-52.91004],[-59.18858,-52.90629],[-59.19224,-52.89905],[-59.18784,-52.89171],[-59.17727,-52.89215],[-59.17828,-52.89957],[-59.19134,-52.91905]]],[[[-59.18525,-51.59088],[-59.19327,-51.58663],[-59.19253,-51.58408],[-59.18342,-51.58707],[-59.18234,-51.59042],[-59.18525,-51.59088]]],[[[-60.38161,-52.11809],[-60.38118,-52.12794],[-60.3841,-52.12801],[-60.38683,-52.13473],[-60.39321,-52.1359],[-60.4003,-52.12503],[-60.41481,-52.12253],[-60.41814,-52.11902],[-60.4507,-52.11396],[-60.45837,-52.10349],[-60.47767,-52.10813],[-60.48717,-52.10565],[-60.49747,-52.11137],[-60.46335,-52.11833],[-60.45685,-52.1155],[-60.43324,-52.12063],[-60.41915,-52.11955],[-60.41682,-52.12386],[-60.40429,-52.12448],[-60.40355,-52.12998],[-60.3841,-52.1421],[-60.3878,-52.15372],[-60.38567,-52.15803],[-60.38027,-52.15765],[-60.36454,-52.16653],[-60.36632,-52.17517],[-60.36918,-52.17624],[-60.39403,-52.17539],[-60.39066,-52.17249],[-60.39498,-52.1699],[-60.40394,-52.17343],[-60.40978,-52.16984],[-60.41186,-52.16271],[-60.40608,-52.15105],[-60.41355,-52.1443],[-60.46195,-52.15765],[-60.46616,-52.16056],[-60.46526,-52.1654],[-60.44274,-52.16928],[-60.45446,-52.1794],[-60.46409,-52.17858],[-60.47779,-52.17234],[-60.47763,-52.1567],[-60.48737,-52.15768],[-60.48204,-52.15988],[-60.48423,-52.1653],[-60.49149,-52.16597],[-60.49276,-52.16189],[-60.508,-52.1576],[-60.52226,-52.14842],[-60.54282,-52.13065],[-60.54253,-52.11322],[-60.55063,-52.12121],[-60.55896,-52.12112],[-60.57077,-52.12598],[-60.58536,-52.12564],[-60.58656,-52.13424],[-60.56668,-52.1323],[-60.55702,-52.13761],[-60.56689,-52.14756],[-60.56401,-52.15057],[-60.57211,-52.15497],[-60.57107,-52.15866],[-60.55655,-52.14991],[-60.54726,-52.14074],[-60.54688,-52.13638],[-60.54141,-52.13729],[-60.54224,-52.14115],[-60.53147,-52.14759],[-60.53313,-52.1516],[-60.52385,-52.15358],[-60.52906,-52.16112],[-60.51813,-52.15897],[-60.5071,-52.16245],[-60.50341,-52.16878],[-60.49807,-52.16739],[-60.48961,-52.17336],[-60.48939,-52.18079],[-60.49537,-52.18578],[-60.50392,-52.18199],[-60.50484,-52.18804],[-60.51181,-52.18985],[-60.53758,-52.18795],[-60.54061,-52.18956],[-60.53828,-52.19412],[-60.53214,-52.19207],[-60.50403,-52.19494],[-60.50355,-52.20351],[-60.51536,-52.20492],[-60.51534,-52.20902],[-60.53706,-52.21614],[-60.54051,-52.22159],[-60.55532,-52.22549],[-60.55517,-52.2283],[-60.5728,-52.23405],[-60.58211,-52.23168],[-60.59487,-52.235],[-60.60398,-52.24801],[-60.60956,-52.24915],[-60.61266,-52.24588],[-60.60926,-52.24299],[-60.61808,-52.2342],[-60.62152,-52.23631],[-60.62086,-52.24477],[-60.61598,-52.25005],[-60.6157,-52.25914],[-60.63059,-52.25406],[-60.6466,-52.25925],[-60.65145,-52.25846],[-60.65346,-52.25593],[-60.64768,-52.25479],[-60.65981,-52.24631],[-60.66065,-52.24223],[-60.67937,-52.23158],[-60.67915,-52.22772],[-60.66648,-52.22274],[-60.66916,-52.21933],[-60.6905,-52.21822],[-60.69593,-52.21012],[-60.68817,-52.20677],[-60.67977,-52.20801],[-60.67999,-52.20366],[-60.6647,-52.2008],[-60.64655,-52.21299],[-60.6317,-52.21372],[-60.64028,-52.20928],[-60.64145,-52.20674],[-60.63307,-52.20747],[-60.63826,-52.20411],[-60.6497,-52.20075],[-60.65434,-52.19572],[-60.65904,-52.1976],[-60.66375,-52.19514],[-60.66279,-52.18973],[-60.63494,-52.18021],[-60.64128,-52.17854],[-60.65276,-52.1821],[-60.65261,-52.18491],[-60.66914,-52.18794],[-60.66894,-52.19165],[-60.67269,-52.19172],[-60.69631,-52.1786],[-60.68193,-52.17448],[-60.67855,-52.16724],[-60.66928,-52.16116],[-60.69496,-52.1723],[-60.7041,-52.17286],[-60.71017,-52.16427],[-60.70429,-52.15313],[-60.70649,-52.15087],[-60.71603,-52.15977],[-60.72099,-52.1605],[-60.72603,-52.1597],[-60.72745,-52.1564],[-60.7235,-52.15222],[-60.74202,-52.14835],[-60.73657,-52.14094],[-60.72367,-52.14044],[-60.73164,-52.13546],[-60.72993,-52.13236],[-60.71361,-52.12974],[-60.67569,-52.13412],[-60.67932,-52.12843],[-60.68552,-52.12931],[-60.69504,-52.12246],[-60.70812,-52.11912],[-60.71622,-52.11133],[-60.71532,-52.1085],[-60.72239,-52.10863],[-60.72207,-52.11478],[-60.7365,-52.11775],[-60.74161,-52.12374],[-60.75078,-52.1234],[-60.76412,-52.11891],[-60.76758,-52.11232],[-60.76564,-52.10933],[-60.79272,-52.10882],[-60.80794,-52.11256],[-60.81935,-52.10346],[-60.81861,-52.09854],[-60.83321,-52.09791],[-60.83141,-52.10505],[-60.8373,-52.10811],[-60.84286,-52.105],[-60.84944,-52.10666],[-60.85203,-52.11773],[-60.84212,-52.12883],[-60.82868,-52.13114],[-60.82084,-52.1383],[-60.79471,-52.14025],[-60.78518,-52.15186],[-60.77326,-52.15702],[-60.76939,-52.16744],[-60.75445,-52.1664],[-60.74798,-52.17076],[-60.7385,-52.16866],[-60.74031,-52.17407],[-60.73228,-52.17623],[-60.73508,-52.17859],[-60.73126,-52.17992],[-60.72891,-52.17693],[-60.72101,-52.17639],[-60.72988,-52.18233],[-60.72069,-52.18267],[-60.71843,-52.18621],[-60.75614,-52.18245],[-60.80004,-52.1884],[-60.81491,-52.18291],[-60.81624,-52.17704],[-60.82356,-52.17205],[-60.81073,-52.16182],[-60.81816,-52.15055],[-60.84802,-52.14457],[-60.85817,-52.14578],[-60.85179,-52.14002],[-60.86141,-52.13047],[-60.85616,-52.12703],[-60.85859,-52.12413],[-60.87202,-52.12629],[-60.87202,-52.12194],[-60.88522,-52.11564],[-60.92812,-52.11512],[-60.92878,-52.10988],[-60.94564,-52.1053],[-60.94768,-52.09714],[-60.94239,-52.09474],[-60.94613,-52.09019],[-60.9619,-52.08648],[-60.97684,-52.08726],[-60.97269,-52.07784],[-60.99659,-52.07363],[-60.99908,-52.06906],[-60.99485,-52.06129],[-60.99945,-52.05613],[-61.00864,-52.05526],[-61.0241,-52.04398],[-61.02786,-52.04828],[-61.02447,-52.04976],[-61.02206,-52.05715],[-61.01084,-52.06183],[-61.00876,-52.07102],[-61.01652,-52.0791],[-61.02196,-52.07816],[-61.02792,-52.07045],[-61.04531,-52.07227],[-61.04704,-52.07064],[-61.04062,-52.0654],[-61.04085,-52.06003],[-61.04922,-52.05888],[-61.0503,-52.05301],[-61.04304,-52.04315],[-61.0458,-52.02756],[-61.04202,-52.01417],[-61.07807,-52.01631],[-61.0775,-52.01014],[-61.06767,-52.00703],[-61.0654,-52.01148],[-61.05832,-52.01201],[-61.04935,-52.008],[-61.03923,-52.01156],[-61.02279,-52.0077],[-61.02389,-52.01105],[-61.01641,-52.01105],[-61.01178,-52.01725],[-61.00322,-52.01813],[-61.00597,-52.02638],[-61.0035,-52.03992],[-60.99004,-52.04341],[-60.97933,-52.04143],[-60.97293,-52.04504],[-60.95438,-52.04165],[-60.94701,-52.04383],[-60.92887,-52.0362],[-60.91743,-52.04074],[-60.91541,-52.03506],[-60.9073,-52.03543],[-60.90127,-52.03981],[-60.89474,-52.03726],[-60.89106,-52.04053],[-60.89524,-52.062],[-60.90796,-52.06556],[-60.89053,-52.06486],[-60.88187,-52.07214],[-60.89746,-52.07665],[-60.89571,-52.07854],[-60.91099,-52.08099],[-60.91005,-52.08329],[-60.89065,-52.07999],[-60.89124,-52.07641],[-60.88083,-52.07648],[-60.87974,-52.07313],[-60.86717,-52.07521],[-60.85729,-52.08169],[-60.8583,-52.07799],[-60.83972,-52.07496],[-60.84163,-52.07],[-60.8274,-52.06346],[-60.84561,-52.06507],[-60.86319,-52.07142],[-60.88093,-52.06559],[-60.8815,-52.06239],[-60.87508,-52.05741],[-60.88544,-52.05375],[-60.88351,-52.04194],[-60.89671,-52.03063],[-60.89192,-52.02657],[-60.87181,-52.03018],[-60.86195,-52.03641],[-60.85963,-52.04162],[-60.81428,-52.034],[-60.80138,-52.03017],[-60.80139,-52.02581],[-60.79358,-52.024],[-60.76468,-52.02039],[-60.75288,-52.02375],[-60.74466,-52.01782],[-60.74802,-52.01302],[-60.74917,-52.00689],[-60.74585,-52.00248],[-60.7487,-51.99945],[-60.76725,-52.00223],[-60.78855,-51.99957],[-60.79387,-51.99724],[-60.79274,-51.99054],[-60.81338,-52.00156],[-60.82447,-51.99959],[-60.8164,-51.99483],[-60.82009,-51.98721],[-60.83741,-51.98522],[-60.83724,-51.98009],[-60.82959,-51.97969],[-60.83579,-51.97584],[-60.84578,-51.97525],[-60.85333,-51.96911],[-60.85185,-51.96101],[-60.84773,-51.96029],[-60.84447,-51.95485],[-60.80632,-51.95889],[-60.77695,-51.95718],[-60.76825,-51.96111],[-60.77565,-51.96677],[-60.76284,-51.96564],[-60.75932,-51.96133],[-60.74438,-51.96143],[-60.74723,-51.96661],[-60.73668,-51.96615],[-60.73147,-51.96247],[-60.70318,-51.96397],[-60.70809,-51.96919],[-60.70965,-51.97946],[-60.71636,-51.98229],[-60.70969,-51.9828],[-60.70681,-51.98634],[-60.71098,-51.99821],[-60.73031,-52.00178],[-60.71105,-52.00487],[-60.71997,-52.00915],[-60.71568,-52.01214],[-60.70112,-52.00429],[-60.692,-52.00399],[-60.70094,-51.99955],[-60.70112,-51.98392],[-60.69767,-51.97847],[-60.70133,-51.97572],[-60.7009,-51.97212],[-60.69209,-51.97003],[-60.68444,-51.97334],[-60.67904,-51.98554],[-60.68178,-51.98867],[-60.67935,-51.99554],[-60.68232,-51.99842],[-60.68147,-52.00277],[-60.68575,-52.00438],[-60.68057,-52.01222],[-60.68266,-52.01585],[-60.69528,-52.02071],[-60.68446,-52.02127],[-60.67919,-52.03475],[-60.6754,-52.0357],[-60.67644,-52.03969],[-60.66273,-52.03955],[-60.67138,-52.03716],[-60.67572,-52.02955],[-60.657,-52.02212],[-60.65759,-52.01869],[-60.6693,-52.01712],[-60.6701,-52.00996],[-60.65312,-52.00886],[-60.66859,-52.00301],[-60.67003,-51.99125],[-60.66501,-51.98397],[-60.67195,-51.97412],[-60.64858,-51.96866],[-60.6432,-51.96854],[-60.646,-51.97436],[-60.62623,-51.97551],[-60.62355,-51.97905],[-60.63017,-51.97944],[-60.63245,-51.98743],[-60.62997,-51.99109],[-60.62842,-51.98119],[-60.618,-51.98201],[-60.61528,-51.97849],[-60.58743,-51.98318],[-60.58525,-51.98134],[-60.57687,-51.98655],[-60.58112,-51.98843],[-60.57929,-51.99557],[-60.58431,-52.0026],[-60.60023,-52.01151],[-60.60613,-52.0256],[-60.59164,-52.02453],[-60.59538,-52.01692],[-60.58541,-52.00915],[-60.5795,-52.01095],[-60.57866,-52.01504],[-60.56971,-52.01537],[-60.56722,-52.02288],[-60.56129,-52.02493],[-60.55868,-52.0195],[-60.56405,-52.01243],[-60.57964,-52.00455],[-60.57304,-51.9998],[-60.57354,-51.99058],[-60.56946,-51.98923],[-60.53639,-52.00186],[-60.54103,-52.00798],[-60.54643,-52.00796],[-60.5448,-52.01126],[-60.54882,-52.0175],[-60.54786,-52.02363],[-60.54372,-52.02713],[-60.5425,-52.01531],[-60.53239,-52.01408],[-60.53612,-52.01057],[-60.53237,-52.0069],[-60.51989,-52.01484],[-60.51622,-52.02104],[-60.50324,-52.02295],[-60.52481,-52.00854],[-60.5264,-52.00601],[-60.52306,-52.00248],[-60.55264,-51.99323],[-60.56952,-51.98435],[-60.55316,-51.97991],[-60.55558,-51.9774],[-60.52217,-51.98106],[-60.49515,-51.97433],[-60.45796,-51.97149],[-60.44989,-51.96747],[-60.45189,-51.96519],[-60.44891,-51.96283],[-60.44234,-51.96166],[-60.40312,-51.93671],[-60.40433,-51.93007],[-60.39654,-51.92862],[-60.39694,-51.92529],[-60.41823,-51.92628],[-60.41887,-51.92963],[-60.43284,-51.93186],[-60.43834,-51.92992],[-60.45851,-51.93613],[-60.45883,-51.94152],[-60.46935,-51.94623],[-60.48256,-51.94741],[-60.47954,-51.94196],[-60.48295,-51.94024],[-60.49173,-51.94274],[-60.49562,-51.95102],[-60.5013,-51.95332],[-60.5171,-51.95263],[-60.52564,-51.94832],[-60.54151,-51.95391],[-60.55935,-51.94621],[-60.55417,-51.94226],[-60.56001,-51.94135],[-60.5623,-51.93767],[-60.57809,-51.93698],[-60.59662,-51.93172],[-60.61815,-51.93216],[-60.62293,-51.93585],[-60.62952,-51.93278],[-60.63015,-51.92484],[-60.64207,-51.92675],[-60.64468,-51.9245],[-60.63397,-51.92313],[-60.63297,-51.91849],[-60.62761,-51.918],[-60.62326,-51.92189],[-60.61413,-51.92196],[-60.61308,-51.92629],[-60.60565,-51.92563],[-60.60295,-51.92968],[-60.57694,-51.92761],[-60.5755,-51.93116],[-60.5679,-51.9337],[-60.56053,-51.93215],[-60.55377,-51.93443],[-60.54927,-51.94087],[-60.54386,-51.94127],[-60.53799,-51.93474],[-60.53404,-51.93876],[-60.526,-51.93411],[-60.50848,-51.93617],[-60.49918,-51.93187],[-60.50059,-51.92883],[-60.49072,-51.9199],[-60.49151,-51.91326],[-60.49952,-51.91086],[-60.49199,-51.90455],[-60.48285,-51.90513],[-60.46693,-51.89351],[-60.4591,-51.88514],[-60.46008,-51.88259],[-60.44914,-51.87467],[-60.45291,-51.87025],[-60.4768,-51.87245],[-60.47216,-51.86671],[-60.44532,-51.85074],[-60.4557,-51.8429],[-60.45631,-51.83932],[-60.46093,-51.83827],[-60.46379,-51.83141],[-60.47722,-51.82427],[-60.47655,-51.81785],[-60.46393,-51.81424],[-60.46394,-51.8104],[-60.46924,-51.80808],[-60.46093,-51.80136],[-60.46227,-51.79601],[-60.45603,-51.79293],[-60.45904,-51.78722],[-60.44699,-51.77735],[-60.44187,-51.78032],[-60.42531,-51.77355],[-60.43674,-51.79058],[-60.42611,-51.78856],[-60.4201,-51.7924],[-60.4155,-51.78986],[-60.41951,-51.78841],[-60.40948,-51.77589],[-60.40598,-51.77556],[-60.40632,-51.78043],[-60.39975,-51.77978],[-60.39695,-51.77459],[-60.39862,-51.77065],[-60.39425,-51.76773],[-60.38998,-51.77009],[-60.38443,-51.76611],[-60.37184,-51.76583],[-60.37163,-51.76941],[-60.38484,-51.77304],[-60.38615,-51.77922],[-60.38108,-51.78114],[-60.37302,-51.77047],[-60.36745,-51.77393],[-60.37208,-51.78659],[-60.38355,-51.79557],[-60.39164,-51.79139],[-60.40386,-51.7946],[-60.41178,-51.80042],[-60.41779,-51.81479],[-60.41076,-51.81488],[-60.40103,-51.80057],[-60.39346,-51.79937],[-60.40071,-51.80594],[-60.38926,-51.8112],[-60.38117,-51.80807],[-60.38362,-51.80146],[-60.36896,-51.79754],[-60.36325,-51.81049],[-60.35549,-51.81236],[-60.35593,-51.81545],[-60.37283,-51.81634],[-60.37096,-51.82719],[-60.37889,-51.83314],[-60.37981,-51.83854],[-60.39862,-51.84242],[-60.40006,-51.84976],[-60.4069,-51.85324],[-60.40304,-51.85546],[-60.40666,-51.86092],[-60.39973,-51.8591],[-60.39758,-51.85329],[-60.38839,-51.8477],[-60.38236,-51.84808],[-60.38286,-51.85373],[-60.3751,-51.85561],[-60.37404,-51.85251],[-60.3663,-51.85746],[-60.359,-51.85474],[-60.35805,-51.86035],[-60.35013,-51.86146],[-60.34985,-51.86606],[-60.35752,-51.86598],[-60.35828,-51.8742],[-60.35397,-51.87],[-60.33813,-51.86836],[-60.34302,-51.86258],[-60.33071,-51.86076],[-60.33792,-51.85426],[-60.34327,-51.85477],[-60.33079,-51.83846],[-60.32976,-51.82793],[-60.33627,-51.8227],[-60.3334,-51.81879],[-60.32801,-51.81892],[-60.31904,-51.83076],[-60.30658,-51.82817],[-60.30603,-51.8338],[-60.30113,-51.83625],[-60.29508,-51.83021],[-60.29987,-51.81929],[-60.29778,-51.81618],[-60.3017,-51.81268],[-60.31735,-51.81048],[-60.3101,-51.80723],[-60.31312,-51.80512],[-60.32676,-51.80518],[-60.31543,-51.79403],[-60.30832,-51.7954],[-60.29873,-51.78647],[-60.30253,-51.78168],[-60.30019,-51.77932],[-60.31559,-51.7775],[-60.31202,-51.77498],[-60.31822,-51.76795],[-60.3223,-51.76881],[-60.3241,-51.7768],[-60.32951,-51.77948],[-60.33235,-51.77698],[-60.3241,-51.76629],[-60.32401,-51.7609],[-60.30788,-51.76117],[-60.29991,-51.75638],[-60.26396,-51.74978],[-60.28417,-51.7605],[-60.27735,-51.7606],[-60.27697,-51.7646],[-60.27185,-51.76611],[-60.27916,-51.77166],[-60.26348,-51.76463],[-60.25765,-51.76539],[-60.26902,-51.77886],[-60.2578,-51.77988],[-60.2596,-51.78761],[-60.25468,-51.78724],[-60.24648,-51.7791],[-60.23488,-51.7796],[-60.23397,-51.7742],[-60.23035,-51.77244],[-60.22166,-51.77621],[-60.21595,-51.79171],[-60.21257,-51.78958],[-60.213,-51.78267],[-60.20744,-51.78228],[-60.19879,-51.77516],[-60.19418,-51.763],[-60.18891,-51.76133],[-60.18358,-51.75403],[-60.18152,-51.74398],[-60.18484,-51.73714],[-60.18188,-51.73502],[-60.18608,-51.73051],[-60.18868,-51.71852],[-60.18179,-51.71323],[-60.18539,-51.705],[-60.19729,-51.69938],[-60.21117,-51.70176],[-60.2474,-51.6962],[-60.26139,-51.70358],[-60.26573,-51.71368],[-60.27651,-51.71957],[-60.29132,-51.72042],[-60.30847,-51.71313],[-60.31559,-51.6974],[-60.3193,-51.69748],[-60.32248,-51.70653],[-60.34105,-51.71695],[-60.35917,-51.71403],[-60.35999,-51.71058],[-60.38034,-51.71552],[-60.37452,-51.71975],[-60.37891,-51.72587],[-60.388,-51.72928],[-60.37051,-51.73196],[-60.37404,-51.74229],[-60.36794,-51.75126],[-60.35818,-51.7486],[-60.35528,-51.75213],[-60.35896,-51.75644],[-60.37286,-51.75893],[-60.37668,-51.75362],[-60.38717,-51.75438],[-60.3895,-51.75315],[-60.38714,-51.74771],[-60.39314,-51.74388],[-60.41021,-51.74515],[-60.41147,-51.74825],[-60.40546,-51.74863],[-60.41806,-51.75583],[-60.41847,-51.75943],[-60.44157,-51.77095],[-60.45709,-51.77424],[-60.46149,-51.76946],[-60.47319,-51.77446],[-60.4803,-51.77294],[-60.48333,-51.77032],[-60.47633,-51.76248],[-60.47897,-51.75972],[-60.48392,-51.75982],[-60.49252,-51.76859],[-60.49906,-51.76976],[-60.51858,-51.76415],[-60.52368,-51.76527],[-60.5225,-51.76807],[-60.52783,-51.77229],[-60.53249,-51.77034],[-60.54606,-51.77921],[-60.53544,-51.78449],[-60.54137,-51.78936],[-60.55483,-51.79284],[-60.5508,-51.7984],[-60.54089,-51.79819],[-60.53546,-51.79552],[-60.53648,-51.7881],[-60.53275,-51.78841],[-60.52422,-51.79324],[-60.52333,-51.79834],[-60.5269,-51.80469],[-60.53958,-51.80714],[-60.54658,-51.80011],[-60.56934,-51.79955],[-60.5667,-51.79104],[-60.57019,-51.78778],[-60.57009,-51.78187],[-60.55905,-51.77577],[-60.55939,-51.77346],[-60.56389,-51.77035],[-60.58968,-51.77473],[-60.59174,-51.76336],[-60.59701,-51.75732],[-60.60479,-51.7548],[-60.60893,-51.7468],[-60.61353,-51.74561],[-60.6206,-51.73678],[-60.62475,-51.73648],[-60.63032,-51.72852],[-60.63888,-51.72664],[-60.64388,-51.71393],[-60.65009,-51.70957],[-60.64682,-51.70502],[-60.64751,-51.69965],[-60.65972,-51.68682],[-60.66022,-51.67709],[-60.65226,-51.67155],[-60.65225,-51.6677],[-60.63436,-51.67093],[-60.62989,-51.67764],[-60.6216,-51.67837],[-60.61297,-51.68972],[-60.61164,-51.68355],[-60.61636,-51.67621],[-60.60806,-51.67706],[-60.548,-51.7053],[-60.51339,-51.70457],[-60.51028,-51.70861],[-60.50162,-51.70842],[-60.43708,-51.69717],[-60.4093,-51.68515],[-60.39908,-51.68364],[-60.3912,-51.67732],[-60.37981,-51.67463],[-60.37224,-51.67715],[-60.36843,-51.67168],[-60.33311,-51.67652],[-60.32002,-51.68174],[-60.31728,-51.67924],[-60.29862,-51.68099],[-60.26633,-51.67627],[-60.24797,-51.66969],[-60.24445,-51.65985],[-60.23334,-51.65614],[-60.20474,-51.66559],[-60.16805,-51.69201],[-60.15734,-51.69175],[-60.09906,-51.70659],[-60.07434,-51.72534],[-60.01963,-51.73498],[-59.99916,-51.73374],[-59.99777,-51.73147],[-60.00749,-51.73134],[-60.02093,-51.73411],[-60.02065,-51.72899],[-60.02596,-51.7267],[-60.04909,-51.72638],[-60.06803,-51.7207],[-60.07035,-51.71358],[-60.08194,-51.7131],[-60.08645,-51.70706],[-60.09035,-51.70741],[-60.09073,-51.70153],[-60.08394,-51.69802],[-60.08944,-51.69585],[-60.09382,-51.69827],[-60.0955,-51.69139],[-60.08251,-51.69244],[-60.07785,-51.69646],[-60.07487,-51.69472],[-60.07554,-51.68756],[-60.08509,-51.68652],[-60.08884,-51.68917],[-60.08882,-51.68302],[-60.09406,-51.68161],[-60.09415,-51.67393],[-60.09673,-51.6722],[-60.11001,-51.67086],[-60.11091,-51.67613],[-60.13855,-51.68245],[-60.15467,-51.67515],[-60.15575,-51.67122],[-60.16292,-51.6751],[-60.16353,-51.67203],[-60.17938,-51.66575],[-60.18063,-51.66218],[-60.18492,-51.66281],[-60.19679,-51.64746],[-60.22213,-51.6305],[-60.23695,-51.63072],[-60.24093,-51.62954],[-60.24136,-51.62596],[-60.25787,-51.62532],[-60.25804,-51.6225],[-60.25317,-51.62124],[-60.2378,-51.62344],[-60.22898,-51.61964],[-60.22071,-51.62009],[-60.2191,-51.6162],[-60.23133,-51.60803],[-60.27197,-51.60988],[-60.29129,-51.60354],[-60.29713,-51.5952],[-60.30441,-51.59743],[-60.30283,-51.58586],[-60.30635,-51.57851],[-60.28289,-51.57874],[-60.26782,-51.57275],[-60.27485,-51.57214],[-60.27573,-51.57473],[-60.29176,-51.57843],[-60.31052,-51.57771],[-60.31205,-51.57274],[-60.30669,-51.57288],[-60.30317,-51.5628],[-60.29647,-51.55803],[-60.29956,-51.55426],[-60.29631,-51.55341],[-60.31002,-51.54783],[-60.30841,-51.5437],[-60.34431,-51.54144],[-60.33446,-51.54801],[-60.32805,-51.5453],[-60.32179,-51.54682],[-60.31867,-51.55098],[-60.30832,-51.55228],[-60.311,-51.55555],[-60.30139,-51.55815],[-60.30898,-51.56551],[-60.30871,-51.57104],[-60.33174,-51.58063],[-60.37731,-51.57512],[-60.39733,-51.56672],[-60.40041,-51.5632],[-60.39784,-51.55776],[-60.4044,-51.56175],[-60.42362,-51.5491],[-60.48169,-51.53229],[-60.48787,-51.53204],[-60.48644,-51.5356],[-60.49342,-51.53959],[-60.50343,-51.5293],[-60.51133,-51.52647],[-60.50273,-51.52339],[-60.513,-51.50463],[-60.50853,-51.49993],[-60.48536,-51.49559],[-60.47821,-51.49121],[-60.40107,-51.50477],[-60.38464,-51.50467],[-60.38125,-51.49946],[-60.38557,-51.49547],[-60.38119,-51.49331],[-60.3816,-51.48614],[-60.40036,-51.48118],[-60.39767,-51.47445],[-60.40876,-51.4706],[-60.41986,-51.45572],[-60.43373,-51.45705],[-60.44734,-51.45221],[-60.44718,-51.44401],[-60.45494,-51.43713],[-60.47173,-51.43763],[-60.48466,-51.44124],[-60.48727,-51.44591],[-60.51897,-51.45132],[-60.53242,-51.44546],[-60.54717,-51.44577],[-60.58037,-51.43851],[-60.59464,-51.44009],[-60.61001,-51.42849],[-60.60357,-51.42617],[-60.59025,-51.43],[-60.58874,-51.42753],[-60.5966,-51.42616],[-60.60935,-51.41757],[-60.61359,-51.41881],[-60.63008,-51.413],[-60.62884,-51.41707],[-60.63352,-51.41781],[-60.64577,-51.41049],[-60.63668,-51.40429],[-60.62687,-51.40371],[-60.62485,-51.39136],[-60.6326,-51.38793],[-60.62926,-51.37735],[-60.63738,-51.3747],[-60.64395,-51.37842],[-60.6432,-51.37302],[-60.664,-51.36266],[-60.66081,-51.35697],[-60.65596,-51.35572],[-60.62973,-51.36429],[-60.61097,-51.36288],[-60.60951,-51.35952],[-60.65509,-51.34082],[-60.63709,-51.3406],[-60.61343,-51.34704],[-60.58656,-51.35982],[-60.5646,-51.36475],[-60.56793,-51.37148],[-60.55749,-51.36755],[-60.53854,-51.36971],[-60.48518,-51.38716],[-60.47371,-51.39435],[-60.44972,-51.40203],[-60.45133,-51.41001],[-60.44567,-51.40861],[-60.44739,-51.40352],[-60.44036,-51.40465],[-60.40341,-51.42024],[-60.38979,-51.42891],[-60.37369,-51.44521],[-60.3576,-51.45383],[-60.24483,-51.49377],[-60.199,-51.49793],[-60.16214,-51.48308],[-60.15523,-51.48522],[-60.16879,-51.48837],[-60.1703,-51.49712],[-60.1664,-51.50036],[-60.14776,-51.50299],[-60.12605,-51.50194],[-60.12006,-51.49504],[-60.11213,-51.49801],[-60.1158,-51.50169],[-60.11031,-51.50412],[-60.09891,-51.50243],[-60.09328,-51.50062],[-60.08884,-51.49615],[-60.09059,-51.49133],[-60.08039,-51.48402],[-60.07565,-51.48737],[-60.06605,-51.48328],[-60.06103,-51.49109],[-60.05198,-51.49138],[-60.04846,-51.48233],[-60.04286,-51.48001],[-59.98375,-51.47446],[-59.9866,-51.46772],[-59.99798,-51.46602],[-59.99858,-51.46268],[-60.01422,-51.45352],[-60.09113,-51.45058],[-60.09058,-51.44313],[-60.09936,-51.4372],[-60.08142,-51.43548],[-60.07556,-51.43097],[-60.07615,-51.42176],[-60.06719,-51.42076],[-60.06741,-51.41731],[-60.07639,-51.41373],[-60.08154,-51.40779],[-60.03059,-51.41626],[-60.02996,-51.41329],[-60.03477,-51.41173],[-60.03047,-51.40856],[-60.03231,-51.40553],[-60.02979,-51.40316],[-60.04522,-51.39906],[-60.03736,-51.39386],[-60.04315,-51.39311],[-60.04334,-51.39017],[-60.04873,-51.38915],[-60.04853,-51.38594],[-60.01443,-51.38123],[-60.00307,-51.38274],[-60.00744,-51.38772],[-59.99364,-51.38718],[-59.99015,-51.39022],[-59.9989,-51.39243],[-60.00103,-51.39807],[-60.01934,-51.40314],[-60.01441,-51.40661],[-60.01286,-51.41772],[-59.99914,-51.42101],[-59.97934,-51.41933],[-59.98465,-51.41279],[-59.98276,-51.40899],[-59.97268,-51.40515],[-59.96557,-51.4061],[-59.96015,-51.39521],[-59.95298,-51.39821],[-59.94645,-51.39248],[-59.93899,-51.39754],[-59.93202,-51.39746],[-59.93788,-51.39295],[-59.93644,-51.38978],[-59.91651,-51.39528],[-59.90256,-51.39178],[-59.91764,-51.38397],[-59.90783,-51.38447],[-59.9027,-51.38101],[-59.88315,-51.38278],[-59.86511,-51.38911],[-59.87324,-51.39455],[-59.89418,-51.39519],[-59.8909,-51.39848],[-59.89288,-51.40061],[-59.88871,-51.40178],[-59.89148,-51.40436],[-59.89767,-51.4051],[-59.89767,-51.4019],[-59.90312,-51.40061],[-59.9053,-51.40261],[-59.89855,-51.40598],[-59.88957,-51.40658],[-59.90178,-51.4182],[-59.89231,-51.411],[-59.87641,-51.40588],[-59.82719,-51.39875],[-59.82169,-51.40247],[-59.85757,-51.40622],[-59.87323,-51.4107],[-59.87406,-51.41402],[-59.85268,-51.41326],[-59.83488,-51.41715],[-59.81566,-51.41108],[-59.79526,-51.41259],[-59.77148,-51.41932],[-59.76733,-51.41838],[-59.76347,-51.40899],[-59.75861,-51.40987],[-59.75647,-51.41518],[-59.75261,-51.41258],[-59.74448,-51.41354],[-59.74368,-51.42073],[-59.73013,-51.42028],[-59.73219,-51.42741],[-59.7505,-51.42506],[-59.75067,-51.42775],[-59.76888,-51.43053],[-59.77305,-51.43516],[-59.77608,-51.44791],[-59.77932,-51.44373],[-59.77428,-51.4318],[-59.80412,-51.43686],[-59.81456,-51.43328],[-59.82735,-51.43451],[-59.82835,-51.43743],[-59.80583,-51.43797],[-59.80888,-51.44085],[-59.82742,-51.44219],[-59.81433,-51.44289],[-59.80761,-51.45023],[-59.81321,-51.45125],[-59.8126,-51.45473],[-59.79401,-51.4594],[-59.76309,-51.45693],[-59.75843,-51.45115],[-59.75743,-51.45501],[-59.75113,-51.45593],[-59.75138,-51.46003],[-59.74099,-51.45783],[-59.73253,-51.46059],[-59.72726,-51.45469],[-59.70603,-51.44955],[-59.70334,-51.45256],[-59.69734,-51.44821],[-59.6755,-51.44666],[-59.63393,-51.43709],[-59.63374,-51.44094],[-59.62798,-51.44056],[-59.62614,-51.44778],[-59.62252,-51.44914],[-59.62293,-51.44195],[-59.61821,-51.43475],[-59.59383,-51.43863],[-59.57267,-51.43435],[-59.53056,-51.41451],[-59.51997,-51.40448],[-59.52032,-51.39973],[-59.51338,-51.40014],[-59.50403,-51.39393],[-59.48936,-51.3954],[-59.48602,-51.39803],[-59.49147,-51.41176],[-59.48065,-51.40865],[-59.48351,-51.41603],[-59.50118,-51.41693],[-59.51627,-51.42289],[-59.53925,-51.43431],[-59.53968,-51.4384],[-59.59928,-51.44427],[-59.60112,-51.44782],[-59.5896,-51.45807],[-59.57849,-51.45755],[-59.5762,-51.46068],[-59.54239,-51.465],[-59.5438,-51.4683],[-59.52071,-51.47752],[-59.54172,-51.44938],[-59.52966,-51.45016],[-59.525,-51.45487],[-59.51435,-51.4551],[-59.50883,-51.45919],[-59.47511,-51.45786],[-59.46559,-51.46382],[-59.44763,-51.45805],[-59.44684,-51.45089],[-59.43837,-51.44978],[-59.43802,-51.4471],[-59.4283,-51.44935],[-59.40179,-51.4367],[-59.39599,-51.43566],[-59.38756,-51.43917],[-59.38288,-51.4358],[-59.38253,-51.43299],[-59.39381,-51.4226],[-59.43504,-51.40641],[-59.47557,-51.40569],[-59.47195,-51.39935],[-59.44304,-51.39509],[-59.4358,-51.38986],[-59.43356,-51.38247],[-59.45319,-51.35515],[-59.44894,-51.35216],[-59.42485,-51.36099],[-59.40603,-51.36138],[-59.40371,-51.35618],[-59.40646,-51.34997],[-59.41554,-51.3476],[-59.41466,-51.33852],[-59.39302,-51.33948],[-59.39118,-51.33567],[-59.37957,-51.34052],[-59.37979,-51.34487],[-59.37237,-51.35169],[-59.36547,-51.35285],[-59.35763,-51.35955],[-59.3197,-51.37056],[-59.3137,-51.36927],[-59.30655,-51.37787],[-59.29545,-51.37706],[-59.27295,-51.3857],[-59.26914,-51.38321],[-59.26407,-51.38843],[-59.23958,-51.39019],[-59.23828,-51.39713],[-59.23266,-51.39967],[-59.21685,-51.40318],[-59.19374,-51.39964],[-59.19933,-51.4053],[-59.20716,-51.40605],[-59.22072,-51.41541],[-59.25522,-51.42513],[-59.27112,-51.42316],[-59.26904,-51.42679],[-59.27348,-51.42939],[-59.28073,-51.42694],[-59.2829,-51.43344],[-59.29126,-51.4325],[-59.28471,-51.44096],[-59.27603,-51.43947],[-59.26645,-51.44478],[-59.27285,-51.44978],[-59.27898,-51.4494],[-59.28041,-51.45335],[-59.27417,-51.45565],[-59.27657,-51.45855],[-59.28975,-51.45957],[-59.29296,-51.4622],[-59.28665,-51.46322],[-59.26774,-51.46257],[-59.22303,-51.44612],[-59.20657,-51.43644],[-59.19975,-51.43528],[-59.19991,-51.43861],[-59.23436,-51.45975],[-59.28667,-51.48411],[-59.28905,-51.49073],[-59.33428,-51.52418],[-59.34097,-51.52238],[-59.34301,-51.51811],[-59.32995,-51.50377],[-59.3283,-51.4956],[-59.33533,-51.49251],[-59.34333,-51.49632],[-59.34557,-51.49192],[-59.34989,-51.49209],[-59.34965,-51.49543],[-59.35366,-51.49765],[-59.34958,-51.50209],[-59.35207,-51.50666],[-59.3728,-51.49855],[-59.39755,-51.50445],[-59.41856,-51.51338],[-59.48048,-51.52656],[-59.41821,-51.51466],[-59.38064,-51.50313],[-59.37405,-51.50275],[-59.36605,-51.50689],[-59.3643,-51.51269],[-59.3594,-51.50933],[-59.35368,-51.50996],[-59.36663,-51.52597],[-59.38289,-51.52654],[-59.38116,-51.52888],[-59.36774,-51.52761],[-59.37532,-51.53899],[-59.37185,-51.53958],[-59.3623,-51.52977],[-59.3475,-51.52161],[-59.33798,-51.52821],[-59.3777,-51.56894],[-59.37804,-51.57534],[-59.38545,-51.57954],[-59.39121,-51.59122],[-59.38578,-51.59748],[-59.39112,-51.60121],[-59.391,-51.60673],[-59.41612,-51.6148],[-59.44404,-51.63626],[-59.47735,-51.63531],[-59.48003,-51.63166],[-59.46643,-51.61632],[-59.45803,-51.59804],[-59.45544,-51.59578],[-59.44273,-51.59669],[-59.44081,-51.59148],[-59.44467,-51.58678],[-59.46464,-51.59841],[-59.47603,-51.61483],[-59.49096,-51.62067],[-59.49874,-51.62729],[-59.51407,-51.62902],[-59.5325,-51.64567],[-59.53778,-51.64786],[-59.53866,-51.64528],[-59.5317,-51.63133],[-59.52026,-51.62184],[-59.50678,-51.61623],[-59.50424,-51.60757],[-59.51605,-51.61629],[-59.53667,-51.6243],[-59.54317,-51.6339],[-59.5682,-51.64668],[-59.56786,-51.65156],[-59.59085,-51.66105],[-59.59196,-51.6659],[-59.5894,-51.66801],[-59.59733,-51.67334],[-59.60145,-51.68055],[-59.59735,-51.6809],[-59.54964,-51.64632],[-59.54286,-51.64672],[-59.5448,-51.65181],[-59.56397,-51.67395],[-59.56036,-51.67582],[-59.56132,-51.67811],[-59.56619,-51.67672],[-59.57074,-51.68072],[-59.5682,-51.68308],[-59.57033,-51.6879],[-59.58431,-51.69093],[-59.59112,-51.69821],[-59.58949,-51.70209],[-59.58434,-51.70221],[-59.59539,-51.70786],[-59.59212,-51.71203],[-59.59833,-51.71241],[-59.60251,-51.71693],[-59.60065,-51.72056],[-59.60609,-51.7289],[-59.61118,-51.72776],[-59.63137,-51.7414],[-59.64554,-51.7366],[-59.6566,-51.74212],[-59.64111,-51.73849],[-59.63508,-51.74132],[-59.63223,-51.74907],[-59.62479,-51.74898],[-59.62625,-51.7528],[-59.64419,-51.76303],[-59.64998,-51.76316],[-59.65081,-51.7666],[-59.72573,-51.81358],[-59.7296,-51.81273],[-59.72385,-51.80645],[-59.72691,-51.80587],[-59.74728,-51.81103],[-59.7524,-51.80681],[-59.76631,-51.81443],[-59.74948,-51.8097],[-59.74754,-51.81872],[-59.80138,-51.86307],[-59.80578,-51.87065],[-59.80169,-51.87152],[-59.78549,-51.8573],[-59.78236,-51.85686],[-59.78349,-51.8617],[-59.79806,-51.87302],[-59.80563,-51.87489],[-59.8063,-51.87897],[-59.81867,-51.88137],[-59.83643,-51.90042],[-59.84952,-51.93035],[-59.85205,-51.94413],[-59.84823,-51.94935],[-59.85547,-51.95558],[-59.85893,-51.96421],[-59.88079,-51.96868],[-59.90013,-51.97897],[-59.90396,-51.97721],[-59.90099,-51.96985],[-59.91944,-51.96632],[-59.95709,-51.99306],[-60.00151,-52.00526],[-60.01723,-51.9982],[-60.00328,-51.99445],[-59.99556,-51.98867],[-59.9974,-51.98115],[-60.00443,-51.98071],[-60.00337,-51.97728],[-60.01656,-51.9692],[-60.01362,-51.96028],[-60.02278,-51.96295],[-60.02993,-51.96146],[-60.03671,-51.96573],[-60.03669,-51.96906],[-60.04309,-51.96961],[-60.05204,-51.96919],[-60.05408,-51.96335],[-60.06793,-51.9578],[-60.07643,-51.96109],[-60.07517,-51.9549],[-60.0663,-51.94776],[-60.07381,-51.94718],[-60.07726,-51.9356],[-60.08576,-51.94184],[-60.08473,-51.94822],[-60.09133,-51.95529],[-60.08494,-51.96104],[-60.08865,-51.96459],[-60.09454,-51.96333],[-60.0877,-51.97276],[-60.09354,-51.9724],[-60.09525,-51.97488],[-60.09122,-51.9794],[-60.09935,-51.98524],[-60.08667,-51.99185],[-60.08649,-51.99773],[-60.10001,-52.00717],[-60.16961,-52.00334],[-60.21697,-52.00999],[-60.23649,-52.01647],[-60.23991,-52.01502],[-60.23748,-52.00727],[-60.20578,-51.99601],[-60.19419,-51.98882],[-60.18885,-51.98126],[-60.20622,-51.98897],[-60.22019,-51.99136],[-60.2068,-51.97963],[-60.23908,-51.99476],[-60.24069,-51.99222],[-60.23121,-51.98098],[-60.22171,-51.98024],[-60.21914,-51.97454],[-60.22163,-51.97473],[-60.22364,-51.97926],[-60.23169,-51.97984],[-60.2497,-51.99077],[-60.27204,-51.99897],[-60.27772,-51.9977],[-60.27777,-52.00026],[-60.27313,-52.00144],[-60.28127,-52.00419],[-60.2867,-52.01047],[-60.32687,-51.99524],[-60.32906,-51.98632],[-60.32668,-51.96704],[-60.32942,-51.96633],[-60.32991,-51.96147],[-60.31728,-51.9576],[-60.31021,-51.95103],[-60.31407,-51.94881],[-60.30831,-51.94112],[-60.31029,-51.93565],[-60.32146,-51.93616],[-60.32455,-51.95751],[-60.33007,-51.95891],[-60.32807,-51.94016],[-60.33943,-51.94093],[-60.34741,-51.93573],[-60.35097,-51.93863],[-60.35405,-51.93562],[-60.36798,-51.9349],[-60.36386,-51.94865],[-60.35879,-51.95367],[-60.34109,-51.95839],[-60.33824,-51.96102],[-60.34009,-51.96478],[-60.33074,-51.96508],[-60.32759,-51.96911],[-60.3305,-51.9761],[-60.3292,-51.99093],[-60.34208,-51.9943],[-60.33037,-51.99557],[-60.32833,-51.9986],[-60.30189,-52.00671],[-60.29979,-52.01384],[-60.29165,-52.01801],[-60.29611,-52.01991],[-60.29246,-52.02188],[-60.28861,-52.01692],[-60.28133,-52.02034],[-60.27842,-52.02719],[-60.27916,-52.039],[-60.28356,-52.04178],[-60.27996,-52.04286],[-60.27898,-52.04873],[-60.27361,-52.04502],[-60.27777,-52.06178],[-60.27691,-52.08278],[-60.27319,-52.08243],[-60.2684,-52.07566],[-60.25707,-52.02311],[-60.24895,-52.01651],[-60.24194,-52.01917],[-60.25552,-52.02794],[-60.25612,-52.04872],[-60.26524,-52.08994],[-60.2741,-52.09476],[-60.28083,-52.09363],[-60.2877,-52.10045],[-60.28679,-52.10505],[-60.29254,-52.11338],[-60.30167,-52.11718],[-60.3342,-52.15457],[-60.35487,-52.16093],[-60.35792,-52.15869],[-60.3576,-52.15356],[-60.36298,-52.15419],[-60.36583,-52.15887],[-60.37892,-52.15224],[-60.37785,-52.14197],[-60.38402,-52.13646],[-60.38,-52.12689],[-60.38161,-52.11809]],[[-60.38133,-52.11756],[-60.37749,-52.11633],[-60.37656,-52.10745],[-60.36447,-52.10771],[-60.34619,-52.11409],[-60.33364,-52.10817],[-60.32987,-52.10167],[-60.34345,-52.10429],[-60.34653,-52.10141],[-60.3835,-52.10262],[-60.40446,-52.09283],[-60.39726,-52.10216],[-60.38024,-52.11203],[-60.38133,-52.11756]]],[[[-59.21582,-51.59338],[-59.21859,-51.58692],[-59.21575,-51.58364],[-59.20301,-51.58388],[-59.20956,-51.5917],[-59.21582,-51.59338]]],[[[-59.26589,-52.20804],[-59.26637,-52.20124],[-59.25635,-52.20105],[-59.25513,-52.20568],[-59.26589,-52.20804]]],[[[-59.29893,-52.2502],[-59.30174,-52.24784],[-59.29748,-52.24638],[-59.29491,-52.249],[-59.29893,-52.2502]]],[[[-59.31247,-52.24545],[-59.31539,-52.24539],[-59.3192,-52.23853],[-59.30951,-52.23667],[-59.30698,-52.2403],[-59.31247,-52.24545]]],[[[-59.32209,-52.25385],[-59.32498,-52.25328],[-59.3247,-52.2479],[-59.31963,-52.24672],[-59.31541,-52.24988],[-59.31576,-52.25256],[-59.32209,-52.25385]]],[[[-59.35687,-51.78209],[-59.36137,-51.78123],[-59.36118,-51.77765],[-59.35608,-51.77877],[-59.35687,-51.78209]]],[[[-59.6706,-51.27118],[-59.65308,-51.26492],[-59.64145,-51.26864],[-59.63429,-51.26496],[-59.61689,-51.26804],[-59.60763,-51.26312],[-59.60098,-51.2684],[-59.59118,-51.26861],[-59.58763,-51.27074],[-59.60108,-51.28095],[-59.60185,-51.28734],[-59.59485,-51.29006],[-59.59105,-51.28066],[-59.58683,-51.28204],[-59.58802,-51.28868],[-59.59412,-51.29162],[-59.59363,-51.29752],[-59.6005,-51.30686],[-59.58711,-51.31241],[-59.5637,-51.31062],[-59.54507,-51.30295],[-59.53839,-51.28566],[-59.54724,-51.27932],[-59.5451,-51.27757],[-59.51818,-51.28597],[-59.51283,-51.28545],[-59.50997,-51.28166],[-59.51469,-51.27823],[-59.50757,-51.27889],[-59.50327,-51.27488],[-59.49148,-51.27616],[-59.47674,-51.28314],[-59.47575,-51.28752],[-59.47887,-51.28848],[-59.47248,-51.30271],[-59.46525,-51.30517],[-59.46381,-51.30879],[-59.44887,-51.31243],[-59.44971,-51.32062],[-59.4412,-51.32208],[-59.42365,-51.33449],[-59.42526,-51.33779],[-59.43369,-51.33864],[-59.43652,-51.33409],[-59.44272,-51.33525],[-59.45138,-51.32891],[-59.45791,-51.32852],[-59.47662,-51.30365],[-59.48058,-51.3051],[-59.47156,-51.3199],[-59.48476,-51.33321],[-59.45823,-51.34607],[-59.46234,-51.35021],[-59.48365,-51.3431],[-59.50989,-51.34395],[-59.51335,-51.34734],[-59.53076,-51.34389],[-59.5432,-51.34669],[-59.588,-51.34276],[-59.59797,-51.3346],[-59.60291,-51.32423],[-59.60157,-51.31862],[-59.60566,-51.31853],[-59.6068,-51.31338],[-59.61679,-51.30572],[-59.62974,-51.30684],[-59.64945,-51.30114],[-59.65767,-51.30185],[-59.68089,-51.29338],[-59.71169,-51.30267],[-59.72358,-51.29277],[-59.72629,-51.30066],[-59.7304,-51.29416],[-59.75793,-51.293],[-59.76066,-51.28742],[-59.76983,-51.28349],[-59.81211,-51.27966],[-59.82874,-51.27106],[-59.83364,-51.26427],[-59.82454,-51.2627],[-59.82075,-51.25395],[-59.79794,-51.25514],[-59.78371,-51.24945],[-59.7712,-51.25193],[-59.76032,-51.24757],[-59.74969,-51.2509],[-59.74465,-51.26563],[-59.73605,-51.26531],[-59.7328,-51.25873],[-59.72723,-51.25784],[-59.72844,-51.26806],[-59.70926,-51.26837],[-59.70372,-51.27145],[-59.6706,-51.27118]]],[[[-59.48151,-51.82438],[-59.47995,-51.81852],[-59.4771,-51.81934],[-59.48151,-51.82438]]],[[[-59.52746,-51.75112],[-59.52707,-51.74421],[-59.51767,-51.73851],[-59.51309,-51.73028],[-59.50533,-51.73186],[-59.50423,-51.73444],[-59.50949,-51.73613],[-59.50973,-51.74048],[-59.52746,-51.75112]]],[[[-59.54759,-52.28277],[-59.54858,-52.27826],[-59.55501,-52.27748],[-59.55319,-52.27124],[-59.56026,-52.27071],[-59.56019,-52.26225],[-59.54941,-52.27081],[-59.5392,-52.2677],[-59.53548,-52.26842],[-59.53661,-52.27352],[-59.53034,-52.2734],[-59.53004,-52.27546],[-59.5379,-52.27414],[-59.54391,-52.27695],[-59.54759,-52.28277]]],[[[-59.61941,-51.81293],[-59.62989,-51.79757],[-59.62258,-51.78915],[-59.60866,-51.78433],[-59.59478,-51.78733],[-59.58995,-51.78231],[-59.58108,-51.7837],[-59.54775,-51.75952],[-59.53723,-51.75962],[-59.54768,-51.76555],[-59.55542,-51.77461],[-59.55367,-51.79489],[-59.55906,-51.80605],[-59.56871,-51.80136],[-59.5911,-51.8024],[-59.60084,-51.80642],[-59.61409,-51.80677],[-59.61941,-51.81293]]],[[[-59.55435,-51.67146],[-59.55415,-51.66801],[-59.54394,-51.66221],[-59.54156,-51.66392],[-59.55435,-51.67146]]],[[[-59.59056,-52.23147],[-59.5966,-52.22762],[-59.58898,-52.22574],[-59.58649,-52.22964],[-59.59056,-52.23147]]],[[[-59.60662,-51.8778],[-59.61249,-51.87562],[-59.60924,-51.86954],[-59.61901,-51.87022],[-59.62177,-51.86773],[-59.61772,-51.86218],[-59.59747,-51.86288],[-59.58808,-51.85796],[-59.5956,-51.87343],[-59.60662,-51.8778]]],[[[-59.66572,-51.38434],[-59.66902,-51.38119],[-59.66763,-51.37494],[-59.65784,-51.37555],[-59.65539,-51.36868],[-59.59046,-51.37193],[-59.61709,-51.37569],[-59.60033,-51.37978],[-59.6284,-51.38352],[-59.64828,-51.38025],[-59.65552,-51.38149],[-59.65547,-51.38419],[-59.66572,-51.38434]]],[[[-59.59848,-51.42661],[-59.61908,-51.42128],[-59.62147,-51.41635],[-59.64134,-51.41975],[-59.64221,-51.41717],[-59.6393,-51.40929],[-59.60258,-51.40498],[-59.59543,-51.40899],[-59.59718,-51.41459],[-59.59102,-51.42523],[-59.59848,-51.42661]]],[[[-59.66121,-51.79943],[-59.66436,-51.79679],[-59.66441,-51.79064],[-59.62178,-51.76828],[-59.63688,-51.78639],[-59.66121,-51.79943]]],[[[-59.62796,-51.34726],[-59.62793,-51.33957],[-59.62461,-51.33887],[-59.62369,-51.34415],[-59.62796,-51.34726]]],[[[-59.63078,-51.97235],[-59.63948,-51.96511],[-59.64531,-51.96549],[-59.64551,-51.96177],[-59.63584,-51.95968],[-59.62393,-51.96879],[-59.63078,-51.97235]]],[[[-59.63458,-51.88858],[-59.63675,-51.87969],[-59.63269,-51.87748],[-59.62747,-51.88041],[-59.62838,-51.88526],[-59.63458,-51.88858]]],[[[-59.70002,-51.33376],[-59.69629,-51.33647],[-59.69785,-51.33862],[-59.70601,-51.34163],[-59.6992,-51.34769],[-59.69674,-51.34415],[-59.6944,-51.34959],[-59.68256,-51.35012],[-59.68447,-51.34418],[-59.6802,-51.33761],[-59.67395,-51.3357],[-59.6563,-51.34187],[-59.64045,-51.3439],[-59.63725,-51.34166],[-59.63498,-51.34479],[-59.63837,-51.34676],[-59.63756,-51.3505],[-59.64304,-51.35332],[-59.63859,-51.35419],[-59.63893,-51.35649],[-59.65018,-51.35649],[-59.64947,-51.34421],[-59.6564,-51.34367],[-59.66416,-51.34695],[-59.66504,-51.35154],[-59.67404,-51.35134],[-59.66325,-51.35594],[-59.68812,-51.35422],[-59.70346,-51.35041],[-59.7135,-51.33684],[-59.70885,-51.3308],[-59.70002,-51.33376]]],[[[-59.64076,-51.93048],[-59.65712,-51.92306],[-59.65172,-51.91934],[-59.65678,-51.91384],[-59.6501,-51.91297],[-59.65078,-51.91757],[-59.63543,-51.92432],[-59.64076,-51.93048]]],[[[-59.67313,-51.40609],[-59.67135,-51.38959],[-59.64487,-51.38507],[-59.6409,-51.38721],[-59.66716,-51.39148],[-59.66553,-51.3987],[-59.67313,-51.40609]]],[[[-59.66052,-51.99809],[-59.66293,-51.99675],[-59.65933,-51.99196],[-59.66318,-51.99034],[-59.65945,-51.98696],[-59.64579,-51.98765],[-59.64467,-51.99332],[-59.66052,-51.99809]]],[[[-59.64966,-51.87748],[-59.65033,-51.87477],[-59.64615,-51.8741],[-59.64506,-51.87669],[-59.64966,-51.87748]]],[[[-59.66622,-52.3596],[-59.68254,-52.36179],[-59.65939,-52.34937],[-59.65573,-52.35112],[-59.66422,-52.35657],[-59.66268,-52.36224],[-59.64608,-52.36826],[-59.6511,-52.3716],[-59.68468,-52.37635],[-59.68467,-52.37969],[-59.69315,-52.38376],[-59.68956,-52.38445],[-59.69052,-52.38981],[-59.69742,-52.39644],[-59.71936,-52.39209],[-59.72292,-52.39546],[-59.74323,-52.38526],[-59.74345,-52.38192],[-59.73362,-52.37882],[-59.73161,-52.37349],[-59.72365,-52.37316],[-59.71707,-52.36844],[-59.71004,-52.37001],[-59.69687,-52.36685],[-59.70541,-52.3764],[-59.69156,-52.37594],[-59.68606,-52.36812],[-59.66698,-52.3642],[-59.66622,-52.3596]]],[[[-59.65354,-51.42165],[-59.65618,-51.41762],[-59.66209,-51.41698],[-59.65708,-51.41196],[-59.64658,-51.41476],[-59.64731,-51.42013],[-59.65354,-51.42165]]],[[[-59.66029,-51.91018],[-59.65801,-51.90664],[-59.65183,-51.90716],[-59.65241,-51.90997],[-59.66029,-51.91018]]],[[[-59.66042,-52.03833],[-59.66581,-52.03808],[-59.66566,-52.03565],[-59.65365,-52.02925],[-59.66042,-52.03833]]],[[[-59.65623,-51.35482],[-59.6615,-51.35034],[-59.65773,-51.34889],[-59.65462,-51.35178],[-59.65623,-51.35482]]],[[[-59.70985,-51.35475],[-59.68997,-51.36469],[-59.66629,-51.366],[-59.65944,-51.36782],[-59.66043,-51.37074],[-59.68334,-51.37048],[-59.7202,-51.35668],[-59.72001,-51.3604],[-59.73661,-51.36066],[-59.74339,-51.38152],[-59.74823,-51.38038],[-59.74503,-51.37815],[-59.74522,-51.37109],[-59.76299,-51.37029],[-59.76502,-51.36666],[-59.774,-51.36619],[-59.77407,-51.36388],[-59.76604,-51.36317],[-59.74904,-51.36652],[-59.74478,-51.3638],[-59.76314,-51.36273],[-59.78463,-51.35235],[-59.78412,-51.35749],[-59.79793,-51.35575],[-59.80231,-51.36039],[-59.81464,-51.36137],[-59.79407,-51.36289],[-59.79196,-51.36858],[-59.80066,-51.37376],[-59.80584,-51.36453],[-59.82288,-51.36195],[-59.82742,-51.35594],[-59.81561,-51.35686],[-59.81139,-51.35491],[-59.81155,-51.35081],[-59.79974,-51.35173],[-59.77671,-51.34331],[-59.77017,-51.34346],[-59.7664,-51.34881],[-59.75016,-51.34752],[-59.75195,-51.34338],[-59.75658,-51.34212],[-59.75755,-51.34453],[-59.76728,-51.34302],[-59.77399,-51.3321],[-59.7708,-51.33012],[-59.78029,-51.32131],[-59.76137,-51.3265],[-59.76229,-51.3305],[-59.74924,-51.33217],[-59.75267,-51.32465],[-59.75106,-51.31828],[-59.74185,-51.32491],[-59.74476,-51.33586],[-59.73272,-51.33999],[-59.73287,-51.34255],[-59.70985,-51.35475]]],[[[-59.67792,-51.90004],[-59.67773,-51.89671],[-59.68603,-51.89703],[-59.67603,-51.88906],[-59.66545,-51.88879],[-59.66362,-51.89293],[-59.66762,-51.89745],[-59.67792,-51.90004]]],[[[-59.67285,-51.43634],[-59.66881,-51.43041],[-59.66376,-51.43514],[-59.67285,-51.43634]]],[[[-59.67644,-52.02823],[-59.68389,-52.0278],[-59.68766,-52.02131],[-59.68323,-52.01679],[-59.67862,-52.01613],[-59.67802,-52.01986],[-59.66589,-52.01847],[-59.66768,-52.02766],[-59.67644,-52.02823]]],[[[-59.69753,-51.99212],[-59.70068,-51.98923],[-59.69647,-51.9883],[-59.69624,-51.98446],[-59.69969,-51.9831],[-59.69785,-51.98006],[-59.70532,-51.97669],[-59.71921,-51.97983],[-59.72333,-51.97256],[-59.721,-51.96825],[-59.7123,-51.96845],[-59.70856,-51.96495],[-59.71166,-51.95796],[-59.71659,-51.95708],[-59.71396,-51.94099],[-59.69115,-51.93408],[-59.69123,-51.93895],[-59.68059,-51.94483],[-59.69571,-51.95141],[-59.70099,-51.95641],[-59.7006,-51.96026],[-59.68326,-51.96169],[-59.67864,-51.96769],[-59.67118,-51.96786],[-59.67082,-51.97222],[-59.66633,-51.97361],[-59.67257,-51.98423],[-59.69753,-51.99212]]],[[[-59.78101,-52.18651],[-59.79128,-52.18063],[-59.79252,-52.17047],[-59.80638,-52.1722],[-59.80762,-52.16871],[-59.79746,-52.1628],[-59.79515,-52.15593],[-59.78516,-52.15284],[-59.78318,-52.14109],[-59.77683,-52.13945],[-59.77731,-52.15046],[-59.77292,-52.15364],[-59.77129,-52.16085],[-59.77385,-52.16515],[-59.76935,-52.16654],[-59.77075,-52.1724],[-59.7673,-52.17389],[-59.73717,-52.1719],[-59.73111,-52.16832],[-59.72631,-52.17164],[-59.71576,-52.16945],[-59.70631,-52.17184],[-59.69898,-52.16778],[-59.692,-52.17294],[-59.69158,-52.17641],[-59.68746,-52.17715],[-59.68394,-52.19132],[-59.69208,-52.20536],[-59.69287,-52.21841],[-59.68373,-52.21901],[-59.67854,-52.21605],[-59.66995,-52.2224],[-59.67477,-52.22613],[-59.6889,-52.22863],[-59.6832,-52.2344],[-59.68916,-52.2399],[-59.68217,-52.2416],[-59.68174,-52.24494],[-59.69861,-52.25109],[-59.7159,-52.26415],[-59.73016,-52.26164],[-59.73633,-52.27367],[-59.7299,-52.27434],[-59.73488,-52.2773],[-59.73301,-52.28759],[-59.73546,-52.29343],[-59.74732,-52.29597],[-59.75327,-52.28738],[-59.7512,-52.28102],[-59.75516,-52.27179],[-59.76083,-52.27118],[-59.76063,-52.26465],[-59.75515,-52.26042],[-59.76013,-52.2498],[-59.75649,-52.24834],[-59.75092,-52.25283],[-59.73909,-52.24721],[-59.74066,-52.24218],[-59.74608,-52.24218],[-59.74487,-52.23939],[-59.75302,-52.23279],[-59.75377,-52.22816],[-59.74126,-52.22486],[-59.73953,-52.22054],[-59.74397,-52.21813],[-59.74398,-52.2148],[-59.74085,-52.21488],[-59.73753,-52.22187],[-59.7403,-52.22617],[-59.73481,-52.2286],[-59.73231,-52.22533],[-59.73612,-52.21934],[-59.73298,-52.21583],[-59.73806,-52.21366],[-59.73558,-52.21064],[-59.74498,-52.20068],[-59.74611,-52.19527],[-59.74067,-52.19156],[-59.74529,-52.18876],[-59.75122,-52.19028],[-59.75049,-52.18184],[-59.75391,-52.17971],[-59.76011,-52.17893],[-59.78101,-52.18651]]],[[[-59.72338,-51.38254],[-59.68514,-51.38018],[-59.67712,-51.37613],[-59.6726,-51.37931],[-59.67766,-51.38535],[-59.72191,-51.38548],[-59.74795,-51.38949],[-59.74862,-51.38691],[-59.72338,-51.38254]]],[[[-59.67677,-52.26979],[-59.69132,-52.26856],[-59.67419,-52.2651],[-59.67677,-52.26979]]],[[[-59.78164,-52.34156],[-59.78046,-52.34441],[-59.77285,-52.34318],[-59.76642,-52.34743],[-59.76242,-52.34381],[-59.75997,-52.33464],[-59.76603,-52.33449],[-59.76137,-52.33025],[-59.76411,-52.31711],[-59.75534,-52.31065],[-59.7431,-52.30889],[-59.74333,-52.31247],[-59.73886,-52.31462],[-59.7082,-52.30572],[-59.69456,-52.30488],[-59.69535,-52.30742],[-59.69038,-52.30831],[-59.67948,-52.30086],[-59.68008,-52.30393],[-59.68623,-52.30532],[-59.68849,-52.31501],[-59.71616,-52.31617],[-59.72084,-52.32094],[-59.7191,-52.32661],[-59.71322,-52.32624],[-59.71356,-52.32828],[-59.7207,-52.33555],[-59.73264,-52.33578],[-59.73649,-52.34402],[-59.75264,-52.34801],[-59.74895,-52.35591],[-59.73612,-52.35839],[-59.7414,-52.36608],[-59.74046,-52.37097],[-59.74704,-52.37236],[-59.74811,-52.37592],[-59.76028,-52.38333],[-59.77282,-52.38278],[-59.77841,-52.37842],[-59.7863,-52.37746],[-59.78876,-52.37317],[-59.78473,-52.3625],[-59.79812,-52.36565],[-59.80082,-52.362],[-59.81546,-52.36178],[-59.81592,-52.3592],[-59.80644,-52.35161],[-59.78164,-52.34156]]],[[[-59.72901,-51.39467],[-59.7274,-51.39855],[-59.72236,-51.39995],[-59.72253,-51.39585],[-59.72799,-51.3947],[-59.7275,-51.38984],[-59.68696,-51.39026],[-59.68812,-51.39613],[-59.69347,-51.39652],[-59.69362,-51.39908],[-59.68453,-51.39775],[-59.68351,-51.40828],[-59.72289,-51.42263],[-59.72674,-51.41498],[-59.7306,-51.41437],[-59.72787,-51.40982],[-59.73867,-51.4088],[-59.73954,-51.40622],[-59.73405,-51.40353],[-59.72901,-51.39467]]],[[[-59.71012,-52.3645],[-59.71103,-52.36217],[-59.70572,-52.36101],[-59.70501,-52.36308],[-59.71012,-52.3645]]],[[[-59.73408,-52.09431],[-59.74674,-52.09043],[-59.74917,-52.08601],[-59.7476,-52.07734],[-59.74032,-52.07405],[-59.73783,-52.06731],[-59.74235,-52.06644],[-59.73905,-52.06011],[-59.71826,-52.04982],[-59.71539,-52.05732],[-59.72341,-52.06611],[-59.7206,-52.07796],[-59.72489,-52.08017],[-59.72735,-52.08985],[-59.73408,-52.09431]]],[[[-59.72823,-51.31266],[-59.73183,-51.3113],[-59.72964,-51.3088],[-59.73222,-51.30411],[-59.71935,-51.30774],[-59.72823,-51.31266]]],[[[-59.75996,-51.37793],[-59.75821,-51.37604],[-59.76084,-51.37214],[-59.75318,-51.37411],[-59.75996,-51.37793]]],[[[-59.76997,-51.39435],[-59.77558,-51.3923],[-59.77221,-51.39084],[-59.75756,-51.39247],[-59.76997,-51.39435]]],[[[-59.77605,-51.85188],[-59.76773,-51.84439],[-59.76493,-51.84599],[-59.77605,-51.85188]]],[[[-59.79568,-52.12785],[-59.79718,-52.12513],[-59.79295,-52.1242],[-59.79251,-52.12703],[-59.79568,-52.12785]]],[[[-59.82947,-51.39575],[-59.83223,-51.39402],[-59.81907,-51.39318],[-59.82947,-51.39575]]],[[[-59.83296,-51.37939],[-59.84152,-51.37867],[-59.84898,-51.37349],[-59.84839,-51.37709],[-59.86323,-51.37865],[-59.8702,-51.3754],[-59.87017,-51.37182],[-59.86747,-51.36778],[-59.83211,-51.36569],[-59.82529,-51.36778],[-59.83562,-51.37599],[-59.83296,-51.37939]]],[[[-59.82808,-52.16591],[-59.83113,-52.16148],[-59.82633,-52.16134],[-59.82808,-52.16591]]],[[[-59.83731,-51.35698],[-59.85356,-51.34838],[-59.83687,-51.34328],[-59.83912,-51.34643],[-59.83313,-51.34888],[-59.83292,-51.35209],[-59.83731,-51.35698]]],[[[-59.85375,-51.26522],[-59.87418,-51.25918],[-59.87562,-51.25607],[-59.88824,-51.25538],[-59.89986,-51.23881],[-59.89119,-51.23723],[-59.87425,-51.24072],[-59.8631,-51.25176],[-59.84937,-51.25441],[-59.84117,-51.2605],[-59.85375,-51.26522]]],[[[-59.85541,-52.13706],[-59.85675,-52.12549],[-59.84725,-52.12675],[-59.84443,-52.13143],[-59.8474,-52.13558],[-59.85541,-52.13706]]],[[[-59.85561,-51.34179],[-59.86165,-51.34024],[-59.85235,-51.33547],[-59.84884,-51.33824],[-59.85561,-51.34179]]],[[[-59.85146,-52.03616],[-59.86119,-52.03234],[-59.85677,-52.02168],[-59.85129,-52.02694],[-59.85146,-52.03616]]],[[[-59.86782,-52.13573],[-59.87701,-52.13294],[-59.87784,-52.12959],[-59.87323,-52.12919],[-59.86782,-52.13573]]],[[[-59.89803,-51.37831],[-59.90583,-51.37222],[-59.89586,-51.3699],[-59.89064,-51.36516],[-59.88312,-51.36919],[-59.88747,-51.37331],[-59.89574,-51.37452],[-59.89803,-51.37831]]],[[[-59.90523,-51.36916],[-59.90862,-51.36779],[-59.90705,-51.36552],[-59.89618,-51.3622],[-59.89432,-51.36507],[-59.90523,-51.36916]]],[[[-59.89851,-51.22385],[-59.92151,-51.21956],[-59.92813,-51.21452],[-59.91756,-51.20877],[-59.91181,-51.21467],[-59.89856,-51.21809],[-59.89851,-51.22385]]],[[[-60,-51.29899],[-59.99416,-51.2989],[-59.99488,-51.29111],[-59.98848,-51.28913],[-59.98947,-51.28552],[-59.98105,-51.28804],[-59.97647,-51.29315],[-59.96987,-51.29217],[-59.96242,-51.28441],[-59.95533,-51.28228],[-59.95718,-51.28557],[-59.94656,-51.29224],[-59.94561,-51.2997],[-59.93796,-51.30477],[-59.92322,-51.3077],[-59.92474,-51.31227],[-59.92227,-51.31516],[-59.90254,-51.31693],[-59.90482,-51.32072],[-59.91887,-51.32614],[-59.9257,-51.32417],[-59.92217,-51.32003],[-59.93008,-51.31586],[-59.94767,-51.3158],[-59.94791,-51.31951],[-59.93839,-51.31783],[-59.92852,-51.3232],[-59.93716,-51.32427],[-59.94105,-51.33058],[-59.92858,-51.33717],[-59.91909,-51.336],[-59.92363,-51.33973],[-59.92068,-51.34493],[-59.92561,-51.34839],[-59.92772,-51.35578],[-59.95151,-51.35672],[-59.95214,-51.35363],[-59.98882,-51.34475],[-60.03846,-51.3134],[-60.04396,-51.30431],[-60.02548,-51.2991],[-60,-51.29899]]],[[[-59.9098,-51.37673],[-59.91581,-51.37453],[-59.91164,-51.37336],[-59.9098,-51.37673]]],[[[-59.96324,-51.37962],[-59.97295,-51.37771],[-59.9639,-51.37076],[-59.96053,-51.37572],[-59.96324,-51.37962]]],[[[-59.99253,-51.38285],[-59.99922,-51.38165],[-59.99429,-51.37845],[-59.99253,-51.38285]]],[[[-60.23472,-51.31461],[-60.24005,-51.30769],[-60.24855,-51.30904],[-60.28402,-51.3041],[-60.30893,-51.29071],[-60.31952,-51.28096],[-60.31928,-51.26403],[-60.30448,-51.2692],[-60.28797,-51.26485],[-60.2869,-51.26226],[-60.28064,-51.26442],[-60.28044,-51.26762],[-60.26638,-51.27063],[-60.26314,-51.28042],[-60.2457,-51.30206],[-60.22862,-51.30742],[-60.2143,-51.30733],[-60.1823,-51.31554],[-60.15163,-51.31557],[-60.11627,-51.30547],[-60.08447,-51.30379],[-60.09082,-51.31011],[-60.08716,-51.31308],[-60.06763,-51.31144],[-60.06094,-51.31371],[-60.06154,-51.31706],[-60.07295,-51.32401],[-60.09018,-51.32341],[-60.09321,-51.32733],[-60.04495,-51.3333],[-60.04409,-51.33713],[-60.05353,-51.33993],[-60.06178,-51.355],[-60.0812,-51.36177],[-60.08177,-51.36576],[-60.07758,-51.36719],[-60.07595,-51.37356],[-60.08422,-51.37223],[-60.08682,-51.37652],[-60.0799,-51.38224],[-60.10218,-51.37972],[-60.09984,-51.38428],[-60.11804,-51.39126],[-60.12037,-51.39658],[-60.11539,-51.39761],[-60.11637,-51.4016],[-60.16575,-51.40486],[-60.17885,-51.39851],[-60.18556,-51.39931],[-60.19198,-51.40498],[-60.19208,-51.39998],[-60.19786,-51.39589],[-60.22361,-51.40368],[-60.23737,-51.41348],[-60.26159,-51.41278],[-60.27492,-51.40937],[-60.28357,-51.40163],[-60.30967,-51.3898],[-60.27723,-51.39802],[-60.27152,-51.39417],[-60.28237,-51.38391],[-60.28528,-51.37629],[-60.28106,-51.36799],[-60.27146,-51.36405],[-60.24017,-51.36011],[-60.23291,-51.34815],[-60.2341,-51.34536],[-60.24019,-51.34614],[-60.2361,-51.33938],[-60.22964,-51.33782],[-60.20991,-51.34608],[-60.19344,-51.35771],[-60.18841,-51.36285],[-60.1906,-51.36714],[-60.1835,-51.36953],[-60.18254,-51.37848],[-60.1681,-51.38018],[-60.18328,-51.38311],[-60.18586,-51.39112],[-60.17269,-51.39209],[-60.16748,-51.39683],[-60.16448,-51.3924],[-60.13751,-51.39123],[-60.13771,-51.3879],[-60.14567,-51.38194],[-60.12749,-51.38765],[-60.13029,-51.37567],[-60.12379,-51.37474],[-60.12504,-51.37119],[-60.11989,-51.36516],[-60.12329,-51.35986],[-60.13128,-51.3598],[-60.13962,-51.36397],[-60.13901,-51.36051],[-60.14504,-51.35245],[-60.15075,-51.35618],[-60.15896,-51.35586],[-60.20112,-51.34252],[-60.22618,-51.32748],[-60.23472,-51.31461]]],[[[-60.11056,-51.42864],[-60.11953,-51.42309],[-60.1458,-51.41591],[-60.12476,-51.41476],[-60.12747,-51.41739],[-60.11434,-51.42078],[-60.11648,-51.42583],[-60.11056,-51.42864]]],[[[-60.20781,-51.40741],[-60.2108,-51.40556],[-60.20599,-51.40365],[-60.20379,-51.40616],[-60.20781,-51.40741]]],[[[-60.21423,-51.7795],[-60.21779,-51.77202],[-60.22762,-51.76993],[-60.22824,-51.75996],[-60.21994,-51.7572],[-60.21365,-51.77218],[-60.21423,-51.7795]]],[[[-60.30369,-51.65124],[-60.30526,-51.64564],[-60.29988,-51.64603],[-60.29801,-51.64983],[-60.30369,-51.65124]]],[[[-60.3401,-51.64169],[-60.36055,-51.63716],[-60.34982,-51.63038],[-60.34156,-51.63083],[-60.33726,-51.63381],[-60.3401,-51.64169]]],[[[-60.36966,-51.37258],[-60.38746,-51.36926],[-60.40993,-51.35566],[-60.38228,-51.35953],[-60.37872,-51.36458],[-60.37125,-51.36621],[-60.36966,-51.37258]]],[[[-60.39393,-51.15408],[-60.4241,-51.15386],[-60.43799,-51.14955],[-60.43591,-51.14681],[-60.42969,-51.14872],[-60.39212,-51.14264],[-60.37482,-51.1461],[-60.38262,-51.15229],[-60.39393,-51.15408]]],[[[-60.41792,-51.62792],[-60.44368,-51.62387],[-60.4372,-51.62194],[-60.45717,-51.61084],[-60.45835,-51.60446],[-60.4482,-51.60936],[-60.43196,-51.60542],[-60.42956,-51.60793],[-60.43473,-51.61471],[-60.41743,-51.62561],[-60.41792,-51.62792]]],[[[-60.45119,-52.222],[-60.45654,-52.21955],[-60.45357,-52.21667],[-60.46043,-52.2099],[-60.4584,-52.20524],[-60.44981,-52.20968],[-60.42765,-52.21021],[-60.43361,-52.2156],[-60.44198,-52.21514],[-60.45119,-52.222]]],[[[-60.46968,-51.3412],[-60.4668,-51.33781],[-60.4729,-51.33461],[-60.47147,-51.33099],[-60.46341,-51.32864],[-60.46043,-51.33075],[-60.46214,-51.33694],[-60.45472,-51.3378],[-60.46968,-51.3412]]],[[[-60.46873,-52.21443],[-60.47098,-52.20782],[-60.46609,-52.20925],[-60.46873,-52.21443]]],[[[-60.49933,-52.23405],[-60.49626,-52.22937],[-60.46834,-52.22493],[-60.47444,-52.23134],[-60.4866,-52.23032],[-60.49933,-52.23405]]],[[[-60.49086,-51.85801],[-60.49665,-51.85441],[-60.4935,-51.84768],[-60.49761,-51.84084],[-60.50904,-51.8361],[-60.51027,-51.83266],[-60.49878,-51.8196],[-60.50131,-51.82632],[-60.49421,-51.82746],[-60.49305,-51.83358],[-60.48277,-51.83233],[-60.48062,-51.82639],[-60.47688,-51.82682],[-60.46963,-51.83795],[-60.477,-51.8394],[-60.47607,-51.84859],[-60.49086,-51.85801]]],[[[-60.47869,-52.18593],[-60.48437,-52.18119],[-60.47865,-52.17928],[-60.47452,-52.18226],[-60.47413,-52.18533],[-60.47869,-52.18593]]],[[[-60.49092,-51.56791],[-60.50592,-51.55524],[-60.48741,-51.54792],[-60.4815,-51.55062],[-60.48151,-51.55421],[-60.49088,-51.55954],[-60.49092,-51.56791]]],[[[-60.50176,-52.21309],[-60.50593,-52.21318],[-60.50695,-52.20987],[-60.50052,-52.20922],[-60.50176,-52.21309]]],[[[-60.50555,-51.4868],[-60.51503,-51.48636],[-60.51686,-51.48268],[-60.50237,-51.48493],[-60.50555,-51.4868]]],[[[-60.52974,-51.30123],[-60.53303,-51.29693],[-60.54556,-51.29207],[-60.55577,-51.29228],[-60.55712,-51.29769],[-60.56449,-51.29733],[-60.58356,-51.2885],[-60.6027,-51.27031],[-60.59865,-51.26959],[-60.59869,-51.26496],[-60.60249,-51.2625],[-60.59446,-51.25207],[-60.59974,-51.24859],[-60.59932,-51.24499],[-60.58694,-51.25127],[-60.58213,-51.24951],[-60.54591,-51.27772],[-60.52301,-51.2857],[-60.50885,-51.30565],[-60.52016,-51.30819],[-60.51925,-51.3174],[-60.52291,-51.31786],[-60.53616,-51.30725],[-60.52877,-51.30786],[-60.52974,-51.30123]]],[[[-60.52619,-51.49992],[-60.53108,-51.49682],[-60.53028,-51.49269],[-60.52316,-51.48768],[-60.5136,-51.48978],[-60.51215,-51.49387],[-60.52619,-51.49992]]],[[[-60.52518,-51.86617],[-60.52938,-51.8651],[-60.52423,-51.86089],[-60.52124,-51.86263],[-60.52518,-51.86617]]],[[[-60.55212,-51.81996],[-60.55478,-51.81667],[-60.55073,-51.81492],[-60.54892,-51.81785],[-60.55212,-51.81996]]],[[[-60.56178,-51.47939],[-60.56693,-51.47527],[-60.56116,-51.47567],[-60.56178,-51.47939]]],[[[-60.64015,-51.24916],[-60.64588,-51.24491],[-60.64371,-51.24333],[-60.64015,-51.24916]]],[[[-60.64434,-52.20731],[-60.65254,-52.20209],[-60.64367,-52.20422],[-60.64434,-52.20731]]],[[[-60.68153,-51.67546],[-60.68695,-51.67429],[-60.69245,-51.66748],[-60.68754,-51.65867],[-60.68841,-51.63356],[-60.68497,-51.62427],[-60.68744,-51.62419],[-60.68774,-51.61843],[-60.69752,-51.61221],[-60.69565,-51.60845],[-60.70025,-51.60714],[-60.69959,-51.60379],[-60.68783,-51.60843],[-60.67842,-51.61953],[-60.6815,-51.62369],[-60.67479,-51.64611],[-60.66696,-51.65416],[-60.66199,-51.6547],[-60.66067,-51.66043],[-60.66627,-51.66773],[-60.68153,-51.67546]]],[[[-60.70374,-51.37858],[-60.71352,-51.35083],[-60.72914,-51.34114],[-60.73318,-51.33404],[-60.73028,-51.3263],[-60.71845,-51.3299],[-60.71804,-51.334],[-60.69717,-51.33385],[-60.69313,-51.3371],[-60.69311,-51.34146],[-60.68206,-51.3415],[-60.67792,-51.34654],[-60.68415,-51.34872],[-60.6831,-51.35331],[-60.66608,-51.35003],[-60.66331,-51.35215],[-60.68259,-51.36355],[-60.68613,-51.37439],[-60.70374,-51.37858]]],[[[-60.68986,-52.1904],[-60.70918,-52.18757],[-60.71023,-52.18349],[-60.6867,-52.18713],[-60.68531,-52.18967],[-60.68986,-52.1904]]],[[[-60.69832,-51.48241],[-60.71477,-51.47363],[-60.72512,-51.47178],[-60.72964,-51.46341],[-60.69065,-51.47572],[-60.69832,-51.48241]]],[[[-60.73333,-51.58754],[-60.80441,-51.5812],[-60.81724,-51.57529],[-60.81695,-51.56836],[-60.79059,-51.56915],[-60.78378,-51.57389],[-60.77081,-51.56993],[-60.76254,-51.5708],[-60.73743,-51.57967],[-60.73074,-51.58595],[-60.73333,-51.58754]]],[[[-60.75116,-51.13344],[-60.75707,-51.12932],[-60.74397,-51.12519],[-60.7348,-51.12646],[-60.75116,-51.13344]]],[[[-60.74778,-52.19946],[-60.75263,-52.1984],[-60.75187,-52.19275],[-60.74187,-52.19666],[-60.74778,-52.19946]]],[[[-60.76099,-52.19382],[-60.77281,-52.19097],[-60.75912,-52.18955],[-60.76099,-52.19382]]],[[[-60.76418,-52.14698],[-60.77724,-52.14402],[-60.77888,-52.13901],[-60.7677,-52.13487],[-60.76752,-52.13846],[-60.76242,-52.14041],[-60.76115,-52.145],[-60.76418,-52.14698]]],[[[-60.76483,-51.3226],[-60.76869,-51.31883],[-60.76463,-51.31824],[-60.76204,-51.32114],[-60.76483,-51.3226]]],[[[-60.86351,-51.17066],[-60.86604,-51.16904],[-60.85823,-51.1662],[-60.86025,-51.16187],[-60.85728,-51.15568],[-60.84391,-51.15389],[-60.83841,-51.14944],[-60.82717,-51.15461],[-60.82759,-51.15872],[-60.83257,-51.16099],[-60.84597,-51.16226],[-60.85141,-51.168],[-60.86351,-51.17066]]],[[[-60.84205,-51.5769],[-60.84784,-51.57611],[-60.84756,-51.56893],[-60.84483,-51.56606],[-60.83474,-51.56613],[-60.83839,-51.57158],[-60.83265,-51.57544],[-60.84205,-51.5769]]],[[[-60.84134,-51.26137],[-60.85261,-51.25607],[-60.84778,-51.2547],[-60.84134,-51.26137]]],[[[-60.91418,-51.21335],[-60.92649,-51.2119],[-60.88945,-51.20099],[-60.85022,-51.19361],[-60.84317,-51.19592],[-60.85391,-51.20188],[-60.87769,-51.20821],[-60.91418,-51.21335]]],[[[-60.90745,-52.00545],[-60.91538,-52.00457],[-60.91528,-51.99764],[-60.92064,-51.99864],[-60.92459,-51.99396],[-60.93555,-51.99942],[-60.94947,-51.99466],[-60.92317,-51.98881],[-60.91723,-51.99153],[-60.90777,-51.98957],[-60.90696,-51.98033],[-60.8887,-51.98026],[-60.889,-51.97385],[-60.88115,-51.97321],[-60.88242,-51.96375],[-60.87911,-51.96368],[-60.86187,-51.9685],[-60.85559,-51.97402],[-60.864,-51.97598],[-60.85509,-51.98452],[-60.86177,-51.98797],[-60.86035,-51.99166],[-60.85496,-51.99144],[-60.85442,-51.99412],[-60.86644,-51.99459],[-60.86988,-52.00068],[-60.85873,-51.99945],[-60.8617,-52.00681],[-60.84693,-52.00308],[-60.84493,-52.00586],[-60.85141,-52.01353],[-60.88246,-52.00693],[-60.90745,-52.00545]]],[[[-61.03821,-51.84496],[-61.05257,-51.83803],[-61.05354,-51.83471],[-61.04883,-51.83361],[-61.05041,-51.83069],[-61.05611,-51.8327],[-61.06271,-51.82358],[-61.05736,-51.82298],[-61.05524,-51.8145],[-61.048,-51.80976],[-61.03993,-51.8145],[-61.03379,-51.81337],[-61.04211,-51.80735],[-61.04356,-51.80251],[-61.03244,-51.79694],[-61.03673,-51.78343],[-61.01753,-51.77862],[-61.00858,-51.78501],[-60.9974,-51.78546],[-60.98325,-51.77842],[-60.97499,-51.77828],[-60.97347,-51.78005],[-60.98219,-51.78366],[-60.97461,-51.79596],[-60.98354,-51.7997],[-60.983,-51.80251],[-60.9749,-51.79892],[-60.9656,-51.80336],[-60.94927,-51.79885],[-60.94914,-51.80167],[-60.93963,-51.80176],[-60.94159,-51.80871],[-60.93338,-51.8119],[-60.9349,-51.81487],[-60.94202,-51.81282],[-60.94017,-51.81714],[-60.95042,-51.81912],[-60.95514,-51.81536],[-60.96278,-51.81549],[-60.96594,-51.82336],[-60.95855,-51.82233],[-60.96084,-51.82648],[-60.98329,-51.83276],[-61.00324,-51.84937],[-61.01853,-51.84989],[-61.02944,-51.85609],[-61.03407,-51.85925],[-61.03,-51.86226],[-61.02814,-51.8717],[-61.05125,-51.88772],[-61.02085,-51.87273],[-61.01374,-51.87466],[-61.01272,-51.86952],[-60.99069,-51.87133],[-60.9937,-51.86882],[-60.99217,-51.86597],[-60.98778,-51.86692],[-60.98975,-51.86926],[-60.98691,-51.87242],[-60.98299,-51.87222],[-60.97496,-51.86209],[-60.96678,-51.85977],[-60.95532,-51.86598],[-60.94722,-51.86212],[-60.95352,-51.85095],[-60.94976,-51.84269],[-60.94616,-51.83993],[-60.94114,-51.84125],[-60.93992,-51.84969],[-60.93406,-51.85112],[-60.92901,-51.84412],[-60.93139,-51.84185],[-60.92891,-51.83719],[-60.91843,-51.83123],[-60.91338,-51.83308],[-60.91304,-51.8405],[-60.90477,-51.84035],[-60.90395,-51.84905],[-60.89829,-51.85074],[-60.89856,-51.84511],[-60.90125,-51.8449],[-60.89646,-51.83663],[-60.89691,-51.8315],[-60.90443,-51.82984],[-60.88748,-51.82082],[-60.87577,-51.81036],[-60.8752,-51.80497],[-60.88052,-51.8016],[-60.89195,-51.80911],[-60.89754,-51.8046],[-60.89929,-51.7981],[-60.91021,-51.78996],[-60.91445,-51.7785],[-60.90797,-51.77134],[-60.89781,-51.77654],[-60.88976,-51.77191],[-60.89849,-51.76194],[-60.86858,-51.76551],[-60.86581,-51.76302],[-60.86176,-51.76577],[-60.86487,-51.77864],[-60.86222,-51.78653],[-60.85609,-51.7895],[-60.86381,-51.80092],[-60.85973,-51.80417],[-60.86516,-51.81606],[-60.87693,-51.81654],[-60.88065,-51.82121],[-60.87616,-51.83292],[-60.88371,-51.84408],[-60.88007,-51.85965],[-60.88675,-51.86259],[-60.88071,-51.87683],[-60.89554,-51.87863],[-60.89365,-51.88347],[-60.88819,-51.88516],[-60.88564,-51.88204],[-60.8714,-51.88986],[-60.88835,-51.89055],[-60.89562,-51.89465],[-60.90479,-51.89342],[-60.90405,-51.89596],[-60.9092,-51.89656],[-60.90879,-51.90988],[-60.89474,-51.9045],[-60.89155,-51.91073],[-60.87583,-51.90122],[-60.86896,-51.90199],[-60.86973,-51.91636],[-60.88737,-51.92026],[-60.89023,-51.92569],[-60.887,-51.93256],[-60.89074,-51.93685],[-60.91469,-51.93895],[-60.91612,-51.935],[-60.92223,-51.93728],[-60.9224,-51.94254],[-60.90489,-51.94466],[-60.90344,-51.949],[-60.89388,-51.94934],[-60.89504,-51.95115],[-60.91671,-51.95795],[-60.92102,-51.95456],[-60.92751,-51.95763],[-60.9359,-51.95558],[-60.94798,-51.96349],[-60.96122,-51.96449],[-60.96022,-51.96819],[-60.97391,-51.98201],[-61.00078,-51.98913],[-61.01223,-51.97421],[-61.02176,-51.97449],[-61.0275,-51.97139],[-61.03047,-51.9649],[-61.05171,-51.9632],[-61.03706,-51.95668],[-61.05532,-51.94699],[-61.0593,-51.94129],[-61.07199,-51.94035],[-61.06127,-51.93402],[-61.07881,-51.93097],[-61.07947,-51.92535],[-61.0734,-51.91705],[-61.08523,-51.91673],[-61.08404,-51.9203],[-61.09014,-51.92296],[-61.09539,-51.93113],[-61.10722,-51.9258],[-61.10824,-51.92146],[-61.09947,-51.91798],[-61.1056,-51.91501],[-61.10088,-51.90417],[-61.10282,-51.9024],[-61.11685,-51.90878],[-61.12808,-51.90281],[-61.1347,-51.90291],[-61.1298,-51.8913],[-61.1229,-51.88774],[-61.11724,-51.87957],[-61.12087,-51.87682],[-61.12484,-51.88097],[-61.13476,-51.88139],[-61.13744,-51.87169],[-61.13318,-51.86957],[-61.13359,-51.85984],[-61.12634,-51.85486],[-61.11197,-51.85219],[-61.10593,-51.85812],[-61.09783,-51.85875],[-61.09356,-51.84703],[-61.11427,-51.84659],[-61.13643,-51.85117],[-61.12718,-51.84462],[-61.12611,-51.84063],[-61.15999,-51.85167],[-61.16355,-51.84571],[-61.16051,-51.84412],[-61.16194,-51.8344],[-61.16581,-51.83088],[-61.15901,-51.83026],[-61.1586,-51.83525],[-61.14898,-51.83778],[-61.14996,-51.83396],[-61.13566,-51.82963],[-61.12991,-51.82365],[-61.13198,-51.81856],[-61.12164,-51.81865],[-61.12091,-51.81633],[-61.1109,-51.81847],[-61.10342,-51.80938],[-61.09848,-51.80905],[-61.09319,-51.81665],[-61.10217,-51.81962],[-61.10162,-51.82268],[-61.1057,-51.82403],[-61.10424,-51.82939],[-61.09206,-51.82394],[-61.0833,-51.82559],[-61.07845,-51.82794],[-61.07928,-51.83257],[-61.06614,-51.83005],[-61.06102,-51.83406],[-61.06151,-51.83715],[-61.05528,-51.83756],[-61.04818,-51.84398],[-61.03821,-51.84496]]],[[[-60.87209,-51.56771],[-60.88295,-51.56406],[-60.88947,-51.55649],[-60.86718,-51.55852],[-60.8594,-51.56645],[-60.87209,-51.56771]]],[[[-60.86406,-51.12351],[-60.87224,-51.12276],[-60.8753,-51.1182],[-60.88544,-51.11467],[-60.88819,-51.10344],[-60.89621,-51.10179],[-60.9178,-51.08782],[-60.89944,-51.08879],[-60.90138,-51.09086],[-60.89362,-51.10046],[-60.88242,-51.10513],[-60.87937,-51.10943],[-60.85965,-51.11317],[-60.8599,-51.12112],[-60.86406,-51.12351]]],[[[-60.87449,-51.93848],[-60.87848,-51.93754],[-60.87825,-51.93342],[-60.8732,-51.93077],[-60.87449,-51.93848]]],[[[-60.92589,-52.1721],[-60.93814,-52.16873],[-60.91969,-52.162],[-60.91906,-52.1666],[-60.90932,-52.17002],[-60.92188,-52.16883],[-60.92589,-52.1721]]],[[[-60.97224,-52.02375],[-60.9742,-52.02148],[-60.97208,-52.0176],[-60.96424,-52.01209],[-60.96164,-52.01921],[-60.95174,-52.01751],[-60.95507,-52.02192],[-60.97224,-52.02375]]],[[[-60.98526,-51.86303],[-60.9863,-51.85844],[-60.9831,-51.85595],[-60.97907,-51.8578],[-60.98526,-51.86303]]],[[[-60.99548,-52.02403],[-61.00447,-52.01353],[-60.99716,-52.00496],[-60.9934,-52.00567],[-60.99689,-52.01111],[-60.98777,-52.01531],[-60.99548,-52.02403]]],[[[-61.06851,-51.79421],[-61.06905,-51.78653],[-61.07443,-51.78636],[-61.07194,-51.78171],[-61.04401,-51.77753],[-61.03899,-51.77937],[-61.05441,-51.78577],[-61.06093,-51.79279],[-61.06851,-51.79421]]],[[[-61.12582,-51.07135],[-61.12457,-51.0621],[-61.13047,-51.06194],[-61.13021,-51.05834],[-61.1074,-51.04927],[-61.12318,-51.03619],[-61.1253,-51.02878],[-61.13145,-51.02761],[-61.12955,-51.02425],[-61.11821,-51.0233],[-61.11484,-51.02632],[-61.117,-51.02815],[-61.11265,-51.03026],[-61.09552,-51.03164],[-61.09112,-51.0349],[-61.09581,-51.03934],[-61.09131,-51.0449],[-61.08503,-51.04455],[-61.08713,-51.04766],[-61.07806,-51.05084],[-61.07379,-51.05564],[-61.07554,-51.05772],[-61.07217,-51.06535],[-61.05661,-51.06766],[-61.04605,-51.07696],[-61.04688,-51.08134],[-61.05362,-51.08068],[-61.05461,-51.07659],[-61.0671,-51.07962],[-61.09,-51.07679],[-61.09372,-51.07545],[-61.09562,-51.06881],[-61.11727,-51.06647],[-61.12582,-51.07135]]],[[[-61.0608,-51.81023],[-61.06462,-51.80798],[-61.06113,-51.80254],[-61.05435,-51.79978],[-61.0608,-51.81023]]],[[[-61.08467,-51.78358],[-61.09002,-51.77918],[-61.08714,-51.77402],[-61.08222,-51.77316],[-61.07657,-51.77973],[-61.08467,-51.78358]]],[[[-61.08303,-51.80277],[-61.08923,-51.79788],[-61.07758,-51.79474],[-61.07723,-51.79819],[-61.08303,-51.80277]]],[[[-61.09713,-52.00764],[-61.09569,-52.00237],[-61.08958,-52.00282],[-61.09096,-52.00625],[-61.09713,-52.00764]]],[[[-61.09831,-51.79341],[-61.1079,-51.78638],[-61.10633,-51.77957],[-61.09009,-51.78738],[-61.09831,-51.79341]]],[[[-61.12411,-51.80895],[-61.12609,-51.80616],[-61.11666,-51.79422],[-61.11667,-51.79909],[-61.1129,-51.80031],[-61.11679,-51.80601],[-61.12411,-51.80895]]],[[[-61.13828,-51.79623],[-61.14794,-51.79254],[-61.15451,-51.79354],[-61.16025,-51.78453],[-61.15004,-51.78168],[-61.14243,-51.78567],[-61.14133,-51.78232],[-61.13693,-51.78378],[-61.14275,-51.78797],[-61.13828,-51.79623]]],[[[-61.14034,-51.81639],[-61.14721,-51.81034],[-61.1397,-51.81201],[-61.14034,-51.81639]]],[[[-61.17821,-51.91295],[-61.19076,-51.90994],[-61.19012,-51.90532],[-61.18251,-51.89879],[-61.16393,-51.89235],[-61.16242,-51.90386],[-61.14558,-51.8954],[-61.15566,-51.90709],[-61.16606,-51.9061],[-61.17821,-51.91295]]],[[[-61.15486,-51.06233],[-61.16198,-51.05732],[-61.15719,-51.05506],[-61.15221,-51.05767],[-61.15486,-51.06233]]],[[[-61.15684,-51.86802],[-61.16528,-51.86418],[-61.16245,-51.86247],[-61.15684,-51.86802]]],[[[-61.21022,-51.91037],[-61.21479,-51.90493],[-61.20563,-51.90081],[-61.19791,-51.88673],[-61.1897,-51.88494],[-61.18844,-51.87505],[-61.18135,-51.87635],[-61.1757,-51.87255],[-61.16236,-51.8749],[-61.16386,-51.87877],[-61.17123,-51.88068],[-61.17161,-51.88684],[-61.19348,-51.89896],[-61.19593,-51.90502],[-61.21022,-51.91037]]],[[[-61.17452,-51.05892],[-61.19008,-51.05634],[-61.20916,-51.04651],[-61.21282,-51.03606],[-61.22449,-51.03906],[-61.23746,-51.02939],[-61.24869,-51.02815],[-61.25381,-51.02156],[-61.25479,-51.01183],[-61.22487,-51.01882],[-61.20585,-51.03749],[-61.19073,-51.03957],[-61.19022,-51.04212],[-61.16796,-51.04998],[-61.16674,-51.05508],[-61.17452,-51.05892]]],[[[-61.1971,-51.86557],[-61.20343,-51.86247],[-61.1922,-51.85358],[-61.19282,-51.84821],[-61.18868,-51.8484],[-61.1901,-51.84407],[-61.18556,-51.84374],[-61.18332,-51.84781],[-61.18729,-51.85197],[-61.17371,-51.85022],[-61.1689,-51.85655],[-61.1971,-51.86557]]],[[[-61.19069,-51.80871],[-61.19441,-51.80851],[-61.195,-51.80429],[-61.19052,-51.80256],[-61.19069,-51.80871]]],[[[-61.26754,-51.83152],[-61.25548,-51.82763],[-61.25407,-51.82146],[-61.26472,-51.80803],[-61.25521,-51.80789],[-61.23762,-51.81365],[-61.23745,-51.80763],[-61.2428,-51.80285],[-61.23898,-51.79996],[-61.23915,-51.79561],[-61.22088,-51.7979],[-61.22271,-51.80382],[-61.21775,-51.80387],[-61.216,-51.80628],[-61.21969,-51.8071],[-61.21054,-51.819],[-61.1969,-51.8188],[-61.19471,-51.82184],[-61.21054,-51.82939],[-61.22162,-51.8211],[-61.22897,-51.82351],[-61.2382,-51.82007],[-61.25285,-51.83169],[-61.2499,-51.83792],[-61.23636,-51.83554],[-61.22863,-51.8426],[-61.23569,-51.84194],[-61.23788,-51.84941],[-61.24803,-51.8493],[-61.24688,-51.85223],[-61.25936,-51.85588],[-61.25967,-51.8587],[-61.2443,-51.85463],[-61.23866,-51.86121],[-61.23393,-51.86062],[-61.23858,-51.85275],[-61.22882,-51.84824],[-61.21687,-51.84717],[-61.20736,-51.85202],[-61.20707,-51.85945],[-61.22181,-51.85826],[-61.21604,-51.86292],[-61.21971,-51.86425],[-61.21839,-51.86628],[-61.22846,-51.8681],[-61.23245,-51.87188],[-61.23188,-51.87584],[-61.23802,-51.8776],[-61.26326,-51.86734],[-61.2757,-51.86688],[-61.29413,-51.86113],[-61.32023,-51.83805],[-61.3282,-51.83535],[-61.34512,-51.83636],[-61.3469,-51.83305],[-61.34554,-51.82496],[-61.32631,-51.81929],[-61.31076,-51.82049],[-61.30612,-51.8176],[-61.30175,-51.82395],[-61.29782,-51.82364],[-61.31209,-51.80718],[-61.31046,-51.80101],[-61.30429,-51.80015],[-61.30324,-51.80603],[-61.29125,-51.81688],[-61.26754,-51.83152]]],[[[-61.20119,-51.80451],[-61.20451,-51.79893],[-61.199,-51.7973],[-61.20119,-51.80451]]],[[[-61.20838,-51.87343],[-61.21502,-51.87289],[-61.20852,-51.86972],[-61.20556,-51.87147],[-61.20838,-51.87343]]],[[[-61.31217,-51.7162],[-61.31413,-51.70803],[-61.32433,-51.69998],[-61.32281,-51.69073],[-61.31829,-51.69041],[-61.31136,-51.69928],[-61.29757,-51.69319],[-61.27564,-51.69504],[-61.2638,-51.69192],[-61.26251,-51.68242],[-61.26727,-51.67661],[-61.25904,-51.67622],[-61.25374,-51.68025],[-61.25363,-51.68818],[-61.24902,-51.69028],[-61.23502,-51.6897],[-61.22529,-51.69583],[-61.21792,-51.69457],[-61.21898,-51.68868],[-61.20958,-51.69213],[-61.2118,-51.70344],[-61.25548,-51.69923],[-61.23849,-51.71705],[-61.25018,-51.7135],[-61.26852,-51.69789],[-61.28596,-51.7057],[-61.29134,-51.70527],[-61.29271,-51.71259],[-61.28053,-51.71831],[-61.27996,-51.7224],[-61.29732,-51.72163],[-61.29601,-51.72904],[-61.29886,-51.73575],[-61.3042,-51.73634],[-61.30408,-51.73992],[-61.27462,-51.74359],[-61.27666,-51.74952],[-61.28465,-51.75117],[-61.28367,-51.75526],[-61.2778,-51.75774],[-61.28928,-51.75983],[-61.29284,-51.76385],[-61.30155,-51.75757],[-61.30171,-51.75322],[-61.30727,-51.75342],[-61.3156,-51.74624],[-61.31557,-51.7411],[-61.31107,-51.74054],[-61.3085,-51.73178],[-61.30775,-51.72409],[-61.31287,-51.7198],[-61.31217,-51.7162]]],[[[-61.21217,-51.8403],[-61.21976,-51.83658],[-61.21445,-51.83496],[-61.20973,-51.83937],[-61.21217,-51.8403]]],[[[-61.22701,-51.66254],[-61.2299,-51.66234],[-61.23623,-51.64807],[-61.2264,-51.6519],[-61.22425,-51.6593],[-61.22701,-51.66254]]],[[[-61.23944,-51.67157],[-61.24488,-51.66934],[-61.23554,-51.66587],[-61.23493,-51.67073],[-61.23944,-51.67157]]],[[[-61.25356,-51.74354],[-61.26365,-51.73882],[-61.25886,-51.73465],[-61.25258,-51.73686],[-61.25356,-51.74354]]],[[[-61.30127,-51.00726],[-61.30878,-51.00186],[-61.30598,-51.0008],[-61.30127,-51.00726]]],[[[-61.31557,-51.81864],[-61.32345,-51.81298],[-61.32465,-51.80826],[-61.31914,-51.80652],[-61.31037,-51.81433],[-61.31557,-51.81864]]],[[[-61.44773,-51.0011],[-61.45344,-51.00055],[-61.45437,-50.99683],[-61.44773,-51.0011]]]]}}]}