{"type":"FeatureCollection","features":[{"type":"Feature","properties":{"ISO_A3":"COL","WB_A3":"COL","WB_NAME":"Colombia","WB_REGION":"LCN"},"geometry":{"type":"MultiPolygon","coordinates":[[[[-79.84713,15.79418],[-79.84844,15.79665],[-79.84312,15.79701],[-79.84713,15.79418]]],[[[-80.36567,14.28283],[-80.36884,14.28451],[-80.35984,14.28913],[-80.35958,14.28629],[-80.36567,14.28283]]],[[[-81.37571,13.3817],[-81.38006,13.38595],[-81.37928,13.39033],[-81.3702,13.39292],[-81.37045,13.38325],[-81.37571,13.3817]]],[[[-81.38535,13.32048],[-81.38983,13.32138],[-81.3905,13.33155],[-81.39578,13.33876],[-81.39173,13.35964],[-81.38543,13.3697],[-81.38096,13.37203],[-81.37385,13.36985],[-81.37,13.37291],[-81.36913,13.38261],[-81.36414,13.38571],[-81.36176,13.37902],[-81.35491,13.37877],[-81.35491,13.37464],[-81.35938,13.37206],[-81.35778,13.35969],[-81.34883,13.36125],[-81.34883,13.357],[-81.35514,13.35467],[-81.35499,13.34372],[-81.35919,13.33444],[-81.36774,13.33249],[-81.3772,13.32346],[-81.38535,13.32048]]],[[[-81.73,12.48001],[-81.73514,12.48811],[-81.73529,12.49584],[-81.72955,12.50539],[-81.72829,12.5255],[-81.73526,12.53038],[-81.7294,12.54688],[-81.73075,12.55899],[-81.7229,12.567],[-81.72214,12.57886],[-81.70356,12.59489],[-81.69908,12.58743],[-81.687,12.58204],[-81.70272,12.5753],[-81.69956,12.5699],[-81.70691,12.57168],[-81.70845,12.55879],[-81.70332,12.55494],[-81.70329,12.5436],[-81.70722,12.54153],[-81.70641,12.53148],[-81.71242,12.52425],[-81.71694,12.49924],[-81.73,12.48001]]],[[[-71.87084,12.22927],[-71.87612,12.23333],[-71.87325,12.23439],[-71.87084,12.22927]]],[[[-71.96279,12.16651],[-71.9613,12.174],[-71.95933,12.17299],[-71.96279,12.16651]]],[[[-73.22025,11.31595],[-73.22205,11.32009],[-73.21892,11.31929],[-73.22025,11.31595]]],[[[-74.19235,11.3086],[-74.19377,11.31556],[-74.19963,11.32099],[-74.19519,11.32226],[-74.19206,11.31917],[-74.1896,11.31117],[-74.19235,11.3086]]],[[[-74.80726,11.0555],[-74.80961,11.05627],[-74.80843,11.06401],[-74.80556,11.0622],[-74.80726,11.0555]]],[[[-74.76552,11.05418],[-74.77543,11.0578],[-74.77543,11.06205],[-74.76552,11.05418]]],[[[-74.78483,11.04543],[-74.79083,11.05446],[-74.78704,11.05213],[-74.78483,11.04543]]],[[[-74.74884,11.02259],[-74.75535,11.03716],[-74.7478,11.03947],[-74.74884,11.02259]]],[[[-74.78537,11.02172],[-74.80728,11.03875],[-74.79163,11.03512],[-74.78367,11.02404],[-74.78537,11.02172]]],[[[-74.73084,11.01871],[-74.72849,11.0227],[-74.72745,11.01948],[-74.73084,11.01871]]],[[[-74.73921,11.00493],[-74.74207,11.01112],[-74.74024,11.01163],[-74.73921,11.00493]]],[[[-74.746,10.99694],[-74.74873,10.99952],[-74.74534,11.0021],[-74.746,10.99694]]],[[[-74.60975,10.85169],[-74.61052,10.85607],[-74.60766,10.85503],[-74.60975,10.85169]]],[[[-74.61159,10.83571],[-74.61472,10.83803],[-74.61393,10.84164],[-74.61159,10.83571]]],[[[-74.53165,10.77193],[-74.53372,10.77709],[-74.5323,10.7776],[-74.53165,10.77193]]],[[[-74.61298,10.77037],[-74.61715,10.77192],[-74.61702,10.77464],[-74.61298,10.77037]]],[[[-74.56215,10.76515],[-74.56618,10.77406],[-74.56344,10.78049],[-74.55679,10.78228],[-74.55159,10.77119],[-74.55407,10.7694],[-74.55757,10.77816],[-74.56122,10.77894],[-74.56215,10.76515]]],[[[-74.48917,10.76336],[-74.49367,10.77462],[-74.50131,10.77566],[-74.50087,10.77962],[-74.48941,10.77779],[-74.48421,10.7698],[-74.48029,10.77134],[-74.47899,10.76824],[-74.48917,10.76336]]],[[[-74.58616,10.74366],[-74.58512,10.74804],[-74.58264,10.74623],[-74.58616,10.74366]]],[[[-74.58825,10.74366],[-74.59085,10.75243],[-74.58798,10.75036],[-74.58825,10.74366]]],[[[-74.53692,10.72967],[-74.54174,10.73483],[-74.54173,10.7405],[-74.54003,10.74488],[-74.53429,10.74667],[-74.53248,10.73997],[-74.53613,10.73701],[-74.53692,10.72967]]],[[[-74.53932,10.69771],[-74.54516,10.70932],[-74.53747,10.71575],[-74.53201,10.70453],[-74.53578,10.70441],[-74.53932,10.69771]]],[[[-74.47469,10.69297],[-74.47051,10.69889],[-74.46974,10.69438],[-74.47469,10.69297]]],[[[-74.49948,10.67265],[-74.49738,10.68347],[-74.49478,10.68347],[-74.49948,10.67265]]],[[[-74.55082,10.67208],[-74.55199,10.67814],[-74.54899,10.68084],[-74.55082,10.67208]]],[[[-74.53676,10.6642],[-74.53963,10.66653],[-74.53571,10.66768],[-74.53676,10.6642]]],[[[-74.4784,10.65767],[-74.47907,10.67167],[-74.47526,10.66874],[-74.4754,10.66075],[-74.4784,10.65767]]],[[[-74.47585,10.62892],[-74.47662,10.6324],[-74.47289,10.63153],[-74.47585,10.62892]]],[[[-75.50711,10.45123],[-75.51051,10.45638],[-75.48893,10.48606],[-75.48932,10.47781],[-75.50413,10.46051],[-75.50711,10.45123]]],[[[-75.52708,10.40416],[-75.53802,10.40556],[-75.54377,10.41663],[-75.53857,10.41767],[-75.53179,10.41381],[-75.52708,10.40416]]],[[[-75.58108,10.31836],[-75.59098,10.32247],[-75.59285,10.3467],[-75.59053,10.35855],[-75.57961,10.36837],[-75.57521,10.38101],[-75.56999,10.37302],[-75.55748,10.36531],[-75.54094,10.36173],[-75.55018,10.36043],[-75.55434,10.35733],[-75.55472,10.35269],[-75.55198,10.34857],[-75.54287,10.34678],[-75.54234,10.34137],[-75.5465,10.3411],[-75.54805,10.3362],[-75.55379,10.33877],[-75.55693,10.34882],[-75.5633,10.34185],[-75.56811,10.34339],[-75.58046,10.33357],[-75.57537,10.32662],[-75.58108,10.31836]]],[[[-75.52481,10.29036],[-75.52925,10.2968],[-75.52874,10.3035],[-75.52481,10.29036]]],[[[-75.54239,10.21636],[-75.54681,10.21661],[-75.54525,10.21996],[-75.54239,10.21636]]],[[[-75.75383,10.17276],[-75.75514,10.17805],[-75.75188,10.17419],[-75.75383,10.17276]]],[[[-75.74394,10.17022],[-75.74746,10.17239],[-75.748,10.18064],[-75.74514,10.18297],[-75.73824,10.17963],[-75.73616,10.18196],[-75.72341,10.17992],[-75.73432,10.17552],[-75.73718,10.17087],[-75.74394,10.17022]]],[[[-75.5345,10.16856],[-75.54258,10.17666],[-75.54778,10.1773],[-75.53973,10.18685],[-75.53609,10.1871],[-75.53971,10.17409],[-75.53346,10.16972],[-75.52783,10.16998],[-75.5345,10.16856]]],[[[-75.51859,10.16291],[-75.51967,10.16819],[-75.52521,10.16954],[-75.51863,10.16871],[-75.51603,10.16562],[-75.51859,10.16291]]],[[[-75.51446,10.16163],[-75.51784,10.1623],[-75.51394,10.16408],[-75.51006,10.17259],[-75.51227,10.17594],[-75.5216,10.17704],[-75.52127,10.18417],[-75.51671,10.18702],[-75.51616,10.19208],[-75.51841,10.19088],[-75.52049,10.19448],[-75.52128,10.19964],[-75.51687,10.20377],[-75.51934,10.20712],[-75.51872,10.22232],[-75.52342,10.23107],[-75.51861,10.2334],[-75.51752,10.20867],[-75.50445,10.16538],[-75.50456,10.16252],[-75.51446,10.16163]]],[[[-75.78761,10.15567],[-75.79347,10.15914],[-75.79596,10.16584],[-75.78633,10.16586],[-75.78789,10.16341],[-75.78449,10.15684],[-75.78761,10.15567]]],[[[-75.5459,10.14289],[-75.54591,10.14521],[-75.54122,10.14483],[-75.5459,10.14289]]],[[[-75.69,10.1296],[-75.70171,10.13486],[-75.70341,10.13848],[-75.70016,10.13951],[-75.69993,10.14531],[-75.68666,10.15139],[-75.68226,10.15965],[-75.67978,10.15759],[-75.65573,10.16202],[-75.653,10.16615],[-75.66861,10.16715],[-75.65704,10.16936],[-75.65472,10.17723],[-75.64639,10.17802],[-75.63913,10.18835],[-75.63004,10.19094],[-75.62965,10.19713],[-75.62174,10.2041],[-75.6181,10.21429],[-75.60771,10.22346],[-75.60461,10.23635],[-75.5873,10.22917],[-75.59054,10.22478],[-75.58612,10.22543],[-75.58822,10.23509],[-75.6054,10.23944],[-75.62181,10.24818],[-75.62208,10.25127],[-75.61338,10.25953],[-75.59815,10.25853],[-75.5953,10.26343],[-75.58306,10.26165],[-75.59439,10.26705],[-75.59533,10.28019],[-75.59067,10.29334],[-75.58521,10.29773],[-75.58024,10.27686],[-75.57241,10.2694],[-75.5646,10.27071],[-75.56303,10.26787],[-75.56849,10.26554],[-75.56497,10.26065],[-75.55756,10.26144],[-75.55601,10.26866],[-75.56173,10.26839],[-75.5555,10.27485],[-75.5451,10.27899],[-75.54483,10.27551],[-75.53338,10.27604],[-75.53078,10.28004],[-75.53574,10.28596],[-75.5321,10.28829],[-75.52481,10.28598],[-75.52416,10.28907],[-75.51894,10.27568],[-75.51862,10.24166],[-75.52422,10.24886],[-75.52034,10.2597],[-75.52698,10.26046],[-75.53152,10.25375],[-75.53594,10.25297],[-75.53633,10.24807],[-75.55089,10.2416],[-75.55244,10.23413],[-75.55853,10.22716],[-75.57649,10.22326],[-75.59155,10.20944],[-75.59495,10.20944],[-75.60116,10.2008],[-75.62327,10.19611],[-75.62352,10.1907],[-75.62976,10.18527],[-75.63184,10.18527],[-75.63107,10.18991],[-75.63732,10.18874],[-75.64431,10.17545],[-75.64118,10.17378],[-75.65518,10.15094],[-75.66946,10.13686],[-75.68092,10.14238],[-75.68454,10.13052],[-75.69,10.1296]]],[[[-75.53547,10.12769],[-75.53886,10.1313],[-75.5347,10.13234],[-75.53547,10.12769]]],[[[-75.55419,10.12251],[-75.55654,10.12638],[-75.55499,10.13411],[-75.55419,10.12251]]],[[[-75.54111,10.07718],[-75.53956,10.08156],[-75.53695,10.0786],[-75.54111,10.07718]]],[[[-75.55378,10.03282],[-75.55639,10.03513],[-75.55457,10.03694],[-75.55378,10.03282]]],[[[-75.85507,9.78745],[-75.85666,9.79943],[-75.85069,9.80358],[-75.84756,9.79855],[-75.82611,9.79383],[-75.82701,9.78997],[-75.85507,9.78745]]],[[[-75.87453,9.77889],[-75.87532,9.78276],[-75.86817,9.7811],[-75.87453,9.77889]]],[[[-75.74685,9.73357],[-75.75258,9.73846],[-75.74711,9.73641],[-75.74685,9.73357]]],[[[-75.85664,9.69143],[-75.85159,9.69816],[-75.84991,9.69738],[-75.85664,9.69143]]],[[[-76.17845,9.37683],[-76.18963,9.38246],[-76.18927,9.39122],[-76.17956,9.39731],[-76.17255,9.39746],[-76.17845,9.37683]]],[[[-76.33958,9.02473],[-76.3427,9.02755],[-76.34063,9.02911],[-76.33958,9.02473]]],[[[-76.92204,8.20913],[-76.92697,8.21258],[-76.91612,8.21315],[-76.92204,8.20913]]],[[[-76.96151,8.18794],[-76.97579,8.22703],[-76.9742,8.24379],[-76.97097,8.24535],[-76.97178,8.25256],[-76.97607,8.25589],[-76.974,8.25654],[-76.9665,8.25696],[-76.96467,8.25156],[-76.97335,8.22988],[-76.97077,8.22989],[-76.96801,8.22217],[-76.96151,8.18794]]],[[[-76.92655,8.17896],[-76.92709,8.18218],[-76.92191,8.18091],[-76.92655,8.17896]]],[[[-76.94798,8.17126],[-76.94541,8.17526],[-76.93327,8.17648],[-76.94798,8.17126]]],[[[-76.9504,8.13607],[-76.95312,8.13722],[-76.9529,8.1465],[-76.94972,8.15682],[-76.94723,8.15013],[-76.9504,8.13607]]],[[[-76.9682,8.12813],[-76.97468,8.133],[-76.96901,8.13483],[-76.9682,8.12813]]],[[[-76.86505,8.07554],[-76.84467,8.08632],[-76.84645,8.08039],[-76.86505,8.07554]]],[[[-76.93194,8.06144],[-76.93737,8.06232],[-76.94021,8.08807],[-76.94478,8.09681],[-76.94969,8.09756],[-76.94935,8.10684],[-76.95328,8.11712],[-76.94822,8.11303],[-76.94322,8.09604],[-76.93947,8.09529],[-76.93568,8.08603],[-76.93231,8.08489],[-76.90085,8.1014],[-76.89546,8.10993],[-76.88656,8.11589],[-76.88543,8.12208],[-76.88973,8.12876],[-76.85704,8.13407],[-76.85599,8.13008],[-76.85263,8.12971],[-76.84903,8.13513],[-76.83896,8.1375],[-76.83843,8.13479],[-76.85698,8.12054],[-76.86541,8.11805],[-76.85749,8.11989],[-76.86693,8.09099],[-76.8811,8.08062],[-76.89375,8.07695],[-76.89708,8.07127],[-76.91029,8.07597],[-76.91856,8.07478],[-76.92333,8.07218],[-76.92729,8.06237],[-76.93194,8.06144]],[[-76.88538,8.08266],[-76.88273,8.09839],[-76.87343,8.09946],[-76.86656,8.11771],[-76.86894,8.10773],[-76.8755,8.09881],[-76.89618,8.09897],[-76.88967,8.08947],[-76.89224,8.08495],[-76.88538,8.08266]]],[[[-76.8786,8.04327],[-76.88569,8.04856],[-76.89335,8.04616],[-76.89983,8.0491],[-76.8864,8.05393],[-76.8786,8.04327]]],[[[-76.86335,8.02744],[-76.86537,8.03341],[-76.86096,8.03072],[-76.86335,8.02744]]],[[[-76.84723,8.02421],[-76.85371,8.02638],[-76.85242,8.02806],[-76.84723,8.02421]]],[[[-76.99579,7.9014],[-77.00112,7.90768],[-77.00118,7.92082],[-77.00495,7.92454],[-77.01296,7.92386],[-77.01108,7.93701],[-77.0203,7.9465],[-77.00507,7.94927],[-76.99928,7.95561],[-77.00432,7.98161],[-76.9916,8.02419],[-76.9871,8.02872],[-76.96385,8.03166],[-76.94635,8.04759],[-76.93916,8.05845],[-76.92651,8.06057],[-76.92294,8.07089],[-76.91752,8.07388],[-76.9064,8.07367],[-76.90096,8.06958],[-76.89579,8.0705],[-76.89142,8.07632],[-76.87799,8.07973],[-76.87518,8.07713],[-76.87722,8.08128],[-76.86448,8.09229],[-76.85771,8.1101],[-76.85819,8.1034],[-76.85455,8.09916],[-76.85967,8.08664],[-76.84803,8.08592],[-76.86454,8.07773],[-76.87508,8.07703],[-76.87253,8.07344],[-76.87769,8.07007],[-76.87896,8.06465],[-76.86731,8.06161],[-76.87143,8.05837],[-76.85825,8.05856],[-76.87982,8.05537],[-76.87861,8.04585],[-76.86667,8.03495],[-76.88029,8.04584],[-76.88539,8.05715],[-76.87662,8.06196],[-76.87316,8.05957],[-76.8761,8.06248],[-76.91402,8.04426],[-76.93102,8.03117],[-76.95457,7.98262],[-76.96524,7.96995],[-76.96598,7.96376],[-76.95921,7.95194],[-76.97066,7.94235],[-76.97155,7.93823],[-76.96246,7.93002],[-76.97134,7.92148],[-76.96689,7.90913],[-76.98549,7.90789],[-76.99579,7.9014]]],[[[-77.13861,7.73516],[-77.13316,7.75503],[-77.13285,7.74421],[-77.13861,7.73516]]],[[[-77.68614,7.03519],[-77.69048,7.03594],[-77.73416,7.07586],[-77.73133,7.07716],[-77.72253,7.07142],[-77.71449,7.06284],[-77.70739,7.06211],[-77.70268,7.05038],[-77.68614,7.03519]]],[[[-77.34669,5.98007],[-77.35289,5.98494],[-77.34967,5.98573],[-77.34669,5.98007]]],[[[-77.34769,5.97286],[-77.34989,5.97542],[-77.34719,5.97749],[-77.34769,5.97286]]],[[[-77.39452,5.44741],[-77.39735,5.44843],[-77.39531,5.45178],[-77.39452,5.44741]]],[[[-77.38479,5.42426],[-77.39007,5.42862],[-77.38896,5.44034],[-77.38417,5.43096],[-77.38479,5.42426]]],[[[-77.38577,5.41369],[-77.38783,5.4142],[-77.38682,5.41858],[-77.38577,5.41369]]],[[[-77.39554,5.34642],[-77.40094,5.34872],[-77.40473,5.36416],[-77.41234,5.40406],[-77.40992,5.41038],[-77.39908,5.39947],[-77.40405,5.38709],[-77.40306,5.36494],[-77.39865,5.35414],[-77.39363,5.35107],[-77.39554,5.34642]]],[[[-77.39696,5.31731],[-77.40585,5.3232],[-77.40269,5.33686],[-77.39542,5.33989],[-77.3957,5.32143],[-77.40109,5.32167],[-77.39696,5.31731]]],[[[-77.38206,5.25013],[-77.39075,5.27045],[-77.39003,5.28565],[-77.38684,5.29017],[-77.38452,5.28979],[-77.38345,5.27923],[-77.37969,5.27908],[-77.38201,5.26997],[-77.37827,5.2665],[-77.38206,5.25013]]],[[[-77.38993,5.15801],[-77.39577,5.17228],[-77.38966,5.19815],[-77.38772,5.25243],[-77.38283,5.25038],[-77.37962,5.21768],[-77.38166,5.21291],[-77.3786,5.2182],[-77.38229,5.24369],[-77.37999,5.24576],[-77.3784,5.23288],[-77.37327,5.23574],[-77.37196,5.23007],[-77.37398,5.21925],[-77.37038,5.21849],[-77.37062,5.21591],[-77.37577,5.21666],[-77.3769,5.21074],[-77.36725,5.20639],[-77.3685,5.19917],[-77.37697,5.19515],[-77.38144,5.18779],[-77.38263,5.16331],[-77.38531,5.15854],[-77.38993,5.15801]]],[[[-77.37959,5.10639],[-77.38486,5.14115],[-77.38426,5.15094],[-77.38015,5.15225],[-77.38291,5.13523],[-77.38064,5.12435],[-77.37567,5.12135],[-77.37757,5.11413],[-77.37422,5.11157],[-77.37613,5.10654],[-77.37959,5.10639]]],[[[-77.36845,4.93693],[-77.36809,4.94492],[-77.36576,4.93874],[-77.36845,4.93693]]],[[[-76.85874,4.8798],[-76.86029,4.88263],[-76.85722,4.88856],[-76.85874,4.8798]]],[[[-77.34526,4.80382],[-77.35607,4.85016],[-77.3628,4.86507],[-77.3599,4.87876],[-77.35872,4.87385],[-77.35167,4.8758],[-77.3488,4.8628],[-77.34366,4.86153],[-77.34915,4.8525],[-77.35052,4.84167],[-77.34781,4.83653],[-77.34923,4.83074],[-77.34413,4.83046],[-77.34422,4.82707],[-77.33854,4.82536],[-77.3459,4.82231],[-77.34145,4.8213],[-77.3419,4.81773],[-77.34722,4.81541],[-77.34631,4.81206],[-77.34272,4.8122],[-77.34013,4.80642],[-77.34526,4.80382]]],[[[-77.31116,4.78198],[-77.3215,4.78883],[-77.31328,4.78675],[-77.31116,4.78198]]],[[[-77.33278,4.77674],[-77.33486,4.77995],[-77.32995,4.77802],[-77.33278,4.77674]]],[[[-77.34841,4.77037],[-77.34794,4.78194],[-77.34473,4.78557],[-77.33944,4.78161],[-77.34435,4.78095],[-77.34062,4.7749],[-77.34841,4.77037]]],[[[-77.30181,4.74775],[-77.31383,4.77585],[-77.31059,4.77599],[-77.30138,4.75318],[-77.30181,4.74775]]],[[[-76.87109,4.74326],[-76.871,4.74344],[-76.87095,4.74352],[-76.87109,4.74326]]],[[[-76.87322,4.72578],[-76.88584,4.74005],[-76.88792,4.74778],[-76.86847,4.73336],[-76.87322,4.72578]]],[[[-77.30544,4.72345],[-77.30803,4.7295],[-77.30442,4.72745],[-77.30544,4.72345]]],[[[-77.29902,4.68315],[-77.29864,4.68728],[-77.29683,4.68316],[-77.29902,4.68315]]],[[[-77.30967,4.68157],[-77.32754,4.6895],[-77.32529,4.70806],[-77.32742,4.73021],[-77.32349,4.74619],[-77.31424,4.74468],[-77.31729,4.73668],[-77.31037,4.73954],[-77.3074,4.73362],[-77.31336,4.71016],[-77.31027,4.71017],[-77.30945,4.69291],[-77.30584,4.6888],[-77.30967,4.68157]]],[[[-77.30791,4.59349],[-77.31033,4.59848],[-77.30813,4.60247],[-77.30407,4.5994],[-77.30394,4.59404],[-77.30791,4.59349]]],[[[-77.32921,4.5326],[-77.33654,4.53593],[-77.33617,4.54134],[-77.33307,4.53594],[-77.33179,4.53749],[-77.33451,4.54418],[-77.3334,4.5599],[-77.32803,4.56545],[-77.31994,4.56484],[-77.32056,4.55633],[-77.32794,4.54491],[-77.32921,4.5326]]],[[[-77.38325,4.37554],[-77.37207,4.39086],[-77.37518,4.37918],[-77.38325,4.37554]]],[[[-77.44239,4.28918],[-77.44907,4.292],[-77.45804,4.29029],[-77.45704,4.29622],[-77.44986,4.30024],[-77.44165,4.29846],[-77.4419,4.29588],[-77.43599,4.29539],[-77.44239,4.28918]]],[[[-77.49034,4.28027],[-77.49396,4.28657],[-77.48857,4.28736],[-77.49034,4.28027]]],[[[-77.37176,4.26957],[-77.38206,4.28087],[-77.40211,4.29305],[-77.43912,4.3098],[-77.42427,4.32183],[-77.40745,4.35666],[-77.42044,4.32674],[-77.41991,4.32236],[-77.41556,4.32727],[-77.41146,4.32651],[-77.4052,4.33709],[-77.40484,4.34405],[-77.40164,4.34586],[-77.40088,4.35153],[-77.40384,4.35422],[-77.38798,4.36922],[-77.3833,4.34952],[-77.37873,4.34333],[-77.3708,4.3411],[-77.36928,4.33424],[-77.37271,4.32779],[-77.39118,4.32451],[-77.39486,4.31239],[-77.38521,4.30418],[-77.36858,4.27795],[-77.36766,4.27074],[-77.37176,4.26957]]],[[[-77.5103,4.26398],[-77.51647,4.26718],[-77.5152,4.27027],[-77.51059,4.27415],[-77.50623,4.27339],[-77.49882,4.28295],[-77.48699,4.27474],[-77.48826,4.27178],[-77.49699,4.27149],[-77.5103,4.26398]]],[[[-77.43969,4.24617],[-77.4728,4.25096],[-77.47384,4.25521],[-77.47911,4.25674],[-77.47873,4.25996],[-77.46719,4.26309],[-77.45336,4.2715],[-77.45517,4.27536],[-77.44544,4.27952],[-77.44551,4.26148],[-77.43972,4.25635],[-77.42816,4.25368],[-77.43969,4.24617]]],[[[-77.52548,4.19721],[-77.53011,4.1999],[-77.53013,4.20583],[-77.52376,4.2584],[-77.51778,4.27413],[-77.49834,4.29312],[-77.48551,4.29342],[-77.48448,4.2915],[-77.49731,4.29145],[-77.49703,4.28605],[-77.50472,4.28396],[-77.52031,4.26459],[-77.52296,4.24913],[-77.51974,4.2433],[-77.52289,4.24028],[-77.52146,4.23219],[-77.52519,4.22717],[-77.52669,4.21312],[-77.51687,4.1995],[-77.52548,4.19721]]],[[[-77.03215,4.19415],[-77.0423,4.19915],[-77.04845,4.20697],[-77.04027,4.20495],[-77.03215,4.19415]]],[[[-77.44528,4.14672],[-77.45411,4.15318],[-77.4458,4.14968],[-77.44528,4.14672]]],[[[-77.42038,4.14422],[-77.44787,4.15406],[-77.46737,4.15683],[-77.45691,4.17412],[-77.44872,4.18084],[-77.42718,4.18413],[-77.40302,4.17184],[-77.37713,4.17797],[-77.38018,4.16882],[-77.39093,4.16119],[-77.38935,4.14934],[-77.42038,4.14422]]],[[[-77.50273,4.141],[-77.5012,4.14616],[-77.49172,4.14993],[-77.49402,4.14515],[-77.50273,4.141]]],[[[-77.49743,4.14067],[-77.49197,4.14709],[-77.48992,4.14594],[-77.49743,4.14067]]],[[[-77.48348,4.14016],[-77.48504,4.14441],[-77.47606,4.14624],[-77.48348,4.14016]]],[[[-77.52321,4.12729],[-77.52539,4.12831],[-77.52468,4.1873],[-77.52173,4.18808],[-77.52248,4.17984],[-77.50799,4.18143],[-77.49692,4.17039],[-77.49282,4.17117],[-77.49637,4.1606],[-77.49328,4.1586],[-77.49278,4.16113],[-77.49586,4.16138],[-77.49231,4.17246],[-77.49641,4.17142],[-77.49745,4.17605],[-77.50181,4.17578],[-77.49708,4.18095],[-77.5025,4.19563],[-77.47997,4.20547],[-77.47269,4.21773],[-77.46217,4.21764],[-77.44315,4.20546],[-77.42596,4.20655],[-77.44341,4.20765],[-77.45781,4.2152],[-77.46321,4.22176],[-77.48533,4.21326],[-77.49114,4.22409],[-77.48556,4.22877],[-77.47452,4.2261],[-77.473,4.23332],[-77.46685,4.23578],[-77.45799,4.2344],[-77.45404,4.24226],[-77.43609,4.24451],[-77.4279,4.25136],[-77.42071,4.24984],[-77.44423,4.26226],[-77.44391,4.28364],[-77.43211,4.28432],[-77.43879,4.28752],[-77.43137,4.29386],[-77.43421,4.29926],[-77.426,4.29941],[-77.38111,4.2768],[-77.36762,4.25915],[-77.36047,4.22723],[-77.35236,4.21875],[-77.31696,4.22118],[-77.29337,4.23026],[-77.28053,4.22515],[-77.28856,4.20606],[-77.28646,4.19267],[-77.28977,4.18081],[-77.30705,4.16698],[-77.31733,4.17326],[-77.32867,4.18971],[-77.34845,4.19906],[-77.36281,4.19437],[-77.38046,4.17861],[-77.40123,4.17301],[-77.40816,4.17401],[-77.42718,4.18593],[-77.44642,4.18549],[-77.46178,4.17333],[-77.46738,4.16031],[-77.4725,4.15643],[-77.49071,4.15457],[-77.49307,4.15846],[-77.49276,4.15456],[-77.51148,4.15025],[-77.52349,4.13643],[-77.52321,4.12729]]],[[[-77.20086,4.08869],[-77.19927,4.09178],[-77.19693,4.08969],[-77.20086,4.08869]]],[[[-77.46572,4.07698],[-77.47575,4.08751],[-77.47609,4.11378],[-77.47851,4.10965],[-77.4838,4.11475],[-77.4857,4.10963],[-77.49134,4.10936],[-77.48128,4.09264],[-77.48325,4.09144],[-77.49466,4.10406],[-77.50647,4.10673],[-77.51087,4.12037],[-77.49768,4.12556],[-77.48963,4.13615],[-77.47528,4.14341],[-77.46813,4.15283],[-77.46223,4.15401],[-77.44019,4.14253],[-77.44598,4.12418],[-77.43579,4.10747],[-77.44435,4.09585],[-77.45587,4.08809],[-77.46123,4.07751],[-77.46379,4.07724],[-77.46304,4.08343],[-77.46766,4.08354],[-77.46572,4.07698]]],[[[-77.23749,4.0676],[-77.24108,4.06785],[-77.24392,4.07531],[-77.24034,4.0797],[-77.23253,4.07382],[-77.23288,4.07096],[-77.23826,4.07069],[-77.23749,4.0676]]],[[[-77.44939,4.06544],[-77.45222,4.0662],[-77.45343,4.08706],[-77.43463,4.10618],[-77.43167,4.10233],[-77.43228,4.09022],[-77.44939,4.06544]]],[[[-77.24363,4.06307],[-77.24672,4.06719],[-77.24236,4.06578],[-77.24363,4.06307]]],[[[-77.27262,4.06158],[-77.27596,4.06285],[-77.27468,4.06608],[-77.27109,4.06583],[-77.27262,4.06158]]],[[[-77.28279,4.06017],[-77.28647,4.06025],[-77.28545,4.06309],[-77.28279,4.06017]]],[[[-77.25515,4.05351],[-77.25747,4.05595],[-77.25209,4.06112],[-77.2508,4.05803],[-77.25515,4.05351]]],[[[-77.44727,4.04213],[-77.45626,4.04584],[-77.46812,4.06615],[-77.46478,4.06591],[-77.46245,4.05818],[-77.45475,4.0546],[-77.44727,4.04213]]],[[[-77.19508,4.04028],[-77.19765,4.04143],[-77.19676,4.04607],[-77.19221,4.05025],[-77.19508,4.04028]]],[[[-77.41776,4.03797],[-77.4193,4.0408],[-77.4134,4.03978],[-77.41776,4.03797]]],[[[-77.23534,4.03179],[-77.23613,4.04107],[-77.22805,4.04135],[-77.22829,4.03568],[-77.23445,4.03746],[-77.23534,4.03179]]],[[[-77.21557,4.0267],[-77.21686,4.03056],[-77.21352,4.03031],[-77.21198,4.02877],[-77.21557,4.0267]]],[[[-77.21197,4.02361],[-77.20999,4.03028],[-77.2062,4.03067],[-77.21197,4.02361]]],[[[-77.25582,4.01808],[-77.25917,4.02091],[-77.25866,4.02452],[-77.25507,4.02401],[-77.25831,4.03456],[-77.25276,4.02324],[-77.24945,4.02317],[-77.24952,4.02036],[-77.25582,4.01808]]],[[[-77.28376,4.00757],[-77.28428,4.01002],[-77.27403,4.01443],[-77.28376,4.00757]]],[[[-81.60933,3.99894],[-81.61036,4.0037],[-81.60343,4.00887],[-81.60497,4.00087],[-81.60933,3.99894]]],[[[-77.31578,3.99151],[-77.31758,3.99343],[-77.31271,3.99577],[-77.31578,3.99151]]],[[[-77.21811,3.9816],[-77.22255,3.98253],[-77.21579,3.98633],[-77.21477,3.98273],[-77.21811,3.9816]]],[[[-77.3057,3.96333],[-77.30981,3.96692],[-77.29342,3.97779],[-77.29303,3.97315],[-77.3057,3.96333]]],[[[-77.35553,3.8962],[-77.36235,3.90572],[-77.36173,3.91164],[-77.35237,3.91373],[-77.35553,3.8962]]],[[[-77.10844,3.87135],[-77.10884,3.87651],[-77.09978,3.89431],[-77.09949,3.88258],[-77.10844,3.87135]]],[[[-77.11089,3.8251],[-77.1127,3.83012],[-77.10593,3.83915],[-77.10591,3.83271],[-77.10168,3.83427],[-77.09949,3.83144],[-77.11089,3.8251]]],[[[-77.17059,3.79622],[-77.17137,3.80317],[-77.16744,3.80198],[-77.17059,3.79622]]],[[[-77.15771,3.77564],[-77.16285,3.77936],[-77.16621,3.78824],[-77.15771,3.77564]]],[[[-77.16693,3.76892],[-77.17282,3.76978],[-77.18202,3.80865],[-77.17795,3.80973],[-77.17997,3.80547],[-77.17651,3.80535],[-77.17674,3.79543],[-77.17273,3.78204],[-77.16669,3.77536],[-77.16693,3.76892]]],[[[-77.15191,3.70969],[-77.15423,3.71484],[-77.1432,3.71435],[-77.15191,3.70969]]],[[[-77.17445,3.7001],[-77.17761,3.70091],[-77.17601,3.70835],[-77.17923,3.71194],[-77.17938,3.7207],[-77.17204,3.70758],[-77.17087,3.70166],[-77.17445,3.7001]]],[[[-77.18774,3.68049],[-77.19165,3.7065],[-77.19081,3.72737],[-77.19558,3.73896],[-77.19369,3.75004],[-77.18906,3.74799],[-77.19045,3.73794],[-77.18352,3.73796],[-77.1881,3.71965],[-77.18564,3.71373],[-77.18807,3.70883],[-77.18343,3.69931],[-77.18727,3.69518],[-77.18485,3.68651],[-77.18774,3.68049]]],[[[-77.16526,3.66277],[-77.16566,3.66895],[-77.1613,3.67051],[-77.1618,3.66432],[-77.16526,3.66277]]],[[[-77.15091,3.65722],[-77.1543,3.66309],[-77.151,3.66272],[-77.15091,3.65722]]],[[[-77.17867,3.6398],[-77.17971,3.64534],[-77.17484,3.64651],[-77.17444,3.64265],[-77.17867,3.6398]]],[[[-77.18764,3.63952],[-77.1898,3.64759],[-77.18768,3.65292],[-77.18281,3.65512],[-77.18049,3.65281],[-77.18588,3.65125],[-77.18534,3.64005],[-77.18764,3.63952]]],[[[-77.18401,3.62253],[-77.18378,3.63309],[-77.18095,3.63091],[-77.18401,3.62253]]],[[[-77.18803,3.58696],[-77.1915,3.5903],[-77.1892,3.59263],[-77.18803,3.58696]]],[[[-77.28285,3.56303],[-77.28415,3.57075],[-77.27211,3.574],[-77.28133,3.5705],[-77.28285,3.56303]]],[[[-77.3074,3.53746],[-77.30831,3.5439],[-77.30179,3.5501],[-77.30754,3.5421],[-77.3074,3.53746]]],[[[-77.32376,3.519],[-77.33058,3.52736],[-77.32956,3.53071],[-77.29991,3.56736],[-77.29414,3.56815],[-77.29669,3.55939],[-77.30668,3.55524],[-77.31447,3.54543],[-77.31701,3.53589],[-77.32341,3.5315],[-77.32376,3.519]]],[[[-77.31658,3.5176],[-77.31801,3.52584],[-77.3125,3.52766],[-77.3065,3.53437],[-77.30434,3.54417],[-77.30203,3.54366],[-77.30573,3.53386],[-77.30377,3.52072],[-77.31658,3.5176]]],[[[-77.32062,3.49041],[-77.32422,3.49697],[-77.32166,3.49724],[-77.32062,3.49041]]],[[[-77.33984,3.48998],[-77.33423,3.49978],[-77.33601,3.49282],[-77.33984,3.48998]]],[[[-77.35965,3.46416],[-77.36761,3.46852],[-77.36982,3.48011],[-77.36239,3.48348],[-77.33887,3.50904],[-77.334,3.50957],[-77.33807,3.49977],[-77.34511,3.49383],[-77.34293,3.49177],[-77.34777,3.48287],[-77.33523,3.48986],[-77.33061,3.48897],[-77.33701,3.48251],[-77.33147,3.47299],[-77.33621,3.47118],[-77.34212,3.47825],[-77.34492,3.4691],[-77.3426,3.46575],[-77.34901,3.46574],[-77.3498,3.47243],[-77.35965,3.46416]]],[[[-77.37453,3.41557],[-77.37889,3.41775],[-77.37138,3.44069],[-77.36525,3.44921],[-77.3623,3.44896],[-77.36549,3.44096],[-77.36407,3.43569],[-77.36739,3.43413],[-77.36431,3.43234],[-77.37319,3.42772],[-77.37173,3.42536],[-77.37608,3.42162],[-77.37453,3.41557]]],[[[-77.36273,3.41289],[-77.3712,3.41712],[-77.36505,3.41791],[-77.36273,3.41289]]],[[[-77.35528,3.40595],[-77.35593,3.40879],[-77.34748,3.41499],[-77.35528,3.40595]]],[[[-77.38527,3.40408],[-77.38169,3.40898],[-77.38247,3.41593],[-77.37991,3.41594],[-77.37989,3.4086],[-77.38527,3.40408]]],[[[-77.34834,3.40159],[-77.34759,3.40855],[-77.34478,3.4101],[-77.34834,3.40159]]],[[[-77.40545,3.3771],[-77.40624,3.38444],[-77.3937,3.39555],[-77.38796,3.40561],[-77.38038,3.39739],[-77.38126,3.39275],[-77.3905,3.39376],[-77.38996,3.38552],[-77.39291,3.38435],[-77.39652,3.39207],[-77.40545,3.3771]]],[[[-77.40032,3.37699],[-77.39572,3.38189],[-77.39597,3.37803],[-77.40032,3.37699]]],[[[-77.40799,3.36873],[-77.40237,3.37389],[-77.40159,3.37003],[-77.40799,3.36873]]],[[[-77.40003,3.36256],[-77.39876,3.36823],[-77.39722,3.36682],[-77.40003,3.36256]]],[[[-77.42566,3.35864],[-77.42234,3.36367],[-77.41875,3.36406],[-77.42566,3.35864]]],[[[-77.4113,3.35777],[-77.41144,3.3646],[-77.40812,3.36692],[-77.4113,3.35777]]],[[[-77.35306,3.3373],[-77.35628,3.34129],[-77.35461,3.34258],[-77.35306,3.3373]]],[[[-77.39637,3.33153],[-77.40484,3.33576],[-77.40048,3.33809],[-77.39553,3.33474],[-77.39637,3.33153]]],[[[-77.49793,3.2173],[-77.49785,3.2209],[-77.49297,3.21756],[-77.49793,3.2173]]],[[[-77.47758,3.21026],[-77.48425,3.21127],[-77.49057,3.22813],[-77.50145,3.23437],[-77.49879,3.23764],[-77.50533,3.24123],[-77.5056,3.24509],[-77.5197,3.2466],[-77.53341,3.23025],[-77.53442,3.24013],[-77.53861,3.22569],[-77.54154,3.22584],[-77.54491,3.23392],[-77.4946,3.30462],[-77.49038,3.3076],[-77.49036,3.29897],[-77.49648,3.28633],[-77.49981,3.28581],[-77.49799,3.27847],[-77.50184,3.27756],[-77.50132,3.27524],[-77.49602,3.27517],[-77.488,3.28068],[-77.47857,3.29951],[-77.47254,3.29978],[-77.46471,3.29362],[-77.46136,3.30407],[-77.45526,3.30704],[-77.44217,3.29715],[-77.4314,3.29538],[-77.42446,3.2896],[-77.41893,3.29118],[-77.41276,3.2886],[-77.41073,3.2819],[-77.41289,3.27494],[-77.42517,3.26461],[-77.42273,3.26049],[-77.42488,3.25199],[-77.42963,3.25391],[-77.45188,3.24301],[-77.45517,3.23349],[-77.46185,3.23769],[-77.47098,3.23719],[-77.46866,3.22998],[-77.46211,3.22653],[-77.46967,3.22509],[-77.46658,3.21994],[-77.46785,3.21504],[-77.47758,3.21026]]],[[[-77.53674,3.19504],[-77.5347,3.19943],[-77.53303,3.19763],[-77.53674,3.19504]]],[[[-77.56586,3.15633],[-77.5535,3.18392],[-77.54945,3.20403],[-77.54472,3.2088],[-77.53447,3.20818],[-77.53574,3.20483],[-77.54651,3.20558],[-77.54061,3.20379],[-77.54789,3.19604],[-77.54926,3.1811],[-77.56586,3.15633]]],[[[-77.52556,3.12938],[-77.5352,3.14224],[-77.53151,3.15152],[-77.5313,3.16852],[-77.52899,3.16904],[-77.52564,3.1621],[-77.51694,3.1665],[-77.50671,3.17399],[-77.50699,3.18365],[-77.49982,3.18818],[-77.49496,3.18973],[-77.48162,3.18487],[-77.47931,3.18282],[-77.48596,3.17842],[-77.49698,3.17917],[-77.48375,3.16323],[-77.49098,3.13616],[-77.4974,3.13924],[-77.51046,3.13741],[-77.52556,3.12938]]],[[[-77.4871,3.11685],[-77.49454,3.12096],[-77.49121,3.12212],[-77.4871,3.11685]]],[[[-77.59599,3.11324],[-77.58987,3.12317],[-77.57834,3.12436],[-77.57848,3.1203],[-77.59106,3.12115],[-77.59317,3.11351],[-77.59599,3.11324]]],[[[-77.48347,2.99038],[-77.48247,2.99644],[-77.47708,2.99555],[-77.48347,2.99038]]],[[[-78.2025,2.93399],[-78.20505,2.93735],[-78.19851,2.94145],[-78.19899,2.95485],[-78.187,2.98623],[-78.17231,3.00198],[-78.16557,3.00295],[-78.17465,2.95737],[-78.18018,2.94785],[-78.2025,2.93399]]],[[[-78.21736,2.93171],[-78.21786,2.93815],[-78.21401,2.93866],[-78.21399,2.94278],[-78.20863,2.94252],[-78.21736,2.93171]]],[[[-77.66573,2.91938],[-77.66677,2.92838],[-77.65627,2.92713],[-77.65459,2.92353],[-77.66573,2.91938]]],[[[-77.62348,2.8944],[-77.62596,2.89603],[-77.62392,2.89887],[-77.62097,2.89683],[-77.62348,2.8944]]],[[[-77.62772,2.878],[-77.63272,2.88494],[-77.62978,2.88624],[-77.62772,2.878]]],[[[-77.62822,2.87336],[-77.63898,2.87475],[-77.64053,2.88055],[-77.63388,2.88443],[-77.62822,2.87336]]],[[[-77.67148,2.86],[-77.67201,2.86734],[-77.67713,2.86565],[-77.67229,2.88047],[-77.67486,2.88111],[-77.67868,2.87248],[-77.68226,2.87105],[-77.68019,2.8659],[-77.68405,2.86666],[-77.69111,2.88094],[-77.69064,2.89099],[-77.69742,2.88801],[-77.69885,2.89664],[-77.69589,2.89201],[-77.69205,2.89279],[-77.68694,2.90001],[-77.68334,2.8941],[-77.67847,2.89385],[-77.68297,2.90105],[-77.67686,2.91652],[-77.68008,2.92192],[-77.67445,2.92528],[-77.67071,2.91576],[-77.67544,2.9106],[-77.66544,2.90637],[-77.66107,2.89969],[-77.65851,2.89931],[-77.6593,2.90935],[-77.65546,2.91013],[-77.65714,2.91631],[-77.65445,2.91966],[-77.64778,2.9144],[-77.64395,2.91531],[-77.63162,2.90336],[-77.63311,2.89859],[-77.6444,2.89174],[-77.65107,2.90204],[-77.65491,2.89571],[-77.66336,2.89285],[-77.66501,2.8859],[-77.66257,2.88397],[-77.64874,2.88568],[-77.64681,2.88337],[-77.66344,2.87122],[-77.67148,2.86]]],[[[-77.77495,2.74373],[-77.77906,2.7575],[-77.76397,2.76011],[-77.76369,2.74968],[-77.77495,2.74373]]],[[[-77.74165,2.73981],[-77.75088,2.74688],[-77.74323,2.76183],[-77.75041,2.76774],[-77.74505,2.77536],[-77.73915,2.77086],[-77.74067,2.76506],[-77.73157,2.76109],[-77.73708,2.76004],[-77.73335,2.75026],[-77.73756,2.75026],[-77.73755,2.74098],[-77.74165,2.73981]]],[[[-77.79207,2.72901],[-77.79463,2.72991],[-77.79388,2.73609],[-77.78673,2.74409],[-77.78083,2.74011],[-77.79207,2.72901]]],[[[-77.79744,2.72501],[-77.79988,2.72719],[-77.79836,2.7344],[-77.79386,2.72733],[-77.79744,2.72501]]],[[[-77.76004,2.72342],[-77.76543,2.72495],[-77.76467,2.73113],[-77.75776,2.73076],[-77.76004,2.72342]]],[[[-77.7503,2.71725],[-77.75671,2.72317],[-77.75494,2.73064],[-77.76034,2.7399],[-77.75598,2.73991],[-77.75623,2.73527],[-77.74573,2.73478],[-77.73791,2.73042],[-77.74034,2.72527],[-77.74391,2.72474],[-77.74379,2.72862],[-77.74623,2.7286],[-77.7503,2.71725]]],[[[-77.7787,2.70419],[-77.78867,2.70429],[-77.79112,2.70738],[-77.78793,2.71241],[-77.77845,2.71076],[-77.7787,2.70419]]],[[[-77.82964,2.69672],[-77.83362,2.69852],[-77.83196,2.70136],[-77.82964,2.69672]]],[[[-77.7797,2.69543],[-77.78484,2.70224],[-77.77626,2.70098],[-77.77689,2.69544],[-77.7797,2.69543]]],[[[-77.83806,2.68203],[-77.84089,2.68654],[-77.8446,2.68638],[-77.83961,2.69027],[-77.82399,2.69095],[-77.82347,2.68722],[-77.81989,2.68696],[-77.8195,2.68465],[-77.82706,2.68592],[-77.83012,2.68232],[-77.83,2.6872],[-77.8373,2.68706],[-77.83806,2.68203]]],[[[-77.85059,2.67582],[-77.84855,2.67892],[-77.8465,2.67699],[-77.85059,2.67582]]],[[[-77.90511,2.66333],[-77.91216,2.66666],[-77.90771,2.6807],[-77.89492,2.68525],[-77.89312,2.68242],[-77.90348,2.67827],[-77.90231,2.67235],[-77.90588,2.67028],[-77.90693,2.67672],[-77.90872,2.67569],[-77.90511,2.66333]]],[[[-77.91304,2.6619],[-77.91305,2.66537],[-77.90946,2.66358],[-77.91304,2.6619]]],[[[-78.24056,2.65234],[-78.2454,2.66368],[-78.23873,2.66573],[-78.24056,2.65234]]],[[[-77.97498,2.65145],[-77.9773,2.65582],[-77.97448,2.65518],[-77.97498,2.65145]]],[[[-78.00781,2.64291],[-78.00857,2.64665],[-78.0055,2.6469],[-78.00781,2.64291]]],[[[-78.30026,2.63521],[-78.30408,2.64887],[-78.29894,2.65388],[-78.30124,2.65852],[-78.28588,2.65463],[-78.30026,2.63521]]],[[[-78.29439,2.62644],[-78.2931,2.63314],[-78.28746,2.63686],[-78.2849,2.63544],[-78.29439,2.62644]]],[[[-78.02756,2.62595],[-78.02743,2.63098],[-78.02563,2.63021],[-78.02756,2.62595]]],[[[-78.37815,2.62469],[-78.3825,2.6256],[-78.37865,2.63036],[-78.3298,2.65511],[-78.3302,2.64713],[-78.33637,2.64031],[-78.33445,2.63555],[-78.34355,2.63312],[-78.34968,2.63957],[-78.33892,2.64509],[-78.343,2.6469],[-78.37815,2.62469]]],[[[-77.96722,2.61864],[-77.96954,2.62249],[-77.96441,2.61956],[-77.96722,2.61864]]],[[[-78.09339,2.61724],[-78.10003,2.62498],[-78.09849,2.62665],[-78.09031,2.62186],[-78.08825,2.62443],[-78.09184,2.62882],[-78.0798,2.62338],[-78.09339,2.61724]]],[[[-78.27572,2.6152],[-78.27469,2.61932],[-78.27303,2.61764],[-78.27572,2.6152]]],[[[-77.83022,2.61393],[-77.83484,2.61767],[-77.82561,2.61394],[-77.83022,2.61393]]],[[[-78.05525,2.612],[-78.05562,2.61972],[-78.04984,2.62666],[-78.05525,2.612]]],[[[-77.80743,2.61141],[-77.82997,2.61612],[-77.83972,2.62215],[-77.84809,2.64209],[-77.86478,2.66291],[-77.86804,2.68634],[-77.87316,2.69019],[-77.8816,2.68528],[-77.87343,2.69598],[-77.86319,2.69665],[-77.86471,2.6915],[-77.85702,2.68842],[-77.86469,2.67914],[-77.86237,2.67348],[-77.85186,2.67466],[-77.85186,2.67093],[-77.85544,2.66949],[-77.8598,2.67169],[-77.85953,2.66627],[-77.85517,2.66242],[-77.84543,2.6591],[-77.84033,2.66606],[-77.84111,2.67069],[-77.83727,2.67173],[-77.83597,2.66362],[-77.83009,2.66969],[-77.83008,2.66299],[-77.82469,2.66004],[-77.8183,2.66572],[-77.81536,2.66432],[-77.81546,2.65685],[-77.80779,2.65764],[-77.80803,2.65274],[-77.80406,2.65276],[-77.79857,2.66075],[-77.79391,2.64247],[-77.80723,2.63858],[-77.80761,2.6342],[-77.8017,2.62572],[-77.80743,2.61141]]],[[[-78.28291,2.60685],[-78.28162,2.61367],[-78.27983,2.60993],[-78.28291,2.60685]]],[[[-78.38382,2.6032],[-78.37843,2.60988],[-78.37947,2.6046],[-78.38382,2.6032]]],[[[-78.35335,2.60222],[-78.3536,2.60403],[-78.34642,2.60788],[-78.35335,2.60222]]],[[[-77.87347,2.60083],[-77.87399,2.60573],[-77.8699,2.60934],[-77.86695,2.6078],[-77.8676,2.60406],[-77.87347,2.60083]]],[[[-78.42659,2.59958],[-78.42813,2.6008],[-78.42194,2.60328],[-78.42659,2.59958]]],[[[-78.35412,2.59901],[-78.35758,2.59954],[-78.35565,2.60198],[-78.35412,2.59901]]],[[[-78.41201,2.59604],[-78.41967,2.60599],[-78.41213,2.60351],[-78.41201,2.59604]]],[[[-78.07115,2.59504],[-78.07628,2.59968],[-78.06808,2.59941],[-78.07115,2.59504]]],[[[-78.44967,2.59354],[-78.44916,2.59843],[-78.43916,2.59726],[-78.44967,2.59354]]],[[[-78.38516,2.57577],[-78.38566,2.58466],[-78.38285,2.57924],[-78.38516,2.57577]]],[[[-78.21462,2.56613],[-78.21667,2.56627],[-78.21512,2.57167],[-78.21231,2.5718],[-78.21462,2.56613]]],[[[-78.39901,2.56525],[-78.39849,2.56884],[-78.39645,2.56794],[-78.39901,2.56525]]],[[[-78.04897,2.56177],[-78.05663,2.569],[-78.05713,2.5744],[-78.04894,2.57142],[-78.03562,2.57332],[-78.0368,2.56869],[-78.04897,2.56177]]],[[[-78.35753,2.56026],[-78.36061,2.56078],[-78.35676,2.56425],[-78.35753,2.56026]]],[[[-78.33321,2.55493],[-78.33038,2.56174],[-78.32885,2.55852],[-78.33321,2.55493]]],[[[-78.19545,2.55128],[-78.19724,2.55412],[-78.1916,2.55488],[-78.19545,2.55128]]],[[[-77.83955,2.54876],[-77.86928,2.55938],[-77.88535,2.58896],[-77.88191,2.59721],[-77.86707,2.60369],[-77.86392,2.62326],[-77.86649,2.62892],[-77.87303,2.63238],[-77.88224,2.62927],[-77.89142,2.61457],[-77.90066,2.62163],[-77.89658,2.62627],[-77.8951,2.65383],[-77.88949,2.66311],[-77.87823,2.66327],[-77.8523,2.64363],[-77.8433,2.62304],[-77.83587,2.61869],[-77.83534,2.61432],[-77.79384,2.60615],[-77.77545,2.56937],[-77.77558,2.56371],[-77.78221,2.55532],[-77.79463,2.55543],[-77.79938,2.56147],[-77.81525,2.55783],[-77.82575,2.55935],[-77.83955,2.54876]]],[[[-78.10584,2.5449],[-78.10941,2.55392],[-78.10276,2.55262],[-78.10584,2.5449]]],[[[-78.21493,2.54437],[-78.20134,2.55027],[-78.19726,2.54858],[-78.21493,2.54437]]],[[[-78.43236,2.54121],[-78.42052,2.55279],[-78.42351,2.54507],[-78.43236,2.54121]]],[[[-78.09869,2.53844],[-78.105,2.53888],[-78.10534,2.54233],[-78.09841,2.54707],[-78.09573,2.54437],[-78.09587,2.54205],[-78.10073,2.54206],[-78.09869,2.53844]]],[[[-78.24593,2.53362],[-78.24772,2.53723],[-78.24234,2.53825],[-78.24593,2.53362]]],[[[-78.2695,2.52839],[-78.27462,2.52982],[-78.27462,2.53304],[-78.26924,2.53187],[-78.2695,2.52839]]],[[[-78.12355,2.52692],[-78.12135,2.53671],[-78.12073,2.53039],[-78.12355,2.52692]]],[[[-78.46312,2.5248],[-78.45298,2.53713],[-78.45516,2.53354],[-78.4521,2.53173],[-78.46312,2.5248]]],[[[-78.49385,2.52421],[-78.49667,2.5246],[-78.49525,2.53284],[-78.49218,2.53155],[-78.49385,2.52421]]],[[[-78.42907,2.52267],[-78.42777,2.52936],[-78.42611,2.52859],[-78.42907,2.52267]]],[[[-78.48285,2.52213],[-78.48771,2.52381],[-78.48347,2.53024],[-78.48539,2.53282],[-78.47629,2.53642],[-78.47246,2.53434],[-78.47207,2.53048],[-78.47617,2.53049],[-78.4772,2.5259],[-78.48285,2.52213]]],[[[-78.23725,2.52111],[-78.22981,2.52857],[-78.22905,2.52702],[-78.23725,2.52111]]],[[[-78.40194,2.51012],[-78.40322,2.51231],[-78.38937,2.52169],[-78.38681,2.52052],[-78.40194,2.51012]]],[[[-78.09312,2.50921],[-78.10003,2.51077],[-78.10322,2.51631],[-78.08733,2.52169],[-78.08544,2.51099],[-78.09312,2.50921]]],[[[-78.16508,2.50641],[-78.1584,2.51386],[-78.15405,2.51359],[-78.15419,2.50973],[-78.16508,2.50641]]],[[[-78.33588,2.50484],[-78.32972,2.51203],[-78.32793,2.51087],[-78.33588,2.50484]]],[[[-78.40656,2.50369],[-78.40732,2.50704],[-78.40374,2.50742],[-78.40656,2.50369]]],[[[-78.39914,2.50329],[-78.39554,2.50908],[-78.39247,2.50932],[-78.39914,2.50329]]],[[[-78.14691,2.50199],[-78.14817,2.50753],[-78.14484,2.50842],[-78.14691,2.50199]]],[[[-78.17841,2.49729],[-78.18019,2.50232],[-78.17711,2.50772],[-78.17482,2.49999],[-78.17841,2.49729]]],[[[-78.33386,2.48963],[-78.33385,2.49311],[-78.32796,2.49465],[-78.33386,2.48963]]],[[[-78.19738,2.48729],[-78.20095,2.49567],[-78.1948,2.49501],[-78.19738,2.48729]]],[[[-78.48907,2.48531],[-78.49188,2.48646],[-78.48983,2.48969],[-78.48907,2.48531]]],[[[-78.39175,2.48447],[-78.392,2.48653],[-78.38521,2.48832],[-78.39175,2.48447]]],[[[-78.51981,2.47763],[-78.52313,2.4855],[-78.51619,2.49566],[-78.52096,2.48369],[-78.5175,2.48394],[-78.51981,2.47763]]],[[[-78.25655,2.47685],[-78.25706,2.4793],[-78.24912,2.4798],[-78.25655,2.47685]]],[[[-78.55287,2.4701],[-78.55272,2.47886],[-78.54668,2.49224],[-78.53564,2.50111],[-78.52668,2.50302],[-78.52553,2.50044],[-78.53591,2.49699],[-78.53938,2.49017],[-78.54451,2.4876],[-78.55016,2.47963],[-78.54491,2.48026],[-78.55287,2.4701]]],[[[-78.52855,2.45975],[-78.52559,2.46464],[-78.52433,2.4618],[-78.52855,2.45975]]],[[[-78.50448,2.45758],[-78.50909,2.45765],[-78.50627,2.46035],[-78.50448,2.45758]]],[[[-78.43433,2.44733],[-78.43791,2.44773],[-78.43919,2.45288],[-78.45723,2.45808],[-78.45298,2.47171],[-78.46387,2.46735],[-78.46515,2.46993],[-78.45938,2.47198],[-78.45835,2.47713],[-78.45168,2.48201],[-78.45757,2.48318],[-78.46681,2.47379],[-78.46883,2.48823],[-78.46178,2.4895],[-78.44638,2.50493],[-78.44332,2.5026],[-78.45217,2.49412],[-78.45014,2.4851],[-78.4404,2.48985],[-78.43362,2.48533],[-78.42966,2.47733],[-78.4265,2.45904],[-78.43433,2.44733]]],[[[-78.44434,2.43821],[-78.44125,2.44645],[-78.43963,2.4437],[-78.44434,2.43821]]],[[[-78.39927,2.43464],[-78.41487,2.44485],[-78.41726,2.46054],[-78.41432,2.46494],[-78.40703,2.46183],[-78.40586,2.47239],[-78.39535,2.47302],[-78.39174,2.46772],[-78.39216,2.45847],[-78.39927,2.43464]]],[[[-78.42219,2.43456],[-78.42744,2.4347],[-78.42768,2.4405],[-78.42299,2.43963],[-78.42219,2.43456]]],[[[-78.54582,2.43093],[-78.54845,2.4348],[-78.54524,2.43672],[-78.5432,2.43582],[-78.54582,2.43093]]],[[[-78.30811,2.43034],[-78.31093,2.43305],[-78.30632,2.43408],[-78.30811,2.43034]]],[[[-78.32963,2.4273],[-78.33551,2.43388],[-78.32962,2.43386],[-78.32963,2.4273]]],[[[-78.58497,2.42301],[-78.57443,2.44193],[-78.57098,2.43741],[-78.57419,2.43613],[-78.57626,2.42692],[-78.58497,2.42301]]],[[[-78.29661,2.42221],[-78.2925,2.4298],[-78.29135,2.42683],[-78.29661,2.42221]]],[[[-78.40493,2.41856],[-78.40916,2.41985],[-78.40787,2.42294],[-78.40288,2.41984],[-78.40493,2.41856]]],[[[-78.44437,2.41734],[-78.44769,2.42199],[-78.44462,2.42301],[-78.44437,2.41734]]],[[[-78.33836,2.41714],[-78.33629,2.42472],[-78.33566,2.41971],[-78.33836,2.41714]]],[[[-78.32197,2.4153],[-78.32312,2.41969],[-78.31851,2.41942],[-78.32197,2.4153]]],[[[-78.3084,2.41528],[-78.30814,2.4194],[-78.30609,2.41708],[-78.3084,2.41528]]],[[[-78.55351,2.41443],[-78.55571,2.42054],[-78.54885,2.42578],[-78.55103,2.41517],[-78.55351,2.41443]]],[[[-78.39855,2.41185],[-78.39828,2.41623],[-78.39534,2.41364],[-78.39855,2.41185]]],[[[-78.33044,2.40553],[-78.34118,2.41354],[-78.34169,2.41715],[-78.33606,2.4143],[-78.3376,2.41224],[-78.33044,2.40553]]],[[[-78.32127,2.3795],[-78.32561,2.38904],[-78.33572,2.39318],[-78.33507,2.39691],[-78.33071,2.39897],[-78.32457,2.39664],[-78.31303,2.40576],[-78.30996,2.40215],[-78.31101,2.3921],[-78.32127,2.3795]]],[[[-78.61836,2.3713],[-78.62064,2.37928],[-78.61321,2.38468],[-78.61026,2.38339],[-78.61758,2.3767],[-78.61836,2.3713]]],[[[-78.62904,2.33988],[-78.62607,2.35379],[-78.61965,2.3588],[-78.62596,2.34142],[-78.62904,2.33988]]],[[[-78.66539,2.2727],[-78.65628,2.28376],[-78.65436,2.28196],[-78.66539,2.2727]]],[[[-78.68981,2.20988],[-78.69314,2.21323],[-78.69082,2.22199],[-78.68363,2.23151],[-78.68981,2.20988]]],[[[-78.70934,2.17036],[-78.71139,2.17049],[-78.70856,2.17822],[-78.69906,2.19237],[-78.69393,2.19726],[-78.68446,2.19467],[-78.68653,2.17363],[-78.69575,2.17807],[-78.70664,2.17512],[-78.70934,2.17036]]],[[[-78.70149,2.11277],[-78.70899,2.14395],[-78.69339,2.12287],[-78.70315,2.12424],[-78.69508,2.11456],[-78.70149,2.11277]]],[[[-78.54562,1.88454],[-78.54971,1.89176],[-78.54842,1.89562],[-78.54562,1.88454]]],[[[-78.79662,1.82446],[-78.80327,1.82653],[-78.79329,1.82935],[-78.7938,1.82471],[-78.79662,1.82446]]],[[[-78.81353,1.8134],[-78.8143,1.81714],[-78.8102,1.81855],[-78.81353,1.8134]]],[[[-78.85195,1.80688],[-78.83734,1.81936],[-78.81915,1.82462],[-78.83043,1.81729],[-78.84272,1.81473],[-78.85195,1.80688]]],[[[-78.75081,1.80572],[-78.75183,1.80985],[-78.75516,1.80702],[-78.75489,1.81861],[-78.73721,1.82825],[-78.72646,1.82785],[-78.72506,1.82167],[-78.73441,1.81678],[-78.73672,1.81138],[-78.74337,1.81641],[-78.74773,1.81474],[-78.7485,1.80611],[-78.75081,1.80572]]],[[[-78.77642,1.80254],[-78.78307,1.80551],[-78.77564,1.80717],[-78.76398,1.8163],[-78.76577,1.8212],[-78.77025,1.82018],[-78.77051,1.81605],[-78.77512,1.81748],[-78.76205,1.82377],[-78.75988,1.81939],[-78.76245,1.81501],[-78.76144,1.806],[-78.77642,1.80254]]],[[[-78.83764,1.78509],[-78.84608,1.78883],[-78.83924,1.79422],[-78.81573,1.79936],[-78.81573,1.79524],[-78.83764,1.78509]]],[[[-78.86017,1.78177],[-78.85812,1.79091],[-78.85594,1.78653],[-78.86017,1.78177]]],[[[-78.63101,1.78058],[-78.63639,1.78394],[-78.63433,1.78819],[-78.61513,1.78945],[-78.62257,1.7807],[-78.63101,1.78058]]],[[[-78.67506,1.77729],[-78.68196,1.78258],[-78.67581,1.7845],[-78.67683,1.78798],[-78.66199,1.7859],[-78.6707,1.78308],[-78.67506,1.77729]]],[[[-78.74956,1.77584],[-78.75033,1.77931],[-78.74315,1.78356],[-78.74956,1.77584]]],[[[-78.77185,1.77007],[-78.77875,1.77999],[-78.76453,1.78642],[-78.76134,1.7774],[-78.77185,1.77007]]],[[[-78.59287,1.74211],[-78.59498,1.74683],[-78.59032,1.75639],[-78.57796,1.74925],[-78.5797,1.74335],[-78.59287,1.74211]]],[[[-78.61232,1.7356],[-78.61654,1.74662],[-78.62592,1.75143],[-78.61773,1.75841],[-78.62808,1.7695],[-78.62667,1.77362],[-78.61438,1.77438],[-78.60441,1.76058],[-78.60353,1.75324],[-78.60597,1.74732],[-78.61009,1.74686],[-78.61326,1.74217],[-78.61033,1.74064],[-78.61232,1.7356]]],[[[-78.76653,1.72059],[-78.76934,1.72381],[-78.76601,1.72304],[-78.76653,1.72059]]],[[[-78.95643,1.68821],[-78.94411,1.71371],[-78.94451,1.70147],[-78.95237,1.69585],[-78.95272,1.69027],[-78.95643,1.68821]]],[[[-78.96989,1.67147],[-78.96579,1.67675],[-78.96374,1.67456],[-78.96989,1.67147]]],[[[-78.87106,1.66712],[-78.88411,1.67035],[-78.87003,1.66956],[-78.87106,1.66712]]],[[[-78.98835,1.65139],[-78.99398,1.65552],[-78.98809,1.65552],[-78.98835,1.65139]]],[[[-78.99898,1.6447],[-79.00435,1.65476],[-79.00833,1.64806],[-79.0114,1.65142],[-79.00217,1.6621],[-78.98193,1.67174],[-78.97966,1.67015],[-78.99628,1.66313],[-79.00051,1.65682],[-78.9968,1.65101],[-78.99898,1.6447]]],[[[-78.97607,1.63489],[-78.98042,1.6385],[-78.97965,1.64198],[-78.97684,1.64107],[-78.97607,1.63489]]],[[[-78.99069,1.61867],[-78.99439,1.62511],[-78.9899,1.63877],[-78.98529,1.64044],[-78.97697,1.63257],[-78.98044,1.62355],[-78.99069,1.61867]]],[[[-78.97686,1.61646],[-78.97762,1.62098],[-78.97455,1.6202],[-78.97686,1.61646]]],[[[-78.99555,1.61532],[-78.99837,1.6161],[-79.00552,1.63427],[-79.00283,1.6344],[-78.99555,1.61532]]],[[[-78.92275,1.57119],[-78.92185,1.57531],[-78.92006,1.57273],[-78.92275,1.57119]]],[[[-78.91033,1.5695],[-78.91366,1.57427],[-78.91161,1.5762],[-78.91033,1.5695]]],[[[-78.76337,1.56548],[-78.76542,1.56858],[-78.75722,1.57037],[-78.75236,1.56766],[-78.76337,1.56548]]],[[[-78.92263,1.55959],[-78.93031,1.56308],[-78.95691,1.59248],[-78.95077,1.59183],[-78.94361,1.58383],[-78.93772,1.58306],[-78.93465,1.57945],[-78.93542,1.57146],[-78.92237,1.56243],[-78.92263,1.55959]]],[[[-78.89423,1.54372],[-78.90139,1.54591],[-78.90471,1.55584],[-78.90292,1.55906],[-78.89703,1.55467],[-78.89883,1.54875],[-78.89423,1.54372]]],[[[-78.73447,1.54342],[-78.73779,1.54523],[-78.73804,1.55013],[-78.73447,1.54342]]],[[[-78.86888,1.53867],[-78.87374,1.54486],[-78.86965,1.54459],[-78.86888,1.53867]]],[[[-78.72042,1.51069],[-78.73167,1.52461],[-78.72501,1.52615],[-78.71901,1.51532],[-78.72042,1.51069]]],[[[-78.81491,1.49378],[-78.8167,1.49687],[-78.81426,1.49713],[-78.81491,1.49378]]],[[[-78.83182,1.47963],[-78.84282,1.4853],[-78.84974,1.48351],[-78.85485,1.48764],[-78.86202,1.48713],[-78.87301,1.50698],[-78.87429,1.51291],[-78.86981,1.51239],[-78.86916,1.51728],[-78.86558,1.51702],[-78.86507,1.51393],[-78.86763,1.51419],[-78.86534,1.50323],[-78.86431,1.50826],[-78.85953,1.50679],[-78.85867,1.50928],[-78.84817,1.5112],[-78.83562,1.52047],[-78.83829,1.53735],[-78.84942,1.54792],[-78.83405,1.54945],[-78.81961,1.5278],[-78.82398,1.51389],[-78.82155,1.50796],[-78.82541,1.48761],[-78.82695,1.48245],[-78.83182,1.47963]]],[[[-78.82237,1.45437],[-78.83031,1.45437],[-78.83158,1.45798],[-78.82339,1.4621],[-78.82237,1.45437]]],[[[-78.80601,1.43039],[-78.81394,1.43387],[-78.81598,1.44714],[-78.80164,1.44224],[-78.80127,1.43579],[-78.80601,1.43039]]],[[[-69.94881,-4.22576],[-69.97013,-4.1956],[-70.03681,-4.12904],[-70.06395,-4.0831],[-70.09715,-4.0693],[-70.11389,-4.05514],[-70.15669,-4.00105],[-70.17049,-3.95961],[-70.17744,-3.94769],[-70.21671,-3.92945],[-70.2441,-3.90478],[-70.25265,-3.89165],[-70.25794,-3.85866],[-70.2646,-3.84034],[-70.28493,-3.82181],[-70.31791,-3.8083],[-70.33676,-3.80405],[-70.36014,-3.7921],[-70.37418,-3.7934],[-70.39404,-3.80435],[-70.44837,-3.85439],[-70.49788,-3.87691],[-70.52822,-3.88072],[-70.53827,-3.87408],[-70.5546,-3.8341],[-70.57163,-3.81652],[-70.58689,-3.81505],[-70.61185,-3.83246],[-70.61752,-3.83957],[-70.63071,-3.83169],[-70.65245,-3.82965],[-70.67268,-3.80437],[-70.68789,-3.79291],[-70.69899,-3.79184],[-70.71333,-3.79548],[-70.0803,-2.7949],[-70.07399,-2.79194],[-70.05902,-2.75787],[-70.06712,-2.74965],[-70.07102,-2.72567],[-70.0667,-2.6795],[-70.08536,-2.64862],[-70.09997,-2.64998],[-70.10476,-2.66067],[-70.10788,-2.68496],[-70.1148,-2.69858],[-70.13428,-2.70295],[-70.15689,-2.69303],[-70.1611,-2.68739],[-70.15472,-2.65434],[-70.15768,-2.64269],[-70.16346,-2.63718],[-70.17978,-2.63217],[-70.18474,-2.64962],[-70.19286,-2.65884],[-70.2003,-2.66038],[-70.21193,-2.65509],[-70.22106,-2.63569],[-70.23058,-2.56865],[-70.2447,-2.55071],[-70.26571,-2.54374],[-70.30219,-2.57305],[-70.32043,-2.57893],[-70.33559,-2.57743],[-70.35564,-2.56655],[-70.35956,-2.55199],[-70.35357,-2.54306],[-70.34233,-2.53803],[-70.31507,-2.53571],[-70.2978,-2.52603],[-70.29428,-2.51117],[-70.29916,-2.50505],[-70.31085,-2.50599],[-70.34225,-2.49356],[-70.36315,-2.4906],[-70.3808,-2.49809],[-70.40616,-2.52282],[-70.41757,-2.52663],[-70.42734,-2.52542],[-70.44211,-2.51646],[-70.45114,-2.48225],[-70.46596,-2.4584],[-70.474,-2.45478],[-70.49606,-2.47592],[-70.5107,-2.47601],[-70.51722,-2.47135],[-70.5427,-2.4302],[-70.55492,-2.42161],[-70.56725,-2.4176],[-70.59201,-2.41908],[-70.59667,-2.42656],[-70.58235,-2.43521],[-70.5641,-2.4388],[-70.54773,-2.44903],[-70.54559,-2.45907],[-70.55097,-2.46835],[-70.60988,-2.48382],[-70.6243,-2.48011],[-70.63625,-2.47045],[-70.64281,-2.45631],[-70.64096,-2.44513],[-70.62858,-2.42175],[-70.62722,-2.39515],[-70.63442,-2.39433],[-70.65112,-2.41035],[-70.67051,-2.41296],[-70.67869,-2.40663],[-70.6783,-2.39151],[-70.66258,-2.36895],[-70.66191,-2.3597],[-70.66788,-2.35207],[-70.68883,-2.34129],[-70.73713,-2.33326],[-70.75347,-2.32726],[-70.76061,-2.31954],[-70.76691,-2.29904],[-70.77528,-2.29427],[-70.79184,-2.29194],[-70.81798,-2.29545],[-70.83209,-2.29377],[-70.84144,-2.28362],[-70.85617,-2.23386],[-70.86675,-2.22555],[-70.88699,-2.22152],[-70.89674,-2.22345],[-70.90518,-2.22987],[-70.91849,-2.24919],[-70.93924,-2.25479],[-70.95667,-2.24257],[-70.96328,-2.22394],[-70.9717,-2.21443],[-70.99516,-2.20974],[-71.00987,-2.21268],[-71.01859,-2.22502],[-71.01866,-2.23105],[-71.01356,-2.24999],[-70.994,-2.27838],[-70.98889,-2.29119],[-70.98964,-2.30369],[-70.99374,-2.30788],[-71.00078,-2.3085],[-71.01378,-2.30019],[-71.02493,-2.27909],[-71.04685,-2.26329],[-71.09296,-2.28228],[-71.12183,-2.28149],[-71.13536,-2.28764],[-71.143,-2.30212],[-71.12927,-2.32873],[-71.12916,-2.33986],[-71.13893,-2.34385],[-71.14992,-2.33415],[-71.15706,-2.33229],[-71.16519,-2.33619],[-71.16976,-2.34514],[-71.17015,-2.37184],[-71.17752,-2.38222],[-71.18871,-2.3835],[-71.1978,-2.37998],[-71.20527,-2.37227],[-71.21336,-2.35314],[-71.22093,-2.34676],[-71.25253,-2.35404],[-71.26142,-2.36266],[-71.26604,-2.36247],[-71.27094,-2.35576],[-71.26361,-2.34609],[-71.26361,-2.33839],[-71.29702,-2.33543],[-71.30435,-2.33839],[-71.30759,-2.34481],[-71.31022,-2.36697],[-71.31715,-2.37893],[-71.332,-2.38245],[-71.35475,-2.37822],[-71.36412,-2.3844],[-71.38262,-2.40687],[-71.39472,-2.41086],[-71.40457,-2.40249],[-71.40769,-2.38916],[-71.39168,-2.36085],[-71.39289,-2.35117],[-71.40505,-2.33839],[-71.42185,-2.33258],[-71.42689,-2.32768],[-71.44564,-2.28708],[-71.45919,-2.27305],[-71.47526,-2.26869],[-71.48862,-2.2719],[-71.49718,-2.27723],[-71.49989,-2.28304],[-71.49609,-2.3006],[-71.47853,-2.33477],[-71.481,-2.35176],[-71.49547,-2.35656],[-71.5066,-2.3426],[-71.51385,-2.31424],[-71.52076,-2.30152],[-71.51564,-2.26012],[-71.51712,-2.25196],[-71.53216,-2.25044],[-71.56807,-2.23764],[-71.59615,-2.23946],[-71.63369,-2.20386],[-71.64595,-2.19991],[-71.6727,-2.20426],[-71.70791,-2.23093],[-71.72927,-2.22612],[-71.73356,-2.22055],[-71.73418,-2.21237],[-71.72002,-2.1772],[-71.71859,-2.16334],[-71.72201,-2.14615],[-71.7287,-2.1413],[-71.73969,-2.14241],[-71.74829,-2.14753],[-71.74512,-2.15935],[-71.74798,-2.17111],[-71.75316,-2.17396],[-71.7736,-2.17263],[-71.78657,-2.17749],[-71.79238,-2.18605],[-71.79295,-2.19995],[-71.79923,-2.20685],[-71.8098,-2.20376],[-71.82096,-2.18765],[-71.82613,-2.18667],[-71.83446,-2.19276],[-71.84482,-2.21873],[-71.85339,-2.22665],[-71.85453,-2.24444],[-71.86159,-2.25526],[-71.86597,-2.27863],[-71.88119,-2.30947],[-71.89405,-2.31392],[-71.92234,-2.30636],[-71.93586,-2.30983],[-71.93887,-2.32286],[-71.93695,-2.33958],[-71.92164,-2.35845],[-71.91701,-2.36929],[-71.91996,-2.38007],[-71.92515,-2.38321],[-71.93434,-2.38088],[-71.93643,-2.36285],[-71.94824,-2.35442],[-71.95946,-2.35661],[-71.97137,-2.36817],[-71.99826,-2.37044],[-72.01032,-2.36797],[-72.03065,-2.34122],[-72.04775,-2.33426],[-72.05355,-2.33576],[-72.0642,-2.34449],[-72.09571,-2.38693],[-72.13255,-2.41034],[-72.1376,-2.45641],[-72.14575,-2.46982],[-72.15675,-2.46999],[-72.16638,-2.46024],[-72.16006,-2.4414],[-72.16429,-2.4298],[-72.16819,-2.4274],[-72.18306,-2.42847],[-72.20226,-2.44391],[-72.22061,-2.44818],[-72.23137,-2.44169],[-72.23797,-2.43254],[-72.24623,-2.4305],[-72.26145,-2.43423],[-72.26129,-2.43956],[-72.25349,-2.44898],[-72.2568,-2.45746],[-72.26132,-2.4587],[-72.28212,-2.45282],[-72.2924,-2.47226],[-72.30416,-2.47463],[-72.32763,-2.47261],[-72.36204,-2.48968],[-72.37466,-2.48958],[-72.38056,-2.47906],[-72.37699,-2.46497],[-72.37934,-2.45422],[-72.39223,-2.44425],[-72.40873,-2.41456],[-72.41646,-2.42752],[-72.42423,-2.43285],[-72.4468,-2.43353],[-72.48344,-2.41064],[-72.50933,-2.41338],[-72.54441,-2.40272],[-72.56289,-2.40376],[-72.57397,-2.39539],[-72.59032,-2.36926],[-72.60157,-2.36322],[-72.61756,-2.36258],[-72.63457,-2.35756],[-72.64107,-2.36293],[-72.63554,-2.37693],[-72.63706,-2.38654],[-72.65485,-2.4031],[-72.66406,-2.41679],[-72.66864,-2.44194],[-72.68267,-2.45167],[-72.6887,-2.45178],[-72.69163,-2.44752],[-72.68593,-2.42823],[-72.68719,-2.41812],[-72.70714,-2.38879],[-72.72209,-2.38687],[-72.72983,-2.3927],[-72.73138,-2.41859],[-72.73526,-2.42386],[-72.74533,-2.42719],[-72.75418,-2.42271],[-72.75921,-2.39591],[-72.76963,-2.38449],[-72.77472,-2.38302],[-72.78151,-2.38339],[-72.79793,-2.40955],[-72.81881,-2.41277],[-72.8394,-2.43046],[-72.85015,-2.43583],[-72.86322,-2.44004],[-72.89385,-2.43266],[-72.92606,-2.45433],[-72.93377,-2.45516],[-72.93694,-2.44667],[-72.93188,-2.43595],[-72.93029,-2.41946],[-72.94928,-2.40438],[-72.95642,-2.38849],[-72.95667,-2.35242],[-72.95163,-2.34699],[-72.95096,-2.34043],[-72.95391,-2.33595],[-72.97523,-2.3369],[-72.99343,-2.3591],[-73.00254,-2.36114],[-73.01591,-2.3439],[-73.02331,-2.31581],[-73.03562,-2.31146],[-73.04237,-2.32024],[-73.04176,-2.35304],[-73.05229,-2.36464],[-73.062,-2.36346],[-73.07024,-2.34235],[-73.06354,-2.32636],[-73.06499,-2.3174],[-73.07179,-2.31184],[-73.08076,-2.31011],[-73.08884,-2.31384],[-73.09748,-2.32409],[-73.11476,-2.32743],[-73.12303,-2.32383],[-73.12441,-2.31525],[-73.11408,-2.29555],[-73.11487,-2.29145],[-73.12593,-2.27842],[-73.15169,-2.26127],[-73.16731,-2.22895],[-73.17532,-2.19267],[-73.17271,-2.18803],[-73.16422,-2.18493],[-73.143,-2.18876],[-73.13358,-2.18413],[-73.12371,-2.16595],[-73.11547,-2.12936],[-73.07551,-2.108],[-73.07101,-2.10329],[-73.06925,-2.0892],[-73.07195,-2.08413],[-73.07607,-2.08329],[-73.09695,-2.08444],[-73.10925,-2.08172],[-73.11429,-2.07203],[-73.09224,-2.03979],[-73.09641,-2.02842],[-73.11394,-2.02017],[-73.12188,-2.01036],[-73.12322,-1.98199],[-73.1109,-1.95082],[-73.11827,-1.90873],[-73.10822,-1.89151],[-73.10923,-1.87892],[-73.11416,-1.87171],[-73.13634,-1.87071],[-73.15161,-1.86101],[-73.15438,-1.84959],[-73.14281,-1.82183],[-73.14803,-1.80242],[-73.17266,-1.80065],[-73.1909,-1.79124],[-73.21252,-1.74942],[-73.21936,-1.7466],[-73.23083,-1.75596],[-73.22909,-1.78686],[-73.23309,-1.79941],[-73.24603,-1.80681],[-73.25738,-1.80709],[-73.25895,-1.79828],[-73.24289,-1.79278],[-73.24281,-1.78275],[-73.24981,-1.78018],[-73.26776,-1.78325],[-73.28575,-1.77465],[-73.29827,-1.77613],[-73.30752,-1.78189],[-73.31159,-1.79414],[-73.29914,-1.81752],[-73.30598,-1.82698],[-73.31695,-1.82627],[-73.32296,-1.8227],[-73.32758,-1.80841],[-73.33215,-1.8037],[-73.35303,-1.7991],[-73.38182,-1.77332],[-73.39742,-1.77518],[-73.4104,-1.78449],[-73.43028,-1.78899],[-73.43369,-1.76665],[-73.4464,-1.75406],[-73.45547,-1.73949],[-73.46271,-1.73482],[-73.50779,-1.72964],[-73.53677,-1.7028],[-73.54127,-1.69049],[-73.5392,-1.68521],[-73.51874,-1.6679],[-73.51439,-1.63595],[-73.49623,-1.6139],[-73.46532,-1.59088],[-73.45749,-1.57303],[-73.46233,-1.56658],[-73.46866,-1.56756],[-73.47778,-1.57676],[-73.48927,-1.57105],[-73.48243,-1.5585],[-73.48246,-1.53993],[-73.47877,-1.52713],[-73.48109,-1.52249],[-73.49234,-1.51988],[-73.49655,-1.51221],[-73.49473,-1.507],[-73.48548,-1.49971],[-73.48965,-1.48409],[-73.5104,-1.48326],[-73.52375,-1.47204],[-73.52968,-1.4633],[-73.53277,-1.43575],[-73.54016,-1.42901],[-73.57454,-1.42972],[-73.58724,-1.42465],[-73.58753,-1.4158],[-73.58349,-1.41355],[-73.56133,-1.42034],[-73.55605,-1.41908],[-73.55138,-1.41296],[-73.5512,-1.39856],[-73.55595,-1.3869],[-73.56374,-1.3736],[-73.57686,-1.3618],[-73.58217,-1.3476],[-73.58017,-1.33932],[-73.56654,-1.33057],[-73.56924,-1.32044],[-73.57518,-1.31803],[-73.58516,-1.3264],[-73.59289,-1.32801],[-73.60948,-1.32048],[-73.61564,-1.30374],[-73.61961,-1.26324],[-73.63021,-1.26931],[-73.64948,-1.26621],[-73.65784,-1.2595],[-73.66712,-1.2455],[-73.67807,-1.23926],[-73.71355,-1.25208],[-73.72544,-1.25276],[-73.73265,-1.24955],[-73.74093,-1.23505],[-73.74268,-1.19943],[-73.75285,-1.20289],[-73.7537,-1.23308],[-73.76145,-1.25489],[-73.77048,-1.2619],[-73.7815,-1.25859],[-73.77823,-1.24277],[-73.78394,-1.23827],[-73.79054,-1.23991],[-73.79797,-1.24955],[-73.81106,-1.24854],[-73.8176,-1.23677],[-73.84804,-1.23513],[-73.86613,-1.22559],[-73.86885,-1.20108],[-73.89526,-1.16966],[-73.89651,-1.1509],[-73.90836,-1.11888],[-73.91632,-1.11538],[-73.93638,-1.13216],[-73.9584,-1.13097],[-73.96336,-1.12666],[-73.96657,-1.11699],[-73.95066,-1.09623],[-73.95258,-1.08897],[-73.96173,-1.08249],[-73.96792,-1.08377],[-73.97407,-1.08983],[-73.97714,-1.10489],[-73.98124,-1.10767],[-73.99238,-1.10707],[-74.00669,-1.09889],[-74.0275,-1.06188],[-74.01355,-1.01629],[-74.0202,-1.00222],[-74.0339,-1.00165],[-74.03733,-1.00643],[-74.03758,-1.03559],[-74.0459,-1.04119],[-74.05011,-1.04943],[-74.06214,-1.05393],[-74.10111,-1.03898],[-74.11539,-1.04016],[-74.13879,-1.02651],[-74.14391,-1.0191],[-74.16847,-1.00631],[-74.18845,-1.00443],[-74.20237,-1.01018],[-74.22264,-1.01071],[-74.24163,-0.99194],[-74.24997,-0.99135],[-74.27275,-0.97925],[-74.27561,-0.96881],[-74.26317,-0.9509],[-74.26178,-0.94266],[-74.27243,-0.9283],[-74.27181,-0.91745],[-74.27661,-0.9013],[-74.28778,-0.8924],[-74.31349,-0.89559],[-74.31932,-0.88762],[-74.31949,-0.87715],[-74.3148,-0.86994],[-74.30428,-0.86463],[-74.28756,-0.8703],[-74.27944,-0.88088],[-74.27073,-0.88103],[-74.26619,-0.87441],[-74.27159,-0.85561],[-74.26771,-0.84205],[-74.25653,-0.83339],[-74.24901,-0.83156],[-74.24332,-0.82028],[-74.24465,-0.81633],[-74.25305,-0.81591],[-74.27028,-0.82708],[-74.28194,-0.82689],[-74.29084,-0.81923],[-74.29205,-0.81335],[-74.28708,-0.79622],[-74.2775,-0.7835],[-74.2815,-0.77465],[-74.29146,-0.77383],[-74.30127,-0.79203],[-74.31491,-0.79385],[-74.32012,-0.78361],[-74.30713,-0.76772],[-74.31187,-0.75313],[-74.31944,-0.75166],[-74.33179,-0.75934],[-74.3416,-0.76108],[-74.35067,-0.75605],[-74.35642,-0.74719],[-74.37212,-0.73792],[-74.37512,-0.73275],[-74.37872,-0.7184],[-74.34864,-0.71022],[-74.33525,-0.67939],[-74.34546,-0.6695],[-74.37119,-0.66179],[-74.37523,-0.65469],[-74.37248,-0.64594],[-74.36213,-0.63848],[-74.35877,-0.63013],[-74.3643,-0.61578],[-74.37473,-0.61132],[-74.38008,-0.60468],[-74.38173,-0.59181],[-74.38982,-0.57549],[-74.38735,-0.55318],[-74.39226,-0.54171],[-74.41165,-0.55057],[-74.42263,-0.55045],[-74.42545,-0.52178],[-74.4204,-0.50209],[-74.43432,-0.49908],[-74.44586,-0.49233],[-74.45846,-0.49068],[-74.46512,-0.48669],[-74.47117,-0.47345],[-74.48238,-0.47591],[-74.49098,-0.48793],[-74.49803,-0.48728],[-74.50192,-0.48383],[-74.49273,-0.47014],[-74.4947,-0.46009],[-74.50088,-0.45988],[-74.51929,-0.46857],[-74.53101,-0.46678],[-74.54163,-0.44674],[-74.54267,-0.42568],[-74.54856,-0.41339],[-74.58781,-0.3842],[-74.6058,-0.38439],[-74.61359,-0.38139],[-74.60738,-0.35617],[-74.60961,-0.35438],[-74.61984,-0.35043],[-74.63055,-0.35125],[-74.64832,-0.37213],[-74.65942,-0.37518],[-74.674,-0.37179],[-74.67926,-0.36075],[-74.67968,-0.34478],[-74.6742,-0.33586],[-74.67673,-0.32973],[-74.69196,-0.33003],[-74.69669,-0.34017],[-74.70374,-0.34258],[-74.70954,-0.35141],[-74.71388,-0.3526],[-74.71921,-0.34841],[-74.73542,-0.32994],[-74.73408,-0.32158],[-74.72825,-0.31718],[-74.72819,-0.29704],[-74.74122,-0.28369],[-74.74416,-0.26447],[-74.75483,-0.24953],[-74.76153,-0.22396],[-74.76671,-0.21631],[-74.78158,-0.20519],[-74.79234,-0.18907],[-74.80234,-0.18775],[-74.82935,-0.20049],[-74.83967,-0.2213],[-74.85056,-0.22687],[-74.85794,-0.23682],[-74.88946,-0.24468],[-74.91159,-0.20287],[-74.91613,-0.20426],[-74.91591,-0.2243],[-74.92615,-0.22761],[-74.93404,-0.20587],[-74.95384,-0.19959],[-74.96112,-0.17689],[-74.96926,-0.169],[-74.97471,-0.15448],[-74.99681,-0.15413],[-75.01848,-0.14594],[-75.02741,-0.12781],[-75.03833,-0.11582],[-75.05865,-0.10776],[-75.075,-0.08442],[-75.12027,-0.07162],[-75.12771,-0.07228],[-75.15851,-0.04718],[-75.17538,-0.0409],[-75.19187,-0.03923],[-75.20769,-0.04285],[-75.2144,-0.05092],[-75.21705,-0.06724],[-75.22616,-0.07969],[-75.2299,-0.09151],[-75.2488,-0.11226],[-75.27185,-0.12581],[-75.29937,-0.10724],[-75.33217,-0.10732],[-75.35223,-0.09165],[-75.36926,-0.09058],[-75.38481,-0.10078],[-75.39137,-0.10119],[-75.40759,-0.09276],[-75.41548,-0.08386],[-75.43164,-0.08277],[-75.44648,-0.07742],[-75.46775,-0.05067],[-75.49771,-0.05163],[-75.50532,-0.04883],[-75.5251,-0.02182],[-75.5305,-0.01963],[-75.54726,-0.01849],[-75.56612,-0.0292],[-75.57586,-0.02716],[-75.58146,-0.01994],[-75.58054,0.01325],[-75.58922,0.01557],[-75.60181,0.01038],[-75.60774,0.01315],[-75.62236,0.04388],[-75.62852,0.04807],[-75.63638,0.04696],[-75.63921,0.03534],[-75.6475,0.02981],[-75.66058,0.04694],[-75.66924,0.04507],[-75.6815,0.03361],[-75.68922,0.03474],[-75.70623,0.04492],[-75.71319,0.04537],[-75.74223,0.03218],[-75.76043,0.03945],[-75.7754,0.04057],[-75.78435,0.05441],[-75.7928,0.05366],[-75.80108,0.04873],[-75.80702,0.05021],[-75.81596,0.07651],[-75.84123,0.10529],[-75.84994,0.12779],[-75.85635,0.13508],[-75.86281,0.13564],[-75.86577,0.13252],[-75.86858,0.11769],[-75.87496,0.11309],[-75.88059,0.1178],[-75.87741,0.1325],[-75.88136,0.14071],[-75.88706,0.1421],[-75.90465,0.13464],[-75.90472,0.14442],[-75.8923,0.15271],[-75.89326,0.15832],[-75.89841,0.16351],[-75.91219,0.16669],[-75.93121,0.19575],[-75.95639,0.20443],[-75.95861,0.20839],[-75.9527,0.21166],[-75.95147,0.21602],[-75.9573,0.22419],[-75.95769,0.23745],[-75.9744,0.23915],[-76.00596,0.24885],[-76.00314,0.25599],[-75.99316,0.2512],[-75.98576,0.25181],[-75.9823,0.25949],[-75.98499,0.26259],[-75.99519,0.26407],[-75.99719,0.28541],[-76.00487,0.29696],[-76.03854,0.30724],[-76.04778,0.3175],[-76.05277,0.33007],[-76.07482,0.33742],[-76.08791,0.33233],[-76.09567,0.31948],[-76.1017,0.31579],[-76.11345,0.31527],[-76.1197,0.32062],[-76.11945,0.34181],[-76.12576,0.36339],[-76.14947,0.3842],[-76.15827,0.38724],[-76.17692,0.37324],[-76.18642,0.37114],[-76.19524,0.37469],[-76.20833,0.38636],[-76.22479,0.37713],[-76.22857,0.38198],[-76.23117,0.40114],[-76.23748,0.40515],[-76.24815,0.39804],[-76.25458,0.39915],[-76.26157,0.40614],[-76.25949,0.42472],[-76.27789,0.4371],[-76.28416,0.43475],[-76.29412,0.42228],[-76.29893,0.42153],[-76.30632,0.42501],[-76.3125,0.43472],[-76.31522,0.43354],[-76.33124,0.4153],[-76.33537,0.38685],[-76.34715,0.37978],[-76.35485,0.38021],[-76.3614,0.39099],[-76.36916,0.39461],[-76.39552,0.38311],[-76.412,0.38031],[-76.412,0.24163],[-76.42702,0.23471],[-76.4296,0.24157],[-76.42401,0.25164],[-76.43576,0.25793],[-76.44373,0.25638],[-76.44549,0.25324],[-76.44209,0.24232],[-76.44713,0.23966],[-76.47231,0.2392],[-76.48633,0.24272],[-76.50297,0.23642],[-76.5122,0.24003],[-76.53274,0.25757],[-76.56857,0.24341],[-76.57605,0.2324],[-76.58265,0.22874],[-76.58055,0.22284],[-76.58604,0.21868],[-76.59434,0.22708],[-76.60527,0.23118],[-76.6249,0.261],[-76.63817,0.26026],[-76.65122,0.25115],[-76.65648,0.25458],[-76.65383,0.26489],[-76.65641,0.27068],[-76.67863,0.26972],[-76.70223,0.2784],[-76.71071,0.26958],[-76.71403,0.26975],[-76.73351,0.28887],[-76.73941,0.28054],[-76.76714,0.26358],[-76.76467,0.25859],[-76.753,0.25761],[-76.75171,0.25312],[-76.75477,0.24891],[-76.77051,0.24268],[-76.77779,0.25539],[-76.786,0.26263],[-76.79731,0.26429],[-76.80578,0.26189],[-76.81013,0.25643],[-76.82235,0.25506],[-76.84484,0.23908],[-76.87785,0.2515],[-76.8841,0.24679],[-76.90731,0.24609],[-76.93498,0.2612],[-76.9356,0.26407],[-76.92754,0.26925],[-76.93429,0.27767],[-76.95093,0.2671],[-76.96475,0.27331],[-76.98645,0.26555],[-76.99701,0.28085],[-76.99785,0.28963],[-77.01046,0.29453],[-77.02838,0.27666],[-77.0398,0.28709],[-77.07882,0.28575],[-77.08346,0.29832],[-77.08957,0.3013],[-77.08053,0.31141],[-77.08192,0.31771],[-77.09709,0.32644],[-77.09726,0.33392],[-77.10788,0.34281],[-77.1067,0.35631],[-77.11217,0.36927],[-77.12198,0.38061],[-77.12967,0.37958],[-77.13403,0.37499],[-77.14492,0.37388],[-77.15916,0.38096],[-77.16518,0.38868],[-77.17988,0.39053],[-77.19964,0.37511],[-77.20133,0.36986],[-77.21072,0.36496],[-77.23039,0.3614],[-77.23803,0.36488],[-77.25343,0.36408],[-77.26341,0.37008],[-77.27076,0.36357],[-77.28856,0.3633],[-77.30261,0.36788],[-77.31085,0.3746],[-77.31264,0.38061],[-77.31901,0.37996],[-77.32724,0.38904],[-77.35046,0.39138],[-77.35699,0.3961],[-77.36038,0.3932],[-77.37125,0.40087],[-77.3835,0.39504],[-77.37896,0.38614],[-77.38944,0.38781],[-77.39818,0.40049],[-77.41264,0.40894],[-77.4141,0.41641],[-77.42144,0.42277],[-77.44485,0.42072],[-77.45808,0.42692],[-77.52954,0.40626],[-77.52814,0.41319],[-77.52271,0.4164],[-77.5202,0.4226],[-77.52286,0.43082],[-77.51961,0.43666],[-77.52287,0.44415],[-77.51897,0.45297],[-77.52549,0.47168],[-77.51635,0.49458],[-77.52284,0.52008],[-77.52151,0.53192],[-77.51182,0.55048],[-77.51057,0.56512],[-77.50308,0.56845],[-77.50298,0.57563],[-77.48794,0.58683],[-77.48665,0.60015],[-77.48015,0.60968],[-77.47903,0.6407],[-77.48327,0.65018],[-77.48041,0.65622],[-77.48632,0.65667],[-77.49215,0.66246],[-77.50612,0.65573],[-77.52178,0.65816],[-77.54092,0.64961],[-77.55859,0.64935],[-77.56823,0.65712],[-77.57821,0.66018],[-77.58787,0.66927],[-77.58831,0.6732],[-77.60128,0.67557],[-77.61086,0.68893],[-77.61426,0.6879],[-77.63853,0.70233],[-77.66472,0.70748],[-77.6636,0.72148],[-77.67286,0.72968],[-77.67291,0.73503],[-77.69783,0.7413],[-77.69592,0.74967],[-77.69185,0.75121],[-77.6883,0.76935],[-77.66113,0.79003],[-77.6765,0.79104],[-77.67451,0.80144],[-77.66887,0.8036],[-77.66385,0.81098],[-77.665,0.81803],[-77.66987,0.81798],[-77.67312,0.82407],[-77.67969,0.82238],[-77.6933,0.83292],[-77.69658,0.84044],[-77.70453,0.84164],[-77.71501,0.8506],[-77.72078,0.85012],[-77.73673,0.83705],[-77.74786,0.83334],[-77.76437,0.84192],[-77.78367,0.83373],[-77.79433,0.83448],[-77.80735,0.8267],[-77.819,0.80891],[-77.83498,0.8041],[-77.8652,0.80118],[-77.88423,0.80875],[-77.93629,0.81637],[-77.94442,0.82201],[-77.96661,0.82523],[-77.96745,0.83068],[-77.97615,0.83318],[-77.98492,0.84361],[-77.9909,0.84455],[-77.99117,0.85089],[-77.99748,0.85726],[-78.0184,0.86993],[-78.02109,0.87461],[-78.04235,0.88043],[-78.05026,0.88764],[-78.06476,0.88953],[-78.07153,0.89723],[-78.08798,0.89658],[-78.10483,0.91115],[-78.10726,0.92788],[-78.11201,0.93217],[-78.12422,0.93637],[-78.13551,0.93599],[-78.14551,0.92629],[-78.15421,0.92408],[-78.17704,0.93672],[-78.18522,0.93775],[-78.19626,0.94479],[-78.19948,0.95146],[-78.19146,0.96038],[-78.19217,0.96936],[-78.1953,0.98487],[-78.2026,0.99185],[-78.20217,0.99696],[-78.20622,1.00197],[-78.23435,1.01539],[-78.23799,1.01868],[-78.2369,1.02419],[-78.243,1.02929],[-78.25021,1.02832],[-78.25335,1.03682],[-78.26516,1.04214],[-78.28117,1.05524],[-78.28212,1.05742],[-78.27683,1.06169],[-78.27985,1.06831],[-78.27819,1.07143],[-78.26182,1.08254],[-78.25368,1.0779],[-78.25204,1.07953],[-78.25083,1.08738],[-78.25594,1.09055],[-78.25087,1.09884],[-78.25288,1.10158],[-78.25453,1.09797],[-78.25904,1.09729],[-78.2653,1.10045],[-78.26781,1.10552],[-78.26291,1.10757],[-78.26547,1.11174],[-78.27332,1.11407],[-78.27686,1.10875],[-78.28253,1.11243],[-78.27979,1.11562],[-78.28866,1.12648],[-78.28728,1.12926],[-78.29815,1.15652],[-78.29557,1.15884],[-78.29764,1.16074],[-78.29562,1.17128],[-78.30423,1.17206],[-78.30549,1.17902],[-78.31196,1.18427],[-78.31091,1.19036],[-78.32474,1.1959],[-78.3278,1.18534],[-78.33827,1.18232],[-78.33763,1.17872],[-78.34536,1.18338],[-78.35493,1.18041],[-78.36053,1.17459],[-78.36252,1.17691],[-78.37463,1.17445],[-78.38104,1.17005],[-78.38243,1.1598],[-78.39528,1.15254],[-78.40283,1.15302],[-78.40221,1.15672],[-78.40819,1.16037],[-78.41771,1.16015],[-78.42462,1.1516],[-78.4171,1.14831],[-78.41709,1.13863],[-78.42816,1.13908],[-78.43212,1.14177],[-78.43856,1.15837],[-78.43515,1.15903],[-78.43173,1.17167],[-78.42682,1.17132],[-78.42573,1.17865],[-78.43284,1.18965],[-78.44078,1.19267],[-78.44284,1.18406],[-78.45178,1.1827],[-78.45558,1.17577],[-78.46179,1.17596],[-78.46541,1.18108],[-78.46862,1.1799],[-78.46984,1.18757],[-78.47979,1.19334],[-78.48977,1.18524],[-78.49519,1.19237],[-78.49275,1.19596],[-78.49645,1.19783],[-78.50649,1.19621],[-78.50891,1.18873],[-78.51558,1.18752],[-78.51695,1.19128],[-78.51177,1.20341],[-78.51548,1.20339],[-78.51434,1.21211],[-78.52047,1.21258],[-78.52119,1.21993],[-78.52774,1.22005],[-78.53957,1.22926],[-78.54645,1.22595],[-78.54715,1.22975],[-78.54199,1.23435],[-78.54561,1.24441],[-78.58749,1.24294],[-78.59418,1.2391],[-78.60415,1.24687],[-78.61498,1.24631],[-78.62148,1.25004],[-78.62727,1.26135],[-78.63099,1.26116],[-78.63017,1.26431],[-78.64196,1.26877],[-78.64906,1.27747],[-78.64592,1.28851],[-78.65254,1.29094],[-78.66208,1.31189],[-78.66244,1.321],[-78.67495,1.32237],[-78.68522,1.33307],[-78.69046,1.33429],[-78.69422,1.33005],[-78.69496,1.33446],[-78.70282,1.33989],[-78.70367,1.34899],[-78.70968,1.35862],[-78.71839,1.36391],[-78.72068,1.36919],[-78.73163,1.36843],[-78.73985,1.37651],[-78.74719,1.37909],[-78.75113,1.38859],[-78.75919,1.39427],[-78.76636,1.39479],[-78.76739,1.39093],[-78.77395,1.3942],[-78.77531,1.40433],[-78.77007,1.39892],[-78.75662,1.40419],[-78.75688,1.40792],[-78.75995,1.40728],[-78.77402,1.41953],[-78.78297,1.42251],[-78.7856,1.42796],[-78.78311,1.43026],[-78.78987,1.43849],[-78.78531,1.44078],[-78.77682,1.43706],[-78.77254,1.44547],[-78.7786,1.44324],[-78.78192,1.44969],[-78.7937,1.4515],[-78.78563,1.46103],[-78.79593,1.46278],[-78.79955,1.46949],[-78.7921,1.4747],[-78.79341,1.48371],[-78.78597,1.49156],[-78.77651,1.49219],[-78.78188,1.49761],[-78.7893,1.49685],[-78.78712,1.502],[-78.79877,1.50484],[-78.80158,1.5161],[-78.79634,1.51699],[-78.79678,1.51983],[-78.80668,1.52366],[-78.81346,1.53062],[-78.82165,1.56318],[-78.81916,1.56953],[-78.82487,1.58109],[-78.83073,1.57573],[-78.83489,1.57945],[-78.83403,1.57393],[-78.84055,1.56484],[-78.83791,1.56287],[-78.83942,1.55486],[-78.84388,1.55494],[-78.84539,1.56915],[-78.85194,1.58554],[-78.86551,1.58221],[-78.86424,1.57139],[-78.87832,1.57501],[-78.89139,1.56587],[-78.9093,1.57968],[-78.91185,1.58741],[-78.918,1.58278],[-78.91185,1.5905],[-78.91082,1.59926],[-78.91594,1.59824],[-78.9203,1.59077],[-78.92823,1.59129],[-78.93002,1.59812],[-78.95101,1.60575],[-78.95984,1.60601],[-78.9711,1.61195],[-78.97174,1.6153],[-78.96303,1.6216],[-78.93844,1.62441],[-78.93252,1.65443],[-78.92176,1.6673],[-78.88437,1.67035],[-78.87029,1.66634],[-78.8626,1.67136],[-78.8612,1.66157],[-78.85289,1.65834],[-78.84482,1.66309],[-78.84557,1.67289],[-78.84185,1.68242],[-78.82802,1.68292],[-78.82304,1.67801],[-78.82202,1.67183],[-78.82343,1.66694],[-78.83599,1.65845],[-78.83382,1.6502],[-78.81244,1.64811],[-78.8095,1.6445],[-78.80721,1.63316],[-78.81081,1.61925],[-78.80736,1.61513],[-78.80019,1.61396],[-78.78201,1.61961],[-78.781,1.60041],[-78.76513,1.60091],[-78.75758,1.59498],[-78.75887,1.58751],[-78.7727,1.57876],[-78.76964,1.56742],[-78.76594,1.5642],[-78.7557,1.56341],[-78.73854,1.56958],[-78.74072,1.55837],[-78.73792,1.54497],[-78.72655,1.52976],[-78.73244,1.52551],[-78.73257,1.52049],[-78.72004,1.50863],[-78.71634,1.49355],[-78.70432,1.48774],[-78.70099,1.48993],[-78.69753,1.48722],[-78.69575,1.47717],[-78.68219,1.46762],[-78.68247,1.4434],[-78.67877,1.43644],[-78.67071,1.43154],[-78.66727,1.41569],[-78.65601,1.41607],[-78.65474,1.40447],[-78.64886,1.39893],[-78.64172,1.40098],[-78.63605,1.41269],[-78.62538,1.40783],[-78.62339,1.41239],[-78.61949,1.4125],[-78.61352,1.3927],[-78.60035,1.38913],[-78.58801,1.37613],[-78.58503,1.37841],[-78.57848,1.36045],[-78.57303,1.36004],[-78.56305,1.35044],[-78.55871,1.35066],[-78.5614,1.34223],[-78.55845,1.33947],[-78.55772,1.35073],[-78.56512,1.35323],[-78.57226,1.36152],[-78.57767,1.36137],[-78.58433,1.37977],[-78.58934,1.37871],[-78.59917,1.3906],[-78.61168,1.39236],[-78.61905,1.41493],[-78.63613,1.41338],[-78.63922,1.40536],[-78.64566,1.40072],[-78.65346,1.40576],[-78.6523,1.41117],[-78.65575,1.4171],[-78.66855,1.41788],[-78.66905,1.43154],[-78.68145,1.44469],[-78.68078,1.47097],[-78.69178,1.47716],[-78.69689,1.49031],[-78.71122,1.49251],[-78.71698,1.49832],[-78.71722,1.51584],[-78.72284,1.52228],[-78.72488,1.53233],[-78.73829,1.5576],[-78.73546,1.56842],[-78.769,1.57103],[-78.76899,1.5785],[-78.75285,1.58724],[-78.75387,1.59472],[-78.76154,1.60245],[-78.78023,1.60299],[-78.77842,1.61999],[-78.80556,1.61693],[-78.80748,1.62157],[-78.80452,1.63574],[-78.80886,1.64785],[-78.83036,1.65148],[-78.83433,1.65587],[-78.81985,1.66667],[-78.81958,1.67466],[-78.82623,1.68549],[-78.83314,1.68859],[-78.84492,1.68371],[-78.8484,1.66645],[-78.85263,1.66194],[-78.85852,1.66208],[-78.85966,1.67161],[-78.86234,1.67316],[-78.92585,1.66911],[-78.93662,1.65108],[-78.93793,1.62763],[-78.94408,1.62545],[-78.95508,1.62701],[-78.97225,1.62007],[-78.97788,1.62355],[-78.97402,1.64236],[-78.97786,1.64597],[-78.98785,1.64237],[-78.99168,1.64779],[-78.98912,1.65088],[-78.97631,1.65125],[-78.9499,1.68601],[-78.94525,1.68727],[-78.94389,1.68278],[-78.9412,1.68707],[-78.93493,1.68381],[-78.93728,1.69213],[-78.92045,1.69487],[-78.9207,1.6977],[-78.92838,1.69771],[-78.93081,1.70519],[-78.92656,1.71987],[-78.9281,1.72232],[-78.9345,1.7182],[-78.93476,1.72194],[-78.92976,1.72425],[-78.93219,1.72606],[-78.9304,1.72941],[-78.92425,1.73275],[-78.9158,1.7281],[-78.91581,1.71754],[-78.90813,1.71599],[-78.9094,1.72578],[-78.90582,1.725],[-78.90453,1.73093],[-78.89889,1.73375],[-78.89872,1.73727],[-78.90734,1.74149],[-78.89977,1.74973],[-78.90117,1.75579],[-78.8899,1.7626],[-78.87889,1.76388],[-78.87914,1.76852],[-78.88631,1.76569],[-78.88592,1.77239],[-78.86604,1.80032],[-78.86682,1.79479],[-78.87374,1.79016],[-78.87856,1.78112],[-78.87273,1.77598],[-78.86975,1.76429],[-78.86404,1.76438],[-78.86186,1.76128],[-78.86057,1.77169],[-78.85917,1.76721],[-78.85533,1.76669],[-78.849,1.7714],[-78.8558,1.77467],[-78.85146,1.78755],[-78.84839,1.78781],[-78.84533,1.77621],[-78.84097,1.77878],[-78.83176,1.77787],[-78.8274,1.78289],[-78.82022,1.78468],[-78.81434,1.78107],[-78.81294,1.77643],[-78.82331,1.77657],[-78.82869,1.77284],[-78.83205,1.76449],[-78.82574,1.75851],[-78.82256,1.76253],[-78.81024,1.76135],[-78.81681,1.7535],[-78.81726,1.74785],[-78.81424,1.7475],[-78.80438,1.75477],[-78.8031,1.7625],[-78.79644,1.76224],[-78.79566,1.76765],[-78.79244,1.75759],[-78.78809,1.75569],[-78.79221,1.76687],[-78.79181,1.77486],[-78.78836,1.77537],[-78.79027,1.78052],[-78.79577,1.78285],[-78.79735,1.79041],[-78.80215,1.79289],[-78.7987,1.79754],[-78.79102,1.79676],[-78.78897,1.80165],[-78.78128,1.80112],[-78.78411,1.79623],[-78.7786,1.7952],[-78.78795,1.79495],[-78.78693,1.79147],[-78.78117,1.79108],[-78.78208,1.78129],[-78.78669,1.77872],[-78.78526,1.76271],[-78.78365,1.75217],[-78.77662,1.74681],[-78.77596,1.73695],[-78.76923,1.73438],[-78.77177,1.72639],[-78.7696,1.72047],[-78.76576,1.7202],[-78.76011,1.74029],[-78.74799,1.72775],[-78.74849,1.72324],[-78.73863,1.73149],[-78.73049,1.73115],[-78.72893,1.72408],[-78.72426,1.72264],[-78.72967,1.7163],[-78.72737,1.70972],[-78.72486,1.71806],[-78.71533,1.71293],[-78.71762,1.72195],[-78.72364,1.72458],[-78.72163,1.72803],[-78.72598,1.73561],[-78.71957,1.74698],[-78.71712,1.74469],[-78.71835,1.74023],[-78.70826,1.72909],[-78.70904,1.73633],[-78.7025,1.73662],[-78.70303,1.74302],[-78.69985,1.74441],[-78.69405,1.73944],[-78.69074,1.72707],[-78.69381,1.72308],[-78.69087,1.71934],[-78.69584,1.70792],[-78.68899,1.70246],[-78.68537,1.70497],[-78.68384,1.7165],[-78.6869,1.71882],[-78.67311,1.70909],[-78.6647,1.70697],[-78.66236,1.71126],[-78.66915,1.72062],[-78.65825,1.73513],[-78.65454,1.73178],[-78.65807,1.72913],[-78.65066,1.72224],[-78.62136,1.72467],[-78.6197,1.7208],[-78.63161,1.71695],[-78.62855,1.70509],[-78.6411,1.70125],[-78.64046,1.69764],[-78.63394,1.69544],[-78.63575,1.68011],[-78.64394,1.67729],[-78.64214,1.68553],[-78.64572,1.68644],[-78.65291,1.67498],[-78.64729,1.66312],[-78.65113,1.65901],[-78.64705,1.6487],[-78.65011,1.65823],[-78.64627,1.66055],[-78.65099,1.67318],[-78.64667,1.68054],[-78.64471,1.67549],[-78.63511,1.67857],[-78.63202,1.69479],[-78.64033,1.69841],[-78.63985,1.70144],[-78.63009,1.70291],[-78.62663,1.7069],[-78.63033,1.71566],[-78.61867,1.72002],[-78.61992,1.72754],[-78.61725,1.72981],[-78.60882,1.72104],[-78.60421,1.72013],[-78.59588,1.72541],[-78.59576,1.72309],[-78.585,1.72436],[-78.59115,1.7187],[-78.58386,1.72127],[-78.58576,1.73016],[-78.58192,1.73118],[-78.58013,1.71323],[-78.56947,1.70139],[-78.55715,1.71288],[-78.5536,1.70956],[-78.54957,1.71371],[-78.55111,1.72188],[-78.54377,1.72437],[-78.54602,1.73029],[-78.5523,1.731],[-78.55194,1.74344],[-78.56035,1.7451],[-78.55786,1.75304],[-78.55099,1.75327],[-78.54969,1.74569],[-78.53275,1.73266],[-78.53382,1.722],[-78.52233,1.72117],[-78.51356,1.72449],[-78.51167,1.72164],[-78.51036,1.72484],[-78.51664,1.73278],[-78.51143,1.74119],[-78.50847,1.75647],[-78.51036,1.76026],[-78.51439,1.75884],[-78.51475,1.75375],[-78.52031,1.75564],[-78.53642,1.74759],[-78.53915,1.74889],[-78.5401,1.7605],[-78.55449,1.76168],[-78.55051,1.76785],[-78.55525,1.77018],[-78.55716,1.7792],[-78.55369,1.78847],[-78.55177,1.78357],[-78.53449,1.78767],[-78.53288,1.80136],[-78.54864,1.82839],[-78.53927,1.85027],[-78.53491,1.85078],[-78.53262,1.84331],[-78.52443,1.83879],[-78.52008,1.83994],[-78.51751,1.84586],[-78.51385,1.84613],[-78.51418,1.84921],[-78.50136,1.85958],[-78.4991,1.85917],[-78.49904,1.85295],[-78.49635,1.854],[-78.4905,1.86699],[-78.49519,1.87359],[-78.50944,1.85944],[-78.51315,1.85101],[-78.5196,1.85029],[-78.52491,1.85419],[-78.52634,1.84922],[-78.53157,1.85812],[-78.53925,1.86083],[-78.54412,1.85711],[-78.54588,1.87888],[-78.54256,1.87784],[-78.53768,1.88891],[-78.52717,1.89212],[-78.5264,1.89482],[-78.53074,1.90384],[-78.5299,1.92296],[-78.53231,1.9231],[-78.53573,1.91055],[-78.54021,1.91017],[-78.54649,1.9186],[-78.54587,1.92523],[-78.5489,1.91873],[-78.55975,1.92784],[-78.55789,1.91742],[-78.56645,1.91631],[-78.56496,1.9137],[-78.56831,1.91073],[-78.55498,1.91302],[-78.54828,1.90619],[-78.55072,1.90155],[-78.57376,1.90133],[-78.59016,1.89246],[-78.59681,1.8935],[-78.60263,1.9471],[-78.5934,1.95082],[-78.58917,1.95751],[-78.58828,1.9521],[-78.58521,1.95196],[-78.58699,1.9606],[-78.57752,1.9593],[-78.57674,1.96342],[-78.58582,1.97064],[-78.58299,1.97622],[-78.57749,1.97643],[-78.57313,1.98093],[-78.56315,1.97988],[-78.56288,1.98761],[-78.56724,1.98298],[-78.57236,1.98531],[-78.57518,1.98093],[-78.58466,1.97979],[-78.58722,1.98018],[-78.58695,1.98662],[-78.59054,1.98688],[-78.58978,1.97838],[-78.5949,1.97877],[-78.60051,1.99205],[-78.59487,1.99668],[-78.60408,2.00171],[-78.61201,2.011],[-78.61713,2.01062],[-78.6184,2.01526],[-78.63658,2.02044],[-78.64117,2.02895],[-78.64757,2.02986],[-78.64912,2.022],[-78.64528,2.02148],[-78.64657,2.01839],[-78.6384,1.99854],[-78.64293,1.99348],[-78.64839,1.99624],[-78.64896,1.97737],[-78.65917,1.97989],[-78.66327,1.97642],[-78.66941,1.97926],[-78.66404,1.97372],[-78.67006,1.97308],[-78.67325,1.98056],[-78.67196,1.98648],[-78.6612,1.99085],[-78.66452,1.99446],[-78.66453,1.99059],[-78.66773,1.99266],[-78.66642,2.01481],[-78.67137,2.04496],[-78.6578,2.04134],[-78.6332,2.05148],[-78.66445,2.04908],[-78.6675,2.0599],[-78.67685,2.05785],[-78.68934,2.09884],[-78.68613,2.1063],[-78.68462,2.08517],[-78.68217,2.09805],[-78.67795,2.09341],[-78.67848,2.08542],[-78.67477,2.08464],[-78.6749,2.08001],[-78.6713,2.09314],[-78.66157,2.08718],[-78.65569,2.07553],[-78.66004,2.09108],[-78.65774,2.09754],[-78.66078,2.10317],[-78.65965,2.10938],[-78.66513,2.10627],[-78.66832,2.11581],[-78.6674,2.12843],[-78.65998,2.12855],[-78.66009,2.14053],[-78.6652,2.14749],[-78.66696,2.16424],[-78.66515,2.16746],[-78.6489,2.16756],[-78.63228,2.15427],[-78.6269,2.15465],[-78.62344,2.16082],[-78.63175,2.16831],[-78.63365,2.17707],[-78.62711,2.18517],[-78.61943,2.18618],[-78.62721,2.18603],[-78.63442,2.17939],[-78.63456,2.17115],[-78.62446,2.16005],[-78.62722,2.15626],[-78.63305,2.15607],[-78.65785,2.1784],[-78.67168,2.18099],[-78.67037,2.19748],[-78.66575,2.20147],[-78.65858,2.20107],[-78.65651,2.21678],[-78.64796,2.23445],[-78.63895,2.22706],[-78.63456,2.22898],[-78.63447,2.22576],[-78.63071,2.22872],[-78.6385,2.23532],[-78.63139,2.24251],[-78.63199,2.25098],[-78.61778,2.25843],[-78.61941,2.26528],[-78.61555,2.27076],[-78.61846,2.27367],[-78.61778,2.28498],[-78.61269,2.2946],[-78.61514,2.30199],[-78.60785,2.31308],[-78.6064,2.3231],[-78.61081,2.33312],[-78.60746,2.33538],[-78.60379,2.3509],[-78.6057,2.35402],[-78.59584,2.35528],[-78.59201,2.3527],[-78.59342,2.3463],[-78.58765,2.34466],[-78.59381,2.33702],[-78.59857,2.3364],[-78.59677,2.33047],[-78.5864,2.33913],[-78.58289,2.33788],[-78.58539,2.35496],[-78.57697,2.35706],[-78.58584,2.36402],[-78.58315,2.36582],[-78.58325,2.37728],[-78.59043,2.37279],[-78.59006,2.3666],[-78.59455,2.36404],[-78.59991,2.37152],[-78.60002,2.38079],[-78.59605,2.38529],[-78.59783,2.3911],[-78.59437,2.39469],[-78.59525,2.39985],[-78.59191,2.40731],[-78.5873,2.40936],[-78.584,2.39261],[-78.57119,2.39349],[-78.57473,2.41815],[-78.57087,2.42711],[-78.56793,2.4271],[-78.5686,2.41165],[-78.56386,2.40606],[-78.56564,2.40141],[-78.5622,2.39274],[-78.56425,2.40026],[-78.56188,2.40313],[-78.5444,2.39936],[-78.53997,2.40267],[-78.53073,2.39239],[-78.52126,2.38786],[-78.51961,2.38286],[-78.52728,2.37757],[-78.51847,2.36905],[-78.5114,2.3863],[-78.50233,2.37507],[-78.48449,2.37423],[-78.48236,2.37852],[-78.47996,2.37577],[-78.47633,2.37928],[-78.47747,2.38315],[-78.48707,2.38172],[-78.48901,2.37879],[-78.49823,2.37919],[-78.50231,2.3886],[-78.49512,2.39606],[-78.49078,2.39154],[-78.4859,2.3945],[-78.48208,2.39809],[-78.48219,2.40447],[-78.47435,2.41083],[-78.46782,2.41018],[-78.47026,2.40812],[-78.46821,2.40618],[-78.45657,2.40165],[-78.45672,2.39523],[-78.46152,2.39061],[-78.45974,2.38612],[-78.45282,2.39284],[-78.45465,2.40088],[-78.45183,2.40165],[-78.45226,2.3978],[-78.43667,2.39495],[-78.43455,2.40033],[-78.44773,2.40074],[-78.4513,2.41169],[-78.4449,2.41116],[-78.439,2.41463],[-78.44335,2.41863],[-78.4386,2.42326],[-78.44128,2.42687],[-78.43614,2.42992],[-78.43076,2.42874],[-78.43309,2.42621],[-78.42567,2.41898],[-78.42656,2.42401],[-78.42182,2.42889],[-78.41684,2.41987],[-78.40763,2.41496],[-78.40611,2.40851],[-78.39422,2.39895],[-78.3727,2.40381],[-78.3644,2.39225],[-78.36566,2.39916],[-78.37116,2.4051],[-78.39625,2.40437],[-78.39188,2.41351],[-78.39571,2.4206],[-78.38458,2.41723],[-78.38059,2.42624],[-78.37675,2.42687],[-78.37672,2.44091],[-78.37212,2.44347],[-78.362,2.43779],[-78.35296,2.41537],[-78.35589,2.40818],[-78.33735,2.40914],[-78.33096,2.40244],[-78.33916,2.40026],[-78.34096,2.39654],[-78.3356,2.38829],[-78.32742,2.38677],[-78.32194,2.36456],[-78.33197,2.34398],[-78.33492,2.34257],[-78.34233,2.35031],[-78.34822,2.34955],[-78.35964,2.33321],[-78.36121,2.32774],[-78.35225,2.31543],[-78.35315,2.31182],[-78.3634,2.30875],[-78.36379,2.30515],[-78.35459,2.29586],[-78.35564,2.28195],[-78.3604,2.2696],[-78.36681,2.266],[-78.37195,2.25622],[-78.37324,2.25004],[-78.37004,2.24901],[-78.36489,2.26445],[-78.35835,2.26959],[-78.35385,2.2804],[-78.35203,2.29379],[-78.36072,2.30617],[-78.35316,2.30822],[-78.35071,2.31877],[-78.35646,2.32239],[-78.35887,2.32961],[-78.34925,2.34478],[-78.34617,2.34645],[-78.3362,2.33884],[-78.33043,2.34243],[-78.32747,2.35118],[-78.32388,2.35109],[-78.32375,2.35736],[-78.31784,2.36713],[-78.32153,2.37821],[-78.30805,2.39184],[-78.30611,2.40729],[-78.30201,2.41101],[-78.29779,2.40779],[-78.29563,2.39812],[-78.29307,2.39799],[-78.2974,2.40985],[-78.29254,2.40932],[-78.29383,2.40211],[-78.28487,2.40235],[-78.28027,2.39616],[-78.27003,2.39356],[-78.269,2.39923],[-78.2649,2.39922],[-78.26707,2.40335],[-78.27488,2.40504],[-78.27231,2.40877],[-78.27638,2.42088],[-78.26638,2.42962],[-78.25971,2.42909],[-78.25508,2.44311],[-78.25612,2.43552],[-78.25293,2.43294],[-78.25627,2.42443],[-78.2605,2.42407],[-78.25718,2.41904],[-78.24514,2.42107],[-78.24643,2.41696],[-78.24387,2.41566],[-78.24436,2.42647],[-78.24026,2.42802],[-78.24103,2.43034],[-78.24718,2.42765],[-78.25075,2.43396],[-78.24614,2.43498],[-78.24113,2.44167],[-78.2318,2.43547],[-78.22439,2.42541],[-78.21876,2.42591],[-78.21183,2.43156],[-78.20785,2.44005],[-78.19981,2.42587],[-78.20306,2.41873],[-78.19956,2.42227],[-78.20057,2.42987],[-78.19264,2.42869],[-78.19227,2.42045],[-78.1911,2.4292],[-78.1993,2.43167],[-78.20503,2.44288],[-78.19568,2.4408],[-78.18811,2.45031],[-78.18874,2.45482],[-78.18516,2.45546],[-78.18845,2.47427],[-78.18102,2.47425],[-78.1851,2.48095],[-78.1847,2.49177],[-78.18123,2.49073],[-78.18021,2.49511],[-78.17662,2.4969],[-78.17586,2.49252],[-78.17278,2.49226],[-78.17486,2.48119],[-78.17153,2.47964],[-78.17155,2.47243],[-78.16029,2.46854],[-78.15413,2.47754],[-78.16206,2.48065],[-78.16397,2.4858],[-78.15551,2.49222],[-78.16087,2.49764],[-78.15741,2.49918],[-78.15665,2.49583],[-78.15127,2.49904],[-78.15591,2.48372],[-78.1495,2.48641],[-78.14619,2.4783],[-78.14877,2.47495],[-78.14287,2.47623],[-78.14091,2.49167],[-78.14398,2.49194],[-78.14411,2.49876],[-78.14154,2.49876],[-78.1418,2.49502],[-78.13513,2.50016],[-78.13233,2.49345],[-78.12361,2.49923],[-78.12976,2.49886],[-78.12846,2.5053],[-78.13768,2.5048],[-78.13921,2.51021],[-78.1369,2.51304],[-78.1314,2.50891],[-78.1255,2.51662],[-78.11948,2.51686],[-78.11896,2.51944],[-78.10488,2.51657],[-78.1031,2.51116],[-78.09479,2.50908],[-78.09954,2.50034],[-78.11301,2.48748],[-78.11522,2.47475],[-78.1069,2.47048],[-78.1059,2.46224],[-78.09874,2.45553],[-78.09544,2.44548],[-78.10174,2.43597],[-78.11046,2.43583],[-78.11275,2.43316],[-78.10895,2.41332],[-78.11589,2.41036],[-78.10844,2.41178],[-78.10728,2.41486],[-78.11121,2.43337],[-78.10097,2.43403],[-78.09686,2.44008],[-78.09148,2.44058],[-78.10485,2.47177],[-78.11303,2.47925],[-78.10904,2.48954],[-78.09031,2.50688],[-78.08841,2.49619],[-78.09411,2.48728],[-78.08807,2.47894],[-78.0853,2.47689],[-78.07782,2.48188],[-78.06886,2.48109],[-78.05864,2.47591],[-78.0584,2.46368],[-78.04996,2.45929],[-78.0476,2.45109],[-78.05189,2.43882],[-78.0496,2.43038],[-78.04664,2.45799],[-78.05763,2.46523],[-78.05658,2.4763],[-78.06681,2.48288],[-78.07782,2.4842],[-78.08371,2.47932],[-78.09163,2.48873],[-78.08573,2.49547],[-78.08571,2.50507],[-78.07751,2.50621],[-78.07225,2.51238],[-78.07377,2.52114],[-78.0799,2.5263],[-78.08152,2.54356],[-78.07791,2.55475],[-78.071,2.55615],[-78.07073,2.56272],[-78.06356,2.56309],[-78.05858,2.55716],[-78.05026,2.55585],[-78.04645,2.54297],[-78.03647,2.54127],[-78.02955,2.54511],[-78.02366,2.54433],[-78.01421,2.53285],[-78.01205,2.52486],[-78.0012,2.51376],[-77.99718,2.51338],[-77.9885,2.51971],[-77.97862,2.51072],[-77.97386,2.49618],[-77.98024,2.49012],[-77.99354,2.48674],[-77.99698,2.47592],[-77.993,2.47065],[-77.97878,2.4636],[-77.98311,2.45535],[-77.98092,2.45098],[-77.97068,2.4528],[-77.97042,2.44818],[-77.96604,2.44463],[-77.97089,2.42757],[-77.96152,2.41137],[-77.93922,2.40369],[-77.93857,2.39957],[-77.94496,2.39621],[-77.94635,2.38848],[-77.93374,2.35323],[-77.93436,2.34782],[-77.94088,2.3406],[-77.93343,2.3316],[-77.93948,2.34382],[-77.93411,2.3464],[-77.93323,2.35503],[-77.94494,2.38797],[-77.93743,2.40344],[-77.94012,2.40729],[-77.95908,2.41137],[-77.96934,2.42788],[-77.96414,2.44406],[-77.9712,2.45422],[-77.98093,2.45304],[-77.97723,2.46257],[-77.98327,2.46977],[-77.99557,2.47468],[-77.99507,2.48159],[-77.99099,2.48636],[-77.97845,2.48935],[-77.97219,2.49606],[-77.97619,2.51163],[-77.98671,2.52126],[-77.99388,2.52034],[-77.9995,2.51453],[-78.00847,2.52614],[-78.01432,2.54083],[-78.02186,2.54805],[-78.03107,2.55001],[-78.04235,2.5454],[-78.04664,2.54897],[-78.04427,2.56195],[-78.03231,2.56636],[-78.02497,2.57663],[-78.01673,2.58204],[-78.00782,2.57888],[-78.00283,2.58406],[-78.00193,2.58141],[-77.99429,2.58626],[-77.99196,2.57738],[-77.98761,2.57906],[-77.9865,2.58142],[-77.98941,2.58022],[-77.99301,2.58664],[-77.9989,2.58663],[-77.99998,2.59307],[-78.00845,2.58948],[-78.00972,2.59296],[-78.02226,2.59608],[-78.02686,2.6006],[-78.02632,2.60961],[-78.01812,2.61255],[-78.01124,2.60069],[-78.00329,2.60492],[-78.00224,2.61676],[-78.00479,2.62192],[-78.00043,2.62268],[-78,2.6183],[-77.98592,2.62065],[-77.98155,2.615],[-77.98974,2.61176],[-77.99513,2.61625],[-77.99844,2.60995],[-77.996,2.6075],[-77.97949,2.60702],[-77.98665,2.60391],[-77.98613,2.60108],[-77.9728,2.59287],[-77.9779,2.58578],[-77.98574,2.58173],[-77.97637,2.5854],[-77.97228,2.59056],[-77.97909,2.60084],[-77.97438,2.61141],[-77.96414,2.61143],[-77.96451,2.60835],[-77.96092,2.60835],[-77.96286,2.61556],[-77.95749,2.61686],[-77.95827,2.62071],[-77.95391,2.61931],[-77.95239,2.62563],[-77.94754,2.6268],[-77.947,2.61869],[-77.93483,2.61459],[-77.93623,2.61176],[-77.93174,2.60919],[-77.93366,2.60777],[-77.94851,2.60915],[-77.94902,2.60658],[-77.94874,2.59885],[-77.93912,2.58961],[-77.93988,2.58497],[-77.97073,2.58425],[-77.97558,2.57948],[-77.97532,2.57562],[-77.96558,2.57345],[-77.96439,2.5571],[-77.96118,2.55363],[-77.94761,2.55122],[-77.96298,2.55608],[-77.96289,2.57178],[-77.97404,2.57562],[-77.97417,2.57897],[-77.97021,2.58297],[-77.93949,2.5824],[-77.93669,2.58935],[-77.94515,2.59745],[-77.94286,2.60312],[-77.93057,2.60302],[-77.92611,2.60998],[-77.93384,2.63494],[-77.92988,2.63546],[-77.9304,2.63804],[-77.91657,2.63884],[-77.90949,2.62083],[-77.89781,2.60902],[-77.8863,2.61212],[-77.87865,2.6285],[-77.87046,2.62749],[-77.86839,2.6199],[-77.87912,2.60803],[-77.89072,2.58457],[-77.87774,2.56348],[-77.86901,2.5559],[-77.8439,2.54592],[-77.83417,2.54632],[-77.83415,2.53937],[-77.84183,2.5342],[-77.84028,2.53253],[-77.83389,2.53757],[-77.83418,2.54993],[-77.826,2.5578],[-77.81243,2.55679],[-77.8004,2.56031],[-77.79551,2.55414],[-77.78502,2.55467],[-77.78563,2.53922],[-77.7801,2.52558],[-77.76268,2.52201],[-77.75601,2.51714],[-77.75048,2.50762],[-77.75059,2.50011],[-77.76133,2.49304],[-77.76031,2.49099],[-77.75187,2.49628],[-77.7492,2.50762],[-77.75473,2.51817],[-77.76242,2.52382],[-77.77446,2.52444],[-77.77972,2.5279],[-77.78359,2.54283],[-77.77417,2.56912],[-77.7842,2.58713],[-77.78846,2.60283],[-77.79231,2.6081],[-77.80051,2.61052],[-77.79966,2.62958],[-77.8053,2.63472],[-77.80518,2.63833],[-77.79289,2.639],[-77.76591,2.65722],[-77.76473,2.64177],[-77.75754,2.63483],[-77.74524,2.62971],[-77.74446,2.62662],[-77.75212,2.62222],[-77.74557,2.6109],[-77.74906,2.62364],[-77.74254,2.62817],[-77.76409,2.64409],[-77.76193,2.65129],[-77.76387,2.65877],[-77.77117,2.65902],[-77.77833,2.65345],[-77.78345,2.65447],[-77.78551,2.6609],[-77.78896,2.65923],[-77.78792,2.65073],[-77.78987,2.66437],[-77.78603,2.66348],[-77.7863,2.66824],[-77.78143,2.66903],[-77.77889,2.67573],[-77.77261,2.676],[-77.77276,2.68476],[-77.76228,2.69354],[-77.76332,2.69869],[-77.75,2.70078],[-77.74921,2.69486],[-77.75395,2.68789],[-77.75073,2.68313],[-77.74586,2.68172],[-77.7382,2.68973],[-77.72974,2.68717],[-77.73001,2.69232],[-77.72738,2.69257],[-77.72977,2.69323],[-77.73133,2.68761],[-77.73846,2.69089],[-77.74516,2.68389],[-77.75022,2.68417],[-77.75267,2.68892],[-77.74538,2.69641],[-77.74668,2.70452],[-77.77126,2.70163],[-77.7723,2.70665],[-77.75745,2.70977],[-77.75491,2.71827],[-77.74825,2.71598],[-77.748,2.72036],[-77.73597,2.72089],[-77.73828,2.72746],[-77.73613,2.73558],[-77.73267,2.73663],[-77.72844,2.73302],[-77.725,2.74101],[-77.73067,2.75722],[-77.71481,2.76731],[-77.71164,2.78148],[-77.71639,2.78559],[-77.69795,2.78885],[-77.71384,2.79139],[-77.72138,2.7848],[-77.7259,2.79922],[-77.73692,2.80151],[-77.74091,2.81232],[-77.74346,2.80639],[-77.74871,2.80754],[-77.74728,2.79659],[-77.75022,2.79504],[-77.75074,2.80032],[-77.76314,2.79037],[-77.76367,2.79502],[-77.75461,2.80791],[-77.74209,2.81811],[-77.73631,2.81774],[-77.73645,2.82314],[-77.73248,2.82058],[-77.73157,2.81517],[-77.72709,2.81595],[-77.72925,2.80951],[-77.72353,2.80789],[-77.72667,2.80256],[-77.72411,2.80089],[-77.72002,2.80348],[-77.71873,2.80129],[-77.71079,2.8026],[-77.70478,2.80596],[-77.70569,2.81034],[-77.698,2.8101],[-77.69878,2.81473],[-77.68483,2.81811],[-77.68753,2.82352],[-77.68139,2.82546],[-77.67407,2.81686],[-77.67819,2.82508],[-77.68857,2.82828],[-77.69585,2.82144],[-77.69867,2.82143],[-77.69958,2.82812],[-77.70343,2.83043],[-77.70278,2.82503],[-77.70636,2.82193],[-77.70701,2.82643],[-77.71468,2.82113],[-77.72045,2.82498],[-77.71126,2.83737],[-77.70504,2.86262],[-77.693,2.86201],[-77.68954,2.85957],[-77.68579,2.84671],[-77.68349,2.84877],[-77.67644,2.84646],[-77.6753,2.85097],[-77.66634,2.85396],[-77.65997,2.86762],[-77.64617,2.8804],[-77.64245,2.87977],[-77.63897,2.87205],[-77.62282,2.86822],[-77.62421,2.85766],[-77.61946,2.85123],[-77.60895,2.85048],[-77.60702,2.84508],[-77.61559,2.84145],[-77.61532,2.83398],[-77.59944,2.83557],[-77.58583,2.81911],[-77.59894,2.84342],[-77.60082,2.84194],[-77.59677,2.8415],[-77.59893,2.83634],[-77.61122,2.83361],[-77.61571,2.83579],[-77.61444,2.84147],[-77.61099,2.84378],[-77.6074,2.84199],[-77.60587,2.84663],[-77.60156,2.84172],[-77.60216,2.84638],[-77.60947,2.85164],[-77.61869,2.85317],[-77.62242,2.85767],[-77.61988,2.86772],[-77.6245,2.87183],[-77.62992,2.88753],[-77.63722,2.88738],[-77.64053,2.88248],[-77.65028,2.88851],[-77.66385,2.8859],[-77.66259,2.89234],[-77.65376,2.89597],[-77.65185,2.90151],[-77.64593,2.89135],[-77.63442,2.89743],[-77.62229,2.89384],[-77.62034,2.90261],[-77.61777,2.89863],[-77.61419,2.89993],[-77.61728,2.90584],[-77.61601,2.91061],[-77.61199,2.9068],[-77.61345,2.91152],[-77.61599,2.91126],[-77.61815,2.90754],[-77.61504,2.90018],[-77.62288,2.90234],[-77.62151,2.91484],[-77.62499,2.92566],[-77.62406,2.90479],[-77.63189,2.90913],[-77.64142,2.93347],[-77.65245,2.94066],[-77.65518,2.95624],[-77.64968,2.95908],[-77.64892,2.96308],[-77.65392,2.96242],[-77.65997,2.97593],[-77.62078,2.98079],[-77.60722,2.98893],[-77.62002,2.98298],[-77.65385,2.9847],[-77.65666,2.98664],[-77.65361,2.99346],[-77.64822,2.99309],[-77.6477,2.99025],[-77.63297,2.99029],[-77.64839,3.00854],[-77.65645,3.00581],[-77.66031,3.01031],[-77.66285,3.00348],[-77.68256,2.99711],[-77.68306,2.99248],[-77.69164,2.98808],[-77.6906,2.98473],[-77.69713,2.98344],[-77.6928,2.99245],[-77.68307,2.99635],[-77.68105,3.00563],[-77.67849,3.00679],[-77.6772,3.00409],[-77.68002,3.00383],[-77.67924,3.00061],[-77.67386,3.00036],[-77.66658,3.01055],[-77.66775,3.01416],[-77.66404,3.01752],[-77.6693,3.01931],[-77.6698,3.01621],[-77.67647,3.01993],[-77.68337,3.01232],[-77.68691,2.99478],[-77.69064,3.00045],[-77.67049,3.03707],[-77.66806,3.03824],[-77.66087,3.02976],[-77.63831,3.02595],[-77.63064,3.03099],[-77.61812,3.04738],[-77.60979,3.04598],[-77.61249,3.04868],[-77.62017,3.04763],[-77.63218,3.03253],[-77.6437,3.0289],[-77.6486,3.04241],[-77.64399,3.04242],[-77.63875,3.05003],[-77.63069,3.05314],[-77.63147,3.05623],[-77.65656,3.0505],[-77.65466,3.06029],[-77.63049,3.07568],[-77.62306,3.07454],[-77.62727,3.0686],[-77.62534,3.06668],[-77.61766,3.06798],[-77.60797,3.08733],[-77.60285,3.09017],[-77.60619,3.09364],[-77.60569,3.09905],[-77.6103,3.09672],[-77.61284,3.08912],[-77.62014,3.08588],[-77.61018,3.09827],[-77.60058,3.10203],[-77.58519,3.09833],[-77.58268,3.11662],[-77.57678,3.11483],[-77.57616,3.12437],[-77.57207,3.12644],[-77.57657,3.13608],[-77.57273,3.13584],[-77.56163,3.15557],[-77.55701,3.15378],[-77.55485,3.15816],[-77.55997,3.15789],[-77.55921,3.16047],[-77.55563,3.1646],[-77.55153,3.16345],[-77.54964,3.17543],[-77.53853,3.19195],[-77.53213,3.19364],[-77.53057,3.18578],[-77.53543,3.18242],[-77.53055,3.17986],[-77.52874,3.17085],[-77.53412,3.16877],[-77.53371,3.15133],[-77.5379,3.14378],[-77.52736,3.12886],[-77.51314,3.13302],[-77.51377,3.12709],[-77.52052,3.12039],[-77.51797,3.11627],[-77.51963,3.11111],[-77.52552,3.11174],[-77.53024,3.10207],[-77.54303,3.09858],[-77.54557,3.084],[-77.54005,3.07976],[-77.53682,3.06625],[-77.52848,3.06215],[-77.52935,3.05158],[-77.51985,3.0413],[-77.52979,3.02144],[-77.52143,3.00678],[-77.51323,3.0059],[-77.50476,2.99883],[-77.50323,3.00219],[-77.49811,3.00233],[-77.48783,2.98921],[-77.4571,3.00062],[-77.44852,2.99948],[-77.44659,2.9951],[-77.44172,2.99395],[-77.43814,3.00143],[-77.42919,3.00532],[-77.39676,2.99985],[-77.40326,2.98708],[-77.41555,2.98229],[-77.40594,2.97871],[-77.40592,2.9702],[-77.40271,2.9657],[-77.39066,2.96573],[-77.3809,2.95417],[-77.36527,2.95264],[-77.3477,2.94534],[-77.35228,2.93451],[-77.34857,2.93194],[-77.33474,2.93455],[-77.32125,2.91783],[-77.31061,2.91721],[-77.30112,2.90937],[-77.27127,2.91098],[-77.27024,2.90814],[-77.27816,2.89834],[-77.27725,2.89396],[-77.26649,2.89141],[-77.2734,2.88675],[-77.2735,2.87593],[-77.26465,2.87015],[-77.25365,2.87636],[-77.22981,2.87215],[-77.22697,2.8652],[-77.2318,2.85074],[-77.22131,2.84873],[-77.22091,2.84228],[-77.23589,2.83646],[-77.2464,2.84147],[-77.24431,2.85029],[-77.24998,2.84634],[-77.24531,2.84961],[-77.24743,2.84147],[-77.23819,2.83542],[-77.23025,2.83544],[-77.22065,2.841],[-77.22105,2.85001],[-77.22714,2.84983],[-77.22977,2.85322],[-77.22468,2.8701],[-77.23135,2.87421],[-77.25695,2.87713],[-77.25571,2.88408],[-77.25853,2.88498],[-77.25954,2.8757],[-77.26286,2.87248],[-77.26645,2.87144],[-77.27325,2.87928],[-77.27288,2.8844],[-77.2652,2.89012],[-77.27649,2.89731],[-77.27496,2.90272],[-77.26934,2.90686],[-77.27011,2.91098],[-77.27447,2.9129],[-77.28702,2.90991],[-77.28908,2.91287],[-77.29445,2.90938],[-77.30934,2.91824],[-77.3201,2.9186],[-77.33269,2.9352],[-77.35062,2.93451],[-77.34655,2.94715],[-77.35501,2.94816],[-77.36712,2.95483],[-77.3809,2.9557],[-77.38733,2.96535],[-77.40297,2.96789],[-77.40311,2.97639],[-77.40889,2.98385],[-77.40109,2.98696],[-77.39445,2.99882],[-77.39612,3.00088],[-77.43047,3.00789],[-77.44404,3.00155],[-77.44262,2.99769],[-77.44556,2.99588],[-77.44814,3.0018],[-77.45865,3.00203],[-77.47683,2.99658],[-77.48298,2.99875],[-77.48783,2.99037],[-77.49734,3.00426],[-77.50656,3.00063],[-77.50977,3.00552],[-77.5217,3.01167],[-77.52801,3.02505],[-77.52098,3.03357],[-77.51831,3.04285],[-77.52704,3.05107],[-77.52643,3.06215],[-77.53541,3.06728],[-77.53607,3.07578],[-77.54423,3.08522],[-77.54061,3.09857],[-77.52985,3.10001],[-77.5282,3.10697],[-77.51835,3.11137],[-77.51888,3.12198],[-77.513,3.12529],[-77.51212,3.1338],[-77.50841,3.13741],[-77.50418,3.13459],[-77.49954,3.12198],[-77.48684,3.11647],[-77.48298,3.10991],[-77.47632,3.11302],[-77.48363,3.113],[-77.48968,3.12406],[-77.49787,3.12288],[-77.50008,3.13614],[-77.4897,3.13475],[-77.48714,3.13772],[-77.4813,3.1604],[-77.48236,3.17263],[-77.47085,3.18155],[-77.46959,3.1907],[-77.4996,3.20235],[-77.50205,3.21007],[-77.49528,3.21536],[-77.48964,3.21486],[-77.48065,3.20741],[-77.47194,3.21001],[-77.46555,3.21608],[-77.46839,3.2247],[-77.46121,3.22485],[-77.46225,3.22974],[-77.46763,3.23063],[-77.47072,3.2359],[-77.46242,3.23706],[-77.45431,3.23298],[-77.451,3.24278],[-77.43769,3.24693],[-77.43027,3.25313],[-77.41557,3.24158],[-77.41574,3.23269],[-77.40726,3.22472],[-77.40326,3.21198],[-77.39327,3.21303],[-77.38143,3.2017],[-77.38464,3.19412],[-77.38179,3.18408],[-77.38375,3.17699],[-77.36506,3.16528],[-77.3671,3.1483],[-77.36235,3.14381],[-77.35518,3.14434],[-77.34491,3.13895],[-77.33955,3.14901],[-77.32983,3.15534],[-77.33036,3.16307],[-77.32164,3.16193],[-77.31987,3.1734],[-77.30615,3.16828],[-77.30242,3.16288],[-77.28882,3.15582],[-77.27927,3.15809],[-77.27806,3.1516],[-77.28038,3.15971],[-77.28903,3.15646],[-77.29934,3.1616],[-77.30577,3.16905],[-77.31962,3.17425],[-77.3219,3.16232],[-77.33076,3.16354],[-77.3319,3.15416],[-77.34033,3.15107],[-77.34535,3.14109],[-77.35339,3.14511],[-77.36347,3.14521],[-77.36634,3.14882],[-77.3633,3.1648],[-77.36779,3.17033],[-77.38268,3.17712],[-77.38094,3.20366],[-77.38942,3.21291],[-77.40166,3.21225],[-77.40626,3.22011],[-77.40508,3.22447],[-77.41523,3.23501],[-77.41409,3.23991],[-77.41718,3.24557],[-77.4236,3.24941],[-77.41979,3.26617],[-77.41034,3.27778],[-77.41205,3.2921],[-77.42267,3.2896],[-77.43089,3.29667],[-77.44354,3.30005],[-77.47094,3.32349],[-77.47618,3.32038],[-77.47348,3.31627],[-77.48064,3.30942],[-77.48283,3.31135],[-77.48003,3.32037],[-77.46071,3.33292],[-77.43028,3.36313],[-77.42797,3.36185],[-77.43232,3.35682],[-77.44536,3.34712],[-77.44484,3.34081],[-77.45098,3.33668],[-77.45173,3.33139],[-77.4589,3.32919],[-77.45813,3.32571],[-77.43777,3.3331],[-77.44073,3.33889],[-77.4278,3.34369],[-77.42279,3.34087],[-77.42343,3.33456],[-77.41048,3.33575],[-77.39842,3.33049],[-77.39432,3.33192],[-77.39407,3.33501],[-77.39972,3.33938],[-77.40633,3.33796],[-77.41088,3.34399],[-77.40461,3.34594],[-77.39228,3.33785],[-77.39358,3.34532],[-77.38384,3.34676],[-77.39463,3.35304],[-77.38478,3.36209],[-77.38391,3.37394],[-77.37786,3.36365],[-77.36313,3.36652],[-77.36231,3.34411],[-77.35242,3.33614],[-77.34616,3.32361],[-77.32945,3.32564],[-77.3306,3.32177],[-77.32829,3.32203],[-77.32817,3.32822],[-77.34278,3.32406],[-77.34663,3.32637],[-77.35359,3.34439],[-77.36026,3.34553],[-77.359,3.35494],[-77.35156,3.35418],[-77.35811,3.3588],[-77.35776,3.37143],[-77.36188,3.37914],[-77.34591,3.40108],[-77.3386,3.40097],[-77.33704,3.3917],[-77.3289,3.39611],[-77.32908,3.39102],[-77.31908,3.3862],[-77.31981,3.39356],[-77.33349,3.40729],[-77.33184,3.41374],[-77.33415,3.41554],[-77.32253,3.43308],[-77.32305,3.43849],[-77.31589,3.44418],[-77.31874,3.4577],[-77.3149,3.45796],[-77.3167,3.4626],[-77.31068,3.463],[-77.31261,3.46789],[-77.30929,3.47073],[-77.30505,3.46919],[-77.30618,3.45863],[-77.31091,3.45115],[-77.31024,3.44084],[-77.31383,3.43877],[-77.31023,3.43556],[-77.31071,3.42191],[-77.28865,3.41629],[-77.28197,3.41167],[-77.2785,3.40794],[-77.28719,3.39762],[-77.28449,3.39492],[-77.27604,3.39507],[-77.2854,3.39839],[-77.27696,3.40614],[-77.27838,3.41181],[-77.28609,3.41797],[-77.30828,3.42487],[-77.30548,3.43184],[-77.29962,3.43194],[-77.29332,3.44243],[-77.29615,3.44577],[-77.2954,3.45273],[-77.29065,3.44939],[-77.29338,3.46613],[-77.28906,3.48173],[-77.28442,3.47259],[-77.27955,3.4708],[-77.2821,3.46539],[-77.28055,3.45933],[-77.27747,3.4605],[-77.27889,3.46333],[-77.2734,3.47236],[-77.26097,3.4742],[-77.26203,3.46785],[-77.25956,3.47549],[-77.27085,3.47791],[-77.27597,3.47571],[-77.28305,3.48599],[-77.28037,3.49193],[-77.27216,3.49104],[-77.27139,3.4886],[-77.26627,3.49376],[-77.26781,3.49634],[-77.26063,3.49545],[-77.26116,3.4997],[-77.26322,3.50485],[-77.28347,3.50094],[-77.29184,3.51663],[-77.28121,3.52271],[-77.27608,3.52247],[-77.26836,3.50896],[-77.25912,3.5055],[-77.24684,3.51674],[-77.23864,3.51972],[-77.2326,3.51317],[-77.22987,3.49797],[-77.2308,3.51266],[-77.23505,3.52012],[-77.24531,3.51996],[-77.25209,3.51235],[-77.26272,3.5091],[-77.26631,3.51],[-77.27173,3.52518],[-77.27584,3.52736],[-77.2807,3.5249],[-77.28225,3.52876],[-77.27637,3.53548],[-77.27201,3.53613],[-77.27511,3.54501],[-77.27359,3.55197],[-77.25797,3.55858],[-77.25272,3.56465],[-77.25389,3.56774],[-77.25901,3.56695],[-77.26003,3.56399],[-77.27054,3.56074],[-77.26748,3.5677],[-77.25799,3.56901],[-77.25825,3.57159],[-77.26286,3.56875],[-77.26339,3.57312],[-77.26749,3.57234],[-77.2657,3.57569],[-77.24109,3.5764],[-77.23735,3.56984],[-77.24158,3.56906],[-77.24826,3.57342],[-77.24928,3.57071],[-77.24363,3.56918],[-77.24326,3.56448],[-77.23811,3.56649],[-77.23669,3.56301],[-77.2308,3.56419],[-77.22746,3.56085],[-77.22542,3.56497],[-77.21772,3.56396],[-77.21466,3.57118],[-77.21298,3.56294],[-77.20926,3.56501],[-77.21031,3.573],[-77.21749,3.57478],[-77.2244,3.56961],[-77.22775,3.57682],[-77.2252,3.58198],[-77.22122,3.57838],[-77.22538,3.58421],[-77.20629,3.60753],[-77.20269,3.60419],[-77.20679,3.60366],[-77.20266,3.59414],[-77.20216,3.59749],[-77.1978,3.59737],[-77.19446,3.59493],[-77.19535,3.58978],[-77.18571,3.58323],[-77.1805,3.58346],[-77.18444,3.58774],[-77.18433,3.59625],[-77.18961,3.60268],[-77.19782,3.60523],[-77.19046,3.63849],[-77.18737,3.63411],[-77.19031,3.62741],[-77.18924,3.61092],[-77.18142,3.61146],[-77.18,3.60837],[-77.16783,3.61059],[-77.16641,3.61292],[-77.17452,3.62023],[-77.17119,3.62166],[-77.15497,3.61903],[-77.15864,3.62903],[-77.1525,3.63368],[-77.14297,3.62632],[-77.14767,3.63805],[-77.14148,3.63873],[-77.12865,3.63096],[-77.12095,3.63131],[-77.12095,3.63427],[-77.1159,3.63077],[-77.11531,3.63532],[-77.11249,3.63442],[-77.11661,3.64356],[-77.12509,3.64792],[-77.12728,3.65307],[-77.12511,3.65732],[-77.10959,3.65723],[-77.1087,3.65955],[-77.11356,3.66395],[-77.10956,3.66689],[-77.10992,3.68789],[-77.12496,3.70151],[-77.11842,3.70256],[-77.1191,3.71956],[-77.11372,3.72035],[-77.10978,3.73453],[-77.12198,3.74249],[-77.12993,3.74118],[-77.13197,3.73628],[-77.13839,3.74271],[-77.14685,3.73727],[-77.15236,3.73855],[-77.15213,3.74757],[-77.14763,3.74165],[-77.1089,3.74355],[-77.11508,3.75152],[-77.10228,3.76341],[-77.1055,3.76829],[-77.11024,3.76906],[-77.11206,3.77962],[-77.10617,3.78092],[-77.09486,3.7727],[-77.09383,3.76858],[-77.08985,3.76833],[-77.08973,3.77117],[-77.09323,3.77022],[-77.09255,3.77296],[-77.10308,3.77732],[-77.11006,3.79843],[-77.10697,3.79547],[-77.10082,3.79652],[-77.0985,3.79047],[-77.09401,3.79048],[-77.10057,3.80051],[-77.08955,3.80402],[-77.08803,3.81137],[-77.0847,3.81318],[-77.07468,3.80779],[-77.06765,3.81683],[-77.06781,3.82971],[-77.06447,3.8292],[-77.06435,3.83333],[-77.05934,3.82819],[-77.05399,3.84289],[-77.05413,3.84958],[-77.05864,3.85524],[-77.0566,3.86195],[-77.04735,3.85656],[-77.03491,3.85659],[-77.03426,3.85272],[-77.01912,3.85212],[-77.01885,3.84799],[-77.01552,3.84684],[-77.01398,3.84955],[-77.00449,3.84867],[-77.00604,3.85305],[-77.01143,3.85278],[-77.01233,3.85638],[-77.00132,3.86683],[-77.01708,3.85818],[-77.01466,3.86334],[-77.01685,3.86732],[-77.01006,3.87185],[-77.01353,3.87493],[-77.02507,3.87194],[-77.02943,3.87361],[-77.0297,3.87709],[-77.03687,3.8723],[-77.04228,3.88015],[-77.05562,3.88256],[-77.05819,3.88153],[-77.05919,3.87354],[-77.06355,3.87275],[-77.07975,3.88895],[-77.07899,3.89307],[-77.06668,3.89374],[-77.05614,3.88333],[-77.04614,3.88825],[-77.04023,3.88415],[-77.03204,3.88919],[-77.02511,3.88843],[-77.02306,3.8905],[-77.03359,3.89434],[-77.03666,3.89214],[-77.03731,3.89575],[-77.04103,3.89548],[-77.04144,3.90553],[-77.02696,3.91072],[-77.02492,3.91717],[-77.01441,3.91964],[-77.02416,3.91923],[-77.02952,3.91149],[-77.03748,3.91379],[-77.03799,3.91043],[-77.04295,3.91077],[-77.04467,3.91634],[-77.04492,3.91068],[-77.0485,3.90912],[-77.05787,3.90987],[-77.05812,3.90549],[-77.06619,3.90392],[-77.06953,3.90623],[-77.07029,3.9025],[-77.0803,3.90208],[-77.08698,3.90542],[-77.07474,3.90975],[-77.07853,3.91137],[-77.08288,3.90878],[-77.08795,3.91324],[-77.09276,3.90927],[-77.09611,3.91544],[-77.10822,3.9221],[-77.10869,3.92748],[-77.09858,3.92742],[-77.09169,3.92322],[-77.08657,3.92696],[-77.07369,3.92787],[-77.08868,3.92821],[-77.09118,3.92563],[-77.09679,3.93013],[-77.10345,3.92779],[-77.10882,3.92976],[-77.11149,3.92584],[-77.11846,3.92623],[-77.12755,3.91974],[-77.14106,3.8857],[-77.15063,3.88364],[-77.15461,3.88711],[-77.16466,3.88628],[-77.18054,3.87529],[-77.16542,3.88435],[-77.15465,3.88463],[-77.1518,3.88088],[-77.14079,3.88209],[-77.13339,3.89718],[-77.13494,3.90143],[-77.12828,3.90753],[-77.12997,3.91109],[-77.12724,3.91672],[-77.11854,3.92219],[-77.10346,3.91376],[-77.09827,3.90616],[-77.10482,3.90764],[-77.10577,3.90416],[-77.09682,3.90394],[-77.09608,3.89856],[-77.10374,3.89628],[-77.10938,3.8983],[-77.11281,3.87469],[-77.12717,3.87131],[-77.13944,3.87765],[-77.14743,3.86997],[-77.14767,3.86481],[-77.14549,3.86482],[-77.14102,3.8705],[-77.14036,3.86354],[-77.14791,3.85734],[-77.16252,3.85305],[-77.16776,3.84518],[-77.16841,3.84853],[-77.17842,3.84979],[-77.17484,3.85392],[-77.1764,3.86294],[-77.18639,3.85943],[-77.18253,3.8539],[-77.18816,3.8477],[-77.18904,3.84126],[-77.17902,3.83433],[-77.17991,3.83098],[-77.20199,3.83994],[-77.20428,3.83388],[-77.21172,3.8345],[-77.21763,3.83681],[-77.21584,3.83939],[-77.21918,3.84092],[-77.21904,3.83809],[-77.22558,3.83769],[-77.2239,3.82983],[-77.23558,3.8356],[-77.25018,3.82848],[-77.24994,3.83144],[-77.25506,3.83104],[-77.25559,3.83465],[-77.26405,3.83334],[-77.26689,3.83951],[-77.27534,3.83768],[-77.28125,3.83999],[-77.28564,3.85054],[-77.29695,3.86004],[-77.30234,3.86106],[-77.30404,3.87368],[-77.29725,3.87588],[-77.29314,3.87396],[-77.29316,3.88143],[-77.28395,3.89073],[-77.27341,3.88303],[-77.27699,3.87697],[-77.27326,3.87376],[-77.27215,3.88845],[-77.27445,3.88638],[-77.27882,3.88869],[-77.2787,3.89204],[-77.27318,3.89282],[-77.27755,3.8959],[-77.26472,3.89414],[-77.26601,3.898],[-77.2836,3.90465],[-77.27862,3.91136],[-77.2722,3.9088],[-77.27246,3.91163],[-77.27554,3.91059],[-77.28107,3.91599],[-77.27939,3.91149],[-77.29092,3.90823],[-77.28617,3.90593],[-77.29218,3.89896],[-77.29655,3.90178],[-77.2927,3.90282],[-77.29785,3.91002],[-77.30065,3.89893],[-77.30913,3.90638],[-77.30363,3.91181],[-77.31195,3.9056],[-77.31596,3.91692],[-77.3135,3.90869],[-77.31785,3.907],[-77.31357,3.90465],[-77.32041,3.9021],[-77.3206,3.9249],[-77.31646,3.92353],[-77.31266,3.92981],[-77.31695,3.95144],[-77.30875,3.95456],[-77.3094,3.95713],[-77.30234,3.95728],[-77.29999,3.94144],[-77.29641,3.94622],[-77.29472,3.93785],[-77.28768,3.94006],[-77.29579,3.95356],[-77.28056,3.96443],[-77.28467,3.96815],[-77.28954,3.96595],[-77.28876,3.96105],[-77.29312,3.96001],[-77.29569,3.96387],[-77.29173,3.96826],[-77.28958,3.97883],[-77.28573,3.98051],[-77.28187,3.97576],[-77.28189,3.98143],[-77.27949,3.98186],[-77.27521,3.97655],[-77.27496,3.9817],[-77.26728,3.98662],[-77.26355,3.98251],[-77.26009,3.98458],[-77.26034,3.9811],[-77.25649,3.98201],[-77.25302,3.97635],[-77.2539,3.97274],[-77.26005,3.97092],[-77.26299,3.96344],[-77.26118,3.96062],[-77.25324,3.96321],[-77.25644,3.96411],[-77.25517,3.96759],[-77.24698,3.97444],[-77.238,3.97356],[-77.23773,3.96867],[-77.23036,3.96974],[-77.23202,3.96511],[-77.21518,3.978],[-77.21592,3.96821],[-77.21268,3.96652],[-77.2058,3.9703],[-77.20475,3.96386],[-77.20858,3.95612],[-77.2064,3.95638],[-77.20233,3.96569],[-77.20798,3.97338],[-77.21426,3.97002],[-77.21222,3.97621],[-77.2151,3.9873],[-77.20394,3.98834],[-77.20537,3.99074],[-77.21343,3.9907],[-77.21711,3.98663],[-77.2213,3.98808],[-77.22429,3.97688],[-77.22953,3.97281],[-77.23275,3.97323],[-77.2354,3.97999],[-77.23865,3.9782],[-77.24213,3.98437],[-77.24879,3.97946],[-77.24585,3.98359],[-77.24907,3.98809],[-77.24137,3.98824],[-77.24087,3.99172],[-77.23164,3.99393],[-77.21628,4.0075],[-77.20859,4.00971],[-77.21092,4.01769],[-77.20428,4.01941],[-77.20176,4.02557],[-77.1935,4.02237],[-77.19445,4.03424],[-77.2001,4.03233],[-77.20108,4.03444],[-77.19064,4.03869],[-77.18786,4.03624],[-77.18551,4.03821],[-77.18711,4.04472],[-77.18294,4.04363],[-77.18402,4.04788],[-77.17971,4.04998],[-77.19419,4.05958],[-77.20081,4.05596],[-77.19673,4.06158],[-77.19989,4.06635],[-77.19904,4.08244],[-77.19657,4.08452],[-77.1918,4.08237],[-77.19088,4.08575],[-77.1958,4.08698],[-77.19249,4.09399],[-77.1945,4.10261],[-77.19935,4.10315],[-77.20173,4.09361],[-77.20589,4.0913],[-77.20666,4.09799],[-77.21167,4.08298],[-77.21713,4.08722],[-77.21251,4.09715],[-77.22106,4.0933],[-77.22229,4.08121],[-77.21675,4.07936],[-77.21898,4.07266],[-77.22206,4.07605],[-77.22683,4.06396],[-77.2296,4.06689],[-77.2266,4.06743],[-77.22737,4.07035],[-77.23068,4.06958],[-77.22653,4.08352],[-77.23161,4.09923],[-77.23638,4.09091],[-77.23523,4.08714],[-77.24293,4.08691],[-77.24178,4.08949],[-77.26004,4.09835],[-77.25654,4.104],[-77.24847,4.10453],[-77.25039,4.11084],[-77.25443,4.11122],[-77.26001,4.10599],[-77.26299,4.09485],[-77.25551,4.08893],[-77.25959,4.08222],[-77.26063,4.08763],[-77.26756,4.088],[-77.27243,4.08399],[-77.27213,4.07137],[-77.27855,4.07341],[-77.28136,4.06619],[-77.29085,4.06513],[-77.2925,4.06126],[-77.28414,4.0515],[-77.2908,4.0489],[-77.29397,4.05095],[-77.29336,4.04606],[-77.30418,4.04008],[-77.30675,4.04223],[-77.30986,4.03447],[-77.30794,4.03056],[-77.31374,4.02921],[-77.31329,4.01856],[-77.31765,4.01662],[-77.31917,4.01121],[-77.31557,4.00684],[-77.3207,4.00708],[-77.32349,3.99599],[-77.31977,3.99523],[-77.32588,3.97873],[-77.32445,3.97255],[-77.33292,3.97458],[-77.34601,3.93333],[-77.35932,3.927],[-77.36517,3.93391],[-77.37133,3.95232],[-77.38434,3.97032],[-77.38279,3.97519],[-77.38012,3.97342],[-77.38049,3.96878],[-77.37624,3.96261],[-77.37033,3.96134],[-77.37058,3.9585],[-77.36443,3.95878],[-77.36738,3.96109],[-77.36472,3.97114],[-77.36717,3.97577],[-77.37012,3.97499],[-77.37296,3.98426],[-77.37502,3.98503],[-77.37473,3.97253],[-77.38013,3.97806],[-77.37991,3.99016],[-77.38415,3.99221],[-77.38353,3.99969],[-77.3919,4.0128],[-77.39511,4.01434],[-77.40227,4.00633],[-77.40586,4.00658],[-77.40431,4.00156],[-77.40059,4.0017],[-77.39557,3.9945],[-77.39813,3.99217],[-77.39426,3.98677],[-77.38939,3.98627],[-77.39117,3.98253],[-77.41251,3.9996],[-77.39656,3.98316],[-77.39861,3.98148],[-77.43101,4.00882],[-77.4372,4.02014],[-77.43865,4.03198],[-77.43739,4.04023],[-77.42233,4.02327],[-77.42274,4.03048],[-77.41683,4.02818],[-77.41672,4.03308],[-77.41018,4.03438],[-77.409,4.02563],[-77.40643,4.02538],[-77.40427,4.03131],[-77.38515,4.02866],[-77.37594,4.0368],[-77.37956,4.0489],[-77.357,4.05296],[-77.35177,4.06212],[-77.35675,4.05489],[-77.36802,4.05035],[-77.3806,4.05044],[-77.37875,4.03499],[-77.39234,4.02993],[-77.39941,4.03777],[-77.39943,4.04266],[-77.41406,4.04545],[-77.41472,4.05318],[-77.42075,4.05393],[-77.4318,4.07209],[-77.42435,4.0972],[-77.43016,4.1098],[-77.43826,4.11854],[-77.44151,4.1296],[-77.43999,4.13656],[-77.4309,4.14316],[-77.41242,4.14154],[-77.38679,4.14883],[-77.38811,4.16094],[-77.37428,4.17051],[-77.36766,4.18599],[-77.35299,4.19512],[-77.33482,4.18969],[-77.31423,4.16786],[-77.30294,4.1657],[-77.28502,4.18185],[-77.28359,4.19268],[-77.28624,4.20349],[-77.2782,4.22],[-77.25951,4.23307],[-77.2518,4.22858],[-77.25063,4.22421],[-77.25258,4.18813],[-77.2406,4.1709],[-77.22362,4.15562],[-77.21438,4.15423],[-77.2099,4.15734],[-77.20416,4.17036],[-77.18594,4.17054],[-77.17262,4.17986],[-77.16185,4.18195],[-77.15452,4.17656],[-77.14331,4.15804],[-77.13997,4.15753],[-77.14752,4.15029],[-77.143,4.13846],[-77.13682,4.1328],[-77.13784,4.12997],[-77.14177,4.13043],[-77.13912,4.12687],[-77.1358,4.13281],[-77.143,4.13949],[-77.14688,4.1521],[-77.13843,4.15547],[-77.14299,4.1603],[-77.13061,4.15987],[-77.13063,4.16606],[-77.13822,4.17583],[-77.1331,4.17842],[-77.10537,4.17295],[-77.09383,4.17698],[-77.09245,4.18729],[-77.09979,4.20015],[-77.10136,4.20994],[-77.09594,4.22527],[-77.09175,4.22783],[-77.08716,4.22724],[-77.08148,4.21128],[-77.07687,4.20813],[-77.05208,4.20878],[-77.04397,4.19901],[-77.03421,4.19311],[-77.02249,4.17729],[-77.01864,4.1773],[-77.01621,4.18285],[-77.02474,4.20602],[-77.02567,4.21916],[-77.01255,4.20631],[-76.99921,4.20956],[-76.99602,4.21589],[-77.00003,4.22747],[-77.01623,4.24006],[-77.02036,4.24829],[-77.01909,4.25396],[-77.00246,4.27539],[-77.00618,4.28438],[-77.02536,4.29363],[-77.03643,4.30648],[-77.03464,4.30996],[-77.01975,4.30885],[-77.02028,4.31477],[-77.03005,4.32041],[-77.03032,4.32582],[-77.00905,4.33915],[-76.99924,4.3692],[-76.99182,4.3772],[-77.00393,4.39212],[-77.0055,4.40525],[-77.00128,4.41158],[-76.99257,4.41585],[-76.99142,4.42024],[-77.00595,4.4296],[-77.00744,4.43765],[-77.00264,4.44069],[-76.99134,4.43608],[-76.98749,4.43751],[-76.98611,4.44988],[-77.00499,4.45421],[-77.01284,4.46192],[-76.9912,4.48002],[-76.98342,4.49782],[-76.98561,4.504],[-76.98921,4.50541],[-77.02363,4.51034],[-77.03225,4.5183],[-77.0306,4.5232],[-77.02445,4.52953],[-77.00071,4.53204],[-77.00243,4.54905],[-76.98713,4.58813],[-76.98327,4.58749],[-76.97271,4.57245],[-76.96474,4.57067],[-76.95935,4.57274],[-76.95169,4.58925],[-76.91847,4.60081],[-76.91725,4.60479],[-76.92685,4.61316],[-76.93678,4.62949],[-76.94093,4.64327],[-76.93727,4.66827],[-76.92599,4.67629],[-76.93079,4.69174],[-76.92836,4.69806],[-76.91731,4.69345],[-76.90936,4.69889],[-76.8996,4.69943],[-76.89411,4.70833],[-76.89914,4.71773],[-76.8886,4.71453],[-76.88111,4.69935],[-76.87443,4.69924],[-76.867,4.70377],[-76.86279,4.71486],[-76.86835,4.7285],[-76.8671,4.7441],[-76.84812,4.75188],[-76.84399,4.74442],[-76.83707,4.75011],[-76.8232,4.75182],[-76.81637,4.74307],[-76.81596,4.73406],[-76.80361,4.7261],[-76.80115,4.71786],[-76.79084,4.70577],[-76.79407,4.71337],[-76.79999,4.71632],[-76.8031,4.72739],[-76.81468,4.73406],[-76.81625,4.74565],[-76.82113,4.74744],[-76.82269,4.75259],[-76.83574,4.75177],[-76.84322,4.74545],[-76.84567,4.74815],[-76.83838,4.76002],[-76.84381,4.76869],[-76.83953,4.75874],[-76.84324,4.75176],[-76.8552,4.7522],[-76.86741,4.76149],[-76.87244,4.77111],[-76.86656,4.78056],[-76.86698,4.79242],[-76.88038,4.81068],[-76.87311,4.82848],[-76.86875,4.86765],[-76.85797,4.87954],[-76.85493,4.89475],[-76.84591,4.88731],[-76.84361,4.88912],[-76.84259,4.90123],[-76.84655,4.90922],[-76.83206,4.91445],[-76.82838,4.91904],[-76.82746,4.9353],[-76.82372,4.94003],[-76.81199,4.94159],[-76.8076,4.95593],[-76.81616,4.94046],[-76.82499,4.94095],[-76.82923,4.93558],[-76.83156,4.91749],[-76.84563,4.91572],[-76.84824,4.91006],[-76.84464,4.90271],[-76.84566,4.88975],[-76.85326,4.89755],[-76.86131,4.88134],[-76.87049,4.87665],[-76.86412,4.87489],[-76.8723,4.8594],[-76.87504,4.8295],[-76.87978,4.82279],[-76.8818,4.81067],[-76.87598,4.79703],[-76.8689,4.79138],[-76.86837,4.78494],[-76.87105,4.77823],[-76.87375,4.77848],[-76.87603,4.76791],[-76.86071,4.75533],[-76.86019,4.75069],[-76.87627,4.74231],[-76.88844,4.74881],[-76.8879,4.74159],[-76.86523,4.7164],[-76.86752,4.7066],[-76.87444,4.70156],[-76.88035,4.7027],[-76.88693,4.71608],[-76.89838,4.72159],[-76.9035,4.71655],[-76.89797,4.71167],[-76.89745,4.70515],[-76.90115,4.70123],[-76.91399,4.6999],[-76.91937,4.69602],[-76.92555,4.70039],[-76.93247,4.69612],[-76.92856,4.67654],[-76.94163,4.66491],[-76.94297,4.64017],[-76.93573,4.62215],[-76.92091,4.60003],[-76.95145,4.59351],[-76.96077,4.57493],[-76.96474,4.57247],[-76.97284,4.57541],[-76.98148,4.5893],[-76.98867,4.58902],[-77.00462,4.55445],[-77.00303,4.53358],[-77.02421,4.53224],[-77.03406,4.5219],[-77.03482,4.51803],[-77.02568,4.50801],[-76.99254,4.50333],[-76.98496,4.4991],[-76.98635,4.49085],[-76.99761,4.47639],[-77.0149,4.46398],[-77.00987,4.45407],[-76.98802,4.4455],[-76.98826,4.43957],[-76.99211,4.43789],[-77.00419,4.44301],[-77.00939,4.43817],[-77.00517,4.42561],[-76.99347,4.41972],[-77.00283,4.41338],[-77.00756,4.40525],[-77.0065,4.39263],[-76.99426,4.37591],[-76.99964,4.37306],[-77.01392,4.33875],[-77.03276,4.32582],[-77.03171,4.31989],[-77.0222,4.31167],[-77.03311,4.31358],[-77.03823,4.3106],[-77.03861,4.30673],[-77.02715,4.29143],[-77.0094,4.2839],[-77.00555,4.27873],[-77.00586,4.27293],[-77.02255,4.25241],[-77.0197,4.24005],[-77.00285,4.22566],[-76.99923,4.21459],[-77.00076,4.21098],[-77.00974,4.20837],[-77.01436,4.20927],[-77.02158,4.22226],[-77.02722,4.21967],[-77.02679,4.20189],[-77.0202,4.18722],[-77.02249,4.17961],[-77.03822,4.20624],[-77.05543,4.21302],[-77.07801,4.21219],[-77.0846,4.22802],[-77.09155,4.23009],[-77.09628,4.22845],[-77.10368,4.21483],[-77.1034,4.20323],[-77.09578,4.18445],[-77.09794,4.17851],[-77.10332,4.17502],[-77.13808,4.18203],[-77.13963,4.17479],[-77.13422,4.16605],[-77.13459,4.16141],[-77.13793,4.16192],[-77.14461,4.16576],[-77.1557,4.18403],[-77.16622,4.18516],[-77.18518,4.17557],[-77.20571,4.17397],[-77.21222,4.15939],[-77.21823,4.15615],[-77.22518,4.15987],[-77.24616,4.18532],[-77.24863,4.19871],[-77.24575,4.22164],[-77.25002,4.23503],[-77.25772,4.23604],[-77.27771,4.22735],[-77.29441,4.23232],[-77.30645,4.22546],[-77.34749,4.21967],[-77.35391,4.22158],[-77.35829,4.22724],[-77.36246,4.25092],[-77.37047,4.26867],[-77.3656,4.27075],[-77.3678,4.27693],[-77.38198,4.301],[-77.39409,4.31394],[-77.39321,4.31935],[-77.38707,4.32517],[-77.37526,4.32379],[-77.36774,4.33252],[-77.36774,4.33927],[-77.37919,4.34799],[-77.38424,4.36266],[-77.38399,4.36601],[-77.37233,4.37171],[-77.36578,4.36787],[-77.36985,4.38376],[-77.36575,4.39954],[-77.35867,4.40601],[-77.35524,4.4148],[-77.34902,4.41507],[-77.34314,4.42875],[-77.31631,4.43721],[-77.31856,4.43939],[-77.32854,4.43391],[-77.35207,4.42882],[-77.33967,4.51273],[-77.33763,4.51686],[-77.33474,4.51269],[-77.33761,4.50965],[-77.33758,4.50166],[-77.34027,4.50062],[-77.3429,4.47795],[-77.34045,4.4763],[-77.33251,4.48184],[-77.32981,4.48005],[-77.33311,4.47494],[-77.33698,4.47513],[-77.33809,4.46676],[-77.33574,4.46269],[-77.32496,4.46101],[-77.32539,4.45471],[-77.32165,4.45615],[-77.3228,4.48926],[-77.32784,4.50394],[-77.31906,4.5143],[-77.31316,4.51387],[-77.31013,4.52993],[-77.30107,4.52691],[-77.29401,4.53123],[-77.29171,4.54188],[-77.29848,4.55023],[-77.29185,4.56217],[-77.29888,4.5644],[-77.3015,4.57095],[-77.31008,4.57441],[-77.32487,4.56903],[-77.32664,4.571],[-77.3254,4.66503],[-77.32119,4.67265],[-77.32137,4.64933],[-77.3148,4.64059],[-77.31547,4.60815],[-77.31859,4.60887],[-77.32126,4.62018],[-77.3234,4.58072],[-77.32135,4.57885],[-77.31618,4.58393],[-77.31413,4.59426],[-77.3095,4.59274],[-77.30924,4.58784],[-77.2819,4.60586],[-77.30155,4.60276],[-77.30407,4.60911],[-77.29877,4.60665],[-77.29481,4.6126],[-77.29839,4.60985],[-77.3012,4.61352],[-77.30976,4.61269],[-77.29668,4.63876],[-77.29435,4.63471],[-77.29933,4.62495],[-77.29716,4.61604],[-77.29026,4.61516],[-77.28937,4.61885],[-77.28572,4.61945],[-77.28303,4.61676],[-77.28074,4.62531],[-77.28741,4.63776],[-77.27918,4.65603],[-77.28167,4.66665],[-77.27987,4.681],[-77.28774,4.67976],[-77.28857,4.68252],[-77.2796,4.69259],[-77.2793,4.70125],[-77.28354,4.70279],[-77.2864,4.71076],[-77.29154,4.71229],[-77.29234,4.72156],[-77.29926,4.71935],[-77.30445,4.7344],[-77.28954,4.72917],[-77.28506,4.73395],[-77.27411,4.72162],[-77.26309,4.69074],[-77.25318,4.68317],[-77.24253,4.68463],[-77.23027,4.6656],[-77.22104,4.66924],[-77.20708,4.68952],[-77.18914,4.69883],[-77.20596,4.69273],[-77.22745,4.66741],[-77.23787,4.67815],[-77.2401,4.68695],[-77.25653,4.6869],[-77.26562,4.71676],[-77.26242,4.72218],[-77.26819,4.71804],[-77.26988,4.7255],[-77.28752,4.74142],[-77.29047,4.75125],[-77.29595,4.75205],[-77.29553,4.7562],[-77.2918,4.75734],[-77.29449,4.75993],[-77.29661,4.75743],[-77.30294,4.76385],[-77.30856,4.78151],[-77.30214,4.77835],[-77.29883,4.78147],[-77.29261,4.78019],[-77.29922,4.78767],[-77.30118,4.78543],[-77.30551,4.7877],[-77.31582,4.79733],[-77.31642,4.80051],[-77.30646,4.79965],[-77.28893,4.79052],[-77.28451,4.79672],[-77.30698,4.80422],[-77.30445,4.81092],[-77.31628,4.81552],[-77.31925,4.82143],[-77.31302,4.83603],[-77.30343,4.83704],[-77.3008,4.84351],[-77.29336,4.84442],[-77.29442,4.84792],[-77.31614,4.84816],[-77.32357,4.85516],[-77.33593,4.85615],[-77.33883,4.87649],[-77.3481,4.888],[-77.34444,4.9017],[-77.35424,4.89037],[-77.35888,4.89472],[-77.35963,4.91146],[-77.36637,4.92998],[-77.35647,4.93773],[-77.35491,4.95112],[-77.33971,4.96734],[-77.32417,4.9576],[-77.31947,4.96722],[-77.31706,4.96701],[-77.309,4.94629],[-77.30293,4.94441],[-77.28765,4.95006],[-77.26976,4.97118],[-77.29257,4.95017],[-77.30188,4.94661],[-77.30837,4.94818],[-77.31099,4.96304],[-77.31507,4.96911],[-77.32124,4.96743],[-77.32365,4.95979],[-77.32669,4.95937],[-77.33376,4.96977],[-77.34092,4.96932],[-77.3658,4.95072],[-77.37262,4.95288],[-77.37495,4.95906],[-77.3794,5.08106],[-77.37518,5.08831],[-77.37195,5.07386],[-77.37466,5.0689],[-77.36966,5.06871],[-77.37278,5.05429],[-77.36924,5.0592],[-77.36355,5.05805],[-77.36753,5.07488],[-77.35595,5.0699],[-77.34801,5.07521],[-77.34695,5.06463],[-77.34445,5.06438],[-77.34389,5.07407],[-77.34616,5.08086],[-77.35575,5.07799],[-77.36673,5.08162],[-77.36336,5.09254],[-77.36481,5.10465],[-77.36199,5.10414],[-77.36136,5.10955],[-77.37414,5.12419],[-77.37438,5.12931],[-77.36966,5.12807],[-77.37117,5.13493],[-77.36521,5.13496],[-77.36456,5.13823],[-77.35915,5.14033],[-77.34076,5.13612],[-77.34025,5.12609],[-77.33489,5.13672],[-77.33811,5.14339],[-77.34036,5.14048],[-77.35287,5.1405],[-77.34649,5.15314],[-77.3545,5.16393],[-77.35703,5.15311],[-77.3619,5.1518],[-77.36885,5.15383],[-77.37157,5.15949],[-77.3725,5.16747],[-77.36691,5.18604],[-77.36129,5.19405],[-77.35899,5.19638],[-77.3451,5.19463],[-77.34179,5.20108],[-77.34742,5.19668],[-77.35141,5.19866],[-77.35548,5.20882],[-77.35292,5.22229],[-77.35899,5.23141],[-77.3571,5.24262],[-77.35224,5.24741],[-77.34132,5.24822],[-77.35488,5.26569],[-77.35233,5.27149],[-77.34463,5.27436],[-77.34349,5.27758],[-77.34775,5.28439],[-77.34637,5.29303],[-77.35318,5.29275],[-77.34974,5.30023],[-77.35608,5.31283],[-77.36045,5.31281],[-77.36041,5.30251],[-77.36352,5.30842],[-77.3546,5.32855],[-77.35466,5.34452],[-77.36496,5.34937],[-77.36485,5.35324],[-77.36987,5.35451],[-77.3766,5.36736],[-77.37651,5.37743],[-77.37166,5.3854],[-77.37304,5.39536],[-77.36701,5.4061],[-77.3745,5.42391],[-77.37437,5.45599],[-77.37875,5.45855],[-77.37826,5.46421],[-77.38239,5.46755],[-77.39513,5.46258],[-77.40132,5.45353],[-77.41775,5.47153],[-77.42159,5.46739],[-77.41682,5.4514],[-77.42139,5.44884],[-77.41927,5.43301],[-77.42337,5.43183],[-77.42763,5.43414],[-77.42851,5.46298],[-77.4315,5.47096],[-77.43744,5.47711],[-77.44443,5.47747],[-77.44878,5.4848],[-77.45419,5.48735],[-77.46394,5.4891],[-77.46703,5.48575],[-77.47143,5.48933],[-77.48783,5.47845],[-77.49267,5.46864],[-77.49541,5.47527],[-77.50532,5.48096],[-77.5251,5.47971],[-77.53874,5.48288],[-77.53314,5.49501],[-77.52391,5.50273],[-77.52113,5.51321],[-77.50974,5.5237],[-77.50719,5.53066],[-77.50995,5.54327],[-77.50666,5.55565],[-77.50773,5.56543],[-77.50275,5.57344],[-77.50408,5.58477],[-77.50074,5.58555],[-77.4876,5.60802],[-77.48241,5.598],[-77.46029,5.59513],[-77.44592,5.60214],[-77.42865,5.6214],[-77.40438,5.62949],[-77.38727,5.62698],[-77.3795,5.61208],[-77.37112,5.60786],[-77.36289,5.6066],[-77.34261,5.61647],[-77.33338,5.62295],[-77.32867,5.63315],[-77.32681,5.65144],[-77.31935,5.65147],[-77.31667,5.65432],[-77.3166,5.66926],[-77.31195,5.66426],[-77.2995,5.66984],[-77.28555,5.68793],[-77.27791,5.706],[-77.2756,5.70652],[-77.27917,5.69904],[-77.27886,5.68538],[-77.27294,5.68541],[-77.26961,5.68941],[-77.2689,5.70526],[-77.27301,5.70421],[-77.27187,5.70834],[-77.26341,5.7143],[-77.25591,5.73545],[-77.25404,5.75066],[-77.25724,5.77976],[-77.25404,5.78325],[-77.25132,5.77952],[-77.24689,5.76537],[-77.24726,5.7597],[-77.25008,5.7584],[-77.24786,5.75017],[-77.25056,5.74887],[-77.2532,5.73469],[-77.23894,5.73797],[-77.2351,5.74223],[-77.23464,5.75743],[-77.23206,5.75538],[-77.22822,5.75823],[-77.23003,5.76183],[-77.22517,5.76803],[-77.22613,5.784],[-77.2304,5.7894],[-77.23373,5.78784],[-77.23844,5.80688],[-77.24257,5.81009],[-77.23897,5.81023],[-77.2395,5.8159],[-77.24876,5.81431],[-77.24982,5.82281],[-77.25341,5.82099],[-77.25711,5.81145],[-77.24947,5.8004],[-77.25564,5.7978],[-77.25613,5.79213],[-77.26338,5.81237],[-77.26704,5.81836],[-77.26987,5.81809],[-77.27195,5.82556],[-77.27633,5.82554],[-77.2773,5.84228],[-77.28053,5.84613],[-77.28593,5.84624],[-77.28848,5.84172],[-77.29106,5.84326],[-77.29137,5.85665],[-77.29536,5.85663],[-77.29666,5.85998],[-77.29505,5.87441],[-77.30714,5.87333],[-77.30266,5.88056],[-77.31166,5.90938],[-77.30641,5.91455],[-77.30837,5.92382],[-77.3164,5.93641],[-77.32103,5.93613],[-77.31889,5.94619],[-77.32458,5.95415],[-77.32292,5.95647],[-77.3345,5.98828],[-77.33506,5.99944],[-77.34503,6.01331],[-77.34915,6.01484],[-77.34784,6.0388],[-77.35237,6.04574],[-77.35934,6.0488],[-77.35898,6.05524],[-77.36324,6.05857],[-77.35422,6.02589],[-77.35283,6.00246],[-77.35887,5.99986],[-77.36287,6.00242],[-77.36082,6.00629],[-77.36665,6.01554],[-77.36372,6.0207],[-77.36952,6.0239],[-77.37373,6.04423],[-77.38951,6.06361],[-77.42206,6.09231],[-77.427,6.1026],[-77.43318,6.10463],[-77.43683,6.11543],[-77.44639,6.12363],[-77.44952,6.13237],[-77.45441,6.13287],[-77.45665,6.14264],[-77.47271,6.16601],[-77.47536,6.18248],[-77.48169,6.18683],[-77.48274,6.19172],[-77.46769,6.24846],[-77.4693,6.26236],[-77.46638,6.27242],[-77.47139,6.29571],[-77.46791,6.29457],[-77.46826,6.2889],[-77.46154,6.28197],[-77.45788,6.2713],[-77.44681,6.26904],[-77.43626,6.27102],[-77.43303,6.26846],[-77.42379,6.24686],[-77.40942,6.22812],[-77.40209,6.22854],[-77.3953,6.23617],[-77.39483,6.24545],[-77.39936,6.25135],[-77.38081,6.27745],[-77.38433,6.28671],[-77.38284,6.29805],[-77.37851,6.30812],[-77.37683,6.33608],[-77.37081,6.34267],[-77.37011,6.3571],[-77.37749,6.36711],[-77.38496,6.3685],[-77.38932,6.36397],[-77.39917,6.37835],[-77.40459,6.38128],[-77.40869,6.37779],[-77.41206,6.38086],[-77.41106,6.38757],[-77.40336,6.39327],[-77.4,6.38994],[-77.38582,6.38743],[-77.3811,6.39595],[-77.36908,6.38686],[-77.35856,6.39322],[-77.35588,6.39941],[-77.36002,6.40352],[-77.359,6.40687],[-77.36403,6.40813],[-77.36744,6.421],[-77.37543,6.42354],[-77.37494,6.42727],[-77.36362,6.43042],[-77.36056,6.43726],[-77.36117,6.45658],[-77.35267,6.45687],[-77.35222,6.47233],[-77.35972,6.47809],[-77.36002,6.48801],[-77.34654,6.49606],[-77.34605,6.50198],[-77.33924,6.50511],[-77.33548,6.52702],[-77.33026,6.54096],[-77.32564,6.54355],[-77.32567,6.55051],[-77.33076,6.56414],[-77.33514,6.56515],[-77.33542,6.56978],[-77.34319,6.57799],[-77.3517,6.58143],[-77.35787,6.57869],[-77.36279,6.58318],[-77.36741,6.58045],[-77.37597,6.59303],[-77.37095,6.59383],[-77.37021,6.60002],[-77.39878,6.6219],[-77.39897,6.63414],[-77.4047,6.64725],[-77.4033,6.65086],[-77.39712,6.65244],[-77.39586,6.65811],[-77.39873,6.66505],[-77.40543,6.66579],[-77.40572,6.67094],[-77.39969,6.67715],[-77.40502,6.68589],[-77.41844,6.69084],[-77.42717,6.68475],[-77.42976,6.68705],[-77.43035,6.70225],[-77.44582,6.70603],[-77.45897,6.70635],[-77.48687,6.69867],[-77.50509,6.68655],[-77.51103,6.66011],[-77.5056,6.65641],[-77.50442,6.65113],[-77.51642,6.65648],[-77.51798,6.66008],[-77.52544,6.65721],[-77.52437,6.64936],[-77.52889,6.65255],[-77.52749,6.65565],[-77.53735,6.66977],[-77.53441,6.67262],[-77.53483,6.67931],[-77.54049,6.68568],[-77.5339,6.69925],[-77.53849,6.71432],[-77.54509,6.71995],[-77.54908,6.74491],[-77.5597,6.75645],[-77.56237,6.77292],[-77.5652,6.7729],[-77.56732,6.78423],[-77.57016,6.78473],[-77.56814,6.79169],[-77.58187,6.8063],[-77.58734,6.81786],[-77.60001,6.82577],[-77.60495,6.83347],[-77.62926,6.84905],[-77.64965,6.85602],[-77.65644,6.85525],[-77.66289,6.87411],[-77.66909,6.876],[-77.68401,6.87193],[-77.69017,6.84485],[-77.68833,6.83817],[-77.69412,6.83543],[-77.69673,6.84198],[-77.70099,6.84299],[-77.70403,6.85726],[-77.70162,6.86462],[-77.71033,6.87796],[-77.71128,6.88568],[-77.70808,6.8893],[-77.70485,6.91108],[-77.69533,6.91582],[-77.69801,6.93993],[-77.68255,6.94675],[-77.67909,6.95512],[-77.67468,6.9563],[-77.67486,6.95089],[-77.66669,6.95276],[-77.65608,6.96877],[-77.65934,6.99393],[-77.67339,7.01904],[-77.68005,7.02481],[-77.67995,7.03731],[-77.68755,7.04803],[-77.69818,7.05135],[-77.70832,7.06597],[-77.70531,7.08041],[-77.70817,7.08451],[-77.7133,7.08062],[-77.71147,7.07548],[-77.71893,7.07376],[-77.71767,7.0775],[-77.7252,7.08724],[-77.73502,7.09169],[-77.73827,7.09644],[-77.73482,7.10109],[-77.74075,7.10157],[-77.74258,7.1053],[-77.74693,7.10051],[-77.75806,7.10714],[-77.75905,7.10031],[-77.75037,7.0925],[-77.75333,7.09223],[-77.7733,7.11297],[-77.78205,7.13146],[-77.79603,7.14725],[-77.80782,7.14984],[-77.80818,7.14675],[-77.81193,7.14853],[-77.81268,7.14389],[-77.81607,7.15005],[-77.82355,7.15078],[-77.82926,7.15718],[-77.8306,7.16489],[-77.83589,7.16615],[-77.83662,7.17953],[-77.83971,7.17887],[-77.84413,7.18515],[-77.85378,7.18303],[-77.85384,7.19179],[-77.8643,7.19481],[-77.86824,7.20625],[-77.87443,7.20685],[-77.88357,7.21805],[-77.7925,7.46101],[-77.78737,7.46396],[-77.76616,7.46163],[-77.76174,7.4582],[-77.75106,7.46752],[-77.74134,7.46525],[-77.73971,7.47136],[-77.7318,7.47372],[-77.71399,7.49796],[-77.7007,7.50648],[-77.70269,7.51832],[-77.71526,7.53761],[-77.72547,7.56418],[-77.73297,7.57015],[-77.73775,7.58682],[-77.73622,7.60185],[-77.7468,7.60544],[-77.74852,7.61494],[-77.74149,7.62775],[-77.74143,7.63954],[-77.74702,7.6472],[-77.74321,7.6579],[-77.7455,7.66414],[-77.7422,7.67057],[-77.74284,7.67849],[-77.73577,7.68561],[-77.72775,7.68688],[-77.72794,7.6959],[-77.6975,7.69302],[-77.69151,7.68488],[-77.68641,7.6865],[-77.68641,7.68182],[-77.68036,7.68309],[-77.67237,7.66887],[-77.65582,7.66107],[-77.64712,7.65298],[-77.64395,7.64886],[-77.64467,7.63518],[-77.63087,7.60492],[-77.63102,7.5949],[-77.62428,7.57924],[-77.61004,7.56169],[-77.61049,7.55016],[-77.60691,7.54116],[-77.5937,7.53575],[-77.59036,7.53137],[-77.59009,7.52196],[-77.58386,7.51405],[-77.57621,7.51484],[-77.56345,7.50734],[-77.56208,7.51283],[-77.54831,7.52437],[-77.54732,7.53102],[-77.53175,7.54652],[-77.52593,7.55823],[-77.52801,7.56565],[-77.52426,7.57194],[-77.51519,7.57509],[-77.505,7.5684],[-77.48918,7.56953],[-77.48743,7.5779],[-77.49251,7.58339],[-77.48948,7.5936],[-77.47878,7.61571],[-77.46859,7.62558],[-77.46553,7.63416],[-77.46556,7.6423],[-77.47003,7.64976],[-77.46697,7.6554],[-77.44619,7.65527],[-77.44347,7.65825],[-77.43516,7.68722],[-77.42631,7.69179],[-77.41721,7.7033],[-77.41806,7.71796],[-77.41154,7.72392],[-77.40811,7.72191],[-77.39955,7.72421],[-77.3959,7.75005],[-77.39114,7.75996],[-77.38414,7.75755],[-77.37844,7.75939],[-77.37617,7.76262],[-77.37896,7.76919],[-77.36004,7.76772],[-77.34472,7.76226],[-77.33946,7.76592],[-77.34278,7.7737],[-77.33662,7.7799],[-77.33821,7.78415],[-77.34853,7.7966],[-77.35007,7.80486],[-77.3562,7.80713],[-77.35868,7.81883],[-77.35598,7.81956],[-77.36379,7.82517],[-77.36562,7.83291],[-77.35768,7.83465],[-77.35342,7.84187],[-77.34844,7.84125],[-77.3452,7.84966],[-77.34159,7.85071],[-77.33656,7.85877],[-77.34113,7.86351],[-77.34038,7.86826],[-77.32281,7.88553],[-77.32459,7.89596],[-77.30532,7.90003],[-77.29563,7.91045],[-77.27569,7.90786],[-77.25708,7.91983],[-77.23987,7.9178],[-77.23791,7.92091],[-77.23214,7.92068],[-77.21505,7.91651],[-77.21111,7.92192],[-77.19641,7.9194],[-77.19023,7.92219],[-77.17538,7.91716],[-77.15858,7.93226],[-77.16534,7.93727],[-77.17022,7.93651],[-77.17038,7.94378],[-77.18207,7.95522],[-77.17214,7.96095],[-77.16412,7.97046],[-77.16562,7.97423],[-77.18094,7.98243],[-77.1871,7.98937],[-77.19227,7.98925],[-77.2001,7.99969],[-77.21246,8.00822],[-77.21687,8.01604],[-77.21502,8.01971],[-77.22133,8.02624],[-77.22769,8.02228],[-77.23251,8.02531],[-77.22407,8.03347],[-77.22863,8.0438],[-77.22999,8.05434],[-77.22687,8.05641],[-77.22594,8.06453],[-77.22887,8.0665],[-77.21943,8.07328],[-77.21804,8.08896],[-77.23191,8.11427],[-77.2348,8.12815],[-77.23179,8.13368],[-77.22657,8.13297],[-77.22697,8.13676],[-77.25184,8.14995],[-77.25502,8.15616],[-77.25412,8.15998],[-77.2487,8.16226],[-77.24781,8.17484],[-77.25245,8.18909],[-77.26066,8.1937],[-77.25902,8.20427],[-77.26173,8.21196],[-77.26928,8.21168],[-77.2805,8.21725],[-77.27999,8.22735],[-77.29009,8.24416],[-77.28901,8.25031],[-77.28453,8.25183],[-77.29953,8.26852],[-77.29964,8.28145],[-77.30604,8.28332],[-77.31315,8.27048],[-77.31983,8.27409],[-77.33375,8.274],[-77.33239,8.28148],[-77.34967,8.29646],[-77.35534,8.31755],[-77.34961,8.33413],[-77.34959,8.3469],[-77.34621,8.35123],[-77.35129,8.36188],[-77.35839,8.3663],[-77.36163,8.37732],[-77.35548,8.387],[-77.35896,8.40113],[-77.36986,8.40783],[-77.38562,8.43254],[-77.38612,8.44052],[-77.39472,8.45169],[-77.39762,8.46164],[-77.40362,8.46594],[-77.40186,8.47647],[-77.41739,8.47815],[-77.43766,8.47081],[-77.44756,8.47261],[-77.44774,8.49475],[-77.4563,8.5085],[-77.44504,8.5141],[-77.44058,8.52272],[-77.43752,8.53907],[-77.44011,8.55656],[-77.43658,8.56306],[-77.4266,8.55813],[-77.41773,8.56697],[-77.41208,8.56665],[-77.41141,8.57585],[-77.41928,8.5847],[-77.41806,8.58818],[-77.39342,8.58405],[-77.39069,8.5872],[-77.3935,8.59566],[-77.40366,8.60798],[-77.40367,8.61405],[-77.39988,8.61722],[-77.40897,8.63511],[-77.40877,8.64399],[-77.39462,8.65121],[-77.38492,8.64249],[-77.38042,8.64373],[-77.37173,8.63708],[-77.3647,8.64113],[-77.36999,8.66062],[-77.36411,8.66664],[-77.36485,8.67119],[-77.35954,8.67328],[-77.36011,8.6613],[-77.36361,8.66244],[-77.36579,8.65972],[-77.36537,8.65457],[-77.35529,8.65631],[-77.34669,8.64773],[-77.34674,8.63331],[-77.3424,8.62303],[-77.33046,8.61769],[-77.32594,8.61952],[-77.32772,8.61436],[-77.32395,8.61129],[-77.32129,8.59946],[-77.31221,8.59552],[-77.30905,8.5864],[-77.29841,8.58131],[-77.29408,8.57206],[-77.2867,8.57056],[-77.28405,8.56079],[-77.27952,8.55953],[-77.27582,8.5477],[-77.27717,8.53584],[-77.26922,8.52584],[-77.26866,8.51837],[-77.2724,8.51681],[-77.27518,8.50571],[-77.26438,8.49496],[-77.25362,8.49141],[-77.24937,8.47109],[-77.19096,8.43742],[-77.17204,8.4325],[-77.16558,8.43318],[-77.16405,8.43653],[-77.16389,8.43138],[-77.15568,8.42087],[-77.13079,8.41095],[-77.12578,8.39321],[-77.12109,8.38782],[-77.11462,8.38682],[-77.11711,8.36981],[-77.10815,8.36264],[-77.10721,8.35595],[-77.09448,8.34623],[-77.09419,8.33953],[-77.08766,8.32874],[-77.07678,8.32468],[-77.07533,8.32005],[-77.07815,8.31437],[-77.07433,8.30279],[-77.06629,8.29717],[-77.0647,8.29099],[-77.05497,8.28537],[-77.05195,8.27663],[-77.04391,8.27126],[-77.04544,8.26662],[-77.04193,8.2638],[-77.04047,8.25582],[-77.03605,8.25198],[-77.01276,8.25016],[-76.98214,8.25431],[-76.98024,8.23628],[-76.98237,8.22236],[-76.97927,8.22315],[-76.9647,8.18946],[-76.95189,8.17845],[-76.94801,8.17847],[-76.95497,8.14597],[-76.95428,8.11016],[-76.95904,8.10666],[-76.96485,8.13124],[-76.96717,8.12994],[-76.96889,8.1374],[-76.97367,8.13764],[-76.98356,8.12471],[-76.98927,8.10226],[-76.9802,8.09664],[-76.95977,8.09571],[-76.96356,8.0774],[-76.94971,8.07411],[-76.94911,8.08416],[-76.95751,8.08284],[-76.95814,8.07935],[-76.9615,8.08101],[-76.95747,8.10242],[-76.96032,8.10395],[-76.95337,8.11042],[-76.95124,8.09601],[-76.9458,8.095],[-76.9428,8.08935],[-76.93984,8.06437],[-76.96001,8.03851],[-76.9698,8.03318],[-76.99047,8.0305],[-76.99805,8.02055],[-77.00669,7.9901],[-77.00685,7.97052],[-77.002,7.95715],[-77.00896,7.9526],[-77.02084,7.95061],[-77.02302,7.94725],[-77.01444,7.93776],[-77.01442,7.93261],[-77.02375,7.91144],[-77.02791,7.89081],[-77.03701,7.87595],[-77.04988,7.86622],[-77.05783,7.85305],[-77.0795,7.84753],[-77.09593,7.82542],[-77.10306,7.82506],[-77.12321,7.83414],[-77.12901,7.82899],[-77.12429,7.78934],[-77.11548,7.78268],[-77.11506,7.77779],[-77.13754,7.77871],[-77.13547,7.75244],[-77.1423,7.7233],[-77.13433,7.67954],[-77.13592,7.66072],[-77.12325,7.63245],[-77.12564,7.59302],[-77.11046,7.57763],[-77.12852,7.57523],[-77.13854,7.56487],[-77.13814,7.56127],[-77.12505,7.55257],[-77.11383,7.52635],[-77.10985,7.52523],[-77.0901,7.53252],[-77.08571,7.53061],[-77.06888,7.49281],[-77.07074,7.4776],[-77.07744,7.47487],[-77.09502,7.48019],[-77.09848,7.47515],[-77.09752,7.46408],[-77.10159,7.45118],[-77.10648,7.44819],[-77.11603,7.4484],[-77.12143,7.44361],[-77.10804,7.42255],[-77.11377,7.40655],[-77.10928,7.38622],[-77.1162,7.37665],[-77.10633,7.36176],[-77.11024,7.34241],[-77.10594,7.33419],[-77.08512,7.32527],[-77.08932,7.31185],[-77.08625,7.30771],[-77.06438,7.30295],[-77.07137,7.28076],[-77.04997,7.25484],[-77.04825,7.24686],[-77.0535,7.23653],[-77.04008,7.21992],[-77.04485,7.20771],[-77.04367,7.20334],[-77.0332,7.19823],[-77.03892,7.17991],[-77.03581,7.17593],[-77.02755,7.17558],[-77.02509,7.17173],[-77.02255,7.15344],[-77.01867,7.15101],[-77.00682,7.15274],[-77.00175,7.14503],[-76.99335,7.14043],[-76.98266,7.14408],[-76.97277,7.15366],[-76.95988,7.15629],[-76.95378,7.14653],[-76.95797,7.13131],[-76.95689,7.11946],[-76.93808,7.12521],[-76.9342,7.12265],[-76.93254,7.09483],[-76.93482,7.0858],[-76.92755,7.07372],[-76.93191,7.06777],[-76.92816,7.03558],[-76.93459,7.02963],[-76.93915,7.01054],[-76.95512,7.0061],[-76.96136,6.987],[-76.95449,6.97879],[-76.95499,6.97518],[-76.96682,6.96765],[-76.9557,6.95894],[-76.95429,6.96049],[-76.9645,6.96792],[-76.95216,6.97596],[-76.95981,6.98675],[-76.95306,7.00585],[-76.93734,7.009],[-76.93452,7.01391],[-76.93431,7.02551],[-76.92636,7.03533],[-76.92997,7.06701],[-76.91932,7.07916],[-76.91468,7.08047],[-76.91182,7.07456],[-76.91568,7.07274],[-76.9166,7.06612],[-76.90945,7.06349],[-76.90762,7.05679],[-76.88665,7.03755],[-76.89267,7.02696],[-76.88815,7.02569],[-76.88043,7.03088],[-76.86902,7.01521],[-76.85536,7.01681],[-76.84296,7.01363],[-76.85194,6.99981],[-76.85076,6.99492],[-76.84183,6.98645],[-76.83306,6.98829],[-76.82968,6.9798],[-76.83171,6.97206],[-76.82012,6.97597],[-76.82984,6.95506],[-76.82648,6.9534],[-76.81929,6.96142],[-76.81311,6.9626],[-76.80841,6.9487],[-76.8008,6.94667],[-76.7974,6.93483],[-76.7967,6.90435],[-76.78598,6.88205],[-76.78705,6.8908],[-76.79144,6.89414],[-76.79587,6.9052],[-76.79585,6.93381],[-76.79965,6.94951],[-76.80808,6.95111],[-76.81234,6.96415],[-76.81956,6.96322],[-76.82752,6.95559],[-76.81754,6.97598],[-76.82787,6.97775],[-76.8323,6.9901],[-76.8408,6.98775],[-76.84895,6.99467],[-76.84988,7.00214],[-76.84089,7.01119],[-76.84168,7.01428],[-76.85536,7.01848],[-76.86851,7.01675],[-76.87889,7.03166],[-76.89125,7.02736],[-76.88484,7.03756],[-76.90529,7.05577],[-76.90791,7.06427],[-76.91566,7.06707],[-76.91078,7.07301],[-76.91313,7.08099],[-76.91971,7.08045],[-76.92549,7.07579],[-76.93185,7.08555],[-76.92946,7.0987],[-76.93241,7.12523],[-76.94273,7.12673],[-76.95432,7.1214],[-76.95579,7.12504],[-76.95093,7.14319],[-76.952,7.15272],[-76.9568,7.1594],[-76.97356,7.15675],[-76.98743,7.14432],[-76.99517,7.14352],[-77.00657,7.1548],[-77.01998,7.15436],[-77.02498,7.17714],[-77.03556,7.17864],[-77.037,7.18224],[-77.03037,7.19953],[-77.04136,7.20515],[-77.04279,7.20849],[-77.03779,7.21599],[-77.03817,7.22285],[-77.05156,7.23679],[-77.04631,7.24506],[-77.04661,7.25485],[-77.05766,7.27206],[-77.06814,7.27975],[-77.06855,7.28541],[-77.06113,7.2973],[-77.0618,7.30322],[-77.06401,7.3063],[-77.08544,7.30929],[-77.087,7.31212],[-77.08177,7.32503],[-77.08424,7.32914],[-77.09586,7.3314],[-77.10661,7.34011],[-77.1044,7.36331],[-77.11426,7.37512],[-77.10568,7.38804],[-77.11182,7.40475],[-77.10593,7.41509],[-77.10507,7.42334],[-77.11799,7.44435],[-77.10621,7.44549],[-77.09862,7.4499],[-77.095,7.47671],[-77.09114,7.47828],[-77.07751,7.47139],[-77.06764,7.47633],[-77.06631,7.49643],[-77.07988,7.5278],[-77.08546,7.53318],[-77.08934,7.5351],[-77.11126,7.52894],[-77.12534,7.5585],[-77.13646,7.56282],[-77.1285,7.57098],[-77.11871,7.57424],[-77.09182,7.56716],[-77.08664,7.56358],[-77.08519,7.55818],[-77.092,7.5508],[-77.09819,7.54935],[-77.10336,7.5519],[-77.1059,7.56812],[-77.11069,7.57024],[-77.10632,7.56146],[-77.1066,7.55395],[-77.10153,7.54702],[-77.08761,7.55018],[-77.08287,7.55922],[-77.08665,7.56667],[-77.1071,7.5761],[-77.11049,7.58382],[-77.1193,7.58944],[-77.1231,7.60179],[-77.11989,7.63195],[-77.13178,7.6592],[-77.13149,7.68033],[-77.13931,7.71996],[-77.12936,7.745],[-77.13365,7.77435],[-77.12927,7.7772],[-77.11763,7.77353],[-77.1119,7.78001],[-77.11484,7.78552],[-77.1208,7.78755],[-77.1225,7.79295],[-77.12573,7.82852],[-77.12412,7.83146],[-77.12024,7.83097],[-77.10702,7.82214],[-77.09462,7.82259],[-77.07737,7.84583],[-77.05807,7.8497],[-77.03699,7.87208],[-77.03118,7.86417],[-77.02993,7.8537],[-77.03969,7.84309],[-77.04282,7.82091],[-77.04653,7.81445],[-77.06288,7.80278],[-77.06168,7.79557],[-77.05453,7.78556],[-77.06454,7.7734],[-77.06242,7.76233],[-77.05451,7.75619],[-77.03294,7.75475],[-77.03275,7.74341],[-77.05263,7.74126],[-77.05325,7.73584],[-77.0465,7.72763],[-77.05264,7.71874],[-77.05043,7.71241],[-77.0446,7.71024],[-77.03855,7.71247],[-77.02996,7.75386],[-77.01837,7.75971],[-77.01548,7.77647],[-77.02674,7.78247],[-77.04897,7.7843],[-77.05766,7.79302],[-77.05206,7.8085],[-77.02817,7.83696],[-77.0301,7.86194],[-77.03506,7.87377],[-77.02787,7.88231],[-77.01922,7.91069],[-77.01011,7.92297],[-77.00339,7.9221],[-77.00189,7.90613],[-76.99553,7.90037],[-76.98522,7.9066],[-76.96713,7.90681],[-76.96548,7.91146],[-76.97017,7.92071],[-76.96117,7.9308],[-76.97051,7.93823],[-76.95983,7.94756],[-76.95818,7.95375],[-76.96497,7.96789],[-76.95328,7.98211],[-76.94383,8.00586],[-76.92792,8.03248],[-76.91864,8.03729],[-76.91926,8.03149],[-76.92827,8.02371],[-76.93706,7.99662],[-76.92811,7.98893],[-76.93227,7.93996],[-76.92247,7.91656],[-76.86477,7.90084],[-76.856,7.90359],[-76.81232,7.90275],[-76.76299,7.91146],[-76.7501,7.91912],[-76.74484,7.92816],[-76.73819,7.91273],[-76.74035,7.90408],[-76.73701,7.90842],[-76.73925,7.92032],[-76.74906,7.93751],[-76.73949,7.94493],[-76.74601,7.96036],[-76.73429,7.96995],[-76.72672,7.98235],[-76.73117,7.9965],[-76.73571,7.99893],[-76.73691,8.00756],[-76.7413,8.00625],[-76.74044,8.01695],[-76.73917,8.0225],[-76.73541,8.02096],[-76.72731,8.02976],[-76.7369,8.0359],[-76.73096,8.03748],[-76.72733,8.03466],[-76.71908,8.04036],[-76.71542,8.06305],[-76.72417,8.08234],[-76.73532,8.09093],[-76.73672,8.08564],[-76.73278,8.07071],[-76.73547,8.06554],[-76.74348,8.06371],[-76.7394,8.10701],[-76.74072,8.11319],[-76.74577,8.11652],[-76.75002,8.11186],[-76.75562,8.12189],[-76.74764,8.13043],[-76.74252,8.1423],[-76.73885,8.1698],[-76.74857,8.19407],[-76.75034,8.21494],[-76.75463,8.21878],[-76.75391,8.23141],[-76.75903,8.25046],[-76.77187,8.25839],[-76.77423,8.26405],[-76.75582,8.31334],[-76.7533,8.32907],[-76.75401,8.3417],[-76.76078,8.353],[-76.75742,8.38111],[-76.76074,8.40171],[-76.77324,8.41943],[-76.788,8.42026],[-76.79813,8.4559],[-76.81678,8.48803],[-76.84898,8.51055],[-76.89175,8.52348],[-76.90875,8.53216],[-76.91425,8.54656],[-76.92681,8.54753],[-76.92579,8.54998],[-76.91958,8.54963],[-76.93049,8.55898],[-76.89517,8.58608],[-76.88899,8.59435],[-76.88605,8.60107],[-76.88654,8.62142],[-76.84746,8.62367],[-76.77398,8.63458],[-76.68682,8.65649],[-76.65088,8.67031],[-76.63427,8.68983],[-76.633,8.6968],[-76.64044,8.71055],[-76.62829,8.72035],[-76.63043,8.73121],[-76.55749,8.75548],[-76.52311,8.77366],[-76.51346,8.78221],[-76.51157,8.80192],[-76.48715,8.8162],[-76.4736,8.82939],[-76.43584,8.84848],[-76.4206,8.85975],[-76.41378,8.87163],[-76.41721,8.88708],[-76.41139,8.89174],[-76.36532,8.90673],[-76.33324,8.92295],[-76.32705,8.92968],[-76.32178,8.9431],[-76.32274,8.9565],[-76.30178,8.96739],[-76.26366,8.9982],[-76.26065,9.0281],[-76.263,9.03376],[-76.25103,9.05726],[-76.21237,9.08935],[-76.18822,9.11571],[-76.17809,9.15209],[-76.17609,9.17477],[-76.18065,9.17978],[-76.17395,9.19256],[-76.17606,9.20596],[-76.16871,9.21655],[-76.17069,9.22866],[-76.13753,9.24268],[-76.12044,9.2533],[-76.10557,9.26752],[-76.10069,9.28249],[-76.10487,9.2915],[-76.11214,9.29482],[-76.10984,9.30359],[-76.0845,9.33228],[-76.07789,9.33655],[-76.02267,9.35218],[-75.9996,9.36333],[-76.00218,9.35791],[-75.97806,9.36249],[-75.96095,9.37104],[-75.96072,9.38161],[-75.95293,9.3806],[-75.95011,9.3904],[-75.93118,9.39664],[-75.93128,9.40222],[-75.93845,9.40035],[-75.96722,9.38339],[-75.95869,9.39579],[-75.95599,9.40688],[-75.95327,9.40792],[-75.95168,9.39735],[-75.94442,9.40072],[-75.94107,9.40744],[-75.93665,9.40461],[-75.929,9.40901],[-75.93122,9.41339],[-75.94032,9.41749],[-75.95694,9.42157],[-75.96122,9.42078],[-75.96134,9.41666],[-75.9677,9.41587],[-75.96422,9.42529],[-75.9474,9.4435],[-75.92353,9.44757],[-75.92014,9.4428],[-75.92531,9.43377],[-75.92281,9.42296],[-75.90918,9.42298],[-75.91102,9.4311],[-75.89205,9.42264],[-75.90554,9.41913],[-75.90993,9.41241],[-75.90643,9.41242],[-75.90264,9.4029],[-75.89512,9.4033],[-75.88315,9.3947],[-75.88167,9.37253],[-75.87387,9.36482],[-75.86167,9.36382],[-75.86087,9.37224],[-75.8517,9.37312],[-75.85402,9.36848],[-75.85921,9.36847],[-75.85971,9.36022],[-75.86906,9.36303],[-75.87295,9.36],[-75.86773,9.35896],[-75.87528,9.36031],[-75.88101,9.36738],[-75.88839,9.36272],[-75.8863,9.35577],[-75.89149,9.35447],[-75.88952,9.34713],[-75.87549,9.3411],[-75.88691,9.33927],[-75.88663,9.33334],[-75.88404,9.33271],[-75.87859,9.3353],[-75.86586,9.33017],[-75.85497,9.33188],[-75.85214,9.34026],[-75.84642,9.33731],[-75.85267,9.34657],[-75.84566,9.34723],[-75.8296,9.35913],[-75.82259,9.35605],[-75.81846,9.36521],[-75.80212,9.37027],[-75.79306,9.38073],[-75.7902,9.37919],[-75.78348,9.39261],[-75.77415,9.40062],[-75.76119,9.40489],[-75.74641,9.41563],[-75.74603,9.41874],[-75.73267,9.4203],[-75.71993,9.4126],[-75.68878,9.4106],[-75.68799,9.4075],[-75.67812,9.40263],[-75.66334,9.40974],[-75.65271,9.41956],[-75.64415,9.41996],[-75.66021,9.4015],[-75.65618,9.40164],[-75.65436,9.397],[-75.62177,9.39061],[-75.61401,9.4128],[-75.61496,9.43005],[-75.61161,9.44378],[-75.61409,9.45185],[-75.62226,9.44371],[-75.60064,9.48087],[-75.57557,9.55515],[-75.57156,9.55747],[-75.57352,9.56443],[-75.57111,9.60052],[-75.5685,9.58841],[-75.55773,9.59745],[-75.56152,9.61007],[-75.56516,9.61213],[-75.5671,9.60955],[-75.5688,9.61625],[-75.56504,9.616],[-75.56064,9.62606],[-75.56856,9.62578],[-75.5679,9.62012],[-75.57063,9.62166],[-75.57756,9.64639],[-75.58875,9.66107],[-75.59473,9.66247],[-75.59253,9.667],[-75.59866,9.68077],[-75.60489,9.68166],[-75.60933,9.69273],[-75.61739,9.69762],[-75.62231,9.69542],[-75.62986,9.69785],[-75.63845,9.70737],[-75.65924,9.7063],[-75.66626,9.71003],[-75.67353,9.70705],[-75.673,9.70421],[-75.68235,9.70407],[-75.68625,9.70509],[-75.68717,9.7096],[-75.68368,9.7194],[-75.67356,9.72316],[-75.63919,9.753],[-75.63934,9.76124],[-75.64426,9.75376],[-75.64997,9.75129],[-75.64128,9.76072],[-75.63622,9.76125],[-75.64222,9.77386],[-75.63703,9.77517],[-75.63794,9.78032],[-75.62886,9.78987],[-75.62875,9.79632],[-75.62214,9.80458],[-75.61908,9.83784],[-75.61245,9.83888],[-75.61744,9.86387],[-75.62082,9.86567],[-75.61525,9.87625],[-75.61798,9.87689],[-75.60942,9.88502],[-75.59374,9.90954],[-75.58987,9.92681],[-75.5769,9.94204],[-75.57586,9.95184],[-75.55938,9.96063],[-75.5555,9.97069],[-75.55186,9.97225],[-75.55551,9.97765],[-75.55214,9.98075],[-75.55018,9.97921],[-75.54981,9.98823],[-75.56385,9.99027],[-75.56568,9.99658],[-75.57296,9.99489],[-75.58493,9.99771],[-75.58441,10.00132],[-75.55581,10.00008],[-75.54609,10.02226],[-75.55341,10.04132],[-75.54936,10.04081],[-75.54885,10.03682],[-75.54443,10.0385],[-75.54717,10.04649],[-75.54106,10.04624],[-75.54106,10.04908],[-75.52676,10.04884],[-75.51871,10.05375],[-75.51246,10.05131],[-75.49894,10.05275],[-75.49464,10.04992],[-75.49919,10.04618],[-75.49372,10.04503],[-75.4923,10.05097],[-75.49608,10.05559],[-75.4914,10.05611],[-75.48673,10.06282],[-75.48722,10.04555],[-75.47033,10.05382],[-75.44405,10.04522],[-75.46083,10.05719],[-75.46877,10.05447],[-75.47363,10.05682],[-75.47385,10.06026],[-75.49454,10.07028],[-75.50184,10.07993],[-75.50859,10.07954],[-75.5099,10.08418],[-75.52446,10.07617],[-75.52798,10.07797],[-75.52239,10.08261],[-75.5269,10.08394],[-75.52247,10.09321],[-75.52995,10.0924],[-75.5336,10.09652],[-75.5388,10.09496],[-75.54154,10.09831],[-75.52423,10.0955],[-75.51383,10.0968],[-75.51436,10.0999],[-75.5301,10.10374],[-75.53415,10.11417],[-75.54316,10.11006],[-75.55183,10.11169],[-75.55262,10.11582],[-75.54639,10.12163],[-75.53313,10.12461],[-75.52713,10.12249],[-75.52402,10.12914],[-75.52655,10.13278],[-75.52433,10.1486],[-75.53111,10.16289],[-75.52644,10.16896],[-75.5202,10.16745],[-75.5168,10.16137],[-75.5038,10.16203],[-75.49792,10.14455],[-75.48671,10.13371],[-75.48226,10.11902],[-75.48671,10.13577],[-75.49922,10.14967],[-75.51648,10.20789],[-75.5173,10.22851],[-75.51379,10.23213],[-75.51131,10.22981],[-75.51377,10.21808],[-75.50726,10.21706],[-75.50558,10.22286],[-75.51092,10.236],[-75.51574,10.23316],[-75.51783,10.23547],[-75.51784,10.24114],[-75.50522,10.24103],[-75.50444,10.24426],[-75.51407,10.24501],[-75.51356,10.2494],[-75.50939,10.24837],[-75.50796,10.25121],[-75.51487,10.25971],[-75.51565,10.25506],[-75.51773,10.25584],[-75.51763,10.27388],[-75.52339,10.29191],[-75.51909,10.29064],[-75.52014,10.29424],[-75.5165,10.29785],[-75.50271,10.30071],[-75.50298,10.30947],[-75.50846,10.31848],[-75.50717,10.32622],[-75.50952,10.32622],[-75.50823,10.33704],[-75.50381,10.34066],[-75.50904,10.34606],[-75.50839,10.35199],[-75.51138,10.35457],[-75.50803,10.37081],[-75.5096,10.37905],[-75.51898,10.38574],[-75.52445,10.38522],[-75.5255,10.38985],[-75.52809,10.38341],[-75.53253,10.39191],[-75.52369,10.39553],[-75.52344,10.40971],[-75.54196,10.42127],[-75.54559,10.41663],[-75.55107,10.4192],[-75.54584,10.41109],[-75.55389,10.39677],[-75.54503,10.39163],[-75.54763,10.39009],[-75.55805,10.3947],[-75.55909,10.39238],[-75.56457,10.39701],[-75.55157,10.4094],[-75.55394,10.4246],[-75.52143,10.44528],[-75.51155,10.45509],[-75.5075,10.45097],[-75.51048,10.44723],[-75.50775,10.44375],[-75.51139,10.43962],[-75.51008,10.43086],[-75.51449,10.42544],[-75.51591,10.41668],[-75.48883,10.41401],[-75.48127,10.40964],[-75.47711,10.41081],[-75.47204,10.42448],[-75.47375,10.42783],[-75.46869,10.44356],[-75.47118,10.4451],[-75.4725,10.46598],[-75.47537,10.47087],[-75.47514,10.48659],[-75.47801,10.48839],[-75.47971,10.49818],[-75.48193,10.50037],[-75.4887,10.49869],[-75.48767,10.50462],[-75.49184,10.50745],[-75.49783,10.50975],[-75.49965,10.50331],[-75.49496,10.50215],[-75.49652,10.49648],[-75.49024,10.48836],[-75.50042,10.49686],[-75.50174,10.50975],[-75.49499,10.52471],[-75.49228,10.54044],[-75.49542,10.55048],[-75.5001,10.54455],[-75.50728,10.55588],[-75.51484,10.55947],[-75.51382,10.56927],[-75.50237,10.57535],[-75.47997,10.57873],[-75.4594,10.5887],[-75.45164,10.6271],[-75.4269,10.63886],[-75.4191,10.64377],[-75.41546,10.65202],[-75.40426,10.65668],[-75.3958,10.66558],[-75.39491,10.68105],[-75.35688,10.68973],[-75.31284,10.69467],[-75.28131,10.70849],[-75.27467,10.71493],[-75.27468,10.72577],[-75.26987,10.73248],[-75.2687,10.7433],[-75.26688,10.74614],[-75.26466,10.74279],[-75.26219,10.75156],[-75.26129,10.76367],[-75.26598,10.76019],[-75.26428,10.75465],[-75.26767,10.75284],[-75.27108,10.77346],[-75.26172,10.79976],[-75.23681,10.79475],[-75.22013,10.79682],[-75.21336,10.81192],[-75.20763,10.81745],[-75.19199,10.81824],[-75.18026,10.82933],[-75.15393,10.83153],[-75.14247,10.8519],[-75.13334,10.8541],[-75.12944,10.86183],[-75.10362,10.86571],[-75.10023,10.86816],[-75.10023,10.87293],[-75.0859,10.87654],[-75.0812,10.88595],[-75.07033,10.88357],[-75.07336,10.88595],[-75.0473,10.89614],[-75.04312,10.90013],[-75.04078,10.91766],[-75.02618,10.94163],[-75.028,10.94988],[-75.03296,10.95104],[-75.03948,10.94421],[-75.04287,10.94782],[-75.04052,10.95349],[-75.02826,10.95929],[-75.00505,10.98055],[-74.97688,10.98506],[-74.98209,10.97798],[-74.99435,10.97334],[-74.98966,10.97192],[-74.98025,10.97918],[-74.97713,10.97643],[-74.96462,10.9839],[-74.95731,10.9906],[-74.95287,11.00633],[-74.94661,11.00942],[-74.94243,11.01792],[-74.92195,11.02771],[-74.92182,11.04472],[-74.8832,11.04458],[-74.87694,11.04123],[-74.87459,11.04381],[-74.85085,11.02976],[-74.83349,11.03549],[-74.82932,11.0452],[-74.83962,11.05474],[-74.84601,11.06583],[-74.85408,11.10527],[-74.84549,11.06583],[-74.83845,11.05526],[-74.82893,11.0452],[-74.80128,11.02895],[-74.76765,10.99464],[-74.75893,10.9735],[-74.75816,10.9619],[-74.76089,10.96036],[-74.76089,10.96628],[-74.76453,10.96577],[-74.76429,10.9592],[-74.75855,10.95881],[-74.75754,10.95042],[-74.7536,10.9503],[-74.75348,10.95365],[-74.74903,10.95236],[-74.76243,10.99901],[-74.79163,11.03667],[-74.81301,11.04184],[-74.8284,11.05074],[-74.83622,11.06016],[-74.84157,11.07227],[-74.84247,11.0898],[-74.83803,11.09521],[-74.84586,11.09998],[-74.84873,11.10398],[-74.84664,11.10514],[-74.83777,11.0983],[-74.83255,11.09907],[-74.81324,11.08824],[-74.77411,11.0779],[-74.74463,11.06447],[-74.76055,11.06423],[-74.75976,11.06887],[-74.76498,11.06836],[-74.76459,11.07093],[-74.77254,11.07442],[-74.78116,11.07236],[-74.78506,11.07933],[-74.8113,11.07045],[-74.81091,11.0738],[-74.819,11.0751],[-74.81716,11.0836],[-74.82629,11.09032],[-74.83334,11.08851],[-74.8336,11.08232],[-74.83151,11.07858],[-74.82905,11.08026],[-74.82878,11.07639],[-74.83074,11.07241],[-74.83387,11.07304],[-74.8241,11.05757],[-74.8164,11.05396],[-74.82084,11.05035],[-74.80805,11.04918],[-74.79736,11.04235],[-74.7877,11.04737],[-74.77871,11.0279],[-74.77154,11.02918],[-74.77506,11.03331],[-74.76866,11.03164],[-74.75902,11.01538],[-74.75381,11.01396],[-74.75212,11.00468],[-74.755,10.99489],[-74.7353,10.99553],[-74.7319,11.00325],[-74.72982,11.00337],[-74.73269,10.99745],[-74.7233,10.99576],[-74.72186,10.99847],[-74.71147,10.99889],[-74.71861,10.99344],[-74.7353,10.99178],[-74.73739,10.98792],[-74.73401,10.98276],[-74.71105,10.98712],[-74.71144,10.99021],[-74.70531,10.98776],[-74.69174,11.00063],[-74.6805,11.00655],[-74.65677,11.00549],[-74.65101,11.02031],[-74.63327,11.01436],[-74.6291,11.01822],[-74.71986,11.05053],[-74.71959,11.05414],[-74.59624,11.00787],[-74.54304,10.9931],[-74.54591,10.99129],[-74.58372,11.00294],[-74.59077,11.00116],[-74.59493,11.00709],[-74.59755,11.00078],[-74.55009,10.98911],[-74.53939,10.99103],[-74.52974,10.98702],[-74.5287,10.98921],[-74.45178,10.97607],[-74.44734,10.97129],[-74.44108,10.97205],[-74.44107,10.97527],[-74.34769,10.97599],[-74.31377,10.98017],[-74.29366,10.98966],[-74.29092,10.98823],[-74.29525,10.98283],[-74.29915,10.98477],[-74.31142,10.98029],[-74.31038,10.97758],[-74.33438,10.97635],[-74.3644,10.96868],[-74.38995,10.97144],[-74.39022,10.96706],[-74.39441,10.96668],[-74.43926,10.97115],[-74.45621,10.96899],[-74.46247,10.97261],[-74.5274,10.98354],[-74.54513,10.99065],[-74.55036,10.981],[-74.55818,10.98552],[-74.56575,10.97986],[-74.59158,10.98144],[-74.56108,10.96748],[-74.54829,10.96914],[-74.54412,10.96642],[-74.53864,10.97196],[-74.5359,10.97066],[-74.53578,10.96138],[-74.54114,10.95856],[-74.53866,10.95469],[-74.54207,10.94438],[-74.55487,10.94028],[-74.55863,10.94544],[-74.56763,10.94262],[-74.57522,10.9242],[-74.58018,10.92627],[-74.58697,10.91945],[-74.58957,10.92667],[-74.59478,10.92989],[-74.6107,10.92347],[-74.63052,10.92182],[-74.62961,10.91615],[-74.62453,10.91125],[-74.63028,10.9079],[-74.62897,10.89875],[-74.62402,10.89436],[-74.623,10.88418],[-74.61961,10.88392],[-74.62014,10.87772],[-74.61156,10.85891],[-74.61679,10.84603],[-74.61027,10.84743],[-74.60975,10.84486],[-74.61589,10.84292],[-74.61838,10.83134],[-74.61473,10.82772],[-74.62021,10.8218],[-74.62334,10.82258],[-74.62361,10.81536],[-74.6184,10.81161],[-74.62362,10.80505],[-74.62076,10.79847],[-74.62285,10.79603],[-74.61596,10.78365],[-74.61584,10.7772],[-74.61897,10.77721],[-74.61923,10.78597],[-74.62208,10.78572],[-74.62757,10.77516],[-74.63306,10.77155],[-74.63435,10.77555],[-74.6354,10.77026],[-74.64439,10.76822],[-74.64491,10.77157],[-74.6479,10.77028],[-74.64662,10.76254],[-74.64427,10.76035],[-74.63019,10.7633],[-74.6315,10.76008],[-74.62238,10.7589],[-74.62006,10.73866],[-74.61355,10.74112],[-74.61549,10.74498],[-74.60805,10.74936],[-74.59111,10.74573],[-74.58956,10.73928],[-74.58461,10.73966],[-74.58239,10.74597],[-74.57483,10.74132],[-74.56557,10.74324],[-74.56049,10.74749],[-74.55942,10.76373],[-74.55577,10.76217],[-74.55353,10.74603],[-74.55776,10.74053],[-74.56036,10.7413],[-74.56194,10.73654],[-74.55881,10.73358],[-74.56455,10.731],[-74.57262,10.73449],[-74.58332,10.73077],[-74.58163,10.72226],[-74.57773,10.71968],[-74.58021,10.71723],[-74.57344,10.71155],[-74.57917,10.71375],[-74.5797,10.7104],[-74.57684,10.70266],[-74.56927,10.70291],[-74.5659,10.69633],[-74.55157,10.6985],[-74.54115,10.69514],[-74.53671,10.69694],[-74.53672,10.69358],[-74.54637,10.68947],[-74.55666,10.69129],[-74.55601,10.68743],[-74.55158,10.68741],[-74.55028,10.68406],[-74.55524,10.68201],[-74.55356,10.6766],[-74.56099,10.6681],[-74.57245,10.67031],[-74.57819,10.66838],[-74.58368,10.65318],[-74.56961,10.65639],[-74.56466,10.65354],[-74.55526,10.66874],[-74.55335,10.66612],[-74.54718,10.6686],[-74.54093,10.6633],[-74.5395,10.66498],[-74.53781,10.65943],[-74.54719,10.66319],[-74.55266,10.6619],[-74.55267,10.65894],[-74.54407,10.65545],[-74.54356,10.65107],[-74.53782,10.64616],[-74.52611,10.64627],[-74.52871,10.64473],[-74.5222,10.6424],[-74.52168,10.64472],[-74.50839,10.64534],[-74.5076,10.65024],[-74.49952,10.64906],[-74.49092,10.65318],[-74.48504,10.66464],[-74.48178,10.66076],[-74.48376,10.6502],[-74.47998,10.64762],[-74.49509,10.65022],[-74.52194,10.64163],[-74.54148,10.64385],[-74.53888,10.6401],[-74.52729,10.63635],[-74.53552,10.62708],[-74.53554,10.6142],[-74.51912,10.61572],[-74.50845,10.60707],[-74.50298,10.60757],[-74.5019,10.62743],[-74.50529,10.62807],[-74.50437,10.63064],[-74.51128,10.62833],[-74.51832,10.63286],[-74.52484,10.62526],[-74.52927,10.62475],[-74.53161,10.6263],[-74.53043,10.63146],[-74.52508,10.6357],[-74.50684,10.6389],[-74.50213,10.64559],[-74.49249,10.64661],[-74.48416,10.64337],[-74.48755,10.64144],[-74.48522,10.63319],[-74.48195,10.64195],[-74.48026,10.64066],[-74.47477,10.64915],[-74.471,10.64193],[-74.4821,10.62906],[-74.48132,10.62468],[-74.47586,10.62287],[-74.46568,10.63084],[-74.46434,10.653],[-74.47033,10.65456],[-74.47032,10.66049],[-74.46277,10.65867],[-74.46172,10.66292],[-74.45755,10.66021],[-74.45678,10.65234],[-74.45367,10.65221],[-74.45236,10.64667],[-74.44924,10.64731],[-74.44453,10.654],[-74.45105,10.65246],[-74.44765,10.66433],[-74.45179,10.67463],[-74.45414,10.67412],[-74.45181,10.66355],[-74.46145,10.66588],[-74.45988,10.67026],[-74.46392,10.67027],[-74.46274,10.67503],[-74.45857,10.67245],[-74.45544,10.67502],[-74.45674,10.67773],[-74.45165,10.6803],[-74.45151,10.68855],[-74.44111,10.69104],[-74.43191,10.7148],[-74.41104,10.72636],[-74.39997,10.72325],[-74.3933,10.73393],[-74.38027,10.73636],[-74.37217,10.74278],[-74.37189,10.75129],[-74.36614,10.76314],[-74.36718,10.76674],[-74.37332,10.76526],[-74.37238,10.76933],[-74.35987,10.77008],[-74.35747,10.79276],[-74.34364,10.79917],[-74.34076,10.8069],[-74.32822,10.81486],[-74.32808,10.82208],[-74.32167,10.82954],[-74.32466,10.84166],[-74.32242,10.84784],[-74.32697,10.8512],[-74.32526,10.85867],[-74.31482,10.86457],[-74.30544,10.86378],[-74.29837,10.87459],[-74.27047,10.87335],[-74.27121,10.88896],[-74.2639,10.89371],[-74.26389,10.89758],[-74.27119,10.89721],[-74.25552,10.90619],[-74.25863,10.91444],[-74.25511,10.9165],[-74.25286,10.92835],[-74.25663,10.93325],[-74.25008,10.94303],[-74.25529,10.94794],[-74.25384,10.95258],[-74.24771,10.9554],[-74.25538,10.96366],[-74.25014,10.97254],[-74.25405,10.9732],[-74.25768,10.98429],[-74.25168,10.98414],[-74.24657,10.99122],[-74.25997,11.0053],[-74.28662,10.98822],[-74.28999,10.99287],[-74.2652,11.00658],[-74.24558,11.02292],[-74.24241,11.03709],[-74.23065,11.04685],[-74.23037,11.05226],[-74.21375,11.07258],[-74.22138,11.09889],[-74.23334,11.11606],[-74.22634,11.14787],[-74.23072,11.16617],[-74.23631,11.17431],[-74.2405,11.17458],[-74.22921,11.19556],[-74.22801,11.20457],[-74.23985,11.22137],[-74.23226,11.22752],[-74.22416,11.22905],[-74.21787,11.23728],[-74.21445,11.24758],[-74.21704,11.25493],[-74.21026,11.25478],[-74.19104,11.26427],[-74.1922,11.26814],[-74.20447,11.2701],[-74.20616,11.27333],[-74.19556,11.28309],[-74.19528,11.28954],[-74.19057,11.29107],[-74.19289,11.30332],[-74.18611,11.29802],[-74.17303,11.307],[-74.16664,11.30389],[-74.16837,11.29513],[-74.16,11.2982],[-74.15191,11.29547],[-74.14694,11.29867],[-74.16045,11.32373],[-74.15131,11.32472],[-74.1505,11.33065],[-74.14449,11.33192],[-74.14553,11.33502],[-74.13849,11.33036],[-74.14243,11.32496],[-74.13459,11.32417],[-74.1354,11.3154],[-74.12652,11.31616],[-74.12621,11.33303],[-74.11656,11.33029],[-74.11553,11.32281],[-74.1051,11.31814],[-74.10365,11.32484],[-74.11156,11.3411],[-74.10593,11.34572],[-74.10504,11.33928],[-74.09943,11.33823],[-74.0954,11.33023],[-74.0988,11.32869],[-74.09961,11.32199],[-74.09622,11.31876],[-74.08577,11.31963],[-74.08528,11.31525],[-74.079,11.31549],[-74.07677,11.31857],[-74.07999,11.33198],[-74.075,11.34099],[-74.06532,11.34173],[-74.06276,11.32987],[-74.05309,11.32829],[-74.0493,11.33111],[-74.05373,11.33731],[-74.05122,11.34491],[-74.04651,11.34786],[-74.04129,11.34719],[-74.04027,11.34101],[-74.03636,11.33906],[-74.03178,11.34008],[-74.03241,11.3442],[-74.02589,11.34482],[-74.01336,11.34246],[-74.01024,11.33873],[-74.00631,11.34141],[-73.99156,11.33994],[-73.98831,11.33698],[-73.97838,11.33912],[-73.97434,11.33755],[-73.97318,11.33163],[-73.96118,11.32798],[-73.9474,11.31323],[-73.93408,11.31204],[-73.90748,11.30034],[-73.89601,11.29888],[-73.87546,11.28283],[-73.85747,11.27348],[-73.78288,11.25489],[-73.7753,11.25666],[-73.77087,11.26312],[-73.76039,11.26472],[-73.71762,11.25358],[-73.70822,11.2538],[-73.69906,11.26033],[-73.6602,11.25166],[-73.5928,11.26268],[-73.53491,11.25106],[-73.48892,11.25921],[-73.48552,11.2628],[-73.43438,11.25699],[-73.4166,11.26205],[-73.35395,11.26249],[-73.34481,11.26398],[-73.33799,11.26922],[-73.30246,11.2761],[-73.27735,11.28472],[-73.2653,11.29122],[-73.25204,11.30325],[-73.25058,11.30853],[-73.23879,11.31464],[-73.23439,11.30895],[-73.23059,11.31086],[-73.23048,11.30738],[-73.22174,11.30797],[-73.21414,11.32649],[-73.21673,11.32985],[-73.19554,11.34362],[-73.1894,11.36523],[-73.15834,11.38538],[-73.16311,11.3794],[-73.16071,11.36067],[-73.15261,11.36087],[-73.14864,11.36987],[-73.1438,11.37138],[-73.14136,11.36544],[-73.13322,11.37183],[-73.12463,11.36842],[-73.12465,11.36533],[-73.11812,11.36529],[-73.12121,11.37368],[-73.14541,11.38518],[-73.13806,11.39118],[-73.13126,11.39204],[-73.12913,11.39847],[-73.14399,11.4023],[-73.14926,11.39435],[-73.1491,11.39975],[-73.14344,11.40667],[-73.10917,11.41663],[-73.09317,11.42593],[-73.04687,11.4756],[-73.0248,11.494],[-72.99125,11.51245],[-72.96113,11.52305],[-72.93724,11.53976],[-72.88641,11.5609],[-72.8759,11.5692],[-72.8686,11.56682],[-72.86785,11.5627],[-72.86171,11.56265],[-72.86206,11.56832],[-72.85211,11.56928],[-72.84381,11.57978],[-72.84832,11.5878],[-72.84699,11.59178],[-72.85926,11.59226],[-72.86888,11.58177],[-72.87162,11.58204],[-72.86871,11.58666],[-72.84502,11.60992],[-72.83522,11.62736],[-72.80502,11.64645],[-72.77055,11.67722],[-72.72359,11.69901],[-72.68434,11.7059],[-72.65732,11.71804],[-72.64219,11.71496],[-72.62201,11.72136],[-72.59542,11.74509],[-72.58338,11.74653],[-72.56965,11.742],[-72.55858,11.74323],[-72.54938,11.74882],[-72.5507,11.74574],[-72.56303,11.74237],[-72.55389,11.74164],[-72.54128,11.74862],[-72.53903,11.75195],[-72.54303,11.75777],[-72.53248,11.76837],[-72.51385,11.77619],[-72.49819,11.77464],[-72.46758,11.77771],[-72.46108,11.77444],[-72.45529,11.77812],[-72.44352,11.77917],[-72.43929,11.78493],[-72.41336,11.79087],[-72.38017,11.81787],[-72.34318,11.83181],[-72.3392,11.8377],[-72.32583,11.84169],[-72.31739,11.84946],[-72.29851,11.85495],[-72.24771,11.89102],[-72.25278,11.87987],[-72.25125,11.87664],[-72.24419,11.87708],[-72.23574,11.88485],[-72.22814,11.88684],[-72.22131,11.90325],[-72.23515,11.89141],[-72.23803,11.89131],[-72.2402,11.89622],[-72.22435,11.91306],[-72.21263,11.9338],[-72.19966,11.97512],[-72.18387,11.99659],[-72.17749,12.01995],[-72.16123,12.04862],[-72.13896,12.10143],[-72.14139,12.15551],[-72.14698,12.19547],[-72.15394,12.20533],[-72.17463,12.204],[-72.1788,12.20636],[-72.17713,12.21535],[-72.16438,12.22037],[-72.16369,12.22422],[-72.1542,12.23082],[-72.14265,12.23353],[-72.14077,12.23815],[-72.08038,12.23172],[-72.03945,12.24042],[-72.01511,12.24093],[-71.96535,12.25504],[-71.95664,12.24895],[-71.96399,12.22725],[-71.97016,12.21843],[-71.98787,12.20974],[-71.98959,12.2002],[-71.99482,12.19913],[-72.00029,12.18528],[-71.9888,12.17717],[-71.98714,12.17938],[-71.98129,12.17095],[-71.98587,12.14799],[-71.97243,12.15071],[-71.96623,12.14769],[-71.96441,12.15929],[-71.96166,12.15932],[-71.96312,12.14939],[-71.95712,12.15061],[-71.95159,12.14757],[-71.94901,12.15031],[-71.95502,12.14962],[-71.95504,12.15218],[-71.95011,12.15571],[-71.94706,12.15201],[-71.9352,12.15613],[-71.93463,12.1515],[-71.92887,12.15093],[-71.92777,12.15839],[-71.91832,12.16776],[-71.92164,12.1721],[-71.92032,12.18254],[-71.91168,12.18212],[-71.90912,12.18755],[-71.90076,12.18931],[-71.89715,12.1936],[-71.87751,12.19239],[-71.87735,12.18981],[-71.8647,12.19381],[-71.86692,12.20588],[-71.86079,12.20724],[-71.86097,12.21148],[-71.85655,12.215],[-71.8623,12.21366],[-71.85954,12.22527],[-71.86818,12.22519],[-71.86616,12.23215],[-71.86094,12.23349],[-71.86019,12.23672],[-71.86698,12.23524],[-71.87225,12.23878],[-71.86445,12.24388],[-71.85921,12.24342],[-71.85366,12.25004],[-71.85515,12.25492],[-71.86913,12.25271],[-71.87311,12.25386],[-71.87405,12.25987],[-71.88244,12.26158],[-71.88197,12.25386],[-71.88809,12.25111],[-71.89135,12.26201],[-71.87451,12.2663],[-71.87757,12.27039],[-71.88622,12.27159],[-71.88546,12.27443],[-71.90407,12.27667],[-71.89836,12.28072],[-71.89492,12.27741],[-71.89471,12.28179],[-71.90257,12.28261],[-71.90929,12.27482],[-71.94096,12.27422],[-71.94714,12.26579],[-71.95133,12.26574],[-71.95429,12.27279],[-71.94011,12.28079],[-71.92708,12.29754],[-71.89977,12.31405],[-71.85757,12.35723],[-71.8423,12.35043],[-71.82554,12.36207],[-71.82262,12.37111],[-71.80928,12.37073],[-71.80737,12.36483],[-71.82584,12.35382],[-71.83308,12.34525],[-71.83857,12.34417],[-71.83943,12.33927],[-71.83085,12.32005],[-71.81671,12.30758],[-71.80098,12.30542],[-71.7994,12.31754],[-71.79388,12.32789],[-71.76561,12.32856],[-71.75518,12.33241],[-71.73901,12.35188],[-71.7365,12.37482],[-71.74523,12.38271],[-71.74886,12.37959],[-71.76168,12.37791],[-71.7617,12.38049],[-71.75308,12.38225],[-71.73304,12.39442],[-71.72847,12.40863],[-71.7256,12.40917],[-71.72517,12.40609],[-71.73094,12.39316],[-71.71915,12.39327],[-71.71418,12.39564],[-71.71504,12.40117],[-71.71109,12.39979],[-71.7142,12.39667],[-71.71155,12.39361],[-71.73109,12.38286],[-71.72495,12.37159],[-71.71761,12.37102],[-71.71611,12.36601],[-71.70888,12.36325],[-71.70224,12.36692],[-71.70193,12.37426],[-71.69904,12.37339],[-71.69676,12.36852],[-71.70242,12.35843],[-71.69194,12.35853],[-71.68296,12.36325],[-71.68016,12.37126],[-71.68362,12.37702],[-71.69362,12.38117],[-71.68586,12.39104],[-71.67353,12.38896],[-71.66443,12.39588],[-71.65579,12.3966],[-71.65479,12.3997],[-71.62979,12.40214],[-71.62577,12.40655],[-71.6303,12.41463],[-71.6358,12.41444],[-71.66588,12.40977],[-71.66727,12.40512],[-71.6729,12.40455],[-71.67411,12.40762],[-71.66173,12.41354],[-71.65679,12.41719],[-71.65734,12.42041],[-71.64719,12.4263],[-71.65741,12.42556],[-71.65664,12.42878],[-71.6462,12.43094],[-71.64778,12.43337],[-71.65906,12.43443],[-71.6648,12.43192],[-71.6671,12.42699],[-71.67287,12.42695],[-71.66729,12.43215],[-71.66979,12.4338],[-71.68644,12.42179],[-71.69452,12.41862],[-71.70148,12.41971],[-71.68501,12.43622],[-71.68352,12.44384],[-71.70384,12.43256],[-71.70634,12.42121],[-71.71388,12.41547],[-71.73161,12.40782],[-71.73528,12.4083],[-71.7356,12.41293],[-71.72842,12.42871],[-71.72063,12.43548],[-71.69635,12.44281],[-71.68774,12.44663],[-71.68516,12.45103],[-71.66401,12.45793],[-71.64247,12.45158],[-71.62453,12.43951],[-71.61061,12.43644],[-71.60225,12.43832],[-71.57654,12.43496],[-71.57189,12.44132],[-71.55715,12.43463],[-71.54174,12.43966],[-71.5299,12.43437],[-71.52611,12.43582],[-71.47707,12.41722],[-71.46914,12.40879],[-71.461,12.40745],[-71.44985,12.39146],[-71.43769,12.3805],[-71.43349,12.37963],[-71.42753,12.38574],[-71.41517,12.38057],[-71.39854,12.38213],[-71.398,12.37983],[-71.35322,12.36798],[-71.32423,12.34749],[-71.31325,12.35004],[-71.31226,12.35624],[-71.30359,12.35372],[-71.26778,12.33291],[-71.25842,12.32513],[-71.25692,12.31895],[-71.24207,12.31213],[-71.22278,12.29194],[-71.22562,12.28728],[-71.2247,12.27183],[-71.22016,12.26131],[-71.16736,12.17648],[-71.15802,12.1544],[-71.11694,12.09084],[-71.11322,12.05043],[-71.12152,12.02409],[-71.13599,12.00158],[-71.15245,11.99875],[-71.15659,11.99318],[-71.16262,11.99377],[-71.16701,11.98704],[-71.17383,11.98879],[-71.18003,11.97947],[-71.18998,11.98068],[-71.20454,11.96975],[-71.21967,11.96384],[-71.22977,11.95152],[-71.23631,11.95174],[-71.26627,11.92097],[-71.26764,11.91349],[-71.27858,11.90762],[-71.28879,11.90945],[-71.28782,11.91796],[-71.30247,11.91836],[-71.30224,11.92248],[-71.31092,11.92846],[-71.31483,11.9265],[-71.31085,11.92099],[-71.31319,11.9175],[-71.32733,11.92073],[-71.32622,11.9125],[-71.33065,11.91168],[-71.32854,11.90913],[-71.33351,11.90935],[-71.33163,11.90331],[-71.32717,11.90076],[-71.31541,11.90215],[-71.30447,11.90739],[-71.30281,11.91269],[-71.30056,11.90897],[-71.29434,11.91585],[-71.29093,11.91459],[-71.29908,11.90448],[-71.30234,11.88745],[-71.31104,11.88094],[-71.31743,11.86325],[-71.32185,11.86025],[-71.32404,11.84828],[-71.33855,11.85005],[-71.35725,11.83807],[-71.36218,11.84161],[-71.369,11.83273],[-71.38574,11.83089],[-71.38859,11.82388],[-71.38749,11.81583],[-71.37835,11.81218],[-71.48308,11.77913],[-71.61101,11.7463],[-71.80219,11.68005],[-71.97136,11.64627],[-72.246,11.14467],[-72.25281,11.13994],[-72.27565,11.13836],[-72.28933,11.14389],[-72.32386,11.14688],[-72.332,11.14433],[-72.33461,11.14842],[-72.34575,11.15141],[-72.35778,11.1471],[-72.35919,11.14328],[-72.37371,11.13602],[-72.40809,11.12626],[-72.42224,11.12613],[-72.43777,11.11534],[-72.44259,11.12708],[-72.44794,11.12522],[-72.48672,11.09715],[-72.48911,11.08904],[-72.49758,11.08594],[-72.48896,11.07595],[-72.48598,11.06464],[-72.47758,11.06056],[-72.47618,11.05614],[-72.49,11.05071],[-72.50502,11.03789],[-72.50798,11.02389],[-72.51864,11.01683],[-72.5193,11.01243],[-72.52516,11.01182],[-72.52644,11.00905],[-72.52122,11.00488],[-72.51933,10.99829],[-72.53241,10.991],[-72.55317,10.9405],[-72.56652,10.92513],[-72.57263,10.92259],[-72.5742,10.91669],[-72.6039,10.89898],[-72.61179,10.88349],[-72.62242,10.88714],[-72.63789,10.88527],[-72.64833,10.88022],[-72.64974,10.86692],[-72.65462,10.85864],[-72.65854,10.85733],[-72.66358,10.83763],[-72.66016,10.83289],[-72.66901,10.82191],[-72.6772,10.8197],[-72.67425,10.81172],[-72.6824,10.7955],[-72.67925,10.78184],[-72.68243,10.76692],[-72.68013,10.76339],[-72.68952,10.7573],[-72.70467,10.7586],[-72.71044,10.75475],[-72.71462,10.74113],[-72.71751,10.73988],[-72.71454,10.73492],[-72.71962,10.72096],[-72.71699,10.70881],[-72.73192,10.6907],[-72.73901,10.67088],[-72.74032,10.66134],[-72.73775,10.65664],[-72.74064,10.65323],[-72.74986,10.65207],[-72.74929,10.64064],[-72.76174,10.62425],[-72.78431,10.61558],[-72.79038,10.60485],[-72.79077,10.59227],[-72.79461,10.58405],[-72.80494,10.58141],[-72.82045,10.57015],[-72.82515,10.56303],[-72.82636,10.54741],[-72.83704,10.53862],[-72.84247,10.53896],[-72.83476,10.51926],[-72.83633,10.51233],[-72.84414,10.50776],[-72.84245,10.49642],[-72.84641,10.49429],[-72.84451,10.48694],[-72.85377,10.48086],[-72.85446,10.47301],[-72.86098,10.47335],[-72.86223,10.46357],[-72.86785,10.45995],[-72.87884,10.45758],[-72.89103,10.4475],[-72.89847,10.44658],[-72.89711,10.44077],[-72.90058,10.43439],[-72.89475,10.42411],[-72.89515,10.40932],[-72.89772,10.40901],[-72.89962,10.40083],[-72.88759,10.39397],[-72.88577,10.38469],[-72.89431,10.36311],[-72.89913,10.36294],[-72.90654,10.35329],[-72.90791,10.34352],[-72.90482,10.33576],[-72.90626,10.32214],[-72.89639,10.31023],[-72.90587,10.2873],[-72.9037,10.27953],[-72.90787,10.26741],[-72.90089,10.24766],[-72.90188,10.23139],[-72.90485,10.22887],[-72.89709,10.2181],[-72.90001,10.20792],[-72.9102,10.20621],[-72.90796,10.1756],[-72.91709,10.16097],[-72.92211,10.1374],[-72.9117,10.11232],[-72.9216,10.10987],[-72.92612,10.09154],[-72.93548,10.08169],[-72.93908,10.08225],[-72.95042,10.06531],[-72.95461,10.06601],[-72.95503,10.05675],[-72.95912,10.05318],[-72.95457,10.04564],[-72.95242,10.02747],[-72.96268,10.01831],[-72.96114,10.00696],[-72.96729,9.99559],[-72.97582,9.99222],[-72.98321,9.97566],[-72.98506,9.97134],[-72.97981,9.96401],[-72.98024,9.95849],[-72.98863,9.95065],[-72.98812,9.94476],[-72.99888,9.9226],[-72.99206,9.91569],[-72.98485,9.9177],[-72.98345,9.9076],[-72.98816,9.89867],[-72.97713,9.88979],[-72.99154,9.87985],[-72.99219,9.87609],[-72.971,9.86754],[-72.97088,9.85479],[-72.94855,9.84834],[-72.94435,9.84462],[-72.94622,9.83675],[-72.95558,9.82757],[-72.95724,9.82088],[-72.96535,9.81744],[-72.98023,9.79723],[-72.98809,9.79271],[-73.00174,9.76432],[-72.99995,9.76007],[-73.00512,9.74964],[-73.00516,9.7411],[-73.01696,9.73368],[-73.01906,9.72723],[-73.02779,9.71909],[-73.02721,9.71465],[-73.03413,9.70982],[-73.0347,9.70134],[-73.04508,9.69278],[-73.05511,9.678],[-73.06093,9.65767],[-73.0581,9.65025],[-73.07704,9.61887],[-73.07729,9.61069],[-73.06816,9.60673],[-73.08136,9.58597],[-73.08631,9.56698],[-73.08556,9.5561],[-73.10262,9.55649],[-73.11079,9.5532],[-73.12715,9.55519],[-73.13683,9.54983],[-73.14488,9.54276],[-73.1577,9.51894],[-73.1646,9.51671],[-73.16567,9.51145],[-73.17693,9.49981],[-73.17188,9.48603],[-73.17502,9.47737],[-73.19705,9.47589],[-73.20302,9.46952],[-73.20227,9.46379],[-73.19318,9.45661],[-73.18769,9.44635],[-73.20099,9.43656],[-73.20706,9.42299],[-73.22001,9.42513],[-73.22326,9.41687],[-73.2412,9.40237],[-73.24602,9.38066],[-73.25732,9.37609],[-73.26117,9.37034],[-73.26315,9.35897],[-73.25926,9.34488],[-73.26595,9.3262],[-73.27357,9.31916],[-73.27887,9.32373],[-73.2837,9.32162],[-73.29022,9.30703],[-73.2893,9.3014],[-73.2931,9.29803],[-73.29185,9.29118],[-73.29723,9.28387],[-73.29945,9.26589],[-73.30703,9.26259],[-73.31569,9.24994],[-73.31714,9.24203],[-73.33334,9.21311],[-73.34699,9.21728],[-73.3565,9.21571],[-73.35852,9.20504],[-73.36465,9.19891],[-73.36169,9.19188],[-73.36633,9.18478],[-73.36576,9.17166],[-73.35438,9.16757],[-73.34687,9.17318],[-73.34275,9.17137],[-73.34038,9.1738],[-73.3163,9.16776],[-73.30406,9.17138],[-73.28157,9.1622],[-73.26689,9.16453],[-73.25054,9.15836],[-73.23545,9.17308],[-73.22031,9.17915],[-73.20737,9.18107],[-73.19273,9.17455],[-73.17763,9.17678],[-73.16288,9.19183],[-73.15979,9.19132],[-73.15074,9.19929],[-73.15334,9.20976],[-73.13755,9.21482],[-73.13339,9.21908],[-73.13169,9.22804],[-73.12351,9.22679],[-73.11687,9.23144],[-73.11414,9.22876],[-73.10557,9.23113],[-73.09189,9.22538],[-73.08244,9.24035],[-73.07952,9.23885],[-73.07436,9.24482],[-73.07782,9.24729],[-73.07763,9.25347],[-73.07315,9.26336],[-73.07024,9.26442],[-73.06421,9.25919],[-73.06336,9.26298],[-73.0572,9.26259],[-73.05143,9.25831],[-73.04287,9.26452],[-73.04441,9.26849],[-73.04103,9.26987],[-73.0353,9.28287],[-73.02994,9.28418],[-73.02964,9.28094],[-73.02558,9.28148],[-73.02551,9.28576],[-73.01143,9.29129],[-73.00344,9.28642],[-73.00489,9.27404],[-72.99394,9.27129],[-72.99771,9.25924],[-72.99284,9.25465],[-72.98615,9.25485],[-72.9895,9.24448],[-72.98846,9.22895],[-72.99652,9.22709],[-72.99653,9.22098],[-72.98752,9.22359],[-72.98084,9.21665],[-72.97135,9.2133],[-72.96156,9.1839],[-72.95637,9.18127],[-72.96245,9.17291],[-72.96507,9.15666],[-72.97031,9.15616],[-72.98706,9.14234],[-72.97308,9.13616],[-72.95884,9.11159],[-72.94747,9.10523],[-72.95137,9.09764],[-72.94734,9.09186],[-72.93912,9.09077],[-72.93209,9.08304],[-72.92138,9.08836],[-72.92022,9.09365],[-72.89996,9.09743],[-72.89402,9.10382],[-72.88633,9.10402],[-72.88406,9.11026],[-72.88707,9.1137],[-72.88096,9.13317],[-72.86845,9.12933],[-72.84787,9.13061],[-72.83749,9.1235],[-72.82237,9.12187],[-72.82401,9.14043],[-72.81016,9.1333],[-72.80767,9.12896],[-72.81127,9.11925],[-72.80464,9.12225],[-72.79655,9.12117],[-72.79901,9.10825],[-72.79493,9.10274],[-72.78426,9.11546],[-72.77729,9.1145],[-72.77558,9.10336],[-72.76544,9.10539],[-72.76679,9.10107],[-72.775,9.10138],[-72.77504,9.09672],[-72.76611,9.09849],[-72.76314,9.09462],[-72.77351,9.08628],[-72.76345,9.08454],[-72.76103,9.08129],[-72.76322,9.07629],[-72.65477,8.61579],[-72.63782,8.60799],[-72.63541,8.60075],[-72.63402,8.60588],[-72.62917,8.60696],[-72.62577,8.60302],[-72.63278,8.5997],[-72.6313,8.59763],[-72.61691,8.5956],[-72.42844,8.3812],[-72.41942,8.38319],[-72.40858,8.37588],[-72.40873,8.36878],[-72.41592,8.36744],[-72.4159,8.36402],[-72.41307,8.36282],[-72.40661,8.36728],[-72.40351,8.36428],[-72.40663,8.36278],[-72.40369,8.35624],[-72.40026,8.3607],[-72.39147,8.35705],[-72.39354,8.35035],[-72.38781,8.34631],[-72.39506,8.34222],[-72.39243,8.33845],[-72.39519,8.33334],[-72.39155,8.32815],[-72.39549,8.32706],[-72.39255,8.32067],[-72.38175,8.31652],[-72.3802,8.31023],[-72.38634,8.29947],[-72.38899,8.28728],[-72.386,8.27454],[-72.38984,8.25969],[-72.39292,8.25949],[-72.38345,8.24422],[-72.38583,8.243],[-72.38137,8.2341],[-72.38342,8.23169],[-72.37774,8.22364],[-72.3749,8.20497],[-72.36913,8.19893],[-72.37417,8.19584],[-72.37237,8.19391],[-72.36993,8.1962],[-72.36979,8.19113],[-72.3644,8.1909],[-72.36695,8.18498],[-72.36417,8.18468],[-72.35385,8.16532],[-72.35512,8.15455],[-72.36374,8.15102],[-72.36636,8.14288],[-72.35996,8.11929],[-72.36527,8.11906],[-72.37322,8.10707],[-72.37027,8.09361],[-72.35376,8.08773],[-72.35142,8.0834],[-72.34651,8.03748],[-72.3549,8.02698],[-72.3477,8.0196],[-72.34936,8.00505],[-72.36276,8.01092],[-72.36492,8.01728],[-72.37776,8.02633],[-72.38322,8.03437],[-72.41416,8.03441],[-72.41608,8.03212],[-72.41176,8.0217],[-72.41798,8.0144],[-72.41648,8.01127],[-72.4218,8.00811],[-72.41719,8.00001],[-72.41927,7.99531],[-72.42587,7.98884],[-72.43239,7.99197],[-72.43829,7.98991],[-72.44287,7.98302],[-72.4406,7.975],[-72.44551,7.97378],[-72.44659,7.96754],[-72.47354,7.96098],[-72.47412,7.95592],[-72.48655,7.94538],[-72.48806,7.93803],[-72.47862,7.9265],[-72.47507,7.93041],[-72.47309,7.9244],[-72.45821,7.91209],[-72.45692,7.90931],[-72.46078,7.90879],[-72.4562,7.88061],[-72.4471,7.87163],[-72.44869,7.86411],[-72.44385,7.85611],[-72.44896,7.84183],[-72.44838,7.82261],[-72.45486,7.80934],[-72.46788,7.79532],[-72.46808,7.77161],[-72.47397,7.75518],[-72.46954,7.70361],[-72.47447,7.698],[-72.47548,7.68094],[-72.47246,7.66932],[-72.47543,7.65668],[-72.47233,7.65205],[-72.4768,7.64686],[-72.47361,7.64115],[-72.47623,7.63173],[-72.47127,7.6227],[-72.46543,7.59366],[-72.45634,7.58185],[-72.45244,7.5647],[-72.45664,7.54531],[-72.46027,7.53813],[-72.46463,7.53753],[-72.47387,7.52074],[-72.47311,7.49639],[-72.47584,7.48974],[-72.46965,7.48289],[-72.45941,7.4803],[-72.45568,7.47086],[-72.44981,7.46594],[-72.44156,7.44469],[-72.44221,7.42251],[-72.43788,7.41205],[-72.42875,7.40243],[-72.37568,7.39798],[-72.36013,7.39406],[-72.35361,7.39673],[-72.32499,7.37572],[-72.31138,7.3808],[-72.30569,7.38954],[-72.30058,7.39117],[-72.25555,7.37904],[-72.25212,7.37924],[-72.24284,7.3907],[-72.23408,7.38997],[-72.2217,7.39503],[-72.19491,7.38469],[-72.19565,7.38144],[-72.18705,7.37395],[-72.18098,7.35583],[-72.15736,7.33342],[-72.15428,7.32633],[-72.15942,7.32021],[-72.15877,7.31268],[-72.17004,7.29209],[-72.16771,7.27029],[-72.17427,7.25748],[-72.17074,7.25548],[-72.04876,7.04003],[-72.03349,7.04027],[-72.02815,7.03324],[-72.01759,7.03256],[-72.01141,7.0269],[-71.9929,7.0273],[-71.97911,7.02038],[-71.95021,7.02232],[-71.94294,7.01668],[-71.92675,7.02298],[-71.90294,7.01729],[-71.89899,7.02692],[-71.89566,7.02784],[-71.88951,7.02213],[-71.87491,7.01887],[-71.86572,7.02364],[-71.85985,7.02055],[-71.842,7.02895],[-71.82771,7.02819],[-71.82267,7.03076],[-71.82186,7.04305],[-71.82866,7.05209],[-71.81195,7.06671],[-71.78067,7.06115],[-71.76468,7.06558],[-71.7594,7.06992],[-71.74607,7.06506],[-71.74124,7.05834],[-71.72342,7.05532],[-71.71778,7.05089],[-71.71077,7.03456],[-71.70312,7.03249],[-71.67022,7.0397],[-71.66454,7.0331],[-71.65803,7.03225],[-71.63747,7.0574],[-71.62844,7.05711],[-71.61515,7.04298],[-71.60867,7.04065],[-71.60087,7.04218],[-71.58464,7.05247],[-71.58321,7.04296],[-71.59288,7.01607],[-71.58994,7.01274],[-71.57934,7.0164],[-71.56641,7.0322],[-71.54169,7.02911],[-71.52759,7.03779],[-71.51298,7.03272],[-71.50428,7.02178],[-71.4918,7.02767],[-71.48089,7.02786],[-71.47397,7.01137],[-71.47093,7.01069],[-71.45237,7.01312],[-71.44343,7.02317],[-71.43566,7.02645],[-71.42584,7.03989],[-71.41004,7.0356],[-71.39292,7.03685],[-71.38477,7.02958],[-71.38009,7.01774],[-71.37054,7.01543],[-71.35142,7.02027],[-71.33393,7.0159],[-71.29445,7.02841],[-71.28369,7.02427],[-71.26351,7.03253],[-71.25953,7.02081],[-71.24784,7.01781],[-71.2415,7.01246],[-71.22916,7.02737],[-71.21089,7.0192],[-71.20164,7.02529],[-71.18998,7.01929],[-71.17447,7.0255],[-71.14498,7.02914],[-71.14191,7.03352],[-71.13102,7.03345],[-71.12416,7.02619],[-71.12418,7.01457],[-71.11702,7.01064],[-71.11027,7.01286],[-71.10265,7.00758],[-71.10298,7.00423],[-71.1141,6.99965],[-71.11251,6.99097],[-71.07583,6.98108],[-71.04332,6.98247],[-71.02393,6.97429],[-70.99379,6.98446],[-70.98543,6.9994],[-70.9742,7.00399],[-70.96992,7.01741],[-70.96341,7.01913],[-70.94459,7.01413],[-70.92812,7.02281],[-70.91954,7.03006],[-70.92698,7.03331],[-70.93111,7.04003],[-70.92633,7.04758],[-70.91754,7.05324],[-70.91474,7.05277],[-70.91276,7.04454],[-70.90574,7.0408],[-70.89425,7.06018],[-70.88749,7.06488],[-70.87295,7.0631],[-70.86551,7.05619],[-70.85106,7.05645],[-70.85109,7.06588],[-70.84621,7.06974],[-70.84786,7.07193],[-70.85142,7.06914],[-70.85631,7.07049],[-70.85396,7.07799],[-70.84697,7.07473],[-70.8372,7.07925],[-70.82109,7.07093],[-70.81813,7.07893],[-70.79397,7.08492],[-70.77843,7.07683],[-70.77033,7.08851],[-70.76486,7.0905],[-70.76352,7.09628],[-70.75874,7.09763],[-70.75141,7.09241],[-70.73713,7.08869],[-70.71468,7.09466],[-70.70113,7.09219],[-70.68953,7.097],[-70.68357,7.10594],[-70.67658,7.08832],[-70.64542,7.07846],[-70.64107,7.06888],[-70.62389,7.07035],[-70.60773,7.06396],[-70.58534,7.06902],[-70.58555,7.07464],[-70.57434,7.07606],[-70.5692,7.08157],[-70.56322,7.07806],[-70.55696,7.07979],[-70.54413,7.06963],[-70.54173,7.06145],[-70.53493,7.05372],[-70.54072,7.05075],[-70.53842,7.0452],[-70.53369,7.04765],[-70.53209,7.0455],[-70.5378,7.04004],[-70.52886,7.04206],[-70.52542,7.0359],[-70.51085,7.02791],[-70.51391,7.02041],[-70.50851,7.01805],[-70.50876,7.014],[-70.50161,7.00552],[-70.4906,7.00933],[-70.47463,7.00156],[-70.4661,7.00077],[-70.4657,7.00347],[-70.45866,7.00353],[-70.45441,7.01212],[-70.45151,7.01055],[-70.45116,7.00396],[-70.44684,7.00264],[-70.44038,7.0077],[-70.43068,7.00749],[-70.42624,6.99849],[-70.42738,6.99458],[-70.4165,6.98116],[-70.40574,6.98495],[-70.40424,6.98827],[-70.39702,6.98157],[-70.38771,6.98548],[-70.3793,6.98073],[-70.37072,6.98028],[-70.37103,6.97268],[-70.36506,6.96706],[-70.36129,6.96772],[-70.36048,6.95657],[-70.35188,6.95664],[-70.35344,6.95165],[-70.34889,6.95286],[-70.34396,6.94459],[-70.32654,6.94027],[-70.32183,6.93485],[-70.30792,6.93768],[-70.29431,6.9339],[-70.28513,6.94044],[-70.27844,6.93789],[-70.26488,6.94172],[-70.24919,6.95358],[-70.249,6.95902],[-70.23156,6.96482],[-70.22297,6.97506],[-70.21173,6.97466],[-70.2047,6.97835],[-70.20131,6.97603],[-70.19593,6.97917],[-70.19266,6.9765],[-70.18031,6.97936],[-70.1736,6.97651],[-70.14879,6.98445],[-70.14426,6.97842],[-70.13315,6.97509],[-70.11788,6.9794],[-69.42759,6.10748],[-69.41612,6.11346],[-69.40327,6.12587],[-69.37895,6.12617],[-69.35595,6.14434],[-69.34732,6.14317],[-69.33234,6.11138],[-69.31773,6.10287],[-69.30689,6.08709],[-69.29897,6.0666],[-69.28568,6.0576],[-69.25541,6.05632],[-69.24197,6.06263],[-69.22414,6.08617],[-69.21927,6.09911],[-69.21091,6.10567],[-69.20143,6.1285],[-69.18068,6.13923],[-69.1482,6.1414],[-69.14075,6.17397],[-69.13717,6.17891],[-69.11935,6.18802],[-69.09874,6.1882],[-69.08833,6.2107],[-69.07774,6.21457],[-69.06248,6.2134],[-69.04295,6.22399],[-69.03065,6.21942],[-69.01856,6.19805],[-69.01093,6.19429],[-68.96583,6.1928],[-68.94269,6.18203],[-68.92822,6.16976],[-68.91663,6.16895],[-68.90495,6.17241],[-68.88262,6.1693],[-68.86525,6.17928],[-68.85057,6.18304],[-68.81354,6.16937],[-68.79573,6.1698],[-68.78942,6.15746],[-68.77991,6.15002],[-68.76347,6.14804],[-68.73238,6.16175],[-68.6963,6.14513],[-68.68582,6.12826],[-68.67776,6.12577],[-68.66101,6.13538],[-68.63644,6.13772],[-68.60853,6.16262],[-68.58435,6.1668],[-68.57031,6.1663],[-68.54728,6.15028],[-68.5358,6.15017],[-68.52228,6.15957],[-68.51944,6.18211],[-68.5116,6.18502],[-68.49263,6.18317],[-68.46814,6.18902],[-68.43641,6.18406],[-68.41656,6.18517],[-68.38298,6.17486],[-68.36205,6.18304],[-68.33325,6.17989],[-68.31267,6.17018],[-68.30087,6.17184],[-68.2915,6.16064],[-68.27545,6.16025],[-68.25699,6.16738],[-68.24654,6.1868],[-68.2449,6.19967],[-68.24133,6.2025],[-68.20715,6.21074],[-68.18471,6.21118],[-68.15487,6.23425],[-68.13445,6.2301],[-68.10539,6.23267],[-68.08657,6.22494],[-68.06539,6.22852],[-68.06102,6.22566],[-68.05752,6.21324],[-68.04827,6.20169],[-68.03608,6.19396],[-68.02271,6.19407],[-68.00157,6.20729],[-67.98178,6.20782],[-67.97055,6.21909],[-67.9497,6.22951],[-67.91818,6.2388],[-67.90773,6.26439],[-67.89661,6.26676],[-67.88927,6.28505],[-67.85583,6.29058],[-67.83392,6.30805],[-67.83144,6.32104],[-67.81748,6.32817],[-67.80661,6.32743],[-67.78764,6.31258],[-67.76832,6.3062],[-67.75306,6.29483],[-67.73063,6.29235],[-67.72169,6.29717],[-67.71691,6.30493],[-67.69006,6.29334],[-67.67062,6.29543],[-67.64089,6.28643],[-67.61878,6.29327],[-67.6108,6.29238],[-67.59165,6.28363],[-67.57867,6.27179],[-67.56509,6.27495],[-67.55283,6.2624],[-67.53364,6.25831],[-67.5141,6.24198],[-67.49243,6.2328],[-67.47578,6.20466],[-67.45114,6.19604],[-67.44847,6.19122],[-67.47078,6.17917],[-67.49177,6.15705],[-67.49479,6.12694],[-67.48726,6.11117],[-67.47329,6.10346],[-67.46793,6.07924],[-67.46074,6.06494],[-67.42925,6.03845],[-67.42714,6.02376],[-67.40786,6.00878],[-67.40558,6.00044],[-67.40963,5.99256],[-67.43461,5.96867],[-67.45931,5.95551],[-67.48293,5.92152],[-67.52125,5.9057],[-67.53897,5.8934],[-67.56231,5.85991],[-67.58888,5.8449],[-67.59772,5.82767],[-67.60021,5.80711],[-67.61245,5.77475],[-67.61588,5.7546],[-67.62976,5.73777],[-67.63766,5.67546],[-67.63904,5.65474],[-67.6339,5.63803],[-67.63561,5.62598],[-67.62851,5.61434],[-67.6217,5.59065],[-67.62588,5.57841],[-67.61678,5.56231],[-67.60363,5.55289],[-67.60078,5.5429],[-67.60502,5.52877],[-67.62273,5.49773],[-67.62344,5.4796],[-67.63202,5.46595],[-67.6735,5.43304],[-67.70622,5.42133],[-67.71273,5.41626],[-67.7279,5.39492],[-67.75482,5.38511],[-67.77876,5.3678],[-67.80543,5.35612],[-67.8483,5.30642],[-67.8532,5.28186],[-67.8636,5.27232],[-67.85997,5.25717],[-67.84125,5.24408],[-67.84324,5.23066],[-67.83007,5.21184],[-67.82478,5.19846],[-67.82716,5.19137],[-67.83942,5.17752],[-67.84111,5.16796],[-67.85566,5.13781],[-67.85447,5.13143],[-67.83394,5.10081],[-67.83102,5.09044],[-67.82155,5.08317],[-67.82318,5.06251],[-67.81158,5.05885],[-67.80859,5.04871],[-67.80987,5.04119],[-67.82092,5.02577],[-67.82656,4.96712],[-67.84044,4.94046],[-67.83679,4.91141],[-67.83728,4.88131],[-67.83067,4.85889],[-67.82621,4.82307],[-67.82742,4.77727],[-67.82401,4.71979],[-67.82777,4.69798],[-67.84827,4.64372],[-67.84502,4.61626],[-67.84838,4.60108],[-67.84433,4.58862],[-67.84158,4.55902],[-67.85375,4.54303],[-67.85636,4.52726],[-67.85094,4.51421],[-67.84253,4.50542],[-67.81142,4.4886],[-67.79773,4.47569],[-67.79271,4.46034],[-67.79374,4.44322],[-67.79048,4.4377],[-67.77725,4.43196],[-67.77189,4.42252],[-67.77155,4.41467],[-67.78236,4.40317],[-67.78499,4.39614],[-67.78102,4.38495],[-67.7699,4.37196],[-67.76443,4.35973],[-67.763,4.34221],[-67.77115,4.319],[-67.78955,4.28914],[-67.79214,4.26172],[-67.79773,4.24215],[-67.79568,4.22634],[-67.77839,4.19852],[-67.77679,4.17365],[-67.74388,4.1414],[-67.73117,4.11704],[-67.71613,4.05798],[-67.70248,4.03709],[-67.69616,3.98545],[-67.69727,3.97041],[-67.68921,3.95337],[-67.69146,3.93461],[-67.67991,3.91349],[-67.66381,3.89624],[-67.66139,3.88386],[-67.64531,3.8527],[-67.64408,3.83725],[-67.64779,3.81939],[-67.6393,3.80388],[-67.63612,3.78536],[-67.63326,3.78125],[-67.62252,3.77924],[-67.62221,3.77378],[-67.61142,3.75614],[-67.59899,3.75064],[-67.53953,3.75701],[-67.52,3.7758],[-67.50049,3.76597],[-67.4854,3.73903],[-67.48574,3.72352],[-67.47718,3.70176],[-67.4653,3.68311],[-67.45248,3.68211],[-67.44861,3.67813],[-67.45286,3.65477],[-67.44255,3.64407],[-67.43891,3.63183],[-67.44856,3.61012],[-67.44412,3.58531],[-67.43128,3.57487],[-67.43099,3.56332],[-67.41259,3.54019],[-67.40756,3.50171],[-67.40074,3.47877],[-67.39176,3.47023],[-67.36828,3.46623],[-67.3572,3.4579],[-67.3394,3.45092],[-67.3331,3.43854],[-67.33048,3.42444],[-67.31345,3.3946],[-67.31127,3.37524],[-67.32486,3.36401],[-67.33346,3.33538],[-67.34273,3.3245],[-67.35561,3.30991],[-67.36996,3.30462],[-67.37949,3.29549],[-67.38387,3.2683],[-67.38118,3.24842],[-67.43485,3.24847],[-67.86283,2.86487],[-67.86283,2.7894],[-67.84117,2.79072],[-67.83576,2.79544],[-67.82857,2.81913],[-67.82339,2.82639],[-67.81408,2.83157],[-67.7847,2.82618],[-67.74622,2.83806],[-67.73574,2.83495],[-67.7384,2.82271],[-67.73638,2.81778],[-67.66172,2.7974],[-67.65167,2.79691],[-67.64245,2.80741],[-67.63106,2.81212],[-67.61995,2.81417],[-67.61386,2.81139],[-67.58497,2.77651],[-67.58557,2.74523],[-67.56351,2.72528],[-67.5695,2.67093],[-67.56206,2.65549],[-67.55548,2.65354],[-67.53908,2.66841],[-67.5243,2.67336],[-67.49026,2.66306],[-67.48106,2.65342],[-67.47001,2.62171],[-67.46546,2.61883],[-67.45119,2.61918],[-67.42315,2.59126],[-67.42137,2.58601],[-67.41056,2.57921],[-67.39199,2.57383],[-67.38732,2.56453],[-67.3851,2.54529],[-67.37441,2.54033],[-67.36607,2.52921],[-67.35459,2.52972],[-67.34303,2.52283],[-67.33604,2.51076],[-67.33476,2.49487],[-67.32828,2.48501],[-67.3166,2.47666],[-67.31323,2.46303],[-67.30355,2.45706],[-67.29687,2.44141],[-67.27556,2.42962],[-67.25986,2.42868],[-67.24371,2.41147],[-67.22805,2.40309],[-67.21749,2.39332],[-67.2138,2.38187],[-67.18898,2.35096],[-67.18667,2.3413],[-67.19801,2.32139],[-67.21723,2.30614],[-67.2183,2.29394],[-67.21363,2.2824],[-67.22267,2.25248],[-67.2028,2.22268],[-67.19255,2.18001],[-67.16084,2.13184],[-67.15415,2.12657],[-67.14779,2.12633],[-67.12813,2.13698],[-67.11945,2.13676],[-67.11495,2.13372],[-67.10787,2.1175],[-67.09717,2.05587],[-67.10792,2.03098],[-67.11476,2.0225],[-67.11761,2.00329],[-67.12424,1.99666],[-67.12325,1.97721],[-67.11398,1.97444],[-67.10235,1.95551],[-67.09323,1.95257],[-67.07769,1.92873],[-67.06762,1.9238],[-67.04859,1.86351],[-67.03528,1.84279],[-67.03822,1.81533],[-67.03397,1.78758],[-67.01901,1.76917],[-67.01367,1.74136],[-66.99786,1.71543],[-66.98762,1.67526],[-66.97083,1.65598],[-66.96087,1.63536],[-66.96114,1.60353],[-66.96482,1.59743],[-66.96288,1.58822],[-66.95813,1.58359],[-66.94712,1.58076],[-66.94225,1.57487],[-66.9227,1.5369],[-66.91936,1.51732],[-66.90854,1.49086],[-66.91162,1.47426],[-66.91127,1.42275],[-66.90502,1.41269],[-66.87107,1.39457],[-66.85539,1.36774],[-66.85227,1.35313],[-66.85665,1.31828],[-66.87761,1.2985],[-66.88089,1.28628],[-66.87744,1.26764],[-66.85632,1.2433],[-66.85007,1.22253],[-66.8569,1.228],[-67.0892,1.1656],[-67.09345,1.17135],[-67.08608,1.17946],[-67.09095,1.18728],[-67.08572,1.19122],[-67.08221,1.20065],[-67.08706,1.20188],[-67.08698,1.20927],[-67.09096,1.21051],[-67.09319,1.21628],[-67.09092,1.22134],[-67.09846,1.23453],[-67.10089,1.2594],[-67.10826,1.26111],[-67.11174,1.26716],[-67.12375,1.26913],[-67.12178,1.27533],[-67.12433,1.2826],[-67.12758,1.28217],[-67.13792,1.29137],[-67.14457,1.30265],[-67.14519,1.31354],[-67.15618,1.31845],[-67.15601,1.32666],[-67.15149,1.33363],[-67.15368,1.34159],[-67.15073,1.34492],[-67.13998,1.34145],[-67.13602,1.35049],[-67.12453,1.33917],[-67.11636,1.33954],[-67.11339,1.33539],[-67.10848,1.34],[-67.1031,1.34031],[-67.09656,1.35014],[-67.09292,1.34657],[-67.08966,1.34899],[-67.09214,1.35785],[-67.07485,1.37007],[-67.0826,1.37575],[-67.08614,1.37491],[-67.08691,1.38108],[-67.08513,1.38498],[-67.08097,1.385],[-67.08201,1.39114],[-67.07764,1.39671],[-67.08018,1.40992],[-67.08358,1.4103],[-67.08669,1.41637],[-67.07905,1.42451],[-67.08128,1.4271],[-67.08688,1.42536],[-67.08282,1.44332],[-67.0859,1.44523],[-67.08158,1.45283],[-67.07609,1.45442],[-67.07872,1.46348],[-67.07639,1.47224],[-67.0805,1.47405],[-67.08263,1.47159],[-67.08996,1.47656],[-67.08735,1.48113],[-67.09332,1.48339],[-67.09271,1.49582],[-67.10199,1.50622],[-67.09966,1.52687],[-67.10338,1.53107],[-67.10351,1.53981],[-67.09844,1.55185],[-67.10747,1.56888],[-67.10128,1.58131],[-67.11447,1.58491],[-67.11343,1.594],[-67.13055,1.60003],[-67.13554,1.60765],[-67.14299,1.60384],[-67.13231,1.64491],[-67.13766,1.65903],[-67.13395,1.66159],[-67.13839,1.66598],[-67.13763,1.67351],[-67.13053,1.68423],[-67.13326,1.6903],[-67.13077,1.69397],[-67.14209,1.70069],[-67.14256,1.71628],[-67.14702,1.7204],[-67.13839,1.73116],[-67.13879,1.74459],[-67.14614,1.75591],[-67.14317,1.76637],[-67.13936,1.76518],[-67.13592,1.76892],[-67.12961,1.76955],[-67.12803,1.77701],[-67.13759,1.7877],[-67.13834,1.79595],[-67.15317,1.80258],[-67.15488,1.8141],[-67.15248,1.81645],[-67.16307,1.83075],[-67.16592,1.82889],[-67.17335,1.8339],[-67.1712,1.83846],[-67.17838,1.84427],[-67.18215,1.84278],[-67.18936,1.85088],[-67.20316,1.8513],[-67.20003,1.85598],[-67.21084,1.861],[-67.21209,1.86973],[-67.2165,1.87511],[-67.21081,1.8859],[-67.21366,1.88877],[-67.21239,1.89381],[-67.21705,1.89825],[-67.21541,1.90061],[-67.21965,1.91225],[-67.21759,1.91349],[-67.22107,1.91821],[-67.22485,1.91326],[-67.23568,1.91271],[-67.23766,1.91008],[-67.24148,1.91675],[-67.26506,1.91344],[-67.27555,1.92255],[-67.27704,1.9115],[-67.28318,1.91016],[-67.28319,1.90594],[-67.29382,1.90098],[-67.29911,1.90227],[-67.29819,1.90753],[-67.30543,1.90576],[-67.30918,1.91063],[-67.31275,1.92534],[-67.32673,1.94556],[-67.32402,1.9523],[-67.3302,1.96049],[-67.32922,1.96615],[-67.33436,1.9735],[-67.33435,1.97955],[-67.34465,1.97932],[-67.34894,1.98858],[-67.34812,2.00415],[-67.34454,2.00594],[-67.34757,2.01181],[-67.34197,2.02019],[-67.34377,2.02731],[-67.35265,2.02802],[-67.35612,2.03311],[-67.3579,2.0407],[-67.35351,2.04512],[-67.35922,2.05162],[-67.35327,2.05748],[-67.35155,2.06629],[-67.36026,2.07431],[-67.35981,2.07897],[-67.35048,2.08404],[-67.35485,2.08861],[-67.3531,2.09172],[-67.35834,2.09366],[-67.35723,2.09672],[-67.36223,2.10162],[-67.35677,2.10756],[-67.35927,2.11501],[-67.35119,2.11656],[-67.35189,2.12158],[-67.3429,2.12724],[-67.34213,2.13331],[-67.3342,2.13761],[-67.33474,2.14276],[-67.32866,2.14775],[-67.32742,2.15657],[-67.3308,2.15649],[-67.33192,2.16586],[-67.34853,2.17486],[-67.36226,2.17232],[-67.35841,2.18299],[-67.37038,2.19429],[-67.3648,2.20853],[-67.36916,2.2104],[-67.3691,2.21747],[-67.37339,2.2214],[-67.38081,2.22107],[-67.39189,2.22884],[-67.40609,2.22876],[-67.41174,2.22194],[-67.41926,2.22102],[-67.41753,2.21918],[-67.42557,2.20361],[-67.42152,2.19887],[-67.42567,2.19443],[-67.4418,2.1989],[-67.45006,2.16802],[-67.47028,2.16932],[-67.48687,2.15952],[-67.4867,2.16696],[-67.50058,2.16284],[-67.50752,2.16559],[-67.52146,2.15661],[-67.52868,2.15937],[-67.53346,2.15158],[-67.53888,2.15351],[-67.54759,2.14986],[-67.55633,2.15106],[-67.55763,2.15667],[-67.57426,2.16217],[-67.58136,2.15301],[-67.58053,2.14339],[-67.58692,2.12614],[-67.58451,2.11746],[-67.58101,2.11613],[-67.58147,2.10678],[-67.57401,2.10296],[-67.5769,2.09554],[-67.58641,2.08875],[-67.58482,2.08432],[-67.58764,2.07787],[-67.59447,2.07436],[-67.59271,2.06625],[-67.5978,2.0638],[-67.60135,2.04399],[-67.60973,2.03913],[-67.61162,2.04244],[-67.61511,2.04161],[-67.61851,2.03662],[-67.62639,2.03848],[-67.62383,2.03244],[-67.62864,2.03083],[-67.63024,2.02656],[-67.62738,2.02053],[-67.63487,2.01483],[-67.63674,2.00755],[-67.64909,2.00163],[-67.64932,1.99707],[-67.65377,1.99378],[-67.65914,1.99117],[-67.66391,1.99752],[-67.66887,1.99782],[-67.66889,2.00132],[-67.67679,2.00865],[-67.68254,2.00207],[-67.69045,1.99937],[-67.69738,2.0019],[-67.6998,2.00792],[-67.70546,2.01116],[-67.7104,2.00812],[-67.71598,2.01725],[-67.72008,2.01084],[-67.72558,2.0088],[-67.73179,2.01599],[-67.73199,2.02601],[-67.74075,2.02827],[-67.74653,2.03414],[-67.75732,2.02983],[-67.7592,2.03357],[-67.76727,2.03303],[-67.77148,2.03688],[-67.77624,2.03331],[-67.77524,2.03072],[-67.77986,2.0266],[-67.77728,2.01116],[-67.78274,2.00836],[-67.78329,2.00037],[-67.78846,2.00077],[-67.7909,1.9966],[-67.80041,1.99435],[-67.80102,1.98745],[-67.80845,1.9851],[-67.80771,1.97645],[-67.81006,1.97341],[-67.81531,1.97386],[-67.81633,1.96721],[-67.82118,1.96249],[-67.82627,1.96198],[-67.8293,1.94711],[-67.83641,1.93687],[-67.8457,1.93838],[-67.85526,1.93525],[-67.85596,1.92982],[-67.86275,1.92399],[-67.86923,1.92337],[-67.86928,1.91296],[-67.87272,1.90812],[-67.87092,1.9015],[-67.87846,1.90411],[-67.88118,1.89644],[-67.89689,1.89459],[-67.89572,1.88983],[-67.89872,1.88817],[-67.90415,1.89618],[-67.91111,1.89774],[-67.9159,1.89801],[-67.92188,1.89305],[-67.92081,1.88284],[-67.91631,1.88041],[-67.9085,1.86126],[-67.91327,1.85967],[-67.91704,1.86244],[-67.92229,1.85725],[-67.91964,1.83902],[-67.91506,1.83312],[-67.91528,1.82668],[-67.92077,1.82147],[-67.9096,1.81538],[-67.90452,1.80871],[-67.9075,1.80464],[-67.93716,1.81917],[-67.96723,1.8191],[-67.97418,1.81573],[-67.98496,1.81866],[-67.98602,1.8264],[-67.99295,1.82918],[-67.99241,1.83237],[-68,1.83915],[-68.01455,1.83358],[-68.01997,1.81987],[-68.02565,1.81423],[-68.03922,1.81737],[-68.03596,1.82829],[-68.04857,1.84358],[-68.04452,1.84908],[-68.04446,1.85224],[-68.04983,1.85566],[-68.04707,1.865],[-68.05366,1.86667],[-68.05314,1.87365],[-68.06004,1.87683],[-68.06081,1.89304],[-68.07304,1.89211],[-68.08334,1.89798],[-68.09226,1.8967],[-68.09746,1.89994],[-68.10426,1.90973],[-68.10896,1.92862],[-68.12028,1.93887],[-68.12141,1.94687],[-68.1321,1.95295],[-68.12979,1.9608],[-68.13926,1.97073],[-68.14516,1.97321],[-68.16658,1.9635],[-68.17467,1.96854],[-68.1761,1.97111],[-68.1721,1.97759],[-68.17438,1.97978],[-68.1819,1.97759],[-68.18514,1.98168],[-68.18409,1.98748],[-68.18804,1.99061],[-68.19209,2.03764],[-68.19902,2.03866],[-68.20419,1.98463],[-68.20953,1.98051],[-68.21213,1.96684],[-68.22063,1.96183],[-68.22274,1.95419],[-68.24669,1.92191],[-68.24373,1.91458],[-68.24755,1.90934],[-68.24677,1.89955],[-68.25144,1.89519],[-68.25304,1.88029],[-68.26023,1.87526],[-68.26549,1.86604],[-68.26971,1.86645],[-68.27363,1.85236],[-68.28404,1.84726],[-68.28441,1.84417],[-68.27622,1.847],[-68.27326,1.84364],[-68.28484,1.83639],[-68.28481,1.82861],[-68.28095,1.82967],[-68.28021,1.83409],[-68.27665,1.83203],[-68.27429,1.81897],[-68.24648,1.82464],[-68.23693,1.82103],[-68.22645,1.8284],[-68.2326,1.81329],[-68.23845,1.8078],[-68.24468,1.7863],[-68.23907,1.77022],[-68.2307,1.78081],[-68.22573,1.77345],[-68.22027,1.77148],[-68.21176,1.77359],[-68.20541,1.78224],[-68.19267,1.7802],[-68.18592,1.77119],[-68.17798,1.76718],[-68.18369,1.76214],[-68.1843,1.75725],[-68.18868,1.75692],[-68.19267,1.73696],[-68.18594,1.72983],[-68.18209,1.73401],[-68.17755,1.73252],[-68.17123,1.74361],[-68.16676,1.73919],[-68.16343,1.72795],[-69.39259,1.72692],[-69.39219,1.73021],[-69.40619,1.73276],[-69.40723,1.74091],[-69.40997,1.73898],[-69.41634,1.74162],[-69.42121,1.73703],[-69.42691,1.73884],[-69.4287,1.74433],[-69.43371,1.7396],[-69.43675,1.74946],[-69.44056,1.7491],[-69.44101,1.74387],[-69.44581,1.74247],[-69.45539,1.74787],[-69.45605,1.75274],[-69.46506,1.74813],[-69.46402,1.75352],[-69.46718,1.75559],[-69.47012,1.74559],[-69.4744,1.74316],[-69.47649,1.74464],[-69.47437,1.74846],[-69.47863,1.74646],[-69.48239,1.75494],[-69.48738,1.75215],[-69.4962,1.76059],[-69.50073,1.7575],[-69.50439,1.76365],[-69.50628,1.75787],[-69.51234,1.76065],[-69.50955,1.76312],[-69.51383,1.76645],[-69.51343,1.77108],[-69.51742,1.76944],[-69.51771,1.76324],[-69.5197,1.76932],[-69.5274,1.76854],[-69.52729,1.76317],[-69.53242,1.76291],[-69.53468,1.76433],[-69.53073,1.76989],[-69.53392,1.77643],[-69.55913,1.7712],[-69.56246,1.7636],[-69.56926,1.76346],[-69.5675,1.75915],[-69.58826,1.75722],[-69.58939,1.75323],[-69.59738,1.7492],[-69.59728,1.74588],[-69.603,1.74741],[-69.6008,1.74225],[-69.60367,1.73949],[-69.60713,1.74145],[-69.61633,1.73486],[-69.6174,1.7289],[-69.62263,1.73505],[-69.62477,1.73101],[-69.62166,1.72719],[-69.63654,1.72284],[-69.63975,1.73011],[-69.64395,1.72947],[-69.65465,1.71785],[-69.66475,1.72878],[-69.66815,1.7246],[-69.67473,1.72398],[-69.67628,1.72885],[-69.6854,1.73059],[-69.68626,1.72726],[-69.69168,1.72719],[-69.70349,1.73443],[-69.72013,1.73016],[-69.73151,1.7324],[-69.7385,1.73052],[-69.7359,1.72932],[-69.73774,1.72596],[-69.74499,1.72925],[-69.75176,1.72368],[-69.75408,1.71982],[-69.74877,1.71499],[-69.75141,1.71243],[-69.75244,1.71568],[-69.75885,1.71396],[-69.76222,1.71748],[-69.76533,1.71104],[-69.76957,1.71165],[-69.77566,1.70555],[-69.77321,1.70203],[-69.78094,1.70292],[-69.78264,1.69251],[-69.78743,1.69515],[-69.78517,1.69832],[-69.79062,1.69711],[-69.79095,1.70064],[-69.79589,1.69872],[-69.80205,1.7014],[-69.8089,1.69469],[-69.81388,1.69566],[-69.82808,1.70733],[-69.82789,1.71172],[-69.83462,1.70946],[-69.83936,1.71885],[-69.8457,1.71371],[-69.84659,1.07639],[-69.83287,1.08015],[-69.81984,1.06519],[-69.80599,1.06315],[-69.79739,1.07213],[-69.79123,1.08753],[-69.77173,1.10357],[-69.74181,1.11451],[-69.72242,1.10874],[-69.71475,1.11615],[-69.70602,1.11804],[-69.70056,1.11491],[-69.70491,1.09701],[-69.70335,1.07577],[-69.67664,1.07017],[-69.67293,1.07053],[-69.66883,1.08069],[-69.65315,1.08414],[-69.64705,1.08942],[-69.6314,1.08525],[-69.62316,1.09527],[-69.61065,1.09826],[-69.59899,1.09484],[-69.57871,1.07751],[-69.56523,1.0716],[-69.55272,1.07381],[-69.52259,1.07099],[-69.48227,1.07898],[-69.4746,1.07145],[-69.46198,1.07691],[-69.45139,1.07227],[-69.43795,1.07384],[-69.43246,1.06507],[-69.43535,1.06051],[-69.43399,1.048],[-69.41446,1.03927],[-69.40629,1.04436],[-69.40137,1.05737],[-69.38226,1.07227],[-69.37738,1.08596],[-69.37385,1.08696],[-69.37036,1.0799],[-69.36326,1.08436],[-69.35998,1.07794],[-69.34486,1.08386],[-69.3397,1.0798],[-69.33132,1.08176],[-69.31941,1.0881],[-69.3059,1.07502],[-69.30376,1.06254],[-69.28907,1.0613],[-69.28686,1.05281],[-69.24614,1.05709],[-69.24618,1.04803],[-69.24144,1.04062],[-69.2337,1.03752],[-69.22532,1.0269],[-69.2117,1.01781],[-69.20343,1.00358],[-69.19794,1.00027],[-69.19837,0.99678],[-69.21744,0.9802],[-69.2183,0.97361],[-69.20953,0.97218],[-69.20443,0.96216],[-69.17249,0.95083],[-69.16514,0.94138],[-69.16846,0.93525],[-69.18368,0.9366],[-69.18842,0.93325],[-69.19231,0.92245],[-69.18999,0.91475],[-69.18158,0.9022],[-69.16988,0.89597],[-69.15694,0.88238],[-69.15142,0.8795],[-69.14094,0.88317],[-69.13823,0.88128],[-69.13527,0.8688],[-69.13994,0.85112],[-69.14461,0.84677],[-69.15855,0.84959],[-69.167,0.8456],[-69.16578,0.818],[-69.15295,0.80257],[-69.15306,0.79398],[-69.1475,0.7835],[-69.14945,0.7679],[-69.15882,0.75678],[-69.17621,0.75896],[-69.17759,0.75388],[-69.19039,0.74055],[-69.18059,0.71538],[-69.16412,0.7136],[-69.15417,0.70818],[-69.12511,0.6618],[-69.11795,0.65509],[-69.11538,0.64433],[-69.11745,0.63731],[-69.12244,0.63346],[-69.12586,0.63395],[-69.13203,0.64401],[-69.15071,0.64444],[-69.15725,0.6526],[-69.1941,0.65068],[-69.19941,0.63504],[-69.20298,0.63295],[-69.19966,0.61171],[-69.20223,0.60659],[-69.21353,0.61009],[-69.23343,0.60246],[-69.24551,0.60888],[-69.25286,0.60517],[-69.26869,0.60677],[-69.27183,0.6015],[-69.2843,0.60597],[-69.29446,0.60368],[-69.29539,0.6071],[-69.28481,0.6183],[-69.28445,0.624],[-69.29022,0.63651],[-69.28585,0.64964],[-69.29591,0.64961],[-69.31577,0.63408],[-69.31835,0.62686],[-69.32117,0.62715],[-69.32212,0.64067],[-69.32682,0.63708],[-69.3324,0.64323],[-69.33624,0.64308],[-69.33918,0.63155],[-69.35201,0.61411],[-69.35665,0.61628],[-69.37005,0.63562],[-69.4032,0.66346],[-69.406,0.67507],[-69.40968,0.67685],[-69.41479,0.68802],[-69.43146,0.6942],[-69.43636,0.7027],[-69.43288,0.7123],[-69.45362,0.71741],[-69.46301,0.73576],[-69.48097,0.73482],[-69.48693,0.72827],[-69.50303,0.72017],[-69.50546,0.71307],[-69.51438,0.71408],[-69.53232,0.7013],[-69.53072,0.69195],[-69.53491,0.67965],[-69.55674,0.68087],[-69.56203,0.68387],[-69.56848,0.6724],[-69.5803,0.66173],[-69.58458,0.66257],[-69.59699,0.65372],[-69.5979,0.6487],[-69.59189,0.64647],[-69.58717,0.63963],[-69.60571,0.63393],[-69.60452,0.61402],[-69.60785,0.61313],[-69.61976,0.6341],[-69.62499,0.6352],[-69.62909,0.62807],[-69.64893,0.6634],[-69.66314,0.66236],[-69.67033,0.66744],[-69.68711,0.66366],[-69.68661,0.65386],[-69.69056,0.64875],[-69.69552,0.6546],[-69.70351,0.65142],[-69.70954,0.641],[-69.71545,0.64076],[-69.72276,0.61557],[-69.73796,0.60862],[-69.74905,0.61891],[-69.76208,0.608],[-69.76345,0.60319],[-69.78204,0.59569],[-69.79442,0.58012],[-69.80148,0.57839],[-69.80329,0.57171],[-69.80878,0.57582],[-69.81256,0.58535],[-69.81843,0.58595],[-69.82254,0.59105],[-69.83347,0.58975],[-69.83723,0.58454],[-69.85111,0.5873],[-69.85729,0.58359],[-69.85838,0.57801],[-69.86503,0.57861],[-69.86882,0.58286],[-69.88743,0.57706],[-69.89591,0.58587],[-69.90243,0.58079],[-69.91704,0.58987],[-69.91421,0.58091],[-69.91997,0.57031],[-69.92992,0.56384],[-69.92931,0.55961],[-69.93668,0.55286],[-69.94112,0.557],[-69.96078,0.56158],[-69.96341,0.57043],[-69.97836,0.57798],[-69.98854,0.57499],[-69.98542,0.56814],[-69.9951,0.57525],[-70.00018,0.57397],[-69.9922,0.56398],[-69.99579,0.55997],[-69.99536,0.55125],[-70.00617,0.54469],[-70.00855,0.54818],[-70.02027,0.54473],[-70.02041,0.55626],[-70.03274,0.56503],[-70.03852,0.56615],[-70.0465,0.5615],[-70.04774,-0.11274],[-70.04285,-0.12115],[-70.05094,-0.14523],[-70.05534,-0.14678],[-70.06523,-0.1645],[-70.05922,-0.17173],[-70.0533,-0.18924],[-70.03396,-0.19809],[-70.02715,-0.20668],[-70.00863,-0.21612],[-69.99587,-0.22679],[-69.9934,-0.24182],[-69.98216,-0.24583],[-69.97464,-0.26265],[-69.9588,-0.27636],[-69.95032,-0.27944],[-69.95162,-0.28447],[-69.94542,-0.29336],[-69.93553,-0.29407],[-69.93513,-0.30464],[-69.92076,-0.32508],[-69.88969,-0.34181],[-69.88636,-0.3355],[-69.8806,-0.33396],[-69.87383,-0.33909],[-69.8439,-0.33818],[-69.83249,-0.3539],[-69.82871,-0.37355],[-69.81139,-0.37222],[-69.80147,-0.38123],[-69.79213,-0.38325],[-69.79375,-0.38777],[-69.79014,-0.39226],[-69.78004,-0.39528],[-69.77557,-0.3911],[-69.75938,-0.40383],[-69.74809,-0.41871],[-69.7412,-0.42178],[-69.74255,-0.42793],[-69.73635,-0.43713],[-69.73084,-0.4372],[-69.72454,-0.4446],[-69.72242,-0.44174],[-69.71924,-0.44904],[-69.71211,-0.44937],[-69.70854,-0.45367],[-69.70609,-0.44994],[-69.70322,-0.4532],[-69.6993,-0.45066],[-69.69362,-0.45921],[-69.69281,-0.45534],[-69.68166,-0.46427],[-69.66897,-0.46518],[-69.6549,-0.47079],[-69.65233,-0.47597],[-69.64582,-0.47844],[-69.6432,-0.48657],[-69.6403,-0.48652],[-69.64228,-0.49018],[-69.63484,-0.49534],[-69.6273,-0.49358],[-69.62735,-0.49636],[-69.61753,-0.49679],[-69.6143,-0.50057],[-69.6115,-0.49769],[-69.60845,-0.50109],[-69.61109,-0.50268],[-69.60857,-0.51007],[-69.61307,-0.51756],[-69.61392,-0.53332],[-69.60249,-0.54157],[-69.59945,-0.54525],[-69.60306,-0.54713],[-69.59838,-0.54836],[-69.59911,-0.55205],[-69.59443,-0.55081],[-69.59189,-0.55851],[-69.59648,-0.56531],[-69.59505,-0.57935],[-69.60391,-0.5896],[-69.60339,-0.59485],[-69.58856,-0.60198],[-69.59037,-0.60619],[-69.58276,-0.61472],[-69.58633,-0.61743],[-69.58238,-0.61878],[-69.57867,-0.61439],[-69.5729,-0.61814],[-69.57211,-0.62751],[-69.57546,-0.62841],[-69.57309,-0.63209],[-69.56691,-0.63064],[-69.56223,-0.63625],[-69.57316,-0.64657],[-69.57458,-0.65717],[-69.57863,-0.66135],[-69.58145,-0.6603],[-69.58043,-0.66582],[-69.57589,-0.66629],[-69.58022,-0.67174],[-69.58416,-0.67012],[-69.58324,-0.68062],[-69.58813,-0.68148],[-69.59462,-0.69046],[-69.5994,-0.68773],[-69.59876,-0.69182],[-69.59595,-0.69208],[-69.60242,-0.69531],[-69.59826,-0.69916],[-69.60168,-0.70044],[-69.60002,-0.70496],[-69.60831,-0.71026],[-69.60311,-0.71518],[-69.60627,-0.72074],[-69.61,-0.71642],[-69.61585,-0.71772],[-69.60834,-0.72573],[-69.61661,-0.72666],[-69.61829,-0.73106],[-69.62376,-0.72806],[-69.62369,-0.73457],[-69.61627,-0.7364],[-69.62471,-0.74301],[-69.62431,-0.74667],[-69.61799,-0.74242],[-69.61509,-0.74536],[-69.61561,-0.75318],[-69.61915,-0.75499],[-69.61625,-0.75663],[-69.61285,-0.75368],[-69.6105,-0.75603],[-69.61062,-0.76644],[-69.60223,-0.77143],[-69.60242,-0.77574],[-69.59652,-0.77871],[-69.59486,-0.78405],[-69.58611,-0.78099],[-69.58854,-0.7894],[-69.58364,-0.79365],[-69.58331,-0.79955],[-69.57523,-0.80093],[-69.57406,-0.80922],[-69.5695,-0.80865],[-69.56978,-0.80342],[-69.56475,-0.80573],[-69.56472,-0.81012],[-69.55992,-0.81431],[-69.55809,-0.81773],[-69.56208,-0.8259],[-69.56964,-0.83199],[-69.57252,-0.8312],[-69.57323,-0.83807],[-69.56524,-0.84599],[-69.55628,-0.8443],[-69.55635,-0.85005],[-69.54813,-0.85162],[-69.5496,-0.8558],[-69.54568,-0.86101],[-69.53772,-0.8597],[-69.53463,-0.86635],[-69.53413,-0.85823],[-69.53097,-0.86129],[-69.5314,-0.8669],[-69.5255,-0.8688],[-69.52555,-0.87239],[-69.53176,-0.87168],[-69.52992,-0.87957],[-69.52237,-0.88779],[-69.52593,-0.89487],[-69.53088,-0.89549],[-69.52039,-0.89932],[-69.52291,-0.90224],[-69.52935,-0.90003],[-69.53484,-0.90509],[-69.52988,-0.90488],[-69.52664,-0.90866],[-69.52952,-0.91303],[-69.52921,-0.91785],[-69.52429,-0.91971],[-69.52441,-0.92249],[-69.52828,-0.9231],[-69.52698,-0.92579],[-69.51899,-0.92444],[-69.51766,-0.93187],[-69.51524,-0.9323],[-69.51203,-0.92748],[-69.50948,-0.92881],[-69.51058,-0.93304],[-69.50682,-0.93981],[-69.49691,-0.94311],[-69.49522,-0.94742],[-69.49179,-0.94449],[-69.49244,-0.95127],[-69.4855,-0.94784],[-69.48018,-0.95186],[-69.48018,-0.95599],[-69.46216,-0.96707],[-69.46366,-0.97874],[-69.46715,-0.98249],[-69.46478,-0.98689],[-69.45962,-0.98798],[-69.4595,-0.99304],[-69.45375,-0.99062],[-69.44894,-0.99672],[-69.43985,-0.99048],[-69.43639,-0.99244],[-69.43407,-1.00385],[-69.4283,-0.99964],[-69.42587,-1.00257],[-69.42245,-1.00111],[-69.4207,-0.99768],[-69.41803,-1.00043],[-69.42035,-1.00706],[-69.43179,-1.00563],[-69.43008,-1.01098],[-69.41981,-1.01055],[-69.42248,-1.0139],[-69.43329,-1.01401],[-69.43521,-1.01601],[-69.43143,-1.02028],[-69.43806,-1.02285],[-69.43967,-1.0283],[-69.44102,-1.02399],[-69.44491,-1.02381],[-69.44149,-1.03436],[-69.43165,-1.03714],[-69.43404,-1.03978],[-69.43218,-1.0411],[-69.42833,-1.03665],[-69.4288,-1.04303],[-69.42537,-1.04584],[-69.41871,-1.0436],[-69.42523,-1.05985],[-69.43019,-1.06242],[-69.4201,-1.06976],[-69.42409,-1.07208],[-69.43179,-1.06652],[-69.43354,-1.07111],[-69.42056,-1.0822],[-69.39963,-1.11164],[-69.39535,-1.12227],[-69.39624,-1.13717],[-69.41222,-1.15342],[-69.41536,-1.18434],[-69.43023,-1.22109],[-69.42823,-1.24176],[-69.40908,-1.27986],[-69.40798,-1.32773],[-69.39807,-1.3546],[-69.39803,-1.36433],[-69.4221,-1.37799],[-69.43085,-1.39206],[-69.43567,-1.41422],[-69.43347,-1.45485],[-69.45486,-1.48699],[-69.45554,-1.51536],[-69.44991,-1.5286],[-69.93333,-4.21974],[-69.94881,-4.22576]],[[-78.29754,2.33734],[-78.30778,2.33994],[-78.31059,2.34445],[-78.32323,2.35058],[-78.30778,2.33917],[-78.29754,2.33734]],[[-78.20637,2.41235],[-78.20419,2.41455],[-78.20313,2.41847],[-78.20637,2.41235]],[[-77.72284,2.68481],[-77.72334,2.68887],[-77.72702,2.69201],[-77.72284,2.68481]],[[-77.25493,2.80923],[-77.25135,2.81698],[-77.25688,2.82593],[-77.25087,2.83347],[-77.25,2.84623],[-77.25319,2.8381],[-77.25164,2.83475],[-77.25932,2.82907],[-77.25815,2.82134],[-77.25212,2.81672],[-77.25493,2.80923]],[[-76.6875,4.61634],[-76.68932,4.62716],[-76.69652,4.63114],[-76.70782,4.62918],[-76.70553,4.63859],[-76.71441,4.64489],[-76.71082,4.64979],[-76.72448,4.66574],[-76.72191,4.66781],[-76.72435,4.67426],[-76.73234,4.6768],[-76.74317,4.69662],[-76.7496,4.70034],[-76.75987,4.69683],[-76.76063,4.69296],[-76.76833,4.6896],[-76.76472,4.68316],[-76.76458,4.68007],[-76.76779,4.67929],[-76.77268,4.68443],[-76.77399,4.69319],[-76.77733,4.69408],[-76.78476,4.68685],[-76.79427,4.69133],[-76.80022,4.70446],[-76.79298,4.70466],[-76.79971,4.70678],[-76.80059,4.70188],[-76.79556,4.69107],[-76.78322,4.68621],[-76.77758,4.69331],[-76.77437,4.69241],[-76.77139,4.68083],[-76.76624,4.67839],[-76.76356,4.6811],[-76.76756,4.68934],[-76.75448,4.69852],[-76.74497,4.69661],[-76.73208,4.675],[-76.72462,4.67347],[-76.72498,4.66367],[-76.72202,4.65827],[-76.71237,4.65082],[-76.71578,4.64541],[-76.70578,4.63563],[-76.70833,4.62841],[-76.69935,4.63049],[-76.69099,4.62716],[-76.6875,4.61634]]]]}}]}