{"type":"FeatureCollection","features":[{"type":"Feature","properties":{"ISO_A3":"ECU","WB_A3":"ECU","WB_NAME":"Ecuador","WB_REGION":"LCN"},"geometry":{"type":"MultiPolygon","coordinates":[[[[-78.50891,1.18873],[-78.50649,1.19621],[-78.49645,1.19783],[-78.49275,1.19596],[-78.49519,1.19237],[-78.48977,1.18524],[-78.47979,1.19334],[-78.46984,1.18757],[-78.46862,1.1799],[-78.46541,1.18108],[-78.46179,1.17596],[-78.45558,1.17577],[-78.45178,1.1827],[-78.44284,1.18406],[-78.44078,1.19267],[-78.43284,1.18965],[-78.42573,1.17865],[-78.42682,1.17132],[-78.43173,1.17167],[-78.43515,1.15903],[-78.43856,1.15837],[-78.43212,1.14177],[-78.42165,1.13819],[-78.41709,1.13863],[-78.41609,1.14422],[-78.4171,1.14831],[-78.42462,1.1516],[-78.42413,1.15462],[-78.41771,1.16015],[-78.40819,1.16037],[-78.40221,1.15672],[-78.40283,1.15302],[-78.39528,1.15254],[-78.38243,1.1598],[-78.38104,1.17005],[-78.37463,1.17445],[-78.36252,1.17691],[-78.36053,1.17459],[-78.35493,1.18041],[-78.34536,1.18338],[-78.33763,1.17872],[-78.33827,1.18232],[-78.3278,1.18534],[-78.32474,1.1959],[-78.31091,1.19036],[-78.31196,1.18427],[-78.30549,1.17902],[-78.30423,1.17206],[-78.29562,1.17128],[-78.29764,1.16074],[-78.29557,1.15884],[-78.29815,1.15652],[-78.28728,1.12926],[-78.28866,1.12648],[-78.27979,1.11562],[-78.28253,1.11243],[-78.27686,1.10875],[-78.27332,1.11407],[-78.26547,1.11174],[-78.26291,1.10757],[-78.26781,1.10552],[-78.2653,1.10045],[-78.25904,1.09729],[-78.25453,1.09797],[-78.25288,1.10158],[-78.25087,1.09884],[-78.25594,1.09055],[-78.25083,1.08738],[-78.25204,1.07953],[-78.25368,1.0779],[-78.26182,1.08254],[-78.27819,1.07143],[-78.27985,1.06831],[-78.27683,1.06169],[-78.28212,1.05742],[-78.28117,1.05524],[-78.26516,1.04214],[-78.25335,1.03682],[-78.25021,1.02832],[-78.243,1.02929],[-78.2369,1.02419],[-78.23799,1.01868],[-78.23435,1.01539],[-78.20934,1.00491],[-78.20217,0.99696],[-78.2026,0.99185],[-78.1953,0.98487],[-78.19217,0.96936],[-78.19146,0.96038],[-78.19948,0.95146],[-78.19626,0.94479],[-78.15421,0.92408],[-78.14551,0.92629],[-78.13551,0.93599],[-78.12422,0.93637],[-78.11201,0.93217],[-78.10726,0.92788],[-78.10483,0.91115],[-78.08798,0.89658],[-78.07153,0.89723],[-78.06476,0.88953],[-78.05026,0.88764],[-78.04235,0.88043],[-78.02109,0.87461],[-78.0184,0.86993],[-77.99748,0.85726],[-77.99117,0.85089],[-77.9909,0.84455],[-77.98492,0.84361],[-77.97615,0.83318],[-77.96745,0.83068],[-77.96405,0.82395],[-77.94442,0.82201],[-77.93629,0.81637],[-77.9251,0.81613],[-77.9102,0.81081],[-77.88423,0.80875],[-77.8652,0.80118],[-77.83498,0.8041],[-77.819,0.80891],[-77.80735,0.8267],[-77.79433,0.83448],[-77.78367,0.83373],[-77.76437,0.84192],[-77.74786,0.83334],[-77.73673,0.83705],[-77.72078,0.85012],[-77.71501,0.8506],[-77.70453,0.84164],[-77.69658,0.84044],[-77.6933,0.83292],[-77.67969,0.82238],[-77.67312,0.82407],[-77.66987,0.81798],[-77.665,0.81803],[-77.66385,0.81098],[-77.66887,0.8036],[-77.67451,0.80144],[-77.6765,0.79104],[-77.66113,0.79003],[-77.6883,0.76935],[-77.69185,0.75121],[-77.69592,0.74967],[-77.69783,0.7413],[-77.67291,0.73503],[-77.67286,0.72968],[-77.6636,0.72148],[-77.66472,0.70748],[-77.63853,0.70233],[-77.61426,0.6879],[-77.61086,0.68893],[-77.60128,0.67557],[-77.58831,0.6732],[-77.58787,0.66927],[-77.57821,0.66018],[-77.56823,0.65712],[-77.55859,0.64935],[-77.54092,0.64961],[-77.52178,0.65816],[-77.50612,0.65573],[-77.49215,0.66246],[-77.48632,0.65667],[-77.48041,0.65622],[-77.48327,0.65018],[-77.47903,0.6407],[-77.48015,0.60968],[-77.48665,0.60015],[-77.48794,0.58683],[-77.50298,0.57563],[-77.50308,0.56845],[-77.51057,0.56512],[-77.51182,0.55048],[-77.52151,0.53192],[-77.52284,0.52008],[-77.51635,0.49458],[-77.52549,0.47168],[-77.51897,0.45297],[-77.52287,0.44415],[-77.51961,0.43666],[-77.52286,0.43082],[-77.5202,0.4226],[-77.52271,0.4164],[-77.52814,0.41319],[-77.52954,0.40626],[-77.45808,0.42692],[-77.44485,0.42072],[-77.42144,0.42277],[-77.4141,0.41641],[-77.41264,0.40894],[-77.39818,0.40049],[-77.38944,0.38781],[-77.37896,0.38614],[-77.3835,0.39504],[-77.37125,0.40087],[-77.36038,0.3932],[-77.35699,0.3961],[-77.35046,0.39138],[-77.32724,0.38904],[-77.31901,0.37996],[-77.31264,0.38061],[-77.31085,0.3746],[-77.30261,0.36788],[-77.28856,0.3633],[-77.27076,0.36357],[-77.26341,0.37008],[-77.25343,0.36408],[-77.23803,0.36488],[-77.23039,0.3614],[-77.21072,0.36496],[-77.20133,0.36986],[-77.19964,0.37511],[-77.17988,0.39053],[-77.16518,0.38868],[-77.15916,0.38096],[-77.14492,0.37388],[-77.13403,0.37499],[-77.12967,0.37958],[-77.12198,0.38061],[-77.11217,0.36927],[-77.1067,0.35631],[-77.10788,0.34281],[-77.09726,0.33392],[-77.09709,0.32644],[-77.08192,0.31771],[-77.08053,0.31141],[-77.08957,0.3013],[-77.08346,0.29832],[-77.07882,0.28575],[-77.0398,0.28709],[-77.02838,0.27666],[-77.01046,0.29453],[-76.99785,0.28963],[-76.99701,0.28085],[-76.98645,0.26555],[-76.96475,0.27331],[-76.95093,0.2671],[-76.93429,0.27767],[-76.92754,0.26925],[-76.9356,0.26407],[-76.93498,0.2612],[-76.90731,0.24609],[-76.8841,0.24679],[-76.87785,0.2515],[-76.84484,0.23908],[-76.82235,0.25506],[-76.81013,0.25643],[-76.80578,0.26189],[-76.79731,0.26429],[-76.786,0.26263],[-76.77779,0.25539],[-76.77051,0.24268],[-76.75477,0.24891],[-76.75171,0.25312],[-76.753,0.25761],[-76.76467,0.25859],[-76.76714,0.26358],[-76.73941,0.28054],[-76.73351,0.28887],[-76.71403,0.26975],[-76.71071,0.26958],[-76.70223,0.2784],[-76.67863,0.26972],[-76.65641,0.27068],[-76.65383,0.26489],[-76.65648,0.25458],[-76.65122,0.25115],[-76.63817,0.26026],[-76.6249,0.261],[-76.60527,0.23118],[-76.59434,0.22708],[-76.58604,0.21868],[-76.58055,0.22284],[-76.58265,0.22874],[-76.57605,0.2324],[-76.56857,0.24341],[-76.53274,0.25757],[-76.5122,0.24003],[-76.50297,0.23642],[-76.48633,0.24272],[-76.47231,0.2392],[-76.44713,0.23966],[-76.44209,0.24232],[-76.44549,0.25324],[-76.44373,0.25638],[-76.43576,0.25793],[-76.42401,0.25164],[-76.4296,0.24157],[-76.42702,0.23471],[-76.412,0.24163],[-76.412,0.38031],[-76.39552,0.38311],[-76.36916,0.39461],[-76.3614,0.39099],[-76.35485,0.38021],[-76.34715,0.37978],[-76.33537,0.38685],[-76.33124,0.4153],[-76.31522,0.43354],[-76.3125,0.43472],[-76.30632,0.42501],[-76.29893,0.42153],[-76.29412,0.42228],[-76.28416,0.43475],[-76.27789,0.4371],[-76.25949,0.42472],[-76.26157,0.40614],[-76.25458,0.39915],[-76.24815,0.39804],[-76.23748,0.40515],[-76.23117,0.40114],[-76.22857,0.38198],[-76.22479,0.37713],[-76.20833,0.38636],[-76.19524,0.37469],[-76.18642,0.37114],[-76.17692,0.37324],[-76.15827,0.38724],[-76.14947,0.3842],[-76.12576,0.36339],[-76.11945,0.34181],[-76.1197,0.32062],[-76.11345,0.31527],[-76.1017,0.31579],[-76.09567,0.31948],[-76.08791,0.33233],[-76.07482,0.33742],[-76.05277,0.33007],[-76.04778,0.3175],[-76.03854,0.30724],[-76.00487,0.29696],[-75.99719,0.28541],[-75.99519,0.26407],[-75.98499,0.26259],[-75.9823,0.25949],[-75.98576,0.25181],[-75.99316,0.2512],[-76.00314,0.25599],[-76.00596,0.24885],[-75.9744,0.23915],[-75.95769,0.23745],[-75.9573,0.22419],[-75.95147,0.21602],[-75.9527,0.21166],[-75.95861,0.20839],[-75.95639,0.20443],[-75.93121,0.19575],[-75.91219,0.16669],[-75.89841,0.16351],[-75.89326,0.15832],[-75.8923,0.15271],[-75.90472,0.14442],[-75.90465,0.13464],[-75.88706,0.1421],[-75.88136,0.14071],[-75.87741,0.1325],[-75.88059,0.1178],[-75.87496,0.11309],[-75.86858,0.11769],[-75.86577,0.13252],[-75.86281,0.13564],[-75.85635,0.13508],[-75.84994,0.12779],[-75.84123,0.10529],[-75.81596,0.07651],[-75.80702,0.05021],[-75.80108,0.04873],[-75.7928,0.05366],[-75.78435,0.05441],[-75.7754,0.04057],[-75.76043,0.03945],[-75.74223,0.03218],[-75.71319,0.04537],[-75.70623,0.04492],[-75.68922,0.03474],[-75.6815,0.03361],[-75.66924,0.04507],[-75.66058,0.04694],[-75.6475,0.02981],[-75.63921,0.03534],[-75.63638,0.04696],[-75.62852,0.04807],[-75.62236,0.04388],[-75.60774,0.01315],[-75.60181,0.01038],[-75.58922,0.01557],[-75.58054,0.01325],[-75.58146,-0.01994],[-75.57586,-0.02716],[-75.56612,-0.0292],[-75.54726,-0.01849],[-75.5305,-0.01963],[-75.5251,-0.02182],[-75.50532,-0.04883],[-75.49771,-0.05163],[-75.46775,-0.05067],[-75.44648,-0.07742],[-75.43164,-0.08277],[-75.41548,-0.08386],[-75.40759,-0.09276],[-75.39137,-0.10119],[-75.38481,-0.10078],[-75.36926,-0.09058],[-75.36255,-0.08975],[-75.35223,-0.09165],[-75.33217,-0.10732],[-75.29937,-0.10724],[-75.27185,-0.12581],[-75.25782,-0.11634],[-75.25951,-0.12626],[-75.27612,-0.13268],[-75.28463,-0.14085],[-75.28886,-0.1536],[-75.29565,-0.14814],[-75.30512,-0.15644],[-75.31061,-0.1559],[-75.31631,-0.16012],[-75.31947,-0.15724],[-75.3227,-0.15936],[-75.33875,-0.15523],[-75.35327,-0.16356],[-75.35901,-0.15942],[-75.35323,-0.14789],[-75.3646,-0.14597],[-75.36929,-0.16003],[-75.37384,-0.16422],[-75.38383,-0.16882],[-75.39217,-0.16463],[-75.39937,-0.16546],[-75.40615,-0.17004],[-75.41977,-0.16379],[-75.41905,-0.16035],[-75.43312,-0.15281],[-75.44731,-0.15511],[-75.45006,-0.14969],[-75.45445,-0.14921],[-75.46036,-0.15198],[-75.46627,-0.14056],[-75.4846,-0.12954],[-75.4972,-0.13102],[-75.50556,-0.12303],[-75.50638,-0.11714],[-75.50901,-0.11954],[-75.51681,-0.11436],[-75.52481,-0.11836],[-75.53478,-0.11733],[-75.53878,-0.12107],[-75.54091,-0.11566],[-75.54316,-0.11638],[-75.54159,-0.12084],[-75.54917,-0.12339],[-75.55159,-0.12908],[-75.56912,-0.13096],[-75.5727,-0.12434],[-75.58016,-0.12129],[-75.58964,-0.12274],[-75.60156,-0.10945],[-75.60609,-0.10945],[-75.61046,-0.11321],[-75.61051,-0.1929],[-75.59052,-0.19063],[-75.5795,-0.17859],[-75.57053,-0.18468],[-75.54793,-0.17809],[-75.53078,-0.1809],[-75.53123,-0.18414],[-75.52169,-0.19485],[-75.51528,-0.19596],[-75.51111,-0.21165],[-75.49961,-0.21688],[-75.49828,-0.22749],[-75.48276,-0.23637],[-75.47887,-0.26865],[-75.46915,-0.28152],[-75.47371,-0.29524],[-75.46459,-0.29985],[-75.46614,-0.31144],[-75.46273,-0.31401],[-75.46367,-0.31747],[-75.44316,-0.3424],[-75.44244,-0.35233],[-75.43278,-0.36308],[-75.43136,-0.36998],[-75.4262,-0.37074],[-75.42409,-0.38215],[-75.41818,-0.38564],[-75.40846,-0.40008],[-75.40263,-0.40046],[-75.39727,-0.41009],[-75.38839,-0.41661],[-75.38823,-0.43385],[-75.36742,-0.44562],[-75.36353,-0.44364],[-75.35653,-0.44635],[-75.35413,-0.45839],[-75.35011,-0.46211],[-75.34401,-0.46391],[-75.34226,-0.45893],[-75.33748,-0.4607],[-75.33129,-0.45156],[-75.32497,-0.45274],[-75.32516,-0.4567],[-75.32752,-0.45663],[-75.3258,-0.46123],[-75.31602,-0.46378],[-75.31107,-0.47372],[-75.31332,-0.47756],[-75.31088,-0.47779],[-75.31096,-0.48594],[-75.3148,-0.48689],[-75.31268,-0.4946],[-75.3009,-0.49266],[-75.29518,-0.50194],[-75.29647,-0.50449],[-75.28746,-0.50353],[-75.28621,-0.4969],[-75.26999,-0.50212],[-75.26679,-0.50833],[-75.27285,-0.51754],[-75.26806,-0.52476],[-75.26437,-0.52436],[-75.26782,-0.53091],[-75.26211,-0.53338],[-75.26331,-0.52946],[-75.25168,-0.51864],[-75.24715,-0.51819],[-75.24715,-0.52123],[-75.24148,-0.52462],[-75.24406,-0.53288],[-75.2382,-0.53806],[-75.24155,-0.54004],[-75.24167,-0.54472],[-75.23904,-0.54864],[-75.22788,-0.55078],[-75.23028,-0.5539],[-75.22682,-0.55553],[-75.22979,-0.55972],[-75.22807,-0.57488],[-75.23481,-0.58047],[-75.23953,-0.57815],[-75.24049,-0.58062],[-75.2374,-0.58321],[-75.23976,-0.60202],[-75.22697,-0.60476],[-75.22701,-0.60689],[-75.23245,-0.6064],[-75.23306,-0.61458],[-75.22362,-0.62281],[-75.224,-0.62905],[-75.23158,-0.62996],[-75.2342,-0.63343],[-75.23276,-0.64732],[-75.23653,-0.64687],[-75.23786,-0.64298],[-75.24212,-0.64413],[-75.24631,-0.63887],[-75.25054,-0.64264],[-75.24837,-0.64713],[-75.25689,-0.64306],[-75.25853,-0.65555],[-75.26298,-0.65512],[-75.27472,-0.66442],[-75.27173,-0.67546],[-75.25093,-0.6915],[-75.24822,-0.69721],[-75.25117,-0.70406],[-75.26088,-0.70368],[-75.27268,-0.7122],[-75.27801,-0.72986],[-75.26973,-0.7478],[-75.25426,-0.76322],[-75.25636,-0.77121],[-75.2674,-0.77883],[-75.2702,-0.78501],[-75.24503,-0.79605],[-75.24151,-0.801],[-75.24303,-0.81737],[-75.25383,-0.8337],[-75.25307,-0.83741],[-75.24208,-0.85349],[-75.23109,-0.85768],[-75.22295,-0.86715],[-75.22233,-0.90608],[-75.23285,-0.9274],[-75.23175,-0.94006],[-75.21205,-0.95524],[-75.20182,-0.95895],[-75.19249,-0.96823],[-75.19283,-0.97139],[-75.2141,-0.97307],[-75.27306,-0.96951],[-75.27986,-0.97346],[-75.28757,-0.98583],[-75.31037,-0.98597],[-75.36738,-0.93267],[-75.37871,-0.92886],[-75.38683,-0.93187],[-75.55895,-1.55198],[-75.55847,-1.56207],[-75.56509,-1.56345],[-75.56671,-1.55765],[-75.57794,-1.54722],[-75.58529,-1.54973],[-76.04625,-2.12782],[-76.63247,-2.58958],[-77.84472,-2.99909],[-77.83993,-3.00804],[-77.94223,-3.06619],[-77.94815,-3.07433],[-77.94659,-3.08012],[-77.95267,-3.09141],[-77.96256,-3.09616],[-77.96974,-3.11633],[-77.98233,-3.11855],[-77.98671,-3.13404],[-78.00793,-3.15598],[-78.0119,-3.16503],[-78.01204,-3.17856],[-78.02069,-3.18672],[-78.03591,-3.1894],[-78.0427,-3.20723],[-78.05349,-3.20694],[-78.06264,-3.22211],[-78.06181,-3.22531],[-78.0761,-3.22725],[-78.0902,-3.21555],[-78.09302,-3.21899],[-78.08686,-3.23067],[-78.09093,-3.23414],[-78.08905,-3.2394],[-78.09385,-3.24239],[-78.0962,-3.25428],[-78.09998,-3.25649],[-78.0987,-3.26038],[-78.10713,-3.26365],[-78.10638,-3.27401],[-78.1123,-3.28018],[-78.11315,-3.28691],[-78.1228,-3.2937],[-78.13863,-3.31619],[-78.13749,-3.32369],[-78.14105,-3.32812],[-78.15151,-3.32962],[-78.1517,-3.33356],[-78.17072,-3.35064],[-78.1769,-3.35012],[-78.1772,-3.35464],[-78.19582,-3.36108],[-78.19064,-3.37129],[-78.19211,-3.37504],[-78.18612,-3.39482],[-78.17946,-3.39535],[-78.18184,-3.40204],[-78.17851,-3.40963],[-78.17246,-3.41204],[-78.15546,-3.41053],[-78.15151,-3.44194],[-78.1444,-3.46051],[-78.14914,-3.48066],[-78.16226,-3.48118],[-78.16869,-3.49015],[-78.17712,-3.49068],[-78.18365,-3.49912],[-78.19258,-3.50035],[-78.20029,-3.49675],[-78.20504,-3.50415],[-78.2155,-3.50899],[-78.23066,-3.49993],[-78.23199,-3.49656],[-78.22636,-3.49196],[-78.23684,-3.46216],[-78.23698,-3.44493],[-78.24437,-3.43976],[-78.24208,-3.40852],[-78.24587,-3.40759],[-78.24744,-3.4014],[-78.2622,-3.40595],[-78.28223,-3.40061],[-78.28728,-3.39593],[-78.30562,-3.39955],[-78.31037,-3.39565],[-78.31932,-3.39499],[-78.33529,-3.38403],[-78.3467,-3.38232],[-78.34427,-3.39285],[-78.35548,-3.40335],[-78.35033,-3.41684],[-78.34206,-3.42688],[-78.34555,-3.44967],[-78.35821,-3.47154],[-78.35836,-3.47674],[-78.35369,-3.48105],[-78.35539,-3.49478],[-78.36766,-3.51506],[-78.36531,-3.52908],[-78.37058,-3.53335],[-78.37108,-3.54253],[-78.37563,-3.54908],[-78.38806,-3.55441],[-78.39173,-3.55904],[-78.38484,-3.56566],[-78.3949,-3.59028],[-78.39254,-3.60281],[-78.39883,-3.61036],[-78.39582,-3.61868],[-78.39868,-3.62295],[-78.38762,-3.64109],[-78.40224,-3.65134],[-78.39475,-3.65931],[-78.39932,-3.66942],[-78.39369,-3.67703],[-78.39704,-3.68728],[-78.41261,-3.68952],[-78.41629,-3.68607],[-78.42363,-3.69254],[-78.42306,-3.70464],[-78.41814,-3.70741],[-78.41743,-3.71695],[-78.42158,-3.72318],[-78.40866,-3.73478],[-78.40845,-3.74209],[-78.4059,-3.74296],[-78.4175,-3.76675],[-78.408,-3.7732],[-78.40887,-3.78221],[-78.41581,-3.79504],[-78.43712,-3.81598],[-78.43527,-3.81945],[-78.44075,-3.81955],[-78.44802,-3.82652],[-78.45822,-3.82808],[-78.46271,-3.82573],[-78.46449,-3.82822],[-78.45978,-3.8389],[-78.46941,-3.84658],[-78.47725,-3.86038],[-78.47889,-3.88713],[-78.48538,-3.89204],[-78.47675,-3.90484],[-78.4779,-3.9126],[-78.49013,-3.93607],[-78.49496,-3.93327],[-78.52399,-3.93732],[-78.52892,-3.95006],[-78.54269,-3.96511],[-78.54381,-3.97585],[-78.54915,-3.97575],[-78.56618,-3.9932],[-78.56231,-4.00238],[-78.5646,-4.02371],[-78.56966,-4.03829],[-78.56802,-4.04654],[-78.55255,-4.05273],[-78.54725,-4.06346],[-78.5402,-4.06834],[-78.54032,-4.07431],[-78.55173,-4.08701],[-78.55658,-4.08857],[-78.56118,-4.10134],[-78.56717,-4.10223],[-78.58171,-4.13651],[-78.57747,-4.15898],[-78.57137,-4.16666],[-78.57861,-4.17993],[-78.57961,-4.19934],[-78.59783,-4.20855],[-78.60728,-4.22003],[-78.60895,-4.23536],[-78.60635,-4.24698],[-78.60146,-4.25171],[-78.60261,-4.25961],[-78.60532,-4.26412],[-78.61077,-4.26554],[-78.61327,-4.28325],[-78.61729,-4.28577],[-78.61776,-4.29217],[-78.63819,-4.30333],[-78.64353,-4.31304],[-78.64667,-4.31364],[-78.64574,-4.32548],[-78.65191,-4.3322],[-78.65222,-4.33957],[-78.64795,-4.34571],[-78.65205,-4.35218],[-78.64881,-4.35442],[-78.65113,-4.36192],[-78.64539,-4.36477],[-78.64047,-4.37568],[-78.63719,-4.39075],[-78.64064,-4.40088],[-78.63373,-4.41491],[-78.62699,-4.41908],[-78.6222,-4.41421],[-78.60349,-4.41288],[-78.60035,-4.42848],[-78.61279,-4.43774],[-78.62023,-4.43751],[-78.62438,-4.44396],[-78.62372,-4.4504],[-78.63519,-4.4653],[-78.63425,-4.47553],[-78.63894,-4.48499],[-78.63552,-4.49918],[-78.63883,-4.50561],[-78.6476,-4.50809],[-78.64749,-4.51254],[-78.66211,-4.52943],[-78.66343,-4.53768],[-78.66054,-4.54104],[-78.66128,-4.55187],[-78.65703,-4.5649],[-78.66327,-4.57073],[-78.66145,-4.57722],[-78.6529,-4.58338],[-78.66774,-4.59369],[-78.6753,-4.59152],[-78.68043,-4.59448],[-78.68225,-4.59993],[-78.7042,-4.61681],[-78.70774,-4.62549],[-78.7143,-4.62839],[-78.7362,-4.62564],[-78.74799,-4.63185],[-78.76173,-4.62887],[-78.77071,-4.64128],[-78.77472,-4.64207],[-78.78298,-4.63806],[-78.80532,-4.63777],[-78.80984,-4.64254],[-78.81549,-4.64152],[-78.82029,-4.64644],[-78.84126,-4.65346],[-78.85105,-4.66568],[-78.85575,-4.66715],[-78.85699,-4.67245],[-78.86217,-4.67563],[-78.86331,-4.69079],[-78.89107,-4.71945],[-78.88813,-4.75527],[-78.89098,-4.76559],[-78.89454,-4.77147],[-78.90186,-4.77237],[-78.91494,-4.78156],[-78.91175,-4.7917],[-78.90472,-4.79383],[-78.89186,-4.80727],[-78.8957,-4.81116],[-78.8983,-4.83229],[-78.9022,-4.83845],[-78.91147,-4.84276],[-78.91242,-4.85114],[-78.90766,-4.86189],[-78.88951,-4.8729],[-78.89323,-4.89012],[-78.90983,-4.89546],[-78.91565,-4.89144],[-78.92766,-4.89251],[-78.94474,-4.89793],[-78.95498,-4.89327],[-78.97156,-4.8945],[-78.97701,-4.90242],[-78.98645,-4.93491],[-78.9841,-4.94171],[-78.99361,-4.96064],[-78.99133,-4.96491],[-79.00487,-4.98605],[-79.00392,-4.99379],[-79.01202,-5.01141],[-79.01484,-5.01471],[-79.01817,-5.01261],[-79.02737,-5.01496],[-79.03499,-5.01301],[-79.05584,-4.98736],[-79.07106,-4.98998],[-79.07086,-4.97996],[-79.07399,-4.97063],[-79.07688,-4.96978],[-79.09788,-4.97382],[-79.10038,-4.97796],[-79.10813,-4.97598],[-79.10931,-4.97871],[-79.13261,-4.97189],[-79.14259,-4.96448],[-79.16953,-4.96561],[-79.16966,-4.9622],[-79.17761,-4.95982],[-79.20187,-4.96456],[-79.20892,-4.96255],[-79.21455,-4.96704],[-79.22738,-4.96426],[-79.26188,-4.96781],[-79.2689,-4.96372],[-79.29137,-4.93752],[-79.29167,-4.93113],[-79.29955,-4.92147],[-79.30623,-4.89861],[-79.3201,-4.90061],[-79.33137,-4.89129],[-79.33214,-4.88524],[-79.34365,-4.88656],[-79.35209,-4.88048],[-79.36161,-4.8519],[-79.36119,-4.84466],[-79.36857,-4.8344],[-79.37593,-4.83157],[-79.39315,-4.83257],[-79.43261,-4.73444],[-79.44472,-4.72226],[-79.45743,-4.7017],[-79.46474,-4.64918],[-79.47426,-4.63615],[-79.48854,-4.6243],[-79.49345,-4.57773],[-79.48038,-4.57281],[-79.47804,-4.56368],[-79.48342,-4.55439],[-79.48483,-4.53661],[-79.48925,-4.52741],[-79.49572,-4.52418],[-79.49615,-4.52098],[-79.51383,-4.51593],[-79.52693,-4.52941],[-79.53287,-4.52529],[-79.54308,-4.52636],[-79.54991,-4.51398],[-79.55716,-4.51213],[-79.56243,-4.51461],[-79.56434,-4.5075],[-79.56772,-4.50969],[-79.56849,-4.50372],[-79.57628,-4.50306],[-79.58112,-4.4979],[-79.57979,-4.48733],[-79.59305,-4.47393],[-79.59153,-4.469],[-79.59856,-4.46703],[-79.59672,-4.46182],[-79.60142,-4.46037],[-79.60002,-4.45686],[-79.6085,-4.45716],[-79.61046,-4.45129],[-79.61555,-4.45056],[-79.6167,-4.44617],[-79.62653,-4.44021],[-79.64397,-4.43337],[-79.64867,-4.43618],[-79.65374,-4.43478],[-79.67347,-4.44734],[-79.68237,-4.44793],[-79.68854,-4.4535],[-79.68877,-4.45752],[-79.70073,-4.46382],[-79.70843,-4.47202],[-79.72473,-4.46933],[-79.74522,-4.47953],[-79.74525,-4.48249],[-79.75546,-4.48221],[-79.76288,-4.48759],[-79.79247,-4.49387],[-79.79707,-4.49253],[-79.79776,-4.48919],[-79.81177,-4.49135],[-79.83298,-4.47098],[-79.83536,-4.47187],[-79.85288,-4.45225],[-79.8543,-4.43463],[-79.87003,-4.41435],[-79.8834,-4.41172],[-79.89122,-4.40237],[-79.90044,-4.39985],[-79.91775,-4.38649],[-79.92845,-4.39417],[-79.94766,-4.39739],[-79.95677,-4.39283],[-79.96382,-4.39344],[-79.97705,-4.37981],[-79.99245,-4.38032],[-80.00853,-4.36925],[-80.01398,-4.35766],[-80.02998,-4.34862],[-80.0351,-4.34878],[-80.04036,-4.33621],[-80.05482,-4.32768],[-80.0547,-4.32177],[-80.05933,-4.31813],[-80.06138,-4.31075],[-80.09227,-4.30082],[-80.10376,-4.29148],[-80.10846,-4.29346],[-80.10909,-4.29883],[-80.11717,-4.29495],[-80.13567,-4.29666],[-80.13899,-4.29318],[-80.13414,-4.28778],[-80.13781,-4.28548],[-80.14263,-4.28652],[-80.15534,-4.30397],[-80.16681,-4.30008],[-80.16576,-4.28999],[-80.17502,-4.29202],[-80.18029,-4.30072],[-80.18235,-4.31463],[-80.18618,-4.31723],[-80.18665,-4.33601],[-80.20402,-4.3357],[-80.20682,-4.34061],[-80.1971,-4.34466],[-80.19524,-4.35047],[-80.21138,-4.35142],[-80.20999,-4.35787],[-80.21284,-4.35892],[-80.21578,-4.35394],[-80.21956,-4.35416],[-80.21737,-4.36548],[-80.22397,-4.37042],[-80.22044,-4.37714],[-80.22697,-4.37851],[-80.22764,-4.37375],[-80.23297,-4.37342],[-80.2369,-4.38762],[-80.2485,-4.39052],[-80.24854,-4.40085],[-80.25903,-4.40241],[-80.26188,-4.41088],[-80.28072,-4.40563],[-80.28695,-4.41118],[-80.28615,-4.41653],[-80.29614,-4.42301],[-80.29704,-4.42568],[-80.28983,-4.43422],[-80.29314,-4.43792],[-80.30388,-4.44204],[-80.31327,-4.45294],[-80.32298,-4.45379],[-80.32706,-4.46328],[-80.35678,-4.47358],[-80.36192,-4.48009],[-80.38252,-4.47865],[-80.38834,-4.48641],[-80.39226,-4.4851],[-80.402,-4.46998],[-80.4175,-4.45927],[-80.41974,-4.46692],[-80.42556,-4.46308],[-80.42428,-4.46015],[-80.44004,-4.45576],[-80.44442,-4.44582],[-80.44859,-4.446],[-80.44532,-4.43869],[-80.45007,-4.43726],[-80.44901,-4.43255],[-80.45246,-4.4305],[-80.44907,-4.42012],[-80.45421,-4.40781],[-80.44739,-4.40344],[-80.45203,-4.39899],[-80.45051,-4.39312],[-80.45361,-4.3825],[-80.44503,-4.37058],[-80.44587,-4.36784],[-80.43548,-4.36193],[-80.43281,-4.35237],[-80.42942,-4.35124],[-80.43083,-4.34489],[-80.42383,-4.33009],[-80.4201,-4.32909],[-80.40523,-4.30892],[-80.39115,-4.29887],[-80.39152,-4.29556],[-80.38778,-4.29595],[-80.38562,-4.29143],[-80.37901,-4.29038],[-80.36715,-4.28177],[-80.36806,-4.26995],[-80.35346,-4.25914],[-80.35325,-4.25277],[-80.30636,-4.20017],[-80.31269,-4.19802],[-80.32969,-4.21453],[-80.34001,-4.20856],[-80.34717,-4.21226],[-80.34677,-4.21696],[-80.3512,-4.21971],[-80.36523,-4.20608],[-80.36788,-4.19685],[-80.38306,-4.2074],[-80.38783,-4.20203],[-80.40905,-4.21742],[-80.41463,-4.21378],[-80.41921,-4.20225],[-80.43165,-4.19558],[-80.43931,-4.19831],[-80.44911,-4.20895],[-80.44972,-4.12505],[-80.4472,-4.12126],[-80.46787,-4.12863],[-80.46341,-4.11998],[-80.46471,-4.11459],[-80.47657,-4.10279],[-80.48548,-4.08164],[-80.47504,-4.0811],[-80.47166,-4.07332],[-80.47695,-4.06667],[-80.47569,-4.05847],[-80.48264,-4.05548],[-80.46911,-4.04329],[-80.46767,-4.034],[-80.45976,-4.03698],[-80.45059,-4.03011],[-80.45615,-4.01635],[-80.44614,-4.01661],[-80.44782,-4.00882],[-80.44202,-4.00635],[-80.44688,-3.99716],[-80.43024,-3.9895],[-80.42452,-3.99637],[-80.42024,-3.99061],[-80.4083,-3.98923],[-80.4024,-3.98213],[-80.39809,-3.98118],[-80.39027,-3.98878],[-80.37747,-3.98974],[-80.36598,-3.98162],[-80.35087,-3.99533],[-80.34243,-3.99576],[-80.33898,-3.99226],[-80.32921,-4.00055],[-80.32413,-4.01101],[-80.30712,-4.01263],[-80.30026,-4.01707],[-80.28983,-4.01132],[-80.2852,-4.01257],[-80.27263,-4.00805],[-80.26093,-3.9972],[-80.24815,-3.97084],[-80.23695,-3.96285],[-80.24104,-3.95709],[-80.23578,-3.94923],[-80.23234,-3.94925],[-80.22937,-3.95449],[-80.2205,-3.9514],[-80.21793,-3.95693],[-80.18863,-3.93736],[-80.18546,-3.92788],[-80.1652,-3.92254],[-80.15845,-3.91285],[-80.13983,-3.91246],[-80.13892,-3.90727],[-80.127,-3.89454],[-80.12796,-3.88875],[-80.13165,-3.88974],[-80.14309,-3.88398],[-80.15945,-3.86872],[-80.15644,-3.86361],[-80.15834,-3.8589],[-80.15413,-3.8571],[-80.15294,-3.84951],[-80.15912,-3.84363],[-80.15803,-3.83512],[-80.1629,-3.82758],[-80.16033,-3.82397],[-80.16087,-3.8031],[-80.17345,-3.79085],[-80.17664,-3.79216],[-80.18566,-3.77505],[-80.19291,-3.77443],[-80.18895,-3.76331],[-80.19265,-3.75454],[-80.18898,-3.75244],[-80.19229,-3.74895],[-80.18755,-3.74778],[-80.18442,-3.75194],[-80.18408,-3.74788],[-80.1889,-3.74392],[-80.18068,-3.73941],[-80.1853,-3.71591],[-80.19417,-3.70847],[-80.19982,-3.68737],[-80.1912,-3.67528],[-80.19399,-3.6695],[-80.18704,-3.66137],[-80.18897,-3.65952],[-80.18559,-3.64798],[-80.18762,-3.63049],[-80.19893,-3.62123],[-80.18955,-3.60796],[-80.19105,-3.59751],[-80.19993,-3.59227],[-80.20903,-3.594],[-80.21414,-3.58862],[-80.21832,-3.57314],[-80.21199,-3.56858],[-80.21228,-3.56193],[-80.2055,-3.5514],[-80.21138,-3.53911],[-80.2067,-3.53458],[-80.21609,-3.52434],[-80.21142,-3.52008],[-80.21796,-3.51115],[-80.21501,-3.50272],[-80.21825,-3.49939],[-80.2293,-3.50195],[-80.2332,-3.48924],[-80.24548,-3.48489],[-80.24466,-3.47834],[-80.23994,-3.47747],[-80.23989,-3.47042],[-80.24313,-3.46664],[-80.23178,-3.45146],[-80.22318,-3.44798],[-80.22062,-3.44204],[-80.20352,-3.44168],[-80.20394,-3.44551],[-80.19932,-3.44899],[-80.19265,-3.44267],[-80.18496,-3.44305],[-80.18906,-3.45053],[-80.18649,-3.45194],[-80.16802,-3.4469],[-80.16418,-3.43375],[-80.16153,-3.43409],[-80.16174,-3.43813],[-80.15648,-3.4407],[-80.15622,-3.44689],[-80.13544,-3.44661],[-80.13146,-3.45099],[-80.12683,-3.46156],[-80.12938,-3.47625],[-80.11667,-3.48552],[-80.11513,-3.4948],[-80.10923,-3.49377],[-80.11437,-3.47985],[-80.12669,-3.47032],[-80.12269,-3.46138],[-80.12441,-3.44531],[-80.12147,-3.43706],[-80.1139,-3.43731],[-80.11082,-3.43318],[-80.09133,-3.42788],[-80.08735,-3.42749],[-80.08697,-3.43032],[-80.07696,-3.42877],[-80.07928,-3.42207],[-80.06979,-3.42128],[-80.06157,-3.42849],[-80.06029,-3.42424],[-80.05721,-3.4254],[-80.05798,-3.43133],[-80.05438,-3.43235],[-80.05144,-3.42874],[-80.05824,-3.41818],[-80.05491,-3.41947],[-80.05234,-3.42668],[-80.04643,-3.42874],[-80.05019,-3.43458],[-80.04335,-3.43647],[-80.04001,-3.44123],[-80.03629,-3.4393],[-80.03668,-3.43479],[-80.04066,-3.43311],[-80.04143,-3.42615],[-80.04516,-3.42358],[-80.04388,-3.42023],[-80.04977,-3.42242],[-80.05209,-3.41431],[-80.039,-3.41868],[-80.0376,-3.41507],[-80.04286,-3.41017],[-80.0439,-3.40012],[-80.03902,-3.40102],[-80.04171,-3.40373],[-80.03696,-3.40991],[-80.03414,-3.40733],[-80.02824,-3.41003],[-80.03323,-3.41604],[-80.02156,-3.42227],[-80.02361,-3.41814],[-80.02002,-3.41453],[-80.01206,-3.42561],[-80.00667,-3.42805],[-80.00449,-3.42637],[-80.00886,-3.42174],[-80.00617,-3.41774],[-80.00823,-3.41233],[-80.0122,-3.41143],[-80.01157,-3.40679],[-80.00772,-3.40627],[-79.99899,-3.41348],[-80.00396,-3.40664],[-80.00028,-3.40162],[-79.9949,-3.39904],[-79.99451,-3.40239],[-79.98592,-3.40058],[-79.9849,-3.39774],[-79.99593,-3.39595],[-79.99363,-3.39053],[-79.98978,-3.39053],[-79.98979,-3.38215],[-79.99119,-3.38795],[-79.99414,-3.38821],[-79.99877,-3.37893],[-80.00364,-3.37868],[-80.00827,-3.37134],[-80.0134,-3.37199],[-80.0134,-3.36683],[-80.00275,-3.37223],[-79.99108,-3.36964],[-79.98593,-3.38588],[-79.98106,-3.38639],[-79.97053,-3.39643],[-79.97465,-3.38587],[-79.98119,-3.38356],[-79.96901,-3.37658],[-79.96798,-3.38045],[-79.96555,-3.37503],[-79.98711,-3.36139],[-79.98596,-3.35804],[-79.9952,-3.35869],[-79.99648,-3.36179],[-80.00161,-3.36037],[-80.01574,-3.34221],[-80.02099,-3.34338],[-80.01676,-3.34041],[-80.01215,-3.34157],[-80.016,-3.33461],[-80.00933,-3.33267],[-80.00676,-3.33847],[-80.00829,-3.34517],[-80.00226,-3.34697],[-80.00213,-3.352],[-79.99598,-3.35083],[-79.99392,-3.35482],[-79.99135,-3.35392],[-79.98701,-3.34309],[-79.99009,-3.33703],[-79.99573,-3.33614],[-79.99009,-3.33226],[-79.99292,-3.32853],[-79.99985,-3.32828],[-80.00036,-3.32596],[-79.99651,-3.32505],[-79.99729,-3.31745],[-80.00191,-3.31358],[-80.00653,-3.31526],[-80.00936,-3.30702],[-80.00525,-3.30753],[-80.00294,-3.31178],[-79.99448,-3.31035],[-79.99101,-3.31808],[-79.99421,-3.32002],[-79.99139,-3.32234],[-79.98831,-3.3204],[-79.98921,-3.31705],[-79.98332,-3.31473],[-79.98806,-3.30996],[-79.98268,-3.30648],[-79.98371,-3.303],[-79.99436,-3.29953],[-79.99808,-3.30133],[-79.99833,-3.3052],[-80.00513,-3.30598],[-80.00577,-3.30031],[-80.00988,-3.3016],[-80.01232,-3.29542],[-80.00809,-3.29219],[-80.00809,-3.28742],[-80.00066,-3.28664],[-80.00066,-3.28406],[-79.9936,-3.28741],[-79.99321,-3.29231],[-79.99706,-3.29205],[-79.99859,-3.29708],[-79.9959,-3.29747],[-79.99552,-3.29386],[-79.98321,-3.29307],[-79.97629,-3.28997],[-79.97475,-3.2861],[-79.98194,-3.27941],[-79.97373,-3.27682],[-79.97579,-3.27282],[-79.98336,-3.27219],[-79.99002,-3.28251],[-79.98899,-3.28534],[-80.00028,-3.2802],[-80.00322,-3.28433],[-80.00784,-3.28472],[-79.99862,-3.27285],[-79.99349,-3.27271],[-79.99221,-3.26756],[-79.99363,-3.26421],[-79.99477,-3.27194],[-80.00375,-3.27247],[-79.99877,-3.25416],[-80.00019,-3.24359],[-79.99497,-3.24195],[-79.99853,-3.23328],[-79.9943,-3.22799],[-79.99045,-3.22863],[-79.98533,-3.2196],[-79.97764,-3.21856],[-79.97994,-3.22256],[-79.97661,-3.22243],[-79.97675,-3.21237],[-79.96996,-3.20424],[-79.96073,-3.20127],[-79.96009,-3.1974],[-79.95073,-3.19739],[-79.9492,-3.19353],[-79.95202,-3.18811],[-79.94946,-3.18489],[-79.94493,-3.18621],[-79.93433,-3.18114],[-79.92446,-3.18551],[-79.92921,-3.17881],[-79.92844,-3.17365],[-79.92158,-3.17472],[-79.92614,-3.16772],[-79.92306,-3.16591],[-79.91895,-3.17287],[-79.90985,-3.16951],[-79.91074,-3.17673],[-79.90741,-3.17518],[-79.90398,-3.14836],[-79.88128,-3.14989],[-79.88642,-3.13674],[-79.89386,-3.13662],[-79.90334,-3.14347],[-79.89836,-3.12077],[-79.90056,-3.1084],[-79.89749,-3.1017],[-79.89159,-3.10324],[-79.89044,-3.09885],[-79.88263,-3.09711],[-79.88929,-3.08674],[-79.88622,-3.08067],[-79.88931,-3.07681],[-79.88045,-3.08002],[-79.87828,-3.07757],[-79.87789,-3.08234],[-79.87558,-3.08337],[-79.87545,-3.0795],[-79.86917,-3.08388],[-79.87159,-3.09265],[-79.87057,-3.08801],[-79.86724,-3.08826],[-79.86853,-3.08336],[-79.86597,-3.07988],[-79.8616,-3.08812],[-79.86135,-3.084],[-79.85583,-3.08464],[-79.85519,-3.08129],[-79.86263,-3.08284],[-79.86392,-3.07575],[-79.86892,-3.07614],[-79.86828,-3.07086],[-79.87546,-3.07074],[-79.87009,-3.06377],[-79.86739,-3.06635],[-79.86471,-3.05693],[-79.85472,-3.05009],[-79.84785,-3.05005],[-79.84368,-3.05562],[-79.83573,-3.05549],[-79.83514,-3.05337],[-79.84953,-3.04736],[-79.86177,-3.04933],[-79.85703,-3.04649],[-79.85319,-3.03334],[-79.84435,-3.02662],[-79.84075,-3.00196],[-79.8467,-2.98925],[-79.84582,-2.97713],[-79.84505,-2.97326],[-79.83441,-2.96861],[-79.8373,-2.96514],[-79.84577,-2.97241],[-79.84762,-2.96966],[-79.85262,-2.97043],[-79.85193,-2.88768],[-79.84694,-2.88201],[-79.84155,-2.88406],[-79.84182,-2.87762],[-79.83592,-2.87194],[-79.82977,-2.87284],[-79.82952,-2.87026],[-79.8349,-2.87039],[-79.8303,-2.85569],[-79.81659,-2.85336],[-79.81123,-2.8299],[-79.81548,-2.80335],[-79.8101,-2.80437],[-79.81011,-2.79716],[-79.80396,-2.79303],[-79.80139,-2.79715],[-79.80343,-2.80669],[-79.80112,-2.80772],[-79.79985,-2.79921],[-79.79049,-2.79559],[-79.79344,-2.79443],[-79.79327,-2.7906],[-79.7819,-2.78964],[-79.78294,-2.78347],[-79.78986,-2.78579],[-79.79806,-2.78219],[-79.79731,-2.77859],[-79.7927,-2.77394],[-79.78833,-2.77741],[-79.78552,-2.77548],[-79.7799,-2.75176],[-79.77426,-2.75251],[-79.77567,-2.75588],[-79.76939,-2.75935],[-79.76144,-2.75353],[-79.76182,-2.74385],[-79.75402,-2.74394],[-79.75964,-2.73603],[-79.7667,-2.73519],[-79.76852,-2.73],[-79.77247,-2.7291],[-79.76554,-2.72352],[-79.76897,-2.71879],[-79.76716,-2.71211],[-79.75309,-2.71134],[-79.747,-2.71458],[-79.74739,-2.71095],[-79.74292,-2.70907],[-79.73812,-2.71626],[-79.73248,-2.71659],[-79.72919,-2.71485],[-79.72953,-2.71054],[-79.72413,-2.71204],[-79.72365,-2.70739],[-79.71886,-2.70726],[-79.71647,-2.70329],[-79.71667,-2.70076],[-79.72276,-2.70185],[-79.72771,-2.69576],[-79.74923,-2.6946],[-79.74738,-2.6827],[-79.74041,-2.67921],[-79.72639,-2.68635],[-79.7205,-2.68609],[-79.71647,-2.67996],[-79.72078,-2.67442],[-79.71941,-2.6708],[-79.72509,-2.67114],[-79.72509,-2.66499],[-79.72796,-2.66362],[-79.73193,-2.67107],[-79.74506,-2.65917],[-79.74184,-2.6576],[-79.73979,-2.6615],[-79.73288,-2.6563],[-79.73329,-2.65178],[-79.72258,-2.65039],[-79.72015,-2.64651],[-79.72336,-2.6442],[-79.72003,-2.64162],[-79.7226,-2.63569],[-79.72619,-2.63699],[-79.7244,-2.62978],[-79.72132,-2.63131],[-79.72039,-2.62779],[-79.71329,-2.62503],[-79.70722,-2.63091],[-79.68993,-2.61748],[-79.68888,-2.61356],[-79.6828,-2.61326],[-79.67482,-2.60729],[-79.68185,-2.59819],[-79.67865,-2.59007],[-79.68124,-2.58704],[-79.69161,-2.58972],[-79.69222,-2.5962],[-79.71136,-2.59831],[-79.71291,-2.58464],[-79.68306,-2.58194],[-79.68011,-2.57404],[-79.66637,-2.57062],[-79.65436,-2.56319],[-79.65047,-2.55722],[-79.65427,-2.52939],[-79.6586,-2.52602],[-79.65669,-2.52144],[-79.65044,-2.52001],[-79.65378,-2.51408],[-79.64639,-2.50864],[-79.64067,-2.49284],[-79.64974,-2.50236],[-79.65056,-2.49706],[-79.65507,-2.49548],[-79.66459,-2.49914],[-79.65586,-2.48045],[-79.67111,-2.47206],[-79.67253,-2.46732],[-79.6917,-2.46767],[-79.67152,-2.45211],[-79.67179,-2.43948],[-79.66128,-2.44011],[-79.65795,-2.42548],[-79.67292,-2.42399],[-79.67506,-2.41929],[-79.67904,-2.41901],[-79.68282,-2.42634],[-79.68487,-2.42479],[-79.68307,-2.41639],[-79.69769,-2.41862],[-79.69666,-2.43074],[-79.7067,-2.43639],[-79.70636,-2.44227],[-79.72074,-2.44416],[-79.72432,-2.4434],[-79.72331,-2.4367],[-79.7301,-2.43257],[-79.73229,-2.42368],[-79.74382,-2.42975],[-79.75252,-2.43968],[-79.75315,-2.45657],[-79.75789,-2.44755],[-79.75636,-2.44265],[-79.76508,-2.44227],[-79.76791,-2.42977],[-79.76047,-2.42976],[-79.76073,-2.42654],[-79.76535,-2.42616],[-79.76049,-2.417],[-79.75151,-2.42331],[-79.74358,-2.40758],[-79.73717,-2.40886],[-79.73615,-2.4059],[-79.74256,-2.40474],[-79.74077,-2.39752],[-79.73142,-2.39442],[-79.73129,-2.39055],[-79.73847,-2.39056],[-79.73463,-2.38308],[-79.73668,-2.38205],[-79.74705,-2.39521],[-79.74615,-2.40165],[-79.75537,-2.40179],[-79.76651,-2.41353],[-79.76832,-2.40193],[-79.77576,-2.39266],[-79.77807,-2.38389],[-79.77654,-2.37539],[-79.78128,-2.37346],[-79.7834,-2.3761],[-79.77871,-2.38802],[-79.78126,-2.39511],[-79.77755,-2.39833],[-79.78228,-2.40903],[-79.79894,-2.40724],[-79.80175,-2.41201],[-79.8079,-2.41228],[-79.80791,-2.40377],[-79.79869,-2.39294],[-79.80484,-2.39475],[-79.80434,-2.3883],[-79.8069,-2.38766],[-79.81509,-2.39604],[-79.81894,-2.39398],[-79.8192,-2.38728],[-79.80549,-2.38701],[-79.80639,-2.38199],[-79.81255,-2.37658],[-79.81511,-2.37929],[-79.81973,-2.37104],[-79.83011,-2.37028],[-79.82038,-2.36228],[-79.82539,-2.34913],[-79.82437,-2.34166],[-79.82052,-2.33985],[-79.82129,-2.33753],[-79.82395,-2.33963],[-79.83018,-2.29036],[-79.8234,-2.27115],[-79.82712,-2.26974],[-79.82944,-2.25221],[-79.82639,-2.21663],[-79.83961,-2.19241],[-79.84653,-2.18816],[-79.85678,-2.18868],[-79.85994,-2.18357],[-79.85653,-2.17386],[-79.84744,-2.16457],[-79.8609,-2.1553],[-79.86551,-2.15956],[-79.86923,-2.15376],[-79.87551,-2.1548],[-79.87588,-2.178],[-79.87331,-2.18135],[-79.88354,-2.20662],[-79.88584,-2.22106],[-79.88356,-2.23927],[-79.86608,-2.25894],[-79.87389,-2.26952],[-79.87195,-2.28215],[-79.8749,-2.28692],[-79.8954,-2.28616],[-79.91181,-2.27831],[-79.90669,-2.27212],[-79.90682,-2.26722],[-79.9113,-2.26697],[-79.91079,-2.26181],[-79.9049,-2.26567],[-79.90259,-2.26232],[-79.9135,-2.24944],[-79.91286,-2.2466],[-79.90594,-2.24814],[-79.90927,-2.24273],[-79.91567,-2.24712],[-79.92336,-2.24609],[-79.91823,-2.25189],[-79.92464,-2.25473],[-79.92823,-2.2452],[-79.93785,-2.23579],[-79.93311,-2.23205],[-79.925,-2.23441],[-79.92491,-2.23063],[-79.91735,-2.22908],[-79.91158,-2.23938],[-79.91441,-2.22495],[-79.92466,-2.22676],[-79.92607,-2.23114],[-79.93363,-2.2305],[-79.93952,-2.23579],[-79.94515,-2.23554],[-79.94837,-2.22136],[-79.94427,-2.21208],[-79.94543,-2.20177],[-79.93775,-2.20125],[-79.93007,-2.19145],[-79.92187,-2.19144],[-79.9234,-2.18925],[-79.92904,-2.18925],[-79.93826,-2.19841],[-79.94287,-2.19906],[-79.94775,-2.19094],[-79.95082,-2.19249],[-79.95018,-2.19842],[-79.9553,-2.20384],[-79.95401,-2.21209],[-79.95658,-2.21157],[-79.95954,-2.19301],[-79.96773,-2.19766],[-79.98132,-2.18916],[-79.98529,-2.18916],[-79.98529,-2.19252],[-79.99824,-2.18724],[-79.99849,-2.19175],[-80.00451,-2.19408],[-80.01028,-2.19202],[-80.01297,-2.19537],[-80.02181,-2.19202],[-80.02821,-2.19796],[-80.03462,-2.19654],[-80.03141,-2.20157],[-80.02245,-2.19589],[-80.01783,-2.20079],[-80.02231,-2.20543],[-80.01847,-2.21046],[-80.01488,-2.20182],[-80.01014,-2.20568],[-80.00156,-2.20426],[-79.99707,-2.21263],[-79.99873,-2.21418],[-80.00463,-2.20787],[-80.00822,-2.20826],[-80.00693,-2.21805],[-80.00949,-2.21947],[-79.9918,-2.22758],[-79.99488,-2.23029],[-80.00385,-2.22798],[-80.00179,-2.23236],[-79.99923,-2.23171],[-79.99974,-2.24086],[-79.99154,-2.23609],[-79.98411,-2.23621],[-79.98487,-2.23879],[-79.98923,-2.23828],[-79.99358,-2.24627],[-80.01255,-2.23984],[-80.01024,-2.24448],[-80.00127,-2.24847],[-80.00511,-2.25002],[-80.00204,-2.25247],[-79.99512,-2.25156],[-79.99011,-2.26316],[-79.99254,-2.2696],[-79.99792,-2.27064],[-80.00742,-2.25466],[-80.01536,-2.25673],[-80.01125,-2.26459],[-80.01305,-2.26743],[-80.01536,-2.26369],[-80.02099,-2.26511],[-80.02535,-2.26228],[-80.02535,-2.2655],[-80.03124,-2.26615],[-80.0315,-2.26963],[-80.02535,-2.26602],[-80.01526,-2.26868],[-80.01663,-2.27491],[-80.01945,-2.27272],[-80.02047,-2.27787],[-80.02355,-2.27788],[-80.02252,-2.28097],[-80.01765,-2.28303],[-80.01176,-2.27954],[-80.01355,-2.28689],[-80.00996,-2.28895],[-80.01393,-2.28999],[-80.012,-2.29488],[-80.0038,-2.30003],[-79.99636,-2.30054],[-79.99482,-2.3057],[-79.98816,-2.30956],[-79.98264,-2.3209],[-79.98366,-2.32683],[-79.97917,-2.33405],[-79.97302,-2.33559],[-79.97378,-2.3392],[-79.97951,-2.34367],[-79.98839,-2.34088],[-79.98635,-2.33444],[-79.99455,-2.32374],[-79.98892,-2.32348],[-79.98738,-2.31961],[-79.992,-2.31498],[-79.99328,-2.31962],[-79.99789,-2.32078],[-80.0025,-2.32749],[-80.00404,-2.32311],[-80.00071,-2.32091],[-80.00635,-2.31731],[-80.00762,-2.32698],[-80.0171,-2.3342],[-80.02082,-2.33124],[-80.01814,-2.32105],[-80.02531,-2.32557],[-80.033,-2.32003],[-80.03914,-2.33331],[-80.03286,-2.33718],[-80.03734,-2.34027],[-80.03452,-2.34169],[-80.03555,-2.34466],[-80.03068,-2.34594],[-80.02863,-2.34156],[-80.0258,-2.35251],[-80.02144,-2.35393],[-80.029,-2.36321],[-80.02975,-2.38203],[-80.03565,-2.38771],[-80.03475,-2.39183],[-80.0409,-2.39442],[-80.0473,-2.40293],[-80.04999,-2.39752],[-80.04705,-2.3921],[-80.05269,-2.38334],[-80.0509,-2.37934],[-80.05475,-2.37947],[-80.05424,-2.3738],[-80.06398,-2.37381],[-80.06038,-2.38438],[-80.0673,-2.38979],[-80.06833,-2.38232],[-80.07102,-2.38309],[-80.06678,-2.39315],[-80.06986,-2.39341],[-80.07678,-2.39044],[-80.07563,-2.38851],[-80.08127,-2.38362],[-80.08473,-2.38607],[-80.08781,-2.37434],[-80.09422,-2.37318],[-80.08935,-2.37511],[-80.09217,-2.37988],[-80.0973,-2.37525],[-80.09947,-2.37693],[-80.09319,-2.38027],[-80.09498,-2.38427],[-80.08639,-2.39316],[-80.08664,-2.39754],[-80.08882,-2.39857],[-80.0887,-2.39445],[-80.10523,-2.39498],[-80.10856,-2.40361],[-80.11343,-2.40168],[-80.11163,-2.41006],[-80.1156,-2.40787],[-80.1229,-2.41033],[-80.12969,-2.42309],[-80.14468,-2.43019],[-80.15673,-2.43033],[-80.14672,-2.43973],[-80.15826,-2.43987],[-80.16968,-2.42312],[-80.16955,-2.4208],[-80.16417,-2.42131],[-80.16417,-2.4186],[-80.17507,-2.40997],[-80.17301,-2.42157],[-80.16736,-2.4324],[-80.16172,-2.43523],[-80.16005,-2.44503],[-80.13647,-2.44424],[-80.12339,-2.45828],[-80.11159,-2.46201],[-80.10607,-2.47902],[-80.10965,-2.49372],[-80.10336,-2.50197],[-80.10502,-2.51692],[-80.10092,-2.51924],[-80.10924,-2.53097],[-80.11654,-2.53343],[-80.13409,-2.55819],[-80.1396,-2.55613],[-80.13819,-2.56155],[-80.14971,-2.57161],[-80.15369,-2.5631],[-80.14896,-2.54969],[-80.1532,-2.52959],[-80.14488,-2.51798],[-80.14014,-2.51746],[-80.14334,-2.51437],[-80.14232,-2.50921],[-80.13899,-2.50844],[-80.14092,-2.50199],[-80.13772,-2.49542],[-80.12055,-2.48715],[-80.11657,-2.4896],[-80.11734,-2.49914],[-80.12156,-2.50327],[-80.11516,-2.4994],[-80.11362,-2.49037],[-80.10978,-2.48985],[-80.11799,-2.47916],[-80.12247,-2.48084],[-80.12299,-2.47646],[-80.12798,-2.48432],[-80.13593,-2.48755],[-80.14157,-2.4873],[-80.13978,-2.47724],[-80.14414,-2.47853],[-80.14157,-2.48433],[-80.1449,-2.4891],[-80.14259,-2.49091],[-80.15014,-2.51231],[-80.15846,-2.5234],[-80.16154,-2.51928],[-80.15873,-2.50974],[-80.16643,-2.48963],[-80.16592,-2.47816],[-80.17092,-2.48035],[-80.16746,-2.48628],[-80.17592,-2.48526],[-80.17669,-2.47804],[-80.18131,-2.47559],[-80.18733,-2.4814],[-80.18309,-2.493],[-80.18822,-2.49261],[-80.1895,-2.49016],[-80.1863,-2.48733],[-80.19745,-2.48024],[-80.19758,-2.48372],[-80.18813,-2.48827],[-80.19949,-2.49868],[-80.19565,-2.50048],[-80.2,-2.50693],[-80.20384,-2.50719],[-80.20576,-2.52137],[-80.19896,-2.52755],[-80.19947,-2.53065],[-80.20999,-2.52447],[-80.20768,-2.5157],[-80.21076,-2.51428],[-80.21409,-2.51493],[-80.21191,-2.51854],[-80.21375,-2.52257],[-80.21947,-2.52241],[-80.21819,-2.53066],[-80.22857,-2.52396],[-80.2287,-2.51777],[-80.23447,-2.51597],[-80.23511,-2.52036],[-80.23127,-2.51932],[-80.22947,-2.52744],[-80.23229,-2.52925],[-80.231,-2.53247],[-80.22216,-2.53788],[-80.23074,-2.53724],[-80.2392,-2.54189],[-80.24715,-2.53983],[-80.24612,-2.54537],[-80.23817,-2.54691],[-80.2269,-2.53904],[-80.22113,-2.54123],[-80.21998,-2.53891],[-80.21587,-2.54123],[-80.21459,-2.53865],[-80.20203,-2.53916],[-80.19511,-2.54534],[-80.19254,-2.55281],[-80.18356,-2.55513],[-80.1792,-2.56196],[-80.17728,-2.56028],[-80.18177,-2.55332],[-80.17716,-2.55229],[-80.17638,-2.55693],[-80.16331,-2.56105],[-80.16164,-2.56491],[-80.16688,-2.58116],[-80.17265,-2.58632],[-80.1738,-2.59612],[-80.19238,-2.59639],[-80.19482,-2.58633],[-80.18367,-2.59071],[-80.18483,-2.58607],[-80.19329,-2.58427],[-80.19765,-2.57886],[-80.19841,-2.58247],[-80.20444,-2.58221],[-80.21944,-2.57178],[-80.24073,-2.56316],[-80.24226,-2.57167],[-80.23508,-2.57579],[-80.23508,-2.57978],[-80.23123,-2.58017],[-80.23084,-2.58429],[-80.23507,-2.58507],[-80.23404,-2.58971],[-80.2202,-2.59125],[-80.22289,-2.59615],[-80.21763,-2.60491],[-80.22056,-2.62734],[-80.23786,-2.6387],[-80.23261,-2.63173],[-80.23761,-2.62155],[-80.25659,-2.61409],[-80.26326,-2.60816],[-80.26838,-2.61229],[-80.27877,-2.60392],[-80.27878,-2.58535],[-80.28173,-2.58561],[-80.28712,-2.57788],[-80.28481,-2.57504],[-80.28687,-2.5704],[-80.29456,-2.56177],[-80.29622,-2.56886],[-80.29148,-2.5735],[-80.29147,-2.58098],[-80.28558,-2.58226],[-80.2798,-2.59257],[-80.28019,-2.59463],[-80.28685,-2.59232],[-80.28728,-2.59558],[-80.2907,-2.59593],[-80.28582,-2.60005],[-80.28736,-2.60212],[-80.30018,-2.59593],[-80.30556,-2.59736],[-80.29685,-2.60186],[-80.29684,-2.60637],[-80.30056,-2.60702],[-80.29453,-2.61114],[-80.29582,-2.6065],[-80.28633,-2.60792],[-80.29235,-2.61243],[-80.28351,-2.61462],[-80.28171,-2.62196],[-80.27453,-2.6217],[-80.27709,-2.63099],[-80.25761,-2.62943],[-80.26119,-2.63639],[-80.26606,-2.63304],[-80.26965,-2.63356],[-80.26939,-2.63704],[-80.27247,-2.63408],[-80.27991,-2.63511],[-80.27337,-2.64104],[-80.27529,-2.64645],[-80.29117,-2.65935],[-80.28399,-2.66038],[-80.28194,-2.66721],[-80.27938,-2.66695],[-80.27912,-2.66064],[-80.26374,-2.65972],[-80.26399,-2.66604],[-80.26002,-2.66656],[-80.25552,-2.68563],[-80.24654,-2.69516],[-80.24102,-2.70676],[-80.24486,-2.71785],[-80.24332,-2.72662],[-80.24831,-2.739],[-80.25369,-2.74454],[-80.25831,-2.74403],[-80.2778,-2.73644],[-80.31717,-2.71325],[-80.3677,-2.67126],[-80.39066,-2.64033],[-80.39707,-2.6384],[-80.40937,-2.64524],[-80.4204,-2.64511],[-80.42835,-2.64112],[-80.43527,-2.64203],[-80.44527,-2.6303],[-80.45066,-2.62979],[-80.50837,-2.56045],[-80.623,-2.45078],[-80.65607,-2.42153],[-80.68299,-2.40348],[-80.68863,-2.4031],[-80.69376,-2.40684],[-80.71632,-2.39253],[-80.74477,-2.39357],[-80.75195,-2.38919],[-80.77425,-2.38919],[-80.80066,-2.37953],[-80.84911,-2.33815],[-80.87167,-2.32397],[-80.88192,-2.32345],[-80.8882,-2.32694],[-80.89025,-2.33725],[-80.89858,-2.33377],[-80.89564,-2.31688],[-80.91499,-2.29406],[-80.91435,-2.28929],[-80.91973,-2.27924],[-80.97959,-2.21658],[-80.99625,-2.20459],[-81.00881,-2.18745],[-80.99753,-2.18384],[-80.98805,-2.18487],[-80.9842,-2.19003],[-80.98523,-2.1957],[-80.97241,-2.20008],[-80.97318,-2.20498],[-80.95344,-2.20189],[-80.9487,-2.2055],[-80.94985,-2.20962],[-80.94524,-2.21143],[-80.9446,-2.21658],[-80.93986,-2.21993],[-80.92679,-2.22084],[-80.9091,-2.22083],[-80.8827,-2.20652],[-80.87732,-2.20691],[-80.86963,-2.19891],[-80.85553,-2.19737],[-80.8408,-2.18692],[-80.81709,-2.15662],[-80.80633,-2.1592],[-80.79736,-2.15636],[-80.76327,-2.12812],[-80.74828,-2.10414],[-80.73522,-2.0567],[-80.73625,-2.02395],[-80.74945,-2.01274],[-80.75061,-2.00101],[-80.75637,-1.99508],[-80.7574,-1.98837],[-80.75138,-1.98296],[-80.75945,-1.98309],[-80.76291,-1.97754],[-80.75996,-1.97187],[-80.74023,-1.968],[-80.72986,-1.95433],[-80.72653,-1.927],[-80.73474,-1.88497],[-80.75947,-1.81742],[-80.75704,-1.81407],[-80.7614,-1.79319],[-80.77524,-1.74678],[-80.79536,-1.71532],[-80.79946,-1.71506],[-80.80561,-1.70733],[-80.82547,-1.65009],[-80.83636,-1.63127],[-80.84354,-1.62598],[-80.84418,-1.6109],[-80.85379,-1.60084],[-80.84444,-1.59285],[-80.84085,-1.56938],[-80.83483,-1.56113],[-80.81767,-1.56255],[-80.81177,-1.55417],[-80.81165,-1.53741],[-80.81729,-1.51524],[-80.81536,-1.50982],[-80.80947,-1.51085],[-80.80332,-1.4959],[-80.79846,-1.49809],[-80.79333,-1.49512],[-80.79244,-1.49022],[-80.79513,-1.48842],[-80.79231,-1.47991],[-80.78001,-1.48468],[-80.76861,-1.47784],[-80.76349,-1.45902],[-80.76746,-1.43814],[-80.7544,-1.4304],[-80.75158,-1.42163],[-80.7544,-1.40332],[-80.76157,-1.39146],[-80.7389,-1.36645],[-80.73916,-1.35717],[-80.76363,-1.30921],[-80.84587,-1.21175],[-80.87828,-1.15503],[-80.90134,-1.08232],[-80.91133,-1.06143],[-80.90454,-1.05215],[-80.90326,-1.03797],[-80.88687,-1.03204],[-80.87918,-1.02095],[-80.87201,-1.01682],[-80.861,-0.99594],[-80.84614,-0.98407],[-80.82936,-0.95597],[-80.81463,-0.95352],[-80.80849,-0.95867],[-80.79645,-0.9597],[-80.78338,-0.95661],[-80.76315,-0.9432],[-80.74317,-0.9432],[-80.72754,-0.93701],[-80.72063,-0.94655],[-80.70551,-0.94938],[-80.68604,-0.94474],[-80.66402,-0.92824],[-80.65736,-0.92669],[-80.6539,-0.9294],[-80.65544,-0.93584],[-80.65223,-0.93971],[-80.6302,-0.94654],[-80.60152,-0.93674],[-80.57872,-0.92243],[-80.55746,-0.8987],[-80.538,-0.86415],[-80.50561,-0.73497],[-80.49755,-0.72105],[-80.46938,-0.63853],[-80.45837,-0.6277],[-80.45222,-0.61004],[-80.43173,-0.60308],[-80.42456,-0.5947],[-80.42136,-0.5947],[-80.42302,-0.6277],[-80.40292,-0.65271],[-80.38998,-0.65219],[-80.37999,-0.65902],[-80.35822,-0.65464],[-80.34785,-0.66379],[-80.34567,-0.65567],[-80.33286,-0.66185],[-80.31442,-0.6594],[-80.31338,-0.67087],[-80.32211,-0.67332],[-80.32179,-0.67748],[-80.31314,-0.67281],[-80.31289,-0.66172],[-80.30482,-0.66352],[-80.29419,-0.6612],[-80.29201,-0.66352],[-80.29598,-0.67126],[-80.29163,-0.67487],[-80.29598,-0.68466],[-80.29137,-0.68634],[-80.29163,-0.68054],[-80.28881,-0.68312],[-80.28535,-0.68131],[-80.29316,-0.66894],[-80.29073,-0.66223],[-80.29803,-0.65501],[-80.29035,-0.65347],[-80.28062,-0.65707],[-80.27422,-0.66486],[-80.27549,-0.68647],[-80.26832,-0.69265],[-80.26243,-0.69265],[-80.26051,-0.6844],[-80.26345,-0.68144],[-80.26934,-0.68001],[-80.27101,-0.68353],[-80.2737,-0.68286],[-80.27357,-0.66429],[-80.2806,-0.65155],[-80.29125,-0.64857],[-80.29368,-0.65282],[-80.30649,-0.64999],[-80.31084,-0.64548],[-80.34823,-0.63607],[-80.37999,-0.64329],[-80.39408,-0.63105],[-80.39229,-0.62241],[-80.40753,-0.60733],[-80.41266,-0.58232],[-80.42687,-0.56788],[-80.43379,-0.56853],[-80.43725,-0.56221],[-80.44545,-0.50652],[-80.46031,-0.45418],[-80.47222,-0.44219],[-80.47683,-0.44116],[-80.48541,-0.41267],[-80.49296,-0.40004],[-80.48759,-0.36445],[-80.47734,-0.36793],[-80.46377,-0.36265],[-80.42715,-0.33274],[-80.41665,-0.31366],[-80.41152,-0.31366],[-80.40615,-0.30876],[-80.3968,-0.28968],[-80.37977,-0.23321],[-80.37388,-0.22599],[-80.34545,-0.21026],[-80.32612,-0.17262],[-80.32189,-0.17313],[-80.31959,-0.17958],[-80.30986,-0.1877],[-80.29833,-0.18693],[-80.28322,-0.17829],[-80.24378,-0.1458],[-80.19871,-0.10274],[-80.17208,-0.07051],[-80.15935,-0.06596],[-80.1416,-0.04731],[-80.12444,-0.01715],[-80.09986,0.01018],[-80.08782,0.05015],[-80.07194,0.04744],[-80.06503,0.05582],[-80.04198,0.1195],[-80.03161,0.17699],[-80.03467,0.30203],[-80.0412,0.36519],[-80.03326,0.36983],[-80.03223,0.36467],[-80.0138,0.35256],[-80.00381,0.33966],[-79.99626,0.31775],[-79.99139,0.28294],[-79.99882,0.26026],[-79.99754,0.2502],[-80.00126,0.24595],[-80.00407,0.25046],[-80.00484,0.24634],[-79.99895,0.24324],[-79.99422,0.23551],[-80.00843,0.23409],[-80.01201,0.23912],[-80.01765,0.23744],[-80.01304,0.23757],[-80.01355,0.23371],[-80.00868,0.23138],[-79.9969,0.23293],[-79.99063,0.21411],[-79.9955,0.20715],[-79.99639,0.19813],[-80.00331,0.20457],[-80.01022,0.20612],[-79.99947,0.19658],[-79.99537,0.19632],[-79.99563,0.20406],[-79.99038,0.20741],[-79.98909,0.22906],[-79.98615,0.23164],[-79.98013,0.21643],[-79.96464,0.20741],[-79.96374,0.20251],[-79.96938,0.19658],[-79.98154,0.19413],[-79.98807,0.18266],[-79.99499,0.18214],[-79.9964,0.17943],[-79.98846,0.18008],[-79.99038,0.17054],[-80.00101,0.1601],[-79.99601,0.15971],[-79.99345,0.16461],[-79.98782,0.14012],[-79.99179,0.13844],[-80.00434,0.14437],[-80.00997,0.14386],[-80.01855,0.13625],[-80.01727,0.12568],[-80.02354,0.12323],[-80.02534,0.12775],[-80.02994,0.12568],[-80.03327,0.1173],[-80.0279,0.1173],[-80.03148,0.12027],[-80.02918,0.12517],[-80.02559,0.1262],[-80.02598,0.12207],[-80.01996,0.12143],[-80.01599,0.12465],[-80.01612,0.13677],[-80.0092,0.1427],[-80.00101,0.14192],[-80.00114,0.13522],[-79.99614,0.13754],[-79.99358,0.13522],[-79.99307,0.132],[-79.99691,0.13226],[-79.9964,0.12736],[-80.00075,0.12723],[-79.9964,0.12568],[-79.99589,0.13032],[-79.98923,0.13238],[-79.98436,0.14399],[-79.99153,0.16461],[-79.9882,0.17028],[-79.98615,0.1592],[-79.97873,0.15713],[-79.98551,0.15945],[-79.98513,0.16229],[-79.98206,0.1659],[-79.97668,0.16268],[-79.97693,0.16719],[-79.97386,0.16796],[-79.97437,0.17093],[-79.98462,0.1659],[-79.98666,0.17492],[-79.96695,0.17956],[-79.96797,0.18214],[-79.95849,0.18884],[-79.95516,0.19916],[-79.9471,0.20173],[-79.9421,0.20766],[-79.94005,0.21978],[-79.93288,0.22184],[-79.93212,0.219],[-79.92789,0.21875],[-79.9293,0.21385],[-79.92469,0.21565],[-79.93007,0.22313],[-79.93865,0.22493],[-79.93621,0.23434],[-79.94517,0.2413],[-79.9503,0.24118],[-79.95273,0.25046],[-79.94569,0.25987],[-79.93839,0.2569],[-79.93954,0.24814],[-79.93071,0.24556],[-79.92904,0.24942],[-79.92443,0.23885],[-79.9197,0.23885],[-79.91905,0.24337],[-79.91585,0.24195],[-79.91547,0.24607],[-79.92136,0.24826],[-79.92341,0.24659],[-79.92098,0.23989],[-79.92366,0.23937],[-79.9275,0.25033],[-79.93519,0.24749],[-79.93826,0.25381],[-79.92674,0.2529],[-79.9211,0.25613],[-79.91995,0.25948],[-79.92597,0.26696],[-79.91828,0.27546],[-79.91265,0.27069],[-79.91675,0.26283],[-79.91393,0.2627],[-79.91496,0.26618],[-79.90522,0.2685],[-79.90842,0.27469],[-79.90305,0.27623],[-79.90731,0.28852],[-79.90215,0.28912],[-79.90074,0.29351],[-79.90368,0.29763],[-79.89319,0.30253],[-79.89408,0.31258],[-79.90478,0.31478],[-79.90429,0.31245],[-79.89459,0.31258],[-79.89463,0.3025],[-79.90134,0.3008],[-79.90471,0.29222],[-79.90599,0.29531],[-79.90817,0.29346],[-79.91032,0.28174],[-79.90599,0.28216],[-79.90458,0.27623],[-79.90919,0.27649],[-79.91099,0.27288],[-79.91931,0.27714],[-79.92789,0.2667],[-79.92725,0.26257],[-79.92238,0.26077],[-79.92341,0.25677],[-79.93339,0.25587],[-79.94696,0.27095],[-79.95388,0.26631],[-79.96719,0.27431],[-79.97193,0.28062],[-79.96719,0.28372],[-79.96719,0.28849],[-79.98435,0.29403],[-79.98345,0.31594],[-79.9864,0.3309],[-79.97679,0.35719],[-79.98447,0.38607],[-79.9974,0.40399],[-80.01405,0.40605],[-80.03965,0.43325],[-80.03274,0.43325],[-80.03453,0.44537],[-80.04029,0.44924],[-80.03683,0.46213],[-80.0326,0.46445],[-80.03875,0.47012],[-80.03875,0.4745],[-80.03375,0.4794],[-80.04003,0.48146],[-80.04758,0.49474],[-80.04348,0.49345],[-80.03196,0.50776],[-80.0253,0.5066],[-80.01774,0.5142],[-80.0098,0.54437],[-80.00801,0.54565],[-80.00801,0.53947],[-80.01518,0.51678],[-80.00942,0.52426],[-80.00327,0.54411],[-80.00686,0.54333],[-80.00993,0.5588],[-80.00647,0.56035],[-80.00122,0.54204],[-79.97689,0.5334],[-79.98137,0.54771],[-79.98124,0.55055],[-79.97817,0.55003],[-79.97727,0.55828],[-79.98278,0.55802],[-79.98201,0.5753],[-79.98534,0.57646],[-79.98547,0.58097],[-79.99788,0.58729],[-80.00288,0.59361],[-80.0039,0.60675],[-80.00864,0.60908],[-80.00735,0.61423],[-80.00377,0.61526],[-80.00915,0.61965],[-80.01632,0.61642],[-80.02707,0.62841],[-80.045,0.63937],[-80.05166,0.63899],[-80.04961,0.63461],[-80.03706,0.63241],[-80.04269,0.63035],[-80.04858,0.63319],[-80.06945,0.65369],[-80.08546,0.64995],[-80.09148,0.65911],[-80.10197,0.69366],[-80.09505,0.71763],[-80.09914,0.75037],[-80.09658,0.76481],[-80.08595,0.78415],[-80.08133,0.78621],[-80.08005,0.79317],[-80.07288,0.79703],[-80.0511,0.82539],[-80.04983,0.81997],[-80.04163,0.8183],[-80.02524,0.81984],[-80.02242,0.81765],[-80.01363,0.82069],[-79.99298,0.81699],[-79.97222,0.81982],[-79.95148,0.82536],[-79.91818,0.85603],[-79.90537,0.85281],[-79.88155,0.87149],[-79.8772,0.86582],[-79.86618,0.86465],[-79.84441,0.8787],[-79.80958,0.89428],[-79.79369,0.90858],[-79.77755,0.92997],[-79.76551,0.9377],[-79.74513,0.96003],[-79.73016,0.96643],[-79.71813,0.96579],[-79.69866,0.97119],[-79.6523,0.99553],[-79.64641,0.98535],[-79.64295,0.98896],[-79.64347,0.98303],[-79.64846,0.98122],[-79.65077,0.97323],[-79.63797,0.96911],[-79.63592,0.97426],[-79.63374,0.96807],[-79.63926,0.95029],[-79.65719,0.93354],[-79.65605,0.89848],[-79.65003,0.89062],[-79.63143,0.89392],[-79.62865,0.88971],[-79.63224,0.88198],[-79.63109,0.8745],[-79.6156,0.86006],[-79.61433,0.84897],[-79.61881,0.84279],[-79.61946,0.83093],[-79.616,0.82732],[-79.60012,0.82448],[-79.58476,0.81159],[-79.57261,0.79354],[-79.5735,0.79045],[-79.58989,0.78323],[-79.58952,0.76493],[-79.58657,0.76055],[-79.57223,0.76737],[-79.5561,0.76866],[-79.54548,0.75564],[-79.54637,0.74997],[-79.55611,0.74224],[-79.55854,0.73631],[-79.54856,0.72677],[-79.54382,0.72767],[-79.53704,0.72367],[-79.52834,0.70691],[-79.53014,0.68681],[-79.53705,0.66748],[-79.53502,0.63449],[-79.51851,0.6002],[-79.48855,0.59078],[-79.4819,0.59387],[-79.49367,0.59297],[-79.51851,0.60252],[-79.53233,0.63216],[-79.53526,0.66748],[-79.52873,0.685],[-79.52578,0.70691],[-79.53089,0.72083],[-79.55419,0.73889],[-79.55201,0.74365],[-79.54266,0.7479],[-79.54688,0.76775],[-79.56634,0.77072],[-79.58657,0.76158],[-79.58874,0.77988],[-79.57248,0.7889],[-79.57171,0.79586],[-79.58451,0.81442],[-79.59449,0.82319],[-79.60883,0.82796],[-79.61536,0.83377],[-79.61574,0.8433],[-79.60639,0.85722],[-79.60741,0.8647],[-79.61291,0.87346],[-79.62955,0.88043],[-79.62686,0.89074],[-79.62929,0.89641],[-79.6508,0.895],[-79.65426,0.89797],[-79.65578,0.92787],[-79.64822,0.93805],[-79.63362,0.94565],[-79.62862,0.98534],[-79.62439,0.99333],[-79.6167,0.99152],[-79.61159,0.98624],[-79.60134,0.98507],[-79.58162,0.98687],[-79.559,0.99703],[-79.5495,0.99556],[-79.42333,1.07198],[-79.41834,1.07159],[-79.41718,1.07584],[-79.39618,1.08254],[-79.39183,1.08318],[-79.38594,1.07248],[-79.37506,1.06925],[-79.35547,1.06963],[-79.32858,1.07348],[-79.30554,1.08107],[-79.29171,1.07784],[-79.2597,1.08684],[-79.25714,1.07666],[-79.2487,1.07343],[-79.21054,1.08411],[-79.20983,1.08143],[-79.18083,1.09195],[-79.17571,1.09066],[-79.1542,1.10173],[-79.13063,1.11911],[-79.10194,1.15079],[-79.09271,1.16701],[-79.08733,1.16959],[-79.06349,1.21055],[-79.05786,1.21299],[-79.04173,1.21014],[-79.04378,1.20538],[-79.02894,1.2006],[-79.01345,1.19092],[-79.01218,1.18087],[-79.00553,1.17417],[-78.9957,1.12726],[-78.98061,1.11798],[-78.98485,1.09247],[-78.99638,1.07959],[-78.99497,1.07572],[-78.98537,1.07082],[-78.98423,1.05253],[-78.99192,1.04905],[-78.98347,1.05098],[-78.98231,1.05407],[-78.98282,1.06876],[-78.99471,1.08062],[-78.98856,1.08448],[-78.97986,1.08177],[-78.97141,1.08447],[-78.96669,1.07158],[-78.95658,1.06603],[-78.93635,1.07143],[-78.92803,1.07046],[-78.93609,1.07221],[-78.9599,1.06784],[-78.96668,1.07364],[-78.96962,1.08473],[-78.97499,1.08679],[-78.98217,1.0828],[-78.98549,1.08525],[-78.98088,1.09169],[-78.97626,1.10947],[-78.97728,1.11875],[-78.98227,1.12468],[-78.98149,1.1306],[-78.97317,1.13601],[-78.96524,1.13046],[-78.95755,1.13368],[-78.95114,1.15841],[-78.95523,1.16035],[-78.95318,1.16524],[-78.94832,1.16524],[-78.94473,1.16974],[-78.94703,1.17928],[-78.95675,1.18831],[-78.93575,1.19241],[-78.92909,1.20387],[-78.92218,1.20219],[-78.92231,1.19395],[-78.92846,1.19138],[-78.9273,1.18957],[-78.91656,1.18286],[-78.914,1.18531],[-78.91796,1.19549],[-78.9168,1.20271],[-78.91219,1.20528],[-78.90912,1.2036],[-78.90911,1.20734],[-78.91833,1.21327],[-78.91474,1.21894],[-78.90654,1.22022],[-78.89734,1.20733],[-78.90195,1.19664],[-78.89027,1.19548],[-78.88294,1.20224],[-78.88607,1.2099],[-78.89196,1.20951],[-78.89873,1.21786],[-78.90463,1.2197],[-78.90731,1.22666],[-78.89221,1.2233],[-78.88658,1.21582],[-78.88376,1.21685],[-78.88108,1.21041],[-78.87045,1.21388],[-78.86904,1.21607],[-78.87377,1.22316],[-78.87769,1.22053],[-78.88632,1.23863],[-78.8983,1.22907],[-78.8991,1.23523],[-78.89509,1.24236],[-78.89051,1.24101],[-78.88744,1.24787],[-78.88664,1.2432],[-78.88207,1.24045],[-78.87568,1.24558],[-78.87157,1.2391],[-78.86528,1.24022],[-78.86378,1.23555],[-78.86147,1.23758],[-78.86007,1.22997],[-78.85598,1.2292],[-78.85661,1.23719],[-78.85904,1.23616],[-78.86134,1.24286],[-78.84787,1.27686],[-78.84314,1.27814],[-78.84633,1.2851],[-78.84479,1.29064],[-78.83634,1.29205],[-78.83046,1.28767],[-78.81791,1.2865],[-78.81868,1.28946],[-78.8087,1.28894],[-78.81125,1.29718],[-78.8028,1.30104],[-78.79244,1.29459],[-78.79128,1.29871],[-78.78061,1.28749],[-78.77819,1.29296],[-78.7868,1.29742],[-78.78616,1.3009],[-78.78181,1.29896],[-78.78456,1.31496],[-78.78274,1.32246],[-78.78469,1.32379],[-78.78803,1.31849],[-78.78513,1.30927],[-78.79051,1.30116],[-78.80125,1.31109],[-78.79562,1.32384],[-78.79961,1.3273],[-78.80457,1.32887],[-78.80739,1.31844],[-78.81765,1.32291],[-78.81851,1.33223],[-78.82364,1.32605],[-78.82478,1.33636],[-78.8194,1.34331],[-78.81274,1.34343],[-78.80992,1.3549],[-78.81555,1.36031],[-78.81477,1.36727],[-78.81119,1.36624],[-78.81042,1.36984],[-78.81348,1.37551],[-78.80631,1.37783],[-78.80707,1.38659],[-78.804,1.39174],[-78.80604,1.40101],[-78.81192,1.40385],[-78.80603,1.41042],[-78.80168,1.40745],[-78.79489,1.40822],[-78.79503,1.40255],[-78.78607,1.40074],[-78.7807,1.39532],[-78.78403,1.38605],[-78.78122,1.3854],[-78.77993,1.3894],[-78.77354,1.38321],[-78.76918,1.39016],[-78.76355,1.38719],[-78.75817,1.38976],[-78.73163,1.36843],[-78.72068,1.36919],[-78.71839,1.36391],[-78.70968,1.35862],[-78.70367,1.34899],[-78.70282,1.33989],[-78.69496,1.33446],[-78.69422,1.33005],[-78.69046,1.33429],[-78.68522,1.33307],[-78.67495,1.32237],[-78.66244,1.321],[-78.66208,1.31189],[-78.65254,1.29094],[-78.64592,1.28851],[-78.64906,1.27747],[-78.64196,1.26877],[-78.63017,1.26431],[-78.63099,1.26116],[-78.62727,1.26135],[-78.62148,1.25004],[-78.61498,1.24631],[-78.60415,1.24687],[-78.59418,1.2391],[-78.58749,1.24294],[-78.54561,1.24441],[-78.54199,1.23435],[-78.54801,1.22762],[-78.53957,1.22926],[-78.52774,1.22005],[-78.52119,1.21993],[-78.52047,1.21258],[-78.51434,1.21211],[-78.51548,1.20339],[-78.51177,1.20341],[-78.51723,1.1882],[-78.50891,1.18873]],[[-79.88123,-3.09874],[-79.88056,-3.10219],[-79.87761,-3.10142],[-79.88123,-3.09874]]],[[[-78.81754,1.42164],[-78.81434,1.41854],[-78.81882,1.41558],[-78.81754,1.42164]]],[[[-78.82148,1.30673],[-78.8166,1.30641],[-78.81742,1.30348],[-78.82148,1.30673]]],[[[-78.83113,1.39872],[-78.82754,1.40245],[-78.82281,1.3982],[-78.82448,1.3933],[-78.83574,1.38919],[-78.83497,1.39821],[-78.83113,1.39872]]],[[[-78.83065,1.36329],[-78.83628,1.3678],[-78.82347,1.36908],[-78.82322,1.36663],[-78.83065,1.36329]]],[[[-78.83136,1.42114],[-78.83904,1.42475],[-78.83954,1.43222],[-78.82623,1.43169],[-78.82701,1.4219],[-78.83136,1.42114]]],[[[-78.8516,1.40286],[-78.85199,1.40673],[-78.84571,1.40698],[-78.84637,1.38817],[-78.84932,1.38096],[-78.85623,1.38096],[-78.85854,1.378],[-78.86212,1.38303],[-78.8516,1.40286]]],[[[-78.8562,1.41936],[-78.85159,1.4209],[-78.84967,1.41755],[-78.85518,1.41214],[-78.8562,1.41936]]],[[[-78.8805,1.44566],[-78.87972,1.45339],[-78.87537,1.45429],[-78.87845,1.44566],[-78.87435,1.44256],[-78.86846,1.44758],[-78.86155,1.44616],[-78.86309,1.44023],[-78.85746,1.44048],[-78.8549,1.43481],[-78.86387,1.42941],[-78.86619,1.40957],[-78.86901,1.41086],[-78.86733,1.41937],[-78.87092,1.41937],[-78.87053,1.42787],[-78.87577,1.43045],[-78.87438,1.41499],[-78.87849,1.40276],[-78.88207,1.40224],[-78.88438,1.39671],[-78.87569,1.38459],[-78.87876,1.38253],[-78.88298,1.39258],[-78.88797,1.39491],[-78.88078,1.41062],[-78.88398,1.41242],[-78.8805,1.44566]]],[[[-78.86778,1.35237],[-78.8697,1.35675],[-78.86265,1.36371],[-78.86124,1.3619],[-78.86778,1.35237]]],[[[-78.86824,1.40519],[-78.86723,1.39128],[-78.87106,1.40494],[-78.86824,1.40519]]],[[[-78.87239,1.34465],[-78.86996,1.34233],[-78.87304,1.34027],[-78.87239,1.34465]]],[[[-78.87537,1.44772],[-78.8746,1.45145],[-78.8714,1.45055],[-78.87537,1.44772]]],[[[-78.87516,1.39541],[-78.87299,1.39283],[-78.87479,1.38948],[-78.87772,1.39567],[-78.87516,1.39541]]],[[[-78.89187,1.32766],[-78.89136,1.32212],[-78.89877,1.31555],[-78.89633,1.31243],[-78.89888,1.30785],[-78.90263,1.31684],[-78.89827,1.32251],[-78.89966,1.33324],[-78.89524,1.336],[-78.89187,1.32766]]],[[[-78.89574,1.28695],[-78.89472,1.28231],[-78.89907,1.27896],[-78.89908,1.27381],[-78.906,1.26712],[-78.90497,1.27098],[-78.90909,1.2736],[-78.90027,1.28747],[-78.89755,1.28936],[-78.89574,1.28695]]],[[[-78.90337,1.34519],[-78.89774,1.34944],[-78.8962,1.34776],[-78.91068,1.32613],[-78.91543,1.31247],[-78.91737,1.2916],[-78.9239,1.28272],[-78.93056,1.28801],[-78.92876,1.29806],[-78.92005,1.31967],[-78.90337,1.34519]]],[[[-78.90488,1.37521],[-78.90002,1.37095],[-78.90642,1.37044],[-78.9104,1.35421],[-78.90426,1.35216],[-78.90471,1.34788],[-78.9084,1.34758],[-78.90899,1.34138],[-78.91888,1.32751],[-78.92685,1.32751],[-78.9267,1.33415],[-78.92286,1.33592],[-78.92552,1.3434],[-78.92363,1.34956],[-78.92962,1.34057],[-78.92974,1.3465],[-78.91077,1.3738],[-78.90488,1.37521]]],[[[-78.92035,1.24136],[-78.92278,1.24317],[-78.9183,1.24471],[-78.92035,1.24136]]],[[[-78.93364,1.27203],[-78.92827,1.27203],[-78.92699,1.26546],[-78.93647,1.25709],[-78.93763,1.25142],[-78.94082,1.26251],[-78.93364,1.27203]]],[[[-78.9336,1.32254],[-78.93488,1.32795],[-78.93129,1.32846],[-78.9336,1.32254]]],[[[-78.93464,1.30914],[-78.94131,1.28145],[-78.94541,1.28106],[-78.94258,1.29601],[-78.93464,1.30914]]],[[[-78.93902,1.27417],[-78.93985,1.27975],[-78.93551,1.27716],[-78.93902,1.27417]]],[[[-78.93932,1.21509],[-78.94099,1.20814],[-78.94291,1.20968],[-78.94498,1.21967],[-78.94091,1.22391],[-78.93736,1.21621],[-78.93932,1.21509]]],[[[-78.96483,1.16796],[-78.95906,1.17001],[-78.95382,1.16743],[-78.95613,1.1597],[-78.95434,1.14862],[-78.95858,1.13419],[-78.96421,1.13252],[-78.97547,1.13781],[-78.98162,1.13434],[-78.98686,1.13834],[-78.99377,1.15251],[-78.99579,1.18473],[-79.00551,1.19736],[-79.00646,1.20398],[-78.99641,1.19899],[-78.99335,1.20173],[-78.99295,1.19835],[-78.98869,1.19787],[-78.99142,1.20655],[-78.98259,1.20946],[-78.9813,1.21538],[-78.97362,1.21512],[-78.96876,1.21254],[-78.96884,1.20108],[-78.96083,1.19965],[-78.95955,1.20686],[-78.95699,1.20712],[-78.94855,1.1968],[-78.93959,1.19705],[-78.93831,1.19448],[-78.95572,1.19088],[-78.95841,1.18676],[-78.95726,1.18264],[-78.94741,1.17722],[-78.94614,1.16949],[-78.94883,1.16704],[-78.96009,1.17079],[-78.96483,1.16796]]],[[[-78.94977,1.27823],[-78.95092,1.28081],[-78.9454,1.2942],[-78.94977,1.27823]]],[[[-78.94696,1.26238],[-78.94721,1.26792],[-78.94491,1.26689],[-78.94696,1.26238]]],[[[-78.95745,1.27566],[-78.95958,1.27627],[-78.95923,1.28958],[-78.95436,1.29202],[-78.95745,1.27566]]],[[[-78.98566,1.21294],[-78.9895,1.21603],[-78.99948,1.21552],[-79.00204,1.22107],[-78.99743,1.22441],[-78.99333,1.22222],[-78.98155,1.22723],[-78.96261,1.22516],[-78.96377,1.21794],[-78.97413,1.22001],[-78.98566,1.21294]]],[[[-78.9618,1.27592],[-78.96397,1.28675],[-78.96167,1.28443],[-78.9618,1.27592]]],[[[-78.9819,1.09865],[-78.98279,1.10277],[-78.97908,1.10921],[-78.9819,1.09865]]],[[[-78.97946,1.28032],[-78.98317,1.28238],[-78.98266,1.28882],[-78.97946,1.28032]]],[[[-78.98154,1.24695],[-78.99152,1.2534],[-78.98307,1.25197],[-78.98013,1.24991],[-78.98154,1.24695]]],[[[-78.98999,1.2369],[-78.9905,1.24038],[-78.98564,1.2409],[-78.98999,1.2369]]],[[[-78.98751,1.12597],[-78.99583,1.13525],[-78.99913,1.16721],[-78.99377,1.14427],[-78.98687,1.13602],[-78.98751,1.12597]]],[[[-78.99618,1.1739],[-79.00411,1.19465],[-78.99861,1.18911],[-78.99618,1.1739]]],[[[-79.01993,1.25819],[-79.01276,1.26681],[-79.00302,1.27093],[-78.99893,1.27002],[-78.99637,1.26513],[-79.01378,1.26321],[-79.01993,1.25819]]],[[[-79.03915,1.24145],[-79.0038,1.26268],[-78.99714,1.26294],[-78.99638,1.25997],[-79.03915,1.24145]]],[[[-79.00591,1.17713],[-79.01001,1.17817],[-79.01077,1.18654],[-79.00591,1.17713]]],[[[-79.0151,1.2118],[-79.01766,1.21618],[-79.01472,1.21489],[-79.0151,1.2118]]],[[[-79.02431,1.21979],[-79.02559,1.22263],[-79.02021,1.22288],[-79.02431,1.21979]]],[[[-79.03198,1.23333],[-79.03275,1.23603],[-79.02174,1.24079],[-79.03198,1.23333]]],[[[-79.03864,1.23114],[-79.03915,1.23346],[-79.03326,1.2399],[-79.03864,1.23114]]],[[[-79.55227,0.73399],[-79.54715,0.73115],[-79.54971,0.7296],[-79.55227,0.73399]]],[[[-79.54842,0.76376],[-79.55149,0.7675],[-79.54765,0.7675],[-79.54842,0.76376]]],[[[-79.62367,0.87037],[-79.62546,0.87424],[-79.61675,0.87385],[-79.61035,0.86727],[-79.60779,0.85542],[-79.61241,0.85039],[-79.61509,0.86315],[-79.62367,0.87037]]],[[[-79.61165,0.82784],[-79.61651,0.83093],[-79.61472,0.83222],[-79.61165,0.82784]]],[[[-79.71765,-2.45756],[-79.72021,-2.45744],[-79.72201,-2.45087],[-79.71765,-2.45756]]],[[[-79.73254,-2.71464],[-79.73795,-2.71286],[-79.73774,-2.70534],[-79.73364,-2.70828],[-79.73254,-2.71464]]],[[[-79.76594,-2.62646],[-79.77157,-2.62028],[-79.77043,-2.61022],[-79.77827,-2.58883],[-79.7688,-2.57542],[-79.76598,-2.57568],[-79.76212,-2.58663],[-79.75237,-2.59371],[-79.73879,-2.59318],[-79.73853,-2.59704],[-79.75621,-2.60222],[-79.75978,-2.62439],[-79.76594,-2.62646]]],[[[-79.75768,-2.67053],[-79.75999,-2.67002],[-79.75974,-2.66306],[-79.75563,-2.66822],[-79.75768,-2.67053]]],[[[-79.77219,-2.50879],[-79.77963,-2.50454],[-79.79285,-2.48444],[-79.79453,-2.46511],[-79.78966,-2.46511],[-79.78709,-2.47052],[-79.77453,-2.46999],[-79.77837,-2.47515],[-79.77272,-2.49151],[-79.77015,-2.49525],[-79.76093,-2.49421],[-79.77219,-2.50879]]],[[[-79.77901,-2.68318],[-79.77587,-2.67802],[-79.76742,-2.67479],[-79.76588,-2.67801],[-79.77901,-2.68318]]],[[[-79.77702,-2.55223],[-79.78151,-2.54811],[-79.7819,-2.54244],[-79.77627,-2.53637],[-79.77305,-2.54552],[-79.77702,-2.55223]]],[[[-79.78043,-2.73809],[-79.78786,-2.73759],[-79.78838,-2.73114],[-79.78402,-2.73255],[-79.77941,-2.72959],[-79.78019,-2.72211],[-79.77762,-2.72237],[-79.77377,-2.73267],[-79.78043,-2.73809]]],[[[-79.77802,-2.58084],[-79.78571,-2.57827],[-79.77828,-2.57723],[-79.77802,-2.58084]]],[[[-79.79284,-2.62906],[-79.80233,-2.62211],[-79.7908,-2.62004],[-79.79002,-2.62764],[-79.79284,-2.62906]]],[[[-79.79608,-2.44655],[-79.80007,-2.43676],[-79.79481,-2.43804],[-79.79608,-2.44655]]],[[[-79.80507,-2.42774],[-79.80405,-2.4222],[-79.80123,-2.42413],[-79.80507,-2.42774]]],[[[-79.8079,-2.41756],[-79.80893,-2.41486],[-79.80226,-2.41446],[-79.8079,-2.41756]]],[[[-79.80245,-2.49051],[-79.80759,-2.48059],[-79.80708,-2.47234],[-79.80336,-2.47827],[-79.80245,-2.49051]]],[[[-79.81679,-2.50561],[-79.81231,-2.49864],[-79.82424,-2.49195],[-79.82783,-2.48396],[-79.82618,-2.4672],[-79.83337,-2.45097],[-79.82991,-2.45174],[-79.82851,-2.44529],[-79.83376,-2.44092],[-79.82865,-2.42673],[-79.81876,-2.45714],[-79.81989,-2.48241],[-79.80642,-2.49554],[-79.80513,-2.50817],[-79.8091,-2.51166],[-79.81679,-2.50561]]],[[[-79.82457,-2.40288],[-79.82919,-2.40095],[-79.83163,-2.39503],[-79.83176,-2.38265],[-79.82792,-2.38278],[-79.81805,-2.39166],[-79.82457,-2.40288]]],[[[-79.8184,-2.42208],[-79.82712,-2.41797],[-79.82584,-2.4141],[-79.822,-2.41513],[-79.8184,-2.42208]]],[[[-79.86493,-2.55592],[-79.86033,-2.54625],[-79.85392,-2.54585],[-79.85303,-2.53992],[-79.86059,-2.53851],[-79.8547,-2.53644],[-79.85394,-2.52897],[-79.8451,-2.5211],[-79.8418,-2.49119],[-79.83898,-2.49042],[-79.82652,-2.52185],[-79.82754,-2.52753],[-79.83241,-2.52946],[-79.83445,-2.53449],[-79.82907,-2.53449],[-79.82842,-2.54609],[-79.81881,-2.54479],[-79.82585,-2.55202],[-79.82571,-2.56194],[-79.83007,-2.56156],[-79.83608,-2.57265],[-79.83569,-2.57755],[-79.82774,-2.58218],[-79.83543,-2.58219],[-79.8385,-2.59521],[-79.84477,-2.60075],[-79.84297,-2.60539],[-79.84617,-2.61352],[-79.8536,-2.61623],[-79.85308,-2.62345],[-79.85847,-2.62397],[-79.86128,-2.63493],[-79.86897,-2.6321],[-79.87191,-2.63558],[-79.87356,-2.65311],[-79.88023,-2.65389],[-79.88101,-2.64435],[-79.87538,-2.63198],[-79.8773,-2.62888],[-79.87346,-2.62914],[-79.86847,-2.61882],[-79.85412,-2.61623],[-79.84708,-2.59818],[-79.84723,-2.58091],[-79.85543,-2.57963],[-79.8562,-2.57447],[-79.8498,-2.56957],[-79.85045,-2.55487],[-79.85225,-2.55101],[-79.85597,-2.55243],[-79.8616,-2.55978],[-79.86621,-2.55824],[-79.86493,-2.55592]]],[[[-79.84689,-2.66404],[-79.85869,-2.65787],[-79.85575,-2.65593],[-79.85536,-2.65903],[-79.8492,-2.66044],[-79.84485,-2.65773],[-79.84793,-2.64768],[-79.83717,-2.64895],[-79.83627,-2.65411],[-79.84689,-2.66404]]],[[[-79.84289,-2.25209],[-79.84674,-2.25145],[-79.86021,-2.21898],[-79.85882,-2.20106],[-79.84652,-2.20002],[-79.84165,-2.2053],[-79.83921,-2.21406],[-79.84457,-2.23521],[-79.84289,-2.25209]]],[[[-79.85591,-2.31797],[-79.85617,-2.30508],[-79.84862,-2.30301],[-79.84643,-2.31693],[-79.85591,-2.31797]]],[[[-79.85561,-2.36501],[-79.85946,-2.3636],[-79.85946,-2.35973],[-79.85576,-2.34504],[-79.85718,-2.3355],[-79.8541,-2.33189],[-79.85756,-2.33137],[-79.85949,-2.32351],[-79.84745,-2.32337],[-79.8519,-2.35741],[-79.85561,-2.36501]]],[[[-79.89357,-2.33089],[-79.89409,-2.32225],[-79.8973,-2.32006],[-79.89602,-2.31233],[-79.90563,-2.31478],[-79.90525,-2.30666],[-79.89718,-2.30227],[-79.89795,-2.29635],[-79.90343,-2.2942],[-79.89232,-2.2877],[-79.87361,-2.28834],[-79.87283,-2.30458],[-79.87027,-2.30457],[-79.86618,-2.29735],[-79.8631,-2.29709],[-79.8644,-2.27518],[-79.86915,-2.26848],[-79.86338,-2.26152],[-79.85196,-2.28342],[-79.85003,-2.29605],[-79.85464,-2.29979],[-79.85977,-2.2958],[-79.85891,-2.30241],[-79.86334,-2.3123],[-79.86318,-2.36438],[-79.85957,-2.385],[-79.86149,-2.38783],[-79.86739,-2.38217],[-79.86328,-2.3908],[-79.85995,-2.38912],[-79.86276,-2.40459],[-79.86673,-2.40691],[-79.86159,-2.42676],[-79.85581,-2.43114],[-79.86618,-2.45435],[-79.87117,-2.45654],[-79.87412,-2.45513],[-79.87374,-2.44946],[-79.86938,-2.44894],[-79.87605,-2.44482],[-79.86593,-2.43888],[-79.87119,-2.43244],[-79.86555,-2.43179],[-79.86812,-2.4278],[-79.86479,-2.42779],[-79.86633,-2.42509],[-79.87094,-2.42612],[-79.87133,-2.42187],[-79.87555,-2.43012],[-79.88016,-2.42961],[-79.88682,-2.43464],[-79.88862,-2.42962],[-79.8958,-2.42627],[-79.89376,-2.4206],[-79.88299,-2.41904],[-79.87786,-2.42355],[-79.87146,-2.41852],[-79.87223,-2.41233],[-79.88121,-2.40577],[-79.88596,-2.3943],[-79.88507,-2.39108],[-79.87417,-2.40177],[-79.88456,-2.38424],[-79.88534,-2.37445],[-79.88175,-2.37045],[-79.88073,-2.35949],[-79.87073,-2.36464],[-79.87396,-2.33577],[-79.87742,-2.33526],[-79.87627,-2.32907],[-79.8814,-2.32649],[-79.8828,-2.34042],[-79.88473,-2.33449],[-79.88639,-2.33862],[-79.88395,-2.34222],[-79.88728,-2.343],[-79.88894,-2.34854],[-79.88995,-2.3711],[-79.90226,-2.36595],[-79.90648,-2.37369],[-79.91071,-2.37395],[-79.91174,-2.36751],[-79.91725,-2.3639],[-79.91687,-2.35862],[-79.90765,-2.35255],[-79.90585,-2.35745],[-79.90201,-2.35822],[-79.89958,-2.34894],[-79.90715,-2.34276],[-79.89793,-2.33012],[-79.89357,-2.33089]]],[[[-79.87899,-2.60375],[-79.87234,-2.58789],[-79.87056,-2.56701],[-79.868,-2.56623],[-79.87208,-2.59511],[-79.87899,-2.60375]]],[[[-79.87345,-2.48993],[-79.87807,-2.48426],[-79.87474,-2.47936],[-79.87166,-2.48116],[-79.87345,-2.48993]]],[[[-79.88035,-2.51236],[-79.88317,-2.50876],[-79.88126,-2.50128],[-79.88755,-2.49304],[-79.876,-2.50102],[-79.88035,-2.51236]]],[[[-79.88752,-2.5281],[-79.88497,-2.51237],[-79.88099,-2.51365],[-79.88752,-2.5281]]],[[[-79.89276,-2.38412],[-79.8984,-2.38348],[-79.89995,-2.37214],[-79.892,-2.37523],[-79.88943,-2.38064],[-79.89276,-2.38412]]],[[[-79.91525,-2.46328],[-79.92115,-2.45852],[-79.91795,-2.4531],[-79.91911,-2.44795],[-79.91476,-2.44305],[-79.9086,-2.44381],[-79.90822,-2.43763],[-79.90245,-2.44458],[-79.90014,-2.44381],[-79.90105,-2.4335],[-79.89887,-2.43195],[-79.8899,-2.43349],[-79.89912,-2.44819],[-79.9118,-2.45439],[-79.91166,-2.46276],[-79.91525,-2.46328]]],[[[-79.88981,-2.54318],[-79.89365,-2.5428],[-79.89084,-2.53841],[-79.88981,-2.54318]]],[[[-79.89313,-2.55684],[-79.89775,-2.55337],[-79.89468,-2.54344],[-79.89006,-2.54537],[-79.89313,-2.55684]]],[[[-79.95569,-2.53421],[-79.95929,-2.52919],[-79.97518,-2.52714],[-79.97865,-2.51554],[-79.97058,-2.51373],[-79.93828,-2.51886],[-79.9334,-2.52388],[-79.91265,-2.50749],[-79.91522,-2.50105],[-79.90805,-2.49911],[-79.89202,-2.50361],[-79.89138,-2.50722],[-79.90547,-2.51354],[-79.8988,-2.52127],[-79.90136,-2.52321],[-79.90751,-2.52051],[-79.90904,-2.53147],[-79.90545,-2.53224],[-79.90622,-2.53688],[-79.90965,-2.53026],[-79.91571,-2.52915],[-79.91609,-2.53224],[-79.92314,-2.53225],[-79.92954,-2.5445],[-79.93338,-2.5436],[-79.93121,-2.53741],[-79.9339,-2.53548],[-79.94364,-2.53691],[-79.94748,-2.54142],[-79.95569,-2.53421]]],[[[-79.89545,-3.08339],[-79.89304,-3.06457],[-79.89153,-3.06801],[-79.89545,-3.08339]]],[[[-79.89684,-2.40797],[-79.89813,-2.40372],[-79.90018,-2.40604],[-79.90351,-2.40282],[-79.90082,-2.39844],[-79.89544,-2.40152],[-79.89684,-2.40797]]],[[[-79.90336,-2.57851],[-79.9076,-2.57632],[-79.90133,-2.56136],[-79.89851,-2.56407],[-79.90132,-2.56652],[-79.89927,-2.57631],[-79.90336,-2.57851]]],[[[-80.11732,-2.70152],[-80.11118,-2.69353],[-80.09388,-2.6881],[-80.0858,-2.68668],[-80.08785,-2.69145],[-80.07605,-2.69092],[-80.0435,-2.68136],[-80.04248,-2.67878],[-80.03223,-2.67748],[-80.02376,-2.68212],[-80.01197,-2.68288],[-80.00274,-2.68803],[-80.00247,-2.69641],[-79.99991,-2.6906],[-79.99556,-2.69008],[-79.9794,-2.69806],[-79.99042,-2.70529],[-79.99169,-2.70993],[-79.97375,-2.7076],[-79.96631,-2.71558],[-79.94785,-2.71801],[-79.94464,-2.72201],[-79.90194,-2.7395],[-79.89963,-2.74594],[-79.90614,-2.76863],[-79.90973,-2.77534],[-79.93112,-2.79302],[-79.96983,-2.79486],[-79.97751,-2.80324],[-80.00084,-2.81242],[-80.00622,-2.81771],[-80.01517,-2.83756],[-80.01825,-2.83654],[-80.02197,-2.84221],[-80.02953,-2.83964],[-80.03031,-2.83268],[-80.03171,-2.83938],[-80.03979,-2.83423],[-80.04415,-2.83553],[-80.04427,-2.843],[-80.05261,-2.84069],[-80.0571,-2.83554],[-80.06158,-2.84044],[-80.06351,-2.83528],[-80.06363,-2.83954],[-80.07299,-2.84664],[-80.08133,-2.83801],[-80.08184,-2.83169],[-80.08953,-2.83466],[-80.09646,-2.83338],[-80.10594,-2.83828],[-80.10979,-2.83481],[-80.11492,-2.83533],[-80.11544,-2.82695],[-80.118,-2.83146],[-80.11645,-2.83558],[-80.11992,-2.83688],[-80.1221,-2.83404],[-80.12697,-2.83456],[-80.13031,-2.82825],[-80.13646,-2.8298],[-80.1385,-2.83844],[-80.1462,-2.83702],[-80.15003,-2.85082],[-80.15145,-2.8467],[-80.1585,-2.84722],[-80.16028,-2.85702],[-80.16644,-2.85418],[-80.16567,-2.85109],[-80.17311,-2.8547],[-80.17375,-2.85883],[-80.16849,-2.85676],[-80.16554,-2.86089],[-80.16887,-2.86321],[-80.15925,-2.86501],[-80.15771,-2.87248],[-80.16309,-2.87597],[-80.16796,-2.87481],[-80.16257,-2.88177],[-80.16796,-2.88035],[-80.16488,-2.88357],[-80.1659,-2.88899],[-80.17411,-2.88977],[-80.17077,-2.89454],[-80.16308,-2.89479],[-80.16256,-2.89775],[-80.15128,-2.89465],[-80.15128,-2.89929],[-80.13718,-2.89915],[-80.11755,-2.90726],[-80.12408,-2.92918],[-80.11959,-2.92943],[-80.12689,-2.9431],[-80.13035,-2.94181],[-80.14098,-2.95484],[-80.12791,-2.94619],[-80.12457,-2.9489],[-80.11791,-2.94748],[-80.12124,-2.95263],[-80.11688,-2.95263],[-80.10919,-2.9485],[-80.11188,-2.94438],[-80.10919,-2.94205],[-80.09765,-2.94385],[-80.10034,-2.95081],[-80.09508,-2.95596],[-80.10186,-2.97505],[-80.1084,-2.97428],[-80.10596,-2.98021],[-80.11684,-2.99942],[-80.123,-2.98912],[-80.13057,-2.98848],[-80.12557,-2.99131],[-80.12822,-2.99346],[-80.13942,-2.98758],[-80.14915,-3.00216],[-80.15402,-3.00371],[-80.14837,-3.01015],[-80.15966,-3.0108],[-80.1612,-3.0081],[-80.17094,-3.00707],[-80.16684,-3.0032],[-80.17249,-2.9965],[-80.1789,-2.99831],[-80.19429,-2.99458],[-80.19839,-2.99781],[-80.21685,-2.99886],[-80.21659,-3.00156],[-80.21326,-3.00156],[-80.21454,-3.00491],[-80.22685,-3.00183],[-80.22018,-3.00866],[-80.22454,-3.01265],[-80.2389,-3.00777],[-80.23736,-3.01305],[-80.21504,-3.01987],[-80.21171,-3.01948],[-80.21197,-3.01381],[-80.20479,-3.01483],[-80.20914,-3.02102],[-80.23069,-3.0213],[-80.22863,-3.02709],[-80.20709,-3.02424],[-80.20363,-3.01973],[-80.19991,-3.02359],[-80.18799,-3.02049],[-80.18786,-3.01714],[-80.1835,-3.01726],[-80.1853,-3.00966],[-80.17504,-3.00914],[-80.16914,-3.01506],[-80.16479,-3.00887],[-80.16427,-3.01557],[-80.16863,-3.01609],[-80.17093,-3.02873],[-80.19502,-3.04202],[-80.20297,-3.04048],[-80.2176,-3.03057],[-80.24325,-3.02904],[-80.23093,-3.03406],[-80.22209,-3.03212],[-80.22016,-3.03508],[-80.2258,-3.0356],[-80.26094,-3.02647],[-80.26211,-3.01642],[-80.2725,-2.99993],[-80.26648,-2.98755],[-80.26189,-2.95738],[-80.26233,-2.86198],[-80.25798,-2.85502],[-80.2571,-2.83104],[-80.25184,-2.82846],[-80.24544,-2.81479],[-80.23597,-2.78488],[-80.22521,-2.77546],[-80.23033,-2.78384],[-80.22751,-2.78462],[-80.21765,-2.76759],[-80.21754,-2.73898],[-80.20678,-2.73162],[-80.1855,-2.72929],[-80.18268,-2.73225],[-80.1655,-2.72682],[-80.14628,-2.71534],[-80.14321,-2.71701],[-80.13296,-2.70837],[-80.12219,-2.71029],[-80.11732,-2.70152]]],[[[-79.90264,-2.52759],[-79.90623,-2.52476],[-79.90264,-2.52424],[-79.90264,-2.52759]]],[[[-79.90756,-2.46121],[-79.90705,-2.45748],[-79.90475,-2.45799],[-79.90756,-2.46121]]],[[[-79.91093,-2.41365],[-79.91684,-2.40515],[-79.91248,-2.39948],[-79.90543,-2.40102],[-79.90966,-2.4054],[-79.91093,-2.41365]]],[[[-79.90724,-2.54203],[-79.9134,-2.53572],[-79.90622,-2.53842],[-79.90724,-2.54203]]],[[[-79.91221,-2.425],[-79.91452,-2.41959],[-79.90786,-2.41649],[-79.91221,-2.425]]],[[[-79.908,-2.55918],[-79.91043,-2.55905],[-79.91108,-2.55299],[-79.908,-2.55918]]],[[[-79.91156,-2.5856],[-79.91413,-2.582],[-79.91105,-2.5798],[-79.90836,-2.58225],[-79.91156,-2.5856]]],[[[-79.91046,-2.67673],[-79.91328,-2.67545],[-79.91226,-2.66707],[-79.90918,-2.67145],[-79.91046,-2.67673]]],[[[-79.91343,-2.49074],[-79.91395,-2.48532],[-79.9096,-2.48442],[-79.90959,-2.48996],[-79.91343,-2.49074]]],[[[-79.91826,-2.54604],[-79.91852,-2.53946],[-79.91224,-2.54384],[-79.91826,-2.54604]]],[[[-79.91496,-2.50853],[-79.92163,-2.50389],[-79.91535,-2.50389],[-79.91496,-2.50853]]],[[[-79.91997,-2.33258],[-79.92151,-2.32794],[-79.92664,-2.32653],[-79.92484,-2.32369],[-79.9192,-2.32498],[-79.91997,-2.33258]]],[[[-79.91959,-2.48649],[-79.9219,-2.48249],[-79.93023,-2.48327],[-79.9287,-2.47734],[-79.91985,-2.47734],[-79.91959,-2.48649]]],[[[-79.91899,-2.26929],[-79.92438,-2.26363],[-79.92028,-2.26027],[-79.91899,-2.26929]]],[[[-79.92482,-2.35076],[-79.93572,-2.34819],[-79.93598,-2.34072],[-79.93944,-2.33659],[-79.93381,-2.33092],[-79.92804,-2.33375],[-79.92663,-2.33865],[-79.93098,-2.33839],[-79.92919,-2.34161],[-79.92073,-2.34135],[-79.91893,-2.34521],[-79.92482,-2.35076]]],[[[-79.91899,-2.59154],[-79.92361,-2.58974],[-79.91899,-2.58793],[-79.91899,-2.59154]]],[[[-79.91948,-2.30474],[-79.92614,-2.29817],[-79.92358,-2.29585],[-79.91948,-2.30474]]],[[[-79.92262,-2.54127],[-79.92211,-2.53766],[-79.91929,-2.53831],[-79.92262,-2.54127]]],[[[-79.91951,-2.58767],[-79.9231,-2.58304],[-79.92028,-2.58278],[-79.91951,-2.58767]]],[[[-79.92566,-2.58343],[-79.92708,-2.57582],[-79.92029,-2.57246],[-79.92566,-2.58343]]],[[[-79.92424,-2.44666],[-79.92604,-2.4397],[-79.92155,-2.44511],[-79.92424,-2.44666]]],[[[-79.92769,-2.29237],[-79.93076,-2.29173],[-79.92923,-2.27987],[-79.92372,-2.28502],[-79.92769,-2.29237]]],[[[-79.93055,-2.561],[-79.93517,-2.55856],[-79.92978,-2.55829],[-79.93055,-2.561]]],[[[-79.93385,-2.28116],[-79.93615,-2.28091],[-79.93385,-2.27601],[-79.93077,-2.27974],[-79.93385,-2.28116]]],[[[-79.9351,-2.32048],[-79.93997,-2.31906],[-79.93382,-2.31429],[-79.93126,-2.31609],[-79.9351,-2.32048]]],[[[-79.93626,-2.46846],[-79.93755,-2.46188],[-79.93371,-2.46059],[-79.93191,-2.46626],[-79.93626,-2.46846]]],[[[-79.95153,-2.60368],[-79.9923,-2.59753],[-79.99051,-2.58928],[-79.99539,-2.57871],[-80.00078,-2.57459],[-79.99206,-2.57923],[-79.99,-2.58747],[-79.98487,-2.58631],[-79.98256,-2.58927],[-79.98435,-2.59546],[-79.98179,-2.59662],[-79.94718,-2.59698],[-79.94412,-2.58125],[-79.94027,-2.58718],[-79.94142,-2.59053],[-79.9327,-2.598],[-79.95153,-2.60368]]],[[[-79.94196,-2.39357],[-79.94376,-2.38764],[-79.9585,-2.3825],[-79.95966,-2.37863],[-79.95633,-2.37528],[-79.94685,-2.37604],[-79.94146,-2.37991],[-79.94223,-2.38429],[-79.9371,-2.38635],[-79.93786,-2.38893],[-79.93376,-2.38944],[-79.94196,-2.39357]]],[[[-79.93767,-2.30102],[-79.93999,-2.29303],[-79.93691,-2.29328],[-79.93767,-2.30102]]],[[[-79.95435,-2.28066],[-79.96346,-2.26469],[-79.96013,-2.26185],[-79.96282,-2.25566],[-79.95847,-2.25514],[-79.95898,-2.24741],[-79.95476,-2.24096],[-79.94156,-2.24482],[-79.93694,-2.25152],[-79.93745,-2.2559],[-79.94796,-2.25307],[-79.94822,-2.24895],[-79.95437,-2.24741],[-79.95808,-2.25669],[-79.95654,-2.26313],[-79.9477,-2.26235],[-79.95462,-2.26571],[-79.94462,-2.27189],[-79.94487,-2.27421],[-79.9523,-2.2737],[-79.95102,-2.27963],[-79.95435,-2.28066]]],[[[-79.93918,-2.34355],[-79.94405,-2.34162],[-79.94303,-2.33879],[-79.93918,-2.34355]]],[[[-79.98328,-2.64999],[-79.99687,-2.64587],[-79.96561,-2.63386],[-79.95356,-2.63243],[-79.94869,-2.62856],[-79.94844,-2.62302],[-79.94498,-2.62327],[-79.94459,-2.63461],[-79.93946,-2.63551],[-79.94714,-2.64441],[-79.93945,-2.6435],[-79.94265,-2.64776],[-79.94611,-2.6497],[-79.95073,-2.64519],[-79.98328,-2.64999]]],[[[-79.94122,-2.36482],[-79.94301,-2.36122],[-79.94916,-2.36006],[-79.94635,-2.35684],[-79.94058,-2.3598],[-79.94122,-2.36482]]],[[[-79.94127,-2.28581],[-79.9441,-2.28272],[-79.94179,-2.27911],[-79.94127,-2.28581]]],[[[-79.94249,-2.37475],[-79.94915,-2.37385],[-79.94736,-2.37102],[-79.94172,-2.37269],[-79.94249,-2.37475]]],[[[-79.95484,-2.30928],[-79.95753,-2.30773],[-79.95639,-2.29613],[-79.94562,-2.29509],[-79.9428,-2.29896],[-79.94382,-2.3054],[-79.95484,-2.30928]]],[[[-79.95535,-2.48562],[-79.95445,-2.48329],[-79.96009,-2.48021],[-79.96752,-2.48202],[-79.97496,-2.47751],[-79.98189,-2.46694],[-79.98804,-2.46927],[-79.99368,-2.46592],[-79.98395,-2.4605],[-79.98343,-2.4663],[-79.97215,-2.46836],[-79.96522,-2.47557],[-79.96215,-2.47196],[-79.95523,-2.47376],[-79.95472,-2.46963],[-79.95023,-2.47581],[-79.95343,-2.4784],[-79.95189,-2.48187],[-79.94523,-2.47916],[-79.94701,-2.49489],[-79.94316,-2.49618],[-79.94662,-2.50159],[-79.95341,-2.49773],[-79.95598,-2.49541],[-79.95509,-2.48974],[-79.95906,-2.49077],[-79.95535,-2.48562]]],[[[-79.94575,-2.46473],[-79.95755,-2.45275],[-79.96268,-2.45159],[-79.96243,-2.44772],[-79.95422,-2.45249],[-79.95217,-2.45713],[-79.94602,-2.45532],[-79.94575,-2.46473]]],[[[-79.94973,-2.28311],[-79.95127,-2.28014],[-79.9473,-2.28014],[-79.94973,-2.28311]]],[[[-79.95711,-2.35955],[-79.96083,-2.35646],[-79.96045,-2.34563],[-79.94917,-2.34949],[-79.95711,-2.35955]]],[[[-79.95533,-2.34627],[-79.95866,-2.34151],[-79.95251,-2.3348],[-79.95097,-2.34047],[-79.95533,-2.34627]]],[[[-79.96092,-2.40158],[-79.9658,-2.39565],[-79.95555,-2.38842],[-79.95068,-2.391],[-79.96169,-2.39745],[-79.96092,-2.40158]]],[[[-79.95227,-2.31495],[-79.95586,-2.31263],[-79.95138,-2.31263],[-79.95227,-2.31495]]],[[[-79.95421,-2.46911],[-79.95511,-2.46628],[-79.96216,-2.46461],[-79.96318,-2.45958],[-79.95447,-2.46241],[-79.95421,-2.46911]]],[[[-79.9532,-2.44669],[-79.96051,-2.44334],[-79.95782,-2.43676],[-79.95423,-2.43973],[-79.9532,-2.44669]]],[[[-79.96413,0.21269],[-79.96694,0.21359],[-79.96963,0.22416],[-79.96502,0.23551],[-79.9672,0.24943],[-79.96105,0.25033],[-79.95708,0.24479],[-79.95375,0.22519],[-79.95747,0.22494],[-79.96105,0.21398],[-79.96413,0.21269]]],[[[-79.96484,-2.30748],[-79.96932,-2.30491],[-79.96843,-2.3013],[-79.96279,-2.2973],[-79.95844,-2.29923],[-79.96484,-2.30748]]],[[[-79.963,-2.36317],[-79.96685,-2.35363],[-79.96275,-2.35285],[-79.95903,-2.36162],[-79.963,-2.36317]]],[[[-79.96399,-2.41318],[-79.96874,-2.40236],[-79.96656,-2.40029],[-79.96002,-2.40905],[-79.96399,-2.41318]]],[[[-80.01355,-2.63016],[-80.01573,-2.62849],[-80.01304,-2.62513],[-80.01458,-2.6192],[-80.00446,-2.61249],[-79.99741,-2.61416],[-79.98486,-2.60758],[-79.96204,-2.61065],[-79.96486,-2.61349],[-79.9887,-2.61493],[-79.99023,-2.6179],[-80.00561,-2.62087],[-80.00663,-2.62912],[-80.01355,-2.63016]]],[[[-79.96641,-2.59158],[-79.97693,-2.58824],[-79.9759,-2.58604],[-79.9718,-2.58746],[-79.96976,-2.57908],[-79.9754,-2.57779],[-79.98061,-2.58171],[-79.97822,-2.57522],[-79.96527,-2.57534],[-79.96206,-2.58023],[-79.96641,-2.59158]]],[[[-79.96661,-2.32952],[-79.97546,-2.32786],[-79.9797,-2.30749],[-79.96354,-2.32192],[-79.96661,-2.32952]]],[[[-79.9676,-2.38714],[-79.96658,-2.38147],[-79.96478,-2.38663],[-79.9676,-2.38714]]],[[[-79.96735,-2.37722],[-79.97325,-2.36872],[-79.96479,-2.36948],[-79.96735,-2.37722]]],[[[-79.96653,-2.44051],[-79.9682,-2.43587],[-79.96577,-2.43509],[-79.96653,-2.44051]]],[[[-79.96746,0.21488],[-79.97847,0.22004],[-79.98256,0.23422],[-79.97001,0.24182],[-79.9663,0.23937],[-79.9704,0.22674],[-79.96746,0.21488]]],[[[-79.97281,-2.26134],[-79.96769,-2.25773],[-79.96743,-2.26056],[-79.97281,-2.26134]]],[[[-79.96847,0.28423],[-79.97462,0.28849],[-79.96822,0.2881],[-79.96847,0.28423]]],[[[-79.99696,-2.53515],[-80.01171,-2.52871],[-80.01056,-2.52046],[-80.00646,-2.52072],[-80.00954,-2.50834],[-79.9998,-2.50576],[-79.98956,-2.49492],[-79.97828,-2.49478],[-79.97068,-2.49843],[-79.96981,-2.5087],[-79.98391,-2.51013],[-79.98595,-2.52044],[-79.99633,-2.52432],[-79.99569,-2.52728],[-79.9862,-2.53127],[-79.99286,-2.5314],[-79.99696,-2.53515]]],[[[-79.98538,0.17595],[-79.98257,0.18988],[-79.97002,0.19194],[-79.97092,0.18188],[-79.98538,0.17595]]],[[[-79.97036,-2.46049],[-79.97395,-2.46024],[-79.97524,-2.45134],[-79.97883,-2.45083],[-79.97754,-2.45457],[-79.98831,-2.44878],[-79.98216,-2.44413],[-79.99088,-2.44581],[-79.99665,-2.4413],[-79.97807,-2.43768],[-79.97448,-2.44155],[-79.97036,-2.46049]]],[[[-79.97464,-2.22203],[-79.97669,-2.21726],[-79.97438,-2.2152],[-79.97041,-2.21958],[-79.97464,-2.22203]]],[[[-79.97064,-2.43007],[-79.98116,-2.42222],[-79.9809,-2.4177],[-79.97347,-2.42066],[-79.97064,-2.43007]]],[[[-79.97658,-2.36807],[-79.97633,-2.36163],[-79.97095,-2.35956],[-79.97082,-2.36601],[-79.97658,-2.36807]]],[[[-79.97539,-2.24149],[-79.97514,-2.23788],[-79.97232,-2.23814],[-79.97142,-2.24072],[-79.97539,-2.24149]]],[[[-79.99447,-2.43641],[-79.99935,-2.42919],[-79.99744,-2.41553],[-80.00603,-2.40986],[-80.005,-2.40599],[-79.9886,-2.41101],[-79.97322,-2.40932],[-79.97193,-2.41602],[-79.9868,-2.41229],[-79.98718,-2.41732],[-79.97576,-2.43291],[-79.9882,-2.43408],[-79.99166,-2.43073],[-79.99447,-2.43641]]],[[[-79.98501,-2.40649],[-79.98783,-2.40624],[-79.9872,-2.39747],[-79.99092,-2.39206],[-80.00168,-2.38846],[-79.97657,-2.38702],[-79.97221,-2.39166],[-79.98335,-2.39644],[-79.97912,-2.40004],[-79.98501,-2.40649]]],[[[-79.9874,-2.2959],[-79.9915,-2.29306],[-79.98894,-2.28662],[-79.98177,-2.28403],[-79.97947,-2.27836],[-79.9728,-2.27836],[-79.97267,-2.28506],[-79.97536,-2.28712],[-79.97946,-2.28493],[-79.98689,-2.28752],[-79.9874,-2.2959]]],[[[-79.98154,0.23551],[-79.98128,0.23834],[-79.97539,0.23963],[-79.98154,0.23551]]],[[[-79.97785,-2.38535],[-79.98208,-2.38174],[-79.9776,-2.37684],[-79.97785,-2.38535]]],[[[-79.98124,-2.3044],[-79.98509,-2.30311],[-79.98646,-2.2983],[-79.98124,-2.3044]]],[[[-79.9841,0.25987],[-79.98884,0.26412],[-79.9864,0.27109],[-79.98205,0.26464],[-79.9841,0.25987]]],[[[-79.99712,0.55029],[-79.98252,0.55442],[-79.98329,0.54823],[-79.98752,0.54514],[-79.99712,0.55029]]],[[[-79.9856,0.5414],[-79.98611,0.54565],[-79.98304,0.54694],[-79.9856,0.5414]]],[[[-79.99116,-3.2923],[-79.99206,-3.28921],[-79.98809,-3.28663],[-79.98603,-3.2905],[-79.99116,-3.2923]]],[[[-79.98944,0.56447],[-79.99392,0.56731],[-79.99213,0.57272],[-79.99891,0.58381],[-79.99686,0.58587],[-79.99456,0.58071],[-79.98982,0.5802],[-79.99072,0.57504],[-79.98675,0.57272],[-79.98662,0.5655],[-79.98944,0.56447]]],[[[-79.98873,-2.5702],[-79.99066,-2.56479],[-79.99386,-2.56956],[-80.00475,-2.56996],[-80.00437,-2.56248],[-79.99028,-2.5586],[-79.98669,-2.56246],[-79.98873,-2.5702]]],[[[-79.99627,-3.30829],[-79.99577,-3.30275],[-79.98858,-3.30365],[-79.99627,-3.30829]]],[[[-80.01008,-2.47019],[-80.00881,-2.45717],[-80.00291,-2.46077],[-79.99984,-2.45935],[-80.00548,-2.45162],[-80.00356,-2.44827],[-80.01267,-2.43951],[-80.01651,-2.44493],[-80.01036,-2.44724],[-80.01779,-2.44957],[-80.01816,-2.46427],[-80.02251,-2.47149],[-80.01482,-2.47999],[-80.01622,-2.48682],[-80.02186,-2.48644],[-80.02121,-2.49546],[-80.02531,-2.49959],[-80.02672,-2.49701],[-80.03428,-2.49934],[-80.03072,-2.46634],[-80.02176,-2.44906],[-80.02446,-2.43282],[-80.02088,-2.42727],[-80.01472,-2.43191],[-80.01703,-2.43823],[-80.01062,-2.43719],[-80.01242,-2.43255],[-80.0028,-2.43693],[-79.99831,-2.45162],[-79.99369,-2.45213],[-79.98907,-2.46154],[-80.00701,-2.46593],[-80.01008,-2.47019]]],[[[-79.99175,0.54062],[-79.99636,0.54359],[-79.99507,0.54578],[-79.99059,0.54385],[-79.99175,0.54062]]],[[[-80.00263,-3.36631],[-79.99981,-3.3614],[-79.99186,-3.36384],[-80.00263,-3.36631]]],[[[-79.99803,-3.34684],[-80.00419,-3.3413],[-79.99522,-3.33742],[-79.99239,-3.34516],[-79.99803,-3.34684]]],[[[-79.99736,-2.33715],[-79.99724,-2.33303],[-79.99352,-2.33225],[-79.99736,-2.33715]]],[[[-79.99507,0.55622],[-79.99482,0.55261],[-79.99789,0.55468],[-79.99776,0.56035],[-80.00237,0.56318],[-79.99789,0.56679],[-79.99315,0.56215],[-79.99507,0.55622]]],[[[-79.99712,0.56911],[-80.00198,0.57427],[-80.00262,0.58329],[-80.0007,0.57633],[-79.9984,0.57814],[-79.99443,0.5735],[-79.99712,0.56911]]],[[[-80.00201,0.36287],[-80.01738,0.36996],[-80.02519,0.37756],[-80.03837,0.39639],[-80.03837,0.4018],[-80.03095,0.4018],[-79.99715,0.38994],[-79.99446,0.37215],[-80.00201,0.36287]]],[[[-80.00092,-2.38536],[-80.00412,-2.3815],[-80.0022,-2.37815],[-79.99503,-2.37995],[-79.9949,-2.38278],[-79.99938,-2.38253],[-80.00092,-2.38536]]],[[[-80.00936,-2.40445],[-80.01091,-2.3944],[-80.00655,-2.38743],[-80.00168,-2.39387],[-79.99707,-2.3949],[-79.99604,-2.40057],[-80.0045,-2.39993],[-80.00936,-2.40445]]],[[[-79.99785,-2.37711],[-80.00272,-2.37402],[-80.0035,-2.365],[-79.99991,-2.36306],[-79.99735,-2.36371],[-79.99785,-2.37711]]],[[[-80.00306,-2.60991],[-80.0087,-2.60863],[-80.00639,-2.60553],[-79.99844,-2.60501],[-80.00306,-2.60991]]],[[[-80.01136,-2.48282],[-80.00931,-2.4756],[-80.01265,-2.47109],[-80.01931,-2.47303],[-80.01777,-2.46968],[-80.01367,-2.46761],[-80.00624,-2.47392],[-79.99893,-2.46941],[-79.99957,-2.4734],[-80.00393,-2.47405],[-80.00572,-2.47934],[-80.01136,-2.48282]]],[[[-80.0628,-2.59346],[-80.0669,-2.5914],[-80.06332,-2.58392],[-80.05665,-2.58366],[-80.0564,-2.58031],[-80.04999,-2.58236],[-80.0482,-2.57772],[-80.04025,-2.57591],[-80.0359,-2.56637],[-80.03693,-2.56147],[-80.0318,-2.55941],[-80.03103,-2.56572],[-80.02257,-2.56378],[-80.02052,-2.56584],[-80.02284,-2.55244],[-80.01617,-2.55076],[-80.00118,-2.555],[-80.00731,-2.57305],[-80.01372,-2.57538],[-80.01359,-2.5777],[-80.00539,-2.57614],[-79.99948,-2.58877],[-80.01256,-2.58788],[-80.02332,-2.58982],[-80.02614,-2.59343],[-80.02948,-2.58854],[-80.03562,-2.59241],[-80.0628,-2.59346]]],[[[-80.00429,0.56666],[-80.01236,0.56963],[-80.0226,0.59799],[-80.03668,0.61991],[-80.03501,0.62738],[-80.02887,0.61965],[-80.02016,0.61604],[-80.02016,0.61294],[-80.01581,0.61269],[-80.0135,0.60263],[-80.00992,0.60315],[-80.00634,0.58948],[-80.01005,0.5851],[-80.00429,0.5704],[-80.00096,0.5704],[-80.00429,0.56666]]],[[[-80.00557,0.58072],[-80.00915,0.5851],[-80.00634,0.58871],[-80.00275,0.58432],[-80.00557,0.58072]]],[[[-80.01953,-3.39339],[-80.02942,-3.37793],[-80.02917,-3.37432],[-80.02596,-3.37535],[-80.02339,-3.38295],[-80.02289,-3.37458],[-80.02786,-3.36598],[-80.02418,-3.36555],[-80.01853,-3.37354],[-80.00736,-3.3792],[-80.01056,-3.38565],[-80.00312,-3.38384],[-80.00363,-3.38977],[-80.01055,-3.39235],[-80.01361,-3.4104],[-80.01913,-3.40654],[-80.03158,-3.40604],[-80.03325,-3.40294],[-80.0303,-3.39946],[-80.03672,-3.39122],[-80.04852,-3.39007],[-80.04468,-3.38942],[-80.04263,-3.3862],[-80.04699,-3.38633],[-80.03956,-3.37691],[-80.03365,-3.38954],[-80.03159,-3.38812],[-80.03442,-3.38077],[-80.03122,-3.37845],[-80.02852,-3.38],[-80.0298,-3.38438],[-80.01953,-3.39339]]],[[[-80.00704,-2.42378],[-80.01499,-2.4158],[-80.01295,-2.40883],[-80.00333,-2.4194],[-80.00704,-2.42378]]],[[[-80.00622,-3.3627],[-80.01495,-3.35884],[-80.01162,-3.35214],[-80.00622,-3.3627]]],[[[-80.01933,-3.33964],[-80.02883,-3.33346],[-80.02575,-3.33088],[-80.02947,-3.32766],[-80.02897,-3.31787],[-80.025,-3.31451],[-80.01884,-3.31708],[-80.01909,-3.32056],[-80.01191,-3.31862],[-80.01063,-3.32171],[-80.01319,-3.32288],[-80.00792,-3.33073],[-80.01703,-3.32675],[-80.01574,-3.33396],[-80.01933,-3.33964]]],[[[-80.0114,-3.31372],[-80.02167,-3.30961],[-80.01936,-3.30484],[-80.01526,-3.30419],[-80.01475,-3.29826],[-80.00807,-3.3132],[-80.0114,-3.31372]]],[[[-80.00977,-2.54934],[-80.01746,-2.54895],[-80.01951,-2.54393],[-80.01119,-2.53567],[-80.00977,-2.54934]]],[[[-80.05122,-3.25653],[-80.04648,-3.24853],[-80.0384,-3.24878],[-80.03764,-3.24027],[-80.0243,-3.23717],[-80.03174,-3.24285],[-80.03109,-3.24542],[-80.02276,-3.24103],[-80.01916,-3.24889],[-80.05173,-3.25962],[-80.05454,-3.26581],[-80.05198,-3.26156],[-80.04019,-3.25716],[-80.03121,-3.25574],[-80.02762,-3.25908],[-80.02121,-3.2507],[-80.01736,-3.25083],[-80.01351,-3.25959],[-80.01427,-3.26616],[-80.01888,-3.27106],[-80.02633,-3.26823],[-80.02337,-3.273],[-80.03247,-3.2792],[-80.04632,-3.27715],[-80.05222,-3.28192],[-80.06005,-3.27665],[-80.06107,-3.2849],[-80.06632,-3.28877],[-80.04317,-3.22507],[-80.03048,-3.20959],[-80.02393,-3.22222],[-80.03303,-3.22596],[-80.02969,-3.23305],[-80.0461,-3.24093],[-80.05122,-3.25653]]],[[[-80.01735,-2.344],[-80.02248,-2.34052],[-80.02274,-2.3364],[-80.01582,-2.34052],[-80.01453,-2.34335],[-80.01735,-2.344]]],[[[-80.01649,-3.35742],[-80.01919,-3.35472],[-80.01624,-3.35034],[-80.01649,-3.35742]]],[[[-80.02523,-3.34042],[-80.02882,-3.33643],[-80.02421,-3.33642],[-80.02523,-3.34042]]],[[[-80.03003,-2.8591],[-80.03157,-2.85408],[-80.02491,-2.85201],[-80.02478,-2.85536],[-80.03003,-2.8591]]],[[[-80.02726,-3.36427],[-80.02803,-3.35885],[-80.02521,-3.36272],[-80.02726,-3.36427]]],[[[-80.05433,-2.60686],[-80.05766,-2.60441],[-80.05587,-2.59977],[-80.04203,-2.60092],[-80.02998,-2.59769],[-80.04203,-2.60324],[-80.05254,-2.60376],[-80.05433,-2.60686]]],[[[-80.08375,-3.30799],[-80.07068,-3.29122],[-80.05914,-3.29005],[-80.05581,-3.28463],[-80.04863,-3.28334],[-80.0476,-3.2872],[-80.03913,-3.2881],[-80.03913,-3.28423],[-80.03529,-3.28268],[-80.03054,-3.28719],[-80.0322,-3.29479],[-80.03656,-3.29622],[-80.04348,-3.29777],[-80.04973,-3.29047],[-80.05772,-3.29392],[-80.05631,-3.29856],[-80.04801,-3.30018],[-80.04489,-3.30576],[-80.04834,-3.31995],[-80.05321,-3.31673],[-80.05757,-3.31931],[-80.06091,-3.31609],[-80.05809,-3.31351],[-80.05964,-3.29882],[-80.07144,-3.30102],[-80.07106,-3.29754],[-80.07631,-3.30489],[-80.08375,-3.30799]]],[[[-80.04843,-2.61214],[-80.04945,-2.60969],[-80.03075,-2.60401],[-80.03561,-2.60878],[-80.04843,-2.61214]]],[[[-80.03593,-2.85589],[-80.03645,-2.85073],[-80.03132,-2.84944],[-80.03593,-2.85589]]],[[[-80.03468,-3.37949],[-80.03571,-3.37304],[-80.03135,-3.37536],[-80.03468,-3.37949]]],[[[-80.04334,-2.88631],[-80.04258,-2.86956],[-80.04539,-2.88013],[-80.04809,-2.87549],[-80.04208,-2.86298],[-80.04439,-2.86002],[-80.04054,-2.8595],[-80.03528,-2.86078],[-80.0331,-2.86774],[-80.04334,-2.88631]]],[[[-80.03811,0.43454],[-80.05719,0.46394],[-80.04758,0.48714],[-80.04144,0.47863],[-80.04413,0.47373],[-80.04003,0.4629],[-80.04131,0.4464],[-80.03658,0.44485],[-80.03709,0.44047],[-80.0335,0.43841],[-80.03402,0.43493],[-80.03811,0.43454]]],[[[-80.03937,-3.30524],[-80.03732,-3.29957],[-80.0345,-3.30111],[-80.03937,-3.30524]]],[[[-80.04932,-3.36481],[-80.05266,-3.36107],[-80.05599,-3.36301],[-80.05805,-3.35089],[-80.06447,-3.35025],[-80.0701,-3.36018],[-80.06947,-3.35065],[-80.07448,-3.34034],[-80.07063,-3.33879],[-80.06999,-3.34343],[-80.0632,-3.3344],[-80.05961,-3.33633],[-80.0608,-3.33843],[-80.05601,-3.33852],[-80.05138,-3.34985],[-80.03753,-3.35525],[-80.03509,-3.36092],[-80.04933,-3.35436],[-80.04264,-3.37111],[-80.05239,-3.37125],[-80.04932,-3.36481]]],[[[-80.03731,-3.31658],[-80.04322,-3.30847],[-80.03603,-3.31143],[-80.03731,-3.31658]]],[[[-80.04523,-3.34791],[-80.05113,-3.34625],[-80.0514,-3.33516],[-80.05345,-3.33361],[-80.05704,-3.33684],[-80.06141,-3.33272],[-80.0568,-3.32511],[-80.05038,-3.32614],[-80.03859,-3.31916],[-80.03781,-3.32947],[-80.04153,-3.33077],[-80.04011,-3.3403],[-80.04523,-3.34791]]],[[[-80.04085,-3.36544],[-80.04496,-3.36248],[-80.03906,-3.36222],[-80.04085,-3.36544]]],[[[-80.04157,-2.8497],[-80.04209,-2.84635],[-80.03953,-2.84455],[-80.04157,-2.8497]]],[[[-80.04171,0.38285],[-80.04632,0.38401],[-80.04555,0.38698],[-80.04171,0.38285]]],[[[-80.04157,-3.41442],[-80.04491,-3.41417],[-80.04337,-3.41159],[-80.04157,-3.41442]]],[[[-80.06614,-2.57258],[-80.06487,-2.5682],[-80.05078,-2.5571],[-80.04321,-2.55555],[-80.05265,-2.56879],[-80.06614,-2.57258]]],[[[-80.05144,0.38749],[-80.05502,0.38788],[-80.05656,0.39897],[-80.04324,0.40554],[-80.04375,0.40244],[-80.05566,0.3969],[-80.05502,0.3902],[-80.05144,0.38749]]],[[[-80.04696,-3.41314],[-80.05415,-3.40941],[-80.0527,-3.40391],[-80.0462,-3.40657],[-80.04696,-3.41314]]],[[[-80.05921,-2.91185],[-80.06165,-2.90902],[-80.05487,-2.89483],[-80.06102,-2.89664],[-80.06256,-2.89252],[-80.05923,-2.89187],[-80.05949,-2.88878],[-80.06658,-2.89441],[-80.06769,-2.89948],[-80.07487,-2.89717],[-80.06718,-2.89561],[-80.06744,-2.88814],[-80.05975,-2.88697],[-80.05667,-2.88259],[-80.04539,-2.88915],[-80.05921,-2.91185]]],[[[-80.0495,-2.87665],[-80.05335,-2.86879],[-80.049,-2.86337],[-80.04566,-2.86646],[-80.0495,-2.87665]]],[[[-80.05211,-3.39484],[-80.05711,-3.39369],[-80.04981,-3.38221],[-80.04776,-3.38285],[-80.05211,-3.39484]]],[[[-80.05425,0.41482],[-80.06104,0.42062],[-80.0636,0.44305],[-80.05604,0.45401],[-80.05361,0.45182],[-80.05783,0.44744],[-80.05258,0.43893],[-80.05476,0.43583],[-80.04862,0.41766],[-80.05425,0.41482]]],[[[-80.04978,-2.85023],[-80.05311,-2.84842],[-80.05183,-2.84597],[-80.04876,-2.84713],[-80.04978,-2.85023]]],[[[-80.0565,-2.43168],[-80.06317,-2.4255],[-80.06599,-2.42627],[-80.06997,-2.41944],[-80.0637,-2.40887],[-80.05985,-2.409],[-80.05806,-2.40126],[-80.05447,-2.40732],[-80.05857,-2.40964],[-80.04998,-2.41144],[-80.0533,-2.42897],[-80.0565,-2.43168]]],[[[-80.06059,-3.38132],[-80.06893,-3.3772],[-80.06933,-3.36534],[-80.06009,-3.36507],[-80.06009,-3.37178],[-80.05034,-3.3728],[-80.06059,-3.38132]]],[[[-80.08054,-2.86392],[-80.08285,-2.85696],[-80.08986,-2.85292],[-80.09234,-2.85219],[-80.09311,-2.85684],[-80.09836,-2.85465],[-80.09427,-2.84897],[-80.09594,-2.83776],[-80.08966,-2.8384],[-80.09209,-2.84768],[-80.0844,-2.84703],[-80.08491,-2.84123],[-80.08209,-2.84046],[-80.07452,-2.84922],[-80.07708,-2.86108],[-80.069,-2.85952],[-80.06529,-2.85256],[-80.06208,-2.85385],[-80.06156,-2.86751],[-80.05284,-2.87317],[-80.05129,-2.87988],[-80.06207,-2.87473],[-80.0595,-2.87266],[-80.06541,-2.8648],[-80.06964,-2.86571],[-80.0672,-2.87138],[-80.06937,-2.87422],[-80.07579,-2.86726],[-80.07694,-2.87474],[-80.08104,-2.8781],[-80.0836,-2.87526],[-80.08156,-2.87113],[-80.08797,-2.86031],[-80.08336,-2.86031],[-80.08054,-2.86392]]],[[[-80.05621,-3.40348],[-80.05801,-3.39755],[-80.05506,-3.39936],[-80.05621,-3.40348]]],[[[-80.07724,-2.47282],[-80.08147,-2.47179],[-80.08134,-2.46921],[-80.07417,-2.45915],[-80.07879,-2.45065],[-80.08687,-2.44678],[-80.08674,-2.44292],[-80.08418,-2.4433],[-80.07573,-2.42409],[-80.06984,-2.42125],[-80.06753,-2.42769],[-80.05958,-2.42975],[-80.05663,-2.43568],[-80.06085,-2.44225],[-80.06521,-2.44226],[-80.06752,-2.44677],[-80.06136,-2.44754],[-80.07147,-2.46843],[-80.07724,-2.47282]]],[[[-80.06309,-2.88053],[-80.0636,-2.87679],[-80.05796,-2.8773],[-80.06309,-2.88053]]],[[[-80.06281,-2.90799],[-80.06205,-2.89974],[-80.05897,-2.89935],[-80.06281,-2.90799]]],[[[-80.06414,-3.42502],[-80.06722,-3.42077],[-80.06081,-3.41921],[-80.06414,-3.42502]]],[[[-80.06243,-3.33143],[-80.06628,-3.32976],[-80.06552,-3.32589],[-80.06269,-3.32666],[-80.06243,-3.33143]]],[[[-80.06834,-3.31906],[-80.0772,-3.31611],[-80.07528,-3.31288],[-80.08194,-3.31624],[-80.0849,-3.31302],[-80.08092,-3.30773],[-80.06349,-3.30346],[-80.06374,-3.30784],[-80.07002,-3.31301],[-80.06834,-3.31906]]],[[[-80.06493,-3.39743],[-80.0675,-3.39357],[-80.07174,-3.3937],[-80.0711,-3.38932],[-80.0652,-3.39009],[-80.06493,-3.39743]]],[[[-80.07638,-2.93262],[-80.07881,-2.93223],[-80.07434,-2.91534],[-80.07716,-2.91135],[-80.07435,-2.90967],[-80.07255,-2.91444],[-80.06563,-2.91082],[-80.06574,-2.92629],[-80.07638,-2.93262]]],[[[-80.07295,-3.32874],[-80.08283,-3.32642],[-80.08502,-3.31921],[-80.07809,-3.31972],[-80.07629,-3.32332],[-80.0668,-3.31919],[-80.06603,-3.32435],[-80.07295,-3.32874]]],[[[-80.06802,-3.38828],[-80.0738,-3.38416],[-80.07239,-3.38004],[-80.06661,-3.38545],[-80.06802,-3.38828]]],[[[-80.07051,-2.8933],[-80.07436,-2.8924],[-80.06962,-2.88427],[-80.06744,-2.88504],[-80.07051,-2.8933]]],[[[-80.10547,-3.39734],[-80.1097,-3.39606],[-80.11267,-3.38162],[-80.10754,-3.38084],[-80.10266,-3.38625],[-80.09881,-3.38522],[-80.10394,-3.38316],[-80.10279,-3.378],[-80.09677,-3.37555],[-80.08419,-3.38263],[-80.08457,-3.38598],[-80.08996,-3.38263],[-80.09051,-3.38693],[-80.08752,-3.38882],[-80.09354,-3.39501],[-80.08879,-3.3999],[-80.09161,-3.40532],[-80.08673,-3.40673],[-80.07981,-3.40041],[-80.07609,-3.40247],[-80.07648,-3.39706],[-80.07109,-3.39628],[-80.07109,-3.40427],[-80.08159,-3.41524],[-80.08587,-3.4152],[-80.10533,-3.40637],[-80.10778,-3.39863],[-80.10547,-3.39734]]],[[[-80.07723,-3.41742],[-80.08108,-3.41717],[-80.07249,-3.4084],[-80.07146,-3.41304],[-80.07723,-3.41742]]],[[[-80.08679,-3.34808],[-80.09243,-3.34732],[-80.09141,-3.34035],[-80.08243,-3.34138],[-80.08051,-3.33828],[-80.08295,-3.33635],[-80.09013,-3.33919],[-80.09167,-3.33597],[-80.07244,-3.33209],[-80.07153,-3.33801],[-80.0791,-3.33776],[-80.07935,-3.34266],[-80.08679,-3.34808]]],[[[-80.08674,-3.399],[-80.09085,-3.39217],[-80.08303,-3.38881],[-80.08315,-3.39397],[-80.08033,-3.39268],[-80.08111,-3.38211],[-80.07868,-3.37979],[-80.08022,-3.37618],[-80.09009,-3.37761],[-80.09523,-3.37245],[-80.09318,-3.37],[-80.08369,-3.3709],[-80.08652,-3.3642],[-80.08344,-3.36316],[-80.07253,-3.36947],[-80.0797,-3.38778],[-80.0729,-3.38777],[-80.07315,-3.39448],[-80.08328,-3.39603],[-80.08276,-3.40067],[-80.08699,-3.40106],[-80.08674,-3.399]]],[[[-80.07882,-3.36354],[-80.07729,-3.35736],[-80.0737,-3.35684],[-80.07305,-3.36096],[-80.07882,-3.36354]]],[[[-80.08025,-2.89872],[-80.08295,-2.89279],[-80.07668,-2.88067],[-80.0736,-2.8817],[-80.07654,-2.89665],[-80.08025,-2.89872]]],[[[-80.07832,-3.35375],[-80.08332,-3.3504],[-80.08063,-3.34743],[-80.07498,-3.35297],[-80.07832,-3.35375]]],[[[-80.08076,-2.90774],[-80.08281,-2.90388],[-80.07794,-2.90284],[-80.08076,-2.90774]]],[[[-80.12544,-2.44668],[-80.12763,-2.44062],[-80.12016,-2.4364],[-80.12238,-2.43456],[-80.13083,-2.44179],[-80.13801,-2.4387],[-80.1334,-2.42671],[-80.11931,-2.41355],[-80.1065,-2.41135],[-80.09624,-2.41482],[-80.0947,-2.42771],[-80.08765,-2.43518],[-80.09751,-2.44537],[-80.11058,-2.44422],[-80.10391,-2.44886],[-80.10558,-2.4535],[-80.09801,-2.46252],[-80.09404,-2.45659],[-80.09686,-2.44653],[-80.09289,-2.44292],[-80.08148,-2.45761],[-80.09005,-2.47231],[-80.08261,-2.48932],[-80.09554,-2.5066],[-80.09786,-2.49758],[-80.10465,-2.4932],[-80.10017,-2.48521],[-80.1039,-2.46342],[-80.11031,-2.45892],[-80.10852,-2.45711],[-80.12083,-2.45531],[-80.12544,-2.44668]]],[[[-80.08549,-3.36304],[-80.08755,-3.35466],[-80.08177,-3.35994],[-80.08549,-3.36304]]],[[[-80.08562,-2.91406],[-80.09974,-2.90376],[-80.0982,-2.90105],[-80.08409,-2.90517],[-80.08204,-2.91187],[-80.08562,-2.91406]]],[[[-80.08462,-2.89202],[-80.08975,-2.88171],[-80.08488,-2.88171],[-80.08231,-2.88776],[-80.08462,-2.89202]]],[[[-80.08612,-2.93546],[-80.08715,-2.93159],[-80.09099,-2.9334],[-80.09292,-2.93121],[-80.091,-2.92734],[-80.09409,-2.91355],[-80.08921,-2.91871],[-80.08331,-2.91909],[-80.08536,-2.92605],[-80.08304,-2.9352],[-80.08612,-2.93546]]],[[[-80.08624,-2.43286],[-80.09137,-2.42668],[-80.08778,-2.42358],[-80.08445,-2.42487],[-80.08624,-2.43286]]],[[[-80.09371,-2.89847],[-80.09462,-2.89164],[-80.10193,-2.89074],[-80.09719,-2.88455],[-80.0841,-2.89357],[-80.09371,-2.89847]]],[[[-80.09142,-3.33288],[-80.09027,-3.32901],[-80.09373,-3.32656],[-80.11105,-3.32619],[-80.09067,-3.30942],[-80.08823,-3.31199],[-80.09131,-3.31612],[-80.09053,-3.32205],[-80.08514,-3.32591],[-80.09142,-3.33288]]],[[[-80.09163,-2.41997],[-80.09368,-2.4125],[-80.08689,-2.41636],[-80.09163,-2.41997]]],[[[-80.12742,-3.37571],[-80.12448,-3.36952],[-80.12088,-3.37029],[-80.12217,-3.36462],[-80.12551,-3.36372],[-80.12372,-3.35907],[-80.12064,-3.35946],[-80.11526,-3.35159],[-80.11064,-3.3512],[-80.09935,-3.35905],[-80.09422,-3.35557],[-80.09318,-3.36433],[-80.09858,-3.35995],[-80.11614,-3.36564],[-80.11498,-3.37183],[-80.10781,-3.36589],[-80.09755,-3.36318],[-80.09485,-3.3664],[-80.10139,-3.36833],[-80.09959,-3.37362],[-80.11344,-3.37995],[-80.11343,-3.3842],[-80.11651,-3.38524],[-80.12396,-3.37802],[-80.12536,-3.38344],[-80.13626,-3.38899],[-80.12984,-3.39698],[-80.12266,-3.38846],[-80.1201,-3.39065],[-80.11882,-3.3873],[-80.11215,-3.38729],[-80.1079,-3.40456],[-80.11226,-3.40586],[-80.11547,-3.40135],[-80.11777,-3.40638],[-80.12329,-3.40638],[-80.12368,-3.4038],[-80.12778,-3.40768],[-80.1424,-3.40924],[-80.14163,-3.40511],[-80.14857,-3.39906],[-80.14984,-3.40254],[-80.14253,-3.40692],[-80.14496,-3.40937],[-80.15228,-3.40589],[-80.14855,-3.41465],[-80.15496,-3.41853],[-80.17807,-3.39431],[-80.1885,-3.39389],[-80.1968,-3.39871],[-80.20361,-3.38376],[-80.20516,-3.37165],[-80.20862,-3.36469],[-80.21504,-3.36186],[-80.20991,-3.36108],[-80.20376,-3.34948],[-80.19939,-3.36288],[-80.19516,-3.36468],[-80.19848,-3.37551],[-80.19451,-3.37306],[-80.18796,-3.38169],[-80.19245,-3.38388],[-80.19167,-3.38994],[-80.17824,-3.39113],[-80.15346,-3.37792],[-80.13704,-3.37958],[-80.13242,-3.37494],[-80.12742,-3.37571]]],[[[-80.09921,-2.91859],[-80.10742,-2.91112],[-80.09396,-2.91111],[-80.09921,-2.91859]]],[[[-80.09664,-2.93122],[-80.09856,-2.92735],[-80.09433,-2.92554],[-80.09664,-2.93122]]],[[[-80.09909,-3.35609],[-80.10602,-3.35068],[-80.09962,-3.34436],[-80.09909,-3.35609]]],[[[-80.1026,-2.85207],[-80.10478,-2.84872],[-80.10235,-2.84485],[-80.09888,-2.84769],[-80.1026,-2.85207]]],[[[-80.10577,-3.34591],[-80.11155,-3.33728],[-80.10219,-3.33289],[-80.10116,-3.33791],[-80.10398,-3.33869],[-80.10577,-3.34591]]],[[[-80.10587,-2.93277],[-80.11113,-2.91911],[-80.10434,-2.9222],[-80.10215,-2.92813],[-80.10587,-2.93277]]],[[[-80.12719,-2.87749],[-80.12796,-2.87426],[-80.11694,-2.86626],[-80.11644,-2.85647],[-80.10371,-2.85714],[-80.12719,-2.87749]]],[[[-80.11552,-3.34502],[-80.11758,-3.33935],[-80.11065,-3.33882],[-80.10988,-3.34218],[-80.11552,-3.34502]]],[[[-80.12355,-2.94555],[-80.12586,-2.94361],[-80.12228,-2.9351],[-80.11792,-2.93226],[-80.11715,-2.93768],[-80.11278,-2.94077],[-80.12355,-2.94555]]],[[[-80.12141,-3.35649],[-80.12616,-3.35482],[-80.12514,-3.34967],[-80.11347,-3.34514],[-80.11372,-3.34914],[-80.12141,-3.35649]]],[[[-80.1663,-3.36543],[-80.16861,-3.35976],[-80.16195,-3.34892],[-80.16042,-3.33913],[-80.15759,-3.34067],[-80.14221,-3.33408],[-80.13861,-3.34181],[-80.13075,-3.34159],[-80.13168,-3.34568],[-80.13938,-3.34465],[-80.13912,-3.34749],[-80.1327,-3.34864],[-80.12656,-3.33665],[-80.1222,-3.33291],[-80.11912,-3.33445],[-80.12027,-3.34167],[-80.13244,-3.35444],[-80.12949,-3.36179],[-80.13192,-3.3623],[-80.13244,-3.35831],[-80.13783,-3.35883],[-80.14116,-3.36205],[-80.14154,-3.36953],[-80.15296,-3.36503],[-80.14911,-3.35742],[-80.15219,-3.35807],[-80.15271,-3.35536],[-80.15002,-3.35484],[-80.14592,-3.34375],[-80.1481,-3.34156],[-80.1481,-3.34685],[-80.15284,-3.35149],[-80.15964,-3.35163],[-80.15604,-3.35769],[-80.15937,-3.36852],[-80.1663,-3.36543]]],[[[-80.13811,-3.0153],[-80.14709,-3.0126],[-80.14889,-3.00615],[-80.14659,-2.99829],[-80.13915,-2.99493],[-80.14069,-3.0037],[-80.13671,-3.00318],[-80.13491,-3.00782],[-80.13017,-3.00498],[-80.13299,-3.00163],[-80.12786,-3.00266],[-80.12851,-2.99673],[-80.12556,-2.99415],[-80.1221,-2.99956],[-80.12478,-3.00974],[-80.13811,-3.0153]]],[[[-80.14067,-3.02342],[-80.16016,-3.0206],[-80.16132,-3.01454],[-80.15145,-3.01208],[-80.13555,-3.01684],[-80.1335,-3.01439],[-80.13067,-3.02083],[-80.14067,-3.02342]]],[[[-80.13181,-2.87298],[-80.13464,-2.86679],[-80.13092,-2.86937],[-80.13181,-2.87298]]],[[[-80.13832,-3.37597],[-80.14013,-3.36309],[-80.13449,-3.3605],[-80.13384,-3.37133],[-80.13832,-3.37597]]],[[[-80.14418,-3.42922],[-80.14777,-3.42394],[-80.14444,-3.42174],[-80.14085,-3.42393],[-80.14418,-3.42922]]],[[[-80.14283,-2.88562],[-80.14629,-2.88459],[-80.14565,-2.88227],[-80.14283,-2.88562]]],[[[-80.15166,-3.3765],[-80.15474,-3.37444],[-80.1509,-3.36864],[-80.145,-3.37134],[-80.14499,-3.37546],[-80.15166,-3.3765]]],[[[-80.14796,-2.87712],[-80.14925,-2.87273],[-80.1472,-2.87196],[-80.14796,-2.87712]]],[[[-80.16101,-2.55344],[-80.16524,-2.55073],[-80.16333,-2.52495],[-80.15974,-2.52598],[-80.15794,-2.5381],[-80.15448,-2.54196],[-80.15422,-2.54944],[-80.16101,-2.55344]]],[[[-80.15829,-3.43103],[-80.16124,-3.42988],[-80.15803,-3.42755],[-80.15572,-3.42987],[-80.15829,-3.43103]]],[[[-80.15859,-3.37986],[-80.16269,-3.37909],[-80.16231,-3.37496],[-80.15859,-3.37986]]],[[[-80.17461,-2.53102],[-80.17551,-2.52651],[-80.18076,-2.52741],[-80.1782,-2.51748],[-80.17692,-2.51465],[-80.17385,-2.51709],[-80.1659,-2.51361],[-80.16629,-2.51077],[-80.17206,-2.50897],[-80.16744,-2.50665],[-80.16347,-2.50897],[-80.16385,-2.5158],[-80.17461,-2.53102]]],[[[-80.17679,-2.72619],[-80.17499,-2.7218],[-80.16423,-2.72102],[-80.16679,-2.72463],[-80.17679,-2.72619]]],[[[-80.16628,-3.37806],[-80.17578,-3.37214],[-80.16911,-3.36994],[-80.16437,-3.3729],[-80.16628,-3.37806]]],[[[-80.23297,-3.39449],[-80.22887,-3.39152],[-80.23169,-3.38869],[-80.23811,-3.3914],[-80.23901,-3.38714],[-80.24863,-3.382],[-80.25301,-3.35261],[-80.24609,-3.3526],[-80.24249,-3.35621],[-80.24698,-3.35853],[-80.24676,-3.36515],[-80.24185,-3.36549],[-80.24325,-3.37323],[-80.24068,-3.3758],[-80.23401,-3.37966],[-80.23093,-3.37786],[-80.23324,-3.38508],[-80.22913,-3.38237],[-80.22169,-3.38816],[-80.21066,-3.38429],[-80.21373,-3.39202],[-80.20835,-3.3897],[-80.20218,-3.40722],[-80.19371,-3.40644],[-80.18243,-3.39702],[-80.17678,-3.40733],[-80.17036,-3.40771],[-80.16535,-3.4157],[-80.17459,-3.41622],[-80.18241,-3.42061],[-80.18832,-3.41134],[-80.19268,-3.41005],[-80.2032,-3.41573],[-80.21256,-3.416],[-80.21294,-3.41845],[-80.22615,-3.41936],[-80.22642,-3.4075],[-80.23297,-3.39449]]],[[[-80.18502,-3.3666],[-80.19273,-3.34998],[-80.19735,-3.35166],[-80.20325,-3.34651],[-80.1935,-3.34612],[-80.19351,-3.34225],[-80.16914,-3.34158],[-80.16619,-3.34455],[-80.16913,-3.35254],[-80.17246,-3.35383],[-80.17284,-3.36002],[-80.18502,-3.3666]]],[[[-80.17152,-2.54868],[-80.17678,-2.54636],[-80.1696,-2.53914],[-80.1664,-2.54094],[-80.16691,-2.54506],[-80.17152,-2.54868]]],[[[-80.18295,-3.3889],[-80.18732,-3.38349],[-80.17231,-3.37987],[-80.18295,-3.3889]]],[[[-80.18759,-2.66561],[-80.17658,-2.65426],[-80.17414,-2.65619],[-80.18759,-2.66561]]],[[[-80.1794,-3.00901],[-80.18171,-3.00618],[-80.18825,-3.00631],[-80.1871,-3.00064],[-80.17608,-3.00192],[-80.1753,-3.00849],[-80.1794,-3.00901]]],[[[-80.18741,-2.55165],[-80.19588,-2.53941],[-80.18665,-2.54069],[-80.18511,-2.53708],[-80.19947,-2.53116],[-80.1923,-2.52832],[-80.18794,-2.53322],[-80.18358,-2.52857],[-80.17576,-2.53527],[-80.17704,-2.53966],[-80.18485,-2.54301],[-80.18216,-2.54482],[-80.18665,-2.54637],[-80.18741,-2.55165]]],[[[-80.17732,-3.37743],[-80.18245,-3.37343],[-80.18117,-3.37163],[-80.17616,-3.37446],[-80.17732,-3.37743]]],[[[-80.18707,-3.37318],[-80.18733,-3.36906],[-80.18246,-3.36518],[-80.17681,-3.36621],[-80.18707,-3.37318]]],[[[-80.1795,-2.49145],[-80.18348,-2.48217],[-80.18105,-2.4783],[-80.17771,-2.48655],[-80.1795,-2.49145]]],[[[-80.18795,-2.51594],[-80.19718,-2.51389],[-80.19833,-2.50744],[-80.19283,-2.50099],[-80.19488,-2.49661],[-80.18924,-2.49442],[-80.17937,-2.49995],[-80.18308,-2.50266],[-80.17821,-2.51065],[-80.18795,-2.51594]]],[[[-80.18599,-3.43853],[-80.19291,-3.43828],[-80.1924,-3.43545],[-80.18727,-3.43493],[-80.18599,-3.43853]]],[[[-80.19298,-2.65504],[-80.19606,-2.65337],[-80.18914,-2.6473],[-80.18607,-2.64911],[-80.19298,-2.65504]]],[[[-80.19837,-3.02011],[-80.20389,-3.0138],[-80.19646,-3.01173],[-80.19659,-3.00116],[-80.18993,-2.99884],[-80.18941,-3.00373],[-80.19351,-3.00864],[-80.18941,-3.00876],[-80.18684,-3.01546],[-80.19248,-3.01495],[-80.19837,-3.02011]]],[[[-80.19015,-3.36687],[-80.19349,-3.36068],[-80.19016,-3.36248],[-80.19015,-3.36687]]],[[[-80.19657,-3.35798],[-80.19837,-3.35514],[-80.19504,-3.35385],[-80.19362,-3.35591],[-80.19657,-3.35798]]],[[[-80.20633,-3.01393],[-80.2112,-3.01148],[-80.20762,-3.00401],[-80.20595,-3.00761],[-80.1971,-3.00529],[-80.20633,-3.01393]]],[[[-80.20072,-2.59265],[-80.20302,-2.59149],[-80.20123,-2.58402],[-80.19841,-2.58389],[-80.20072,-2.59265]]],[[[-80.20377,-3.00503],[-80.20198,-3.00117],[-80.20044,-3.00426],[-80.20377,-3.00503]]],[[[-80.20456,-2.58789],[-80.20687,-2.58402],[-80.20277,-2.58402],[-80.20456,-2.58789]]],[[[-80.2166,-2.61032],[-80.21378,-2.60285],[-80.20404,-2.59949],[-80.2166,-2.61032]]],[[[-80.20805,-3.44023],[-80.21011,-3.43611],[-80.20497,-3.43739],[-80.20805,-3.44023]]],[[[-80.21455,-2.60181],[-80.21904,-2.59743],[-80.21828,-2.58867],[-80.21123,-2.59021],[-80.21276,-2.59666],[-80.2084,-2.59614],[-80.21455,-2.60181]]],[[[-80.21456,-2.58828],[-80.21072,-2.58325],[-80.20931,-2.58608],[-80.21456,-2.58828]]],[[[-80.21755,-3.43315],[-80.22602,-3.42851],[-80.22217,-3.42696],[-80.21037,-3.43172],[-80.21755,-3.43315]]],[[[-80.21094,-3.35979],[-80.22043,-3.3531],[-80.2207,-3.34433],[-80.21249,-3.34562],[-80.21556,-3.35064],[-80.21094,-3.35979]]],[[[-80.21836,-3.38571],[-80.22093,-3.37398],[-80.21631,-3.37346],[-80.21259,-3.38197],[-80.21836,-3.38571]]],[[[-80.222,-2.58893],[-80.22226,-2.58016],[-80.21892,-2.58068],[-80.222,-2.58893]]],[[[-80.21914,-3.3723],[-80.22684,-3.36883],[-80.23737,-3.35002],[-80.24083,-3.35028],[-80.24263,-3.34641],[-80.2366,-3.34241],[-80.21914,-3.3723]]],[[[-80.22815,-2.58738],[-80.2261,-2.5812],[-80.22379,-2.58223],[-80.22815,-2.58738]]],[[[-80.22405,-2.57862],[-80.22713,-2.57836],[-80.22585,-2.57217],[-80.22405,-2.57862]]],[[[-80.22529,-3.37914],[-80.23085,-3.37408],[-80.23555,-3.37502],[-80.23633,-3.37026],[-80.24017,-3.36936],[-80.24108,-3.36085],[-80.22992,-3.36471],[-80.22491,-3.37373],[-80.22529,-3.37914]]],[[[-80.23424,-3.41215],[-80.24888,-3.38973],[-80.23554,-3.39771],[-80.23424,-3.41215]]],[[[-80.26173,-3.3588],[-80.25175,-3.3343],[-80.23815,-3.33274],[-80.23789,-3.33854],[-80.2443,-3.34203],[-80.25174,-3.33907],[-80.26173,-3.3588]]],[[[-80.24124,-3.32321],[-80.24509,-3.32141],[-80.2397,-3.32114],[-80.24124,-3.32321]]],[[[-80.25042,-2.64515],[-80.25273,-2.64154],[-80.24991,-2.63922],[-80.2417,-2.63973],[-80.24375,-2.64373],[-80.25042,-2.64515]]],[[[-80.25199,-3.35183],[-80.25097,-3.34487],[-80.24558,-3.34435],[-80.25199,-3.35183]]],[[[-80.30956,-3.38642],[-80.27842,-3.33819],[-80.27201,-3.33458],[-80.27226,-3.34308],[-80.27957,-3.34438],[-80.28636,-3.36166],[-80.29033,-3.36218],[-80.29354,-3.36811],[-80.27892,-3.36436],[-80.2766,-3.36964],[-80.27994,-3.37209],[-80.28392,-3.37016],[-80.28507,-3.37377],[-80.27904,-3.37532],[-80.27519,-3.37248],[-80.27467,-3.38382],[-80.26184,-3.38665],[-80.26222,-3.39258],[-80.25683,-3.39579],[-80.25093,-3.39489],[-80.24682,-3.407],[-80.26709,-3.40276],[-80.28376,-3.40561],[-80.288,-3.40136],[-80.28633,-3.3944],[-80.29275,-3.39698],[-80.29764,-3.3743],[-80.30096,-3.38848],[-80.3043,-3.37933],[-80.30635,-3.38732],[-80.30956,-3.38642]]],[[[-80.25093,-3.39386],[-80.25811,-3.39322],[-80.25914,-3.38793],[-80.25299,-3.38819],[-80.25093,-3.39386]]],[[[-80.25631,-2.65753],[-80.26041,-2.65276],[-80.25631,-2.6534],[-80.25631,-2.65753]]],[[[-80.27143,-2.65702],[-80.27682,-2.65342],[-80.27605,-2.65058],[-80.26785,-2.65109],[-80.27157,-2.64619],[-80.26554,-2.64413],[-80.26683,-2.63871],[-80.26375,-2.63897],[-80.25734,-2.64735],[-80.26477,-2.65496],[-80.27143,-2.65702]]],[[[-80.25813,-3.37762],[-80.26506,-3.36783],[-80.26147,-3.36679],[-80.25813,-3.37762]]],[[[-80.26685,-3.37969],[-80.27019,-3.37505],[-80.26659,-3.37531],[-80.26685,-3.37969]]],[[[-80.28164,-0.65514],[-80.28728,-0.65308],[-80.28139,-0.65269],[-80.28164,-0.65514]]],[[[-80.30315,-0.66159],[-80.30956,-0.65914],[-80.30879,-0.65566],[-80.30085,-0.65411],[-80.29624,-0.66082],[-80.30315,-0.66159]]],[[[-80.32544,-0.66056],[-80.34644,-0.65193],[-80.34106,-0.64986],[-80.32416,-0.6576],[-80.32544,-0.66056]]],[[[-80.43911,-3.17561],[-80.43423,-3.17057],[-80.43359,-3.17328],[-80.43911,-3.17561]]],[[[-80.86583,-1.60265],[-80.8666,-1.59917],[-80.87044,-1.59981],[-80.87006,-1.59388],[-80.8666,-1.59182],[-80.85981,-1.5962],[-80.86583,-1.60265]]],[[[-81.07362,-1.25946],[-81.0585,-1.27209],[-81.05799,-1.27673],[-81.05107,-1.28292],[-81.0521,-1.28576],[-81.06004,-1.28782],[-81.06286,-1.28331],[-81.06926,-1.28331],[-81.07234,-1.2788],[-81.07848,-1.27738],[-81.08463,-1.28137],[-81.08079,-1.26436],[-81.07362,-1.25946]]],[[[-89.26916,-0.69706],[-89.26071,-0.69307],[-89.25163,-0.69784],[-89.25356,-0.71072],[-89.2446,-0.7115],[-89.24166,-0.71536],[-89.24243,-0.72412],[-89.25382,-0.73365],[-89.25588,-0.74499],[-89.2738,-0.75322],[-89.28302,-0.77821],[-89.30683,-0.79108],[-89.30799,-0.79984],[-89.31631,-0.81014],[-89.32937,-0.81876],[-89.34767,-0.82017],[-89.35215,-0.82248],[-89.35331,-0.82712],[-89.35868,-0.82686],[-89.3651,-0.85751],[-89.37225,-0.85962],[-89.37765,-0.87837],[-89.39532,-0.89768],[-89.39853,-0.91365],[-89.41057,-0.92279],[-89.42916,-0.92634],[-89.43156,-0.93321],[-89.4436,-0.93405],[-89.45152,-0.93835],[-89.47392,-0.9373],[-89.49478,-0.94051],[-89.52217,-0.95568],[-89.53599,-0.9549],[-89.53726,-0.95117],[-89.56106,-0.95192],[-89.57846,-0.94199],[-89.60737,-0.93424],[-89.61542,-0.92398],[-89.62796,-0.91839],[-89.62295,-0.90319],[-89.62039,-0.90075],[-89.61272,-0.90255],[-89.60939,-0.89908],[-89.61245,-0.88916],[-89.58174,-0.87386],[-89.57124,-0.8615],[-89.56049,-0.85842],[-89.55716,-0.85301],[-89.54193,-0.84503],[-89.53795,-0.83164],[-89.54179,-0.82906],[-89.54152,-0.8185],[-89.53103,-0.81786],[-89.52029,-0.8265],[-89.47959,-0.81416],[-89.46861,-0.80276],[-89.47177,-0.78686],[-89.46345,-0.78094],[-89.46524,-0.77321],[-89.46038,-0.77321],[-89.45781,-0.76806],[-89.46421,-0.75956],[-89.45909,-0.75415],[-89.45525,-0.75699],[-89.44654,-0.7481],[-89.44168,-0.74901],[-89.43745,-0.73742],[-89.43348,-0.73459],[-89.42862,-0.73626],[-89.41864,-0.72648],[-89.40789,-0.72507],[-89.40353,-0.71657],[-89.38971,-0.71993],[-89.39035,-0.71632],[-89.3869,-0.71426],[-89.37461,-0.71221],[-89.37487,-0.70834],[-89.36232,-0.70294],[-89.36296,-0.69495],[-89.35208,-0.68542],[-89.31676,-0.69278],[-89.31523,-0.69034],[-89.30371,-0.69009],[-89.29936,-0.69769],[-89.28222,-0.70607],[-89.27326,-0.70376],[-89.26916,-0.69706]]],[[[-89.69987,-1.34511],[-89.69885,-1.34794],[-89.69202,-1.34649],[-89.68657,-1.3504],[-89.6817,-1.34693],[-89.67479,-1.34964],[-89.66711,-1.34489],[-89.66276,-1.34695],[-89.6597,-1.35442],[-89.64793,-1.35727],[-89.64077,-1.36681],[-89.63182,-1.36836],[-89.63055,-1.37661],[-89.62671,-1.37661],[-89.62698,-1.38614],[-89.61968,-1.38795],[-89.61956,-1.39555],[-89.62596,-1.3949],[-89.6284,-1.39953],[-89.62623,-1.40726],[-89.63801,-1.41163],[-89.64005,-1.40686],[-89.64645,-1.40891],[-89.66257,-1.40477],[-89.67102,-1.4058],[-89.67895,-1.40192],[-89.68586,-1.40359],[-89.68892,-1.3956],[-89.70402,-1.3961],[-89.70657,-1.39198],[-89.71169,-1.39236],[-89.72217,-1.38397],[-89.73317,-1.381],[-89.73905,-1.37404],[-89.74443,-1.37571],[-89.74507,-1.37261],[-89.73802,-1.36979],[-89.73264,-1.35988],[-89.71446,-1.35514],[-89.7119,-1.3514],[-89.70371,-1.35206],[-89.69987,-1.35],[-89.69987,-1.34511]]],[[[-89.63972,-1.34234],[-89.63896,-1.34466],[-89.64587,-1.34787],[-89.64817,-1.34233],[-89.64407,-1.33976],[-89.63972,-1.34234]]],[[[-89.97359,0.31117],[-89.97755,0.31684],[-89.97153,0.33795],[-89.95437,0.34636],[-89.94423,0.34164],[-89.9355,0.32504],[-89.94458,0.30024],[-89.9521,0.29954],[-89.95524,0.30338],[-89.94546,0.30757],[-89.9493,0.31806],[-89.95856,0.31631],[-89.96258,0.30845],[-89.96712,0.30705],[-89.97359,0.31117]]],[[[-90.08415,-0.81297],[-90.08261,-0.81065],[-90.08721,-0.79919],[-90.04449,-0.8],[-90.03069,-0.81301],[-90.03211,-0.82357],[-90.02763,-0.82666],[-90.03058,-0.83799],[-90.05552,-0.83912],[-90.08774,-0.82893],[-90.09119,-0.82069],[-90.08415,-0.81297]]],[[[-90.16021,-0.58562],[-90.1666,-0.58395],[-90.16584,-0.58228],[-90.16021,-0.58562]]],[[[-90.28484,-0.48923],[-90.2654,-0.48987],[-90.2503,-0.48226],[-90.23583,-0.52372],[-90.22777,-0.53299],[-90.22112,-0.53891],[-90.20013,-0.54753],[-90.16942,-0.57185],[-90.17223,-0.58666],[-90.18399,-0.60817],[-90.1772,-0.63134],[-90.18905,-0.66142],[-90.18319,-0.66019],[-90.17858,-0.66637],[-90.17884,-0.67139],[-90.19597,-0.68132],[-90.19353,-0.69084],[-90.19865,-0.69806],[-90.20773,-0.7018],[-90.21272,-0.7009],[-90.21489,-0.69588],[-90.22155,-0.6955],[-90.225,-0.70091],[-90.22487,-0.70348],[-90.22141,-0.70296],[-90.22192,-0.70606],[-90.22819,-0.71018],[-90.22678,-0.71301],[-90.2333,-0.72113],[-90.23763,-0.74418],[-90.24914,-0.74831],[-90.29622,-0.74641],[-90.30761,-0.74216],[-90.31336,-0.74964],[-90.30863,-0.75144],[-90.31336,-0.75711],[-90.30517,-0.76264],[-90.31361,-0.7678],[-90.33024,-0.7615],[-90.34457,-0.76241],[-90.35429,-0.76525],[-90.35557,-0.77452],[-90.35838,-0.77529],[-90.36631,-0.77311],[-90.37463,-0.76461],[-90.39178,-0.76952],[-90.39651,-0.77364],[-90.39804,-0.77107],[-90.40623,-0.77146],[-90.41135,-0.76283],[-90.42466,-0.75447],[-90.43362,-0.75396],[-90.43874,-0.74817],[-90.44655,-0.74637],[-90.44923,-0.74895],[-90.45589,-0.73504],[-90.4628,-0.73247],[-90.4669,-0.72204],[-90.48379,-0.72385],[-90.4838,-0.71651],[-90.48968,-0.7169],[-90.50069,-0.70918],[-90.51579,-0.70931],[-90.5355,-0.69644],[-90.53678,-0.68575],[-90.54152,-0.68254],[-90.53525,-0.67558],[-90.54678,-0.65034],[-90.54359,-0.63694],[-90.54884,-0.62458],[-90.54552,-0.62277],[-90.54271,-0.61066],[-90.53797,-0.6068],[-90.5367,-0.60242],[-90.54015,-0.59727],[-90.53171,-0.58606],[-90.53428,-0.56661],[-90.53019,-0.56094],[-90.51688,-0.55707],[-90.511,-0.5411],[-90.5142,-0.54007],[-90.51408,-0.5344],[-90.48926,-0.53027],[-90.48389,-0.52292],[-90.47596,-0.5215],[-90.47826,-0.51957],[-90.47468,-0.51558],[-90.4734,-0.5215],[-90.4693,-0.52202],[-90.45063,-0.51132],[-90.42709,-0.51273],[-90.41583,-0.50821],[-90.41481,-0.50474],[-90.39127,-0.50859],[-90.39101,-0.5131],[-90.38794,-0.51348],[-90.37233,-0.50961],[-90.37054,-0.51476],[-90.36261,-0.51605],[-90.35813,-0.51012],[-90.36198,-0.49956],[-90.35494,-0.49428],[-90.34906,-0.49647],[-90.33635,-0.49225],[-90.33639,-0.49595],[-90.32731,-0.49697],[-90.32731,-0.50187],[-90.32526,-0.49569],[-90.31477,-0.49774],[-90.30326,-0.49194],[-90.29686,-0.49735],[-90.28765,-0.49464],[-90.28484,-0.48923]]],[[[-90.28128,-0.44132],[-90.28205,-0.4354],[-90.28972,-0.43682],[-90.28972,-0.43154],[-90.28448,-0.42922],[-90.28525,-0.42252],[-90.28794,-0.41789],[-90.29305,-0.41699],[-90.27515,-0.4117],[-90.26734,-0.4323],[-90.25787,-0.44518],[-90.25914,-0.44775],[-90.25172,-0.45419],[-90.2475,-0.46346],[-90.27026,-0.48188],[-90.29392,-0.48434],[-90.29713,-0.47533],[-90.29419,-0.46811],[-90.29815,-0.46271],[-90.29355,-0.45215],[-90.2823,-0.44544],[-90.28128,-0.44132]]],[[[-90.29178,-0.40192],[-90.29102,-0.39136],[-90.2859,-0.38917],[-90.27618,-0.39084],[-90.27669,-0.39728],[-90.29178,-0.40192]]],[[[-90.29467,-1.3297],[-90.28981,-1.33176],[-90.29724,-1.33922],[-90.29992,-1.33638],[-90.29467,-1.3297]]],[[[-90.33899,-1.31321],[-90.34002,-1.30703],[-90.33439,-1.30522],[-90.33899,-1.31321]]],[[[-90.48849,-1.28014],[-90.48775,-1.25206],[-90.48212,-1.24845],[-90.47906,-1.23376],[-90.46857,-1.2304],[-90.46293,-1.23903],[-90.45577,-1.24018],[-90.44272,-1.22986],[-90.43965,-1.23115],[-90.4394,-1.22715],[-90.42737,-1.22573],[-90.42584,-1.2207],[-90.42098,-1.22186],[-90.41995,-1.22546],[-90.42379,-1.22778],[-90.41764,-1.23563],[-90.41252,-1.23498],[-90.39383,-1.24643],[-90.38,-1.24886],[-90.37142,-1.25632],[-90.37129,-1.26044],[-90.35849,-1.26404],[-90.35272,-1.27768],[-90.35656,-1.2782],[-90.36447,-1.30036],[-90.38071,-1.31287],[-90.38019,-1.32021],[-90.38606,-1.33078],[-90.3991,-1.34419],[-90.40857,-1.34535],[-90.43338,-1.36045],[-90.45462,-1.35996],[-90.46645,-1.35303],[-90.46717,-1.34954],[-90.49226,-1.34274],[-90.49815,-1.33811],[-90.49803,-1.33192],[-90.50636,-1.32768],[-90.51072,-1.31571],[-90.50522,-1.31107],[-90.49947,-1.29844],[-90.495,-1.29663],[-90.4959,-1.28762],[-90.48849,-1.28014]]],[[[-90.36287,-1.23429],[-90.36416,-1.23107],[-90.36083,-1.23133],[-90.36287,-1.23429]]],[[[-90.3716,-0.42654],[-90.37454,-0.42307],[-90.37262,-0.41959],[-90.3693,-0.42152],[-90.3716,-0.42654]]],[[[-90.38718,-1.23985],[-90.38718,-1.23599],[-90.38462,-1.23624],[-90.38385,-1.23959],[-90.38718,-1.23985]]],[[[-90.41154,0.33473],[-90.40096,0.32188],[-90.41593,0.29664],[-90.44481,0.28464],[-90.48192,0.27692],[-90.50298,0.2877],[-90.50814,0.29998],[-90.52336,0.30282],[-90.52387,0.30642],[-90.53743,0.31132],[-90.54263,0.34387],[-90.53845,0.35743],[-90.52821,0.3698],[-90.5236,0.36928],[-90.49519,0.38537],[-90.47805,0.38652],[-90.46091,0.38497],[-90.44556,0.36629],[-90.43763,0.36384],[-90.4193,0.34653],[-90.41154,0.33473]]],[[[-90.53684,-0.56313],[-90.5394,-0.55914],[-90.53505,-0.55914],[-90.53684,-0.56313]]],[[[-90.55817,-0.2911],[-90.55919,-0.28775],[-90.54998,-0.28054],[-90.54051,-0.28324],[-90.54895,-0.2893],[-90.55407,-0.28724],[-90.55817,-0.2911]]],[[[-90.83112,-0.1975],[-90.83432,-0.19441],[-90.83713,-0.17663],[-90.82715,-0.17173],[-90.81282,-0.15447],[-90.78979,-0.14725],[-90.78006,-0.14699],[-90.76675,-0.1524],[-90.74884,-0.15137],[-90.74167,-0.16219],[-90.73502,-0.16644],[-90.70405,-0.17236],[-90.69919,-0.18821],[-90.68281,-0.1882],[-90.67104,-0.19761],[-90.66413,-0.19438],[-90.65261,-0.1976],[-90.648,-0.19593],[-90.64544,-0.20366],[-90.63521,-0.20572],[-90.63239,-0.2101],[-90.62344,-0.20829],[-90.61678,-0.21589],[-90.60399,-0.21911],[-90.60526,-0.22426],[-90.60015,-0.224],[-90.59784,-0.22838],[-90.58837,-0.23199],[-90.58863,-0.23585],[-90.58287,-0.2392],[-90.58044,-0.2544],[-90.57596,-0.258],[-90.57276,-0.26882],[-90.57378,-0.28235],[-90.56738,-0.28402],[-90.56572,-0.2902],[-90.551,-0.29973],[-90.54639,-0.31854],[-90.56302,-0.32459],[-90.56878,-0.33116],[-90.56686,-0.33606],[-90.57082,-0.33761],[-90.57351,-0.34894],[-90.57632,-0.34868],[-90.57939,-0.36466],[-90.59858,-0.37535],[-90.60523,-0.37548],[-90.62212,-0.36815],[-90.63133,-0.37034],[-90.63799,-0.3648],[-90.65398,-0.36365],[-90.65719,-0.35592],[-90.66179,-0.35785],[-90.66793,-0.35438],[-90.67049,-0.34703],[-90.67356,-0.35257],[-90.68905,-0.35361],[-90.69045,-0.3567],[-90.70376,-0.35374],[-90.71118,-0.35851],[-90.72014,-0.35851],[-90.72424,-0.35529],[-90.73217,-0.3607],[-90.73985,-0.36019],[-90.76595,-0.34448],[-90.77069,-0.33533],[-90.78464,-0.33766],[-90.78925,-0.32735],[-90.79539,-0.32787],[-90.80179,-0.33547],[-90.81484,-0.33199],[-90.81766,-0.32852],[-90.82687,-0.32891],[-90.83058,-0.332],[-90.83314,-0.32891],[-90.83212,-0.29953],[-90.83814,-0.29258],[-90.84479,-0.29129],[-90.84339,-0.28201],[-90.84787,-0.27544],[-90.85478,-0.27171],[-90.85811,-0.27506],[-90.87014,-0.26991],[-90.87103,-0.26656],[-90.86694,-0.25857],[-90.86784,-0.24517],[-90.86374,-0.24182],[-90.85709,-0.24337],[-90.84967,-0.23641],[-90.84493,-0.22198],[-90.83124,-0.20909],[-90.82881,-0.20265],[-90.83112,-0.1975]]],[[[-90.56557,-0.3537],[-90.56788,-0.34945],[-90.5634,-0.35126],[-90.56557,-0.3537]]],[[[-90.58271,-0.37264],[-90.58553,-0.37226],[-90.5845,-0.36827],[-90.58143,-0.36826],[-90.58271,-0.37264]]],[[[-90.65683,-0.63519],[-90.68422,-0.62258],[-90.6873,-0.59965],[-90.67681,-0.5896],[-90.66862,-0.58831],[-90.65762,-0.59268],[-90.65454,-0.60041],[-90.64443,-0.60736],[-90.64327,-0.62063],[-90.64941,-0.63158],[-90.65504,-0.63094],[-90.65683,-0.63519]]],[[[-90.70502,-0.42807],[-90.71065,-0.42485],[-90.71424,-0.42653],[-90.72012,-0.4179],[-90.72013,-0.4121],[-90.71207,-0.40669],[-90.71245,-0.40205],[-90.70912,-0.3996],[-90.69761,-0.41029],[-90.69773,-0.4175],[-90.70528,-0.42279],[-90.70502,-0.42807]]],[[[-90.74079,0.60869],[-90.73132,0.59993],[-90.71905,0.56488],[-90.72239,0.54015],[-90.72597,0.53951],[-90.7316,0.54466],[-90.73825,0.54415],[-90.74056,0.54028],[-90.7618,0.54532],[-90.7705,0.55137],[-90.77971,0.55189],[-90.78265,0.55769],[-90.78418,0.58835],[-90.78853,0.59325],[-90.79031,0.60485],[-90.78634,0.61232],[-90.788,0.62675],[-90.7807,0.64156],[-90.76253,0.63859],[-90.75601,0.62467],[-90.74872,0.62029],[-90.74079,0.60869]]],[[[-90.77956,-0.86919],[-90.78212,-0.86275],[-90.77393,-0.86043],[-90.77188,-0.86687],[-90.77777,-0.86443],[-90.77956,-0.86919]]],[[[-91.32099,0.13642],[-91.31172,0.13261],[-91.30314,0.11431],[-91.30398,0.10368],[-91.29764,0.09291],[-91.29892,0.08776],[-91.2942,0.0839],[-91.29406,0.07487],[-91.28676,0.06585],[-91.28919,0.06095],[-91.27947,0.0558],[-91.27383,0.04291],[-91.26308,0.03544],[-91.25668,0.02461],[-91.24683,0.02178],[-91.24043,0.01482],[-91.23825,0.00606],[-91.22647,0.00322],[-91.21828,-0.004],[-91.21137,-0.021],[-91.20753,-0.02126],[-91.20676,-0.01843],[-91.1987,-0.02332],[-91.18526,-0.09317],[-91.18871,-0.14162],[-91.19396,-0.15115],[-91.18986,-0.15785],[-91.18435,-0.20218],[-91.17398,-0.22383],[-91.15964,-0.23491],[-91.1494,-0.25088],[-91.13558,-0.26351],[-91.12175,-0.26892],[-91.11561,-0.27536],[-91.11113,-0.2849],[-91.11177,-0.29495],[-91.10101,-0.29933],[-91.09999,-0.30512],[-91.11023,-0.30757],[-91.08104,-0.32303],[-91.05339,-0.34313],[-91.04264,-0.34544],[-91.01832,-0.36554],[-90.99937,-0.38254],[-90.99579,-0.39233],[-90.98862,-0.39671],[-90.98734,-0.40444],[-90.96967,-0.41887],[-90.96395,-0.4296],[-90.95406,-0.4235],[-90.94817,-0.42711],[-90.9497,-0.43381],[-90.95469,-0.43536],[-90.952,-0.44489],[-90.95482,-0.4485],[-90.95482,-0.45468],[-90.94688,-0.45906],[-90.9424,-0.47504],[-90.94674,-0.49488],[-90.94507,-0.50789],[-90.95275,-0.51433],[-90.94865,-0.51781],[-90.94903,-0.54178],[-90.95581,-0.56162],[-90.96681,-0.56317],[-90.97056,-0.57081],[-90.975,-0.57219],[-90.96681,-0.57554],[-90.961,-0.574],[-90.95247,-0.58146],[-90.96027,-0.60337],[-90.95528,-0.60568],[-90.95694,-0.61084],[-90.9522,-0.61883],[-90.94222,-0.61624],[-90.94107,-0.62062],[-90.93275,-0.62681],[-90.92097,-0.62474],[-90.91253,-0.62061],[-90.90383,-0.61082],[-90.90229,-0.61327],[-90.8941,-0.60798],[-90.89256,-0.6237],[-90.8813,-0.62833],[-90.88295,-0.64122],[-90.87105,-0.65126],[-90.86465,-0.64791],[-90.86529,-0.65229],[-90.85594,-0.66066],[-90.86029,-0.67213],[-90.85056,-0.67702],[-90.84928,-0.685],[-90.84057,-0.68552],[-90.84774,-0.6917],[-90.85477,-0.70459],[-90.84031,-0.70716],[-90.83826,-0.70342],[-90.82623,-0.70689],[-90.82572,-0.71205],[-90.82188,-0.71436],[-90.83083,-0.71926],[-90.82827,-0.72699],[-90.82289,-0.72364],[-90.82033,-0.72699],[-90.80626,-0.72544],[-90.80497,-0.73355],[-90.80984,-0.73587],[-90.80753,-0.73858],[-90.80088,-0.73548],[-90.79729,-0.74476],[-90.78936,-0.74153],[-90.78103,-0.75763],[-90.78103,-0.7651],[-90.78653,-0.77103],[-90.79241,-0.77026],[-90.7965,-0.78237],[-90.82442,-0.79035],[-90.8295,-0.83032],[-90.83999,-0.83586],[-90.83869,-0.85918],[-90.84624,-0.86485],[-90.84483,-0.8798],[-90.85071,-0.88135],[-90.85161,-0.88547],[-90.84648,-0.90196],[-90.84941,-0.91536],[-90.86119,-0.91858],[-90.87936,-0.91486],[-90.88474,-0.91654],[-90.88908,-0.93033],[-90.90673,-0.95482],[-90.92759,-0.96024],[-90.92976,-0.96411],[-90.93463,-0.96192],[-90.94179,-0.96553],[-90.95434,-0.9609],[-90.96227,-0.96271],[-90.96381,-0.95897],[-90.97405,-0.9573],[-90.9848,-0.95705],[-90.98915,-0.96247],[-90.99466,-0.96054],[-90.99734,-0.97136],[-91.0054,-0.97446],[-91.00553,-0.97884],[-91.01333,-0.98194],[-91.0173,-0.98915],[-91.03522,-0.99058],[-91.04046,-0.99406],[-91.03957,-0.99716],[-91.06094,-1.00155],[-91.06209,-1.01237],[-91.07105,-1.00594],[-91.08155,-1.00633],[-91.09486,-1.01059],[-91.09793,-1.00905],[-91.09955,-1.01429],[-91.11201,-1.01421],[-91.11636,-1.01975],[-91.12327,-1.0186],[-91.1266,-1.02427],[-91.13761,-1.0217],[-91.14118,-1.03252],[-91.15841,-1.0381],[-91.16217,-1.03571],[-91.16447,-1.04948],[-91.17727,-1.05097],[-91.18342,-1.04479],[-91.21159,-1.04725],[-91.22516,-1.0327],[-91.23976,-1.03258],[-91.25,-1.02678],[-91.25563,-1.02821],[-91.30711,-1.01715],[-91.33911,-1.01833],[-91.34987,-1.0155],[-91.37982,-1.02273],[-91.40236,-1.01759],[-91.40723,-1.01192],[-91.41926,-1.01167],[-91.42541,-1.00536],[-91.44078,-1.00059],[-91.44501,-0.99377],[-91.44744,-0.97959],[-91.4445,-0.97546],[-91.44719,-0.97224],[-91.44822,-0.95678],[-91.45463,-0.94957],[-91.46897,-0.94802],[-91.48459,-0.94159],[-91.50291,-0.92446],[-91.51188,-0.90796],[-91.50971,-0.88167],[-91.48975,-0.84996],[-91.45468,-0.82185],[-91.43369,-0.79632],[-91.43344,-0.78782],[-91.41706,-0.78317],[-91.409,-0.7708],[-91.38455,-0.76344],[-91.37789,-0.75519],[-91.37047,-0.75403],[-91.36791,-0.74217],[-91.35818,-0.73869],[-91.34948,-0.7267],[-91.34193,-0.72515],[-91.34231,-0.72103],[-91.33796,-0.71819],[-91.33028,-0.71793],[-91.32734,-0.70891],[-91.32978,-0.70066],[-91.32031,-0.69164],[-91.30392,-0.69576],[-91.29137,-0.69176],[-91.27243,-0.69407],[-91.26577,-0.68827],[-91.2563,-0.6911],[-91.25041,-0.68903],[-91.24888,-0.67976],[-91.24402,-0.67576],[-91.2156,-0.66879],[-91.20382,-0.67922],[-91.18923,-0.68051],[-91.18462,-0.69056],[-91.17617,-0.68707],[-91.17054,-0.68862],[-91.16542,-0.67998],[-91.15211,-0.67663],[-91.14136,-0.66709],[-91.14571,-0.66503],[-91.14341,-0.65549],[-91.12498,-0.65407],[-91.11743,-0.6462],[-91.11756,-0.64028],[-91.11014,-0.63667],[-91.09964,-0.64272],[-91.0871,-0.63846],[-91.08992,-0.6297],[-91.08301,-0.62532],[-91.07891,-0.61758],[-91.07277,-0.6181],[-91.07354,-0.61114],[-91.07956,-0.60367],[-91.07252,-0.59697],[-91.08327,-0.59478],[-91.082,-0.58872],[-91.08737,-0.58628],[-91.09595,-0.58692],[-91.10274,-0.57056],[-91.1245,-0.56168],[-91.14422,-0.54648],[-91.17495,-0.51247],[-91.20106,-0.49805],[-91.22117,-0.47666],[-91.22693,-0.45488],[-91.22656,-0.41068],[-91.22336,-0.40037],[-91.22579,-0.39522],[-91.23514,-0.39638],[-91.24538,-0.38543],[-91.26138,-0.38286],[-91.28455,-0.354],[-91.28788,-0.35528],[-91.29505,-0.34936],[-91.32091,-0.34343],[-91.32449,-0.33828],[-91.33192,-0.33622],[-91.33807,-0.32462],[-91.34626,-0.32037],[-91.35842,-0.30195],[-91.35727,-0.29447],[-91.36303,-0.29061],[-91.36611,-0.27411],[-91.37123,-0.27024],[-91.36944,-0.26071],[-91.38109,-0.26896],[-91.38813,-0.26097],[-91.38711,-0.24499],[-91.39261,-0.23416],[-91.39264,-0.20855],[-91.38263,-0.2089],[-91.38135,-0.20633],[-91.38545,-0.19215],[-91.40363,-0.16689],[-91.40657,-0.1357],[-91.40273,-0.12127],[-91.40645,-0.10684],[-91.40581,-0.05915],[-91.41016,-0.0442],[-91.4172,-0.03789],[-91.41835,-0.03261],[-91.4364,-0.01882],[-91.45484,-0.01521],[-91.47302,-0.01572],[-91.51245,-0.03738],[-91.52397,-0.04098],[-91.53242,-0.0397],[-91.54471,-0.04575],[-91.5488,-0.05168],[-91.55751,-0.04898],[-91.56135,-0.05465],[-91.56775,-0.04885],[-91.57876,-0.02333],[-91.58362,-0.0223],[-91.59323,-0.01276],[-91.58721,0.00528],[-91.57492,0.00786],[-91.57082,0.01418],[-91.55392,0.01766],[-91.54855,0.02359],[-91.53523,0.02707],[-91.52141,0.0357],[-91.5168,0.04601],[-91.5086,0.05142],[-91.5072,0.06045],[-91.49836,0.06483],[-91.49708,0.07514],[-91.49081,0.079],[-91.49299,0.08751],[-91.49042,0.09782],[-91.47327,0.10736],[-91.46559,0.10568],[-91.45356,0.11058],[-91.44203,0.10671],[-91.41694,0.11882],[-91.40184,0.12153],[-91.39953,0.12578],[-91.3916,0.12372],[-91.3875,0.12617],[-91.3852,0.13441],[-91.37879,0.13493],[-91.37879,0.13931],[-91.37086,0.14524],[-91.36266,0.16122],[-91.35754,0.16328],[-91.35601,0.15864],[-91.34993,0.15744],[-91.34756,0.16251],[-91.33501,0.15993],[-91.33713,0.15628],[-91.33002,0.14678],[-91.33092,0.14395],[-91.32631,0.13725],[-91.32099,0.13642]]],[[[-90.80261,-0.85156],[-90.80184,-0.84705],[-90.79608,-0.84833],[-90.80261,-0.85156]]],[[[-90.80977,-0.85092],[-90.81234,-0.84654],[-90.80824,-0.84937],[-90.80977,-0.85092]]],[[[-90.84763,-0.1756],[-90.8466,-0.17276],[-90.84353,-0.17302],[-90.84763,-0.1756]]],[[[-90.86214,-1.02346],[-90.86509,-1.01508],[-90.87367,-1.0111],[-90.88506,-1.01896],[-90.88058,-1.0102],[-90.86804,-1.00903],[-90.86164,-1.01689],[-90.86214,-1.02346]]],[[[-90.9615,-0.97701],[-90.96163,-0.97237],[-90.9596,-0.9726],[-90.9615,-0.97701]]],[[[-91.62893,-0.30082],[-91.61868,-0.2976],[-91.55928,-0.29746],[-91.53317,-0.28522],[-91.50833,-0.28289],[-91.48759,-0.26588],[-91.45841,-0.26188],[-91.44458,-0.26458],[-91.43767,-0.27386],[-91.42717,-0.27747],[-91.42,-0.2861],[-91.41309,-0.28752],[-91.4063,-0.29937],[-91.40745,-0.30195],[-91.4031,-0.30479],[-91.3935,-0.32309],[-91.3949,-0.33004],[-91.38799,-0.33314],[-91.38479,-0.33855],[-91.38773,-0.34577],[-91.38069,-0.34989],[-91.38145,-0.37721],[-91.37671,-0.39139],[-91.38554,-0.4102],[-91.38452,-0.41948],[-91.39424,-0.43211],[-91.39411,-0.43495],[-91.39002,-0.43598],[-91.38745,-0.45247],[-91.39385,-0.46343],[-91.3982,-0.4651],[-91.40179,-0.47464],[-91.4302,-0.4954],[-91.44403,-0.49411],[-91.5065,-0.50676],[-91.5193,-0.50302],[-91.52109,-0.49954],[-91.52647,-0.50032],[-91.55285,-0.49104],[-91.60099,-0.48629],[-91.6111,-0.47907],[-91.61085,-0.46902],[-91.62557,-0.45201],[-91.63108,-0.4319],[-91.64747,-0.4069],[-91.65157,-0.39247],[-91.65299,-0.34039],[-91.66106,-0.32261],[-91.66093,-0.31281],[-91.65581,-0.30547],[-91.64455,-0.30108],[-91.62893,-0.30082]]],[[[-91.81988,1.38628],[-91.82039,1.39015],[-91.82551,1.38976],[-91.81718,1.39298],[-91.81796,1.38886],[-91.8113,1.38061],[-91.81937,1.37404],[-91.82347,1.37662],[-91.81783,1.37855],[-91.81988,1.38628]]],[[[-92.0075,1.67434],[-92.0075,1.68117],[-91.99879,1.68001],[-91.99841,1.67537],[-92.0075,1.67434]]]]}}]}